date,segment,y_true,label_end,score,invest
2011-09-08,train,0,2011-10-06,0.9699019945,1
2011-09-09,train,1,2011-10-07,0.6348243857,1
2011-09-12,train,1,2011-10-10,1.054543866,1
2011-09-13,train,1,2011-10-11,0.893313975,1
2011-09-14,train,1,2011-10-12,0.2901232938,0
2011-09-15,train,0,2011-10-13,1.171568298,1
2011-09-16,train,1,2011-10-14,0.9570856479,1
2011-09-19,train,0,2011-10-17,0.9820102512,1
2011-09-20,train,1,2011-10-18,0.3240595786,0
2011-09-21,train,1,2011-10-19,0.6463318838,1
2011-09-22,train,1,2011-10-20,0.5667439702,1
2011-09-23,train,1,2011-10-21,1.122710935,1
2011-09-26,train,1,2011-10-24,0.839811066,1
2011-09-27,train,1,2011-10-25,1.018707559,1
2011-09-28,train,1,2011-10-26,0.6393601448,1
2011-09-29,train,1,2011-10-27,0.4231846677,0
2011-09-30,train,1,2011-10-28,0.750530733,1
2011-10-03,train,1,2011-10-31,0.2597632021,0
2011-10-04,train,1,2011-11-01,1.023577118,1
2011-10-05,train,1,2011-11-02,0.8276103451,1
2011-10-06,train,1,2011-11-03,0.954033686,1
2011-10-07,train,1,2011-11-04,0.5504719141,1
2011-10-10,train,1,2011-11-07,1.16664397,1
2011-10-11,train,1,2011-11-08,1.089067067,1
2011-10-12,train,1,2011-11-09,0.974329443,1
2011-10-13,train,1,2011-11-10,0.3905846538,0
2011-10-14,train,1,2011-11-11,0.6626669497,1
2011-10-17,train,1,2011-11-14,0.2397497117,0
2011-10-18,train,1,2011-11-15,0.350235438,0
2011-10-19,train,1,2011-11-16,0.8789948992,1
2011-10-20,train,1,2011-11-17,0.9407081019,1
2011-10-21,train,0,2011-11-18,1.163455678,1
2011-10-24,train,0,2011-11-21,0.5217713041,1
2011-10-25,train,0,2011-11-22,0.566405652,1
2011-10-26,train,0,2011-11-23,0.6655017572,1
2011-10-27,train,0,2011-11-25,0.385417305,0
2011-10-28,train,0,2011-11-28,0.3258674513,0
2011-10-31,train,0,2011-11-29,0.6716508722,1
2011-11-01,train,1,2011-11-30,0.422855295,0
2011-11-02,train,1,2011-12-01,0.8657599406,1
2011-11-03,train,0,2011-12-02,0.6330978648,1
2011-11-04,train,1,2011-12-05,1.028624142,1
2011-11-07,train,1,2011-12-06,0.8962110479,1
2011-11-08,train,0,2011-12-07,0.5083125873,1
2011-11-09,train,1,2011-12-08,1.028205747,1
2011-11-10,train,1,2011-12-09,1.000710303,1
2011-11-11,train,0,2011-12-12,0.583424325,1
2011-11-14,train,0,2011-12-13,0.4842740499,0
2011-11-15,train,0,2011-12-14,0.8784414499,1
2011-11-16,train,0,2011-12-15,0.3356984296,0
2011-11-17,train,1,2011-12-16,0.3958541484,0
2011-11-18,train,0,2011-12-19,0.2033082157,0
2011-11-21,train,1,2011-12-20,0.9828703234,1
2011-11-22,train,1,2011-12-21,0.8607968025,1
2011-11-23,train,1,2011-12-22,0.9011113246,1
2011-11-25,train,1,2011-12-23,0.976674977,1
2011-11-28,train,1,2011-12-27,0.6548617215,1
2011-11-29,train,1,2011-12-28,0.7646871419,1
2011-11-30,train,1,2011-12-29,0.3357429441,0
2011-12-01,train,1,2011-12-30,0.3104760195,0
2011-12-02,train,1,2012-01-03,0.8643489077,1
2011-12-05,train,1,2012-01-04,0.6670421521,1
2011-12-06,train,1,2012-01-05,0.7611820524,1
2011-12-07,train,1,2012-01-06,0.9609448034,1
2011-12-08,train,1,2012-01-09,0.8306642659,1
2011-12-09,train,1,2012-01-10,0.7495253466,1
2011-12-12,train,1,2012-01-11,0.7551531067,1
2011-12-13,train,1,2012-01-12,0.499896044,0
2011-12-14,train,1,2012-01-13,0.2267637805,0
2011-12-15,train,1,2012-01-17,0.6326633352,1
2011-12-16,train,1,2012-01-18,0.4105306188,0
2011-12-19,train,1,2012-01-19,0.6044745897,1
2011-12-20,train,1,2012-01-20,1.049349019,1
2011-12-21,train,1,2012-01-23,0.4298854318,0
2011-12-22,train,1,2012-01-24,0.2542486876,0
2011-12-23,train,1,2012-01-25,0.477329838,0
2011-12-27,train,1,2012-01-26,0.4895397037,0
2011-12-28,train,1,2012-01-27,0.8578624607,1
2011-12-29,train,1,2012-01-30,0.7529780983,1
2011-12-30,train,1,2012-01-31,0.9798441551,1
2012-01-03,train,1,2012-02-01,0.8602594863,1
2012-01-04,train,1,2012-02-02,0.6023328074,1
2012-01-05,train,1,2012-02-03,1.009966331,1
2012-01-06,train,1,2012-02-06,0.3629188659,0
2012-01-09,train,1,2012-02-07,0.2186580191,0
2012-01-10,train,1,2012-02-08,0.2859938067,0
2012-01-11,train,1,2012-02-09,0.9183052965,1
2012-01-12,train,1,2012-02-10,0.6578231762,1
2012-01-13,train,1,2012-02-13,0.357217725,0
2012-01-17,train,1,2012-02-14,0.696990721,1
2012-01-18,train,1,2012-02-15,0.3482580487,0
2012-01-19,train,1,2012-02-16,0.892266321,1
2012-01-20,train,1,2012-02-17,0.6421022215,1
2012-01-23,train,1,2012-02-21,0.576967172,1
2012-01-24,train,1,2012-02-22,0.4974580351,0
2012-01-25,train,1,2012-02-23,0.8262285391,1
2012-01-26,train,1,2012-02-24,0.5577585565,1
2012-01-27,train,1,2012-02-27,0.2835958653,0
2012-01-30,train,1,2012-02-28,0.3139518481,0
2012-01-31,train,1,2012-02-29,1.15784361,1
2012-02-01,train,1,2012-03-01,1.104526637,1
2012-02-02,train,1,2012-03-02,0.8956530798,1
2012-02-03,train,1,2012-03-05,0.4618159074,0
2012-02-06,train,1,2012-03-06,1.165122323,1
2012-02-07,train,1,2012-03-07,0.9746968499,1
2012-02-08,train,1,2012-03-08,0.9128361351,1
2012-02-09,train,1,2012-03-09,0.6453074481,1
2012-02-10,train,1,2012-03-12,0.4681875078,0
2012-02-13,train,1,2012-03-13,0.2923369081,0
2012-02-14,train,1,2012-03-14,1.098548342,1
2012-02-15,train,1,2012-03-15,0.6517222358,1
2012-02-16,train,1,2012-03-16,0.3983093107,0
2012-02-17,train,1,2012-03-19,0.5019025701,1
2012-02-21,train,1,2012-03-20,0.7751655149,1
2012-02-22,train,1,2012-03-21,0.3727187289,0
2012-02-23,train,1,2012-03-22,1.05256023,1
2012-02-24,train,1,2012-03-23,0.9544654758,1
2012-02-27,train,1,2012-03-26,0.9154089019,1
2012-02-28,train,1,2012-03-27,0.6280389857,1
2012-02-29,train,1,2012-03-28,0.8232547866,1
2012-03-01,train,1,2012-03-29,0.7800439149,1
2012-03-02,train,1,2012-03-30,0.8457925475,1
2012-03-05,train,1,2012-04-02,0.2803902671,0
2012-03-06,train,1,2012-04-03,0.6117533481,1
2012-03-07,train,1,2012-04-04,0.2375601198,0
2012-03-08,train,1,2012-04-05,0.6899367652,1
2012-03-09,train,1,2012-04-09,0.5258071583,1
2012-03-12,train,0,2012-04-10,0.3404701348,0
2012-03-13,train,0,2012-04-11,0.2993489137,0
2012-03-14,train,0,2012-04-12,0.7835905181,1
2012-03-15,train,0,2012-04-13,0.3665389145,0
2012-03-16,train,0,2012-04-16,1.121066064,1
2012-03-19,train,0,2012-04-17,0.7770070856,1
2012-03-20,train,0,2012-04-18,0.5428157505,1
2012-03-21,train,0,2012-04-19,0.7868614374,1
2012-03-22,train,0,2012-04-20,0.218749817,0
2012-03-23,train,0,2012-04-23,1.154505159,1
2012-03-26,train,0,2012-04-24,0.6782493829,1
2012-03-27,train,0,2012-04-25,0.9786811732,1
2012-03-28,train,0,2012-04-26,0.2786759459,0
2012-03-29,train,1,2012-04-27,0.6826042768,1
2012-03-30,train,0,2012-04-30,0.6866529403,1
2012-04-02,train,0,2012-05-01,1.133772401,1
2012-04-03,train,0,2012-05-02,0.7676739983,1
2012-04-04,train,0,2012-05-03,0.669435347,1
2012-04-05,train,0,2012-05-04,0.462921609,0
2012-04-09,train,0,2012-05-07,0.5275149433,1
2012-04-10,train,1,2012-05-08,0.7166183484,1
2012-04-11,train,0,2012-05-09,0.6348574063,1
2012-04-12,train,0,2012-05-10,0.2175580258,0
2012-04-13,train,0,2012-05-11,1.02223787,1
2012-04-16,train,0,2012-05-14,1.092106718,1
2012-04-17,train,0,2012-05-15,0.3361950349,0
2012-04-18,train,0,2012-05-16,0.7499820895,1
2012-04-19,train,0,2012-05-17,0.3045216871,0
2012-04-20,train,0,2012-05-18,0.868186039,1
2012-04-23,train,0,2012-05-21,0.4771797298,0
2012-04-24,train,0,2012-05-22,0.8553685806,1
2012-04-25,train,0,2012-05-23,0.9229405602,1
2012-04-26,train,0,2012-05-24,0.9645934379,1
2012-04-27,train,0,2012-05-25,0.3036868919,0
2012-04-30,train,0,2012-05-29,1.111957791,1
2012-05-01,train,0,2012-05-30,0.4261599368,0
2012-05-02,train,0,2012-05-31,0.2333585021,0
2012-05-03,train,0,2012-06-01,0.7507984153,1
2012-05-04,train,0,2012-06-04,0.5668682298,1
2012-05-07,train,0,2012-06-05,1.025735689,1
2012-05-08,train,0,2012-06-06,1.004197418,1
2012-05-09,train,0,2012-06-07,0.5130848388,1
2012-05-10,train,0,2012-06-08,1.148845341,1
2012-05-11,train,0,2012-06-11,0.4868637841,0
2012-05-14,train,0,2012-06-12,0.7110030752,1
2012-05-15,train,0,2012-06-13,0.4519110365,0
2012-05-16,train,1,2012-06-14,1.131989516,1
2012-05-17,train,1,2012-06-15,0.3605537635,0
2012-05-18,train,1,2012-06-18,0.2408565653,0
2012-05-21,train,1,2012-06-19,0.6310430059,1
2012-05-22,train,1,2012-06-20,1.18832151,1
2012-05-23,train,1,2012-06-21,1.087623212,1
2012-05-24,train,1,2012-06-22,0.9445539654,1
2012-05-25,train,0,2012-06-25,1.086738437,1
2012-05-29,train,0,2012-06-26,1.089392586,1
2012-05-30,train,1,2012-06-27,0.7148043063,1
2012-05-31,train,1,2012-06-28,0.5118749978,1
2012-06-01,train,1,2012-06-29,0.9679583781,1
2012-06-04,train,1,2012-07-02,0.8576072091,1
2012-06-05,train,1,2012-07-03,0.5696036748,1
2012-06-06,train,1,2012-07-05,0.290412614,0
2012-06-07,train,1,2012-07-06,0.9427355573,1
2012-06-08,train,1,2012-07-09,0.4584064619,0
2012-06-11,train,1,2012-07-10,1.132759096,1
2012-06-12,train,1,2012-07-11,0.436916521,0
2012-06-13,train,1,2012-07-12,0.3187038784,0
2012-06-14,train,1,2012-07-13,1.027058618,1
2012-06-15,train,1,2012-07-16,0.3492302626,0
2012-06-18,train,1,2012-07-17,0.3752142541,0
2012-06-19,train,1,2012-07-18,0.7953287375,1
2012-06-20,train,1,2012-07-19,1.070507987,1
2012-06-21,train,1,2012-07-20,0.3923806117,0
2012-06-22,train,1,2012-07-23,0.5062696188,1
2012-06-25,train,1,2012-07-24,0.9733507842,1
2012-06-26,train,1,2012-07-25,1.167772372,1
2012-06-27,train,1,2012-07-26,0.6966871321,1
2012-06-28,train,1,2012-07-27,0.3398434485,0
2012-06-29,train,1,2012-07-30,0.2098822337,0
2012-07-02,train,1,2012-07-31,0.4256019759,0
2012-07-03,train,1,2012-08-01,0.3277681637,0
2012-07-05,train,0,2012-08-02,0.8736046196,1
2012-07-06,train,1,2012-08-03,0.3177784506,0
2012-07-09,train,1,2012-08-06,0.7022758776,1
2012-07-10,train,1,2012-08-07,0.8902083816,1
2012-07-11,train,1,2012-08-08,0.7770625552,1
2012-07-12,train,1,2012-08-09,0.3957215976,0
2012-07-13,train,1,2012-08-10,1.000070472,1
2012-07-16,train,1,2012-08-13,0.9113530756,1
2012-07-17,train,1,2012-08-14,0.9349299499,1
2012-07-18,train,1,2012-08-15,0.3270036975,0
2012-07-19,train,1,2012-08-16,0.3196997496,0
2012-07-20,train,1,2012-08-17,1.123508497,1
2012-07-23,train,1,2012-08-20,0.5935241398,1
2012-07-24,train,1,2012-08-21,0.4968946377,0
2012-07-25,train,1,2012-08-22,0.6845299913,1
2012-07-26,train,1,2012-08-23,0.8588101587,1
2012-07-27,train,1,2012-08-24,1.151569203,1
2012-07-30,train,1,2012-08-27,0.4823921728,0
2012-07-31,train,1,2012-08-28,1.120754375,1
2012-08-01,train,1,2012-08-29,0.2208054373,0
2012-08-02,train,1,2012-08-30,0.7511439883,1
2012-08-03,train,1,2012-08-31,0.8299210576,1
2012-08-06,train,1,2012-09-04,0.3018433497,0
2012-08-07,train,1,2012-09-05,0.336285543,0
2012-08-08,train,1,2012-09-06,0.6150602653,1
2012-08-09,train,1,2012-09-07,1.162177858,1
2012-08-10,train,1,2012-09-10,0.7919884992,1
2012-08-13,train,1,2012-09-11,1.128969168,1
2012-08-14,train,1,2012-09-12,1.000306862,1
2012-08-15,train,1,2012-09-13,0.6633275475,1
2012-08-16,train,1,2012-09-14,0.9807093952,1
2012-08-17,train,1,2012-09-17,0.2137827299,0
2012-08-20,train,1,2012-09-18,0.3050899427,0
2012-08-21,train,1,2012-09-19,1.025374561,1
2012-08-22,train,1,2012-09-20,0.9927630343,1
2012-08-23,train,1,2012-09-21,0.4285866879,0
2012-08-24,train,1,2012-09-24,0.7267155365,1
2012-08-27,train,1,2012-09-25,0.8019617666,1
2012-08-28,train,1,2012-09-26,1.0636849,1
2012-08-29,train,1,2012-09-27,0.7990531033,1
2012-08-30,train,1,2012-09-28,0.6085175152,1
2012-08-31,train,1,2012-10-01,0.5701299894,1
2012-09-04,train,1,2012-10-02,0.6218280323,1
2012-09-05,train,1,2012-10-03,0.8478769715,1
2012-09-06,train,1,2012-10-04,1.063436578,1
2012-09-07,train,1,2012-10-05,0.649842828,1
2012-09-10,train,1,2012-10-08,0.4437855089,0
2012-09-11,train,1,2012-10-09,0.4326083089,0
2012-09-12,train,0,2012-10-10,0.9419602262,1
2012-09-13,train,0,2012-10-11,1.012514709,1
2012-09-14,train,0,2012-10-12,0.3012240258,0
2012-09-17,train,0,2012-10-15,0.2625048029,0
2012-09-18,train,0,2012-10-16,0.7903796097,1
2012-09-19,train,1,2012-10-17,0.3421191901,0
2012-09-20,train,0,2012-10-18,1.020610136,1
2012-09-21,train,0,2012-10-19,0.5062806199,1
2012-09-24,train,0,2012-10-22,0.3398178789,0
2012-09-25,train,0,2012-10-23,1.116916418,1
2012-09-26,train,0,2012-10-24,0.3614776687,0
2012-09-27,train,0,2012-10-25,0.4806660283,0
2012-09-28,train,0,2012-10-26,0.3495593411,0
2012-10-01,train,0,2012-10-31,0.3114360096,0
2012-10-02,train,0,2012-11-01,0.2170939623,0
2012-10-03,train,0,2012-11-02,0.2513413551,0
2012-10-04,train,0,2012-11-05,0.3705874169,0
2012-10-05,train,0,2012-11-06,0.2493278786,0
2012-10-08,train,0,2012-11-07,0.7870897621,1
2012-10-09,train,0,2012-11-08,0.8766604727,1
2012-10-10,train,0,2012-11-09,0.5895764028,1
2012-10-11,train,0,2012-11-12,0.5139370429,1
2012-10-12,train,0,2012-11-13,0.700472183,1
2012-10-15,train,0,2012-11-14,1.070950888,1
2012-10-16,train,0,2012-11-15,1.047077573,1
2012-10-17,train,0,2012-11-16,0.239421008,0
2012-10-18,train,0,2012-11-19,0.3774443555,0
2012-10-19,train,0,2012-11-20,0.4326908171,0
2012-10-22,train,0,2012-11-21,0.4453335218,0
2012-10-23,train,0,2012-11-23,0.7671785977,1
2012-10-24,train,1,2012-11-26,0.6122083716,1
2012-10-25,train,0,2012-11-27,0.2452000659,0
2012-10-26,train,1,2012-11-28,0.5695600844,1
2012-10-31,train,1,2012-11-29,0.7196988947,1
2012-11-01,train,0,2012-11-30,0.2976178488,0
2012-11-02,train,0,2012-12-03,1.0294045,1
2012-11-05,train,0,2012-12-04,0.2479078124,0
2012-11-06,train,0,2012-12-05,1.120787815,1
2012-11-07,train,1,2012-12-06,0.2950590875,0
2012-11-08,train,1,2012-12-07,1.039520898,1
2012-11-09,train,1,2012-12-10,1.09859909,1
2012-11-12,train,1,2012-12-11,1.175516627,1
2012-11-13,train,1,2012-12-12,0.9979718262,1
2012-11-14,train,1,2012-12-13,0.9754234867,1
2012-11-15,train,1,2012-12-14,0.8384292219,1
2012-11-16,train,1,2012-12-17,0.9749423005,1
2012-11-19,train,1,2012-12-18,0.3304981544,0
2012-11-20,train,1,2012-12-19,0.7320139819,1
2012-11-21,train,1,2012-12-20,0.7101688161,1
2012-11-23,train,1,2012-12-21,1.05351809,1
2012-11-26,train,1,2012-12-24,0.6587453115,1
2012-11-27,train,1,2012-12-26,0.581035442,1
2012-11-28,train,1,2012-12-27,0.8355092172,1
2012-11-29,train,0,2012-12-28,0.4624092634,0
2012-11-30,train,1,2012-12-31,0.3357143569,0
2012-12-03,train,1,2013-01-02,0.67382322,1
2012-12-04,train,1,2013-01-03,0.6128353145,1
2012-12-05,train,1,2013-01-04,0.4285158865,0
2012-12-06,train,1,2013-01-07,0.5634577561,1
2012-12-07,train,1,2013-01-08,0.5623383958,1
2012-12-10,train,1,2013-01-09,0.5234415104,1
2012-12-11,train,1,2013-01-10,0.5754100257,1
2012-12-12,train,1,2013-01-11,0.8816892914,1
2012-12-13,train,1,2013-01-14,0.4928224205,0
2012-12-14,train,1,2013-01-15,1.144803873,1
2012-12-17,train,1,2013-01-16,1.112293965,1
2012-12-18,train,1,2013-01-17,0.6768563742,1
2012-12-19,train,1,2013-01-18,0.524307151,1
2012-12-20,train,1,2013-01-22,0.7313807358,1
2012-12-21,train,1,2013-01-23,1.044506435,1
2012-12-24,train,1,2013-01-24,0.8485332865,1
2012-12-26,train,1,2013-01-25,1.000337774,1
2012-12-27,train,1,2013-01-28,0.728668222,1
2012-12-28,train,1,2013-01-29,0.8288635752,1
2012-12-31,train,1,2013-01-30,0.4841015601,0
2013-01-02,train,1,2013-01-31,0.9308391083,1
2013-01-03,train,1,2013-02-01,0.3983505391,0
2013-01-04,train,1,2013-02-04,0.8907440748,1
2013-01-07,train,1,2013-02-05,1.056665014,1
2013-01-08,train,1,2013-02-06,0.3280487832,0
2013-01-09,train,1,2013-02-07,0.8103256865,1
2013-01-10,train,1,2013-02-08,0.2910416942,0
2013-01-11,train,1,2013-02-11,0.9216615742,1
2013-01-14,train,1,2013-02-12,0.2804391648,0
2013-01-15,train,1,2013-02-13,1.131885769,1
2013-01-16,train,1,2013-02-14,0.333353876,0
2013-01-17,train,1,2013-02-15,1.154826192,1
2013-01-18,train,1,2013-02-19,0.996830122,1
2013-01-22,train,1,2013-02-20,0.7896279504,1
2013-01-23,train,1,2013-02-21,0.9785700506,1
2013-01-24,train,1,2013-02-22,0.9910607849,1
2013-01-25,train,0,2013-02-25,1.141973009,1
2013-01-28,train,0,2013-02-26,0.4493292998,0
2013-01-29,train,1,2013-02-27,0.7860218413,1
2013-01-30,train,1,2013-02-28,0.2909951435,0
2013-01-31,train,1,2013-03-01,0.812111646,1
2013-02-01,train,1,2013-03-04,0.36723725,0
2013-02-04,train,1,2013-03-05,0.7608965574,1
2013-02-05,train,1,2013-03-06,0.76837646,1
2013-02-06,train,1,2013-03-07,0.6619310989,1
2013-02-07,train,1,2013-03-08,0.7185777215,1
2013-02-08,train,1,2013-03-11,0.959869336,1
2013-02-11,train,1,2013-03-12,0.9951906625,1
2013-02-12,train,1,2013-03-13,0.6880991615,1
2013-02-13,train,1,2013-03-14,0.7955393875,1
2013-02-14,train,1,2013-03-15,1.127182182,1
2013-02-15,train,1,2013-03-18,0.3156795344,0
2013-02-19,train,1,2013-03-19,0.3130495118,0
2013-02-20,train,1,2013-03-20,0.2836549579,0
2013-02-21,train,1,2013-03-21,0.853809231,1
2013-02-22,train,1,2013-03-22,0.6145542467,1
2013-02-25,train,1,2013-03-25,0.9702673621,1
2013-02-26,train,1,2013-03-26,0.8671773593,1
2013-02-27,train,1,2013-03-27,0.5295837043,1
2013-02-28,train,1,2013-03-28,1.094312493,1
2013-03-01,train,1,2013-04-01,0.958478093,1
2013-03-04,train,1,2013-04-02,0.4664808869,0
2013-03-05,train,1,2013-04-03,0.5601379637,1
2013-03-06,train,1,2013-04-04,0.5103859262,1
2013-03-07,train,1,2013-04-05,0.3535575946,0
2013-03-08,train,1,2013-04-08,0.3437293185,0
2013-03-11,train,1,2013-04-09,1.132073409,1
2013-03-12,train,1,2013-04-10,0.6338499831,1
2013-03-13,train,1,2013-04-11,0.5792657687,1
2013-03-14,train,1,2013-04-12,0.9256316546,1
2013-03-15,train,0,2013-04-15,0.7489390112,1
2013-03-18,train,1,2013-04-16,1.132085933,1
2013-03-19,train,1,2013-04-17,0.9762474399,1
2013-03-20,train,0,2013-04-18,0.6753155101,1
2013-03-21,train,1,2013-04-19,0.5723054194,1
2013-03-22,train,1,2013-04-22,1.182577491,1
2013-03-25,train,1,2013-04-23,0.9137061819,1
2013-03-26,train,1,2013-04-24,1.147140606,1
2013-03-27,train,1,2013-04-25,0.3144245232,0
2013-03-28,train,1,2013-04-26,1.046479625,1
2013-04-01,train,1,2013-04-29,0.8330198299,1
2013-04-02,train,1,2013-04-30,0.3178676243,0
2013-04-03,train,1,2013-05-01,0.7842039459,1
2013-04-04,train,1,2013-05-02,0.8820423111,1
2013-04-05,train,1,2013-05-03,0.2082486318,0
2013-04-08,train,1,2013-05-06,0.6502639078,1
2013-04-09,train,1,2013-05-07,1.021345457,1
2013-04-10,train,1,2013-05-08,0.4913049713,0
2013-04-11,train,1,2013-05-09,0.6544940277,1
2013-04-12,train,1,2013-05-10,0.638260073,1
2013-04-15,train,1,2013-05-13,0.4978733374,0
2013-04-16,train,1,2013-05-14,1.114387841,1
2013-04-17,train,1,2013-05-15,0.9772399814,1
2013-04-18,train,1,2013-05-16,0.3065343569,0
2013-04-19,train,1,2013-05-17,1.192980604,1
2013-04-22,train,1,2013-05-20,1.07514597,1
2013-04-23,train,1,2013-05-21,0.4798543838,0
2013-04-24,train,1,2013-05-22,1.032842526,1
2013-04-25,train,1,2013-05-23,0.3023654778,0
2013-04-26,train,1,2013-05-24,1.195050676,1
2013-04-29,train,1,2013-05-28,0.8616306821,1
2013-04-30,train,1,2013-05-29,0.8460709615,1
2013-05-01,train,1,2013-05-30,0.2863866729,0
2013-05-02,train,1,2013-05-31,1.092979345,1
2013-05-03,train,1,2013-06-03,0.2249454492,0
2013-05-06,train,1,2013-06-04,0.436774004,0
2013-05-07,train,0,2013-06-05,0.3389678211,0
2013-05-08,train,0,2013-06-06,0.9727138866,1
2013-05-09,train,1,2013-06-07,0.3941501732,0
2013-05-10,train,1,2013-06-10,1.106584173,1
2013-05-13,train,0,2013-06-11,0.8522149853,1
2013-05-14,train,0,2013-06-12,0.2321086564,0
2013-05-15,train,0,2013-06-13,0.2013757801,0
2013-05-16,train,0,2013-06-14,0.247603863,0
2013-05-17,train,0,2013-06-17,0.8018711236,1
2013-05-20,train,0,2013-06-18,0.9974277568,1
2013-05-21,train,0,2013-06-19,0.4344987666,0
2013-05-22,train,0,2013-06-20,1.045354789,1
2013-05-23,train,0,2013-06-21,0.2531778861,0
2013-05-24,train,0,2013-06-24,0.9969097996,1
2013-05-28,train,0,2013-06-25,1.123741376,1
2013-05-29,train,0,2013-06-26,0.9680543451,1
2013-05-30,train,0,2013-06-27,0.8940667299,1
2013-05-31,train,0,2013-06-28,1.033926165,1
2013-06-03,train,0,2013-07-01,0.2360972455,0
2013-06-04,train,0,2013-07-02,0.3977280567,0
2013-06-05,train,1,2013-07-03,0.3208696253,0
2013-06-06,train,1,2013-07-05,0.7004769361,1
2013-06-07,train,0,2013-07-08,0.9411340743,1
2013-06-10,train,1,2013-07-09,0.8259577905,1
2013-06-11,train,1,2013-07-10,1.047077046,1
2013-06-12,train,1,2013-07-11,0.3511589384,0
2013-06-13,train,1,2013-07-12,0.9305670379,1
2013-06-14,train,1,2013-07-15,0.3889874368,0
2013-06-17,train,1,2013-07-16,0.4667046973,0
2013-06-18,train,1,2013-07-17,0.9058506432,1
2013-06-19,train,1,2013-07-18,1.176150731,1
2013-06-20,train,1,2013-07-19,0.8074895519,1
2013-06-21,train,1,2013-07-22,0.2504462609,0
2013-06-24,train,1,2013-07-23,0.8122549159,1
2013-06-25,train,1,2013-07-24,0.2382964975,0
2013-06-26,train,1,2013-07-25,1.080091657,1
2013-06-27,train,1,2013-07-26,0.905524231,1
2013-06-28,train,1,2013-07-29,0.3690737924,0
2013-07-01,train,1,2013-07-30,0.2876669518,0
2013-07-02,train,1,2013-07-31,0.3794791748,0
2013-07-03,train,1,2013-08-01,1.175973126,1
2013-07-05,train,1,2013-08-02,0.6545065884,1
2013-07-08,train,1,2013-08-05,0.9800268943,1
2013-07-09,train,1,2013-08-06,0.8323542881,1
2013-07-10,train,1,2013-08-07,0.7683590959,1
2013-07-11,train,1,2013-08-08,0.3410762006,0
2013-07-12,train,1,2013-08-09,1.1419704,1
2013-07-15,train,1,2013-08-12,0.4972885785,0
2013-07-16,train,1,2013-08-13,0.7739631618,1
2013-07-17,train,1,2013-08-14,0.8957218905,1
2013-07-18,train,0,2013-08-15,0.8451791012,1
2013-07-19,train,0,2013-08-16,1.136540356,1
2013-07-22,train,0,2013-08-19,0.3443849359,0
2013-07-23,train,0,2013-08-20,0.7042986844,1
2013-07-24,train,0,2013-08-21,0.5999803367,1
2013-07-25,train,0,2013-08-22,0.6701146754,1
2013-07-26,train,0,2013-08-23,0.3151634721,0
2013-07-29,train,0,2013-08-26,0.3300405558,0
2013-07-30,train,0,2013-08-27,0.4740214917,0
2013-07-31,train,0,2013-08-28,0.5006505497,1
2013-08-01,train,0,2013-08-29,0.6238491596,1
2013-08-02,train,0,2013-08-30,0.806933493,1
2013-08-05,train,0,2013-09-03,0.8305750634,1
2013-08-06,train,0,2013-09-04,0.6077568425,1
2013-08-07,train,0,2013-09-05,0.6047290554,1
2013-08-08,train,0,2013-09-06,0.4135744726,0
2013-08-09,train,0,2013-09-09,0.7842521944,1
2013-08-12,train,0,2013-09-10,0.5129868573,1
2013-08-13,train,0,2013-09-11,0.2320057802,0
2013-08-14,train,1,2013-09-12,0.6143459901,1
2013-08-15,train,1,2013-09-13,0.670078621,1
2013-08-16,train,1,2013-09-16,0.4215388142,0
2013-08-19,train,1,2013-09-17,0.7684038791,1
2013-08-20,train,1,2013-09-18,0.7617178464,1
2013-08-21,train,1,2013-09-19,0.8979481271,1
2013-08-22,train,1,2013-09-20,0.8438944281,1
2013-08-23,train,1,2013-09-23,0.8483790025,1
2013-08-26,train,1,2013-09-24,0.5121600978,1
2013-08-27,train,1,2013-09-25,0.9833781679,1
2013-08-28,train,1,2013-09-26,0.7450903295,1
2013-08-29,train,1,2013-09-27,0.6273641411,1
2013-08-30,train,1,2013-09-30,0.8219584269,1
2013-09-03,train,1,2013-10-01,0.5566032804,1
2013-09-04,train,1,2013-10-02,0.7086851906,1
2013-09-05,train,1,2013-10-03,0.9326516344,1
2013-09-06,train,1,2013-10-04,1.082348833,1
2013-09-09,train,1,2013-10-07,1.117003143,1
2013-09-10,train,0,2013-10-08,0.6995788711,1
2013-09-11,train,0,2013-10-09,0.7162210607,1
2013-09-12,train,1,2013-10-10,0.9958163567,1
2013-09-13,train,1,2013-10-11,0.5103966377,1
2013-09-16,train,1,2013-10-14,1.033328308,1
2013-09-17,train,0,2013-10-15,0.6900875925,1
2013-09-18,train,0,2013-10-16,0.3118026703,0
2013-09-19,train,1,2013-10-17,0.268005093,0
2013-09-20,train,1,2013-10-18,1.037939157,1
2013-09-23,train,1,2013-10-21,0.2515138629,0
2013-09-24,train,1,2013-10-22,0.4765573821,0
2013-09-25,train,1,2013-10-23,0.5300759864,1
2013-09-26,train,1,2013-10-24,0.3689403911,0
2013-09-27,train,1,2013-10-25,0.5098393157,1
2013-09-30,train,1,2013-10-28,0.9386385127,1
2013-10-01,train,1,2013-10-29,0.2106287895,0
2013-10-02,train,1,2013-10-30,1.02311937,1
2013-10-03,train,1,2013-10-31,1.05249397,1
2013-10-04,train,1,2013-11-01,0.5682075191,1
2013-10-07,train,1,2013-11-04,0.349558845,0
2013-10-08,train,1,2013-11-05,0.7967863539,1
2013-10-09,train,1,2013-11-06,0.3156185018,0
2013-10-10,train,1,2013-11-07,0.560865307,1
2013-10-11,train,1,2013-11-08,1.154375127,1
2013-10-14,train,1,2013-11-11,1.191410419,1
2013-10-15,train,1,2013-11-12,0.9680508373,1
2013-10-16,train,1,2013-11-13,0.5069074559,1
2013-10-17,train,1,2013-11-14,0.8836109951,1
2013-10-18,train,1,2013-11-15,0.9013523114,1
2013-10-21,train,1,2013-11-18,0.5837876411,1
2013-10-22,train,1,2013-11-19,0.8368345805,1
2013-10-23,train,1,2013-11-20,0.2066735909,0
2013-10-24,train,1,2013-11-21,0.4050036045,0
2013-10-25,train,1,2013-11-22,0.7210342489,1
2013-10-28,train,1,2013-11-25,0.3596972502,0
2013-10-29,train,1,2013-11-26,0.3618528138,0
2013-10-30,train,1,2013-11-27,1.032250236,1
2013-10-31,train,1,2013-11-29,1.185078949,1
2013-11-01,train,1,2013-12-02,0.751915374,1
2013-11-04,train,1,2013-12-03,1.035015677,1
2013-11-05,train,1,2013-12-04,1.18626761,1
2013-11-06,train,1,2013-12-05,0.3375418345,0
2013-11-07,train,1,2013-12-06,0.6441915592,1
2013-11-08,train,1,2013-12-09,0.5885186618,1
2013-11-11,train,1,2013-12-10,0.2759952296,0
2013-11-12,train,1,2013-12-11,0.9512761187,1
2013-11-13,train,0,2013-12-12,0.6297249733,1
2013-11-14,train,0,2013-12-13,0.6652728801,1
2013-11-15,train,0,2013-12-16,0.3466189198,0
2013-11-18,train,0,2013-12-17,0.3768725982,0
2013-11-19,train,1,2013-12-18,1.103049568,1
2013-11-20,train,1,2013-12-19,0.2405950349,0
2013-11-21,train,1,2013-12-20,0.4287982309,0
2013-11-22,train,1,2013-12-23,0.4880052763,0
2013-11-25,train,1,2013-12-24,0.6861434883,1
2013-11-26,train,1,2013-12-26,0.782391119,1
2013-11-27,train,1,2013-12-27,0.6892359218,1
2013-11-29,train,1,2013-12-30,0.2800612805,0
2013-12-02,train,1,2013-12-31,0.4396134,0
2013-12-03,train,1,2014-01-02,1.039534331,1
2013-12-04,train,1,2014-01-03,0.8335346464,1
2013-12-05,train,1,2014-01-06,0.8450949961,1
2013-12-06,train,1,2014-01-07,0.8661492013,1
2013-12-09,train,1,2014-01-08,0.958848965,1
2013-12-10,train,1,2014-01-09,0.2540544277,0
2013-12-11,train,1,2014-01-10,0.5625543309,1
2013-12-12,train,1,2014-01-13,0.7354733812,1
2013-12-13,train,1,2014-01-14,0.5344024292,1
2013-12-16,train,1,2014-01-15,1.040424819,1
2013-12-17,train,1,2014-01-16,0.6785184545,1
2013-12-18,train,1,2014-01-17,0.9645735354,1
2013-12-19,train,1,2014-01-21,1.047961463,1
2013-12-20,train,1,2014-01-22,0.7007374288,1
2013-12-23,train,0,2014-01-23,1.10549819,1
2013-12-24,train,0,2014-01-24,0.7830698865,1
2013-12-26,train,0,2014-01-27,1.046220245,1
2013-12-27,train,0,2014-01-28,0.5365367415,1
2013-12-30,train,0,2014-01-29,0.6947629045,1
2013-12-31,train,0,2014-01-30,0.727356987,1
2014-01-02,train,0,2014-01-31,0.3009256618,0
2014-01-03,train,0,2014-02-03,0.5944984526,1
2014-01-06,train,0,2014-02-04,1.113283618,1
2014-01-07,train,0,2014-02-05,0.8267781863,1
2014-01-08,train,0,2014-02-06,0.3734525284,0
2014-01-09,train,0,2014-02-07,0.5348015816,1
2014-01-10,train,0,2014-02-10,0.3875489556,0
2014-01-13,train,1,2014-02-11,0.2207690777,0
2014-01-14,train,0,2014-02-12,1.123406404,1
2014-01-15,train,0,2014-02-13,0.6441532742,1
2014-01-16,train,0,2014-02-14,0.5034810184,1
2014-01-17,train,1,2014-02-18,0.7944231375,1
2014-01-21,train,0,2014-02-19,0.2032604022,0
2014-01-22,train,0,2014-02-20,0.4739680525,0
2014-01-23,train,1,2014-02-21,0.8989794116,1
2014-01-24,train,1,2014-02-24,0.829715719,1
2014-01-27,train,1,2014-02-25,1.177751893,1
2014-01-28,train,1,2014-02-26,0.8163036556,1
2014-01-29,train,1,2014-02-27,0.6734518196,1
2014-01-30,train,1,2014-02-28,0.9573785091,1
2014-01-31,train,1,2014-03-03,1.099273818,1
2014-02-03,train,1,2014-03-04,0.9166418927,1
2014-02-04,train,1,2014-03-05,1.159157169,1
2014-02-05,train,1,2014-03-06,0.9779511167,1
2014-02-06,train,1,2014-03-07,1.062747384,1
2014-02-07,train,1,2014-03-10,0.3100500171,0
2014-02-10,train,1,2014-03-11,0.9283594489,1
2014-02-11,train,1,2014-03-12,0.6360346455,1
2014-02-12,train,1,2014-03-13,0.7490497484,1
2014-02-13,train,1,2014-03-14,0.8500483554,1
2014-02-14,train,1,2014-03-17,1.165761063,1
2014-02-18,train,1,2014-03-18,1.180524027,1
2014-02-19,train,1,2014-03-19,0.4841741914,0
2014-02-20,train,1,2014-03-20,0.9296994434,1
2014-02-21,train,1,2014-03-21,0.9459294839,1
2014-02-24,train,1,2014-03-24,0.5424388073,1
2014-02-25,train,1,2014-03-25,0.3198157208,0
2014-02-26,train,1,2014-03-26,0.2368929062,0
2014-02-27,train,0,2014-03-27,0.9732890735,1
2014-02-28,train,1,2014-03-28,0.6856456878,1
2014-03-03,train,1,2014-03-31,1.181486115,1
2014-03-04,train,1,2014-04-01,0.6609194021,1
2014-03-05,train,1,2014-04-02,1.173862925,1
2014-03-06,train,1,2014-04-03,0.6075219481,1
2014-03-07,train,0,2014-04-04,0.9896280965,1
2014-03-10,train,0,2014-04-07,0.2807652183,0
2014-03-11,train,0,2014-04-08,0.7514076561,1
2014-03-12,train,1,2014-04-09,0.9980057329,1
2014-03-13,train,0,2014-04-10,1.120647613,1
2014-03-14,train,0,2014-04-11,1.018529037,1
2014-03-17,train,0,2014-04-14,0.2329166731,0
2014-03-18,train,0,2014-04-15,0.5686482873,1
2014-03-19,train,1,2014-04-16,0.2446444183,0
2014-03-20,train,0,2014-04-17,0.3052282371,0
2014-03-21,train,1,2014-04-21,0.8712515746,1
2014-03-24,train,1,2014-04-22,0.9092041423,1
2014-03-25,train,1,2014-04-23,0.9696666287,1
2014-03-26,train,1,2014-04-24,1.061402494,1
2014-03-27,train,1,2014-04-25,0.9353774144,1
2014-03-28,train,1,2014-04-28,0.9968175381,1
2014-03-31,train,1,2014-04-29,0.2449096558,0
2014-04-01,train,1,2014-04-30,0.4304810964,0
2014-04-02,train,0,2014-05-01,0.8178437193,1
2014-04-03,train,0,2014-05-02,1.054071251,1
2014-04-04,train,1,2014-05-05,0.2004460709,0
2014-04-07,train,1,2014-05-06,0.7105752881,1
2014-04-08,train,1,2014-05-07,0.8732333453,1
2014-04-09,train,1,2014-05-08,0.2255532351,0
2014-04-10,train,1,2014-05-09,0.5973015035,1
2014-04-11,train,1,2014-05-12,1.091580827,1
2014-04-14,train,1,2014-05-13,0.8675587548,1
2014-04-15,train,1,2014-05-14,0.4336043093,0
2014-04-16,train,1,2014-05-15,1.048727076,1
2014-04-17,train,1,2014-05-16,0.5439773694,1
2014-04-21,train,1,2014-05-19,1.049290617,1
2014-04-22,train,0,2014-05-20,0.4948895971,0
2014-04-23,train,1,2014-05-21,0.7862661968,1
2014-04-24,train,1,2014-05-22,0.5928860137,1
2014-04-25,train,1,2014-05-23,0.4707709967,0
2014-04-28,train,1,2014-05-27,1.082503508,1
2014-04-29,train,1,2014-05-28,0.3835396279,0
2014-04-30,train,1,2014-05-29,0.2807575372,0
2014-05-01,train,1,2014-05-30,0.5378728845,1
2014-05-02,train,1,2014-06-02,0.9135850936,1
2014-05-05,train,1,2014-06-03,1.003377552,1
2014-05-06,train,1,2014-06-04,1.194689316,1
2014-05-07,train,1,2014-06-05,0.492308003,0
2014-05-08,train,1,2014-06-06,0.6038878971,1
2014-05-09,train,1,2014-06-09,0.332767224,0
2014-05-12,train,1,2014-06-10,0.7708178756,1
2014-05-13,train,1,2014-06-11,1.193525983,1
2014-05-14,train,1,2014-06-12,0.8968269561,1
2014-05-15,train,1,2014-06-13,0.7911587864,1
2014-05-16,train,1,2014-06-16,0.5883150389,1
2014-05-19,train,1,2014-06-17,1.111244706,1
2014-05-20,train,1,2014-06-18,0.6928625421,1
2014-05-21,train,1,2014-06-19,0.3303128593,0
2014-05-22,train,1,2014-06-20,0.5613244091,1
2014-05-23,train,1,2014-06-23,0.2631126148,0
2014-05-27,train,1,2014-06-24,0.3979249836,0
2014-05-28,train,1,2014-06-25,0.2136147269,0
2014-05-29,train,1,2014-06-26,0.6492258624,1
2014-05-30,train,1,2014-06-27,0.8304862109,1
2014-06-02,train,1,2014-06-30,0.5392384083,1
2014-06-03,train,1,2014-07-01,0.6163277175,1
2014-06-04,train,1,2014-07-02,1.155155219,1
2014-06-05,train,1,2014-07-03,0.9479090675,1
2014-06-06,train,1,2014-07-07,0.7368025829,1
2014-06-09,train,1,2014-07-08,0.4804868211,0
2014-06-10,train,1,2014-07-09,1.092942745,1
2014-06-11,train,1,2014-07-10,0.4310430628,0
2014-06-12,train,1,2014-07-11,0.5212886765,1
2014-06-13,train,1,2014-07-14,1.10501076,1
2014-06-16,train,1,2014-07-15,0.7254880012,1
2014-06-17,train,1,2014-07-16,0.9382638954,1
2014-06-18,train,1,2014-07-17,0.7866907401,1
2014-06-19,train,1,2014-07-18,0.849385155,1
2014-06-20,train,1,2014-07-21,0.4953292375,0
2014-06-23,train,1,2014-07-22,0.4373180076,0
2014-06-24,train,1,2014-07-23,0.5184382931,1
2014-06-25,train,1,2014-07-24,0.35138751,0
2014-06-26,train,1,2014-07-25,1.070260311,1
2014-06-27,train,1,2014-07-28,0.4791928792,0
2014-06-30,train,1,2014-07-29,0.7574353404,1
2014-07-01,train,0,2014-07-30,0.9879203711,1
2014-07-02,train,0,2014-07-31,0.9797700553,1
2014-07-03,train,0,2014-08-01,0.6343322045,1
2014-07-07,train,0,2014-08-04,0.6722032545,1
2014-07-08,train,0,2014-08-05,1.190647695,1
2014-07-09,train,0,2014-08-06,0.8705434229,1
2014-07-10,train,0,2014-08-07,1.010584389,1
2014-07-11,train,0,2014-08-08,1.098499915,1
2014-07-14,train,0,2014-08-11,0.9835357822,1
2014-07-15,train,0,2014-08-12,0.3811252909,0
2014-07-16,train,0,2014-08-13,0.7581166797,1
2014-07-17,train,1,2014-08-14,0.2978401033,0
2014-07-18,train,0,2014-08-15,0.8488680725,1
2014-07-21,train,1,2014-08-18,1.151295374,1
2014-07-22,train,1,2014-08-19,0.7086780102,1
2014-07-23,train,1,2014-08-20,0.6289184388,1
2014-07-24,train,1,2014-08-21,0.2317886974,0
2014-07-25,train,1,2014-08-22,1.155720468,1
2014-07-28,train,1,2014-08-25,0.2989486301,0
2014-07-29,train,1,2014-08-26,0.2370250393,0
2014-07-30,train,1,2014-08-27,0.4420125575,0
2014-07-31,train,1,2014-08-28,0.2614763799,0
2014-08-01,train,1,2014-08-29,0.6510637884,1
2014-08-04,train,1,2014-09-02,0.7120337472,1
2014-08-05,train,1,2014-09-03,0.508515895,1
2014-08-06,train,1,2014-09-04,0.2469064285,0
2014-08-07,train,1,2014-09-05,0.3075463142,0
2014-08-08,train,1,2014-09-08,0.5804503239,1
2014-08-11,train,1,2014-09-09,0.2564743968,0
2014-08-12,train,1,2014-09-10,0.8941356716,1
2014-08-13,train,1,2014-09-11,0.4029664875,0
2014-08-14,train,1,2014-09-12,0.4980175147,0
2014-08-15,train,1,2014-09-15,0.5900717231,1
2014-08-18,train,1,2014-09-16,0.612555579,1
2014-08-19,train,1,2014-09-17,0.1976066536,0
2014-08-20,train,1,2014-09-18,0.3080163169,0
2014-08-21,train,1,2014-09-19,1.05871051,1
2014-08-22,train,1,2014-09-22,0.1971790085,0
2014-08-25,train,0,2014-09-23,0.7041133018,1
2014-08-26,train,1,2014-09-24,0.6854479525,1
2014-08-27,train,0,2014-09-25,0.529040107,1
2014-08-28,train,0,2014-09-26,0.6272729661,1
2014-08-29,train,0,2014-09-29,0.9765270835,1
2014-09-02,train,0,2014-09-30,1.037149652,1
2014-09-03,train,0,2014-10-01,0.4562944894,0
2014-09-04,train,0,2014-10-02,0.5184363869,1
2014-09-05,train,0,2014-10-03,0.438428799,0
2014-09-08,train,0,2014-10-06,0.6758093465,1
2014-09-09,train,0,2014-10-07,0.8792043036,1
2014-09-10,train,0,2014-10-08,0.4241988214,0
2014-09-11,train,0,2014-10-09,0.526681688,1
2014-09-12,train,0,2014-10-10,1.126330564,1
2014-09-15,train,0,2014-10-13,0.2445152358,0
2014-09-16,train,0,2014-10-14,0.6567155512,1
2014-09-17,train,0,2014-10-15,0.9075039875,1
2014-09-18,train,0,2014-10-16,0.3463999575,0
2014-09-19,train,0,2014-10-17,0.243319966,0
2014-09-22,train,0,2014-10-20,0.3341513176,0
2014-09-23,train,0,2014-10-21,1.114769139,1
2014-09-24,train,0,2014-10-22,0.2052057278,0
2014-09-25,train,0,2014-10-23,0.3842679208,0
2014-09-26,train,0,2014-10-24,0.2272294588,0
2014-09-29,train,0,2014-10-27,0.3065754135,0
2014-09-30,train,1,2014-10-28,0.8160952326,1
2014-10-01,train,1,2014-10-29,0.4375848547,0
2014-10-02,train,1,2014-10-30,0.7651579964,1
2014-10-03,train,1,2014-10-31,0.7861413287,1
2014-10-06,train,1,2014-11-03,1.045381279,1
2014-10-07,train,1,2014-11-04,0.2006873389,0
2014-10-08,train,1,2014-11-05,1.049315405,1
2014-10-09,train,1,2014-11-06,0.8150650324,1
2014-10-10,train,1,2014-11-07,0.3586894321,0
2014-10-13,train,1,2014-11-10,0.9688833341,1
2014-10-14,train,1,2014-11-11,1.051437488,1
2014-10-15,train,1,2014-11-12,0.4502094297,0
2014-10-16,train,1,2014-11-13,1.114739627,1
2014-10-17,train,1,2014-11-14,0.6504033762,1
2014-10-20,train,1,2014-11-17,0.7993704003,1
2014-10-21,train,1,2014-11-18,1.18059548,1
2014-10-22,train,1,2014-11-19,0.5574820246,1
2014-10-23,train,1,2014-11-20,1.009105292,1
2014-10-24,train,1,2014-11-21,0.5143450638,1
2014-10-27,train,1,2014-11-24,0.9951594682,1
2014-10-28,train,1,2014-11-25,0.7966798648,1
2014-10-29,train,1,2014-11-26,0.4123016412,0
2014-10-30,train,1,2014-11-28,0.6099720397,1
2014-10-31,train,1,2014-12-01,0.5135815803,1
2014-11-03,train,1,2014-12-02,0.274054339,0
2014-11-04,train,1,2014-12-03,0.225780716,0
2014-11-05,train,1,2014-12-04,0.5424246014,1
2014-11-06,train,1,2014-12-05,0.2149800938,0
2014-11-07,train,1,2014-12-08,0.3614337035,0
2014-11-10,train,1,2014-12-09,0.9211292668,1
2014-11-11,train,0,2014-12-10,0.9040371816,1
2014-11-12,train,1,2014-12-11,0.9345263324,1
2014-11-13,train,0,2014-12-12,0.5130991171,1
2014-11-14,train,0,2014-12-15,1.085965403,1
2014-11-17,train,0,2014-12-16,0.789776494,1
2014-11-18,train,0,2014-12-17,0.3219722877,0
2014-11-19,train,1,2014-12-18,0.3396646074,0
2014-11-20,train,1,2014-12-19,0.8890413729,1
2014-11-21,train,1,2014-12-22,0.3688898824,0
2014-11-24,train,1,2014-12-23,0.7032386475,1
2014-11-25,train,1,2014-12-24,1.187720422,1
2014-11-26,train,1,2014-12-26,0.1999535507,0
2014-11-28,train,1,2014-12-29,0.2125257478,0
2014-12-01,train,1,2014-12-30,1.189030528,1
2014-12-02,train,0,2014-12-31,0.7805847801,1
2014-12-03,train,0,2015-01-02,0.3228559215,0
2014-12-04,train,0,2015-01-05,1.093248146,1
2014-12-05,train,0,2015-01-06,1.076326246,1
2014-12-08,train,0,2015-01-07,0.7321463591,1
2014-12-09,train,0,2015-01-08,0.8177379758,1
2014-12-10,train,1,2015-01-09,0.4691331374,0
2014-12-11,train,0,2015-01-12,0.2464656423,0
2014-12-12,train,1,2015-01-13,0.7905135548,1
2014-12-15,train,1,2015-01-14,0.4907011391,0
2014-12-16,train,1,2015-01-15,0.8595669926,1
2014-12-17,train,0,2015-01-16,1.032191123,1
2014-12-18,train,0,2015-01-20,0.2141064899,0
2014-12-19,train,0,2015-01-21,0.7916597206,1
2014-12-22,train,0,2015-01-22,0.4272264856,0
2014-12-23,train,0,2015-01-23,1.069834444,1
2014-12-24,train,0,2015-01-26,0.4496104525,0
2014-12-26,train,0,2015-01-27,0.8067160792,1
2014-12-29,train,0,2015-01-28,0.749486786,1
2014-12-30,train,0,2015-01-29,0.592112446,1
2014-12-31,train,0,2015-01-30,0.8735667095,1
2015-01-02,train,0,2015-02-02,0.9217155807,1
2015-01-05,train,1,2015-02-03,0.7628837413,1
2015-01-06,train,1,2015-02-04,0.9543681831,1
2015-01-07,train,1,2015-02-05,1.179363022,1
2015-01-08,train,0,2015-02-06,0.6152183338,1
2015-01-09,train,1,2015-02-09,0.7105289978,1
2015-01-12,train,1,2015-02-10,0.2084158239,0
2015-01-13,train,1,2015-02-11,0.9919745023,1
2015-01-14,train,1,2015-02-12,0.716176013,1
2015-01-15,train,1,2015-02-13,0.6039073763,1
2015-01-16,train,1,2015-02-17,0.290017909,0
2015-01-20,train,1,2015-02-18,1.085602368,1
2015-01-21,train,1,2015-02-19,0.590953186,1
2015-01-22,train,1,2015-02-20,0.8785275442,1
2015-01-23,train,1,2015-02-23,0.3453201023,0
2015-01-26,train,1,2015-02-24,1.157495575,1
2015-01-27,train,1,2015-02-25,0.3743877078,0
2015-01-28,train,1,2015-02-26,0.3954879388,0
2015-01-29,train,1,2015-02-27,1.054928807,1
2015-01-30,train,1,2015-03-02,1.10852869,1
2015-02-02,train,1,2015-03-03,0.4080933535,0
2015-02-03,train,1,2015-03-04,0.6657468341,1
2015-02-04,train,1,2015-03-05,0.9294408505,1
2015-02-05,train,1,2015-03-06,1.07431168,1
2015-02-06,train,1,2015-03-09,0.574998641,1
2015-02-09,train,1,2015-03-10,0.7129654328,1
2015-02-10,train,0,2015-03-11,0.9376623565,1
2015-02-11,train,1,2015-03-12,0.9270819226,1
2015-02-12,train,0,2015-03-13,0.978906076,1
2015-02-13,train,0,2015-03-16,0.7658797646,1
2015-02-17,train,0,2015-03-17,0.3005610428,0
2015-02-18,train,1,2015-03-18,1.099919237,1
2015-02-19,train,0,2015-03-19,1.061518485,1
2015-02-20,train,1,2015-03-20,0.9940433818,1
2015-02-23,train,0,2015-03-23,0.2958084231,0
2015-02-24,train,0,2015-03-24,0.400343313,0
2015-02-25,train,0,2015-03-25,0.9395463111,1
2015-02-26,train,0,2015-03-26,0.2190860405,0
2015-02-27,train,0,2015-03-27,1.17517058,1
2015-03-02,train,0,2015-03-30,0.5730906263,1
2015-03-03,train,0,2015-03-31,0.9152584796,1
2015-03-04,train,0,2015-04-01,1.083517034,1
2015-03-05,train,0,2015-04-02,0.5905758341,1
2015-03-06,train,1,2015-04-06,0.5150784345,1
2015-03-09,train,0,2015-04-07,0.8046870748,1
2015-03-10,train,1,2015-04-08,0.7769353197,1
2015-03-11,train,1,2015-04-09,0.6050859236,1
2015-03-12,train,1,2015-04-10,0.7977207018,1
2015-03-13,train,1,2015-04-13,1.131327316,1
2015-03-16,train,1,2015-04-14,0.6635862026,1
2015-03-17,train,1,2015-04-15,0.3926881267,0
2015-03-18,train,1,2015-04-16,0.5731519288,1
2015-03-19,train,0,2015-04-17,0.5900529285,1
2015-03-20,train,0,2015-04-20,0.327054639,0
2015-03-23,train,0,2015-04-21,0.3588174465,0
2015-03-24,train,1,2015-04-22,0.8805080193,1
2015-03-25,train,1,2015-04-23,0.5354237002,1
2015-03-26,train,1,2015-04-24,1.150844338,1
2015-03-27,train,1,2015-04-27,0.4395426913,0
2015-03-30,train,1,2015-04-28,0.2948704511,0
2015-03-31,train,1,2015-04-29,0.9494505089,1
2015-04-01,train,1,2015-04-30,1.076981998,1
2015-04-02,train,1,2015-05-01,0.4740593028,0
2015-04-06,train,1,2015-05-04,0.3980340476,0
2015-04-07,train,1,2015-05-05,0.3817120808,0
2015-04-08,train,1,2015-05-06,0.7179582473,1
2015-04-09,train,0,2015-05-07,0.6643625872,1
2015-04-10,train,1,2015-05-08,0.4553857858,0
2015-04-13,train,1,2015-05-11,0.2411190629,0
2015-04-14,train,1,2015-05-12,0.6774372863,1
2015-04-15,train,0,2015-05-13,1.155278294,1
2015-04-16,train,1,2015-05-14,0.8484651467,1
2015-04-17,train,1,2015-05-15,0.6914525026,1
2015-04-20,train,1,2015-05-18,0.30663802,0
2015-04-21,train,1,2015-05-19,0.4483822365,0
2015-04-22,train,1,2015-05-20,0.4907198955,0
2015-04-23,train,1,2015-05-21,0.9607494986,1
2015-04-24,train,1,2015-05-22,1.072656743,1
2015-04-27,train,0,2015-05-26,1.0975878,1
2015-04-28,train,1,2015-05-27,1.180514554,1
2015-04-29,train,1,2015-05-28,1.178312629,1
2015-04-30,train,1,2015-05-29,1.148945079,1
2015-05-01,train,1,2015-06-01,0.2677680864,0
2015-05-04,train,1,2015-06-02,0.3337394819,0
2015-05-05,train,1,2015-06-03,0.5004124724,1
2015-05-06,train,1,2015-06-04,0.7488442,1
2015-05-07,train,1,2015-06-05,0.2929238347,0
2015-05-08,train,0,2015-06-08,1.041742904,1
2015-05-11,train,0,2015-06-09,0.812702125,1
2015-05-12,train,1,2015-06-10,0.7383103482,1
2015-05-13,train,1,2015-06-11,0.3612572693,0
2015-05-14,train,0,2015-06-12,0.4492014203,0
2015-05-15,train,0,2015-06-15,0.3562579709,0
2015-05-18,train,0,2015-06-16,1.047879104,1
2015-05-19,train,0,2015-06-17,0.780173806,1
2015-05-20,train,0,2015-06-18,0.9310753735,1
2015-05-21,train,0,2015-06-19,0.4919788089,0
2015-05-22,train,0,2015-06-22,0.567198583,1
2015-05-26,train,1,2015-06-23,0.6008009104,1
2015-05-27,train,0,2015-06-24,0.9559609177,1
2015-05-28,train,0,2015-06-25,0.9682989336,1
2015-05-29,train,0,2015-06-26,0.4027594735,0
2015-06-01,train,0,2015-06-29,1.137484803,1
2015-06-02,train,0,2015-06-30,0.3166012834,0
2015-06-03,train,0,2015-07-01,1.092068028,1
2015-06-04,train,0,2015-07-02,0.2963415916,0
2015-06-05,train,0,2015-07-06,0.4604857571,0
2015-06-08,train,1,2015-07-07,1.042424482,1
2015-06-09,train,0,2015-07-08,0.3754380183,0
2015-06-10,train,0,2015-07-09,0.6095138773,1
2015-06-11,train,0,2015-07-10,0.6458052459,1
2015-06-12,train,1,2015-07-13,0.441204919,0
2015-06-15,train,1,2015-07-14,0.9061911473,1
2015-06-16,train,1,2015-07-15,1.047280595,1
2015-06-17,train,1,2015-07-16,1.070521086,1
2015-06-18,train,1,2015-07-17,0.5352680917,1
2015-06-19,train,1,2015-07-20,0.7267963402,1
2015-06-22,train,0,2015-07-21,0.4443523498,0
2015-06-23,train,0,2015-07-22,0.4407424475,0
2015-06-24,train,0,2015-07-23,0.3572000088,0
2015-06-25,train,0,2015-07-24,1.135964957,1
2015-06-26,train,0,2015-07-27,1.083934775,1
2015-06-29,train,1,2015-07-28,0.9733046593,1
2015-06-30,train,1,2015-07-29,0.7136074672,1
2015-07-01,train,1,2015-07-30,0.6865538615,1
2015-07-02,train,1,2015-07-31,0.7256916121,1
2015-07-06,train,1,2015-08-03,0.7325139595,1
2015-07-07,train,1,2015-08-04,0.6305090306,1
2015-07-08,train,1,2015-08-05,0.3277007788,0
2015-07-09,train,1,2015-08-06,0.3216097988,0
2015-07-10,train,1,2015-08-07,1.148195662,1
2015-07-13,train,1,2015-08-10,0.6779767055,1
2015-07-14,train,0,2015-08-11,1.149151471,1
2015-07-15,train,0,2015-08-12,0.3595228237,0
2015-07-16,train,0,2015-08-13,0.750362498,1
2015-07-17,train,0,2015-08-14,0.4036631993,0
2015-07-20,train,0,2015-08-17,0.4491305521,0
2015-07-21,train,0,2015-08-18,0.2260005247,0
2015-07-22,train,0,2015-08-19,0.3148992567,0
2015-07-23,train,0,2015-08-20,1.112794354,1
2015-07-24,train,0,2015-08-21,0.5174789374,1
2015-07-27,train,0,2015-08-24,0.8040751579,1
2015-07-28,train,0,2015-08-25,0.6609600779,1
2015-07-29,train,0,2015-08-26,0.5963971912,1
2015-07-30,train,0,2015-08-27,0.7278320373,1
2015-07-31,train,0,2015-08-28,0.3831848906,0
2015-08-03,train,0,2015-08-31,1.184549844,1
2015-08-04,train,0,2015-09-01,1.014253815,1
2015-08-05,train,0,2015-09-02,0.9375605787,1
2015-08-06,train,0,2015-09-03,0.664705243,1
2015-08-07,train,0,2015-09-04,0.3488230681,0
2015-08-10,train,0,2015-09-08,1.116611804,1
2015-08-11,train,0,2015-09-09,0.5373330133,1
2015-08-12,train,0,2015-09-10,0.2460526356,0
2015-08-13,train,0,2015-09-11,0.5383496228,1
2015-08-14,train,0,2015-09-14,0.9904029764,1
2015-08-17,train,0,2015-09-15,0.8186546909,1
2015-08-18,train,0,2015-09-16,0.9467845307,1
2015-08-19,train,0,2015-09-17,0.9895813298,1
2015-08-20,train,0,2015-09-18,0.407900557,0
2015-08-21,train,1,2015-09-21,1.119729262,1
2015-08-24,train,1,2015-09-22,0.6339355489,1
2015-08-25,train,1,2015-09-23,0.8349595952,1
2015-08-26,train,0,2015-09-24,0.1982547185,0
2015-08-27,train,0,2015-09-25,1.189314444,1
2015-08-28,train,0,2015-09-28,0.4768423319,0
2015-08-31,train,0,2015-09-29,0.2580090525,0
2015-09-01,train,1,2015-09-30,0.6542079875,1
2015-09-02,train,0,2015-10-01,0.3249760031,0
2015-09-03,train,1,2015-10-02,0.3482726561,0
2015-09-04,train,1,2015-10-05,0.828228759,1
2015-09-08,train,1,2015-10-06,0.5888733375,1
2015-09-09,train,1,2015-10-07,1.117798396,1
2015-09-10,train,1,2015-10-08,0.5151024406,1
2015-09-11,train,1,2015-10-09,0.9221260743,1
2015-09-14,train,1,2015-10-12,0.6570453761,1
2015-09-15,train,1,2015-10-13,0.8558972471,1
2015-09-16,train,1,2015-10-14,0.7956413027,1
2015-09-17,train,1,2015-10-15,0.6687299187,1
2015-09-18,train,1,2015-10-16,1.146007041,1
2015-09-21,train,1,2015-10-19,0.5386595887,1
2015-09-22,train,1,2015-10-20,0.3731814472,0
2015-09-23,train,1,2015-10-21,0.8740400068,1
2015-09-24,train,1,2015-10-22,1.041953507,1
2015-09-25,train,1,2015-10-23,0.2361996859,0
2015-09-28,train,1,2015-10-26,0.6455786344,1
2015-09-29,train,1,2015-10-27,1.088433636,1
2015-09-30,train,1,2015-10-28,0.9455645649,1
2015-10-01,train,1,2015-10-29,1.187753662,1
2015-10-02,train,1,2015-10-30,0.7273597575,1
2015-10-05,train,1,2015-11-02,0.8559416647,1
2015-10-06,train,1,2015-11-03,0.4984262271,0
2015-10-07,train,1,2015-11-04,1.143481546,1
2015-10-08,train,1,2015-11-05,0.5622814345,1
2015-10-09,train,1,2015-11-06,0.9344566586,1
2015-10-12,train,1,2015-11-09,0.5990861501,1
2015-10-13,train,1,2015-11-10,0.757764876,1
2015-10-14,train,1,2015-11-11,0.915728481,1
2015-10-15,train,1,2015-11-12,0.7048800977,1
2015-10-16,train,0,2015-11-13,1.103032273,1
2015-10-19,train,1,2015-11-16,0.6152469339,1
2015-10-20,train,1,2015-11-17,0.8430177441,1
2015-10-21,train,1,2015-11-18,0.5383083792,1
2015-10-22,train,1,2015-11-19,0.6041026142,1
2015-10-23,train,1,2015-11-20,0.6359960542,1
2015-10-26,train,1,2015-11-23,0.3217529643,0
2015-10-27,train,1,2015-11-24,0.287669625,0
2015-10-28,train,1,2015-11-25,0.8634358691,1
2015-10-29,train,1,2015-11-27,0.8514636843,1
2015-10-30,train,1,2015-11-30,0.8588556602,1
2015-11-02,train,1,2015-12-01,0.2157123913,0
2015-11-03,train,0,2015-12-02,0.5224927886,1
2015-11-04,train,0,2015-12-03,0.3937557932,0
2015-11-05,train,0,2015-12-04,0.9740973685,1
2015-11-06,train,0,2015-12-07,1.056576347,1
2015-11-09,train,0,2015-12-08,0.4426263232,0
2015-11-10,train,0,2015-12-09,0.8637951048,1
2015-11-11,train,0,2015-12-10,0.3253087494,0
2015-11-12,train,0,2015-12-11,0.4710984715,0
2015-11-13,train,1,2015-12-14,0.3346004422,0
2015-11-16,train,0,2015-12-15,0.4794667125,0
2015-11-17,train,1,2015-12-16,0.8706824933,1
2015-11-18,train,0,2015-12-17,1.106272856,1
2015-11-19,train,0,2015-12-18,0.3984683539,0
2015-11-20,train,0,2015-12-21,0.7380249809,1
2015-11-23,train,0,2015-12-22,0.8973370472,1
2015-11-24,train,0,2015-12-23,1.148868414,1
2015-11-25,train,0,2015-12-24,0.8060064288,1
2015-11-27,train,0,2015-12-28,0.451052877,0
2015-11-30,train,0,2015-12-29,0.8214241029,1
2015-12-01,train,0,2015-12-30,0.5164371076,1
2015-12-02,train,0,2015-12-31,1.172074337,1
2015-12-03,train,0,2016-01-04,0.5956220811,1
2015-12-04,train,0,2016-01-05,0.8813736667,1
2015-12-07,train,0,2016-01-06,0.2191735283,0
2015-12-08,train,0,2016-01-07,0.5960073921,1
2015-12-09,train,0,2016-01-08,1.071053559,1
2015-12-10,train,0,2016-01-11,0.8061733904,1
2015-12-11,train,0,2016-01-12,0.6398888323,1
2015-12-14,train,0,2016-01-13,1.131883445,1
2015-12-15,train,0,2016-01-14,1.049930322,1
2015-12-16,train,0,2016-01-15,0.5181616198,1
2015-12-17,train,0,2016-01-19,0.740494348,1
2015-12-18,train,0,2016-01-20,0.685770202,1
2015-12-21,train,0,2016-01-21,0.8281484461,1
2015-12-22,train,0,2016-01-22,0.5300572129,1
2015-12-23,train,0,2016-01-25,0.4401509467,0
2015-12-24,train,0,2016-01-26,1.108617781,1
2015-12-28,train,0,2016-01-27,1.119820445,1
2015-12-29,train,0,2016-01-28,1.039268832,1
2015-12-30,train,0,2016-01-29,1.174150377,1
2015-12-31,train,0,2016-02-01,0.9409374717,1
2016-01-04,train,0,2016-02-02,0.9606131745,1
2016-01-05,train,0,2016-02-03,0.9585360379,1
2016-01-06,train,0,2016-02-04,0.6765535769,1
2016-01-07,train,0,2016-02-05,0.6523981405,1
2016-01-08,train,0,2016-02-08,0.4361722221,0
2016-01-11,train,0,2016-02-09,0.8407651403,1
2016-01-12,train,0,2016-02-10,0.485266082,0
2016-01-13,train,0,2016-02-11,0.4537543556,0
2016-01-14,train,0,2016-02-12,0.78190732,1
2016-01-15,train,1,2016-02-16,0.6059283342,1
2016-01-19,train,1,2016-02-17,0.4148025547,0
2016-01-20,train,1,2016-02-18,1.012001963,1
2016-01-21,train,1,2016-02-19,1.056515865,1
2016-01-22,train,1,2016-02-22,0.3636454656,0
2016-01-25,train,1,2016-02-23,0.2034529787,0
2016-01-26,train,1,2016-02-24,0.5320759145,1
2016-01-27,train,1,2016-02-25,0.9934567816,1
2016-01-28,train,1,2016-02-26,1.035119812,1
2016-01-29,train,0,2016-02-29,0.3342750161,0
2016-02-01,train,1,2016-03-01,0.9702818471,1
2016-02-02,train,1,2016-03-02,0.3116501133,0
2016-02-03,train,1,2016-03-03,0.5860085361,1
2016-02-04,train,1,2016-03-04,1.194555461,1
2016-02-05,train,1,2016-03-07,0.3885367692,0
2016-02-08,train,1,2016-03-08,0.3499095285,0
2016-02-09,train,1,2016-03-09,0.6187462785,1
2016-02-10,train,1,2016-03-10,0.8156144719,1
2016-02-11,train,1,2016-03-11,1.128846728,1
2016-02-12,train,1,2016-03-14,1.176767091,1
2016-02-16,train,1,2016-03-15,0.2655865825,0
2016-02-17,train,1,2016-03-16,0.3339434633,0
2016-02-18,train,1,2016-03-17,0.9866839198,1
2016-02-19,train,1,2016-03-18,0.4665780982,0
2016-02-22,train,1,2016-03-21,1.080795005,1
2016-02-23,train,1,2016-03-22,0.8593992032,1
2016-02-24,train,1,2016-03-23,0.3077907483,0
2016-02-25,train,1,2016-03-24,1.028475231,1
2016-02-26,train,1,2016-03-28,0.372302326,0
2016-02-29,train,1,2016-03-29,0.6194413406,1
2016-03-01,train,1,2016-03-30,0.7481308745,1
2016-03-02,train,1,2016-03-31,0.696712095,1
2016-03-03,train,1,2016-04-01,0.8821088616,1
2016-03-04,train,1,2016-04-04,0.8486326808,1
2016-03-07,train,1,2016-04-05,1.187987951,1
2016-03-08,train,1,2016-04-06,1.195367855,1
2016-03-09,train,1,2016-04-07,0.7124053486,1
2016-03-10,train,1,2016-04-08,0.2911450329,0
2016-03-11,train,1,2016-04-11,0.9237892449,1
2016-03-14,train,1,2016-04-12,1.172610024,1
2016-03-15,train,1,2016-04-13,0.5142723336,1
2016-03-16,train,1,2016-04-14,0.6571548318,1
2016-03-17,train,1,2016-04-15,0.6207228708,1
2016-03-18,train,1,2016-04-18,0.2473651005,0
2016-03-21,train,1,2016-04-19,0.8682103772,1
2016-03-22,train,1,2016-04-20,0.549283641,1
2016-03-23,train,1,2016-04-21,0.9834098206,1
2016-03-24,train,1,2016-04-22,1.028066021,1
2016-03-28,train,1,2016-04-25,1.017176733,1
2016-03-29,train,1,2016-04-26,0.612611944,1
2016-03-30,train,1,2016-04-27,0.5174916282,1
2016-03-31,train,1,2016-04-28,0.9447667256,1
2016-04-01,train,0,2016-04-29,0.9973353798,1
2016-04-04,train,1,2016-05-02,0.6872033923,1
2016-04-05,train,1,2016-05-03,1.088976965,1
2016-04-06,train,0,2016-05-04,0.339854642,0
2016-04-07,train,1,2016-05-05,1.075014726,1
2016-04-08,train,1,2016-05-06,0.2920411789,0
2016-04-11,train,1,2016-05-09,0.349471468,0
2016-04-12,train,1,2016-05-10,0.7297859592,1
2016-04-13,train,0,2016-05-11,0.2634644261,0
2016-04-14,train,0,2016-05-12,0.2487530473,0
2016-04-15,train,0,2016-05-13,0.1964646901,0
2016-04-18,train,0,2016-05-16,0.6322626056,1
2016-04-19,train,0,2016-05-17,0.9705698272,1
2016-04-20,train,0,2016-05-18,0.2307842962,0
2016-04-21,train,0,2016-05-19,0.8482035524,1
2016-04-22,train,0,2016-05-20,1.019073263,1
2016-04-25,train,0,2016-05-23,0.3639467945,0
2016-04-26,train,0,2016-05-24,0.3428096808,0
2016-04-27,train,0,2016-05-25,1.05674692,1
2016-04-28,train,1,2016-05-26,1.019070556,1
2016-04-29,train,1,2016-05-27,0.7348877122,1
2016-05-02,train,1,2016-05-31,1.015145825,1
2016-05-03,train,1,2016-06-01,0.2887020234,0
2016-05-04,train,1,2016-06-02,0.5904274639,1
2016-05-05,train,1,2016-06-03,0.9337435021,1
2016-05-06,train,1,2016-06-06,0.4533979053,0
2016-05-09,train,1,2016-06-07,0.9482748604,1
2016-05-10,train,1,2016-06-08,0.7001245503,1
2016-05-11,train,1,2016-06-09,0.9462119339,1
2016-05-12,train,1,2016-06-10,0.6606255838,1
2016-05-13,train,1,2016-06-13,0.5638502862,1
2016-05-16,train,1,2016-06-14,0.4151351624,0
2016-05-17,train,1,2016-06-15,0.4043252874,0
2016-05-18,train,1,2016-06-16,0.9474367565,1
2016-05-19,train,1,2016-06-17,0.314856294,0
2016-05-20,train,1,2016-06-20,0.2819282961,0
2016-05-23,train,1,2016-06-21,0.372237311,0
2016-05-24,train,1,2016-06-22,0.3712924574,0
2016-05-25,train,1,2016-06-23,1.019053569,1
2016-05-26,train,0,2016-06-24,0.5944525694,1
2016-05-27,train,0,2016-06-27,1.186334403,1
2016-05-31,train,0,2016-06-28,0.3331572037,0
2016-06-01,train,0,2016-06-29,0.8494857716,1
2016-06-02,train,0,2016-06-30,0.6446754531,1
2016-06-03,train,1,2016-07-01,0.5888641226,1
2016-06-06,train,0,2016-07-05,1.071030145,1
2016-06-07,train,0,2016-07-06,1.171541592,1
2016-06-08,train,0,2016-07-07,1.068804905,1
2016-06-09,train,1,2016-07-08,0.388246625,0
2016-06-10,train,1,2016-07-11,0.4167438672,0
2016-06-13,train,1,2016-07-12,0.852019825,1
2016-06-14,train,1,2016-07-13,0.4850295276,0
2016-06-15,train,1,2016-07-14,0.9306710767,1
2016-06-16,train,1,2016-07-15,0.7623665968,1
2016-06-17,train,1,2016-07-18,0.7468547144,1
2016-06-20,train,1,2016-07-19,1.024492871,1
2016-06-21,train,1,2016-07-20,0.9064787177,1
2016-06-22,train,1,2016-07-21,0.2225237109,0
2016-06-23,train,1,2016-07-22,0.2454050831,0
2016-06-24,train,1,2016-07-25,0.7975043984,1
2016-06-27,train,1,2016-07-26,0.6821380216,1
2016-06-28,train,1,2016-07-27,0.4561306013,0
2016-06-29,train,1,2016-07-28,0.6146020333,1
2016-06-30,train,1,2016-07-29,0.9538562647,1
2016-07-01,train,1,2016-08-01,1.022557431,1
2016-07-05,train,1,2016-08-02,0.7571690138,1
2016-07-06,train,1,2016-08-03,0.5813154268,1
2016-07-07,train,1,2016-08-04,0.4666427074,0
2016-07-08,train,1,2016-08-05,0.7178644167,1
2016-07-11,train,1,2016-08-08,0.5106955645,1
2016-07-12,train,1,2016-08-09,0.760041083,1
2016-07-13,train,1,2016-08-10,0.8725983285,1
2016-07-14,train,1,2016-08-11,0.2620251569,0
2016-07-15,train,1,2016-08-12,0.197013411,0
2016-07-18,train,1,2016-08-15,0.4082230848,0
2016-07-19,train,1,2016-08-16,1.090457444,1
2016-07-20,train,1,2016-08-17,0.8422367092,1
2016-07-21,train,1,2016-08-18,0.3679062979,0
2016-07-22,train,1,2016-08-19,1.086209908,1
2016-07-25,train,1,2016-08-22,0.6659018862,1
2016-07-26,train,1,2016-08-23,0.6720377026,1
2016-07-27,train,1,2016-08-24,1.13148789,1
2016-07-28,train,1,2016-08-25,0.2554326381,0
2016-07-29,train,1,2016-08-26,0.4111242206,0
2016-08-01,train,1,2016-08-29,0.7817172711,1
2016-08-02,train,1,2016-08-30,0.3914324555,0
2016-08-03,train,1,2016-08-31,0.8754729552,1
2016-08-04,train,1,2016-09-01,0.4100382353,0
2016-08-05,train,1,2016-09-02,0.2951029165,0
2016-08-08,train,1,2016-09-06,0.4029311056,0
2016-08-09,train,1,2016-09-07,0.6186799802,1
2016-08-10,train,1,2016-09-08,0.3720842451,0
2016-08-11,train,0,2016-09-09,0.3306379709,0
2016-08-12,train,0,2016-09-12,1.056227832,1
2016-08-15,train,0,2016-09-13,0.5163431495,1
2016-08-16,train,0,2016-09-14,0.5567046325,1
2016-08-17,train,0,2016-09-15,0.2512163554,0
2016-08-18,train,0,2016-09-16,0.5533155694,1
2016-08-19,train,0,2016-09-19,0.4607531233,0
2016-08-22,train,0,2016-09-20,0.8064310133,1
2016-08-23,train,0,2016-09-21,0.4013362436,0
2016-08-24,train,1,2016-09-22,1.084311399,1
2016-08-25,train,0,2016-09-23,1.125612567,1
2016-08-26,train,0,2016-09-26,0.2957770031,0
2016-08-29,train,0,2016-09-27,0.3033489022,0
2016-08-30,train,0,2016-09-28,0.3112723841,0
2016-08-31,train,0,2016-09-29,0.8155152023,1
2016-09-01,train,1,2016-09-30,0.3179149102,0
2016-09-02,train,0,2016-10-03,1.048328264,1
2016-09-06,train,0,2016-10-04,0.9502174609,1
2016-09-07,train,0,2016-10-05,1.015754804,1
2016-09-08,train,0,2016-10-06,0.7220064728,1
2016-09-09,train,1,2016-10-07,1.192623157,1
2016-09-12,train,1,2016-10-10,0.2401210489,0
2016-09-13,train,1,2016-10-11,0.5972109101,1
2016-09-14,train,1,2016-10-12,0.5198826149,1
2016-09-15,train,0,2016-10-13,1.144591445,1
2016-09-16,train,0,2016-10-14,0.7728069044,1
2016-09-19,train,0,2016-10-17,1.002136911,1
2016-09-20,train,1,2016-10-18,0.3662871396,0
2016-09-21,train,0,2016-10-19,1.17458009,1
2016-09-22,train,0,2016-10-20,0.6945854928,1
2016-09-23,train,0,2016-10-21,0.6896180222,1
2016-09-26,train,1,2016-10-24,1.166830674,1
2016-09-27,train,0,2016-10-25,0.5766783072,1
2016-09-28,train,0,2016-10-26,0.5934709705,1
2016-09-29,train,0,2016-10-27,0.7806986488,1
2016-09-30,train,0,2016-10-28,0.3239985565,0
2016-10-03,train,0,2016-10-31,0.5170315724,1
2016-10-04,train,0,2016-11-01,0.3891542684,0
2016-10-05,train,0,2016-11-02,0.2992294251,0
2016-10-06,train,0,2016-11-03,1.062090552,1
2016-10-07,train,0,2016-11-04,0.7852771121,1
2016-10-10,train,0,2016-11-07,0.5546187375,1
2016-10-11,train,1,2016-11-08,0.6046153233,1
2016-10-12,train,1,2016-11-09,0.6274649496,1
2016-10-13,train,1,2016-11-10,0.8290951281,1
2016-10-14,train,1,2016-11-11,1.122715337,1
2016-10-17,train,1,2016-11-14,1.128725566,1
2016-10-18,train,1,2016-11-15,0.5874379255,1
2016-10-19,train,1,2016-11-16,0.5252084055,1
2016-10-20,train,1,2016-11-17,0.6469924461,1
2016-10-21,train,1,2016-11-18,0.7638801764,1
2016-10-24,train,1,2016-11-21,0.6577638574,1
2016-10-25,train,1,2016-11-22,0.8546993558,1
2016-10-26,train,1,2016-11-23,0.7503449693,1
2016-10-27,train,1,2016-11-25,0.5166614926,1
2016-10-28,train,1,2016-11-28,0.5416767517,1
2016-10-31,train,1,2016-11-29,0.5745387335,1
2016-11-01,train,1,2016-11-30,0.2905857142,0
2016-11-02,train,1,2016-12-01,0.3620085784,0
2016-11-03,train,1,2016-12-02,0.9190597481,1
2016-11-04,train,1,2016-12-05,0.5850426575,1
2016-11-07,train,1,2016-12-06,0.4104849185,0
2016-11-08,train,1,2016-12-07,0.7586183565,1
2016-11-09,train,1,2016-12-08,0.9514854884,1
2016-11-10,train,1,2016-12-09,0.4533683083,0
2016-11-11,train,1,2016-12-12,1.022735828,1
2016-11-14,train,1,2016-12-13,1.123450806,1
2016-11-15,train,1,2016-12-14,0.793340475,1
2016-11-16,train,1,2016-12-15,0.8648936049,1
2016-11-17,train,1,2016-12-16,0.2485219363,0
2016-11-18,train,1,2016-12-19,1.141465837,1
2016-11-21,train,1,2016-12-20,0.5884306802,1
2016-11-22,train,1,2016-12-21,1.119846346,1
2016-11-23,train,1,2016-12-22,0.7749234707,1
2016-11-25,train,1,2016-12-23,0.2005647448,0
2016-11-28,train,1,2016-12-27,0.2344879453,0
2016-11-29,train,1,2016-12-28,0.8763647516,1
2016-11-30,train,1,2016-12-29,0.7586139598,1
2016-12-01,train,1,2016-12-30,0.2224783832,0
2016-12-02,train,1,2017-01-03,0.9394059072,1
2016-12-05,train,1,2017-01-04,1.048091283,1
2016-12-06,train,1,2017-01-05,0.6923634284,1
2016-12-07,train,1,2017-01-06,0.6617033863,1
2016-12-08,train,1,2017-01-09,0.2014190548,0
2016-12-09,train,1,2017-01-10,0.9825956584,1
2016-12-12,train,1,2017-01-11,0.5266620127,1
2016-12-13,train,1,2017-01-12,1.074709566,1
2016-12-14,train,1,2017-01-13,0.5690065335,1
2016-12-15,train,1,2017-01-17,0.7610238566,1
2016-12-16,train,1,2017-01-18,0.4662877341,0
2016-12-19,train,1,2017-01-19,0.3565342585,0
2016-12-20,train,1,2017-01-20,0.9708538493,1
2016-12-21,train,1,2017-01-23,0.6925364248,1
2016-12-22,train,1,2017-01-24,0.7324338697,1
2016-12-23,train,1,2017-01-25,1.161361899,1
2016-12-27,train,1,2017-01-26,1.159525858,1
2016-12-28,train,1,2017-01-27,1.051588068,1
2016-12-29,train,1,2017-01-30,0.3835552387,0
2016-12-30,train,1,2017-01-31,0.7902186402,1
2017-01-03,train,1,2017-02-01,1.074093371,1
2017-01-04,train,1,2017-02-02,0.5704098824,1
2017-01-05,train,1,2017-02-03,0.2970521119,0
2017-01-06,train,1,2017-02-06,1.006908848,1
2017-01-09,train,1,2017-02-07,0.6777094973,1
2017-01-10,train,1,2017-02-08,0.7603386263,1
2017-01-11,train,1,2017-02-09,1.178090242,1
2017-01-12,train,1,2017-02-10,0.8031573764,1
2017-01-13,train,1,2017-02-13,0.6209253316,1
2017-01-17,train,1,2017-02-14,0.5659303138,1
2017-01-18,train,1,2017-02-15,0.6135652386,1
2017-01-19,train,1,2017-02-16,0.3143450291,0
2017-01-20,train,1,2017-02-17,0.9906965044,1
2017-01-23,train,1,2017-02-21,1.033662804,1
2017-01-24,train,1,2017-02-22,0.4803430805,0
2017-01-25,train,1,2017-02-23,0.4997425644,0
2017-01-26,train,1,2017-02-24,1.070280202,1
2017-01-27,train,1,2017-02-27,0.2199163015,0
2017-01-30,train,1,2017-02-28,0.7164033897,1
2017-01-31,train,1,2017-03-01,0.6596216606,1
2017-02-01,train,1,2017-03-02,0.8860727155,1
2017-02-02,train,1,2017-03-03,0.3593376461,0
2017-02-03,train,1,2017-03-06,0.8642766867,1
2017-02-06,train,1,2017-03-07,0.5726799538,1
2017-02-07,train,1,2017-03-08,0.8146607241,1
2017-02-08,train,1,2017-03-09,0.2360409558,0
2017-02-09,train,1,2017-03-10,0.6576731431,1
2017-02-10,train,1,2017-03-13,0.7181968399,1
2017-02-13,train,1,2017-03-14,0.4102723488,0
2017-02-14,train,1,2017-03-15,0.3355696001,0
2017-02-15,train,1,2017-03-16,0.384420249,0
2017-02-16,train,1,2017-03-17,0.540087024,1
2017-02-17,train,1,2017-03-20,0.2927560953,0
2017-02-21,train,0,2017-03-21,1.143265742,1
2017-02-22,train,0,2017-03-22,0.6009400074,1
2017-02-23,train,0,2017-03-23,1.004915548,1
2017-02-24,train,0,2017-03-24,1.170363069,1
2017-02-27,train,0,2017-03-27,0.2766812259,0
2017-02-28,train,0,2017-03-28,0.8476154139,1
2017-03-01,train,0,2017-03-29,1.067355033,1
2017-03-02,train,0,2017-03-30,0.8301803799,1
2017-03-03,train,0,2017-03-31,0.6249720673,1
2017-03-06,train,0,2017-04-03,0.6270223036,1
2017-03-07,train,0,2017-04-04,0.231844832,0
2017-03-08,train,0,2017-04-05,0.7305466972,1
2017-03-09,train,0,2017-04-06,1.189488943,1
2017-03-10,train,0,2017-04-07,1.154653472,1
2017-03-13,train,0,2017-04-10,0.2363451748,0
2017-03-14,train,0,2017-04-11,0.9017429496,1
2017-03-15,train,0,2017-04-12,0.4977108126,0
2017-03-16,train,0,2017-04-13,1.098935099,1
2017-03-17,train,0,2017-04-17,0.2410606917,0
2017-03-20,train,0,2017-04-18,1.131820048,1
2017-03-21,train,0,2017-04-19,1.03342169,1
2017-03-22,train,1,2017-04-20,0.3134503282,0
2017-03-23,train,1,2017-04-21,0.2557702833,0
2017-03-24,train,1,2017-04-24,1.03065361,1
2017-03-27,train,1,2017-04-25,0.3517036169,0
2017-03-28,train,1,2017-04-26,0.7308440989,1
2017-03-29,train,1,2017-04-27,1.111690804,1
2017-03-30,train,1,2017-04-28,0.7633940595,1
2017-03-31,train,1,2017-05-01,0.5931792474,1
2017-04-03,train,1,2017-05-02,0.6409620008,1
2017-04-04,train,1,2017-05-03,0.2590631166,0
2017-04-05,train,1,2017-05-04,1.164698267,1
2017-04-06,train,1,2017-05-05,0.506600131,1
2017-04-07,train,1,2017-05-08,0.3853094376,0
2017-04-10,train,1,2017-05-09,0.4819932478,0
2017-04-11,train,1,2017-05-10,1.160319141,1
2017-04-12,train,1,2017-05-11,0.2902319994,0
2017-04-13,train,1,2017-05-12,1.063248986,1
2017-04-17,train,1,2017-05-15,0.9037898403,1
2017-04-18,train,1,2017-05-16,1.025965125,1
2017-04-19,train,1,2017-05-17,1.171843486,1
2017-04-20,train,1,2017-05-18,1.038100601,1
2017-04-21,train,1,2017-05-19,1.139328297,1
2017-04-24,train,1,2017-05-22,0.3228812027,0
2017-04-25,train,1,2017-05-23,0.9917345111,1
2017-04-26,train,1,2017-05-24,0.74162164,1
2017-04-27,train,1,2017-05-25,0.739441541,1
2017-04-28,train,1,2017-05-26,1.094867522,1
2017-05-01,train,1,2017-05-30,1.167749765,1
2017-05-02,train,1,2017-05-31,0.900784269,1
2017-05-03,train,1,2017-06-01,0.6788843354,1
2017-05-04,train,1,2017-06-02,0.6523498038,1
2017-05-05,train,1,2017-06-05,0.5822874032,1
2017-05-08,train,1,2017-06-06,0.5575449755,1
2017-05-09,train,1,2017-06-07,0.5874527876,1
2017-05-10,train,1,2017-06-08,0.2856991812,0
2017-05-11,train,1,2017-06-09,0.2733820312,0
2017-05-12,train,1,2017-06-12,0.9758157898,1
2017-05-15,train,1,2017-06-13,0.6420188389,1
2017-05-16,train,1,2017-06-14,1.126630434,1
2017-05-17,train,1,2017-06-15,0.8081669545,1
2017-05-18,train,1,2017-06-16,0.2311219281,0
2017-05-19,train,1,2017-06-19,0.3534692873,0
2017-05-22,train,1,2017-06-20,0.401765739,0
2017-05-23,train,1,2017-06-21,1.17168197,1
2017-05-24,train,1,2017-06-22,0.4146501721,0
2017-05-25,train,1,2017-06-23,0.7117016222,1
2017-05-26,train,1,2017-06-26,1.132122878,1
2017-05-30,train,1,2017-06-27,1.173138676,1
2017-05-31,train,1,2017-06-28,0.4323063813,0
2017-06-01,train,0,2017-06-29,0.2450635897,0
2017-06-02,train,0,2017-06-30,0.3495477785,0
2017-06-05,train,0,2017-07-03,0.2592744246,0
2017-06-06,train,1,2017-07-05,0.391070187,0
2017-06-07,train,0,2017-07-06,0.7645156606,1
2017-06-08,train,0,2017-07-07,1.108394742,1
2017-06-09,train,1,2017-07-10,0.7331648296,1
2017-06-12,train,0,2017-07-11,0.8219355026,1
2017-06-13,train,1,2017-07-12,0.3978131976,0
2017-06-14,train,1,2017-07-13,0.9965295666,1
2017-06-15,train,1,2017-07-14,0.8137348545,1
2017-06-16,train,1,2017-07-17,1.060082775,1
2017-06-19,train,1,2017-07-18,1.144789053,1
2017-06-20,train,1,2017-07-19,0.5438467217,1
2017-06-21,train,1,2017-07-20,0.2865250045,0
2017-06-22,train,1,2017-07-21,0.4218749039,0
2017-06-23,train,1,2017-07-24,0.6337875116,1
2017-06-26,train,1,2017-07-25,1.141639598,1
2017-06-27,train,1,2017-07-26,0.5742557683,1
2017-06-28,train,1,2017-07-27,0.9667191596,1
2017-06-29,train,1,2017-07-28,0.7364226381,1
2017-06-30,train,1,2017-07-31,0.3787547164,0
2017-07-03,train,1,2017-08-01,0.5166800649,1
2017-07-05,train,1,2017-08-02,0.849137831,1
2017-07-06,train,1,2017-08-03,0.8687993406,1
2017-07-07,train,1,2017-08-04,0.6307056928,1
2017-07-10,train,1,2017-08-07,0.4245915486,0
2017-07-11,train,1,2017-08-08,0.9178527255,1
2017-07-12,train,1,2017-08-09,0.3648189876,0
2017-07-13,train,0,2017-08-10,1.132615638,1
2017-07-14,train,0,2017-08-11,0.383849525,0
2017-07-17,train,1,2017-08-14,0.3032583088,0
2017-07-18,train,1,2017-08-15,0.6935936483,1
2017-07-19,train,0,2017-08-16,0.7154955441,1
2017-07-20,train,0,2017-08-17,0.7041388607,1
2017-07-21,train,0,2017-08-18,0.6326134353,1
2017-07-24,train,0,2017-08-21,1.190760839,1
2017-07-25,train,0,2017-08-22,0.6822265586,1
2017-07-26,train,0,2017-08-23,0.6738925267,1
2017-07-27,train,0,2017-08-24,0.6177120087,1
2017-07-28,train,0,2017-08-25,0.2627717006,0
2017-07-31,train,0,2017-08-28,0.7889025771,1
2017-08-01,train,0,2017-08-29,0.4239137182,0
2017-08-02,train,0,2017-08-30,0.8335549262,1
2017-08-03,train,1,2017-08-31,0.2467794079,0
2017-08-04,train,1,2017-09-01,1.177333047,1
2017-08-07,train,0,2017-09-05,0.664951025,1
2017-08-08,train,0,2017-09-06,1.092701318,1
2017-08-09,train,0,2017-09-07,0.6715071192,1
2017-08-10,train,1,2017-09-08,0.2562767645,0
2017-08-11,train,1,2017-09-11,1.018159492,1
2017-08-14,train,1,2017-09-12,0.8441296756,1
2017-08-15,train,1,2017-09-13,0.9777029935,1
2017-08-16,train,1,2017-09-14,0.6241158095,1
2017-08-17,train,1,2017-09-15,0.8338826902,1
2017-08-18,train,1,2017-09-18,1.05217495,1
2017-08-21,train,1,2017-09-19,0.8270113888,1
2017-08-22,train,1,2017-09-20,0.5436195808,1
2017-08-23,train,1,2017-09-21,0.8584755403,1
2017-08-24,train,1,2017-09-22,0.8678001346,1
2017-08-25,train,1,2017-09-25,1.156532908,1
2017-08-28,train,1,2017-09-26,0.5668582675,1
2017-08-29,train,1,2017-09-27,0.6210277135,1
2017-08-30,train,1,2017-09-28,1.008068907,1
2017-08-31,train,1,2017-09-29,0.7017082607,1
2017-09-01,train,1,2017-10-02,0.9325190391,1
2017-09-05,train,1,2017-10-03,0.6556554104,1
2017-09-06,train,1,2017-10-04,0.4114410878,0
2017-09-07,train,1,2017-10-05,0.9411497887,1
2017-09-08,train,1,2017-10-06,0.3271011151,0
2017-09-11,train,1,2017-10-09,0.3945296095,0
2017-09-12,train,1,2017-10-10,0.8227709287,1
2017-09-13,train,1,2017-10-11,0.9432157461,1
2017-09-14,train,1,2017-10-12,1.090633833,1
2017-09-15,train,1,2017-10-13,0.4685324434,0
2017-09-18,train,1,2017-10-16,0.3066702045,0
2017-09-19,train,1,2017-10-17,1.151992605,1
2017-09-20,train,1,2017-10-18,0.350369034,0
2017-09-21,train,1,2017-10-19,0.3936129282,0
2017-09-22,train,1,2017-10-20,0.4872753995,0
2017-09-25,train,1,2017-10-23,0.7253373,1
2017-09-26,train,1,2017-10-24,1.078771512,1
2017-09-27,train,1,2017-10-25,0.9564919687,1
2017-09-28,train,1,2017-10-26,0.9041034998,1
2017-09-29,train,1,2017-10-27,0.3711265138,0
2017-10-02,train,1,2017-10-30,0.5536285775,1
2017-10-03,train,1,2017-10-31,0.674350872,1
2017-10-04,train,1,2017-11-01,0.3433718994,0
2017-10-05,train,1,2017-11-02,0.4693756481,0
2017-10-06,train,1,2017-11-03,0.5042791499,1
2017-10-09,train,1,2017-11-06,0.3232221443,0
2017-10-10,train,1,2017-11-07,0.7461856379,1
2017-10-11,train,1,2017-11-08,0.9009741425,1
2017-10-12,train,1,2017-11-09,0.2658775774,0
2017-10-13,train,1,2017-11-10,0.6770690477,1
2017-10-16,train,1,2017-11-13,0.9781571412,1
2017-10-17,train,1,2017-11-14,0.9439360749,1
2017-10-18,train,1,2017-11-15,1.011019042,1
2017-10-19,train,1,2017-11-16,0.6441865791,1
2017-10-20,train,1,2017-11-17,1.016503029,1
2017-10-23,train,1,2017-11-20,0.4366990172,0
2017-10-24,train,1,2017-11-21,0.5567565074,1
2017-10-25,train,1,2017-11-22,0.3723015224,0
2017-10-26,train,1,2017-11-24,0.6634304854,1
2017-10-27,train,1,2017-11-27,0.5880059684,1
2017-10-30,train,1,2017-11-28,0.4368730624,0
2017-10-31,train,1,2017-11-29,0.9477266552,1
2017-11-01,train,1,2017-11-30,0.5097927181,1
2017-11-02,train,1,2017-12-01,0.4687502761,0
2017-11-03,train,1,2017-12-04,0.3268362768,0
2017-11-06,train,1,2017-12-05,0.6347676477,1
2017-11-07,train,1,2017-12-06,0.4989105748,0
2017-11-08,train,1,2017-12-07,0.5652187873,1
2017-11-09,train,1,2017-12-08,0.4319432086,0
2017-11-10,train,1,2017-12-11,0.9591014358,1
2017-11-13,train,1,2017-12-12,1.125949293,1
2017-11-14,train,1,2017-12-13,0.6938777987,1
2017-11-15,train,1,2017-12-14,0.8389443693,1
2017-11-16,train,1,2017-12-15,1.063118223,1
2017-11-17,train,1,2017-12-18,1.194775583,1
2017-11-20,train,1,2017-12-19,0.8094624307,1
2017-11-21,train,1,2017-12-20,1.085725412,1
2017-11-22,train,1,2017-12-21,1.104554193,1
2017-11-24,train,1,2017-12-22,0.9873974338,1
2017-11-27,train,1,2017-12-26,0.656877337,1
2017-11-28,train,1,2017-12-27,0.2770999464,0
2017-11-29,train,1,2017-12-28,0.2117515014,0
2017-11-30,train,1,2017-12-29,0.6731465792,1
2017-12-01,train,1,2018-01-02,0.6902604795,1
2017-12-04,train,1,2018-01-03,0.6033083338,1
2017-12-05,train,1,2018-01-04,0.7641132972,1
2017-12-06,train,1,2018-01-05,0.7481086493,1
2017-12-07,train,1,2018-01-08,1.032558987,1
2017-12-08,train,1,2018-01-09,0.3046030492,0
2017-12-11,train,1,2018-01-10,0.4211236121,0
2017-12-12,train,1,2018-01-11,0.9889509249,1
2017-12-13,train,1,2018-01-12,1.043782813,1
2017-12-14,train,1,2018-01-16,1.19077016,1
2017-12-15,train,1,2018-01-17,1.068857962,1
2017-12-18,train,1,2018-01-18,1.085844953,1
2017-12-19,train,1,2018-01-19,0.5102938886,1
2017-12-20,train,1,2018-01-22,0.59760758,1
2017-12-21,train,1,2018-01-23,0.4640310508,0
2017-12-22,train,1,2018-01-24,0.8022453441,1
2017-12-26,train,1,2018-01-25,1.1347513,1
2017-12-27,train,1,2018-01-26,0.5405868325,1
2017-12-28,train,1,2018-01-29,0.7529477278,1
2017-12-29,train,1,2018-01-30,0.4922455764,0
2018-01-02,train,1,2018-01-31,0.3657459197,0
2018-01-03,train,1,2018-02-01,0.3911314758,0
2018-01-04,train,1,2018-02-02,0.2538912905,0
2018-01-05,train,0,2018-02-05,1.145239469,1
2018-01-08,train,0,2018-02-06,0.5988255545,1
2018-01-09,train,0,2018-02-07,1.030066838,1
2018-01-10,train,0,2018-02-08,0.8772754186,1
2018-01-11,train,0,2018-02-09,0.3878671074,0
2018-01-12,train,0,2018-02-12,0.3714081925,0
2018-01-16,train,0,2018-02-13,1.007934147,1
2018-01-17,train,0,2018-02-14,0.4606576566,0
2018-01-18,train,0,2018-02-15,1.10923113,1
2018-01-19,train,0,2018-02-16,0.3360013506,0
2018-01-22,train,0,2018-02-20,0.8736545604,1
2018-01-23,train,0,2018-02-21,1.010419822,1
2018-01-24,train,0,2018-02-22,0.4312023344,0
2018-01-25,train,0,2018-02-23,0.4721533094,0
2018-01-26,train,0,2018-02-26,1.160464832,1
2018-01-29,train,0,2018-02-27,0.4605435513,0
2018-01-30,train,0,2018-02-28,0.6259029958,1
2018-01-31,train,0,2018-03-01,0.6284615392,1
2018-02-01,train,0,2018-03-02,0.4489806959,0
2018-02-02,train,0,2018-03-05,0.9717370324,1
2018-02-05,train,1,2018-03-06,0.9677952892,1
2018-02-06,train,1,2018-03-07,0.5742639602,1
2018-02-07,train,1,2018-03-08,1.031071737,1
2018-02-08,train,1,2018-03-09,0.4090208803,0
2018-02-09,train,1,2018-03-12,0.2002517216,0
2018-02-12,train,1,2018-03-13,0.767113308,1
2018-02-13,train,1,2018-03-14,1.190023718,1
2018-02-14,train,1,2018-03-15,0.2345902558,0
2018-02-15,train,1,2018-03-16,0.4039440197,0
2018-02-16,train,0,2018-03-19,0.7148605884,1
2018-02-20,train,1,2018-03-20,1.005886682,1
2018-02-21,train,1,2018-03-21,0.284987951,0
2018-02-22,train,0,2018-03-22,0.5911805997,1
2018-02-23,train,0,2018-03-23,0.9430217466,1
2018-02-26,train,0,2018-03-26,0.5674891544,1
2018-02-27,train,0,2018-03-27,0.3847823664,0
2018-02-28,train,0,2018-03-28,0.3914417733,0
2018-03-01,train,0,2018-03-29,0.6059947329,1
2018-03-02,train,0,2018-04-02,0.6753630208,1
2018-03-05,train,0,2018-04-03,1.057760364,1
2018-03-06,train,0,2018-04-04,0.8381983645,1
2018-03-07,train,0,2018-04-05,0.8863479005,1
2018-03-08,train,0,2018-04-06,1.178933117,1
2018-03-09,train,0,2018-04-09,0.6077893862,1
2018-03-12,train,0,2018-04-10,0.5993003492,1
2018-03-13,train,0,2018-04-11,1.119292914,1
2018-03-14,train,0,2018-04-12,0.441821533,0
2018-03-15,train,0,2018-04-13,0.9257611922,1
2018-03-16,train,0,2018-04-16,0.9505190842,1
2018-03-19,train,0,2018-04-17,0.2937339434,0
2018-03-20,train,0,2018-04-18,0.6641773516,1
2018-03-21,train,0,2018-04-19,0.3965084173,0
2018-03-22,train,1,2018-04-20,0.3813212187,0
2018-03-23,train,1,2018-04-23,0.6597740564,1
2018-03-26,train,0,2018-04-24,0.4853756535,0
2018-03-27,train,1,2018-04-25,0.9920063936,1
2018-03-28,train,1,2018-04-26,1.103550837,1
2018-03-29,train,1,2018-04-27,0.9986665512,1
2018-04-02,train,1,2018-04-30,0.4619768186,0
2018-04-03,train,1,2018-05-01,0.4700803396,0
2018-04-04,train,0,2018-05-02,0.4506742961,0
2018-04-05,train,0,2018-05-03,0.330984042,0
2018-04-06,train,1,2018-05-04,1.139744314,1
2018-04-09,train,1,2018-05-07,0.5979937441,1
2018-04-10,train,1,2018-05-08,0.4206354205,0
2018-04-11,train,1,2018-05-09,1.042616996,1
2018-04-12,train,1,2018-05-10,0.5951412486,1
2018-04-13,train,1,2018-05-11,0.2310627571,0
2018-04-16,train,1,2018-05-14,0.3578875162,0
2018-04-17,train,1,2018-05-15,0.8351962863,1
2018-04-18,train,1,2018-05-16,0.9788512201,1
2018-04-19,train,1,2018-05-17,0.4068803344,0
2018-04-20,train,1,2018-05-18,1.113341535,1
2018-04-23,train,1,2018-05-21,1.046943066,1
2018-04-24,train,1,2018-05-22,1.0443267,1
2018-04-25,train,1,2018-05-23,0.4236070927,0
2018-04-26,train,1,2018-05-24,0.2464819346,0
2018-04-27,train,1,2018-05-25,1.063369485,1
2018-04-30,train,1,2018-05-29,0.5017461747,1
2018-05-01,train,1,2018-05-30,0.8148623271,1
2018-05-02,train,1,2018-05-31,0.9559128296,1
2018-05-03,train,1,2018-06-01,0.3242392045,0
2018-05-04,train,1,2018-06-04,0.9767843005,1
2018-05-07,train,1,2018-06-05,1.134457405,1
2018-05-08,train,1,2018-06-06,0.9243209117,1
2018-05-09,train,1,2018-06-07,0.6371686944,1
2018-05-10,train,1,2018-06-08,1.072624085,1
2018-05-11,train,1,2018-06-11,0.723403576,1
2018-05-14,train,1,2018-06-12,0.9407168738,1
2018-05-15,train,1,2018-06-13,1.01645189,1
2018-05-16,train,1,2018-06-14,0.9452988076,1
2018-05-17,train,1,2018-06-15,0.483800822,0
2018-05-18,train,1,2018-06-18,0.3137898469,0
2018-05-21,train,1,2018-06-19,0.4342844753,0
2018-05-22,train,1,2018-06-20,0.6988208829,1
2018-05-23,train,1,2018-06-21,0.7012228682,1
2018-05-24,train,1,2018-06-22,0.7785902953,1
2018-05-25,train,1,2018-06-25,0.5910477835,1
2018-05-29,train,1,2018-06-26,0.9828373274,1
2018-05-30,train,0,2018-06-27,1.109099696,1
2018-05-31,train,1,2018-06-28,0.4426709994,0
2018-06-01,train,0,2018-06-29,0.9324691636,1
2018-06-04,train,0,2018-07-02,0.8739177985,1
2018-06-05,train,0,2018-07-03,0.7190364452,1
2018-06-06,train,0,2018-07-05,0.3844761798,0
2018-06-07,train,0,2018-07-06,0.9911782045,1
2018-06-08,train,1,2018-07-09,1.156572232,1
2018-06-11,train,1,2018-07-10,0.9177822782,1
2018-06-12,train,0,2018-07-11,1.113805943,1
2018-06-13,train,1,2018-07-12,1.180131211,1
2018-06-14,train,1,2018-07-13,0.5479966202,1
2018-06-15,train,1,2018-07-16,0.8341694989,1
2018-06-18,train,1,2018-07-17,0.6698786836,1
2018-06-19,train,1,2018-07-18,1.182574693,1
2018-06-20,train,1,2018-07-19,0.28975377,0
2018-06-21,train,1,2018-07-20,0.6083208602,1
2018-06-22,train,1,2018-07-23,1.07148499,1
2018-06-25,train,1,2018-07-24,0.4799972565,0
2018-06-26,train,1,2018-07-25,0.9837387966,1
2018-06-27,train,1,2018-07-26,0.5787291087,1
2018-06-28,train,1,2018-07-27,1.175924486,1
2018-06-29,train,1,2018-07-30,1.079475782,1
2018-07-02,train,1,2018-07-31,0.4972663036,0
2018-07-03,train,1,2018-08-01,0.9661390595,1
2018-07-05,train,1,2018-08-02,0.5328024898,1
2018-07-06,train,1,2018-08-03,0.8023087862,1
2018-07-09,train,1,2018-08-06,0.8544267143,1
2018-07-10,train,1,2018-08-07,1.025541355,1
2018-07-11,train,1,2018-08-08,0.2203967868,0
2018-07-12,train,1,2018-08-09,0.4161038371,0
2018-07-13,train,1,2018-08-10,0.9078637565,1
2018-07-16,train,1,2018-08-13,0.7594691829,1
2018-07-17,train,1,2018-08-14,0.6915510241,1
2018-07-18,train,1,2018-08-15,0.2511559027,0
2018-07-19,train,1,2018-08-16,0.5442218294,1
2018-07-20,train,1,2018-08-17,1.061046178,1
2018-07-23,train,1,2018-08-20,0.226838783,0
2018-07-24,train,1,2018-08-21,0.5923821813,1
2018-07-25,train,1,2018-08-22,1.141094234,1
2018-07-26,train,1,2018-08-23,0.2468266805,0
2018-07-27,train,1,2018-08-24,0.945651697,1
2018-07-30,train,1,2018-08-27,0.4535585621,0
2018-07-31,train,1,2018-08-28,1.062554778,1
2018-08-01,train,1,2018-08-29,0.9420139249,1
2018-08-02,train,1,2018-08-30,1.081651117,1
2018-08-03,train,1,2018-08-31,0.4118707364,0
2018-08-06,train,1,2018-09-04,0.7272387008,1
2018-08-07,train,1,2018-09-05,0.9752158895,1
2018-08-08,train,1,2018-09-06,0.4416456889,0
2018-08-09,train,1,2018-09-07,0.4266922512,0
2018-08-10,train,1,2018-09-10,0.2231280794,0
2018-08-13,train,1,2018-09-11,1.15446124,1
2018-08-14,train,1,2018-09-12,0.905962826,1
2018-08-15,train,1,2018-09-13,0.8315063,1
2018-08-16,train,1,2018-09-14,0.9399406686,1
2018-08-17,train,1,2018-09-17,0.7275588646,1
2018-08-20,train,1,2018-09-18,0.672079767,1
2018-08-21,train,1,2018-09-19,0.6454781871,1
2018-08-22,train,1,2018-09-20,0.836385158,1
2018-08-23,train,1,2018-09-21,0.3974809213,0
2018-08-24,train,1,2018-09-24,1.084004641,1
2018-08-27,train,1,2018-09-25,1.007698317,1
2018-08-28,train,1,2018-09-26,0.5455095574,1
2018-08-29,train,1,2018-09-27,0.7745552428,1
2018-08-30,train,1,2018-09-28,0.3369732459,0
2018-08-31,train,1,2018-10-01,1.168292194,1
2018-09-04,train,1,2018-10-02,1.098838634,1
2018-09-05,train,1,2018-10-03,1.117843452,1
2018-09-06,train,1,2018-10-04,0.5281089936,1
2018-09-07,train,1,2018-10-05,0.3650806533,0
2018-09-10,train,1,2018-10-08,0.4077181094,0
2018-09-11,train,0,2018-10-09,0.285947337,0
2018-09-12,train,0,2018-10-10,0.316056576,0
2018-09-13,train,0,2018-10-11,0.2672504801,0
2018-09-14,train,0,2018-10-12,1.185769015,1
2018-09-17,train,0,2018-10-15,0.2700036293,0
2018-09-18,train,0,2018-10-16,0.3284880269,0
2018-09-19,train,0,2018-10-17,1.023200542,1
2018-09-20,train,0,2018-10-18,0.7761861627,1
2018-09-21,train,0,2018-10-19,0.9703631505,1
2018-09-24,train,0,2018-10-22,0.8268579537,1
2018-09-25,train,0,2018-10-23,1.078121016,1
2018-09-26,train,0,2018-10-24,0.8344134737,1
2018-09-27,train,0,2018-10-25,0.7180710388,1
2018-09-28,train,0,2018-10-26,0.9086956397,1
2018-10-01,train,0,2018-10-29,0.6433386977,1
2018-10-02,train,0,2018-10-30,0.5420097689,1
2018-10-03,train,0,2018-10-31,0.6635983984,1
2018-10-04,train,0,2018-11-01,0.365660051,0
2018-10-05,train,0,2018-11-02,0.9925176757,1
2018-10-08,train,0,2018-11-05,0.4566497273,0
2018-10-09,train,0,2018-11-06,0.3494774923,0
2018-10-10,train,1,2018-11-07,0.4422981877,0
2018-10-11,train,1,2018-11-08,1.038016098,1
2018-10-12,train,1,2018-11-09,0.5261472415,1
2018-10-15,train,0,2018-11-12,0.8819958155,1
2018-10-16,train,0,2018-11-13,1.052355577,1
2018-10-17,train,0,2018-11-14,0.2736906129,0
2018-10-18,train,0,2018-11-15,0.9609703511,1
2018-10-19,train,0,2018-11-16,0.5036114123,1
2018-10-22,train,0,2018-11-19,0.4125683101,0
2018-10-23,train,0,2018-11-20,0.8848473984,1
2018-10-24,train,0,2018-11-21,1.105742569,1
2018-10-25,train,0,2018-11-23,0.4909651547,0
2018-10-26,train,1,2018-11-26,0.7647797513,1
2018-10-29,train,1,2018-11-27,0.4857800598,0
2018-10-30,train,1,2018-11-28,0.7502315317,1
2018-10-31,train,1,2018-11-29,0.8178079766,1
2018-11-01,train,1,2018-11-30,0.8062813347,1
2018-11-02,train,1,2018-12-03,0.8194923156,1
2018-11-05,train,0,2018-12-04,0.3310257382,0
2018-11-06,train,0,2018-12-06,0.8894864155,1
2018-11-07,train,0,2018-12-07,0.8706963023,1
2018-11-08,train,0,2018-12-10,0.8785340682,1
2018-11-09,train,0,2018-12-11,0.2700164987,0
2018-11-12,train,0,2018-12-12,0.6427847884,1
2018-11-13,train,0,2018-12-13,0.604981078,1
2018-11-14,train,0,2018-12-14,0.2826574296,0
2018-11-15,train,0,2018-12-17,0.4183138738,0
2018-11-16,train,0,2018-12-18,0.6369085777,1
2018-11-19,train,0,2018-12-19,0.9388522558,1
2018-11-20,train,0,2018-12-20,0.4330080229,0
2018-11-21,train,0,2018-12-21,1.025695856,1
2018-11-23,train,0,2018-12-24,0.7417442317,1
2018-11-26,train,0,2018-12-26,0.9563676311,1
2018-11-27,train,0,2018-12-27,0.6685019293,1
2018-11-28,train,0,2018-12-28,0.6951401714,1
2018-11-29,train,0,2018-12-31,0.8156653353,1
2018-11-30,train,0,2019-01-02,1.123916554,1
2018-12-03,train,0,2019-01-03,0.6877585274,1
2018-12-04,train,0,2019-01-04,0.7246034841,1
2018-12-06,train,0,2019-01-07,0.7979429095,1
2018-12-07,train,0,2019-01-08,0.9334610832,1
2018-12-10,train,0,2019-01-09,0.2677962814,0
2018-12-11,train,0,2019-01-10,0.7116333845,1
2018-12-12,train,0,2019-01-11,0.6775375352,1
2018-12-13,train,0,2019-01-14,1.11763093,1
2018-12-14,train,1,2019-01-15,0.6894525264,1
2018-12-17,train,1,2019-01-16,0.6642664806,1
2018-12-18,train,1,2019-01-17,1.158145934,1
2018-12-19,train,1,2019-01-18,0.6465224095,1
2018-12-20,train,1,2019-01-22,0.3768303763,0
2018-12-21,train,1,2019-01-23,0.4128620688,0
2018-12-24,train,1,2019-01-24,0.2911334843,0
2018-12-26,train,1,2019-01-25,0.1965140752,0
2018-12-27,train,1,2019-01-28,0.6278916069,1
2018-12-28,train,1,2019-01-29,0.9651885272,1
2018-12-31,train,1,2019-01-30,0.9294123887,1
2019-01-02,train,1,2019-01-31,0.2280950337,0
2019-01-03,train,1,2019-02-01,0.7659288495,1
2019-01-04,train,1,2019-02-04,0.3502290714,0
2019-01-07,train,1,2019-02-05,1.137022231,1
2019-01-08,train,1,2019-02-06,0.3633109456,0
2019-01-09,train,1,2019-02-07,0.8225851636,1
2019-01-10,train,1,2019-02-08,0.5221843081,1
2019-01-11,train,1,2019-02-11,0.8375072719,1
2019-01-14,train,1,2019-02-12,0.6082045424,1
2019-01-15,train,1,2019-02-13,0.9555889983,1
2019-01-16,train,1,2019-02-14,0.4266250713,0
2019-01-17,train,1,2019-02-15,1.101737799,1
2019-01-18,train,1,2019-02-19,0.6961555953,1
2019-01-22,train,1,2019-02-20,0.9520390937,1
2019-01-23,train,1,2019-02-21,1.045676137,1
2019-01-24,train,1,2019-02-22,1.194774557,1
2019-01-25,train,1,2019-02-25,0.4198916115,0
2019-01-28,train,1,2019-02-26,0.4828383595,0
2019-01-29,train,1,2019-02-27,0.4463790327,0
2019-01-30,train,1,2019-02-28,0.4588172781,0
2019-01-31,train,1,2019-03-01,0.7783906875,1
2019-02-01,train,1,2019-03-04,1.189468469,1
2019-02-04,train,1,2019-03-05,1.186224033,1
2019-02-05,train,1,2019-03-06,0.7227191773,1
2019-02-06,train,1,2019-03-07,0.8349731562,1
2019-02-07,train,1,2019-03-08,1.05591649,1
2019-02-08,train,1,2019-03-11,1.128879404,1
2019-02-11,train,1,2019-03-12,0.3998065733,0
2019-02-12,train,1,2019-03-13,0.7244876749,1
2019-02-13,train,1,2019-03-14,1.028783001,1
2019-02-14,train,1,2019-03-15,0.4991480226,0
2019-02-15,train,1,2019-03-18,0.6357549884,1
2019-02-19,train,1,2019-03-19,1.181567047,1
2019-02-20,train,1,2019-03-20,1.180992643,1
2019-02-21,train,1,2019-03-21,1.102052757,1
2019-02-22,train,1,2019-03-22,0.9943942908,1
2019-02-25,train,1,2019-03-25,0.4650764467,0
2019-02-26,train,1,2019-03-26,0.51679602,1
2019-02-27,train,1,2019-03-27,0.7432287872,1
2019-02-28,train,1,2019-03-28,0.7567233205,1
2019-03-01,train,1,2019-03-29,0.7014487653,1
2019-03-04,train,1,2019-04-01,0.8326162259,1
2019-03-05,train,1,2019-04-02,0.6042689686,1
2019-03-06,train,1,2019-04-03,0.9451201033,1
2019-03-07,train,1,2019-04-04,0.5294958724,1
2019-03-08,train,1,2019-04-05,0.5266229429,1
2019-03-11,train,1,2019-04-08,0.3231719078,0
2019-03-12,train,1,2019-04-09,0.384658156,0
2019-03-13,train,1,2019-04-10,1.046466825,1
2019-03-14,train,1,2019-04-11,0.6422282845,1
2019-03-15,train,1,2019-04-12,0.4238137325,0
2019-03-18,train,1,2019-04-15,0.955287046,1
2019-03-19,train,1,2019-04-16,0.7499270718,1
2019-03-20,train,1,2019-04-17,0.2171019574,0
2019-03-21,train,1,2019-04-18,0.5123074033,1
2019-03-22,train,1,2019-04-22,0.3729473571,0
2019-03-25,train,1,2019-04-23,0.8518188069,1
2019-03-26,train,1,2019-04-24,0.4709769866,0
2019-03-27,train,1,2019-04-25,0.2608927252,0
2019-03-28,train,1,2019-04-26,0.2508809351,0
2019-03-29,train,1,2019-04-29,0.7776732439,1
2019-04-01,train,1,2019-04-30,0.2176694017,0
2019-04-02,train,1,2019-05-01,1.044738059,1
2019-04-03,train,1,2019-05-02,0.3513430652,0
2019-04-04,train,1,2019-05-03,0.8025122811,1
2019-04-05,train,1,2019-05-06,0.640633974,1
2019-04-08,train,0,2019-05-07,0.6387974672,1
2019-04-09,train,1,2019-05-08,0.2677430883,0
2019-04-10,train,0,2019-05-09,0.9986981962,1
2019-04-11,train,0,2019-05-10,1.088998431,1
2019-04-12,train,0,2019-05-13,0.2069626133,0
2019-04-15,train,0,2019-05-14,0.3745501216,0
2019-04-16,train,0,2019-05-15,1.099850135,1
2019-04-17,train,0,2019-05-16,0.7454395587,1
2019-04-18,train,0,2019-05-17,0.3459855242,0
2019-04-22,train,0,2019-05-20,0.3987363986,0
2019-04-23,train,0,2019-05-21,0.8559321902,1
2019-04-24,train,0,2019-05-22,0.9207627682,1
2019-04-25,train,0,2019-05-23,0.7953727545,1
2019-04-26,train,0,2019-05-24,1.149094326,1
2019-04-29,train,0,2019-05-28,0.6900095496,1
2019-04-30,train,0,2019-05-29,0.4962178581,0
2019-05-01,train,0,2019-05-30,0.6731788559,1
2019-05-02,train,0,2019-05-31,0.5556122396,1
2019-05-03,train,0,2019-06-03,0.4203618386,0
2019-05-06,train,0,2019-06-04,0.2419091953,0
2019-05-07,train,0,2019-06-05,0.5481584395,1
2019-05-08,train,0,2019-06-06,0.9073552937,1
2019-05-09,train,1,2019-06-07,0.2143837488,0
2019-05-10,train,1,2019-06-10,0.6351244592,1
2019-05-13,train,1,2019-06-11,0.8399553474,1
2019-05-14,train,1,2019-06-12,0.8063500551,1
2019-05-15,train,1,2019-06-13,0.9725943818,1
2019-05-16,train,1,2019-06-14,1.006465662,1
2019-05-17,train,1,2019-06-17,0.9076517669,1
2019-05-20,train,1,2019-06-18,0.2987436421,0
2019-05-21,train,1,2019-06-19,0.67096839,1
2019-05-22,train,1,2019-06-20,0.7993519034,1
2019-05-23,train,1,2019-06-21,0.4415119848,0
2019-05-24,train,1,2019-06-24,0.2384977636,0
2019-05-28,train,1,2019-06-25,0.4195362668,0
2019-05-29,train,1,2019-06-26,0.6508403477,1
2019-05-30,train,1,2019-06-27,0.609876265,1
2019-05-31,train,1,2019-06-28,0.3726129273,0
2019-06-03,train,1,2019-07-01,1.020361489,1
2019-06-04,train,1,2019-07-02,1.121632615,1
2019-06-05,train,1,2019-07-03,0.397294265,0
2019-06-06,train,1,2019-07-05,1.125518862,1
2019-06-07,train,1,2019-07-08,0.2138069051,0
2019-06-10,train,1,2019-07-09,1.120908419,1
2019-06-11,train,1,2019-07-10,1.147874736,1
2019-06-12,train,1,2019-07-11,0.207997809,0
2019-06-13,train,1,2019-07-12,0.9589652427,1
2019-06-14,train,1,2019-07-15,1.166147519,1
2019-06-17,train,1,2019-07-16,1.101848165,1
2019-06-18,train,1,2019-07-17,1.166656107,1
2019-06-19,train,1,2019-07-18,0.7462694516,1
2019-06-20,train,1,2019-07-19,0.2741020858,0
2019-06-21,train,1,2019-07-22,1.045735144,1
2019-06-24,train,1,2019-07-23,0.8097742018,1
2019-06-25,train,1,2019-07-24,0.8106826901,1
2019-06-26,train,1,2019-07-25,0.6131995558,1
2019-06-27,train,1,2019-07-26,0.7677879225,1
2019-06-28,train,1,2019-07-29,0.349525725,0
2019-07-01,train,1,2019-07-30,0.9357159725,1
2019-07-02,train,1,2019-07-31,0.2709632533,0
2019-07-03,train,0,2019-08-01,0.925726713,1
2019-07-05,train,0,2019-08-02,1.044924369,1
2019-07-08,train,0,2019-08-05,0.6684146235,1
2019-07-09,train,0,2019-08-06,0.705776312,1
2019-07-10,train,0,2019-08-07,0.5081602189,1
2019-07-11,train,0,2019-08-08,1.16540453,1
2019-07-12,train,0,2019-08-09,0.9290704205,1
2019-07-15,train,0,2019-08-12,0.5649344992,1
2019-07-16,train,0,2019-08-13,0.3707533322,0
2019-07-17,train,0,2019-08-14,0.4155255381,0
2019-07-18,train,0,2019-08-15,0.6598682321,1
2019-07-19,train,0,2019-08-16,1.138514346,1
2019-07-22,train,0,2019-08-19,0.9300922917,1
2019-07-23,train,0,2019-08-20,0.4111896941,0
2019-07-24,train,0,2019-08-21,1.055507079,1
2019-07-25,train,0,2019-08-22,0.574146469,1
2019-07-26,train,0,2019-08-23,1.047668129,1
2019-07-29,train,0,2019-08-26,0.4376455439,0
2019-07-30,train,0,2019-08-27,0.8146065579,1
2019-07-31,train,0,2019-08-28,1.122616434,1
2019-08-01,train,0,2019-08-29,0.4538399551,0
2019-08-02,train,0,2019-08-30,0.8888725365,1
2019-08-05,train,1,2019-09-03,1.183258566,1
2019-08-06,train,1,2019-09-04,0.3465442332,0
2019-08-07,train,1,2019-09-05,0.2843482366,0
2019-08-08,train,1,2019-09-06,0.8701411384,1
2019-08-09,train,1,2019-09-09,0.5356818937,1
2019-08-12,train,1,2019-09-10,0.2671904233,0
2019-08-13,train,1,2019-09-11,0.6712515638,1
2019-08-14,train,1,2019-09-12,0.9497166256,1
2019-08-15,train,1,2019-09-13,0.4810683464,0
2019-08-16,train,1,2019-09-16,0.5309928235,1
2019-08-19,train,1,2019-09-17,1.041645347,1
2019-08-20,train,1,2019-09-18,0.7160178582,1
2019-08-21,train,1,2019-09-19,1.038677915,1
2019-08-22,train,1,2019-09-20,0.6423354381,1
2019-08-23,train,1,2019-09-23,1.148921108,1
2019-08-26,train,1,2019-09-24,0.8467405357,1
2019-08-27,train,1,2019-09-25,0.3118448113,0
2019-08-28,train,1,2019-09-26,1.081038934,1
2019-08-29,train,1,2019-09-27,0.6852111368,1
2019-08-30,train,1,2019-09-30,0.3375849139,0
2019-09-03,train,1,2019-10-01,0.3486360798,0
2019-09-04,train,0,2019-10-02,0.8834798811,1
2019-09-05,train,0,2019-10-03,0.2433184527,0
2019-09-06,train,0,2019-10-04,0.4825397109,0
2019-09-09,train,0,2019-10-07,0.3357335364,0
2019-09-10,train,0,2019-10-08,0.6370233756,1
2019-09-11,train,0,2019-10-09,0.6102997179,1
2019-09-12,train,0,2019-10-10,0.7178223806,1
2019-09-13,train,0,2019-10-11,0.475582275,0
2019-09-16,train,0,2019-10-14,0.2279895353,0
2019-09-17,train,0,2019-10-15,0.8103320525,1
2019-09-18,train,0,2019-10-16,0.5696639488,1
2019-09-19,train,0,2019-10-17,0.8472809447,1
2019-09-20,train,0,2019-10-18,0.3046129168,0
2019-09-23,train,1,2019-10-21,0.2097233012,0
2019-09-24,train,1,2019-10-22,0.4442401938,0
2019-09-25,train,1,2019-10-23,0.6524932689,1
2019-09-26,train,1,2019-10-24,0.5900179201,1
2019-09-27,train,1,2019-10-25,1.006248501,1
2019-09-30,train,1,2019-10-28,0.5737835901,1
2019-10-01,train,1,2019-10-29,0.7263871255,1
2019-10-02,train,1,2019-10-30,0.7894615384,1
2019-10-03,train,1,2019-10-31,0.2177773376,0
2019-10-04,train,1,2019-11-01,0.7110793228,1
2019-10-07,train,1,2019-11-04,0.5407772053,1
2019-10-08,train,1,2019-11-05,0.6172260736,1
2019-10-09,train,1,2019-11-06,0.2962333444,0
2019-10-10,train,1,2019-11-07,0.9787665116,1
2019-10-11,train,1,2019-11-08,1.138350197,1
2019-10-14,train,1,2019-11-11,0.2182147666,0
2019-10-15,train,1,2019-11-12,0.7973187088,1
2019-10-16,train,1,2019-11-13,0.9597900132,1
2019-10-17,train,1,2019-11-14,0.4807535346,0
2019-10-18,train,1,2019-11-15,0.9835015308,1
2019-10-21,train,1,2019-11-18,0.8283009967,1
2019-10-22,train,1,2019-11-19,1.125108578,1
2019-10-23,train,1,2019-11-20,1.176950757,1
2019-10-24,train,1,2019-11-21,0.2382920599,0
2019-10-25,train,1,2019-11-22,0.640883707,1
2019-10-28,train,1,2019-11-25,0.7429337335,1
2019-10-29,train,1,2019-11-26,0.3426891792,0
2019-10-30,train,1,2019-11-27,0.5322317764,1
2019-10-31,train,1,2019-11-29,1.183593394,1
2019-11-01,train,1,2019-12-02,0.2121764023,0
2019-11-04,train,1,2019-12-03,0.6484538775,1
2019-11-05,train,1,2019-12-04,1.038600568,1
2019-11-06,train,1,2019-12-05,0.5198472087,1
2019-11-07,train,1,2019-12-06,0.6757444487,1
2019-11-08,train,1,2019-12-09,1.173991692,1
2019-11-11,train,1,2019-12-10,0.6708227824,1
2019-11-12,train,1,2019-12-11,0.3268672581,0
2019-11-13,train,1,2019-12-12,0.2476674376,0
2019-11-14,train,1,2019-12-13,1.141362518,1
2019-11-15,train,1,2019-12-16,0.4617553592,0
2019-11-18,train,1,2019-12-17,0.7000098525,1
2019-11-19,train,1,2019-12-18,0.286647712,0
2019-11-20,train,1,2019-12-19,0.6196010665,1
2019-11-21,train,1,2019-12-20,1.126051465,1
2019-11-22,train,1,2019-12-23,0.6983589396,1
2019-11-25,train,1,2019-12-24,1.167081098,1
2019-11-26,train,1,2019-12-26,0.4547815832,0
2019-11-27,train,1,2019-12-27,0.7004911856,1
2019-11-29,train,1,2019-12-30,1.055476738,1
2019-12-02,train,1,2019-12-31,0.6441983005,1
2019-12-03,train,1,2020-01-02,0.4754333195,0
2019-12-04,train,1,2020-01-03,1.051421309,1
2019-12-05,train,1,2020-01-06,0.5858354148,1
2019-12-06,train,1,2020-01-07,0.726669237,1
2019-12-09,train,1,2020-01-08,1.172473012,1
2019-12-10,train,1,2020-01-09,0.3824292407,0
2019-12-11,train,1,2020-01-10,0.4973465827,0
2019-12-12,train,1,2020-01-13,0.227015546,0
2019-12-13,train,1,2020-01-14,0.5877836559,1
2019-12-16,train,1,2020-01-15,0.3961293765,0
2019-12-17,train,1,2020-01-16,0.8759808814,1
2019-12-18,train,1,2020-01-17,0.3772674047,0
2019-12-19,train,1,2020-01-21,0.8707586984,1
2019-12-20,train,1,2020-01-22,0.4594213741,0
2019-12-23,train,1,2020-01-23,0.5511637801,1
2019-12-24,train,1,2020-01-24,0.544806598,1
2019-12-26,train,1,2020-01-27,0.9126976961,1
2019-12-27,train,1,2020-01-28,0.6624552091,1
2019-12-30,train,1,2020-01-29,0.5572448448,1
2019-12-31,train,1,2020-01-30,1.048568665,1
2020-01-02,validation,0,2020-01-31,0.8482452086,1
2020-01-03,validation,1,2020-02-03,0.2397212696,0
2020-01-06,validation,1,2020-02-04,0.2159755328,0
2020-01-07,validation,1,2020-02-05,1.035158528,1
2020-01-08,validation,1,2020-02-06,0.7830889935,1
2020-01-09,validation,1,2020-02-07,0.4206511761,0
2020-01-10,validation,1,2020-02-10,0.9477382178,1
2020-01-13,validation,1,2020-02-11,0.4596381434,0
2020-01-14,validation,1,2020-02-12,0.6159238557,1
2020-01-15,validation,1,2020-02-13,0.6469773329,1
2020-01-16,validation,1,2020-02-14,1.151260525,1
2020-01-17,validation,1,2020-02-18,1.087847615,1
2020-01-21,validation,1,2020-02-19,0.4745789715,0
2020-01-22,validation,1,2020-02-20,0.4744802437,0
2020-01-23,validation,1,2020-02-21,0.6179455208,1
2020-01-24,validation,0,2020-02-24,0.2000236709,0
2020-01-27,validation,0,2020-02-25,0.5048697137,1
2020-01-28,validation,0,2020-02-26,1.147699962,1
2020-01-29,validation,0,2020-02-27,1.034150724,1
2020-01-30,validation,0,2020-02-28,0.731074203,1
2020-01-31,validation,0,2020-03-02,0.6814344919,1
2020-02-03,validation,0,2020-03-03,1.141072626,1
2020-02-04,validation,0,2020-03-04,0.7891201334,1
2020-02-05,validation,0,2020-03-05,1.138813865,1
2020-02-06,validation,0,2020-03-06,1.19382769,1
2020-02-07,validation,0,2020-03-09,0.2297106003,0
2020-02-10,validation,0,2020-03-10,0.314506548,0
2020-02-11,validation,0,2020-03-11,0.9571447839,1
2020-02-12,validation,0,2020-03-12,0.3220834149,0
2020-02-13,validation,0,2020-03-13,0.5377888011,1
2020-02-14,validation,0,2020-03-16,0.4959652357,0
2020-02-18,validation,0,2020-03-17,0.7469910365,1
2020-02-19,validation,0,2020-03-18,0.2465657082,0
2020-02-20,validation,0,2020-03-19,0.6469163253,1
2020-02-21,validation,0,2020-03-20,0.7513625081,1
2020-02-24,validation,0,2020-03-23,0.3151164703,0
2020-02-25,validation,0,2020-03-24,0.537371032,1
2020-02-26,validation,0,2020-03-25,0.7004976951,1
2020-02-27,validation,0,2020-03-26,0.4999110565,0
2020-02-28,validation,0,2020-03-27,0.6137822811,1
2020-03-02,validation,0,2020-03-30,0.6105069476,1
2020-03-03,validation,0,2020-03-31,0.2892597881,0
2020-03-04,validation,0,2020-04-01,0.7839423465,1
2020-03-05,validation,0,2020-04-02,0.2700018075,0
2020-03-06,validation,0,2020-04-03,0.7764653778,1
2020-03-09,validation,0,2020-04-06,0.2788174619,0
2020-03-10,validation,0,2020-04-07,0.7350697636,1
2020-03-11,validation,1,2020-04-08,1.046714929,1
2020-03-12,validation,1,2020-04-09,0.4847422063,0
2020-03-13,validation,1,2020-04-13,0.2786908026,0
2020-03-16,validation,1,2020-04-14,0.5164260382,1
2020-03-17,validation,1,2020-04-15,0.6204451394,1
2020-03-18,validation,1,2020-04-16,0.8081115527,1
2020-03-19,validation,1,2020-04-17,0.3474777763,0
2020-03-20,validation,1,2020-04-20,0.1999073097,0
2020-03-23,validation,1,2020-04-21,1.039028259,1
2020-03-24,validation,1,2020-04-22,0.6510352639,1
2020-03-25,validation,1,2020-04-23,0.7695765548,1
2020-03-26,validation,1,2020-04-24,0.997274109,1
2020-03-27,validation,1,2020-04-27,0.9591929839,1
2020-03-30,validation,1,2020-04-28,1.057880011,1
2020-03-31,validation,1,2020-04-29,0.5178969826,1
2020-04-01,validation,1,2020-04-30,0.3897404994,0
2020-04-02,validation,1,2020-05-01,0.2086495282,0
2020-04-03,validation,1,2020-05-04,0.5920029972,1
2020-04-06,validation,1,2020-05-05,0.8024510845,1
2020-04-07,validation,1,2020-05-06,0.7624635772,1
2020-04-08,validation,1,2020-05-07,1.074762165,1
2020-04-09,validation,1,2020-05-08,1.023724269,1
2020-04-13,validation,1,2020-05-11,0.6924812354,1
2020-04-14,validation,1,2020-05-12,0.3186369743,0
2020-04-15,validation,1,2020-05-13,0.6965225478,1
2020-04-16,validation,1,2020-05-14,1.115432035,1
2020-04-17,validation,0,2020-05-15,1.076801757,1
2020-04-20,validation,1,2020-05-18,0.8700215393,1
2020-04-21,validation,1,2020-05-19,0.8548516857,1
2020-04-22,validation,1,2020-05-20,1.024978065,1
2020-04-23,validation,1,2020-05-21,0.8829843566,1
2020-04-24,validation,1,2020-05-22,0.8201387969,1
2020-04-27,validation,1,2020-05-26,0.597707536,1
2020-04-28,validation,1,2020-05-27,0.5954527085,1
2020-04-29,validation,1,2020-05-28,0.6822894839,1
2020-04-30,validation,1,2020-05-29,1.077675845,1
2020-05-01,validation,1,2020-06-01,0.8374727848,1
2020-05-04,validation,1,2020-06-02,1.021410886,1
2020-05-05,validation,1,2020-06-03,0.698626844,1
2020-05-06,validation,1,2020-06-04,0.7324113789,1
2020-05-07,validation,1,2020-06-05,0.8947389014,1
2020-05-08,validation,1,2020-06-08,0.890522224,1
2020-05-11,validation,1,2020-06-09,0.415419403,0
2020-05-12,validation,1,2020-06-10,1.122880682,1
2020-05-13,validation,1,2020-06-11,0.420619629,0
2020-05-14,validation,1,2020-06-12,0.854120235,1
2020-05-15,validation,1,2020-06-15,0.5583010063,1
2020-05-18,validation,1,2020-06-16,0.4774472654,0
2020-05-19,validation,1,2020-06-17,1.18917194,1
2020-05-20,validation,1,2020-06-18,0.8754767992,1
2020-05-21,validation,1,2020-06-19,0.4793052457,0
2020-05-22,validation,1,2020-06-22,0.9231349684,1
2020-05-26,validation,1,2020-06-23,0.9485969898,1
2020-05-27,validation,1,2020-06-24,0.5588144526,1
2020-05-28,validation,1,2020-06-25,1.12911061,1
2020-05-29,validation,0,2020-06-26,1.165431077,1
2020-06-01,validation,1,2020-06-29,0.4613684424,0
2020-06-02,validation,1,2020-06-30,0.926634664,1
2020-06-03,validation,0,2020-07-01,0.3978463514,0
2020-06-04,validation,1,2020-07-02,0.4143651625,0
2020-06-05,validation,0,2020-07-06,0.9685908818,1
2020-06-08,validation,0,2020-07-07,1.141161708,1
2020-06-09,validation,0,2020-07-08,0.6919167003,1
2020-06-10,validation,0,2020-07-09,0.5099772417,1
2020-06-11,validation,1,2020-07-10,0.4782528443,0
2020-06-12,validation,1,2020-07-13,0.649738371,1
2020-06-15,validation,1,2020-07-14,0.8362266093,1
2020-06-16,validation,1,2020-07-15,1.114935516,1
2020-06-17,validation,1,2020-07-16,0.9434650349,1
2020-06-18,validation,1,2020-07-17,1.075506533,1
2020-06-19,validation,1,2020-07-20,0.9547812378,1
2020-06-22,validation,1,2020-07-21,0.6263383201,1
2020-06-23,validation,1,2020-07-22,1.149398967,1
2020-06-24,validation,1,2020-07-23,0.8029714288,1
2020-06-25,validation,1,2020-07-24,0.6491489759,1
2020-06-26,validation,1,2020-07-27,0.8745436053,1
2020-06-29,validation,1,2020-07-28,0.9493962053,1
2020-06-30,validation,1,2020-07-29,0.767291372,1
2020-07-01,validation,1,2020-07-30,0.6792955673,1
2020-07-02,validation,1,2020-07-31,1.109829733,1
2020-07-06,validation,1,2020-08-03,0.703854751,1
2020-07-07,validation,1,2020-08-04,0.7339965763,1
2020-07-08,validation,1,2020-08-05,1.132587825,1
2020-07-09,validation,1,2020-08-06,1.157094819,1
2020-07-10,validation,1,2020-08-07,0.8477545538,1
2020-07-13,validation,1,2020-08-10,0.624157301,1
2020-07-14,validation,1,2020-08-11,0.3406585709,0
2020-07-15,validation,1,2020-08-12,0.2954411907,0
2020-07-16,validation,1,2020-08-13,0.5003306953,1
2020-07-17,validation,1,2020-08-14,0.2059086882,0
2020-07-20,validation,1,2020-08-17,1.044083716,1
2020-07-21,validation,1,2020-08-18,0.4196515603,0
2020-07-22,validation,1,2020-08-19,0.3553708355,0
2020-07-23,validation,1,2020-08-20,0.6879599834,1
2020-07-24,validation,1,2020-08-21,0.8351795936,1
2020-07-27,validation,1,2020-08-24,0.2362867149,0
2020-07-28,validation,1,2020-08-25,0.3233392035,0
2020-07-29,validation,1,2020-08-26,1.155757495,1
2020-07-30,validation,1,2020-08-27,0.8059922691,1
2020-07-31,validation,1,2020-08-28,1.128898398,1
2020-08-03,validation,1,2020-08-31,0.4068282252,0
2020-08-04,validation,1,2020-09-01,0.9962749844,1
2020-08-05,validation,1,2020-09-02,0.3422691579,0
2020-08-06,validation,1,2020-09-03,0.8168333095,1
2020-08-07,validation,1,2020-09-04,1.000242738,1
2020-08-10,validation,0,2020-09-08,0.3639663893,0
2020-08-11,validation,1,2020-09-09,0.2871455178,0
2020-08-12,validation,0,2020-09-10,0.8424249858,1
2020-08-13,validation,0,2020-09-11,0.6749889509,1
2020-08-14,validation,1,2020-09-14,0.7339885379,1
2020-08-17,validation,1,2020-09-15,0.8899042924,1
2020-08-18,validation,1,2020-09-16,1.043057808,1
2020-08-19,validation,0,2020-09-17,0.8329581987,1
2020-08-20,validation,0,2020-09-18,1.02695732,1
2020-08-21,validation,0,2020-09-21,1.169692099,1
2020-08-24,validation,0,2020-09-22,1.184896793,1
2020-08-25,validation,0,2020-09-23,0.5886389577,1
2020-08-26,validation,0,2020-09-24,0.4377246796,0
2020-08-27,validation,0,2020-09-25,1.058710863,1
2020-08-28,validation,0,2020-09-28,0.5263142133,1
2020-08-31,validation,0,2020-09-29,1.002188068,1
2020-09-01,validation,0,2020-09-30,0.3976019522,0
2020-09-02,validation,0,2020-10-01,0.3708382751,0
2020-09-03,validation,0,2020-10-02,0.6298071166,1
2020-09-04,validation,0,2020-10-05,0.5877344693,1
2020-09-08,validation,1,2020-10-06,0.277519698,0
2020-09-09,validation,1,2020-10-07,1.154511873,1
2020-09-10,validation,1,2020-10-08,0.5201215608,1
2020-09-11,validation,1,2020-10-09,0.3116729369,0
2020-09-14,validation,1,2020-10-12,0.4428801483,0
2020-09-15,validation,1,2020-10-13,0.269059913,0
2020-09-16,validation,1,2020-10-14,0.7569893129,1
2020-09-17,validation,1,2020-10-15,0.9898784709,1
2020-09-18,validation,1,2020-10-16,0.866013732,1
2020-09-21,validation,1,2020-10-19,0.5952312161,1
2020-09-22,validation,1,2020-10-20,0.980699083,1
2020-09-23,validation,1,2020-10-21,0.6159364711,1
2020-09-24,validation,1,2020-10-22,0.2028707935,0
2020-09-25,validation,1,2020-10-23,0.6034698412,1
2020-09-28,validation,1,2020-10-26,0.3117795546,0
2020-09-29,validation,1,2020-10-27,0.3434696425,0
2020-09-30,validation,0,2020-10-28,0.3377581739,0
2020-10-01,validation,0,2020-10-29,0.4951941921,0
2020-10-02,validation,0,2020-10-30,0.5261003084,1
2020-10-05,validation,0,2020-11-02,0.7765786253,1
2020-10-06,validation,1,2020-11-03,1.130011286,1
2020-10-07,validation,1,2020-11-04,0.7836523592,1
2020-10-08,validation,1,2020-11-05,1.039455753,1
2020-10-09,validation,1,2020-11-06,1.174512548,1
2020-10-12,validation,1,2020-11-09,0.7227866558,1
2020-10-13,validation,1,2020-11-10,0.298334349,0
2020-10-14,validation,1,2020-11-11,0.2448493418,0
2020-10-15,validation,1,2020-11-12,1.038950339,1
2020-10-16,validation,1,2020-11-13,0.8290459177,1
2020-10-19,validation,1,2020-11-16,0.689762217,1
2020-10-20,validation,1,2020-11-17,0.9257554096,1
2020-10-21,validation,1,2020-11-18,0.1990960987,0
2020-10-22,validation,1,2020-11-19,1.050146549,1
2020-10-23,validation,1,2020-11-20,0.9167689343,1
2020-10-26,validation,1,2020-11-23,0.7357840643,1
2020-10-27,validation,1,2020-11-24,0.8775069385,1
2020-10-28,validation,1,2020-11-25,0.7894824418,1
2020-10-29,validation,1,2020-11-27,0.6417882201,1
2020-10-30,validation,1,2020-11-30,0.694750731,1
2020-11-02,validation,1,2020-12-01,0.202377448,0
2020-11-03,validation,1,2020-12-02,0.8511998995,1
2020-11-04,validation,1,2020-12-03,1.179050514,1
2020-11-05,validation,1,2020-12-04,0.631132889,1
2020-11-06,validation,1,2020-12-07,0.3227785576,0
2020-11-09,validation,1,2020-12-08,0.8328975168,1
2020-11-10,validation,1,2020-12-09,0.6388347438,1
2020-11-11,validation,1,2020-12-10,0.3611144009,0
2020-11-12,validation,1,2020-12-11,0.6659375917,1
2020-11-13,validation,1,2020-12-14,0.3415542274,0
2020-11-16,validation,1,2020-12-15,1.015322886,1
2020-11-17,validation,1,2020-12-16,0.6794048712,1
2020-11-18,validation,1,2020-12-17,0.9486931569,1
2020-11-19,validation,1,2020-12-18,0.3150980984,0
2020-11-20,validation,1,2020-12-21,0.2800512525,0
2020-11-23,validation,1,2020-12-22,1.045421821,1
2020-11-24,validation,1,2020-12-23,0.6309462036,1
2020-11-25,validation,1,2020-12-24,0.9714365632,1
2020-11-27,validation,1,2020-12-28,0.2948027413,0
2020-11-30,validation,1,2020-12-29,0.4327316936,0
2020-12-01,validation,1,2020-12-30,1.106421036,1
2020-12-02,validation,1,2020-12-31,0.3122194915,0
2020-12-03,validation,1,2021-01-04,0.7335865046,1
2020-12-04,validation,1,2021-01-05,0.4736181656,0
2020-12-07,validation,1,2021-01-06,0.4968861642,0
2020-12-08,validation,1,2021-01-07,0.2457162763,0
2020-12-09,validation,1,2021-01-08,0.8761434351,1
2020-12-10,validation,1,2021-01-11,0.2441374072,0
2020-12-11,validation,1,2021-01-12,0.5317785679,1
2020-12-14,validation,1,2021-01-13,0.7308363193,1
2020-12-15,validation,1,2021-01-14,1.168495114,1
2020-12-16,validation,1,2021-01-15,1.048230204,1
2020-12-17,validation,1,2021-01-19,0.6826662284,1
2020-12-18,validation,1,2021-01-20,1.009869123,1
2020-12-21,validation,1,2021-01-21,0.5440205463,1
2020-12-22,validation,1,2021-01-22,0.2292986001,0
2020-12-23,validation,1,2021-01-25,0.4029090047,0
2020-12-24,validation,1,2021-01-26,0.2525316746,0
2020-12-28,validation,1,2021-01-27,0.5178875787,1
2020-12-29,validation,1,2021-01-28,0.7281376971,1
2020-12-30,validation,0,2021-01-29,0.5403897841,1
2020-12-31,validation,1,2021-02-01,0.7231832303,1
2021-01-04,validation,1,2021-02-02,0.7032420684,1
2021-01-05,validation,1,2021-02-03,0.457155166,0
2021-01-06,validation,1,2021-02-04,1.048321964,1
2021-01-07,validation,1,2021-02-05,0.6050348855,1
2021-01-08,validation,1,2021-02-08,0.3996400255,0
2021-01-11,validation,1,2021-02-09,0.7528357569,1
2021-01-12,validation,1,2021-02-10,0.7843526513,1
2021-01-13,validation,1,2021-02-11,0.7964434479,1
2021-01-14,validation,1,2021-02-12,0.916905023,1
2021-01-15,validation,1,2021-02-16,0.6143261933,1
2021-01-19,validation,1,2021-02-17,0.3747059192,0
2021-01-20,validation,1,2021-02-18,1.128213909,1
2021-01-21,validation,1,2021-02-19,0.8441389211,1
2021-01-22,validation,1,2021-02-22,0.327219125,0
2021-01-25,validation,1,2021-02-23,0.3996291376,0
2021-01-26,validation,1,2021-02-24,0.6023281735,1
2021-01-27,validation,1,2021-02-25,0.8005071356,1
2021-01-28,validation,1,2021-02-26,1.183533549,1
2021-01-29,validation,1,2021-03-01,0.4353994784,0
2021-02-01,validation,1,2021-03-02,0.9053647768,1
2021-02-02,validation,0,2021-03-03,1.125678657,1
2021-02-03,validation,0,2021-03-04,0.581052979,1
2021-02-04,validation,0,2021-03-05,0.9025968755,1
2021-02-05,validation,0,2021-03-08,0.3547095401,0
2021-02-08,validation,0,2021-03-09,0.6150075264,1
2021-02-09,validation,0,2021-03-10,0.4914432908,0
2021-02-10,validation,1,2021-03-11,0.5730599053,1
2021-02-11,validation,1,2021-03-12,0.4827990134,0
2021-02-12,validation,1,2021-03-15,0.9759037575,1
2021-02-16,validation,1,2021-03-16,0.7596356522,1
2021-02-17,validation,1,2021-03-17,0.9932158015,1
2021-02-18,validation,1,2021-03-18,0.5647811372,1
2021-02-19,validation,1,2021-03-19,0.5270392005,1
2021-02-22,validation,1,2021-03-22,0.5208484496,1
2021-02-23,validation,1,2021-03-23,0.4401460821,0
2021-02-24,validation,0,2021-03-24,0.9014705521,1
2021-02-25,validation,1,2021-03-25,1.081338702,1
2021-02-26,validation,1,2021-03-26,0.3763203969,0
2021-03-01,validation,1,2021-03-29,0.2327916264,0
2021-03-02,validation,1,2021-03-30,0.2536050533,0
2021-03-03,validation,1,2021-03-31,0.2387334447,0
2021-03-04,validation,1,2021-04-01,0.6851600446,1
2021-03-05,validation,1,2021-04-05,0.9638213192,1
2021-03-08,validation,1,2021-04-06,0.5375457693,1
2021-03-09,validation,1,2021-04-07,0.5998275827,1
2021-03-10,validation,1,2021-04-08,1.088590821,1
2021-03-11,validation,1,2021-04-09,1.113074943,1
2021-03-12,validation,1,2021-04-12,0.2809249099,0
2021-03-15,validation,1,2021-04-13,0.4485124849,0
2021-03-16,validation,1,2021-04-14,1.180339768,1
2021-03-17,validation,1,2021-04-15,0.992117232,1
2021-03-18,validation,1,2021-04-16,1.104549318,1
2021-03-19,validation,1,2021-04-19,0.9995600162,1
2021-03-22,validation,1,2021-04-20,0.6137129858,1
2021-03-23,validation,1,2021-04-21,0.7214582059,1
2021-03-24,validation,1,2021-04-22,0.899195695,1
2021-03-25,validation,1,2021-04-23,0.8977883312,1
2021-03-26,validation,1,2021-04-26,0.7567546749,1
2021-03-29,validation,1,2021-04-27,0.2034152494,0
2021-03-30,validation,1,2021-04-28,1.164984662,1
2021-03-31,validation,1,2021-04-29,0.541399254,1
2021-04-01,validation,1,2021-04-30,0.2491059519,0
2021-04-05,validation,1,2021-05-03,0.8341186965,1
2021-04-06,validation,1,2021-05-04,0.7488808118,1
2021-04-07,validation,1,2021-05-05,0.8026307462,1
2021-04-08,validation,1,2021-05-06,0.9844582479,1
2021-04-09,validation,1,2021-05-07,0.2975133154,0
2021-04-12,validation,1,2021-05-10,1.106226502,1
2021-04-13,validation,1,2021-05-11,0.9391760429,1
2021-04-14,validation,0,2021-05-12,0.4375653115,0
2021-04-15,validation,0,2021-05-13,0.7728810415,1
2021-04-16,validation,0,2021-05-14,1.108885255,1
2021-04-19,validation,1,2021-05-17,0.6236943379,1
2021-04-20,validation,0,2021-05-18,0.8925672774,1
2021-04-21,validation,0,2021-05-19,0.9315744165,1
2021-04-22,validation,1,2021-05-20,1.022342643,1
2021-04-23,validation,0,2021-05-21,0.680795232,1
2021-04-26,validation,1,2021-05-24,0.8237815415,1
2021-04-27,validation,1,2021-05-25,0.7450292344,1
2021-04-28,validation,1,2021-05-26,0.6522570345,1
2021-04-29,validation,0,2021-05-27,0.3986219263,0
2021-04-30,validation,1,2021-05-28,0.6367334663,1
2021-05-03,validation,1,2021-06-01,0.6024594146,1
2021-05-04,validation,1,2021-06-02,0.4080488381,0
2021-05-05,validation,1,2021-06-03,0.2278095371,0
2021-05-06,validation,1,2021-06-04,0.6973842627,1
2021-05-07,validation,1,2021-06-07,0.7870414459,1
2021-05-10,validation,1,2021-06-08,1.118302966,1
2021-05-11,validation,1,2021-06-09,0.7588096161,1
2021-05-12,validation,1,2021-06-10,0.5834459827,1
2021-05-13,validation,1,2021-06-11,0.198166443,0
2021-05-14,validation,1,2021-06-14,0.2836147503,0
2021-05-17,validation,1,2021-06-15,0.4470157652,0
2021-05-18,validation,1,2021-06-16,0.6277745213,1
2021-05-19,validation,1,2021-06-17,0.3669145848,0
2021-05-20,validation,1,2021-06-18,1.062145715,1
2021-05-21,validation,1,2021-06-21,0.2199763929,0
2021-05-24,validation,1,2021-06-22,0.7864036354,1
2021-05-25,validation,1,2021-06-23,0.890427161,1
2021-05-26,validation,1,2021-06-24,0.5064278981,1
2021-05-27,validation,1,2021-06-25,0.7606664821,1
2021-05-28,validation,1,2021-06-28,0.9630930168,1
2021-06-01,validation,1,2021-06-29,0.9800796235,1
2021-06-02,validation,1,2021-06-30,0.3748428141,0
2021-06-03,validation,1,2021-07-01,0.9239700765,1
2021-06-04,validation,1,2021-07-02,1.108282154,1
2021-06-07,validation,1,2021-07-06,0.2896383472,0
2021-06-08,validation,1,2021-07-07,0.5414471553,1
2021-06-09,validation,1,2021-07-08,1.07480356,1
2021-06-10,validation,1,2021-07-09,0.4221071528,0
2021-06-11,validation,1,2021-07-12,0.3858306805,0
2021-06-14,validation,1,2021-07-13,1.108742612,1
2021-06-15,validation,1,2021-07-14,0.8933429458,1
2021-06-16,validation,1,2021-07-15,0.5679438748,1
2021-06-17,validation,1,2021-07-16,1.137853614,1
2021-06-18,validation,1,2021-07-19,1.032300196,1
2021-06-21,validation,1,2021-07-20,0.7610198111,1
2021-06-22,validation,1,2021-07-21,1.01149949,1
2021-06-23,validation,1,2021-07-22,0.787677948,1
2021-06-24,validation,1,2021-07-23,0.7719761052,1
2021-06-25,validation,1,2021-07-26,0.4918566995,0
2021-06-28,validation,1,2021-07-27,0.8024105908,1
2021-06-29,validation,1,2021-07-28,0.2131392809,0
2021-06-30,validation,1,2021-07-29,0.9345953013,1
2021-07-01,validation,1,2021-07-30,1.000581629,1
2021-07-02,validation,1,2021-08-02,0.3786911854,0
2021-07-06,validation,1,2021-08-03,0.4982447036,0
2021-07-07,validation,1,2021-08-04,0.4166578024,0
2021-07-08,validation,1,2021-08-05,0.2259190621,0
2021-07-09,validation,1,2021-08-06,0.5366039215,1
2021-07-12,validation,1,2021-08-09,0.6240802103,1
2021-07-13,validation,1,2021-08-10,0.9892302969,1
2021-07-14,validation,1,2021-08-11,0.9985622243,1
2021-07-15,validation,1,2021-08-12,0.7700771647,1
2021-07-16,validation,1,2021-08-13,0.4279374956,0
2021-07-19,validation,1,2021-08-16,0.9427148973,1
2021-07-20,validation,1,2021-08-17,0.2681554174,0
2021-07-21,validation,1,2021-08-18,0.9599687863,1
2021-07-22,validation,1,2021-08-19,0.5029389562,1
2021-07-23,validation,1,2021-08-20,1.179985398,1
2021-07-26,validation,1,2021-08-23,0.4769705144,0
2021-07-27,validation,1,2021-08-24,0.5002000331,1
2021-07-28,validation,1,2021-08-25,1.070408195,1
2021-07-29,validation,1,2021-08-26,0.4586616778,0
2021-07-30,validation,1,2021-08-27,1.092999807,1
2021-08-02,validation,1,2021-08-30,0.2171518706,0
2021-08-03,validation,1,2021-08-31,1.172549823,1
2021-08-04,validation,1,2021-09-01,1.037810772,1
2021-08-05,validation,1,2021-09-02,0.6049294813,1
2021-08-06,validation,1,2021-09-03,1.023051775,1
2021-08-09,validation,1,2021-09-07,1.099300516,1
2021-08-10,validation,1,2021-09-08,1.058399662,1
2021-08-11,validation,1,2021-09-09,0.3921384394,0
2021-08-12,validation,1,2021-09-10,0.2274950534,0
2021-08-13,validation,1,2021-09-13,0.6423046826,1
2021-08-16,validation,0,2021-09-14,1.175237714,1
2021-08-17,validation,1,2021-09-15,0.6693459143,1
2021-08-18,validation,1,2021-09-16,0.6114254997,1
2021-08-19,validation,1,2021-09-17,0.5735971072,1
2021-08-20,validation,0,2021-09-20,0.8036058102,1
2021-08-23,validation,0,2021-09-21,1.072580751,1
2021-08-24,validation,0,2021-09-22,1.03676607,1
2021-08-25,validation,0,2021-09-23,0.2100199006,0
2021-08-26,validation,0,2021-09-24,0.586349246,1
2021-08-27,validation,0,2021-09-27,0.2370802499,0
2021-08-30,validation,0,2021-09-28,0.5465371052,1
2021-08-31,validation,0,2021-09-29,0.3203605237,0
2021-09-01,validation,0,2021-09-30,0.3278701602,0
2021-09-02,validation,0,2021-10-01,0.8984328803,1
2021-09-03,validation,0,2021-10-04,0.4911284757,0
2021-09-07,validation,0,2021-10-05,0.4962771844,0
2021-09-08,validation,0,2021-10-06,0.8022603832,1
2021-09-09,validation,0,2021-10-07,0.6540231648,1
2021-09-10,validation,0,2021-10-08,0.4130692625,0
2021-09-13,validation,0,2021-10-11,0.3416397805,0
2021-09-14,validation,0,2021-10-12,0.2488273781,0
2021-09-15,validation,0,2021-10-13,1.158591263,1
2021-09-16,validation,0,2021-10-14,0.6898140468,1
2021-09-17,validation,1,2021-10-15,0.7006809546,1
2021-09-20,validation,1,2021-10-18,0.713392179,1
2021-09-21,validation,1,2021-10-19,0.9192978507,1
2021-09-22,validation,1,2021-10-20,1.163867143,1
2021-09-23,validation,1,2021-10-21,0.4451412376,0
2021-09-24,validation,1,2021-10-22,0.2030194887,0
2021-09-27,validation,1,2021-10-25,0.729121104,1
2021-09-28,validation,1,2021-10-26,0.9037245368,1
2021-09-29,validation,1,2021-10-27,0.6275493067,1
2021-09-30,validation,1,2021-10-28,0.4511163755,0
2021-10-01,validation,1,2021-10-29,0.7229407483,1
2021-10-04,validation,1,2021-11-01,0.9399866428,1
2021-10-05,validation,1,2021-11-02,0.6480824542,1
2021-10-06,validation,1,2021-11-03,1.163608774,1
2021-10-07,validation,1,2021-11-04,0.7946582917,1
2021-10-08,validation,1,2021-11-05,0.7119983956,1
2021-10-11,validation,1,2021-11-08,0.2830897109,0
2021-10-12,validation,1,2021-11-09,0.7439358346,1
2021-10-13,validation,1,2021-11-10,0.2889688433,0
2021-10-14,validation,1,2021-11-11,0.2646457056,0
2021-10-15,validation,1,2021-11-12,1.009259533,1
2021-10-18,validation,1,2021-11-15,1.060969301,1
2021-10-19,validation,1,2021-11-16,0.6927847408,1
2021-10-20,validation,1,2021-11-17,0.4574103332,0
2021-10-21,validation,1,2021-11-18,0.4380803131,0
2021-10-22,validation,1,2021-11-19,0.9161204948,1
2021-10-25,validation,1,2021-11-22,0.2047386756,0
2021-10-26,validation,1,2021-11-23,0.8253668063,1
2021-10-27,validation,1,2021-11-24,0.6442645525,1
2021-10-28,validation,1,2021-11-26,1.121774802,1
2021-10-29,validation,1,2021-11-29,0.9502466283,1
2021-11-01,validation,0,2021-11-30,0.5747251932,1
2021-11-02,validation,0,2021-12-01,0.8483248595,1
2021-11-03,validation,0,2021-12-02,0.3192397474,0
2021-11-04,validation,0,2021-12-03,0.259828854,0
2021-11-05,validation,0,2021-12-06,0.953982347,1
2021-11-08,validation,0,2021-12-07,0.8061771758,1
2021-11-09,validation,1,2021-12-08,0.5293308274,1
2021-11-10,validation,1,2021-12-09,0.8874913084,1
2021-11-11,validation,1,2021-12-10,1.076839439,1
2021-11-12,validation,0,2021-12-13,0.3961129046,0
2021-11-15,validation,0,2021-12-14,0.6906193825,1
2021-11-16,validation,1,2021-12-15,0.3015819052,0
2021-11-17,validation,0,2021-12-16,0.4909976237,0
2021-11-18,validation,0,2021-12-17,0.4682915519,0
2021-11-19,validation,0,2021-12-20,0.7472225539,1
2021-11-22,validation,0,2021-12-21,1.019027174,1
2021-11-23,validation,1,2021-12-22,0.261454174,0
2021-11-24,validation,1,2021-12-23,0.5101961189,1
2021-11-26,validation,1,2021-12-27,0.2958224962,0
2021-11-29,validation,1,2021-12-28,0.277048396,0
2021-11-30,validation,1,2021-12-29,0.6053888528,1
2021-12-01,validation,1,2021-12-30,0.4500587116,0
2021-12-02,validation,1,2021-12-31,1.057751766,1
2021-12-03,validation,1,2022-01-03,0.6797499196,1
2021-12-06,validation,1,2022-01-04,0.493296331,0
2021-12-07,validation,1,2022-01-05,0.7043757693,1
2021-12-08,validation,0,2022-01-06,0.5043563402,1
2021-12-09,validation,1,2022-01-07,0.9966641799,1
2021-12-10,validation,0,2022-01-10,0.231682324,0
2021-12-13,validation,1,2022-01-11,0.8133816529,1
2021-12-14,validation,1,2022-01-12,0.2172136196,0
2021-12-15,validation,0,2022-01-13,0.6134053853,1
2021-12-16,validation,0,2022-01-14,0.7149681673,1
2021-12-17,validation,0,2022-01-18,0.3100157121,0
2021-12-20,validation,0,2022-01-19,0.9904630611,1
2021-12-21,validation,0,2022-01-20,0.6407932632,1
2021-12-22,validation,0,2022-01-21,0.975446807,1
2021-12-23,validation,0,2022-01-24,0.4762170489,0
2021-12-27,validation,0,2022-01-25,0.6737738673,1
2021-12-28,validation,0,2022-01-26,0.3385653143,0
2021-12-29,validation,0,2022-01-27,0.8614344881,1
2021-12-30,validation,0,2022-01-28,0.3503758683,0
2021-12-31,validation,0,2022-01-31,0.764680025,1
2022-01-03,validation,0,2022-02-01,0.8493438899,1
2022-01-04,validation,0,2022-02-02,0.6164126761,1
2022-01-05,validation,0,2022-02-03,1.023279003,1
2022-01-06,validation,0,2022-02-04,1.186841215,1
2022-01-07,validation,0,2022-02-07,0.9598851997,1
2022-01-10,validation,0,2022-02-08,0.3558394251,0
2022-01-11,validation,0,2022-02-09,0.3437756537,0
2022-01-12,validation,0,2022-02-10,0.4363365337,0
2022-01-13,validation,0,2022-02-11,0.5584057367,1
2022-01-14,validation,0,2022-02-14,0.8722260571,1
2022-01-18,validation,0,2022-02-15,1.115804179,1
2022-01-19,validation,0,2022-02-16,0.8249626995,1
2022-01-20,validation,0,2022-02-17,1.191528607,1
2022-01-21,validation,0,2022-02-18,0.9682177472,1
2022-01-24,validation,0,2022-02-22,0.6201537881,1
2022-01-25,validation,0,2022-02-23,0.2183630505,0
2022-01-26,validation,0,2022-02-24,1.095500061,1
2022-01-27,validation,1,2022-02-25,0.9234293579,1
2022-01-28,validation,0,2022-02-28,0.3833228814,0
2022-01-31,validation,0,2022-03-01,0.380453178,0
2022-02-01,validation,0,2022-03-02,0.6009704723,1
2022-02-02,validation,0,2022-03-03,0.4984919508,0
2022-02-03,validation,0,2022-03-04,0.6586033501,1
2022-02-04,validation,0,2022-03-07,0.9517581864,1
2022-02-07,validation,0,2022-03-08,0.5690774901,1
2022-02-08,validation,0,2022-03-09,0.4779986763,0
2022-02-09,validation,0,2022-03-10,0.3233333059,0
2022-02-10,validation,0,2022-03-11,0.7271100684,1
2022-02-11,validation,0,2022-03-14,0.4763288591,0
2022-02-14,validation,0,2022-03-15,0.324677295,0
2022-02-15,validation,0,2022-03-16,0.4632418153,0
2022-02-16,validation,0,2022-03-17,0.3818526628,0
2022-02-17,validation,1,2022-03-18,0.8834149816,1
2022-02-18,validation,1,2022-03-21,0.6641527784,1
2022-02-22,validation,1,2022-03-22,0.4205969039,0
2022-02-23,validation,1,2022-03-23,1.163327942,1
2022-02-24,validation,1,2022-03-24,1.029046035,1
2022-02-25,validation,1,2022-03-25,0.736774723,1
2022-02-28,validation,1,2022-03-28,0.9796447092,1
2022-03-01,validation,1,2022-03-29,1.038275836,1
2022-03-02,validation,1,2022-03-30,0.4185795467,0
2022-03-03,validation,1,2022-03-31,0.9857097267,1
2022-03-04,validation,1,2022-04-01,0.7818480958,1
2022-03-07,validation,1,2022-04-04,0.2776246197,0
2022-03-08,validation,1,2022-04-05,0.2725700924,0
2022-03-09,validation,1,2022-04-06,0.9506895639,1
2022-03-10,validation,1,2022-04-07,0.5034552814,1
2022-03-11,validation,1,2022-04-08,1.055337034,1
2022-03-14,validation,1,2022-04-11,0.8870025882,1
2022-03-15,validation,1,2022-04-12,1.115834132,1
2022-03-16,validation,1,2022-04-13,0.7423277821,1
2022-03-17,validation,0,2022-04-14,1.146497053,1
2022-03-18,validation,0,2022-04-18,0.2103905775,0
2022-03-21,validation,1,2022-04-19,0.8840590482,1
2022-03-22,validation,0,2022-04-20,0.5536688345,1
2022-03-23,validation,0,2022-04-21,0.6789271178,1
2022-03-24,validation,0,2022-04-22,0.7456530294,1
2022-03-25,validation,0,2022-04-25,0.845926893,1
2022-03-28,validation,0,2022-04-26,0.3524954307,0
2022-03-29,validation,0,2022-04-27,0.6937940364,1
2022-03-30,validation,0,2022-04-28,0.9010605453,1
2022-03-31,validation,0,2022-04-29,0.3659465005,0
2022-04-01,validation,0,2022-05-02,0.2567335467,0
2022-04-04,validation,0,2022-05-03,1.020993336,1
2022-04-05,validation,0,2022-05-04,0.5190143104,1
2022-04-06,validation,0,2022-05-05,0.4362703533,0
2022-04-07,validation,0,2022-05-06,0.4720867161,0
2022-04-08,validation,0,2022-05-09,1.127626213,1
2022-04-11,validation,0,2022-05-10,0.833242381,1
2022-04-12,validation,0,2022-05-11,1.127109977,1
2022-04-13,validation,0,2022-05-12,0.9932113534,1
2022-04-14,validation,0,2022-05-13,1.066480341,1
2022-04-18,validation,0,2022-05-16,0.2843745181,0
2022-04-19,validation,0,2022-05-17,0.3081034714,0
2022-04-20,validation,0,2022-05-18,1.096739409,1
2022-04-21,validation,0,2022-05-19,0.9125658381,1
2022-04-22,validation,0,2022-05-20,0.9722790497,1
2022-04-25,validation,0,2022-05-23,0.7251048623,1
2022-04-26,validation,0,2022-05-24,0.4706122868,0
2022-04-27,validation,0,2022-05-25,0.6391452325,1
2022-04-28,validation,0,2022-05-26,1.154460994,1
2022-04-29,validation,1,2022-05-27,1.039648827,1
2022-05-02,validation,0,2022-05-31,0.5529478359,1
2022-05-03,validation,0,2022-06-01,0.7057757981,1
2022-05-04,validation,0,2022-06-02,0.8216889589,1
2022-05-05,validation,0,2022-06-03,0.7103931204,1
2022-05-06,validation,1,2022-06-06,0.568745224,1
2022-05-09,validation,1,2022-06-07,0.7636277887,1
2022-05-10,validation,1,2022-06-08,0.7802540479,1
2022-05-11,validation,1,2022-06-09,0.623535788,1
2022-05-12,validation,0,2022-06-10,0.2983352588,0
2022-05-13,validation,0,2022-06-13,0.8587376718,1
2022-05-16,validation,0,2022-06-14,1.044510811,1
2022-05-17,validation,0,2022-06-15,0.3687856693,0
2022-05-18,validation,0,2022-06-16,0.8275487728,1
2022-05-19,validation,0,2022-06-17,0.586677187,1
2022-05-20,validation,0,2022-06-21,0.6877819643,1
2022-05-23,validation,0,2022-06-22,0.8336070118,1
2022-05-24,validation,0,2022-06-23,0.4165204581,0
2022-05-25,validation,0,2022-06-24,0.5280060501,1
2022-05-26,validation,0,2022-06-27,0.7528602548,1
2022-05-27,validation,0,2022-06-28,0.9388942603,1
2022-05-31,validation,0,2022-06-29,0.477809294,0
2022-06-01,validation,0,2022-06-30,0.6265041731,1
2022-06-02,validation,0,2022-07-01,0.4420898225,0
2022-06-03,validation,0,2022-07-05,0.5117230745,1
2022-06-06,validation,0,2022-07-06,0.5612101898,1
2022-06-07,validation,0,2022-07-07,0.6627048704,1
2022-06-08,validation,0,2022-07-08,0.2369597512,0
2022-06-09,validation,0,2022-07-11,0.5526868038,1
2022-06-10,validation,0,2022-07-12,0.9748098323,1
2022-06-13,validation,1,2022-07-13,0.5042025825,1
2022-06-14,validation,1,2022-07-14,1.037076495,1
2022-06-15,validation,1,2022-07-15,0.5180274974,1
2022-06-16,validation,1,2022-07-18,0.9208800563,1
2022-06-17,validation,1,2022-07-19,1.028712623,1
2022-06-21,validation,1,2022-07-20,0.9738778741,1
2022-06-22,validation,1,2022-07-21,1.162234604,1
2022-06-23,validation,1,2022-07-22,0.9096922336,1
2022-06-24,validation,1,2022-07-25,1.081091828,1
2022-06-27,validation,1,2022-07-26,0.3949283302,0
2022-06-28,validation,1,2022-07-27,1.193787987,1
2022-06-29,validation,1,2022-07-28,1.079622679,1
2022-06-30,validation,1,2022-07-29,0.3350409606,0
2022-07-01,validation,1,2022-08-01,0.6936210855,1
2022-07-05,validation,1,2022-08-02,0.8515676972,1
2022-07-06,validation,1,2022-08-03,0.8931756568,1
2022-07-07,validation,1,2022-08-04,0.2583410289,0
2022-07-08,validation,1,2022-08-05,0.7600898312,1
2022-07-11,validation,1,2022-08-08,0.6106721237,1
2022-07-12,validation,1,2022-08-09,0.2451902539,0
2022-07-13,validation,1,2022-08-10,0.6164146984,1
2022-07-14,validation,1,2022-08-11,0.9820628502,1
2022-07-15,validation,1,2022-08-12,1.029686183,1
2022-07-18,validation,1,2022-08-15,1.182105697,1
2022-07-19,validation,1,2022-08-16,0.5041577397,1
2022-07-20,validation,1,2022-08-17,0.2323808792,0
2022-07-21,validation,1,2022-08-18,0.8727954723,1
2022-07-22,validation,1,2022-08-19,0.8045378348,1
2022-07-25,validation,1,2022-08-22,0.3447586711,0
2022-07-26,validation,1,2022-08-23,0.8503080939,1
2022-07-27,validation,1,2022-08-24,0.7486145756,1
2022-07-28,validation,1,2022-08-25,0.6412955405,1
2022-07-29,validation,0,2022-08-26,0.5094053154,1
2022-08-01,validation,0,2022-08-29,0.8189546656,1
2022-08-02,validation,0,2022-08-30,0.5340200039,1
2022-08-03,validation,0,2022-08-31,0.2965352467,0
2022-08-04,validation,0,2022-09-01,1.015790742,1
2022-08-05,validation,0,2022-09-02,0.2621801591,0
2022-08-08,validation,0,2022-09-06,1.0971233,1
2022-08-09,validation,0,2022-09-07,0.4596662673,0
2022-08-10,validation,0,2022-09-08,0.9419469801,1
2022-08-11,validation,0,2022-09-09,0.8306187492,1
2022-08-12,validation,0,2022-09-12,0.2555314702,0
2022-08-15,validation,0,2022-09-13,0.5905602611,1
2022-08-16,validation,0,2022-09-14,0.8208562312,1
2022-08-17,validation,0,2022-09-15,1.026177221,1
2022-08-18,validation,0,2022-09-16,0.3949640317,0
2022-08-19,validation,0,2022-09-19,1.10747701,1
2022-08-22,validation,0,2022-09-20,0.5583488075,1
2022-08-23,validation,0,2022-09-21,0.954127795,1
2022-08-24,validation,0,2022-09-22,0.3010049832,0
2022-08-25,validation,0,2022-09-23,0.5917159239,1
2022-08-26,validation,0,2022-09-26,1.043565686,1
2022-08-29,validation,0,2022-09-27,0.7196241517,1
2022-08-30,validation,0,2022-09-28,0.9600031604,1
2022-08-31,validation,0,2022-09-29,0.2151596065,0
2022-09-01,validation,0,2022-09-30,0.3197329337,0
2022-09-02,validation,0,2022-10-03,0.3160606657,0
2022-09-06,validation,0,2022-10-04,0.929641174,1
2022-09-07,validation,0,2022-10-05,1.060752443,1
2022-09-08,validation,0,2022-10-06,0.8469350825,1
2022-09-09,validation,0,2022-10-07,0.4561167865,0
2022-09-12,validation,0,2022-10-10,0.6193389546,1
2022-09-13,validation,0,2022-10-11,0.4182844743,0
2022-09-14,validation,0,2022-10-12,0.9931594999,1
2022-09-15,validation,0,2022-10-13,0.6747037284,1
2022-09-16,validation,0,2022-10-14,1.172878229,1
2022-09-19,validation,0,2022-10-17,0.6089928415,1
2022-09-20,validation,0,2022-10-18,0.5942991349,1
2022-09-21,validation,0,2022-10-19,1.149287312,1
2022-09-22,validation,0,2022-10-20,0.92961883,1
2022-09-23,validation,1,2022-10-21,0.4301315903,0
2022-09-26,validation,1,2022-10-24,0.7599497424,1
2022-09-27,validation,1,2022-10-25,0.3746520688,0
2022-09-28,validation,1,2022-10-26,0.5652262018,1
2022-09-29,validation,1,2022-10-27,0.5078476201,1
2022-09-30,validation,1,2022-10-28,0.2805165547,0
2022-10-03,validation,1,2022-10-31,0.3650767219,0
2022-10-04,validation,1,2022-11-01,0.8352434906,1
2022-10-05,validation,0,2022-11-02,0.8482344081,1
2022-10-06,validation,0,2022-11-03,0.8154167826,1
2022-10-07,validation,1,2022-11-04,0.3532743706,0
2022-10-10,validation,1,2022-11-07,0.9118920446,1
2022-10-11,validation,1,2022-11-08,0.3590559412,0
2022-10-12,validation,1,2022-11-09,0.2769395236,0
2022-10-13,validation,1,2022-11-10,0.9347484616,1
2022-10-14,validation,1,2022-11-11,0.9215082566,1
2022-10-17,validation,1,2022-11-14,0.4657305214,0
2022-10-18,validation,1,2022-11-15,0.8857723766,1
2022-10-19,validation,1,2022-11-16,0.5063494957,1
2022-10-20,validation,1,2022-11-17,0.6755558796,1
2022-10-21,validation,1,2022-11-18,0.263914667,0
2022-10-24,validation,1,2022-11-21,0.7975655314,1
2022-10-25,validation,1,2022-11-22,0.4640770433,0
2022-10-26,validation,1,2022-11-23,0.6709262281,1
2022-10-27,validation,1,2022-11-25,1.15034194,1
2022-10-28,validation,1,2022-11-28,0.5357979411,1
2022-10-31,validation,1,2022-11-29,1.142320969,1
2022-11-01,validation,1,2022-11-30,1.189364421,1
2022-11-02,validation,1,2022-12-01,0.5484631562,1
2022-11-03,validation,1,2022-12-02,1.120583443,1
2022-11-04,validation,1,2022-12-05,0.7051763008,1
2022-11-07,validation,1,2022-12-06,0.8696386814,1
2022-11-08,validation,1,2022-12-07,0.9170133266,1
2022-11-09,validation,1,2022-12-08,0.2667365266,0
2022-11-10,validation,0,2022-12-09,0.9675008368,1
2022-11-11,validation,1,2022-12-12,0.5194330232,1
2022-11-14,validation,1,2022-12-13,0.2273503024,0
2022-11-15,validation,1,2022-12-14,0.5511077597,1
2022-11-16,validation,0,2022-12-15,0.235256188,0
2022-11-17,validation,0,2022-12-16,0.6713959918,1
2022-11-18,validation,0,2022-12-19,0.5726802953,1
2022-11-21,validation,0,2022-12-20,1.148169258,1
2022-11-22,validation,0,2022-12-21,0.8985684797,1
2022-11-23,validation,0,2022-12-22,1.0469046,1
2022-11-25,validation,0,2022-12-23,1.180943081,1
2022-11-28,validation,0,2022-12-27,1.010235977,1
2022-11-29,validation,0,2022-12-28,1.184494871,1
2022-11-30,validation,0,2022-12-29,0.2529169718,0
2022-12-01,validation,0,2022-12-30,0.9880212363,1
2022-12-02,validation,0,2023-01-03,0.394116863,0
2022-12-05,validation,0,2023-01-04,0.7662999802,1
2022-12-06,validation,0,2023-01-05,0.7918664245,1
2022-12-07,validation,0,2023-01-06,1.07423828,1
2022-12-08,validation,0,2023-01-09,0.5160508692,1
2022-12-09,validation,0,2023-01-10,0.6976006182,1
2022-12-12,validation,0,2023-01-11,0.9393090306,1
2022-12-13,validation,0,2023-01-12,0.8644043726,1
2022-12-14,validation,1,2023-01-13,0.5607980163,1
2022-12-15,validation,1,2023-01-17,0.5248935492,1
2022-12-16,validation,1,2023-01-18,0.6512619953,1
2022-12-19,validation,1,2023-01-19,0.820047977,1
2022-12-20,validation,1,2023-01-20,0.4824226267,0
2022-12-21,validation,1,2023-01-23,0.6009162876,1
2022-12-22,validation,1,2023-01-24,0.5925915439,1
2022-12-23,validation,1,2023-01-25,0.5612804531,1
2022-12-27,validation,1,2023-01-26,0.4853343699,0
2022-12-28,validation,1,2023-01-27,1.035770979,1
2022-12-29,validation,1,2023-01-30,0.6152564964,1
2022-12-30,validation,1,2023-01-31,0.6263463551,1
2023-01-03,test,1,2023-02-01,0.308209074,0
2023-01-04,test,1,2023-02-02,0.4437566391,0
2023-01-05,test,1,2023-02-03,0.5914142922,1
2023-01-06,test,1,2023-02-06,1.154827513,1
2023-01-09,test,1,2023-02-07,0.3479606891,0
2023-01-10,test,1,2023-02-08,1.042937238,1
2023-01-11,test,1,2023-02-09,0.3486888354,0
2023-01-12,test,1,2023-02-10,0.5236055133,1
2023-01-13,test,1,2023-02-13,0.8633663817,1
2023-01-17,test,1,2023-02-14,0.8021777359,1
2023-01-18,test,1,2023-02-15,1.140579728,1
2023-01-19,test,1,2023-02-16,0.5970443452,1
2023-01-20,test,1,2023-02-17,1.125285376,1
2023-01-23,test,0,2023-02-21,1.112392257,1
2023-01-24,test,0,2023-02-22,0.9012153063,1
2023-01-25,test,1,2023-02-23,0.2051056752,0
2023-01-26,test,0,2023-02-24,0.9830428644,1
2023-01-27,test,0,2023-02-27,1.086398753,1
2023-01-30,test,0,2023-02-28,0.7095063841,1
2023-01-31,test,0,2023-03-01,0.3828062533,0
2023-02-01,test,0,2023-03-02,0.366436795,0
2023-02-02,test,0,2023-03-03,1.031038703,1
2023-02-03,test,0,2023-03-06,0.2728846577,0
2023-02-06,test,0,2023-03-07,0.7318499934,1
2023-02-07,test,0,2023-03-08,0.3890674477,0
2023-02-08,test,0,2023-03-09,0.4869239023,0
2023-02-09,test,0,2023-03-10,1.162798041,1
2023-02-10,test,0,2023-03-13,0.4622686779,0
2023-02-13,test,0,2023-03-14,0.8691536869,1
2023-02-14,test,0,2023-03-15,0.9530287327,1
2023-02-15,test,0,2023-03-16,0.4738758307,0
2023-02-16,test,0,2023-03-17,0.3322031153,0
2023-02-17,test,0,2023-03-20,0.9578041553,1
2023-02-21,test,1,2023-03-21,0.6392629457,1
2023-02-22,test,0,2023-03-22,0.473523165,0
2023-02-23,test,0,2023-03-23,0.3972663844,0
2023-02-24,test,1,2023-03-24,1.16926515,1
2023-02-27,test,1,2023-03-27,0.8319504781,1
2023-02-28,test,1,2023-03-28,0.7087074568,1
2023-03-01,test,1,2023-03-29,0.2998390729,0
2023-03-02,test,1,2023-03-30,1.09808766,1
2023-03-03,test,1,2023-03-31,0.5184304005,1
2023-03-06,test,1,2023-04-03,0.9763846214,1
2023-03-07,test,1,2023-04-04,1.090980317,1
2023-03-08,test,1,2023-04-05,0.3914893016,0
2023-03-09,test,1,2023-04-06,1.163591686,1
2023-03-10,test,1,2023-04-10,1.079841458,1
2023-03-13,test,1,2023-04-11,0.7517697474,1
2023-03-14,test,1,2023-04-12,0.9099577295,1
2023-03-15,test,1,2023-04-13,0.4630376755,0
2023-03-16,test,1,2023-04-14,0.9093478284,1
2023-03-17,test,1,2023-04-17,0.6167772778,1
2023-03-20,test,1,2023-04-18,0.5111342721,1
2023-03-21,test,1,2023-04-19,0.8825153659,1
2023-03-22,test,1,2023-04-20,0.5687713952,1
2023-03-23,test,1,2023-04-21,0.8901584571,1
2023-03-24,test,1,2023-04-24,1.037173405,1
2023-03-27,test,1,2023-04-25,0.4564629207,0
2023-03-28,test,1,2023-04-26,0.3921428687,0
2023-03-29,test,1,2023-04-27,0.5060094644,1
2023-03-30,test,1,2023-04-28,0.6093928895,1
2023-03-31,test,1,2023-05-01,0.9140673633,1
2023-04-03,test,0,2023-05-02,0.6231277395,1
2023-04-04,test,0,2023-05-03,0.8791108602,1
2023-04-05,test,0,2023-05-04,1.181029251,1
2023-04-06,test,1,2023-05-05,0.4193573275,0
2023-04-10,test,1,2023-05-08,0.9440697611,1
2023-04-11,test,1,2023-05-09,0.6624309404,1
2023-04-12,test,1,2023-05-10,0.6038103296,1
2023-04-13,test,0,2023-05-11,0.7873027615,1
2023-04-14,test,0,2023-05-12,0.303802932,0
2023-04-17,test,0,2023-05-15,0.5010095546,1
2023-04-18,test,0,2023-05-16,0.4595948795,0
2023-04-19,test,1,2023-05-17,0.7960740323,1
2023-04-20,test,1,2023-05-18,0.4106344574,0
2023-04-21,test,1,2023-05-19,0.2330343914,0
2023-04-24,test,1,2023-05-22,0.2262909072,0
2023-04-25,test,1,2023-05-23,0.9601841061,1
2023-04-26,test,1,2023-05-24,0.8694643792,1
2023-04-27,test,1,2023-05-25,1.035205811,1
2023-04-28,test,1,2023-05-26,0.8628293299,1
2023-05-01,test,1,2023-05-30,0.2378944749,0
2023-05-02,test,1,2023-05-31,0.8867751113,1
2023-05-03,test,1,2023-06-01,0.7326376762,1
2023-05-04,test,1,2023-06-02,1.147436363,1
2023-05-05,test,1,2023-06-05,0.4154308649,0
2023-05-08,test,1,2023-06-06,0.2634532886,0
2023-05-09,test,1,2023-06-07,1.018534046,1
2023-05-10,test,1,2023-06-08,0.6083318327,1
2023-05-11,test,1,2023-06-09,0.6556118489,1
2023-05-12,test,1,2023-06-12,0.9026009439,1
2023-05-15,test,1,2023-06-13,0.3685541556,0
2023-05-16,test,1,2023-06-14,0.6366689402,1
2023-05-17,test,1,2023-06-15,0.98796925,1
2023-05-18,test,1,2023-06-16,0.7797277328,1
2023-05-19,test,1,2023-06-20,1.08881453,1
2023-05-22,test,1,2023-06-21,1.051024229,1
2023-05-23,test,1,2023-06-22,0.45913976,0
2023-05-24,test,1,2023-06-23,0.9814033094,1
2023-05-25,test,1,2023-06-26,0.8217876374,1
2023-05-26,test,1,2023-06-27,0.306732919,0
2023-05-30,test,1,2023-06-28,0.4492670212,0
2023-05-31,test,1,2023-06-29,0.9394192162,1
2023-06-01,test,1,2023-06-30,1.031591736,1
2023-06-02,test,1,2023-07-03,0.3407665608,0
2023-06-05,test,1,2023-07-05,0.8897368976,1
2023-06-06,test,1,2023-07-06,0.5115361647,1
2023-06-07,test,1,2023-07-07,0.3691571445,0
2023-06-08,test,1,2023-07-10,0.284212521,0
2023-06-09,test,1,2023-07-11,0.2843732756,0
2023-06-12,test,1,2023-07-12,0.648605179,1
2023-06-13,test,1,2023-07-13,0.3017560405,0
2023-06-14,test,1,2023-07-14,0.7916453457,1
2023-06-15,test,1,2023-07-17,1.010726391,1
2023-06-16,test,1,2023-07-18,0.6081548097,1
2023-06-20,test,1,2023-07-19,0.8053150756,1
2023-06-21,test,1,2023-07-20,1.021963996,1
2023-06-22,test,1,2023-07-21,1.009722427,1
2023-06-23,test,1,2023-07-24,0.4991774413,0
2023-06-26,test,1,2023-07-25,0.7513776654,1
2023-06-27,test,1,2023-07-26,0.6607071165,1
2023-06-28,test,1,2023-07-27,0.3055027686,0
2023-06-29,test,1,2023-07-28,0.3854130619,0
2023-06-30,test,1,2023-07-31,0.2699849613,0
2023-07-03,test,1,2023-08-01,0.4078915723,0
2023-07-05,test,1,2023-08-02,1.143529329,1
2023-07-06,test,1,2023-08-03,1.092572906,1
2023-07-07,test,1,2023-08-04,1.00900906,1
2023-07-10,test,1,2023-08-07,1.032129621,1
2023-07-11,test,1,2023-08-08,1.10510499,1
2023-07-12,test,0,2023-08-09,0.3738024509,0
2023-07-13,test,0,2023-08-10,0.7661728232,1
2023-07-14,test,0,2023-08-11,0.5621802967,1
2023-07-17,test,0,2023-08-14,0.3781771171,0
2023-07-18,test,0,2023-08-15,0.3224611486,0
2023-07-19,test,0,2023-08-16,1.054116869,1
2023-07-20,test,0,2023-08-17,0.8239750128,1
2023-07-21,test,0,2023-08-18,0.8938414665,1
2023-07-24,test,0,2023-08-21,1.076672861,1
2023-07-25,test,0,2023-08-22,0.3742568175,0
2023-07-26,test,0,2023-08-23,1.17862736,1
2023-07-27,test,0,2023-08-24,0.6769403741,1
2023-07-28,test,0,2023-08-25,0.5296617097,1
2023-07-31,test,0,2023-08-28,1.123047806,1
2023-08-01,test,0,2023-08-29,0.4462543775,0
2023-08-02,test,1,2023-08-30,1.044997047,1
2023-08-03,test,1,2023-08-31,0.3477451829,0
2023-08-04,test,1,2023-09-01,0.7861389316,1
2023-08-07,test,0,2023-09-05,0.8060187127,1
2023-08-08,test,0,2023-09-06,0.5181416328,1
2023-08-09,test,0,2023-09-07,0.7966809359,1
2023-08-10,test,0,2023-09-08,1.125775417,1
2023-08-11,test,1,2023-09-11,0.5590478619,1
2023-08-14,test,0,2023-09-12,0.3048949934,0
2023-08-15,test,1,2023-09-13,0.6434520961,1
2023-08-16,test,1,2023-09-14,0.2880310924,0
2023-08-17,test,1,2023-09-15,0.8438502096,1
2023-08-18,test,1,2023-09-18,0.9252188698,1
2023-08-21,test,1,2023-09-19,0.2210493049,0
2023-08-22,test,1,2023-09-20,1.016482742,1
2023-08-23,test,0,2023-09-21,0.8712116815,1
2023-08-24,test,0,2023-09-22,0.6315838435,1
2023-08-25,test,0,2023-09-25,0.1914314321,0
2023-08-28,test,0,2023-09-26,0.3643252249,0
2023-08-29,test,0,2023-09-27,0.640903522,1
2023-08-30,test,0,2023-09-28,0.9982163694,1
2023-08-31,test,0,2023-09-29,0.2312686629,0
2023-09-01,test,0,2023-10-02,0.8826689227,1
2023-09-05,test,0,2023-10-03,0.2028755698,0
2023-09-06,test,0,2023-10-04,0.7175042486,1
2023-09-07,test,0,2023-10-05,0.4700171469,0
2023-09-08,test,0,2023-10-06,0.9650845452,1
2023-09-11,test,0,2023-10-09,0.3401875014,0
2023-09-12,test,0,2023-10-10,1.035676646,1
2023-09-13,test,0,2023-10-11,0.943305977,1
2023-09-14,test,0,2023-10-12,1.161436413,1
2023-09-15,test,0,2023-10-13,0.7324344426,1
2023-09-18,test,0,2023-10-16,0.4061295421,0
2023-09-19,test,0,2023-10-17,0.9284410133,1
2023-09-20,test,0,2023-10-18,0.7214633621,1
2023-09-21,test,0,2023-10-19,0.2073629634,0
2023-09-22,test,0,2023-10-20,0.3665261038,0
2023-09-25,test,0,2023-10-23,0.4253360167,0
2023-09-26,test,0,2023-10-24,0.8769429149,1
2023-09-27,test,0,2023-10-25,1.078818663,1
2023-09-28,test,0,2023-10-26,0.3525826463,0
2023-09-29,test,0,2023-10-27,0.6369169416,1
2023-10-02,test,0,2023-10-30,0.8167876767,1
2023-10-03,test,0,2023-10-31,1.025647065,1
2023-10-04,test,0,2023-11-01,1.061961594,1
2023-10-05,test,1,2023-11-02,0.6540503391,1
2023-10-06,test,1,2023-11-03,0.3582415174,0
2023-10-09,test,1,2023-11-06,0.3811527231,0
2023-10-10,test,1,2023-11-07,0.8268110207,1
2023-10-11,test,1,2023-11-08,0.6892432449,1
2023-10-12,test,1,2023-11-09,0.2469345842,0
2023-10-13,test,1,2023-11-10,1.138105173,1
2023-10-16,test,1,2023-11-13,0.8457071864,1
2023-10-17,test,1,2023-11-14,0.9976780244,1
2023-10-18,test,1,2023-11-15,0.5597443468,1
2023-10-19,test,1,2023-11-16,0.6671103142,1
2023-10-20,test,1,2023-11-17,0.5313210902,1
2023-10-23,test,1,2023-11-20,0.3776740546,0
2023-10-24,test,1,2023-11-21,1.10240291,1
2023-10-25,test,1,2023-11-22,1.054668027,1
2023-10-26,test,1,2023-11-24,0.748165997,1
2023-10-27,test,1,2023-11-27,0.5271151762,1
2023-10-30,test,1,2023-11-28,0.4774479216,0
2023-10-31,test,1,2023-11-29,0.3166144449,0
2023-11-01,test,1,2023-11-30,0.8883674424,1
2023-11-02,test,1,2023-12-01,0.2303288165,0
2023-11-03,test,1,2023-12-04,0.7908127854,1
2023-11-06,test,1,2023-12-05,0.9374001837,1
2023-11-07,test,1,2023-12-06,0.1911388904,0
2023-11-08,test,1,2023-12-07,0.8110128362,1
2023-11-09,test,1,2023-12-08,0.8147996347,1
2023-11-10,test,1,2023-12-11,0.2729200918,0
2023-11-13,test,1,2023-12-12,0.9101161419,1
2023-11-14,test,1,2023-12-13,0.3950154648,0
2023-11-15,test,1,2023-12-14,0.6308644956,1
2023-11-16,test,1,2023-12-15,0.4522709263,0
2023-11-17,test,1,2023-12-18,0.2932090838,0
2023-11-20,test,1,2023-12-19,0.9730463884,1
2023-11-21,test,1,2023-12-20,0.8591348916,1
2023-11-22,test,1,2023-12-21,0.9805710453,1
2023-11-24,test,1,2023-12-22,0.6360422118,1
2023-11-27,test,1,2023-12-26,0.4617885331,0
2023-11-28,test,1,2023-12-27,0.8751913022,1
2023-11-29,test,1,2023-12-28,0.5436034474,1
2023-11-30,test,1,2023-12-29,0.8725813373,1
2023-12-01,test,1,2024-01-02,0.3208614628,0
2023-12-04,test,1,2024-01-03,0.5352350604,1
2023-12-05,test,1,2024-01-04,1.028620913,1
2023-12-06,test,1,2024-01-05,0.4474782764,0
2023-12-07,test,1,2024-01-08,0.3896325943,0
2023-12-08,test,1,2024-01-09,0.5722544165,1
2023-12-11,test,1,2024-01-10,0.5817424343,1
2023-12-12,test,1,2024-01-11,0.3135190951,0
2023-12-13,test,1,2024-01-12,0.6476515479,1
2023-12-14,test,1,2024-01-16,0.4388423716,0
2023-12-15,test,1,2024-01-17,1.176839882,1
2023-12-18,test,1,2024-01-18,0.6270737082,1
2023-12-19,test,1,2024-01-19,0.4432513184,0
2023-12-20,test,1,2024-01-22,0.2364430281,0
2023-12-21,test,1,2024-01-23,0.9949333512,1
2023-12-22,test,1,2024-01-24,0.6316072863,1
2023-12-26,test,1,2024-01-25,0.4192812263,0
2023-12-27,test,1,2024-01-26,0.4158944955,0
2023-12-28,test,1,2024-01-29,0.9048036189,1
2023-12-29,test,1,2024-01-30,0.7511367378,1
2024-01-02,test,1,2024-01-31,0.6138608911,1
2024-01-03,test,1,2024-02-01,0.3121508776,0
2024-01-04,test,1,2024-02-02,0.2813706806,0
2024-01-05,test,1,2024-02-05,0.5521746924,1
2024-01-08,test,1,2024-02-06,0.288014498,0
2024-01-09,test,1,2024-02-07,0.1928557637,0
2024-01-10,test,1,2024-02-08,0.9788083358,1
2024-01-11,test,1,2024-02-09,0.3546654094,0
2024-01-12,test,1,2024-02-12,0.9680521597,1
2024-01-16,test,1,2024-02-13,0.5017054242,1
2024-01-17,test,1,2024-02-14,0.6589498936,1
2024-01-18,test,1,2024-02-15,0.983179551,1
2024-01-19,test,1,2024-02-16,0.7888220686,1
2024-01-22,test,1,2024-02-20,0.6486887735,1
2024-01-23,test,1,2024-02-21,0.4673286309,0
2024-01-24,test,1,2024-02-22,0.2432337086,0
2024-01-25,test,1,2024-02-23,0.9239176801,1
2024-01-26,test,1,2024-02-26,1.00551038,1
2024-01-29,test,1,2024-02-27,0.4584986533,0
2024-01-30,test,1,2024-02-28,0.4715882877,0
2024-01-31,test,1,2024-02-29,1.010228259,1
2024-02-01,test,1,2024-03-01,0.1995620501,0
2024-02-02,test,1,2024-03-04,0.2254798354,0
2024-02-05,test,1,2024-03-05,1.028106449,1
2024-02-06,test,1,2024-03-06,0.5658237382,1
2024-02-07,test,1,2024-03-07,0.5594398882,1
2024-02-08,test,1,2024-03-08,0.5219209243,1
2024-02-09,test,1,2024-03-11,0.4667722809,0
2024-02-12,test,1,2024-03-12,0.8691064027,1
2024-02-13,test,1,2024-03-13,0.3056230179,0
2024-02-14,test,1,2024-03-14,1.058346397,1
2024-02-15,test,1,2024-03-15,1.179283786,1
2024-02-16,test,1,2024-03-18,0.9893747987,1
2024-02-20,test,1,2024-03-19,0.402844191,0
2024-02-21,test,1,2024-03-20,0.9403882178,1
2024-02-22,test,1,2024-03-21,1.029800423,1
2024-02-23,test,1,2024-03-22,0.2999629088,0
2024-02-26,test,1,2024-03-25,0.7977158367,1
2024-02-27,test,1,2024-03-26,0.3225523329,0
2024-02-28,test,1,2024-03-27,0.8364648387,1
2024-02-29,test,1,2024-03-28,0.3561757285,0
2024-03-01,test,1,2024-04-01,0.2947178403,0
2024-03-04,test,1,2024-04-02,0.5456647616,1
2024-03-05,test,1,2024-04-03,0.5064709662,1
2024-03-06,test,1,2024-04-04,0.7862702721,1
2024-03-07,test,1,2024-04-05,0.7099137246,1
2024-03-08,test,1,2024-04-08,0.9882396694,1
2024-03-11,test,1,2024-04-09,0.5019098451,1
2024-03-12,test,0,2024-04-10,0.2544031543,0
2024-03-13,test,1,2024-04-11,0.905341915,1
2024-03-14,test,0,2024-04-12,0.4927908868,0
2024-03-15,test,0,2024-04-15,0.6498840307,1
2024-03-18,test,0,2024-04-16,0.3207143929,0
2024-03-19,test,0,2024-04-17,0.3238442166,0
2024-03-20,test,0,2024-04-18,0.5978220396,1
2024-03-21,test,0,2024-04-19,1.045751027,1
2024-03-22,test,0,2024-04-22,0.2720260769,0
2024-03-25,test,0,2024-04-23,0.6653358565,1
2024-03-26,test,0,2024-04-24,0.3020699659,0
2024-03-27,test,0,2024-04-25,0.5044485502,1
2024-03-28,test,0,2024-04-26,1.032774379,1
2024-04-01,test,0,2024-04-29,1.033503913,1
2024-04-02,test,0,2024-04-30,0.4426014912,0
2024-04-03,test,0,2024-05-01,1.070216584,1
2024-04-04,test,0,2024-05-02,0.7741844748,1
2024-04-05,test,0,2024-05-03,0.7359060838,1
2024-04-08,test,0,2024-05-06,1.158543375,1
2024-04-09,test,0,2024-05-07,0.8143472475,1
2024-04-10,test,1,2024-05-08,0.6013810608,1
2024-04-11,test,1,2024-05-09,0.6639642813,1
2024-04-12,test,1,2024-05-10,1.162882093,1
2024-04-15,test,1,2024-05-13,0.6396156391,1
2024-04-16,test,1,2024-05-14,0.4341630063,0
2024-04-17,test,1,2024-05-15,0.6737483948,1
2024-04-18,test,1,2024-05-16,0.3998562904,0
2024-04-19,test,1,2024-05-17,0.7223930466,1
2024-04-22,test,1,2024-05-20,1.044903568,1
2024-04-23,test,1,2024-05-21,0.2364974175,0
2024-04-24,test,1,2024-05-22,0.3772500707,0
2024-04-25,test,1,2024-05-23,0.9303877196,1
2024-04-26,test,1,2024-05-24,0.3690368467,0
2024-04-29,test,1,2024-05-28,0.3912243109,0
2024-04-30,test,1,2024-05-29,0.7749734468,1
2024-05-01,test,1,2024-05-30,0.6803515773,1
2024-05-02,test,1,2024-05-31,0.2170911865,0
2024-05-03,test,1,2024-06-03,0.310776799,0
2024-05-06,test,1,2024-06-04,0.9567072884,1
2024-05-07,test,1,2024-06-05,0.6292249928,1
2024-05-08,test,1,2024-06-06,0.4532295772,0
2024-05-09,test,1,2024-06-07,0.4504663467,0
2024-05-10,test,1,2024-06-10,0.8640704066,1
2024-05-13,test,1,2024-06-11,0.8599933415,1
2024-05-14,test,1,2024-06-12,0.8925563078,1
2024-05-15,test,1,2024-06-13,0.8364831066,1
2024-05-16,test,1,2024-06-14,0.6644916099,1
2024-05-17,test,1,2024-06-17,0.5927700936,1
2024-05-20,test,1,2024-06-18,0.456150782,0
2024-05-21,test,1,2024-06-20,0.4084001554,0
2024-05-22,test,1,2024-06-21,1.09327915,1
2024-05-23,test,1,2024-06-24,0.2225882669,0
2024-05-24,test,1,2024-06-25,0.8691778255,1
2024-05-28,test,1,2024-06-26,0.4120303553,0
2024-05-29,test,1,2024-06-27,0.6462167374,1
2024-05-30,test,1,2024-06-28,1.131029333,1
2024-05-31,test,1,2024-07-01,1.144273714,1
2024-06-03,test,1,2024-07-02,0.4333578048,0
2024-06-04,test,1,2024-07-03,0.2328454114,0
2024-06-05,test,1,2024-07-05,1.156630405,1
2024-06-06,test,1,2024-07-08,0.8548279675,1
2024-06-07,test,1,2024-07-09,1.015792277,1
2024-06-10,test,1,2024-07-10,1.015452818,1
2024-06-11,test,1,2024-07-11,0.6336068097,1
2024-06-12,test,1,2024-07-12,0.7893211075,1
2024-06-13,test,1,2024-07-15,0.4073185592,0
2024-06-14,test,1,2024-07-16,0.4285049971,0
2024-06-17,test,1,2024-07-17,0.7080980656,1
2024-06-18,test,1,2024-07-18,1.058926527,1
2024-06-20,test,1,2024-07-19,0.5801393682,1
2024-06-21,test,1,2024-07-22,0.4951594639,0
2024-06-24,test,1,2024-07-23,0.6665587748,1
2024-06-25,test,0,2024-07-24,0.3007023063,0
2024-06-26,test,0,2024-07-25,0.7133068032,1
2024-06-27,test,0,2024-07-26,0.8983549958,1
2024-06-28,test,1,2024-07-29,0.6600368128,1
2024-07-01,test,0,2024-07-30,0.9769335888,1
2024-07-02,test,1,2024-07-31,0.3894802318,0
2024-07-03,test,0,2024-08-01,0.9236921565,1
2024-07-05,test,0,2024-08-02,1.010093444,1
2024-07-08,test,0,2024-08-05,0.9075396409,1
2024-07-09,test,0,2024-08-06,0.9399547612,1
2024-07-10,test,0,2024-08-07,1.020220307,1
2024-07-11,test,0,2024-08-08,0.2332374487,0
2024-07-12,test,0,2024-08-09,0.6500410898,1
2024-07-15,test,0,2024-08-12,0.7633327689,1
2024-07-16,test,0,2024-08-13,0.5543398409,1
2024-07-17,test,0,2024-08-14,0.6242911333,1
2024-07-18,test,1,2024-08-15,1.123899354,1
2024-07-19,test,1,2024-08-16,0.214547627,0
2024-07-22,test,1,2024-08-19,1.178426425,1
2024-07-23,test,1,2024-08-20,1.067847494,1
2024-07-24,test,1,2024-08-21,0.3437355971,0
2024-07-25,test,1,2024-08-22,0.6512454799,1
2024-07-26,test,1,2024-08-23,1.008214669,1
2024-07-29,test,1,2024-08-26,0.5263204069,1
2024-07-30,test,1,2024-08-27,0.750433536,1
2024-07-31,test,1,2024-08-28,0.5710160448,1
2024-08-01,test,1,2024-08-29,1.107274845,1
2024-08-02,test,1,2024-08-30,0.5845574462,1
2024-08-05,test,1,2024-09-03,0.6352252695,1
2024-08-06,test,1,2024-09-04,0.6182698433,1
2024-08-07,test,1,2024-09-05,0.7148996295,1
2024-08-08,test,1,2024-09-06,1.112964171,1
2024-08-09,test,1,2024-09-09,0.7806363533,1
2024-08-12,test,1,2024-09-10,0.2041030111,0
2024-08-13,test,1,2024-09-11,0.762666247,1
2024-08-14,test,1,2024-09-12,0.2372797883,0
2024-08-15,test,1,2024-09-13,0.4205088755,0
2024-08-16,test,1,2024-09-16,1.125532173,1
2024-08-19,test,1,2024-09-17,0.1953066455,0
2024-08-20,test,1,2024-09-18,1.169068683,1
2024-08-21,test,1,2024-09-19,0.3192537575,0
2024-08-22,test,1,2024-09-20,0.4597874146,0
2024-08-23,test,1,2024-09-23,0.5534658837,1
2024-08-26,test,1,2024-09-24,1.010419468,1
2024-08-27,test,1,2024-09-25,1.098211701,1
2024-08-28,test,1,2024-09-26,0.9573731208,1
2024-08-29,test,1,2024-09-27,0.4594483654,0
2024-08-30,test,1,2024-09-30,1.048693699,1
2024-09-03,test,1,2024-10-01,0.6306321236,1
2024-09-04,test,1,2024-10-02,0.2517378769,0
2024-09-05,test,1,2024-10-03,0.6833029536,1
2024-09-06,test,1,2024-10-04,0.232657576,0
2024-09-09,test,1,2024-10-07,0.5986419302,1
2024-09-10,test,1,2024-10-08,0.7312074084,1
2024-09-11,test,1,2024-10-09,0.3588562808,0
2024-09-12,test,1,2024-10-10,0.2411509595,0
2024-09-13,test,1,2024-10-11,1.091740476,1
2024-09-16,test,1,2024-10-14,0.8491351876,1
2024-09-17,test,1,2024-10-15,0.605262266,1
2024-09-18,test,1,2024-10-16,0.9409351536,1
2024-09-19,test,1,2024-10-17,0.5259002678,1
2024-09-20,test,1,2024-10-18,0.9493575,1
2024-09-23,test,1,2024-10-21,0.7751325618,1
2024-09-24,test,1,2024-10-22,0.4836774416,0
2024-09-25,test,1,2024-10-23,0.9385960313,1
2024-09-26,test,1,2024-10-24,0.5884536695,1
2024-09-27,test,1,2024-10-25,0.817613224,1
2024-09-30,test,1,2024-10-28,0.7734251959,1
2024-10-01,test,1,2024-10-29,0.711661176,1
2024-10-02,test,1,2024-10-30,0.9667152843,1
2024-10-03,test,1,2024-10-31,0.3244989905,0
2024-10-04,test,0,2024-11-01,0.2270272523,0
2024-10-07,test,1,2024-11-04,0.2356977045,0
2024-10-08,test,1,2024-11-05,0.6503536505,1
2024-10-09,test,1,2024-11-06,0.3397995575,0
2024-10-10,test,1,2024-11-07,0.9174408,1
2024-10-11,test,1,2024-11-08,0.5426347792,1
2024-10-14,test,1,2024-11-11,0.6217518347,1
2024-10-15,test,1,2024-11-12,0.3266530412,0
2024-10-16,test,1,2024-11-13,0.6354089336,1
2024-10-17,test,1,2024-11-14,1.045116388,1
2024-10-18,test,1,2024-11-15,0.7965732742,1
2024-10-21,test,1,2024-11-18,0.2168869136,0
2024-10-22,test,1,2024-11-19,0.7756255498,1
2024-10-23,test,1,2024-11-20,0.9703711112,1
2024-10-24,test,1,2024-11-21,0.7827069499,1
2024-10-25,test,1,2024-11-22,0.5447479959,1
2024-10-28,test,1,2024-11-25,0.902428474,1
2024-10-29,test,1,2024-11-26,1.167961677,1
2024-10-30,test,1,2024-11-27,0.6537504446,1
2024-10-31,test,1,2024-11-29,0.2453255723,0
2024-11-01,test,1,2024-12-02,0.9998419082,1
2024-11-04,test,1,2024-12-03,0.8350006586,1
2024-11-05,test,1,2024-12-04,0.8409850598,1
2024-11-06,test,1,2024-12-05,0.487300296,0
2024-11-07,test,1,2024-12-06,0.7064464716,1
2024-11-08,test,1,2024-12-09,0.8132013291,1
2024-11-11,test,1,2024-12-10,1.087727326,1
2024-11-12,test,1,2024-12-11,0.489860211,0
2024-11-13,test,1,2024-12-12,0.3339453948,0
2024-11-14,test,1,2024-12-13,0.2771433858,0
2024-11-15,test,1,2024-12-16,0.2312181257,0
2024-11-18,test,1,2024-12-17,0.3856356565,0
2024-11-19,test,0,2024-12-18,0.6044327362,1
2024-11-20,test,0,2024-12-19,0.4278792455,0
2024-11-21,test,0,2024-12-20,1.0046387,1
2024-11-22,test,1,2024-12-23,0.3760446612,0
2024-11-25,test,1,2024-12-24,0.5292259149,1
2024-11-26,test,1,2024-12-26,1.069686021,1
2024-11-27,test,0,2024-12-27,0.996550054,1
2024-11-29,test,0,2024-12-30,0.5276354307,1
2024-12-02,test,0,2024-12-31,0.9006697339,1
2024-12-03,test,0,2025-01-02,0.4200463866,0
2024-12-04,test,0,2025-01-03,1.137037649,1
2024-12-05,test,0,2025-01-06,1.154379081,1
2024-12-06,test,0,2025-01-07,0.6308397101,1
2024-12-09,test,0,2025-01-08,0.1979223342,0
2024-12-10,test,0,2025-01-10,1.089528965,1
2024-12-11,test,0,2025-01-13,0.1986602477,0
2024-12-12,test,0,2025-01-14,0.3255745202,0
2024-12-13,test,0,2025-01-15,1.047914148,1
2024-12-16,test,0,2025-01-16,1.096167254,1
2024-12-17,test,0,2025-01-17,1.043227665,1
2024-12-18,test,1,2025-01-21,0.4446215858,0
2024-12-19,test,1,2025-01-22,1.152463003,1
2024-12-20,test,1,2025-01-23,0.8949240488,1
2024-12-23,test,1,2025-01-24,0.4689123369,0
2024-12-24,test,0,2025-01-27,0.3087539896,0
2024-12-26,test,1,2025-01-28,0.3639886685,0
2024-12-27,test,1,2025-01-29,0.2481430905,0
2024-12-30,test,1,2025-01-30,1.039958085,1
2024-12-31,test,1,2025-01-31,0.9946366867,1
2025-01-02,test,1,2025-02-03,1.065968998,1
2025-01-03,test,1,2025-02-04,1.17425048,1
2025-01-06,test,1,2025-02-05,0.8477095828,1
2025-01-07,test,1,2025-02-06,0.218815677,0
2025-01-08,test,1,2025-02-07,0.4191574621,0
2025-01-10,test,1,2025-02-10,0.335382462,0
2025-01-13,test,1,2025-02-11,0.7692722628,1
2025-01-14,test,1,2025-02-12,0.6631075554,1
2025-01-15,test,1,2025-02-13,1.11808206,1
2025-01-16,test,1,2025-02-14,0.5779533554,1
2025-01-17,test,1,2025-02-18,0.2460874411,0
2025-01-21,test,1,2025-02-19,0.2094719776,0
2025-01-22,test,1,2025-02-20,0.9962553964,1
2025-01-23,test,0,2025-02-21,0.8208691439,1
2025-01-24,test,0,2025-02-24,0.3764130888,0
2025-01-27,test,0,2025-02-25,1.092105491,1
2025-01-28,test,0,2025-02-26,0.7445298666,1
2025-01-29,test,0,2025-02-27,0.7935697804,1
2025-01-30,test,0,2025-02-28,1.106264441,1
2025-01-31,test,0,2025-03-03,0.236234488,0
2025-02-03,test,0,2025-03-04,1.029891937,1
2025-02-04,test,0,2025-03-05,1.163648722,1
2025-02-05,test,0,2025-03-06,0.4627270988,0
2025-02-06,test,0,2025-03-07,0.7267423091,1
2025-02-07,test,0,2025-03-10,0.6092345963,1
2025-02-10,test,0,2025-03-11,0.2541724438,0
2025-02-11,test,0,2025-03-12,0.6899939244,1
2025-02-12,test,0,2025-03-13,1.081215923,1
2025-02-13,test,0,2025-03-14,0.3425291468,0
2025-02-14,test,0,2025-03-17,0.3999183279,0
2025-02-18,test,0,2025-03-18,0.7323836549,1
2025-02-19,test,0,2025-03-19,0.2302550057,0
2025-02-20,test,0,2025-03-20,0.4316164124,0
2025-02-21,test,0,2025-03-21,0.6382834807,1
2025-02-24,test,0,2025-03-24,0.9529552787,1
2025-02-25,test,0,2025-03-25,0.4665445662,0
2025-02-26,test,0,2025-03-26,0.3477359955,0
2025-02-27,test,0,2025-03-27,0.2597820374,0
2025-02-28,test,0,2025-03-28,1.036603263,1
2025-03-03,test,0,2025-03-31,0.9559203949,1
2025-03-04,test,0,2025-04-01,0.4117586147,0
2025-03-05,test,0,2025-04-02,0.5871399062,1
2025-03-06,test,0,2025-04-03,0.6094837454,1
2025-03-07,test,0,2025-04-04,0.9659054935,1
2025-03-10,test,0,2025-04-07,0.5448756832,1
2025-03-11,test,0,2025-04-08,0.4028755238,0
2025-03-12,test,0,2025-04-09,1.110930115,1
2025-03-13,test,0,2025-04-10,0.7019674595,1
2025-03-14,test,0,2025-04-11,0.6847648857,1
2025-03-17,test,0,2025-04-14,0.940765405,1
2025-03-18,test,0,2025-04-15,0.6422831131,1
2025-03-19,test,0,2025-04-16,0.8894895077,1
2025-03-20,test,0,2025-04-17,0.3679655723,0
2025-03-21,test,0,2025-04-21,0.4961776064,0
2025-03-24,test,0,2025-04-22,0.6598258337,1
2025-03-25,test,0,2025-04-23,0.8200868901,1
2025-03-26,test,0,2025-04-24,0.8739478281,1
2025-03-27,test,0,2025-04-25,0.2671855747,0
2025-03-28,test,0,2025-04-28,0.2976407122,0
2025-03-31,test,0,2025-04-29,1.112789754,1
2025-04-01,test,0,2025-04-30,1.022031351,1
2025-04-02,test,0,2025-05-01,0.3063784949,0
2025-04-03,test,1,2025-05-02,0.4723657875,0
2025-04-04,test,1,2025-05-05,0.3746806772,0
2025-04-07,test,1,2025-05-06,0.784422994,1
2025-04-08,test,1,2025-05-07,0.4669474724,0
2025-04-09,test,1,2025-05-08,0.7456271701,1
2025-04-10,test,1,2025-05-09,0.271751648,0
2025-04-11,test,1,2025-05-12,0.2136355023,0
2025-04-14,test,1,2025-05-13,0.3983490206,0
2025-04-15,test,1,2025-05-14,0.6686641442,1
2025-04-16,test,1,2025-05-15,0.8510344801,1
2025-04-17,test,1,2025-05-16,0.9692762368,1
2025-04-21,test,1,2025-05-19,0.525340429,1
2025-04-22,test,1,2025-05-20,0.5936399671,1
2025-04-23,test,1,2025-05-21,0.7986844004,1
2025-04-24,test,1,2025-05-22,1.133279893,1
2025-04-25,test,1,2025-05-23,0.1904106074,0
2025-04-28,test,1,2025-05-27,0.5138502946,1
2025-04-29,test,1,2025-05-28,0.9116916769,1
2025-04-30,test,1,2025-05-29,1.095162217,1
2025-05-01,test,1,2025-05-30,1.063768882,1
2025-05-02,test,1,2025-06-02,0.5571570921,1
2025-05-05,test,1,2025-06-03,0.2166767724,0
2025-05-06,test,1,2025-06-04,0.1869298156,0
2025-05-07,test,1,2025-06-05,0.3413816744,0
2025-05-08,test,1,2025-06-06,0.2118017627,0
2025-05-09,test,1,2025-06-09,0.2008587856,0
2025-05-12,test,1,2025-06-10,0.359539299,0
2025-05-13,test,1,2025-06-11,0.6060494099,1
2025-05-14,test,1,2025-06-12,0.7361027571,1
2025-05-15,test,1,2025-06-13,1.069396809,1
2025-05-16,test,1,2025-06-16,0.6596378783,1
2025-05-19,test,1,2025-06-17,0.8724746269,1
2025-05-20,test,1,2025-06-18,0.9868778534,1
2025-05-21,test,1,2025-06-20,0.508817384,1
2025-05-22,test,1,2025-06-23,0.907100673,1
2025-05-23,test,1,2025-06-24,0.8778374454,1
2025-05-27,test,1,2025-06-25,0.2823151847,0
2025-05-28,test,1,2025-06-26,0.9954161985,1
2025-05-29,test,1,2025-06-27,0.5680554631,1
2025-05-30,test,1,2025-06-30,0.4042840765,0
2025-06-02,test,1,2025-07-01,0.3422157824,0
2025-06-03,test,1,2025-07-02,1.120443365,1
2025-06-04,test,1,2025-07-03,0.4670840989,0
2025-06-05,test,1,2025-07-07,0.961252809,1
2025-06-06,test,1,2025-07-08,1.00952752,1
2025-06-09,test,1,2025-07-09,1.120715099,1
2025-06-10,test,1,2025-07-10,0.7935537029,1
2025-06-11,test,1,2025-07-11,0.3662160487,0
2025-06-12,test,1,2025-07-14,0.2848928674,0
2025-06-13,test,1,2025-07-15,0.2565706643,0
2025-06-16,test,1,2025-07-16,0.9095109322,1
2025-06-17,test,1,2025-07-17,0.9847426586,1
2025-06-18,test,1,2025-07-18,0.9732516799,1
2025-06-20,test,1,2025-07-21,0.3115204725,0
2025-06-23,test,1,2025-07-22,0.6120771121,1
2025-06-24,test,1,2025-07-23,0.2194383688,0
2025-06-25,test,1,2025-07-24,0.5081319571,1
2025-06-26,test,1,2025-07-25,0.6080831458,1
2025-06-27,test,1,2025-07-28,0.5255593127,1
2025-06-30,test,1,2025-07-29,1.050737199,1
2025-07-01,test,1,2025-07-30,1.175824968,1
2025-07-02,test,1,2025-07-31,0.5925415438,1
2025-07-03,test,0,2025-08-01,0.5328987188,1
2025-07-07,test,1,2025-08-04,1.047976647,1
2025-07-08,test,1,2025-08-05,0.2177237045,0
2025-07-09,test,1,2025-08-06,0.9771531746,1
2025-07-10,test,1,2025-08-07,0.275722364,0
2025-07-11,test,1,2025-08-08,0.4101218401,0
2025-07-14,test,1,2025-08-11,1.058820872,1
2025-07-15,test,1,2025-08-12,0.3636632817,0
2025-07-16,test,1,2025-08-13,0.6260328129,1
2025-07-17,test,1,2025-08-14,0.5701831879,1
2025-07-18,test,1,2025-08-15,0.3705597012,0
2025-07-21,test,1,2025-08-18,0.6244257126,1
2025-07-22,test,1,2025-08-19,0.8249270682,1
2025-07-23,test,1,2025-08-20,0.8652751856,1
2025-07-24,test,1,2025-08-21,0.1921033416,0
2025-07-25,test,1,2025-08-22,0.505037114,1
2025-07-28,test,1,2025-08-25,0.9280850047,1
2025-07-29,test,1,2025-08-26,0.4855817394,0
2025-07-30,test,1,2025-08-27,0.9644129225,1
2025-07-31,test,1,2025-08-28,0.5218475786,1
2025-08-01,test,1,2025-08-29,0.915272684,1
2025-08-04,test,1,2025-09-02,0.387527968,0
2025-08-05,test,1,2025-09-03,1.151903648,1
2025-08-06,test,1,2025-09-04,0.6888589756,1
2025-08-07,test,1,2025-09-05,1.073639055,1
2025-08-08,test,1,2025-09-08,0.3440203161,0
2025-08-11,test,1,2025-09-09,0.9474914494,1
2025-08-12,test,1,2025-09-10,0.5900854743,1
2025-08-13,test,1,2025-09-11,0.559535626,1
2025-08-14,test,1,2025-09-12,0.9227916154,1
2025-08-15,test,1,2025-09-15,0.73167248,1
2025-08-18,test,1,2025-09-16,1.116315282,1
2025-08-19,test,1,2025-09-17,0.2635227047,0
2025-08-20,test,1,2025-09-18,0.196909969,0
2025-08-21,test,1,2025-09-19,0.3690452665,0
2025-08-22,test,1,2025-09-22,0.9002935619,1
2025-08-25,test,1,2025-09-23,0.6371962174,1
2025-08-26,test,1,2025-09-24,0.902271628,1
2025-08-27,test,1,2025-09-25,1.139784655,1
2025-08-28,test,1,2025-09-26,0.6795479173,1
2025-08-29,test,1,2025-09-29,0.8945575524,1
2025-09-02,test,1,2025-09-30,0.3091898314,0
2025-09-03,test,1,2025-10-01,0.9945946024,1
2025-09-04,test,1,2025-10-02,0.3885309746,0
2025-09-05,test,1,2025-10-03,1.141854944,1
2025-09-08,test,1,2025-10-06,1.08337031,1
2025-09-09,test,1,2025-10-07,0.9511448232,1
2025-09-10,test,1,2025-10-08,0.4216806562,0
2025-09-11,test,1,2025-10-09,1.076229317,1
2025-09-12,test,0,2025-10-10,0.8813434682,1
2025-09-15,test,1,2025-10-13,0.7981008335,1
2025-09-16,test,1,2025-10-14,0.3052561283,0
2025-09-17,test,1,2025-10-15,0.9396704595,1
2025-09-18,test,1,2025-10-16,1.030470775,1
2025-09-19,test,1,2025-10-17,0.773941334,1
2025-09-22,test,1,2025-10-20,0.4259586949,0
2025-09-23,test,1,2025-10-21,0.3006586126,0
2025-09-24,test,1,2025-10-22,0.9142919087,1
2025-09-25,test,1,2025-10-23,0.2788374548,0
2025-09-26,test,1,2025-10-24,0.8901879592,1
2025-09-29,test,1,2025-10-27,0.8599765001,1
2025-09-30,test,1,2025-10-28,0.1889673796,0
2025-10-01,test,1,2025-10-29,0.69158009,1
2025-10-02,test,1,2025-10-30,0.7140006973,1
2025-10-03,test,1,2025-10-31,0.6807477469,1
2025-10-06,test,1,2025-11-03,0.3874480551,0
2025-10-07,test,1,2025-11-04,0.3163656892,0
2025-10-08,test,1,2025-11-05,0.8322651432,1
2025-10-09,test,0,2025-11-06,0.8862482607,1
2025-10-10,test,1,2025-11-07,0.6066185028,1
2025-10-13,test,1,2025-11-10,0.222623065,0
2025-10-14,test,1,2025-11-11,1.044718596,1
2025-10-15,test,1,2025-11-12,0.3891092065,0
2025-10-16,test,1,2025-11-13,0.3797571105,0
2025-10-17,test,1,2025-11-14,0.6653604947,1
2025-10-20,test,0,2025-11-17,1.126810952,1
2025-10-21,test,0,2025-11-18,0.4510778163,0
2025-10-22,test,0,2025-11-19,0.5025547892,1
2025-10-23,test,0,2025-11-20,0.6369227561,1
2025-10-24,test,0,2025-11-21,0.8684883867,1
2025-10-27,test,0,2025-11-24,1.045080246,1
2025-10-28,test,0,2025-11-25,0.2903215388,0
2025-10-29,test,0,2025-11-26,0.8906307893,1
2025-10-30,test,1,2025-11-28,1.155193921,1
2025-10-31,test,0,2025-12-01,0.9200069987,1
2025-11-03,test,0,2025-12-02,0.4951441904,0
2025-11-04,test,1,2025-12-03,0.3114085931,0
2025-11-05,test,1,2025-12-04,0.3396922135,0
2025-11-06,test,1,2025-12-05,0.3933428742,0
2025-11-07,test,1,2025-12-08,0.5173683662,1
2025-11-10,test,1,2025-12-09,1.111709077,1
2025-11-11,test,1,2025-12-10,0.2208729194,0
2025-11-12,test,1,2025-12-11,0.935909548,1
2025-11-13,test,1,2025-12-12,0.3900029109,0
2025-11-14,test,1,2025-12-15,0.494470767,0
2025-11-17,test,1,2025-12-16,0.5214907126,1
2025-11-18,test,1,2025-12-17,0.3014386916,0
2025-11-19,test,1,2025-12-18,0.7298327264,1
2025-11-20,test,1,2025-12-19,1.10497454,1
2025-11-21,test,1,2025-12-22,1.103151602,1
2025-11-24,test,1,2025-12-23,0.7704265777,1
2025-11-25,test,1,2025-12-24,0.9076141681,1
2025-11-26,test,1,2025-12-26,0.7888211933,1
2025-11-28,test,1,2025-12-29,0.5314632502,1
2025-12-01,test,1,2025-12-30,0.4065721875,0
2025-12-02,test,1,2025-12-31,1.137830504,1
2025-12-03,test,1,2026-01-02,0.2575868865,0
2025-12-04,test,1,2026-01-05,0.5403991801,1
2025-12-05,test,1,2026-01-06,0.2218343244,0
2025-12-08,test,1,2026-01-07,0.5153114957,1
2025-12-09,test,1,2026-01-08,0.7791218633,1
2025-12-10,test,1,2026-01-09,0.2000408892,0
2025-12-11,test,1,2026-01-12,0.2145131877,0
2025-12-12,test,1,2026-01-13,0.3706416752,0
2025-12-15,test,1,2026-01-14,1.172993617,1
2025-12-16,test,1,2026-01-15,0.282801852,0
2025-12-17,test,1,2026-01-16,0.3414879297,0
2025-12-18,test,1,2026-01-20,1.107827332,1
2025-12-19,test,1,2026-01-21,1.05574447,1
2025-12-22,test,1,2026-01-22,0.704146562,1
2025-12-23,test,1,2026-01-23,0.5299647955,1
2025-12-24,test,1,2026-01-26,0.5793003613,1
2025-12-26,test,1,2026-01-27,0.2693785604,0
2025-12-29,test,1,2026-01-28,0.6329074368,1
2025-12-30,test,1,2026-01-29,0.4566875059,0
2025-12-31,test,1,2026-01-30,0.2643331198,0
2026-01-02,test,1,2026-02-02,0.3252354729,0
2026-01-05,test,1,2026-02-03,0.9852137239,1
2026-01-06,test,0,2026-02-04,1.057672394,1
2026-01-07,test,0,2026-02-05,0.5510867101,1
2026-01-08,test,1,2026-02-06,0.9530527635,1
2026-01-09,test,0,2026-02-09,1.059172463,1
2026-01-12,test,0,2026-02-10,1.02428976,1
2026-01-13,test,0,2026-02-11,0.2505882834,0
2026-01-14,test,0,2026-02-12,0.4600585267,0
2026-01-15,test,0,2026-02-13,0.8944578106,1
2026-01-16,test,0,2026-02-17,0.5283081163,1
2026-01-20,test,1,2026-02-18,0.7458567134,1
2026-01-21,test,0,2026-02-19,1.093002355,1
2026-01-22,test,1,2026-02-20,0.1893433953,0
2026-01-23,test,0,2026-02-23,1.14093137,1
2026-01-26,test,0,2026-02-24,0.7078875148,1
2026-01-27,test,0,2026-02-25,1.14503329,1
2026-01-28,test,0,2026-02-26,0.7436156461,1
2026-01-29,test,0,2026-02-27,0.7374158274,1
2026-01-30,test,0,2026-03-02,0.9420901752,1
2026-02-02,test,0,2026-03-03,0.9108089056,1
2026-02-03,test,0,2026-03-04,0.3927701948,0
2026-02-04,test,0,2026-03-05,0.9767902613,1
2026-02-05,test,0,2026-03-06,0.5215220459,1
2026-02-06,test,0,2026-03-09,0.9322861438,1
2026-02-09,test,0,2026-03-10,0.370922143,0
2026-02-10,test,0,2026-03-11,0.8939443457,1
2026-02-11,test,0,2026-03-12,0.6931238859,1
2026-02-12,test,0,2026-03-13,0.3690977943,0
2026-02-13,test,0,2026-03-16,0.7404263307,1
2026-02-17,test,0,2026-03-17,0.28784423,0
2026-02-18,test,0,2026-03-18,0.5737558889,1
2026-02-19,test,0,2026-03-19,0.8460698922,1
2026-02-20,test,0,2026-03-20,0.429336286,0
2026-02-23,test,0,2026-03-23,1.081588492,1
2026-02-24,test,0,2026-03-24,0.9220114076,1
2026-02-25,test,0,2026-03-25,0.248495555,0
2026-02-26,test,0,2026-03-26,0.6752418707,1
2026-02-27,test,0,2026-03-27,0.9653305882,1
2026-03-02,test,0,2026-03-30,0.2795832043,0
2026-03-03,test,0,2026-03-31,0.4053625344,0
2026-03-04,test,0,2026-04-01,0.5059340062,1
2026-03-05,test,0,2026-04-02,0.5463069726,1
2026-03-06,test,0,2026-04-06,0.202884952,0
2026-03-09,test,0,2026-04-07,0.5815448684,1
2026-03-10,test,1,2026-04-08,0.694887472,1
2026-03-11,test,1,2026-04-09,0.5120788481,1
2026-03-12,test,1,2026-04-10,0.4442015482,0
2026-03-13,test,1,2026-04-13,0.3296421778,0
2026-03-16,test,1,2026-04-14,0.9606038708,1
2026-03-17,test,1,2026-04-15,0.9259754661,1
2026-03-18,test,1,2026-04-16,1.041450077,1
2026-03-19,test,1,2026-04-17,0.4112268276,0
2026-03-20,test,1,2026-04-20,0.741236144,1
2026-03-23,test,1,2026-04-21,0.8474775007,1
2026-03-24,test,1,2026-04-22,0.6564558027,1
2026-03-25,test,1,2026-04-23,0.7557217433,1
2026-03-26,test,1,2026-04-24,0.5928120409,1
2026-03-27,test,1,2026-04-27,0.2679626507,0
2026-03-30,test,1,2026-04-28,1.043745952,1
2026-03-31,test,1,2026-04-29,0.8450601947,1
2026-04-01,test,1,2026-04-30,0.4755299819,0
2026-04-02,test,1,2026-05-01,0.2896191592,0
2026-04-06,test,1,2026-05-04,0.931136401,1
2026-04-07,test,1,2026-05-05,0.5901000219,1
2026-04-08,test,1,2026-05-06,0.4953532213,0
2026-04-09,test,1,2026-05-07,0.7653422263,1
2026-04-10,test,1,2026-05-08,0.6069382439,1
2026-04-13,test,1,2026-05-11,0.7972036832,1
2026-04-14,test,1,2026-05-12,1.163324177,1
2026-04-15,test,1,2026-05-13,0.3602650558,0
2026-04-16,test,1,2026-05-14,1.158648425,1
2026-04-17,test,1,2026-05-15,0.8623739241,1
2026-04-20,test,1,2026-05-18,0.4765440295,0
2026-04-21,test,1,2026-05-19,1.096040181,1
2026-04-22,test,1,2026-05-20,0.8739121589,1
2026-04-23,test,1,2026-05-21,0.2831561018,0
2026-04-24,test,1,2026-05-22,1.161582036,1
2026-04-27,test,1,2026-05-26,1.075197753,1
2026-04-28,test,1,2026-05-27,1.011784082,1
2026-04-29,test,1,2026-05-28,1.008800262,1
2026-04-30,test,1,2026-05-29,0.5494829175,1
2026-05-01,test,1,2026-06-01,0.3206142173,0
2026-05-04,test,1,2026-06-02,0.8705725667,1
2026-05-05,test,1,2026-06-03,0.8508606463,1
2026-05-06,test,1,2026-06-04,0.3869407559,0
2026-05-07,test,1,2026-06-05,0.6899714887,1
2026-05-08,test,1,2026-06-08,0.6925123348,1
2026-05-11,test,0,2026-06-09,0.9466069139,1
2026-05-12,test,0,2026-06-10,0.6481563675,1
2026-05-13,test,0,2026-06-11,0.9639337362,1
2026-05-14,test,0,2026-06-12,0.6570684904,1
2026-05-15,test,1,2026-06-15,0.9546219345,1
2026-05-18,test,1,2026-06-16,0.2000654601,0
2026-05-19,test,1,2026-06-17,1.159206387,1
2026-05-20,test,1,2026-06-18,0.349202532,0
2026-05-21,test,1,2026-06-22,0.3091004474,0
2026-05-22,test,0,2026-06-23,0.8652095403,1
2026-05-26,test,0,2026-06-24,0.6811131586,1
2026-05-27,test,0,2026-06-25,0.568713775,1
2026-05-28,test,0,2026-06-26,0.7795787034,1
2026-05-29,test,0,2026-06-29,0.210599704,0
2026-06-01,test,0,2026-06-30,0.6025255034,1
2026-06-02,test,0,2026-07-01,1.178890181,1
2026-06-03,test,0,2026-07-02,0.900291108,1
2026-06-04,test,0,2026-07-06,0.6349529987,1
2026-06-05,test,1,2026-07-07,0.6929686871,1
2026-06-08,test,1,2026-07-08,1.180442656,1
2026-06-09,test,1,2026-07-09,1.060800429,1
2026-06-10,test,1,2026-07-10,0.5686189947,1
2026-06-11,test,1,2026-07-13,0.8854764812,1
2026-06-12,test,1,2026-07-14,0.8213150319,1
2026-06-15,test,1,2026-07-15,0.3198189959,0
2026-06-16,test,1,2026-07-16,1.101054882,1
2026-06-17,test,1,2026-07-17,0.3638166502,0
2026-06-18,test,0,2026-07-20,0.4512946636,0
2026-06-22,test,1,2026-07-21,0.4183719598,0
2026-06-23,test,1,2026-07-22,0.9103925896,1
2026-06-24,test,1,2026-07-23,0.2390817956,0
2026-06-25,test,1,2026-07-24,0.2340779916,0
2026-06-26,test,1,2026-07-27,0.481327659,0
2026-06-29,test,0,2026-07-28,0.756670205,1
2026-06-30,test,0,2026-07-29,0.5780841566,1
2026-07-01,test,0,2026-07-30,0.2131108828,0
2026-07-02,test,1,2026-07-31,0.2904254297,0
2026-07-06,test,1,2026-08-03,0.3085758759,0
2026-07-07,test,1,2026-08-04,0.2372550564,0
2026-07-08,test,1,2026-08-05,0.4807523972,0
2026-07-09,test,1,2026-08-06,0.2216941515,0
2026-07-10,test,1,2026-08-07,0.2640748623,0
2026-07-13,test,1,2026-08-10,0.601115887,1
2026-07-14,test,1,2026-08-11,0.7567019838,1
2026-07-15,test,1,2026-08-12,1.147272986,1
2026-07-16,test,1,2026-08-13,0.7833324034,1
2026-07-17,test,1,2026-08-14,0.8778328294,1
2026-07-20,test,1,2026-08-17,0.9826469242,1
2026-07-21,test,1,2026-08-18,0.3161314299,0
2026-07-22,test,1,2026-08-19,0.6216576219,1
2026-07-23,test,1,2026-08-20,0.5083669656,1
2026-07-24,test,1,2026-08-21,0.4427440179,0
2026-07-27,test,1,2026-08-24,0.2802281292,0
2026-07-28,test,1,2026-08-25,0.7982896641,1
2026-07-29,test,1,2026-08-26,0.6366924175,1
2026-07-30,test,1,2026-08-27,0.5669379239,1
2026-07-31,test,1,2026-08-28,1.13816013,1
2026-08-03,test,1,2026-08-31,0.6917246167,1
2026-08-04,test,0,2026-09-01,0.6448648872,1
2026-08-05,test,0,2026-09-02,1.094388928,1
2026-08-06,test,1,2026-09-03,1.127170836,1
2026-08-07,test,0,2026-09-04,0.3740564483,0
2026-08-10,test,0,2026-09-08,0.4243433506,0
2026-08-11,test,0,2026-09-09,0.6390583253,1
2026-08-12,test,0,2026-09-10,0.5503195695,1
2026-08-13,test,0,2026-09-11,0.2110209924,0
2026-08-14,test,0,2026-09-14,1.022769785,1
2026-08-17,test,0,2026-09-15,0.9022590742,1
2026-08-18,test,0,2026-09-16,0.6797249425,1
2026-08-19,test,0,2026-09-17,0.7753105923,1
2026-08-20,test,1,2026-09-18,0.3891626438,0
2026-08-21,test,1,2026-09-21,0.7513936678,1
2026-08-24,test,,,0.4430790264,0
2026-08-25,test,,,1.107824184,1
2026-08-26,test,,,0.4028537734,0
2026-08-27,test,,,0.5293635757,1
2026-08-28,test,,,0.8999024455,1
2026-08-31,test,,,0.4379646199,0
2026-09-01,test,,,1.057967006,1
2026-09-02,test,,,0.464343683,0
2026-09-03,test,,,1.016918084,1
2026-09-04,test,,,1.132834759,1
2026-09-08,test,,,0.3657106613,0
2026-09-09,test,,,0.6677124001,1
2026-09-10,test,,,0.3266573226,0
2026-09-11,test,,,0.3111719664,0
2026-09-14,test,,,0.2491603746,0
2026-09-15,test,,,0.9195511732,1
2026-09-16,test,,,0.4611223787,0
2026-09-17,test,,,0.5697333349,1
2026-09-18,test,,,0.6046028427,1
2026-09-21,test,,,0.7284980657,1
