date,segment,y_true,label_end,score,invest
2011-09-08,train,0,2011-10-06,0.8329192323,1
2011-09-09,train,1,2011-10-07,0.869038435,1
2011-09-12,train,1,2011-10-10,0.8692794096,1
2011-09-13,train,1,2011-10-11,0.8751510872,1
2011-09-14,train,1,2011-10-12,0.8473451027,1
2011-09-15,train,0,2011-10-13,0.8465297673,1
2011-09-16,train,1,2011-10-14,0.8629449964,1
2011-09-19,train,0,2011-10-17,0.8604675548,1
2011-09-20,train,1,2011-10-18,0.8480174369,1
2011-09-21,train,1,2011-10-19,0.8800107432,1
2011-09-22,train,1,2011-10-20,0.8928875769,1
2011-09-23,train,1,2011-10-21,0.8762949864,1
2011-09-26,train,1,2011-10-24,0.8645273738,1
2011-09-27,train,1,2011-10-25,0.8797385631,1
2011-09-28,train,1,2011-10-26,0.9117350636,1
2011-09-29,train,1,2011-10-27,0.9161754491,1
2011-09-30,train,1,2011-10-28,0.9289989337,1
2011-10-03,train,1,2011-10-31,0.927477973,1
2011-10-04,train,1,2011-11-01,0.8924639189,1
2011-10-05,train,1,2011-11-02,0.8987861424,1
2011-10-06,train,1,2011-11-03,0.8853139345,1
2011-10-07,train,1,2011-11-04,0.9057067785,1
2011-10-10,train,1,2011-11-07,0.8939812633,1
2011-10-11,train,1,2011-11-08,0.8925433752,1
2011-10-12,train,1,2011-11-09,0.8821075772,1
2011-10-13,train,1,2011-11-10,0.8802701973,1
2011-10-14,train,1,2011-11-11,0.8757789445,1
2011-10-17,train,1,2011-11-14,0.8766838348,1
2011-10-18,train,1,2011-11-15,0.84644363,1
2011-10-19,train,1,2011-11-16,0.857441863,1
2011-10-20,train,1,2011-11-17,0.8375077493,1
2011-10-21,train,0,2011-11-18,0.7981450937,1
2011-10-24,train,0,2011-11-21,0.8103320308,1
2011-10-25,train,0,2011-11-22,0.8212085865,1
2011-10-26,train,0,2011-11-23,0.7985765814,1
2011-10-27,train,0,2011-11-25,0.7446945749,1
2011-10-28,train,0,2011-11-28,0.7039938555,1
2011-10-31,train,0,2011-11-29,0.7297163012,1
2011-11-01,train,1,2011-11-30,0.7255809369,1
2011-11-02,train,1,2011-12-01,0.7090755778,1
2011-11-03,train,0,2011-12-02,0.5980720324,1
2011-11-04,train,1,2011-12-05,0.6566017494,1
2011-11-07,train,1,2011-12-06,0.7022213916,1
2011-11-08,train,0,2011-12-07,0.7266541089,1
2011-11-09,train,1,2011-12-08,0.7636565573,1
2011-11-10,train,1,2011-12-09,0.7041798608,1
2011-11-11,train,0,2011-12-12,0.6396551386,1
2011-11-14,train,0,2011-12-13,0.6447537997,1
2011-11-15,train,0,2011-12-14,0.6264168265,1
2011-11-16,train,0,2011-12-15,0.7296897873,1
2011-11-17,train,1,2011-12-16,0.7525926219,1
2011-11-18,train,0,2011-12-19,0.7218414538,1
2011-11-21,train,1,2011-12-20,0.7749640656,1
2011-11-22,train,1,2011-12-21,0.7844410554,1
2011-11-23,train,1,2011-12-22,0.818431333,1
2011-11-25,train,1,2011-12-23,0.844740512,1
2011-11-28,train,1,2011-12-27,0.7895018893,1
2011-11-29,train,1,2011-12-28,0.7966535944,1
2011-11-30,train,1,2011-12-29,0.7121139157,1
2011-12-01,train,1,2011-12-30,0.785716898,1
2011-12-02,train,1,2012-01-03,0.7903308198,1
2011-12-05,train,1,2012-01-04,0.7150843512,1
2011-12-06,train,1,2012-01-05,0.7252267253,1
2011-12-07,train,1,2012-01-06,0.6859065651,1
2011-12-08,train,1,2012-01-09,0.7390891393,1
2011-12-09,train,1,2012-01-10,0.7132877823,1
2011-12-12,train,1,2012-01-11,0.7512264981,1
2011-12-13,train,1,2012-01-12,0.747222658,1
2011-12-14,train,1,2012-01-13,0.7587211254,1
2011-12-15,train,1,2012-01-17,0.7395133831,1
2011-12-16,train,1,2012-01-18,0.6939771793,1
2011-12-19,train,1,2012-01-19,0.7332332901,1
2011-12-20,train,1,2012-01-20,0.6883319454,1
2011-12-21,train,1,2012-01-23,0.7233453052,1
2011-12-22,train,1,2012-01-24,0.687355858,1
2011-12-23,train,1,2012-01-25,0.6831605636,1
2011-12-27,train,1,2012-01-26,0.6978294341,1
2011-12-28,train,1,2012-01-27,0.6552088843,1
2011-12-29,train,1,2012-01-30,0.6803060821,1
2011-12-30,train,1,2012-01-31,0.7004988285,1
2012-01-03,train,1,2012-02-01,0.671832626,1
2012-01-04,train,1,2012-02-02,0.6755348886,1
2012-01-05,train,1,2012-02-03,0.7128690851,1
2012-01-06,train,1,2012-02-06,0.7092479672,1
2012-01-09,train,1,2012-02-07,0.7199758869,1
2012-01-10,train,1,2012-02-08,0.6930806785,1
2012-01-11,train,1,2012-02-09,0.7097112747,1
2012-01-12,train,1,2012-02-10,0.6837105729,1
2012-01-13,train,1,2012-02-13,0.7077480646,1
2012-01-17,train,1,2012-02-14,0.6876561466,1
2012-01-18,train,1,2012-02-15,0.6503778285,1
2012-01-19,train,1,2012-02-16,0.6622431694,1
2012-01-20,train,1,2012-02-17,0.7043837229,1
2012-01-23,train,1,2012-02-21,0.6897404213,1
2012-01-24,train,1,2012-02-22,0.6942859309,1
2012-01-25,train,1,2012-02-23,0.6924057394,1
2012-01-26,train,1,2012-02-24,0.6953510439,1
2012-01-27,train,1,2012-02-27,0.6723652649,1
2012-01-30,train,1,2012-02-28,0.6483661376,1
2012-01-31,train,1,2012-02-29,0.6677815433,1
2012-02-01,train,1,2012-03-01,0.6550882481,1
2012-02-02,train,1,2012-03-02,0.6640017958,1
2012-02-03,train,1,2012-03-05,0.6371176942,1
2012-02-06,train,1,2012-03-06,0.6673490952,1
2012-02-07,train,1,2012-03-07,0.6199446445,1
2012-02-08,train,1,2012-03-08,0.6189331901,1
2012-02-09,train,1,2012-03-09,0.6283609755,1
2012-02-10,train,1,2012-03-12,0.6132302274,1
2012-02-13,train,1,2012-03-13,0.5954875243,1
2012-02-14,train,1,2012-03-14,0.5883939101,1
2012-02-15,train,1,2012-03-15,0.5871420354,1
2012-02-16,train,1,2012-03-16,0.5513782251,1
2012-02-17,train,1,2012-03-19,0.54492144,1
2012-02-21,train,1,2012-03-20,0.5369884083,1
2012-02-22,train,1,2012-03-21,0.5235557619,1
2012-02-23,train,1,2012-03-22,0.5181477023,1
2012-02-24,train,1,2012-03-23,0.5326126566,1
2012-02-27,train,1,2012-03-26,0.5251534292,1
2012-02-28,train,1,2012-03-27,0.5508613838,1
2012-02-29,train,1,2012-03-28,0.5752827413,1
2012-03-01,train,1,2012-03-29,0.5524711185,1
2012-03-02,train,1,2012-03-30,0.5681134486,1
2012-03-05,train,1,2012-04-02,0.5919766246,1
2012-03-06,train,1,2012-04-03,0.6188948927,1
2012-03-07,train,1,2012-04-04,0.5714596726,1
2012-03-08,train,1,2012-04-05,0.5622613765,1
2012-03-09,train,1,2012-04-09,0.549708376,1
2012-03-12,train,0,2012-04-10,0.5442166308,1
2012-03-13,train,0,2012-04-11,0.5035539632,1
2012-03-14,train,0,2012-04-12,0.5115385267,1
2012-03-15,train,0,2012-04-13,0.4831295153,0
2012-03-16,train,0,2012-04-16,0.4727775758,0
2012-03-19,train,0,2012-04-17,0.4932041452,0
2012-03-20,train,0,2012-04-18,0.4862493686,0
2012-03-21,train,0,2012-04-19,0.4961061861,0
2012-03-22,train,0,2012-04-20,0.5196000268,1
2012-03-23,train,0,2012-04-23,0.4988647579,0
2012-03-26,train,0,2012-04-24,0.4385781866,0
2012-03-27,train,0,2012-04-25,0.4776452404,0
2012-03-28,train,0,2012-04-26,0.4875895729,0
2012-03-29,train,1,2012-04-27,0.5304510105,1
2012-03-30,train,0,2012-04-30,0.5174770486,1
2012-04-02,train,0,2012-05-01,0.4868806261,0
2012-04-03,train,0,2012-05-02,0.5086209287,1
2012-04-04,train,0,2012-05-03,0.5446085499,1
2012-04-05,train,0,2012-05-04,0.5566429496,1
2012-04-09,train,0,2012-05-07,0.5842597501,1
2012-04-10,train,1,2012-05-08,0.6033753524,1
2012-04-11,train,0,2012-05-09,0.589971215,1
2012-04-12,train,0,2012-05-10,0.5694695968,1
2012-04-13,train,0,2012-05-11,0.6273251585,1
2012-04-16,train,0,2012-05-14,0.6450102753,1
2012-04-17,train,0,2012-05-15,0.6305368814,1
2012-04-18,train,0,2012-05-16,0.6336875654,1
2012-04-19,train,0,2012-05-17,0.6322251818,1
2012-04-20,train,0,2012-05-18,0.6462782409,1
2012-04-23,train,0,2012-05-21,0.665376916,1
2012-04-24,train,0,2012-05-22,0.639218305,1
2012-04-25,train,0,2012-05-23,0.5983986564,1
2012-04-26,train,0,2012-05-24,0.599513882,1
2012-04-27,train,0,2012-05-25,0.5977317504,1
2012-04-30,train,0,2012-05-29,0.6232976705,1
2012-05-01,train,0,2012-05-30,0.6183862067,1
2012-05-02,train,0,2012-05-31,0.6118402552,1
2012-05-03,train,0,2012-06-01,0.6137554124,1
2012-05-04,train,0,2012-06-04,0.6420693383,1
2012-05-07,train,0,2012-06-05,0.6367325851,1
2012-05-08,train,0,2012-06-06,0.6315593949,1
2012-05-09,train,0,2012-06-07,0.656855023,1
2012-05-10,train,0,2012-06-08,0.6657332678,1
2012-05-11,train,0,2012-06-11,0.6777797962,1
2012-05-14,train,0,2012-06-12,0.7036144646,1
2012-05-15,train,0,2012-06-13,0.7278893753,1
2012-05-16,train,1,2012-06-14,0.7368707272,1
2012-05-17,train,1,2012-06-15,0.7482006491,1
2012-05-18,train,1,2012-06-18,0.7614424356,1
2012-05-21,train,1,2012-06-19,0.7336048154,1
2012-05-22,train,1,2012-06-20,0.7501884818,1
2012-05-23,train,1,2012-06-21,0.7727615764,1
2012-05-24,train,1,2012-06-22,0.7840971441,1
2012-05-25,train,0,2012-06-25,0.801263447,1
2012-05-29,train,0,2012-06-26,0.7618051609,1
2012-05-30,train,1,2012-06-27,0.7884307667,1
2012-05-31,train,1,2012-06-28,0.7758769098,1
2012-06-01,train,1,2012-06-29,0.8068160329,1
2012-06-04,train,1,2012-07-02,0.8030413304,1
2012-06-05,train,1,2012-07-03,0.7839040195,1
2012-06-06,train,1,2012-07-05,0.7505474118,1
2012-06-07,train,1,2012-07-06,0.7759238693,1
2012-06-08,train,1,2012-07-09,0.7857619602,1
2012-06-11,train,1,2012-07-10,0.8107779822,1
2012-06-12,train,1,2012-07-11,0.7773512666,1
2012-06-13,train,1,2012-07-12,0.7712322915,1
2012-06-14,train,1,2012-07-13,0.7517944969,1
2012-06-15,train,1,2012-07-16,0.7335887743,1
2012-06-18,train,1,2012-07-17,0.7412898244,1
2012-06-19,train,1,2012-07-18,0.7233685582,1
2012-06-20,train,1,2012-07-19,0.7462992858,1
2012-06-21,train,1,2012-07-20,0.7658404884,1
2012-06-22,train,1,2012-07-23,0.7293603582,1
2012-06-25,train,1,2012-07-24,0.7576171014,1
2012-06-26,train,1,2012-07-25,0.7379500723,1
2012-06-27,train,1,2012-07-26,0.7277549052,1
2012-06-28,train,1,2012-07-27,0.755225136,1
2012-06-29,train,1,2012-07-30,0.6868263573,1
2012-07-02,train,1,2012-07-31,0.7166944838,1
2012-07-03,train,1,2012-08-01,0.6938863248,1
2012-07-05,train,0,2012-08-02,0.6985597677,1
2012-07-06,train,1,2012-08-03,0.7212678924,1
2012-07-09,train,1,2012-08-06,0.7064214582,1
2012-07-10,train,1,2012-08-07,0.7118885999,1
2012-07-11,train,1,2012-08-08,0.7060896479,1
2012-07-12,train,1,2012-08-09,0.7311402014,1
2012-07-13,train,1,2012-08-10,0.7000123845,1
2012-07-16,train,1,2012-08-13,0.7160118967,1
2012-07-17,train,1,2012-08-14,0.7144781485,1
2012-07-18,train,1,2012-08-15,0.701931756,1
2012-07-19,train,1,2012-08-16,0.7120002462,1
2012-07-20,train,1,2012-08-17,0.7248210442,1
2012-07-23,train,1,2012-08-20,0.7471110754,1
2012-07-24,train,1,2012-08-21,0.7512173341,1
2012-07-25,train,1,2012-08-22,0.741026743,1
2012-07-26,train,1,2012-08-23,0.7170056896,1
2012-07-27,train,1,2012-08-24,0.6953009382,1
2012-07-30,train,1,2012-08-27,0.7349944237,1
2012-07-31,train,1,2012-08-28,0.7443325437,1
2012-08-01,train,1,2012-08-29,0.7503530809,1
2012-08-02,train,1,2012-08-30,0.7405840629,1
2012-08-03,train,1,2012-08-31,0.6694134842,1
2012-08-06,train,1,2012-09-04,0.6809878296,1
2012-08-07,train,1,2012-09-05,0.6840858006,1
2012-08-08,train,1,2012-09-06,0.6748832222,1
2012-08-09,train,1,2012-09-07,0.6813006087,1
2012-08-10,train,1,2012-09-10,0.6598391326,1
2012-08-13,train,1,2012-09-11,0.6438395425,1
2012-08-14,train,1,2012-09-12,0.6320917859,1
2012-08-15,train,1,2012-09-13,0.649197806,1
2012-08-16,train,1,2012-09-14,0.6369026471,1
2012-08-17,train,1,2012-09-17,0.6390484763,1
2012-08-20,train,1,2012-09-18,0.6458234936,1
2012-08-21,train,1,2012-09-19,0.6496567845,1
2012-08-22,train,1,2012-09-20,0.6523528593,1
2012-08-23,train,1,2012-09-21,0.6555931457,1
2012-08-24,train,1,2012-09-24,0.6471582656,1
2012-08-27,train,1,2012-09-25,0.6254694067,1
2012-08-28,train,1,2012-09-26,0.6281619777,1
2012-08-29,train,1,2012-09-27,0.6305254364,1
2012-08-30,train,1,2012-09-28,0.6746056468,1
2012-08-31,train,1,2012-10-01,0.6779496728,1
2012-09-04,train,1,2012-10-02,0.6976868282,1
2012-09-05,train,1,2012-10-03,0.6906218101,1
2012-09-06,train,1,2012-10-04,0.6369733494,1
2012-09-07,train,1,2012-10-05,0.6489344726,1
2012-09-10,train,1,2012-10-08,0.6713192902,1
2012-09-11,train,1,2012-10-09,0.6725636394,1
2012-09-12,train,0,2012-10-10,0.6688803092,1
2012-09-13,train,0,2012-10-11,0.6143372764,1
2012-09-14,train,0,2012-10-12,0.6148566747,1
2012-09-17,train,0,2012-10-15,0.608735089,1
2012-09-18,train,0,2012-10-16,0.6138275482,1
2012-09-19,train,1,2012-10-17,0.591575895,1
2012-09-20,train,0,2012-10-18,0.5824420656,1
2012-09-21,train,0,2012-10-19,0.5969010844,1
2012-09-24,train,0,2012-10-22,0.6042975341,1
2012-09-25,train,0,2012-10-23,0.643850813,1
2012-09-26,train,0,2012-10-24,0.6510520445,1
2012-09-27,train,0,2012-10-25,0.6324127185,1
2012-09-28,train,0,2012-10-26,0.6435047065,1
2012-10-01,train,0,2012-10-31,0.634556921,1
2012-10-02,train,0,2012-11-01,0.6495610087,1
2012-10-03,train,0,2012-11-02,0.637520813,1
2012-10-04,train,0,2012-11-05,0.6299926914,1
2012-10-05,train,0,2012-11-06,0.6388387951,1
2012-10-08,train,0,2012-11-07,0.6586530086,1
2012-10-09,train,0,2012-11-08,0.6694126086,1
2012-10-10,train,0,2012-11-09,0.680142208,1
2012-10-11,train,0,2012-11-12,0.6862545385,1
2012-10-12,train,0,2012-11-13,0.6990469336,1
2012-10-15,train,0,2012-11-14,0.6708129681,1
2012-10-16,train,0,2012-11-15,0.657913393,1
2012-10-17,train,0,2012-11-16,0.6530808356,1
2012-10-18,train,0,2012-11-19,0.6612825349,1
2012-10-19,train,0,2012-11-20,0.7040264091,1
2012-10-22,train,0,2012-11-21,0.6949150564,1
2012-10-23,train,0,2012-11-23,0.7076076169,1
2012-10-24,train,1,2012-11-26,0.6914796101,1
2012-10-25,train,0,2012-11-27,0.6922083967,1
2012-10-26,train,1,2012-11-28,0.7044112335,1
2012-10-31,train,1,2012-11-29,0.7200072456,1
2012-11-01,train,0,2012-11-30,0.7149393734,1
2012-11-02,train,0,2012-12-03,0.749865152,1
2012-11-05,train,0,2012-12-04,0.7412861892,1
2012-11-06,train,0,2012-12-05,0.7283396591,1
2012-11-07,train,1,2012-12-06,0.7687849428,1
2012-11-08,train,1,2012-12-07,0.763397421,1
2012-11-09,train,1,2012-12-10,0.7617179589,1
2012-11-12,train,1,2012-12-11,0.7626746276,1
2012-11-13,train,1,2012-12-12,0.7659487937,1
2012-11-14,train,1,2012-12-13,0.8052937973,1
2012-11-15,train,1,2012-12-14,0.8206614433,1
2012-11-16,train,1,2012-12-17,0.8105986292,1
2012-11-19,train,1,2012-12-18,0.7765942458,1
2012-11-20,train,1,2012-12-19,0.7829227356,1
2012-11-21,train,1,2012-12-20,0.7943683459,1
2012-11-23,train,1,2012-12-21,0.7747733422,1
2012-11-26,train,1,2012-12-24,0.7781397943,1
2012-11-27,train,1,2012-12-26,0.7692911128,1
2012-11-28,train,1,2012-12-27,0.7491116337,1
2012-11-29,train,0,2012-12-28,0.7434771332,1
2012-11-30,train,1,2012-12-31,0.7403792199,1
2012-12-03,train,1,2013-01-02,0.7399670279,1
2012-12-04,train,1,2013-01-03,0.7611333099,1
2012-12-05,train,1,2013-01-04,0.7547383859,1
2012-12-06,train,1,2013-01-07,0.7437750284,1
2012-12-07,train,1,2013-01-08,0.7432616044,1
2012-12-10,train,1,2013-01-09,0.7479688169,1
2012-12-11,train,1,2013-01-10,0.7534956653,1
2012-12-12,train,1,2013-01-11,0.7546714453,1
2012-12-13,train,1,2013-01-14,0.7594198769,1
2012-12-14,train,1,2013-01-15,0.7575773267,1
2012-12-17,train,1,2013-01-16,0.7339175594,1
2012-12-18,train,1,2013-01-17,0.7332067118,1
2012-12-19,train,1,2013-01-18,0.7535190609,1
2012-12-20,train,1,2013-01-22,0.749184563,1
2012-12-21,train,1,2013-01-23,0.7710317937,1
2012-12-24,train,1,2013-01-24,0.7539656204,1
2012-12-26,train,1,2013-01-25,0.7562155986,1
2012-12-27,train,1,2013-01-28,0.7629620224,1
2012-12-28,train,1,2013-01-29,0.7751150744,1
2012-12-31,train,1,2013-01-30,0.745508771,1
2013-01-02,train,1,2013-01-31,0.7072942055,1
2013-01-03,train,1,2013-02-01,0.7375391664,1
2013-01-04,train,1,2013-02-04,0.7299869506,1
2013-01-07,train,1,2013-02-05,0.7509646744,1
2013-01-08,train,1,2013-02-06,0.729969773,1
2013-01-09,train,1,2013-02-07,0.6933067062,1
2013-01-10,train,1,2013-02-08,0.6847362347,1
2013-01-11,train,1,2013-02-11,0.6815899221,1
2013-01-14,train,1,2013-02-12,0.6923476,1
2013-01-15,train,1,2013-02-13,0.701211627,1
2013-01-16,train,1,2013-02-14,0.7083023395,1
2013-01-17,train,1,2013-02-15,0.6898268059,1
2013-01-18,train,1,2013-02-19,0.6722999232,1
2013-01-22,train,1,2013-02-20,0.6687846585,1
2013-01-23,train,1,2013-02-21,0.6540387859,1
2013-01-24,train,1,2013-02-22,0.6541965058,1
2013-01-25,train,0,2013-02-25,0.6377157445,1
2013-01-28,train,0,2013-02-26,0.6395906333,1
2013-01-29,train,1,2013-02-27,0.6280664427,1
2013-01-30,train,1,2013-02-28,0.6603222735,1
2013-01-31,train,1,2013-03-01,0.6819795081,1
2013-02-01,train,1,2013-03-04,0.6536867014,1
2013-02-04,train,1,2013-03-05,0.6870432257,1
2013-02-05,train,1,2013-03-06,0.6253537451,1
2013-02-06,train,1,2013-03-07,0.6202252874,1
2013-02-07,train,1,2013-03-08,0.6277698398,1
2013-02-08,train,1,2013-03-11,0.6072823167,1
2013-02-11,train,1,2013-03-12,0.6237351713,1
2013-02-12,train,1,2013-03-13,0.5936666106,1
2013-02-13,train,1,2013-03-14,0.5900337768,1
2013-02-14,train,1,2013-03-15,0.5935182971,1
2013-02-15,train,1,2013-03-18,0.6129742047,1
2013-02-19,train,1,2013-03-19,0.5918975382,1
2013-02-20,train,1,2013-03-20,0.6220772776,1
2013-02-21,train,1,2013-03-21,0.6358999666,1
2013-02-22,train,1,2013-03-22,0.6061492143,1
2013-02-25,train,1,2013-03-25,0.6489013483,1
2013-02-26,train,1,2013-03-26,0.6160704344,1
2013-02-27,train,1,2013-03-27,0.611559564,1
2013-02-28,train,1,2013-03-28,0.6309994163,1
2013-03-01,train,1,2013-04-01,0.6115549583,1
2013-03-04,train,1,2013-04-02,0.6279767603,1
2013-03-05,train,1,2013-04-03,0.6048041627,1
2013-03-06,train,1,2013-04-04,0.6038363682,1
2013-03-07,train,1,2013-04-05,0.6079525876,1
2013-03-08,train,1,2013-04-08,0.6004105449,1
2013-03-11,train,1,2013-04-09,0.5988514624,1
2013-03-12,train,1,2013-04-10,0.5980632706,1
2013-03-13,train,1,2013-04-11,0.5853466018,1
2013-03-14,train,1,2013-04-12,0.5671903006,1
2013-03-15,train,0,2013-04-15,0.58253691,1
2013-03-18,train,1,2013-04-16,0.6009004544,1
2013-03-19,train,1,2013-04-17,0.6032193062,1
2013-03-20,train,0,2013-04-18,0.590026038,1
2013-03-21,train,1,2013-04-19,0.5920210039,1
2013-03-22,train,1,2013-04-22,0.5695513998,1
2013-03-25,train,1,2013-04-23,0.5935364641,1
2013-03-26,train,1,2013-04-24,0.5782935278,1
2013-03-27,train,1,2013-04-25,0.5746647025,1
2013-03-28,train,1,2013-04-26,0.5906670368,1
2013-04-01,train,1,2013-04-29,0.6111708803,1
2013-04-02,train,1,2013-04-30,0.6059788925,1
2013-04-03,train,1,2013-05-01,0.6312779717,1
2013-04-04,train,1,2013-05-02,0.6111075722,1
2013-04-05,train,1,2013-05-03,0.6171215271,1
2013-04-08,train,1,2013-05-06,0.6064680691,1
2013-04-09,train,1,2013-05-07,0.6070413328,1
2013-04-10,train,1,2013-05-08,0.5905005182,1
2013-04-11,train,1,2013-05-09,0.5898751799,1
2013-04-12,train,1,2013-05-10,0.611693527,1
2013-04-15,train,1,2013-05-13,0.6421527291,1
2013-04-16,train,1,2013-05-14,0.5870748451,1
2013-04-17,train,1,2013-05-15,0.6152196837,1
2013-04-18,train,1,2013-05-16,0.6327306991,1
2013-04-19,train,1,2013-05-17,0.6001396682,1
2013-04-22,train,1,2013-05-20,0.6318382785,1
2013-04-23,train,1,2013-05-21,0.5974803258,1
2013-04-24,train,1,2013-05-22,0.6277268124,1
2013-04-25,train,1,2013-05-23,0.6334125028,1
2013-04-26,train,1,2013-05-24,0.6275891183,1
2013-04-29,train,1,2013-05-28,0.5997899142,1
2013-04-30,train,1,2013-05-29,0.5950910234,1
2013-05-01,train,1,2013-05-30,0.6057119801,1
2013-05-02,train,1,2013-05-31,0.5794328451,1
2013-05-03,train,1,2013-06-03,0.5632453452,1
2013-05-06,train,1,2013-06-04,0.5588540937,1
2013-05-07,train,0,2013-06-05,0.5536016737,1
2013-05-08,train,0,2013-06-06,0.5649756731,1
2013-05-09,train,1,2013-06-07,0.566547048,1
2013-05-10,train,1,2013-06-10,0.5433620345,1
2013-05-13,train,0,2013-06-11,0.5551861433,1
2013-05-14,train,0,2013-06-12,0.5329853437,1
2013-05-15,train,0,2013-06-13,0.5332991033,1
2013-05-16,train,0,2013-06-14,0.5346959712,1
2013-05-17,train,0,2013-06-17,0.5062471727,1
2013-05-20,train,0,2013-06-18,0.5266714759,1
2013-05-21,train,0,2013-06-19,0.4954605614,0
2013-05-22,train,0,2013-06-20,0.512360158,1
2013-05-23,train,0,2013-06-21,0.5377363172,1
2013-05-24,train,0,2013-06-24,0.5260018927,1
2013-05-28,train,0,2013-06-25,0.5130138757,1
2013-05-29,train,0,2013-06-26,0.542222712,1
2013-05-30,train,0,2013-06-27,0.5452217326,1
2013-05-31,train,0,2013-06-28,0.5899416436,1
2013-06-03,train,0,2013-07-01,0.5797990025,1
2013-06-04,train,0,2013-07-02,0.5895382688,1
2013-06-05,train,1,2013-07-03,0.6391185471,1
2013-06-06,train,1,2013-07-05,0.6059520974,1
2013-06-07,train,0,2013-07-08,0.5939704786,1
2013-06-10,train,1,2013-07-09,0.6053828962,1
2013-06-11,train,1,2013-07-10,0.6324069185,1
2013-06-12,train,1,2013-07-11,0.6652420363,1
2013-06-13,train,1,2013-07-12,0.6156945612,1
2013-06-14,train,1,2013-07-15,0.629727799,1
2013-06-17,train,1,2013-07-16,0.6045626274,1
2013-06-18,train,1,2013-07-17,0.6107274327,1
2013-06-19,train,1,2013-07-18,0.6521573262,1
2013-06-20,train,1,2013-07-19,0.6787274806,1
2013-06-21,train,1,2013-07-22,0.658068489,1
2013-06-24,train,1,2013-07-23,0.6833401604,1
2013-06-25,train,1,2013-07-24,0.6517556016,1
2013-06-26,train,1,2013-07-25,0.6552058953,1
2013-06-27,train,1,2013-07-26,0.6730611477,1
2013-06-28,train,1,2013-07-29,0.688449732,1
2013-07-01,train,1,2013-07-30,0.681407212,1
2013-07-02,train,1,2013-07-31,0.6836608371,1
2013-07-03,train,1,2013-08-01,0.6698298239,1
2013-07-05,train,1,2013-08-02,0.6505261991,1
2013-07-08,train,1,2013-08-05,0.6651161881,1
2013-07-09,train,1,2013-08-06,0.6392655409,1
2013-07-10,train,1,2013-08-07,0.6209872294,1
2013-07-11,train,1,2013-08-08,0.5977077449,1
2013-07-12,train,1,2013-08-09,0.5894586361,1
2013-07-15,train,1,2013-08-12,0.5649017659,1
2013-07-16,train,1,2013-08-13,0.5829583629,1
2013-07-17,train,1,2013-08-14,0.5817236366,1
2013-07-18,train,0,2013-08-15,0.5620724934,1
2013-07-19,train,0,2013-08-16,0.5726160305,1
2013-07-22,train,0,2013-08-19,0.5695893434,1
2013-07-23,train,0,2013-08-20,0.5812183119,1
2013-07-24,train,0,2013-08-21,0.5967809118,1
2013-07-25,train,0,2013-08-22,0.5928652491,1
2013-07-26,train,0,2013-08-23,0.583541204,1
2013-07-29,train,0,2013-08-26,0.6001345398,1
2013-07-30,train,0,2013-08-27,0.6110820801,1
2013-07-31,train,0,2013-08-28,0.6160951251,1
2013-08-01,train,0,2013-08-29,0.5885341306,1
2013-08-02,train,0,2013-08-30,0.6073130777,1
2013-08-05,train,0,2013-09-03,0.6140212692,1
2013-08-06,train,0,2013-09-04,0.6346583346,1
2013-08-07,train,0,2013-09-05,0.6358713834,1
2013-08-08,train,0,2013-09-06,0.632887417,1
2013-08-09,train,0,2013-09-09,0.6457747879,1
2013-08-12,train,0,2013-09-10,0.6441524199,1
2013-08-13,train,0,2013-09-11,0.651725229,1
2013-08-14,train,1,2013-09-12,0.6727109079,1
2013-08-15,train,1,2013-09-13,0.6922451066,1
2013-08-16,train,1,2013-09-16,0.6893871677,1
2013-08-19,train,1,2013-09-17,0.7023267091,1
2013-08-20,train,1,2013-09-18,0.6833219324,1
2013-08-21,train,1,2013-09-19,0.7077315613,1
2013-08-22,train,1,2013-09-20,0.6966416063,1
2013-08-23,train,1,2013-09-23,0.7041679582,1
2013-08-26,train,1,2013-09-24,0.707077068,1
2013-08-27,train,1,2013-09-25,0.7334051498,1
2013-08-28,train,1,2013-09-26,0.7205736999,1
2013-08-29,train,1,2013-09-27,0.7085035785,1
2013-08-30,train,1,2013-09-30,0.7228125091,1
2013-09-03,train,1,2013-10-01,0.7232492416,1
2013-09-04,train,1,2013-10-02,0.7273587605,1
2013-09-05,train,1,2013-10-03,0.7210768693,1
2013-09-06,train,1,2013-10-04,0.7125536234,1
2013-09-09,train,1,2013-10-07,0.7080194199,1
2013-09-10,train,0,2013-10-08,0.6866706398,1
2013-09-11,train,0,2013-10-09,0.6813483832,1
2013-09-12,train,1,2013-10-10,0.697039539,1
2013-09-13,train,1,2013-10-11,0.6785889267,1
2013-09-16,train,1,2013-10-14,0.6284018534,1
2013-09-17,train,0,2013-10-15,0.6181857634,1
2013-09-18,train,0,2013-10-16,0.57451667,1
2013-09-19,train,1,2013-10-17,0.6051395686,1
2013-09-20,train,1,2013-10-18,0.6332893909,1
2013-09-23,train,1,2013-10-21,0.6369899979,1
2013-09-24,train,1,2013-10-22,0.6304801809,1
2013-09-25,train,1,2013-10-23,0.6341150482,1
2013-09-26,train,1,2013-10-24,0.6264913417,1
2013-09-27,train,1,2013-10-25,0.6521245852,1
2013-09-30,train,1,2013-10-28,0.6772325989,1
2013-10-01,train,1,2013-10-29,0.6654876787,1
2013-10-02,train,1,2013-10-30,0.6904869727,1
2013-10-03,train,1,2013-10-31,0.6997969275,1
2013-10-04,train,1,2013-11-01,0.6956945799,1
2013-10-07,train,1,2013-11-04,0.7257096082,1
2013-10-08,train,1,2013-11-05,0.7396999032,1
2013-10-09,train,1,2013-11-06,0.7352378409,1
2013-10-10,train,1,2013-11-07,0.693327242,1
2013-10-11,train,1,2013-11-08,0.6970900164,1
2013-10-14,train,1,2013-11-11,0.7091034505,1
2013-10-15,train,1,2013-11-12,0.7408456147,1
2013-10-16,train,1,2013-11-13,0.7162701495,1
2013-10-17,train,1,2013-11-14,0.6809395515,1
2013-10-18,train,1,2013-11-15,0.6658652457,1
2013-10-21,train,1,2013-11-18,0.6633335678,1
2013-10-22,train,1,2013-11-19,0.6594829846,1
2013-10-23,train,1,2013-11-20,0.6598938476,1
2013-10-24,train,1,2013-11-21,0.6449210319,1
2013-10-25,train,1,2013-11-22,0.6409444064,1
2013-10-28,train,1,2013-11-25,0.6429666267,1
2013-10-29,train,1,2013-11-26,0.6263745988,1
2013-10-30,train,1,2013-11-27,0.6462065056,1
2013-10-31,train,1,2013-11-29,0.6435852354,1
2013-11-01,train,1,2013-12-02,0.6379338946,1
2013-11-04,train,1,2013-12-03,0.6307442107,1
2013-11-05,train,1,2013-12-04,0.6318573744,1
2013-11-06,train,1,2013-12-05,0.6315095656,1
2013-11-07,train,1,2013-12-06,0.6810770577,1
2013-11-08,train,1,2013-12-09,0.6251622755,1
2013-11-11,train,1,2013-12-10,0.6288033018,1
2013-11-12,train,1,2013-12-11,0.629382594,1
2013-11-13,train,0,2013-12-12,0.6163650972,1
2013-11-14,train,0,2013-12-13,0.6255597651,1
2013-11-15,train,0,2013-12-16,0.6133584123,1
2013-11-18,train,0,2013-12-17,0.6297281711,1
2013-11-19,train,1,2013-12-18,0.6298806615,1
2013-11-20,train,1,2013-12-19,0.609524048,1
2013-11-21,train,1,2013-12-20,0.5867812683,1
2013-11-22,train,1,2013-12-23,0.5762675379,1
2013-11-25,train,1,2013-12-24,0.584465223,1
2013-11-26,train,1,2013-12-26,0.6012009966,1
2013-11-27,train,1,2013-12-27,0.6030887473,1
2013-11-29,train,1,2013-12-30,0.5960717315,1
2013-12-02,train,1,2013-12-31,0.5954580673,1
2013-12-03,train,1,2014-01-02,0.6164584803,1
2013-12-04,train,1,2014-01-03,0.6242922664,1
2013-12-05,train,1,2014-01-06,0.6354887202,1
2013-12-06,train,1,2014-01-07,0.6062729977,1
2013-12-09,train,1,2014-01-08,0.6249371727,1
2013-12-10,train,1,2014-01-09,0.6428822394,1
2013-12-11,train,1,2014-01-10,0.6665302964,1
2013-12-12,train,1,2014-01-13,0.6866604238,1
2013-12-13,train,1,2014-01-14,0.6776266429,1
2013-12-16,train,1,2014-01-15,0.6584394204,1
2013-12-17,train,1,2014-01-16,0.6707822404,1
2013-12-18,train,1,2014-01-17,0.6319884804,1
2013-12-19,train,1,2014-01-21,0.6495478261,1
2013-12-20,train,1,2014-01-22,0.6450896155,1
2013-12-23,train,0,2014-01-23,0.6139462881,1
2013-12-24,train,0,2014-01-24,0.6284613279,1
2013-12-26,train,0,2014-01-27,0.6032732269,1
2013-12-27,train,0,2014-01-28,0.610280652,1
2013-12-30,train,0,2014-01-29,0.5980869936,1
2013-12-31,train,0,2014-01-30,0.5799911483,1
2014-01-02,train,0,2014-01-31,0.5950007715,1
2014-01-03,train,0,2014-02-03,0.5731093962,1
2014-01-06,train,0,2014-02-04,0.5779016027,1
2014-01-07,train,0,2014-02-05,0.5905617469,1
2014-01-08,train,0,2014-02-06,0.5990315821,1
2014-01-09,train,0,2014-02-07,0.6130766404,1
2014-01-10,train,0,2014-02-10,0.6030072471,1
2014-01-13,train,1,2014-02-11,0.6415692836,1
2014-01-14,train,0,2014-02-12,0.6036748668,1
2014-01-15,train,0,2014-02-13,0.6069312323,1
2014-01-16,train,0,2014-02-14,0.6143622211,1
2014-01-17,train,1,2014-02-18,0.6382188301,1
2014-01-21,train,0,2014-02-19,0.6397417329,1
2014-01-22,train,0,2014-02-20,0.6336650654,1
2014-01-23,train,1,2014-02-21,0.6580177248,1
2014-01-24,train,1,2014-02-24,0.6918463281,1
2014-01-27,train,1,2014-02-25,0.70156655,1
2014-01-28,train,1,2014-02-26,0.6760376266,1
2014-01-29,train,1,2014-02-27,0.6966865195,1
2014-01-30,train,1,2014-02-28,0.6796571633,1
2014-01-31,train,1,2014-03-03,0.7250494061,1
2014-02-03,train,1,2014-03-04,0.75761831,1
2014-02-04,train,1,2014-03-05,0.7295737983,1
2014-02-05,train,1,2014-03-06,0.7403593307,1
2014-02-06,train,1,2014-03-07,0.7053645497,1
2014-02-07,train,1,2014-03-10,0.6929024625,1
2014-02-10,train,1,2014-03-11,0.7219413176,1
2014-02-11,train,1,2014-03-12,0.6977723621,1
2014-02-12,train,1,2014-03-13,0.716169452,1
2014-02-13,train,1,2014-03-14,0.6998192849,1
2014-02-14,train,1,2014-03-17,0.6742715449,1
2014-02-18,train,1,2014-03-18,0.6708781725,1
2014-02-19,train,1,2014-03-19,0.6699003206,1
2014-02-20,train,1,2014-03-20,0.6610740693,1
2014-02-21,train,1,2014-03-21,0.663975874,1
2014-02-24,train,1,2014-03-24,0.6476604047,1
2014-02-25,train,1,2014-03-25,0.6504446717,1
2014-02-26,train,1,2014-03-26,0.6647543942,1
2014-02-27,train,0,2014-03-27,0.6431637115,1
2014-02-28,train,1,2014-03-28,0.6480232123,1
2014-03-03,train,1,2014-03-31,0.6558298814,1
2014-03-04,train,1,2014-04-01,0.6241719471,1
2014-03-05,train,1,2014-04-02,0.6336095157,1
2014-03-06,train,1,2014-04-03,0.6294766741,1
2014-03-07,train,0,2014-04-04,0.6418373893,1
2014-03-10,train,0,2014-04-07,0.656862338,1
2014-03-11,train,0,2014-04-08,0.6407874052,1
2014-03-12,train,1,2014-04-09,0.6423695862,1
2014-03-13,train,0,2014-04-10,0.6591797266,1
2014-03-14,train,0,2014-04-11,0.6650551992,1
2014-03-17,train,0,2014-04-14,0.6413706722,1
2014-03-18,train,0,2014-04-15,0.653407405,1
2014-03-19,train,1,2014-04-16,0.6669645736,1
2014-03-20,train,0,2014-04-17,0.6712551382,1
2014-03-21,train,1,2014-04-21,0.6948908428,1
2014-03-24,train,1,2014-04-22,0.6915185738,1
2014-03-25,train,1,2014-04-23,0.67586834,1
2014-03-26,train,1,2014-04-24,0.6996089596,1
2014-03-27,train,1,2014-04-25,0.6949361232,1
2014-03-28,train,1,2014-04-28,0.6937253449,1
2014-03-31,train,1,2014-04-29,0.6716323236,1
2014-04-01,train,1,2014-04-30,0.6664445399,1
2014-04-02,train,0,2014-05-01,0.6731119145,1
2014-04-03,train,0,2014-05-02,0.6909685563,1
2014-04-04,train,1,2014-05-05,0.7086452377,1
2014-04-07,train,1,2014-05-06,0.7127330121,1
2014-04-08,train,1,2014-05-07,0.6909414219,1
2014-04-09,train,1,2014-05-08,0.6540505394,1
2014-04-10,train,1,2014-05-09,0.7072870659,1
2014-04-11,train,1,2014-05-12,0.7281893631,1
2014-04-14,train,1,2014-05-13,0.7236906916,1
2014-04-15,train,1,2014-05-14,0.7117825197,1
2014-04-16,train,1,2014-05-15,0.684885361,1
2014-04-17,train,1,2014-05-16,0.7189914433,1
2014-04-21,train,1,2014-05-19,0.7153128613,1
2014-04-22,train,0,2014-05-20,0.6776937045,1
2014-04-23,train,1,2014-05-21,0.675427284,1
2014-04-24,train,1,2014-05-22,0.6606540909,1
2014-04-25,train,1,2014-05-23,0.6666296904,1
2014-04-28,train,1,2014-05-27,0.6632377862,1
2014-04-29,train,1,2014-05-28,0.6496689835,1
2014-04-30,train,1,2014-05-29,0.6283743616,1
2014-05-01,train,1,2014-05-30,0.6368899345,1
2014-05-02,train,1,2014-06-02,0.646734205,1
2014-05-05,train,1,2014-06-03,0.6483276789,1
2014-05-06,train,1,2014-06-04,0.6709834553,1
2014-05-07,train,1,2014-06-05,0.6500200661,1
2014-05-08,train,1,2014-06-06,0.6750528203,1
2014-05-09,train,1,2014-06-09,0.6825095622,1
2014-05-12,train,1,2014-06-10,0.664360259,1
2014-05-13,train,1,2014-06-11,0.6881818878,1
2014-05-14,train,1,2014-06-12,0.6942452241,1
2014-05-15,train,1,2014-06-13,0.7094509459,1
2014-05-16,train,1,2014-06-16,0.7004163546,1
2014-05-19,train,1,2014-06-17,0.6871020312,1
2014-05-20,train,1,2014-06-18,0.7066353456,1
2014-05-21,train,1,2014-06-19,0.6875393519,1
2014-05-22,train,1,2014-06-20,0.7008167941,1
2014-05-23,train,1,2014-06-23,0.6940730206,1
2014-05-27,train,1,2014-06-24,0.6842234348,1
2014-05-28,train,1,2014-06-25,0.6936907503,1
2014-05-29,train,1,2014-06-26,0.6844894269,1
2014-05-30,train,1,2014-06-27,0.6830415366,1
2014-06-02,train,1,2014-06-30,0.6833347135,1
2014-06-03,train,1,2014-07-01,0.6806571002,1
2014-06-04,train,1,2014-07-02,0.6802283126,1
2014-06-05,train,1,2014-07-03,0.6580335695,1
2014-06-06,train,1,2014-07-07,0.6504268099,1
2014-06-09,train,1,2014-07-08,0.638975641,1
2014-06-10,train,1,2014-07-09,0.6462292088,1
2014-06-11,train,1,2014-07-10,0.6601826314,1
2014-06-12,train,1,2014-07-11,0.6730665596,1
2014-06-13,train,1,2014-07-14,0.6484704293,1
2014-06-16,train,1,2014-07-15,0.6570760782,1
2014-06-17,train,1,2014-07-16,0.6540266643,1
2014-06-18,train,1,2014-07-17,0.6389332775,1
2014-06-19,train,1,2014-07-18,0.6639663935,1
2014-06-20,train,1,2014-07-21,0.6544174759,1
2014-06-23,train,1,2014-07-22,0.6567408033,1
2014-06-24,train,1,2014-07-23,0.6734945034,1
2014-06-25,train,1,2014-07-24,0.6567059089,1
2014-06-26,train,1,2014-07-25,0.6688070672,1
2014-06-27,train,1,2014-07-28,0.666194237,1
2014-06-30,train,1,2014-07-29,0.6695892797,1
2014-07-01,train,0,2014-07-30,0.6478902279,1
2014-07-02,train,0,2014-07-31,0.6365570849,1
2014-07-03,train,0,2014-08-01,0.6345765431,1
2014-07-07,train,0,2014-08-04,0.6538262552,1
2014-07-08,train,0,2014-08-05,0.643206036,1
2014-07-09,train,0,2014-08-06,0.6109475224,1
2014-07-10,train,0,2014-08-07,0.6293639456,1
2014-07-11,train,0,2014-08-08,0.6231262706,1
2014-07-14,train,0,2014-08-11,0.6282227724,1
2014-07-15,train,0,2014-08-12,0.6462091222,1
2014-07-16,train,0,2014-08-13,0.6327926586,1
2014-07-17,train,1,2014-08-14,0.6683695959,1
2014-07-18,train,0,2014-08-15,0.629202813,1
2014-07-21,train,1,2014-08-18,0.6403872686,1
2014-07-22,train,1,2014-08-19,0.6223374245,1
2014-07-23,train,1,2014-08-20,0.6214695934,1
2014-07-24,train,1,2014-08-21,0.6454180614,1
2014-07-25,train,1,2014-08-22,0.6436194679,1
2014-07-28,train,1,2014-08-25,0.6440869194,1
2014-07-29,train,1,2014-08-26,0.6467552242,1
2014-07-30,train,1,2014-08-27,0.6503324254,1
2014-07-31,train,1,2014-08-28,0.6805640147,1
2014-08-01,train,1,2014-08-29,0.6889988559,1
2014-08-04,train,1,2014-09-02,0.6714500548,1
2014-08-05,train,1,2014-09-03,0.7020465541,1
2014-08-06,train,1,2014-09-04,0.7057501034,1
2014-08-07,train,1,2014-09-05,0.739511353,1
2014-08-08,train,1,2014-09-08,0.7114289847,1
2014-08-11,train,1,2014-09-09,0.7011413624,1
2014-08-12,train,1,2014-09-10,0.7197441124,1
2014-08-13,train,1,2014-09-11,0.7084524913,1
2014-08-14,train,1,2014-09-12,0.704925042,1
2014-08-15,train,1,2014-09-15,0.7123922769,1
2014-08-18,train,1,2014-09-16,0.6934489988,1
2014-08-19,train,1,2014-09-17,0.6954972904,1
2014-08-20,train,1,2014-09-18,0.6925865585,1
2014-08-21,train,1,2014-09-19,0.6835686079,1
2014-08-22,train,1,2014-09-22,0.6947368924,1
2014-08-25,train,0,2014-09-23,0.6753379933,1
2014-08-26,train,1,2014-09-24,0.6731773445,1
2014-08-27,train,0,2014-09-25,0.6722836059,1
2014-08-28,train,0,2014-09-26,0.678113819,1
2014-08-29,train,0,2014-09-29,0.6760997332,1
2014-09-02,train,0,2014-09-30,0.6792025767,1
2014-09-03,train,0,2014-10-01,0.680838531,1
2014-09-04,train,0,2014-10-02,0.682931023,1
2014-09-05,train,0,2014-10-03,0.6712682063,1
2014-09-08,train,0,2014-10-06,0.6795390016,1
2014-09-09,train,0,2014-10-07,0.6903732599,1
2014-09-10,train,0,2014-10-08,0.6799055064,1
2014-09-11,train,0,2014-10-09,0.6889019194,1
2014-09-12,train,0,2014-10-10,0.7024655445,1
2014-09-15,train,0,2014-10-13,0.7037837374,1
2014-09-16,train,0,2014-10-14,0.6998147767,1
2014-09-17,train,0,2014-10-15,0.7008263458,1
2014-09-18,train,0,2014-10-16,0.6840272893,1
2014-09-19,train,0,2014-10-17,0.703283535,1
2014-09-22,train,0,2014-10-20,0.7175814316,1
2014-09-23,train,0,2014-10-21,0.7200563594,1
2014-09-24,train,0,2014-10-22,0.6972776698,1
2014-09-25,train,0,2014-10-23,0.7268865698,1
2014-09-26,train,0,2014-10-24,0.6999976644,1
2014-09-29,train,0,2014-10-27,0.7252072401,1
2014-09-30,train,1,2014-10-28,0.7354748452,1
2014-10-01,train,1,2014-10-29,0.7408304488,1
2014-10-02,train,1,2014-10-30,0.7522683502,1
2014-10-03,train,1,2014-10-31,0.7231958402,1
2014-10-06,train,1,2014-11-03,0.7364791739,1
2014-10-07,train,1,2014-11-04,0.7670787346,1
2014-10-08,train,1,2014-11-05,0.7381435918,1
2014-10-09,train,1,2014-11-06,0.7818569674,1
2014-10-10,train,1,2014-11-07,0.7689989182,1
2014-10-13,train,1,2014-11-10,0.7942113551,1
2014-10-14,train,1,2014-11-11,0.7998845672,1
2014-10-15,train,1,2014-11-12,0.8039629496,1
2014-10-16,train,1,2014-11-13,0.8226388096,1
2014-10-17,train,1,2014-11-14,0.8126178713,1
2014-10-20,train,1,2014-11-17,0.8128596894,1
2014-10-21,train,1,2014-11-18,0.7844242199,1
2014-10-22,train,1,2014-11-19,0.81175475,1
2014-10-23,train,1,2014-11-20,0.7901726558,1
2014-10-24,train,1,2014-11-21,0.7595782914,1
2014-10-27,train,1,2014-11-24,0.7543494433,1
2014-10-28,train,1,2014-11-25,0.7159333784,1
2014-10-29,train,1,2014-11-26,0.7218996543,1
2014-10-30,train,1,2014-11-28,0.6983582577,1
2014-10-31,train,1,2014-12-01,0.6717312269,1
2014-11-03,train,1,2014-12-02,0.6897267443,1
2014-11-04,train,1,2014-12-03,0.6862935185,1
2014-11-05,train,1,2014-12-04,0.6824577288,1
2014-11-06,train,1,2014-12-05,0.6804914859,1
2014-11-07,train,1,2014-12-08,0.6718842516,1
2014-11-10,train,1,2014-12-09,0.6695644846,1
2014-11-11,train,0,2014-12-10,0.680891853,1
2014-11-12,train,1,2014-12-11,0.678219963,1
2014-11-13,train,0,2014-12-12,0.6704287741,1
2014-11-14,train,0,2014-12-15,0.6775312804,1
2014-11-17,train,0,2014-12-16,0.6770006464,1
2014-11-18,train,0,2014-12-17,0.6849590067,1
2014-11-19,train,1,2014-12-18,0.6954646377,1
2014-11-20,train,1,2014-12-19,0.697245545,1
2014-11-21,train,1,2014-12-22,0.6901839324,1
2014-11-24,train,1,2014-12-23,0.691389594,1
2014-11-25,train,1,2014-12-24,0.6970184309,1
2014-11-26,train,1,2014-12-26,0.6940596912,1
2014-11-28,train,1,2014-12-29,0.6984635895,1
2014-12-01,train,1,2014-12-30,0.7150102969,1
2014-12-02,train,0,2014-12-31,0.6905064397,1
2014-12-03,train,0,2015-01-02,0.6830933553,1
2014-12-04,train,0,2015-01-05,0.6928612213,1
2014-12-05,train,0,2015-01-06,0.6959272312,1
2014-12-08,train,0,2015-01-07,0.7110310128,1
2014-12-09,train,0,2015-01-08,0.7024025694,1
2014-12-10,train,1,2015-01-09,0.7266930498,1
2014-12-11,train,0,2015-01-12,0.7093106029,1
2014-12-12,train,1,2015-01-13,0.7399359728,1
2014-12-15,train,1,2015-01-14,0.7500273058,1
2014-12-16,train,1,2015-01-15,0.756232674,1
2014-12-17,train,0,2015-01-16,0.7234772712,1
2014-12-18,train,0,2015-01-20,0.6949694973,1
2014-12-19,train,0,2015-01-21,0.7042417333,1
2014-12-22,train,0,2015-01-22,0.7161826698,1
2014-12-23,train,0,2015-01-23,0.7245668702,1
2014-12-24,train,0,2015-01-26,0.7003758134,1
2014-12-26,train,0,2015-01-27,0.6599188403,1
2014-12-29,train,0,2015-01-28,0.654660967,1
2014-12-30,train,0,2015-01-29,0.6709605425,1
2014-12-31,train,0,2015-01-30,0.6880592621,1
2015-01-02,train,0,2015-02-02,0.6696682713,1
2015-01-05,train,1,2015-02-03,0.7127444775,1
2015-01-06,train,1,2015-02-04,0.701911355,1
2015-01-07,train,1,2015-02-05,0.6584819797,1
2015-01-08,train,0,2015-02-06,0.6193119365,1
2015-01-09,train,1,2015-02-09,0.6513442294,1
2015-01-12,train,1,2015-02-10,0.6776690219,1
2015-01-13,train,1,2015-02-11,0.6893049169,1
2015-01-14,train,1,2015-02-12,0.6945884432,1
2015-01-15,train,1,2015-02-13,0.6932594749,1
2015-01-16,train,1,2015-02-17,0.6958286312,1
2015-01-20,train,1,2015-02-18,0.7130852244,1
2015-01-21,train,1,2015-02-19,0.717802336,1
2015-01-22,train,1,2015-02-20,0.7015557859,1
2015-01-23,train,1,2015-02-23,0.7334895673,1
2015-01-26,train,1,2015-02-24,0.7257073756,1
2015-01-27,train,1,2015-02-25,0.7476350159,1
2015-01-28,train,1,2015-02-26,0.7623917155,1
2015-01-29,train,1,2015-02-27,0.7278861456,1
2015-01-30,train,1,2015-03-02,0.7595228089,1
2015-02-02,train,1,2015-03-03,0.7269419603,1
2015-02-03,train,1,2015-03-04,0.7231503555,1
2015-02-04,train,1,2015-03-05,0.7535851181,1
2015-02-05,train,1,2015-03-06,0.7294787742,1
2015-02-06,train,1,2015-03-09,0.7653168564,1
2015-02-09,train,1,2015-03-10,0.7592555061,1
2015-02-10,train,0,2015-03-11,0.7196923139,1
2015-02-11,train,1,2015-03-12,0.7284584068,1
2015-02-12,train,0,2015-03-13,0.6963540581,1
2015-02-13,train,0,2015-03-16,0.6959231256,1
2015-02-17,train,0,2015-03-17,0.7130477392,1
2015-02-18,train,1,2015-03-18,0.7018347013,1
2015-02-19,train,0,2015-03-19,0.706892466,1
2015-02-20,train,1,2015-03-20,0.6944036637,1
2015-02-23,train,0,2015-03-23,0.6949241904,1
2015-02-24,train,0,2015-03-24,0.6869796776,1
2015-02-25,train,0,2015-03-25,0.6940837255,1
2015-02-26,train,0,2015-03-26,0.6955362489,1
2015-02-27,train,0,2015-03-27,0.691584574,1
2015-03-02,train,0,2015-03-30,0.6824573001,1
2015-03-03,train,0,2015-03-31,0.7001129343,1
2015-03-04,train,0,2015-04-01,0.7161853042,1
2015-03-05,train,0,2015-04-02,0.7139549515,1
2015-03-06,train,1,2015-04-06,0.7391045162,1
2015-03-09,train,0,2015-04-07,0.7141698605,1
2015-03-10,train,1,2015-04-08,0.7324142656,1
2015-03-11,train,1,2015-04-09,0.7421640084,1
2015-03-12,train,1,2015-04-10,0.6983028676,1
2015-03-13,train,1,2015-04-13,0.7338325737,1
2015-03-16,train,1,2015-04-14,0.6890565123,1
2015-03-17,train,1,2015-04-15,0.7369324139,1
2015-03-18,train,1,2015-04-16,0.7262076316,1
2015-03-19,train,0,2015-04-17,0.730791844,1
2015-03-20,train,0,2015-04-20,0.7231310453,1
2015-03-23,train,0,2015-04-21,0.718643078,1
2015-03-24,train,1,2015-04-22,0.7333794045,1
2015-03-25,train,1,2015-04-23,0.741309812,1
2015-03-26,train,1,2015-04-24,0.7438284252,1
2015-03-27,train,1,2015-04-27,0.7263028346,1
2015-03-30,train,1,2015-04-28,0.6970867009,1
2015-03-31,train,1,2015-04-29,0.7250746994,1
2015-04-01,train,1,2015-04-30,0.7279236558,1
2015-04-02,train,1,2015-05-01,0.7130709687,1
2015-04-06,train,1,2015-05-04,0.7057944478,1
2015-04-07,train,1,2015-05-05,0.7163497638,1
2015-04-08,train,1,2015-05-06,0.7116929466,1
2015-04-09,train,0,2015-05-07,0.7008206382,1
2015-04-10,train,1,2015-05-08,0.6935074467,1
2015-04-13,train,1,2015-05-11,0.6952286985,1
2015-04-14,train,1,2015-05-12,0.6962889703,1
2015-04-15,train,0,2015-05-13,0.6948294155,1
2015-04-16,train,1,2015-05-14,0.7020690704,1
2015-04-17,train,1,2015-05-15,0.7200395341,1
2015-04-20,train,1,2015-05-18,0.7157686019,1
2015-04-21,train,1,2015-05-19,0.7166529091,1
2015-04-22,train,1,2015-05-20,0.7023439228,1
2015-04-23,train,1,2015-05-21,0.6914392327,1
2015-04-24,train,1,2015-05-22,0.6900712055,1
2015-04-27,train,0,2015-05-26,0.6990398516,1
2015-04-28,train,1,2015-05-27,0.68905834,1
2015-04-29,train,1,2015-05-28,0.7014582186,1
2015-04-30,train,1,2015-05-29,0.7224694587,1
2015-05-01,train,1,2015-06-01,0.6895372392,1
2015-05-04,train,1,2015-06-02,0.706986476,1
2015-05-05,train,1,2015-06-03,0.7218532906,1
2015-05-06,train,1,2015-06-04,0.7252613423,1
2015-05-07,train,1,2015-06-05,0.7352756834,1
2015-05-08,train,0,2015-06-08,0.7014223832,1
2015-05-11,train,0,2015-06-09,0.7216151591,1
2015-05-12,train,1,2015-06-10,0.7391210968,1
2015-05-13,train,1,2015-06-11,0.7449137462,1
2015-05-14,train,0,2015-06-12,0.7201726271,1
2015-05-15,train,0,2015-06-15,0.7107183872,1
2015-05-18,train,0,2015-06-16,0.7210615094,1
2015-05-19,train,0,2015-06-17,0.7271915504,1
2015-05-20,train,0,2015-06-18,0.7347886489,1
2015-05-21,train,0,2015-06-19,0.7176838795,1
2015-05-22,train,0,2015-06-22,0.7224677046,1
2015-05-26,train,1,2015-06-23,0.7316264171,1
2015-05-27,train,0,2015-06-24,0.7132662853,1
2015-05-28,train,0,2015-06-25,0.7182559061,1
2015-05-29,train,0,2015-06-26,0.7213488236,1
2015-06-01,train,0,2015-06-29,0.7225853565,1
2015-06-02,train,0,2015-06-30,0.7264575176,1
2015-06-03,train,0,2015-07-01,0.7150799571,1
2015-06-04,train,0,2015-07-02,0.7146249989,1
2015-06-05,train,0,2015-07-06,0.7207313737,1
2015-06-08,train,1,2015-07-07,0.7452578115,1
2015-06-09,train,0,2015-07-08,0.7372385092,1
2015-06-10,train,0,2015-07-09,0.7157998185,1
2015-06-11,train,0,2015-07-10,0.7266533191,1
2015-06-12,train,1,2015-07-13,0.7611986359,1
2015-06-15,train,1,2015-07-14,0.7685416673,1
2015-06-16,train,1,2015-07-15,0.7633154054,1
2015-06-17,train,1,2015-07-16,0.7510353199,1
2015-06-18,train,1,2015-07-17,0.7212214899,1
2015-06-19,train,1,2015-07-20,0.7346528393,1
2015-06-22,train,0,2015-07-21,0.7197930316,1
2015-06-23,train,0,2015-07-22,0.7184212305,1
2015-06-24,train,0,2015-07-23,0.743814199,1
2015-06-25,train,0,2015-07-24,0.7283770675,1
2015-06-26,train,0,2015-07-27,0.7277299481,1
2015-06-29,train,1,2015-07-28,0.7533921598,1
2015-06-30,train,1,2015-07-29,0.7425920254,1
2015-07-01,train,1,2015-07-30,0.7380502224,1
2015-07-02,train,1,2015-07-31,0.7489292146,1
2015-07-06,train,1,2015-08-03,0.7551678537,1
2015-07-07,train,1,2015-08-04,0.7673322813,1
2015-07-08,train,1,2015-08-05,0.7884189014,1
2015-07-09,train,1,2015-08-06,0.7771341246,1
2015-07-10,train,1,2015-08-07,0.7614619108,1
2015-07-13,train,1,2015-08-10,0.7484979416,1
2015-07-14,train,0,2015-08-11,0.7307994175,1
2015-07-15,train,0,2015-08-12,0.763612079,1
2015-07-16,train,0,2015-08-13,0.7471776566,1
2015-07-17,train,0,2015-08-14,0.7467493659,1
2015-07-20,train,0,2015-08-17,0.7347050762,1
2015-07-21,train,0,2015-08-18,0.7413739307,1
2015-07-22,train,0,2015-08-19,0.7413829182,1
2015-07-23,train,0,2015-08-20,0.7414042146,1
2015-07-24,train,0,2015-08-21,0.7512203334,1
2015-07-27,train,0,2015-08-24,0.7488738875,1
2015-07-28,train,0,2015-08-25,0.7341308417,1
2015-07-29,train,0,2015-08-26,0.7346679537,1
2015-07-30,train,0,2015-08-27,0.7376432368,1
2015-07-31,train,0,2015-08-28,0.7485842147,1
2015-08-03,train,0,2015-08-31,0.7633682258,1
2015-08-04,train,0,2015-09-01,0.7628617992,1
2015-08-05,train,0,2015-09-02,0.7497670559,1
2015-08-06,train,0,2015-09-03,0.7616528571,1
2015-08-07,train,0,2015-09-04,0.7723264788,1
2015-08-10,train,0,2015-09-08,0.762546886,1
2015-08-11,train,0,2015-09-09,0.7893374388,1
2015-08-12,train,0,2015-09-10,0.7843527996,1
2015-08-13,train,0,2015-09-11,0.7967681431,1
2015-08-14,train,0,2015-09-14,0.7924626318,1
2015-08-17,train,0,2015-09-15,0.7765474602,1
2015-08-18,train,0,2015-09-16,0.7900500535,1
2015-08-19,train,0,2015-09-17,0.7908095135,1
2015-08-20,train,0,2015-09-18,0.8178012326,1
2015-08-21,train,1,2015-09-21,0.8360212783,1
2015-08-24,train,1,2015-09-22,0.8554574472,1
2015-08-25,train,1,2015-09-23,0.8622069773,1
2015-08-26,train,0,2015-09-24,0.8033302947,1
2015-08-27,train,0,2015-09-25,0.8050065947,1
2015-08-28,train,0,2015-09-28,0.8357381431,1
2015-08-31,train,0,2015-09-29,0.8709164048,1
2015-09-01,train,1,2015-09-30,0.8980266037,1
2015-09-02,train,0,2015-10-01,0.8435511733,1
2015-09-03,train,1,2015-10-02,0.8389379471,1
2015-09-04,train,1,2015-10-05,0.8562674874,1
2015-09-08,train,1,2015-10-06,0.8244372497,1
2015-09-09,train,1,2015-10-07,0.8657147604,1
2015-09-10,train,1,2015-10-08,0.8430331749,1
2015-09-11,train,1,2015-10-09,0.8402540766,1
2015-09-14,train,1,2015-10-12,0.8618843291,1
2015-09-15,train,1,2015-10-13,0.8240834804,1
2015-09-16,train,1,2015-10-14,0.8314704718,1
2015-09-17,train,1,2015-10-15,0.8333932457,1
2015-09-18,train,1,2015-10-16,0.8411479495,1
2015-09-21,train,1,2015-10-19,0.8251627325,1
2015-09-22,train,1,2015-10-20,0.8308467863,1
2015-09-23,train,1,2015-10-21,0.803589436,1
2015-09-24,train,1,2015-10-22,0.831251536,1
2015-09-25,train,1,2015-10-23,0.8551258703,1
2015-09-28,train,1,2015-10-26,0.8732096497,1
2015-09-29,train,1,2015-10-27,0.8693548903,1
2015-09-30,train,1,2015-10-28,0.8502648194,1
2015-10-01,train,1,2015-10-29,0.8573761267,1
2015-10-02,train,1,2015-10-30,0.8423741675,1
2015-10-05,train,1,2015-11-02,0.8485009233,1
2015-10-06,train,1,2015-11-03,0.8732508265,1
2015-10-07,train,1,2015-11-04,0.8514307755,1
2015-10-08,train,1,2015-11-05,0.8437973493,1
2015-10-09,train,1,2015-11-06,0.841574847,1
2015-10-12,train,1,2015-11-09,0.8279178902,1
2015-10-13,train,1,2015-11-10,0.8439957839,1
2015-10-14,train,1,2015-11-11,0.8409305383,1
2015-10-15,train,1,2015-11-12,0.8088309722,1
2015-10-16,train,0,2015-11-13,0.8056358276,1
2015-10-19,train,1,2015-11-16,0.7986907863,1
2015-10-20,train,1,2015-11-17,0.8009901529,1
2015-10-21,train,1,2015-11-18,0.8185424372,1
2015-10-22,train,1,2015-11-19,0.7786812053,1
2015-10-23,train,1,2015-11-20,0.7633631407,1
2015-10-26,train,1,2015-11-23,0.7749322374,1
2015-10-27,train,1,2015-11-24,0.7752331645,1
2015-10-28,train,1,2015-11-25,0.7694690896,1
2015-10-29,train,1,2015-11-27,0.7613189549,1
2015-10-30,train,1,2015-11-30,0.7587992948,1
2015-11-02,train,1,2015-12-01,0.7446732687,1
2015-11-03,train,0,2015-12-02,0.7592760014,1
2015-11-04,train,0,2015-12-03,0.7510769486,1
2015-11-05,train,0,2015-12-04,0.7555916127,1
2015-11-06,train,0,2015-12-07,0.7599684078,1
2015-11-09,train,0,2015-12-08,0.7655549845,1
2015-11-10,train,0,2015-12-09,0.7577216615,1
2015-11-11,train,0,2015-12-10,0.7646218684,1
2015-11-12,train,0,2015-12-11,0.7835807765,1
2015-11-13,train,1,2015-12-14,0.7812201414,1
2015-11-16,train,0,2015-12-15,0.7280737423,1
2015-11-17,train,1,2015-12-16,0.6984125494,1
2015-11-18,train,0,2015-12-17,0.6508205233,1
2015-11-19,train,0,2015-12-18,0.7223733252,1
2015-11-20,train,0,2015-12-21,0.7512073781,1
2015-11-23,train,0,2015-12-22,0.7381222786,1
2015-11-24,train,0,2015-12-23,0.7276837608,1
2015-11-25,train,0,2015-12-24,0.6877106082,1
2015-11-27,train,0,2015-12-28,0.7019006677,1
2015-11-30,train,0,2015-12-29,0.7070726263,1
2015-12-01,train,0,2015-12-30,0.6772237589,1
2015-12-02,train,0,2015-12-31,0.7200163696,1
2015-12-03,train,0,2016-01-04,0.724647358,1
2015-12-04,train,0,2016-01-05,0.672294553,1
2015-12-07,train,0,2016-01-06,0.7056653006,1
2015-12-08,train,0,2016-01-07,0.6995361374,1
2015-12-09,train,0,2016-01-08,0.7323748087,1
2015-12-10,train,0,2016-01-11,0.7467442479,1
2015-12-11,train,0,2016-01-12,0.7552610437,1
2015-12-14,train,0,2016-01-13,0.7233519416,1
2015-12-15,train,0,2016-01-14,0.7273411721,1
2015-12-16,train,0,2016-01-15,0.7028056312,1
2015-12-17,train,0,2016-01-19,0.7390396659,1
2015-12-18,train,0,2016-01-20,0.7758255874,1
2015-12-21,train,0,2016-01-21,0.7449047843,1
2015-12-22,train,0,2016-01-22,0.69746818,1
2015-12-23,train,0,2016-01-25,0.6611517225,1
2015-12-24,train,0,2016-01-26,0.7070998388,1
2015-12-28,train,0,2016-01-27,0.7322285058,1
2015-12-29,train,0,2016-01-28,0.7087663299,1
2015-12-30,train,0,2016-01-29,0.7397749183,1
2015-12-31,train,0,2016-02-01,0.7374358717,1
2016-01-04,train,0,2016-02-02,0.7610079985,1
2016-01-05,train,0,2016-02-03,0.7712057875,1
2016-01-06,train,0,2016-02-04,0.7815116095,1
2016-01-07,train,0,2016-02-05,0.8117261445,1
2016-01-08,train,0,2016-02-08,0.8158751677,1
2016-01-11,train,0,2016-02-09,0.8193087084,1
2016-01-12,train,0,2016-02-10,0.8121471312,1
2016-01-13,train,0,2016-02-11,0.8544475801,1
2016-01-14,train,0,2016-02-12,0.8439706985,1
2016-01-15,train,1,2016-02-16,0.8810693426,1
2016-01-19,train,1,2016-02-17,0.8685621873,1
2016-01-20,train,1,2016-02-18,0.8803037976,1
2016-01-21,train,1,2016-02-19,0.8908679793,1
2016-01-22,train,1,2016-02-22,0.8619679497,1
2016-01-25,train,1,2016-02-23,0.8965186221,1
2016-01-26,train,1,2016-02-24,0.881787298,1
2016-01-27,train,1,2016-02-25,0.9009047789,1
2016-01-28,train,1,2016-02-26,0.8919768873,1
2016-01-29,train,0,2016-02-29,0.8563434804,1
2016-02-01,train,1,2016-03-01,0.8767796364,1
2016-02-02,train,1,2016-03-02,0.8803232214,1
2016-02-03,train,1,2016-03-03,0.8746203465,1
2016-02-04,train,1,2016-03-04,0.8703585223,1
2016-02-05,train,1,2016-03-07,0.8664911791,1
2016-02-08,train,1,2016-03-08,0.8711730488,1
2016-02-09,train,1,2016-03-09,0.8741886258,1
2016-02-10,train,1,2016-03-10,0.8668940395,1
2016-02-11,train,1,2016-03-11,0.8705631072,1
2016-02-12,train,1,2016-03-14,0.8623396959,1
2016-02-16,train,1,2016-03-15,0.8545956585,1
2016-02-17,train,1,2016-03-16,0.8468574177,1
2016-02-18,train,1,2016-03-17,0.8573131246,1
2016-02-19,train,1,2016-03-18,0.8681185606,1
2016-02-22,train,1,2016-03-21,0.844712374,1
2016-02-23,train,1,2016-03-22,0.8499890285,1
2016-02-24,train,1,2016-03-23,0.8298081067,1
2016-02-25,train,1,2016-03-24,0.8194222557,1
2016-02-26,train,1,2016-03-28,0.8265334609,1
2016-02-29,train,1,2016-03-29,0.8404921183,1
2016-03-01,train,1,2016-03-30,0.8046595664,1
2016-03-02,train,1,2016-03-31,0.7957235854,1
2016-03-03,train,1,2016-04-01,0.7948552634,1
2016-03-04,train,1,2016-04-04,0.7898303761,1
2016-03-07,train,1,2016-04-05,0.7951075826,1
2016-03-08,train,1,2016-04-06,0.7838378579,1
2016-03-09,train,1,2016-04-07,0.7680949209,1
2016-03-10,train,1,2016-04-08,0.7517473191,1
2016-03-11,train,1,2016-04-11,0.7190607197,1
2016-03-14,train,1,2016-04-12,0.7499127715,1
2016-03-15,train,1,2016-04-13,0.7767018796,1
2016-03-16,train,1,2016-04-14,0.7588157438,1
2016-03-17,train,1,2016-04-15,0.7343298185,1
2016-03-18,train,1,2016-04-18,0.7218018088,1
2016-03-21,train,1,2016-04-19,0.733410082,1
2016-03-22,train,1,2016-04-20,0.7459414779,1
2016-03-23,train,1,2016-04-21,0.7516231325,1
2016-03-24,train,1,2016-04-22,0.7481427156,1
2016-03-28,train,1,2016-04-25,0.7512075277,1
2016-03-29,train,1,2016-04-26,0.7272798755,1
2016-03-30,train,1,2016-04-27,0.7382244337,1
2016-03-31,train,1,2016-04-28,0.7425725908,1
2016-04-01,train,0,2016-04-29,0.7333183404,1
2016-04-04,train,1,2016-05-02,0.7315054186,1
2016-04-05,train,1,2016-05-03,0.7124339661,1
2016-04-06,train,0,2016-05-04,0.6656729754,1
2016-04-07,train,1,2016-05-05,0.6975905737,1
2016-04-08,train,1,2016-05-06,0.6854356725,1
2016-04-11,train,1,2016-05-09,0.6848402754,1
2016-04-12,train,1,2016-05-10,0.6858464839,1
2016-04-13,train,0,2016-05-11,0.6329504868,1
2016-04-14,train,0,2016-05-12,0.658170378,1
2016-04-15,train,0,2016-05-13,0.6506967636,1
2016-04-18,train,0,2016-05-16,0.6444062881,1
2016-04-19,train,0,2016-05-17,0.6491276288,1
2016-04-20,train,0,2016-05-18,0.621105618,1
2016-04-21,train,0,2016-05-19,0.6469283789,1
2016-04-22,train,0,2016-05-20,0.6316300741,1
2016-04-25,train,0,2016-05-23,0.6321050534,1
2016-04-26,train,0,2016-05-24,0.6543587243,1
2016-04-27,train,0,2016-05-25,0.6512292717,1
2016-04-28,train,1,2016-05-26,0.6565517848,1
2016-04-29,train,1,2016-05-27,0.671162112,1
2016-05-02,train,1,2016-05-31,0.6493545006,1
2016-05-03,train,1,2016-06-01,0.6489565125,1
2016-05-04,train,1,2016-06-02,0.647583927,1
2016-05-05,train,1,2016-06-03,0.6543230663,1
2016-05-06,train,1,2016-06-06,0.6509183315,1
2016-05-09,train,1,2016-06-07,0.6245123627,1
2016-05-10,train,1,2016-06-08,0.630602135,1
2016-05-11,train,1,2016-06-09,0.687222832,1
2016-05-12,train,1,2016-06-10,0.6944743309,1
2016-05-13,train,1,2016-06-13,0.7022973851,1
2016-05-16,train,1,2016-06-14,0.6750176289,1
2016-05-17,train,1,2016-06-15,0.6983365068,1
2016-05-18,train,1,2016-06-16,0.6922400022,1
2016-05-19,train,1,2016-06-17,0.7006174341,1
2016-05-20,train,1,2016-06-20,0.7042361174,1
2016-05-23,train,1,2016-06-21,0.6970696797,1
2016-05-24,train,1,2016-06-22,0.6697998635,1
2016-05-25,train,1,2016-06-23,0.6813539189,1
2016-05-26,train,0,2016-06-24,0.6899419758,1
2016-05-27,train,0,2016-06-27,0.6788788924,1
2016-05-31,train,0,2016-06-28,0.6925696341,1
2016-06-01,train,0,2016-06-29,0.6728852585,1
2016-06-02,train,0,2016-06-30,0.6464144956,1
2016-06-03,train,1,2016-07-01,0.6603095172,1
2016-06-06,train,0,2016-07-05,0.6423560017,1
2016-06-07,train,0,2016-07-06,0.6589288898,1
2016-06-08,train,0,2016-07-07,0.6604732717,1
2016-06-09,train,1,2016-07-08,0.662815926,1
2016-06-10,train,1,2016-07-11,0.6865982118,1
2016-06-13,train,1,2016-07-12,0.6930440195,1
2016-06-14,train,1,2016-07-13,0.7023782827,1
2016-06-15,train,1,2016-07-14,0.7015633418,1
2016-06-16,train,1,2016-07-15,0.6970968144,1
2016-06-17,train,1,2016-07-18,0.7100760958,1
2016-06-20,train,1,2016-07-19,0.7055845499,1
2016-06-21,train,1,2016-07-20,0.708146762,1
2016-06-22,train,1,2016-07-21,0.7318816158,1
2016-06-23,train,1,2016-07-22,0.7042605299,1
2016-06-24,train,1,2016-07-25,0.7587276709,1
2016-06-27,train,1,2016-07-26,0.7678665136,1
2016-06-28,train,1,2016-07-27,0.7145200154,1
2016-06-29,train,1,2016-07-28,0.6802239691,1
2016-06-30,train,1,2016-07-29,0.6563178712,1
2016-07-01,train,1,2016-08-01,0.6941253816,1
2016-07-05,train,1,2016-08-02,0.7349062636,1
2016-07-06,train,1,2016-08-03,0.6942775961,1
2016-07-07,train,1,2016-08-04,0.6937136227,1
2016-07-08,train,1,2016-08-05,0.648923005,1
2016-07-11,train,1,2016-08-08,0.6484875552,1
2016-07-12,train,1,2016-08-09,0.6401656866,1
2016-07-13,train,1,2016-08-10,0.6460449936,1
2016-07-14,train,1,2016-08-11,0.6409800993,1
2016-07-15,train,1,2016-08-12,0.6296641463,1
2016-07-18,train,1,2016-08-15,0.6138103532,1
2016-07-19,train,1,2016-08-16,0.6122294106,1
2016-07-20,train,1,2016-08-17,0.6037577976,1
2016-07-21,train,1,2016-08-18,0.6147466753,1
2016-07-22,train,1,2016-08-19,0.6134642919,1
2016-07-25,train,1,2016-08-22,0.619741938,1
2016-07-26,train,1,2016-08-23,0.6168435108,1
2016-07-27,train,1,2016-08-24,0.6334489194,1
2016-07-28,train,1,2016-08-25,0.6367849911,1
2016-07-29,train,1,2016-08-26,0.6306519057,1
2016-08-01,train,1,2016-08-29,0.6388847874,1
2016-08-02,train,1,2016-08-30,0.6554797482,1
2016-08-03,train,1,2016-08-31,0.6484210771,1
2016-08-04,train,1,2016-09-01,0.6605769899,1
2016-08-05,train,1,2016-09-02,0.6492924025,1
2016-08-08,train,1,2016-09-06,0.6613241166,1
2016-08-09,train,1,2016-09-07,0.6615974778,1
2016-08-10,train,1,2016-09-08,0.672453748,1
2016-08-11,train,0,2016-09-09,0.6540573904,1
2016-08-12,train,0,2016-09-12,0.6479519304,1
2016-08-15,train,0,2016-09-13,0.6400315331,1
2016-08-16,train,0,2016-09-14,0.6588683886,1
2016-08-17,train,0,2016-09-15,0.6574582086,1
2016-08-18,train,0,2016-09-16,0.6580093711,1
2016-08-19,train,0,2016-09-19,0.6778667487,1
2016-08-22,train,0,2016-09-20,0.6776654484,1
2016-08-23,train,0,2016-09-21,0.6876194052,1
2016-08-24,train,1,2016-09-22,0.6957704566,1
2016-08-25,train,0,2016-09-23,0.6909794669,1
2016-08-26,train,0,2016-09-26,0.696776901,1
2016-08-29,train,0,2016-09-27,0.6813548517,1
2016-08-30,train,0,2016-09-28,0.6904312936,1
2016-08-31,train,0,2016-09-29,0.7075132261,1
2016-09-01,train,1,2016-09-30,0.7092565828,1
2016-09-02,train,0,2016-10-03,0.7067251056,1
2016-09-06,train,0,2016-10-04,0.6909461645,1
2016-09-07,train,0,2016-10-05,0.6874732094,1
2016-09-08,train,0,2016-10-06,0.6951439467,1
2016-09-09,train,1,2016-10-07,0.7236587146,1
2016-09-12,train,1,2016-10-10,0.6702063311,1
2016-09-13,train,1,2016-10-11,0.7014777163,1
2016-09-14,train,1,2016-10-12,0.6969422239,1
2016-09-15,train,0,2016-10-13,0.6767464392,1
2016-09-16,train,0,2016-10-14,0.7175751448,1
2016-09-19,train,0,2016-10-17,0.7109991087,1
2016-09-20,train,1,2016-10-18,0.6904316278,1
2016-09-21,train,0,2016-10-19,0.6501106874,1
2016-09-22,train,0,2016-10-20,0.6466266102,1
2016-09-23,train,0,2016-10-21,0.6801945749,1
2016-09-26,train,1,2016-10-24,0.7030294083,1
2016-09-27,train,0,2016-10-25,0.69039437,1
2016-09-28,train,0,2016-10-26,0.6633760925,1
2016-09-29,train,0,2016-10-27,0.6811946155,1
2016-09-30,train,0,2016-10-28,0.6639819578,1
2016-10-03,train,0,2016-10-31,0.6996922594,1
2016-10-04,train,0,2016-11-01,0.7038592745,1
2016-10-05,train,0,2016-11-02,0.6921284379,1
2016-10-06,train,0,2016-11-03,0.7021351146,1
2016-10-07,train,0,2016-11-04,0.7098989283,1
2016-10-10,train,0,2016-11-07,0.7101686416,1
2016-10-11,train,1,2016-11-08,0.739805201,1
2016-10-12,train,1,2016-11-09,0.7246816998,1
2016-10-13,train,1,2016-11-10,0.7401025411,1
2016-10-14,train,1,2016-11-11,0.7367629163,1
2016-10-17,train,1,2016-11-14,0.7407158314,1
2016-10-18,train,1,2016-11-15,0.7374403878,1
2016-10-19,train,1,2016-11-16,0.74134788,1
2016-10-20,train,1,2016-11-17,0.7531574661,1
2016-10-21,train,1,2016-11-18,0.749852821,1
2016-10-24,train,1,2016-11-21,0.7444002113,1
2016-10-25,train,1,2016-11-22,0.7489928512,1
2016-10-26,train,1,2016-11-23,0.7477798946,1
2016-10-27,train,1,2016-11-25,0.7543634247,1
2016-10-28,train,1,2016-11-28,0.7653596982,1
2016-10-31,train,1,2016-11-29,0.7641460805,1
2016-11-01,train,1,2016-11-30,0.7755658178,1
2016-11-02,train,1,2016-12-01,0.7867288353,1
2016-11-03,train,1,2016-12-02,0.7922584207,1
2016-11-04,train,1,2016-12-05,0.797082968,1
2016-11-07,train,1,2016-12-06,0.7501781922,1
2016-11-08,train,1,2016-12-07,0.7644293135,1
2016-11-09,train,1,2016-12-08,0.7533698458,1
2016-11-10,train,1,2016-12-09,0.7621175025,1
2016-11-11,train,1,2016-12-12,0.7726260325,1
2016-11-14,train,1,2016-12-13,0.7511784369,1
2016-11-15,train,1,2016-12-14,0.7337152635,1
2016-11-16,train,1,2016-12-15,0.7342548122,1
2016-11-17,train,1,2016-12-16,0.7168226549,1
2016-11-18,train,1,2016-12-19,0.7259873543,1
2016-11-21,train,1,2016-12-20,0.7118904926,1
2016-11-22,train,1,2016-12-21,0.7091334847,1
2016-11-23,train,1,2016-12-22,0.71017504,1
2016-11-25,train,1,2016-12-23,0.6964650603,1
2016-11-28,train,1,2016-12-27,0.7098541624,1
2016-11-29,train,1,2016-12-28,0.7001929306,1
2016-11-30,train,1,2016-12-29,0.7045408949,1
2016-12-01,train,1,2016-12-30,0.7094891848,1
2016-12-02,train,1,2017-01-03,0.7012127211,1
2016-12-05,train,1,2017-01-04,0.6700604608,1
2016-12-06,train,1,2017-01-05,0.7013388652,1
2016-12-07,train,1,2017-01-06,0.6641945255,1
2016-12-08,train,1,2017-01-09,0.6791329601,1
2016-12-09,train,1,2017-01-10,0.6751472003,1
2016-12-12,train,1,2017-01-11,0.6738047156,1
2016-12-13,train,1,2017-01-12,0.6557830583,1
2016-12-14,train,1,2017-01-13,0.6612180437,1
2016-12-15,train,1,2017-01-17,0.6523508839,1
2016-12-16,train,1,2017-01-18,0.6647618525,1
2016-12-19,train,1,2017-01-19,0.6601416179,1
2016-12-20,train,1,2017-01-20,0.6437080387,1
2016-12-21,train,1,2017-01-23,0.6675565471,1
2016-12-22,train,1,2017-01-24,0.6681720875,1
2016-12-23,train,1,2017-01-25,0.6616566719,1
2016-12-27,train,1,2017-01-26,0.6616288445,1
2016-12-28,train,1,2017-01-27,0.6726765,1
2016-12-29,train,1,2017-01-30,0.6677842146,1
2016-12-30,train,1,2017-01-31,0.6818827171,1
2017-01-03,train,1,2017-02-01,0.6673112276,1
2017-01-04,train,1,2017-02-02,0.658139716,1
2017-01-05,train,1,2017-02-03,0.6806504065,1
2017-01-06,train,1,2017-02-06,0.6736605114,1
2017-01-09,train,1,2017-02-07,0.6895378111,1
2017-01-10,train,1,2017-02-08,0.6817474952,1
2017-01-11,train,1,2017-02-09,0.6698576669,1
2017-01-12,train,1,2017-02-10,0.6829996634,1
2017-01-13,train,1,2017-02-13,0.6763782621,1
2017-01-17,train,1,2017-02-14,0.6945589317,1
2017-01-18,train,1,2017-02-15,0.6857154923,1
2017-01-19,train,1,2017-02-16,0.6933664331,1
2017-01-20,train,1,2017-02-17,0.6917339333,1
2017-01-23,train,1,2017-02-21,0.6934281389,1
2017-01-24,train,1,2017-02-22,0.6801736316,1
2017-01-25,train,1,2017-02-23,0.6598983196,1
2017-01-26,train,1,2017-02-24,0.6717304379,1
2017-01-27,train,1,2017-02-27,0.6719717471,1
2017-01-30,train,1,2017-02-28,0.6765260775,1
2017-01-31,train,1,2017-03-01,0.6582853639,1
2017-02-01,train,1,2017-03-02,0.6496062991,1
2017-02-02,train,1,2017-03-03,0.6511274682,1
2017-02-03,train,1,2017-03-06,0.6524201591,1
2017-02-06,train,1,2017-03-07,0.6777801787,1
2017-02-07,train,1,2017-03-08,0.6854733791,1
2017-02-08,train,1,2017-03-09,0.6852027218,1
2017-02-09,train,1,2017-03-10,0.6705003294,1
2017-02-10,train,1,2017-03-13,0.6568896294,1
2017-02-13,train,1,2017-03-14,0.6555072646,1
2017-02-14,train,1,2017-03-15,0.647491425,1
2017-02-15,train,1,2017-03-16,0.6406832187,1
2017-02-16,train,1,2017-03-17,0.6385591881,1
2017-02-17,train,1,2017-03-20,0.6382202377,1
2017-02-21,train,0,2017-03-21,0.618568977,1
2017-02-22,train,0,2017-03-22,0.6249015267,1
2017-02-23,train,0,2017-03-23,0.6264182675,1
2017-02-24,train,0,2017-03-24,0.6193645661,1
2017-02-27,train,0,2017-03-27,0.6187137038,1
2017-02-28,train,0,2017-03-28,0.619629404,1
2017-03-01,train,0,2017-03-29,0.5696743843,1
2017-03-02,train,0,2017-03-30,0.5917222831,1
2017-03-03,train,0,2017-03-31,0.587928573,1
2017-03-06,train,0,2017-04-03,0.6020598513,1
2017-03-07,train,0,2017-04-04,0.620331537,1
2017-03-08,train,0,2017-04-05,0.6103507983,1
2017-03-09,train,0,2017-04-06,0.6221438386,1
2017-03-10,train,0,2017-04-07,0.6169138734,1
2017-03-13,train,0,2017-04-10,0.6295796584,1
2017-03-14,train,0,2017-04-11,0.63619405,1
2017-03-15,train,0,2017-04-12,0.6237422764,1
2017-03-16,train,0,2017-04-13,0.6343893642,1
2017-03-17,train,0,2017-04-17,0.634539486,1
2017-03-20,train,0,2017-04-18,0.6378293143,1
2017-03-21,train,0,2017-04-19,0.667836598,1
2017-03-22,train,1,2017-04-20,0.6452090469,1
2017-03-23,train,1,2017-04-21,0.6526973181,1
2017-03-24,train,1,2017-04-24,0.6604842153,1
2017-03-27,train,1,2017-04-25,0.6582960977,1
2017-03-28,train,1,2017-04-26,0.6530349057,1
2017-03-29,train,1,2017-04-27,0.663442234,1
2017-03-30,train,1,2017-04-28,0.6663920853,1
2017-03-31,train,1,2017-05-01,0.6786284965,1
2017-04-03,train,1,2017-05-02,0.6825982706,1
2017-04-04,train,1,2017-05-03,0.6753981371,1
2017-04-05,train,1,2017-05-04,0.6771463336,1
2017-04-06,train,1,2017-05-05,0.6680221366,1
2017-04-07,train,1,2017-05-08,0.6795595934,1
2017-04-10,train,1,2017-05-09,0.677799414,1
2017-04-11,train,1,2017-05-10,0.6822996204,1
2017-04-12,train,1,2017-05-11,0.6964310954,1
2017-04-13,train,1,2017-05-12,0.7051103141,1
2017-04-17,train,1,2017-05-15,0.6772132334,1
2017-04-18,train,1,2017-05-16,0.6919190464,1
2017-04-19,train,1,2017-05-17,0.6961354587,1
2017-04-20,train,1,2017-05-18,0.6859535133,1
2017-04-21,train,1,2017-05-19,0.7115841555,1
2017-04-24,train,1,2017-05-22,0.67320497,1
2017-04-25,train,1,2017-05-23,0.6691051876,1
2017-04-26,train,1,2017-05-24,0.6759482208,1
2017-04-27,train,1,2017-05-25,0.6641664793,1
2017-04-28,train,1,2017-05-26,0.6738890297,1
2017-05-01,train,1,2017-05-30,0.6555849147,1
2017-05-02,train,1,2017-05-31,0.6582752524,1
2017-05-03,train,1,2017-06-01,0.6615746896,1
2017-05-04,train,1,2017-06-02,0.660285294,1
2017-05-05,train,1,2017-06-05,0.6577852806,1
2017-05-08,train,1,2017-06-06,0.6627916356,1
2017-05-09,train,1,2017-06-07,0.669807559,1
2017-05-10,train,1,2017-06-08,0.6706389455,1
2017-05-11,train,1,2017-06-09,0.6793378213,1
2017-05-12,train,1,2017-06-12,0.6817869548,1
2017-05-15,train,1,2017-06-13,0.6761682472,1
2017-05-16,train,1,2017-06-14,0.6831453507,1
2017-05-17,train,1,2017-06-15,0.7115229135,1
2017-05-18,train,1,2017-06-16,0.7001309146,1
2017-05-19,train,1,2017-06-19,0.6918423759,1
2017-05-22,train,1,2017-06-20,0.6860679499,1
2017-05-23,train,1,2017-06-21,0.6913541345,1
2017-05-24,train,1,2017-06-22,0.7036726837,1
2017-05-25,train,1,2017-06-23,0.7018342648,1
2017-05-26,train,1,2017-06-26,0.6930838451,1
2017-05-30,train,1,2017-06-27,0.6912487858,1
2017-05-31,train,1,2017-06-28,0.6874156413,1
2017-06-01,train,0,2017-06-29,0.6658523571,1
2017-06-02,train,0,2017-06-30,0.6584893512,1
2017-06-05,train,0,2017-07-03,0.6668899349,1
2017-06-06,train,1,2017-07-05,0.6761202547,1
2017-06-07,train,0,2017-07-06,0.6725228755,1
2017-06-08,train,0,2017-07-07,0.6611509903,1
2017-06-09,train,1,2017-07-10,0.6682192393,1
2017-06-12,train,0,2017-07-11,0.6693783685,1
2017-06-13,train,1,2017-07-12,0.6646401254,1
2017-06-14,train,1,2017-07-13,0.6688141967,1
2017-06-15,train,1,2017-07-14,0.6699256577,1
2017-06-16,train,1,2017-07-17,0.6722472038,1
2017-06-19,train,1,2017-07-18,0.656079874,1
2017-06-20,train,1,2017-07-19,0.6703452347,1
2017-06-21,train,1,2017-07-20,0.6669597127,1
2017-06-22,train,1,2017-07-21,0.6783829285,1
2017-06-23,train,1,2017-07-24,0.6772473453,1
2017-06-26,train,1,2017-07-25,0.6763392982,1
2017-06-27,train,1,2017-07-26,0.6998873393,1
2017-06-28,train,1,2017-07-27,0.671729479,1
2017-06-29,train,1,2017-07-28,0.700699936,1
2017-06-30,train,1,2017-07-31,0.6884114182,1
2017-07-03,train,1,2017-08-01,0.6869747429,1
2017-07-05,train,1,2017-08-02,0.6950930533,1
2017-07-06,train,1,2017-08-03,0.7043065938,1
2017-07-07,train,1,2017-08-04,0.6947211378,1
2017-07-10,train,1,2017-08-07,0.6896335149,1
2017-07-11,train,1,2017-08-08,0.6838012818,1
2017-07-12,train,1,2017-08-09,0.6727046318,1
2017-07-13,train,0,2017-08-10,0.6830590407,1
2017-07-14,train,0,2017-08-11,0.6639843849,1
2017-07-17,train,1,2017-08-14,0.6743020165,1
2017-07-18,train,1,2017-08-15,0.6794848757,1
2017-07-19,train,0,2017-08-16,0.6684441712,1
2017-07-20,train,0,2017-08-17,0.675044021,1
2017-07-21,train,0,2017-08-18,0.6720600436,1
2017-07-24,train,0,2017-08-21,0.6744377856,1
2017-07-25,train,0,2017-08-22,0.6679231371,1
2017-07-26,train,0,2017-08-23,0.6650871282,1
2017-07-27,train,0,2017-08-24,0.675570673,1
2017-07-28,train,0,2017-08-25,0.6776168813,1
2017-07-31,train,0,2017-08-28,0.6804996442,1
2017-08-01,train,0,2017-08-29,0.6780143356,1
2017-08-02,train,0,2017-08-30,0.6808758633,1
2017-08-03,train,1,2017-08-31,0.6886062173,1
2017-08-04,train,1,2017-09-01,0.6921590752,1
2017-08-07,train,0,2017-09-05,0.6893994345,1
2017-08-08,train,0,2017-09-06,0.6913471283,1
2017-08-09,train,0,2017-09-07,0.7022571426,1
2017-08-10,train,1,2017-09-08,0.7218997225,1
2017-08-11,train,1,2017-09-11,0.6953776781,1
2017-08-14,train,1,2017-09-12,0.6742851949,1
2017-08-15,train,1,2017-09-13,0.6880003264,1
2017-08-16,train,1,2017-09-14,0.6949538727,1
2017-08-17,train,1,2017-09-15,0.7374159212,1
2017-08-18,train,1,2017-09-18,0.7320069723,1
2017-08-21,train,1,2017-09-19,0.7244078333,1
2017-08-22,train,1,2017-09-20,0.7037172653,1
2017-08-23,train,1,2017-09-21,0.7153179808,1
2017-08-24,train,1,2017-09-22,0.7341778036,1
2017-08-25,train,1,2017-09-25,0.735495083,1
2017-08-28,train,1,2017-09-26,0.7363221719,1
2017-08-29,train,1,2017-09-27,0.7253094353,1
2017-08-30,train,1,2017-09-28,0.7181743609,1
2017-08-31,train,1,2017-09-29,0.714106256,1
2017-09-01,train,1,2017-10-02,0.7137445344,1
2017-09-05,train,1,2017-10-03,0.7295117818,1
2017-09-06,train,1,2017-10-04,0.7168997384,1
2017-09-07,train,1,2017-10-05,0.7183486355,1
2017-09-08,train,1,2017-10-06,0.7153719974,1
2017-09-11,train,1,2017-10-09,0.6886507263,1
2017-09-12,train,1,2017-10-10,0.7025792104,1
2017-09-13,train,1,2017-10-11,0.708246217,1
2017-09-14,train,1,2017-10-12,0.7056713828,1
2017-09-15,train,1,2017-10-13,0.7076672152,1
2017-09-18,train,1,2017-10-16,0.6935149571,1
2017-09-19,train,1,2017-10-17,0.6910486527,1
2017-09-20,train,1,2017-10-18,0.6994498047,1
2017-09-21,train,1,2017-10-19,0.6977581632,1
2017-09-22,train,1,2017-10-20,0.7017722402,1
2017-09-25,train,1,2017-10-23,0.6970869197,1
2017-09-26,train,1,2017-10-24,0.6978684828,1
2017-09-27,train,1,2017-10-25,0.6923059931,1
2017-09-28,train,1,2017-10-26,0.6997743634,1
2017-09-29,train,1,2017-10-27,0.6894832781,1
2017-10-02,train,1,2017-10-30,0.6905956019,1
2017-10-03,train,1,2017-10-31,0.6916857684,1
2017-10-04,train,1,2017-11-01,0.6867409913,1
2017-10-05,train,1,2017-11-02,0.6805538394,1
2017-10-06,train,1,2017-11-03,0.6835457518,1
2017-10-09,train,1,2017-11-06,0.6958202036,1
2017-10-10,train,1,2017-11-07,0.6902350931,1
2017-10-11,train,1,2017-11-08,0.6896118442,1
2017-10-12,train,1,2017-11-09,0.6925154413,1
2017-10-13,train,1,2017-11-10,0.6927800036,1
2017-10-16,train,1,2017-11-13,0.6935764661,1
2017-10-17,train,1,2017-11-14,0.6918901192,1
2017-10-18,train,1,2017-11-15,0.6906781685,1
2017-10-19,train,1,2017-11-16,0.6933740395,1
2017-10-20,train,1,2017-11-17,0.6810193094,1
2017-10-23,train,1,2017-11-20,0.6877231083,1
2017-10-24,train,1,2017-11-21,0.6814693503,1
2017-10-25,train,1,2017-11-22,0.6941555105,1
2017-10-26,train,1,2017-11-24,0.6921247083,1
2017-10-27,train,1,2017-11-27,0.66744632,1
2017-10-30,train,1,2017-11-28,0.6885542562,1
2017-10-31,train,1,2017-11-29,0.6851138643,1
2017-11-01,train,1,2017-11-30,0.6886601087,1
2017-11-02,train,1,2017-12-01,0.6938292843,1
2017-11-03,train,1,2017-12-04,0.6646758979,1
2017-11-06,train,1,2017-12-05,0.6688680653,1
2017-11-07,train,1,2017-12-06,0.6784622638,1
2017-11-08,train,1,2017-12-07,0.6776799945,1
2017-11-09,train,1,2017-12-08,0.6869836915,1
2017-11-10,train,1,2017-12-11,0.6666958009,1
2017-11-13,train,1,2017-12-12,0.6615607645,1
2017-11-14,train,1,2017-12-13,0.6716749926,1
2017-11-15,train,1,2017-12-14,0.6869213718,1
2017-11-16,train,1,2017-12-15,0.6635501022,1
2017-11-17,train,1,2017-12-18,0.6770790019,1
2017-11-20,train,1,2017-12-19,0.6748324353,1
2017-11-21,train,1,2017-12-20,0.6634630646,1
2017-11-22,train,1,2017-12-21,0.6769539689,1
2017-11-24,train,1,2017-12-22,0.6652406868,1
2017-11-27,train,1,2017-12-26,0.6826721282,1
2017-11-28,train,1,2017-12-27,0.6584315462,1
2017-11-29,train,1,2017-12-28,0.6523966857,1
2017-11-30,train,1,2017-12-29,0.6391807763,1
2017-12-01,train,1,2018-01-02,0.6496594108,1
2017-12-04,train,1,2018-01-03,0.6518132335,1
2017-12-05,train,1,2018-01-04,0.6562256135,1
2017-12-06,train,1,2018-01-05,0.6578186419,1
2017-12-07,train,1,2018-01-08,0.6399412337,1
2017-12-08,train,1,2018-01-09,0.6304825211,1
2017-12-11,train,1,2018-01-10,0.6308282798,1
2017-12-12,train,1,2018-01-11,0.6375240552,1
2017-12-13,train,1,2018-01-12,0.6397837522,1
2017-12-14,train,1,2018-01-16,0.6453379977,1
2017-12-15,train,1,2018-01-17,0.61879999,1
2017-12-18,train,1,2018-01-18,0.6085086393,1
2017-12-19,train,1,2018-01-19,0.6185483624,1
2017-12-20,train,1,2018-01-22,0.624244083,1
2017-12-21,train,1,2018-01-23,0.6292441885,1
2017-12-22,train,1,2018-01-24,0.6245631163,1
2017-12-26,train,1,2018-01-25,0.6214259907,1
2017-12-27,train,1,2018-01-26,0.6372226985,1
2017-12-28,train,1,2018-01-29,0.6378812128,1
2017-12-29,train,1,2018-01-30,0.6498176681,1
2018-01-02,train,1,2018-01-31,0.6349771512,1
2018-01-03,train,1,2018-02-01,0.6268125578,1
2018-01-04,train,1,2018-02-02,0.6200399523,1
2018-01-05,train,0,2018-02-05,0.609428992,1
2018-01-08,train,0,2018-02-06,0.6177279383,1
2018-01-09,train,0,2018-02-07,0.6088284474,1
2018-01-10,train,0,2018-02-08,0.6096825404,1
2018-01-11,train,0,2018-02-09,0.5869218146,1
2018-01-12,train,0,2018-02-12,0.5693113573,1
2018-01-16,train,0,2018-02-13,0.5830853242,1
2018-01-17,train,0,2018-02-14,0.5578393049,1
2018-01-18,train,0,2018-02-15,0.5807012558,1
2018-01-19,train,0,2018-02-16,0.5565777987,1
2018-01-22,train,0,2018-02-20,0.5314718326,1
2018-01-23,train,0,2018-02-21,0.5342624938,1
2018-01-24,train,0,2018-02-22,0.5269674638,1
2018-01-25,train,0,2018-02-23,0.5377461714,1
2018-01-26,train,0,2018-02-26,0.4984613472,0
2018-01-29,train,0,2018-02-27,0.5163493808,1
2018-01-30,train,0,2018-02-28,0.5357910483,1
2018-01-31,train,0,2018-03-01,0.5333447721,1
2018-02-01,train,0,2018-03-02,0.5420401246,1
2018-02-02,train,0,2018-03-05,0.5734716139,1
2018-02-05,train,1,2018-03-06,0.6456940934,1
2018-02-06,train,1,2018-03-07,0.5874110308,1
2018-02-07,train,1,2018-03-08,0.6135960061,1
2018-02-08,train,1,2018-03-09,0.6815884716,1
2018-02-09,train,1,2018-03-12,0.6510399403,1
2018-02-12,train,1,2018-03-13,0.6805602973,1
2018-02-13,train,1,2018-03-14,0.6559523486,1
2018-02-14,train,1,2018-03-15,0.6473817506,1
2018-02-15,train,1,2018-03-16,0.6698357222,1
2018-02-16,train,0,2018-03-19,0.6645137188,1
2018-02-20,train,1,2018-03-20,0.6721795764,1
2018-02-21,train,1,2018-03-21,0.6761473817,1
2018-02-22,train,0,2018-03-22,0.6573804108,1
2018-02-23,train,0,2018-03-23,0.6026455183,1
2018-02-26,train,0,2018-03-26,0.6029123462,1
2018-02-27,train,0,2018-03-27,0.6433481856,1
2018-02-28,train,0,2018-03-28,0.668023608,1
2018-03-01,train,0,2018-03-29,0.6834740307,1
2018-03-02,train,0,2018-04-02,0.6429378961,1
2018-03-05,train,0,2018-04-03,0.5991152175,1
2018-03-06,train,0,2018-04-04,0.6241423833,1
2018-03-07,train,0,2018-04-05,0.6517382706,1
2018-03-08,train,0,2018-04-06,0.6597050177,1
2018-03-09,train,0,2018-04-09,0.6303978872,1
2018-03-12,train,0,2018-04-10,0.6378946,1
2018-03-13,train,0,2018-04-11,0.6557199128,1
2018-03-14,train,0,2018-04-12,0.6609488383,1
2018-03-15,train,0,2018-04-13,0.6680514041,1
2018-03-16,train,0,2018-04-16,0.6590894899,1
2018-03-19,train,0,2018-04-17,0.6836562456,1
2018-03-20,train,0,2018-04-18,0.6763490143,1
2018-03-21,train,0,2018-04-19,0.691098725,1
2018-03-22,train,1,2018-04-20,0.730896512,1
2018-03-23,train,1,2018-04-23,0.7594343904,1
2018-03-26,train,0,2018-04-24,0.7070548134,1
2018-03-27,train,1,2018-04-25,0.7515614751,1
2018-03-28,train,1,2018-04-26,0.7442970625,1
2018-03-29,train,1,2018-04-27,0.7419508245,1
2018-04-02,train,1,2018-04-30,0.8078458134,1
2018-04-03,train,1,2018-05-01,0.7580844187,1
2018-04-04,train,0,2018-05-02,0.7679853284,1
2018-04-05,train,0,2018-05-03,0.7665743697,1
2018-04-06,train,1,2018-05-04,0.7923231975,1
2018-04-09,train,1,2018-05-07,0.8030173301,1
2018-04-10,train,1,2018-05-08,0.7706588232,1
2018-04-11,train,1,2018-05-09,0.779776158,1
2018-04-12,train,1,2018-05-10,0.7518355747,1
2018-04-13,train,1,2018-05-11,0.7889394469,1
2018-04-16,train,1,2018-05-14,0.7713993054,1
2018-04-17,train,1,2018-05-15,0.7402986413,1
2018-04-18,train,1,2018-05-16,0.757906514,1
2018-04-19,train,1,2018-05-17,0.7597531666,1
2018-04-20,train,1,2018-05-18,0.7709304598,1
2018-04-23,train,1,2018-05-21,0.7601175666,1
2018-04-24,train,1,2018-05-22,0.7925734856,1
2018-04-25,train,1,2018-05-23,0.7754817626,1
2018-04-26,train,1,2018-05-24,0.7560964824,1
2018-04-27,train,1,2018-05-25,0.7757828948,1
2018-04-30,train,1,2018-05-29,0.7897792103,1
2018-05-01,train,1,2018-05-30,0.7862281436,1
2018-05-02,train,1,2018-05-31,0.7690949878,1
2018-05-03,train,1,2018-06-01,0.7747775926,1
2018-05-04,train,1,2018-06-04,0.7449879196,1
2018-05-07,train,1,2018-06-05,0.7249797986,1
2018-05-08,train,1,2018-06-06,0.7475270324,1
2018-05-09,train,1,2018-06-07,0.7445336243,1
2018-05-10,train,1,2018-06-08,0.740954436,1
2018-05-11,train,1,2018-06-11,0.738283593,1
2018-05-14,train,1,2018-06-12,0.7476836049,1
2018-05-15,train,1,2018-06-13,0.7652390296,1
2018-05-16,train,1,2018-06-14,0.7413104099,1
2018-05-17,train,1,2018-06-15,0.732712375,1
2018-05-18,train,1,2018-06-18,0.7346654459,1
2018-05-21,train,1,2018-06-19,0.7289780581,1
2018-05-22,train,1,2018-06-20,0.7551227157,1
2018-05-23,train,1,2018-06-21,0.7347184144,1
2018-05-24,train,1,2018-06-22,0.7392733359,1
2018-05-25,train,1,2018-06-25,0.7346334953,1
2018-05-29,train,1,2018-06-26,0.7476144562,1
2018-05-30,train,0,2018-06-27,0.7245605246,1
2018-05-31,train,1,2018-06-28,0.7421492326,1
2018-06-01,train,0,2018-06-29,0.7181239797,1
2018-06-04,train,0,2018-07-02,0.7318791977,1
2018-06-05,train,0,2018-07-03,0.7572667761,1
2018-06-06,train,0,2018-07-05,0.7302458303,1
2018-06-07,train,0,2018-07-06,0.7438139583,1
2018-06-08,train,1,2018-07-09,0.7280265686,1
2018-06-11,train,1,2018-07-10,0.7252900371,1
2018-06-12,train,0,2018-07-11,0.7240973457,1
2018-06-13,train,1,2018-07-12,0.7118932538,1
2018-06-14,train,1,2018-07-13,0.7078939815,1
2018-06-15,train,1,2018-07-16,0.7072371675,1
2018-06-18,train,1,2018-07-17,0.6867664622,1
2018-06-19,train,1,2018-07-18,0.6741297535,1
2018-06-20,train,1,2018-07-19,0.6946356787,1
2018-06-21,train,1,2018-07-20,0.6912508788,1
2018-06-22,train,1,2018-07-23,0.6821392518,1
2018-06-25,train,1,2018-07-24,0.7226325718,1
2018-06-26,train,1,2018-07-25,0.6924288009,1
2018-06-27,train,1,2018-07-26,0.7290685258,1
2018-06-28,train,1,2018-07-27,0.7260979738,1
2018-06-29,train,1,2018-07-30,0.7379709264,1
2018-07-02,train,1,2018-07-31,0.7350059445,1
2018-07-03,train,1,2018-08-01,0.7442612411,1
2018-07-05,train,1,2018-08-02,0.7495860992,1
2018-07-06,train,1,2018-08-03,0.7285231343,1
2018-07-09,train,1,2018-08-06,0.720592371,1
2018-07-10,train,1,2018-08-07,0.7171281085,1
2018-07-11,train,1,2018-08-08,0.7432152022,1
2018-07-12,train,1,2018-08-09,0.7199797413,1
2018-07-13,train,1,2018-08-10,0.7177202977,1
2018-07-16,train,1,2018-08-13,0.7050326302,1
2018-07-17,train,1,2018-08-14,0.6842810803,1
2018-07-18,train,1,2018-08-15,0.6913645338,1
2018-07-19,train,1,2018-08-16,0.6793930188,1
2018-07-20,train,1,2018-08-17,0.6787968764,1
2018-07-23,train,1,2018-08-20,0.6832771423,1
2018-07-24,train,1,2018-08-21,0.6728757477,1
2018-07-25,train,1,2018-08-22,0.6452411573,1
2018-07-26,train,1,2018-08-23,0.6630775563,1
2018-07-27,train,1,2018-08-24,0.666015342,1
2018-07-30,train,1,2018-08-27,0.6713722125,1
2018-07-31,train,1,2018-08-28,0.6625610348,1
2018-08-01,train,1,2018-08-29,0.6566354373,1
2018-08-02,train,1,2018-08-30,0.6561543529,1
2018-08-03,train,1,2018-08-31,0.6723683936,1
2018-08-06,train,1,2018-09-04,0.6877820395,1
2018-08-07,train,1,2018-09-05,0.685227394,1
2018-08-08,train,1,2018-09-06,0.6930839978,1
2018-08-09,train,1,2018-09-07,0.6886430898,1
2018-08-10,train,1,2018-09-10,0.6994951216,1
2018-08-13,train,1,2018-09-11,0.6983863166,1
2018-08-14,train,1,2018-09-12,0.6778796381,1
2018-08-15,train,1,2018-09-13,0.7052680293,1
2018-08-16,train,1,2018-09-14,0.6816114344,1
2018-08-17,train,1,2018-09-17,0.690657504,1
2018-08-20,train,1,2018-09-18,0.6912272256,1
2018-08-21,train,1,2018-09-19,0.6794737582,1
2018-08-22,train,1,2018-09-20,0.6854599541,1
2018-08-23,train,1,2018-09-21,0.6913862545,1
2018-08-24,train,1,2018-09-24,0.6668550501,1
2018-08-27,train,1,2018-09-25,0.6608622906,1
2018-08-28,train,1,2018-09-26,0.6707395161,1
2018-08-29,train,1,2018-09-27,0.6634798603,1
2018-08-30,train,1,2018-09-28,0.6864042419,1
2018-08-31,train,1,2018-10-01,0.6784351404,1
2018-09-04,train,1,2018-10-02,0.6779978808,1
2018-09-05,train,1,2018-10-03,0.6866053926,1
2018-09-06,train,1,2018-10-04,0.6861983019,1
2018-09-07,train,1,2018-10-05,0.6898184873,1
2018-09-10,train,1,2018-10-08,0.6878872068,1
2018-09-11,train,0,2018-10-09,0.680707531,1
2018-09-12,train,0,2018-10-10,0.6861719102,1
2018-09-13,train,0,2018-10-11,0.6722259895,1
2018-09-14,train,0,2018-10-12,0.6898249675,1
2018-09-17,train,0,2018-10-15,0.6920073245,1
2018-09-18,train,0,2018-10-16,0.674529663,1
2018-09-19,train,0,2018-10-17,0.6651140081,1
2018-09-20,train,0,2018-10-18,0.6395243266,1
2018-09-21,train,0,2018-10-19,0.6397108314,1
2018-09-24,train,0,2018-10-22,0.6647943333,1
2018-09-25,train,0,2018-10-23,0.6683742113,1
2018-09-26,train,0,2018-10-24,0.6712201039,1
2018-09-27,train,0,2018-10-25,0.6544438564,1
2018-09-28,train,0,2018-10-26,0.6668426712,1
2018-10-01,train,0,2018-10-29,0.6680844516,1
2018-10-02,train,0,2018-10-30,0.6802939475,1
2018-10-03,train,0,2018-10-31,0.6833314,1
2018-10-04,train,0,2018-11-01,0.6908141313,1
2018-10-05,train,0,2018-11-02,0.7032033031,1
2018-10-08,train,0,2018-11-05,0.6982340265,1
2018-10-09,train,0,2018-11-06,0.7014758332,1
2018-10-10,train,1,2018-11-07,0.7419605585,1
2018-10-11,train,1,2018-11-08,0.7696908575,1
2018-10-12,train,1,2018-11-09,0.7341146698,1
2018-10-15,train,0,2018-11-12,0.7506592657,1
2018-10-16,train,0,2018-11-13,0.7077298534,1
2018-10-17,train,0,2018-11-14,0.7584079503,1
2018-10-18,train,0,2018-11-15,0.8068882522,1
2018-10-19,train,0,2018-11-16,0.7882072799,1
2018-10-22,train,0,2018-11-19,0.7929165524,1
2018-10-23,train,0,2018-11-20,0.7783465908,1
2018-10-24,train,0,2018-11-21,0.8165112016,1
2018-10-25,train,0,2018-11-23,0.7845623714,1
2018-10-26,train,1,2018-11-26,0.8217598133,1
2018-10-29,train,1,2018-11-27,0.8284210682,1
2018-10-30,train,1,2018-11-28,0.8104799446,1
2018-10-31,train,1,2018-11-29,0.8283905883,1
2018-11-01,train,1,2018-11-30,0.8005921334,1
2018-11-02,train,1,2018-12-03,0.8259762169,1
2018-11-05,train,0,2018-12-04,0.8152215889,1
2018-11-06,train,0,2018-12-06,0.792657929,1
2018-11-07,train,0,2018-12-07,0.752871703,1
2018-11-08,train,0,2018-12-10,0.7488278506,1
2018-11-09,train,0,2018-12-11,0.7777243021,1
2018-11-12,train,0,2018-12-12,0.7946221735,1
2018-11-13,train,0,2018-12-13,0.7939961214,1
2018-11-14,train,0,2018-12-14,0.7866110394,1
2018-11-15,train,0,2018-12-17,0.7640992313,1
2018-11-16,train,0,2018-12-18,0.7734503277,1
2018-11-19,train,0,2018-12-19,0.8161637652,1
2018-11-20,train,0,2018-12-20,0.8341807281,1
2018-11-21,train,0,2018-12-21,0.8279497407,1
2018-11-23,train,0,2018-12-24,0.8391214308,1
2018-11-26,train,0,2018-12-26,0.8086492633,1
2018-11-27,train,0,2018-12-27,0.8232806607,1
2018-11-28,train,0,2018-12-28,0.8096554628,1
2018-11-29,train,0,2018-12-31,0.8226161313,1
2018-11-30,train,0,2019-01-02,0.8197965441,1
2018-12-03,train,0,2019-01-03,0.7885326241,1
2018-12-04,train,0,2019-01-04,0.8295257986,1
2018-12-06,train,0,2019-01-07,0.8060357936,1
2018-12-07,train,0,2019-01-08,0.8429221012,1
2018-12-10,train,0,2019-01-09,0.829392431,1
2018-12-11,train,0,2019-01-10,0.8189909416,1
2018-12-12,train,0,2019-01-11,0.8302457184,1
2018-12-13,train,0,2019-01-14,0.8369573737,1
2018-12-14,train,1,2019-01-15,0.8690900423,1
2018-12-17,train,1,2019-01-16,0.8853975961,1
2018-12-18,train,1,2019-01-17,0.8789252601,1
2018-12-19,train,1,2019-01-18,0.887086885,1
2018-12-20,train,1,2019-01-22,0.8942883085,1
2018-12-21,train,1,2019-01-23,0.9120641562,1
2018-12-24,train,1,2019-01-24,0.9295343989,1
2018-12-26,train,1,2019-01-25,0.8826932987,1
2018-12-27,train,1,2019-01-28,0.9009958414,1
2018-12-28,train,1,2019-01-29,0.9180463805,1
2018-12-31,train,1,2019-01-30,0.9201792739,1
2019-01-02,train,1,2019-01-31,0.9314202206,1
2019-01-03,train,1,2019-02-01,0.9261938732,1
2019-01-04,train,1,2019-02-04,0.8876258726,1
2019-01-07,train,1,2019-02-05,0.8899590632,1
2019-01-08,train,1,2019-02-06,0.8626172426,1
2019-01-09,train,1,2019-02-07,0.8508021551,1
2019-01-10,train,1,2019-02-08,0.8692373375,1
2019-01-11,train,1,2019-02-11,0.8480806294,1
2019-01-14,train,1,2019-02-12,0.8572275035,1
2019-01-15,train,1,2019-02-13,0.8323495083,1
2019-01-16,train,1,2019-02-14,0.8222049498,1
2019-01-17,train,1,2019-02-15,0.8081520821,1
2019-01-18,train,1,2019-02-19,0.7866315057,1
2019-01-22,train,1,2019-02-20,0.8074285825,1
2019-01-23,train,1,2019-02-21,0.7632154275,1
2019-01-24,train,1,2019-02-22,0.7713485952,1
2019-01-25,train,1,2019-02-25,0.7790082711,1
2019-01-28,train,1,2019-02-26,0.7800341435,1
2019-01-29,train,1,2019-02-27,0.7967955345,1
2019-01-30,train,1,2019-02-28,0.7790601516,1
2019-01-31,train,1,2019-03-01,0.7809386612,1
2019-02-01,train,1,2019-03-04,0.7762013114,1
2019-02-04,train,1,2019-03-05,0.8003770109,1
2019-02-05,train,1,2019-03-06,0.8058377057,1
2019-02-06,train,1,2019-03-07,0.8137913133,1
2019-02-07,train,1,2019-03-08,0.8157842799,1
2019-02-08,train,1,2019-03-11,0.8053278843,1
2019-02-11,train,1,2019-03-12,0.7893398862,1
2019-02-12,train,1,2019-03-13,0.7614062715,1
2019-02-13,train,1,2019-03-14,0.7642710323,1
2019-02-14,train,1,2019-03-15,0.7854861563,1
2019-02-15,train,1,2019-03-18,0.7677412951,1
2019-02-19,train,1,2019-03-19,0.7643869481,1
2019-02-20,train,1,2019-03-20,0.7353951417,1
2019-02-21,train,1,2019-03-21,0.7429341058,1
2019-02-22,train,1,2019-03-22,0.7280870111,1
2019-02-25,train,1,2019-03-25,0.7328526051,1
2019-02-26,train,1,2019-03-26,0.7357408039,1
2019-02-27,train,1,2019-03-27,0.7493230979,1
2019-02-28,train,1,2019-03-28,0.7648808066,1
2019-03-01,train,1,2019-03-29,0.7537213147,1
2019-03-04,train,1,2019-04-01,0.7712341518,1
2019-03-05,train,1,2019-04-02,0.7502169631,1
2019-03-06,train,1,2019-04-03,0.758952582,1
2019-03-07,train,1,2019-04-04,0.7518128965,1
2019-03-08,train,1,2019-04-05,0.7457741418,1
2019-03-11,train,1,2019-04-08,0.7160477608,1
2019-03-12,train,1,2019-04-09,0.7222794014,1
2019-03-13,train,1,2019-04-10,0.7254593289,1
2019-03-14,train,1,2019-04-11,0.7240554376,1
2019-03-15,train,1,2019-04-12,0.6980741077,1
2019-03-18,train,1,2019-04-15,0.684051199,1
2019-03-19,train,1,2019-04-16,0.6664934063,1
2019-03-20,train,1,2019-04-17,0.651097946,1
2019-03-21,train,1,2019-04-18,0.5948043725,1
2019-03-22,train,1,2019-04-22,0.6026085627,1
2019-03-25,train,1,2019-04-23,0.6331773386,1
2019-03-26,train,1,2019-04-24,0.6251483587,1
2019-03-27,train,1,2019-04-25,0.6412924471,1
2019-03-28,train,1,2019-04-26,0.6246505097,1
2019-03-29,train,1,2019-04-29,0.639724143,1
2019-04-01,train,1,2019-04-30,0.5844088515,1
2019-04-02,train,1,2019-05-01,0.6149221375,1
2019-04-03,train,1,2019-05-02,0.6223099418,1
2019-04-04,train,1,2019-05-03,0.6158654741,1
2019-04-05,train,1,2019-05-06,0.5983260696,1
2019-04-08,train,0,2019-05-07,0.605007885,1
2019-04-09,train,1,2019-05-08,0.6167916301,1
2019-04-10,train,0,2019-05-09,0.6020583147,1
2019-04-11,train,0,2019-05-10,0.6145259754,1
2019-04-12,train,0,2019-05-13,0.5934008957,1
2019-04-15,train,0,2019-05-14,0.6087368871,1
2019-04-16,train,0,2019-05-15,0.6246507568,1
2019-04-17,train,0,2019-05-16,0.6091079118,1
2019-04-18,train,0,2019-05-17,0.6093362482,1
2019-04-22,train,0,2019-05-20,0.6135445172,1
2019-04-23,train,0,2019-05-21,0.5998843243,1
2019-04-24,train,0,2019-05-22,0.6045267509,1
2019-04-25,train,0,2019-05-23,0.6093735565,1
2019-04-26,train,0,2019-05-24,0.6139189864,1
2019-04-29,train,0,2019-05-28,0.6253575124,1
2019-04-30,train,0,2019-05-29,0.6246522263,1
2019-05-01,train,0,2019-05-30,0.6495415954,1
2019-05-02,train,0,2019-05-31,0.6551699956,1
2019-05-03,train,0,2019-06-03,0.6268013585,1
2019-05-06,train,0,2019-06-04,0.6340528525,1
2019-05-07,train,0,2019-06-05,0.6581081941,1
2019-05-08,train,0,2019-06-06,0.6569453568,1
2019-05-09,train,1,2019-06-07,0.6770297278,1
2019-05-10,train,1,2019-06-10,0.6548114641,1
2019-05-13,train,1,2019-06-11,0.7047881308,1
2019-05-14,train,1,2019-06-12,0.696387373,1
2019-05-15,train,1,2019-06-13,0.6911623183,1
2019-05-16,train,1,2019-06-14,0.6780673628,1
2019-05-17,train,1,2019-06-17,0.6888324132,1
2019-05-20,train,1,2019-06-18,0.7301524486,1
2019-05-21,train,1,2019-06-19,0.7069201523,1
2019-05-22,train,1,2019-06-20,0.7106130543,1
2019-05-23,train,1,2019-06-21,0.7234059891,1
2019-05-24,train,1,2019-06-24,0.7189131116,1
2019-05-28,train,1,2019-06-25,0.749574636,1
2019-05-29,train,1,2019-06-26,0.7477447778,1
2019-05-30,train,1,2019-06-27,0.7359376052,1
2019-05-31,train,1,2019-06-28,0.764697665,1
2019-06-03,train,1,2019-07-01,0.759022735,1
2019-06-04,train,1,2019-07-02,0.7136543212,1
2019-06-05,train,1,2019-07-03,0.7257725755,1
2019-06-06,train,1,2019-07-05,0.7177031175,1
2019-06-07,train,1,2019-07-08,0.7197334086,1
2019-06-10,train,1,2019-07-09,0.7198693298,1
2019-06-11,train,1,2019-07-10,0.7026148247,1
2019-06-12,train,1,2019-07-11,0.7027800197,1
2019-06-13,train,1,2019-07-12,0.6858474369,1
2019-06-14,train,1,2019-07-15,0.6804058902,1
2019-06-17,train,1,2019-07-16,0.6773190399,1
2019-06-18,train,1,2019-07-17,0.6308603856,1
2019-06-19,train,1,2019-07-18,0.6461692733,1
2019-06-20,train,1,2019-07-19,0.6282974855,1
2019-06-21,train,1,2019-07-22,0.6346532058,1
2019-06-24,train,1,2019-07-23,0.6428527744,1
2019-06-25,train,1,2019-07-24,0.6543269124,1
2019-06-26,train,1,2019-07-25,0.6525134906,1
2019-06-27,train,1,2019-07-26,0.6385828814,1
2019-06-28,train,1,2019-07-29,0.6357434981,1
2019-07-01,train,1,2019-07-30,0.6250565045,1
2019-07-02,train,1,2019-07-31,0.6634438187,1
2019-07-03,train,0,2019-08-01,0.6551222949,1
2019-07-05,train,0,2019-08-02,0.6578086509,1
2019-07-08,train,0,2019-08-05,0.6681670647,1
2019-07-09,train,0,2019-08-06,0.65494348,1
2019-07-10,train,0,2019-08-07,0.6479432315,1
2019-07-11,train,0,2019-08-08,0.6379682087,1
2019-07-12,train,0,2019-08-09,0.6357583361,1
2019-07-15,train,0,2019-08-12,0.6406720733,1
2019-07-16,train,0,2019-08-13,0.6482543828,1
2019-07-17,train,0,2019-08-14,0.6608863376,1
2019-07-18,train,0,2019-08-15,0.6559133024,1
2019-07-19,train,0,2019-08-16,0.6665180271,1
2019-07-22,train,0,2019-08-19,0.6563785498,1
2019-07-23,train,0,2019-08-20,0.6508770646,1
2019-07-24,train,0,2019-08-21,0.6575717888,1
2019-07-25,train,0,2019-08-22,0.6655117716,1
2019-07-26,train,0,2019-08-23,0.646663172,1
2019-07-29,train,0,2019-08-26,0.6548427484,1
2019-07-30,train,0,2019-08-27,0.6636947906,1
2019-07-31,train,0,2019-08-28,0.674779989,1
2019-08-01,train,0,2019-08-29,0.6808533083,1
2019-08-02,train,0,2019-08-30,0.6807813237,1
2019-08-05,train,1,2019-09-03,0.7191631135,1
2019-08-06,train,1,2019-09-04,0.6773469571,1
2019-08-07,train,1,2019-09-05,0.6765980848,1
2019-08-08,train,1,2019-09-06,0.6471680819,1
2019-08-09,train,1,2019-09-09,0.6919613915,1
2019-08-12,train,1,2019-09-10,0.7489967638,1
2019-08-13,train,1,2019-09-11,0.6895154043,1
2019-08-14,train,1,2019-09-12,0.7421737088,1
2019-08-15,train,1,2019-09-13,0.7048450837,1
2019-08-16,train,1,2019-09-16,0.6791041624,1
2019-08-19,train,1,2019-09-17,0.665256809,1
2019-08-20,train,1,2019-09-18,0.6768297636,1
2019-08-21,train,1,2019-09-19,0.6847485748,1
2019-08-22,train,1,2019-09-20,0.6795435578,1
2019-08-23,train,1,2019-09-23,0.7164147334,1
2019-08-26,train,1,2019-09-24,0.6466502645,1
2019-08-27,train,1,2019-09-25,0.6681375351,1
2019-08-28,train,1,2019-09-26,0.6536944178,1
2019-08-29,train,1,2019-09-27,0.6332944017,1
2019-08-30,train,1,2019-09-30,0.6783294072,1
2019-09-03,train,1,2019-10-01,0.6858718377,1
2019-09-04,train,0,2019-10-02,0.6735095153,1
2019-09-05,train,0,2019-10-03,0.6427038493,1
2019-09-06,train,0,2019-10-04,0.646308541,1
2019-09-09,train,0,2019-10-07,0.6501027401,1
2019-09-10,train,0,2019-10-08,0.6542775435,1
2019-09-11,train,0,2019-10-09,0.6368444354,1
2019-09-12,train,0,2019-10-10,0.6338788851,1
2019-09-13,train,0,2019-10-11,0.6397708372,1
2019-09-16,train,0,2019-10-14,0.6642094232,1
2019-09-17,train,0,2019-10-15,0.6624873751,1
2019-09-18,train,0,2019-10-16,0.6541721088,1
2019-09-19,train,0,2019-10-17,0.6476632233,1
2019-09-20,train,0,2019-10-18,0.6599635105,1
2019-09-23,train,1,2019-10-21,0.6721886823,1
2019-09-24,train,1,2019-10-22,0.6975777841,1
2019-09-25,train,1,2019-10-23,0.686098956,1
2019-09-26,train,1,2019-10-24,0.7009303236,1
2019-09-27,train,1,2019-10-25,0.731033359,1
2019-09-30,train,1,2019-10-28,0.7149475537,1
2019-10-01,train,1,2019-10-29,0.7414141244,1
2019-10-02,train,1,2019-10-30,0.7612492947,1
2019-10-03,train,1,2019-10-31,0.7517461745,1
2019-10-04,train,1,2019-11-01,0.7345571882,1
2019-10-07,train,1,2019-11-04,0.7503991303,1
2019-10-08,train,1,2019-11-05,0.7827212896,1
2019-10-09,train,1,2019-11-06,0.7763159935,1
2019-10-10,train,1,2019-11-07,0.7589918731,1
2019-10-11,train,1,2019-11-08,0.7353557554,1
2019-10-14,train,1,2019-11-11,0.7451581424,1
2019-10-15,train,1,2019-11-12,0.744585829,1
2019-10-16,train,1,2019-11-13,0.7501194751,1
2019-10-17,train,1,2019-11-14,0.7403572384,1
2019-10-18,train,1,2019-11-15,0.7343759879,1
2019-10-21,train,1,2019-11-18,0.7266913942,1
2019-10-22,train,1,2019-11-19,0.7237970158,1
2019-10-23,train,1,2019-11-20,0.720191945,1
2019-10-24,train,1,2019-11-21,0.7070552599,1
2019-10-25,train,1,2019-11-22,0.6990251862,1
2019-10-28,train,1,2019-11-25,0.6758493943,1
2019-10-29,train,1,2019-11-26,0.6564730362,1
2019-10-30,train,1,2019-11-27,0.6610687238,1
2019-10-31,train,1,2019-11-29,0.6687422295,1
2019-11-01,train,1,2019-12-02,0.66706123,1
2019-11-04,train,1,2019-12-03,0.6528217254,1
2019-11-05,train,1,2019-12-04,0.6572633355,1
2019-11-06,train,1,2019-12-05,0.6692896287,1
2019-11-07,train,1,2019-12-06,0.63690924,1
2019-11-08,train,1,2019-12-09,0.63283652,1
2019-11-11,train,1,2019-12-10,0.6477234544,1
2019-11-12,train,1,2019-12-11,0.6621350946,1
2019-11-13,train,1,2019-12-12,0.6578219218,1
2019-11-14,train,1,2019-12-13,0.6587752925,1
2019-11-15,train,1,2019-12-16,0.6399888815,1
2019-11-18,train,1,2019-12-17,0.6216658692,1
2019-11-19,train,1,2019-12-18,0.6313366959,1
2019-11-20,train,1,2019-12-19,0.6373823889,1
2019-11-21,train,1,2019-12-20,0.6493187232,1
2019-11-22,train,1,2019-12-23,0.6471379331,1
2019-11-25,train,1,2019-12-24,0.6343832579,1
2019-11-26,train,1,2019-12-26,0.6312059331,1
2019-11-27,train,1,2019-12-27,0.6384581257,1
2019-11-29,train,1,2019-12-30,0.6608699568,1
2019-12-02,train,1,2019-12-31,0.6787404618,1
2019-12-03,train,1,2020-01-02,0.6794774617,1
2019-12-04,train,1,2020-01-03,0.6560905561,1
2019-12-05,train,1,2020-01-06,0.6614314031,1
2019-12-06,train,1,2020-01-07,0.6511066717,1
2019-12-09,train,1,2020-01-08,0.676970409,1
2019-12-10,train,1,2020-01-09,0.6840477876,1
2019-12-11,train,1,2020-01-10,0.6742559564,1
2019-12-12,train,1,2020-01-13,0.6542964322,1
2019-12-13,train,1,2020-01-14,0.6495177395,1
2019-12-16,train,1,2020-01-15,0.6391894586,1
2019-12-17,train,1,2020-01-16,0.6502170039,1
2019-12-18,train,1,2020-01-17,0.6403902382,1
2019-12-19,train,1,2020-01-21,0.6290388759,1
2019-12-20,train,1,2020-01-22,0.6221217759,1
2019-12-23,train,1,2020-01-23,0.6148501713,1
2019-12-24,train,1,2020-01-24,0.6288305684,1
2019-12-26,train,1,2020-01-27,0.5987355122,1
2019-12-27,train,1,2020-01-28,0.5792370638,1
2019-12-30,train,1,2020-01-29,0.5942907747,1
2019-12-31,train,1,2020-01-30,0.5960424937,1
2020-01-02,validation,0,2020-01-31,0.5728442625,1
2020-01-03,validation,1,2020-02-03,0.5757135335,1
2020-01-06,validation,1,2020-02-04,0.5681860433,1
2020-01-07,validation,1,2020-02-05,0.5971573526,1
2020-01-08,validation,1,2020-02-06,0.5905291616,1
2020-01-09,validation,1,2020-02-07,0.5640673503,1
2020-01-10,validation,1,2020-02-10,0.5974302076,1
2020-01-13,validation,1,2020-02-11,0.5795768945,1
2020-01-14,validation,1,2020-02-12,0.5959353705,1
2020-01-15,validation,1,2020-02-13,0.5816205913,1
2020-01-16,validation,1,2020-02-14,0.5599637305,1
2020-01-17,validation,1,2020-02-18,0.5574498432,1
2020-01-21,validation,1,2020-02-19,0.5605128846,1
2020-01-22,validation,1,2020-02-20,0.5644042152,1
2020-01-23,validation,1,2020-02-21,0.5644196104,1
2020-01-24,validation,0,2020-02-24,0.5803921688,1
2020-01-27,validation,0,2020-02-25,0.5993865226,1
2020-01-28,validation,0,2020-02-26,0.568374819,1
2020-01-29,validation,0,2020-02-27,0.5760786233,1
2020-01-30,validation,0,2020-02-28,0.5796942702,1
2020-01-31,validation,0,2020-03-02,0.6387267192,1
2020-02-03,validation,0,2020-03-03,0.6236385118,1
2020-02-04,validation,0,2020-03-04,0.5781102758,1
2020-02-05,validation,0,2020-03-05,0.5606634911,1
2020-02-06,validation,0,2020-03-06,0.5624536925,1
2020-02-07,validation,0,2020-03-09,0.6069269362,1
2020-02-10,validation,0,2020-03-10,0.578408316,1
2020-02-11,validation,0,2020-03-11,0.562688609,1
2020-02-12,validation,0,2020-03-12,0.5339381563,1
2020-02-13,validation,0,2020-03-13,0.5455867187,1
2020-02-14,validation,0,2020-03-16,0.550307455,1
2020-02-18,validation,0,2020-03-17,0.552091032,1
2020-02-19,validation,0,2020-03-18,0.5306416985,1
2020-02-20,validation,0,2020-03-19,0.5370424512,1
2020-02-21,validation,0,2020-03-20,0.5656828577,1
2020-02-24,validation,0,2020-03-23,0.6267169397,1
2020-02-25,validation,0,2020-03-24,0.664720046,1
2020-02-26,validation,0,2020-03-25,0.6634137774,1
2020-02-27,validation,0,2020-03-26,0.7401869972,1
2020-02-28,validation,0,2020-03-27,0.7359351657,1
2020-03-02,validation,0,2020-03-30,0.650201546,1
2020-03-03,validation,0,2020-03-31,0.7695191146,1
2020-03-04,validation,0,2020-04-01,0.6796798577,1
2020-03-05,validation,0,2020-04-02,0.813978722,1
2020-03-06,validation,0,2020-04-03,0.8259404862,1
2020-03-09,validation,0,2020-04-06,0.8631385288,1
2020-03-10,validation,0,2020-04-07,0.7769972858,1
2020-03-11,validation,1,2020-04-08,0.8391102011,1
2020-03-12,validation,1,2020-04-09,0.9144186458,1
2020-03-13,validation,1,2020-04-13,0.7775366336,1
2020-03-16,validation,1,2020-04-14,0.9385686774,1
2020-03-17,validation,1,2020-04-15,0.8261560752,1
2020-03-18,validation,1,2020-04-16,0.9198140248,1
2020-03-19,validation,1,2020-04-17,0.9411719655,1
2020-03-20,validation,1,2020-04-20,0.9326687698,1
2020-03-23,validation,1,2020-04-21,0.9630796084,1
2020-03-24,validation,1,2020-04-22,0.8852373465,1
2020-03-25,validation,1,2020-04-23,0.9255650767,1
2020-03-26,validation,1,2020-04-24,0.883344833,1
2020-03-27,validation,1,2020-04-27,0.9344681065,1
2020-03-30,validation,1,2020-04-28,0.9330438434,1
2020-03-31,validation,1,2020-04-29,0.9022200857,1
2020-04-01,validation,1,2020-04-30,0.9258101106,1
2020-04-02,validation,1,2020-05-01,0.8642632583,1
2020-04-03,validation,1,2020-05-04,0.8987119179,1
2020-04-06,validation,1,2020-05-05,0.7980758346,1
2020-04-07,validation,1,2020-05-06,0.8554037153,1
2020-04-08,validation,1,2020-05-07,0.850857024,1
2020-04-09,validation,1,2020-05-08,0.8259143637,1
2020-04-13,validation,1,2020-05-11,0.8865637507,1
2020-04-14,validation,1,2020-05-12,0.8156214492,1
2020-04-15,validation,1,2020-05-13,0.8740843349,1
2020-04-16,validation,1,2020-05-14,0.8324901782,1
2020-04-17,validation,0,2020-05-15,0.7852017276,1
2020-04-20,validation,1,2020-05-18,0.8252168183,1
2020-04-21,validation,1,2020-05-19,0.8179273341,1
2020-04-22,validation,1,2020-05-20,0.8400921664,1
2020-04-23,validation,1,2020-05-21,0.8527260096,1
2020-04-24,validation,1,2020-05-22,0.8425842218,1
2020-04-27,validation,1,2020-05-26,0.8434032374,1
2020-04-28,validation,1,2020-05-27,0.8759806919,1
2020-04-29,validation,1,2020-05-28,0.8310031558,1
2020-04-30,validation,1,2020-05-29,0.8583608337,1
2020-05-01,validation,1,2020-06-01,0.8787916267,1
2020-05-04,validation,1,2020-06-02,0.8566319907,1
2020-05-05,validation,1,2020-06-03,0.8825710523,1
2020-05-06,validation,1,2020-06-04,0.8791740105,1
2020-05-07,validation,1,2020-06-05,0.8822858874,1
2020-05-08,validation,1,2020-06-08,0.8907318181,1
2020-05-11,validation,1,2020-06-09,0.8924088183,1
2020-05-12,validation,1,2020-06-10,0.9107478519,1
2020-05-13,validation,1,2020-06-11,0.9171231337,1
2020-05-14,validation,1,2020-06-12,0.9003264618,1
2020-05-15,validation,1,2020-06-15,0.8983410163,1
2020-05-18,validation,1,2020-06-16,0.8632794448,1
2020-05-19,validation,1,2020-06-17,0.8822831638,1
2020-05-20,validation,1,2020-06-18,0.8673311546,1
2020-05-21,validation,1,2020-06-19,0.8702366127,1
2020-05-22,validation,1,2020-06-22,0.8447274769,1
2020-05-26,validation,1,2020-06-23,0.8055916401,1
2020-05-27,validation,1,2020-06-24,0.8217028722,1
2020-05-28,validation,1,2020-06-25,0.8140896262,1
2020-05-29,validation,0,2020-06-26,0.8333988513,1
2020-06-01,validation,1,2020-06-29,0.812122043,1
2020-06-02,validation,1,2020-06-30,0.7805381315,1
2020-06-03,validation,0,2020-07-01,0.6750985355,1
2020-06-04,validation,1,2020-07-02,0.7325239464,1
2020-06-05,validation,0,2020-07-06,0.6209372268,1
2020-06-08,validation,0,2020-07-07,0.4830962315,0
2020-06-09,validation,0,2020-07-08,0.5963599631,1
2020-06-10,validation,0,2020-07-09,0.421356532,0
2020-06-11,validation,1,2020-07-10,0.5909301085,1
2020-06-12,validation,1,2020-07-13,0.4185096831,0
2020-06-15,validation,1,2020-07-14,0.3935170019,0
2020-06-16,validation,1,2020-07-15,0.323271007,0
2020-06-17,validation,1,2020-07-16,0.3136163481,0
2020-06-18,validation,1,2020-07-17,0.4919872139,0
2020-06-19,validation,1,2020-07-20,0.5039104666,1
2020-06-22,validation,1,2020-07-21,0.5338054887,1
2020-06-23,validation,1,2020-07-22,0.4702316641,0
2020-06-24,validation,1,2020-07-23,0.5827028678,1
2020-06-25,validation,1,2020-07-24,0.5153959167,1
2020-06-26,validation,1,2020-07-27,0.5290196447,1
2020-06-29,validation,1,2020-07-28,0.490225405,0
2020-06-30,validation,1,2020-07-29,0.4459884009,0
2020-07-01,validation,1,2020-07-30,0.5488673212,1
2020-07-02,validation,1,2020-07-31,0.5260677738,1
2020-07-06,validation,1,2020-08-03,0.5762838874,1
2020-07-07,validation,1,2020-08-04,0.6147814548,1
2020-07-08,validation,1,2020-08-05,0.5579931064,1
2020-07-09,validation,1,2020-08-06,0.5953035375,1
2020-07-10,validation,1,2020-08-07,0.562226176,1
2020-07-13,validation,1,2020-08-10,0.5815005302,1
2020-07-14,validation,1,2020-08-11,0.5860324439,1
2020-07-15,validation,1,2020-08-12,0.5592280081,1
2020-07-16,validation,1,2020-08-13,0.5419252251,1
2020-07-17,validation,1,2020-08-14,0.5416164482,1
2020-07-20,validation,1,2020-08-17,0.5354084758,1
2020-07-21,validation,1,2020-08-18,0.5382933206,1
2020-07-22,validation,1,2020-08-19,0.531938127,1
2020-07-23,validation,1,2020-08-20,0.5647128093,1
2020-07-24,validation,1,2020-08-21,0.5997512523,1
2020-07-27,validation,1,2020-08-24,0.5645866146,1
2020-07-28,validation,1,2020-08-25,0.5613864347,1
2020-07-29,validation,1,2020-08-26,0.529465993,1
2020-07-30,validation,1,2020-08-27,0.5773902283,1
2020-07-31,validation,1,2020-08-28,0.5589051384,1
2020-08-03,validation,1,2020-08-31,0.5656529062,1
2020-08-04,validation,1,2020-09-01,0.5900035229,1
2020-08-05,validation,1,2020-09-02,0.5650337664,1
2020-08-06,validation,1,2020-09-03,0.5344648017,1
2020-08-07,validation,1,2020-09-04,0.5102318732,1
2020-08-10,validation,0,2020-09-08,0.51011481,1
2020-08-11,validation,1,2020-09-09,0.5409634027,1
2020-08-12,validation,0,2020-09-10,0.520489312,1
2020-08-13,validation,0,2020-09-11,0.5148131063,1
2020-08-14,validation,1,2020-09-14,0.527496775,1
2020-08-17,validation,1,2020-09-15,0.5104077276,1
2020-08-18,validation,1,2020-09-16,0.5148137082,1
2020-08-19,validation,0,2020-09-17,0.5257237033,1
2020-08-20,validation,0,2020-09-18,0.5398023979,1
2020-08-21,validation,0,2020-09-21,0.5281080183,1
2020-08-24,validation,0,2020-09-22,0.51709992,1
2020-08-25,validation,0,2020-09-23,0.5134711746,1
2020-08-26,validation,0,2020-09-24,0.5101493137,1
2020-08-27,validation,0,2020-09-25,0.5104639624,1
2020-08-28,validation,0,2020-09-28,0.4997220433,0
2020-08-31,validation,0,2020-09-29,0.5201101458,1
2020-09-01,validation,0,2020-09-30,0.4853595823,0
2020-09-02,validation,0,2020-10-01,0.4486983754,0
2020-09-03,validation,0,2020-10-02,0.4883434039,0
2020-09-04,validation,0,2020-10-05,0.4117527365,0
2020-09-08,validation,1,2020-10-06,0.4756261722,0
2020-09-09,validation,1,2020-10-07,0.3947836116,0
2020-09-10,validation,1,2020-10-08,0.4529487161,0
2020-09-11,validation,1,2020-10-09,0.4706467156,0
2020-09-14,validation,1,2020-10-12,0.4654050747,0
2020-09-15,validation,1,2020-10-13,0.4981060444,0
2020-09-16,validation,1,2020-10-14,0.5051518673,1
2020-09-17,validation,1,2020-10-15,0.5457204613,1
2020-09-18,validation,1,2020-10-16,0.5447949367,1
2020-09-21,validation,1,2020-10-19,0.5574236938,1
2020-09-22,validation,1,2020-10-20,0.4876044979,0
2020-09-23,validation,1,2020-10-21,0.5762133002,1
2020-09-24,validation,1,2020-10-22,0.5792771586,1
2020-09-25,validation,1,2020-10-23,0.5726815229,1
2020-09-28,validation,1,2020-10-26,0.5643442064,1
2020-09-29,validation,1,2020-10-27,0.5954123686,1
2020-09-30,validation,0,2020-10-28,0.6020445722,1
2020-10-01,validation,0,2020-10-29,0.6055811955,1
2020-10-02,validation,0,2020-10-30,0.6119039854,1
2020-10-05,validation,0,2020-11-02,0.538093806,1
2020-10-06,validation,1,2020-11-03,0.5847246989,1
2020-10-07,validation,1,2020-11-04,0.5516642452,1
2020-10-08,validation,1,2020-11-05,0.5374230558,1
2020-10-09,validation,1,2020-11-06,0.5257647194,1
2020-10-12,validation,1,2020-11-09,0.4784845755,0
2020-10-13,validation,1,2020-11-10,0.5378635423,1
2020-10-14,validation,1,2020-11-11,0.5277002871,1
2020-10-15,validation,1,2020-11-12,0.5210781325,1
2020-10-16,validation,1,2020-11-13,0.4950154621,0
2020-10-19,validation,1,2020-11-16,0.5036357197,1
2020-10-20,validation,1,2020-11-17,0.5018610064,1
2020-10-21,validation,1,2020-11-18,0.5109325037,1
2020-10-22,validation,1,2020-11-19,0.5105856117,1
2020-10-23,validation,1,2020-11-20,0.5159579693,1
2020-10-26,validation,1,2020-11-23,0.5969248375,1
2020-10-27,validation,1,2020-11-24,0.5918560918,1
2020-10-28,validation,1,2020-11-25,0.6643800758,1
2020-10-29,validation,1,2020-11-27,0.617163321,1
2020-10-30,validation,1,2020-11-30,0.6470302901,1
2020-11-02,validation,1,2020-12-01,0.6427677198,1
2020-11-03,validation,1,2020-12-02,0.6126478658,1
2020-11-04,validation,1,2020-12-03,0.6186643516,1
2020-11-05,validation,1,2020-12-04,0.5943665579,1
2020-11-06,validation,1,2020-12-07,0.6267749213,1
2020-11-09,validation,1,2020-12-08,0.595898124,1
2020-11-10,validation,1,2020-12-09,0.5864575363,1
2020-11-11,validation,1,2020-12-10,0.5387622296,1
2020-11-12,validation,1,2020-12-11,0.538208159,1
2020-11-13,validation,1,2020-12-14,0.5009025497,1
2020-11-16,validation,1,2020-12-15,0.4646175719,0
2020-11-17,validation,1,2020-12-16,0.5017040103,1
2020-11-18,validation,1,2020-12-17,0.5214516878,1
2020-11-19,validation,1,2020-12-18,0.5289045317,1
2020-11-20,validation,1,2020-12-21,0.5378944129,1
2020-11-23,validation,1,2020-12-22,0.5064400266,1
2020-11-24,validation,1,2020-12-23,0.4736866907,0
2020-11-25,validation,1,2020-12-24,0.5294196398,1
2020-11-27,validation,1,2020-12-28,0.5317325295,1
2020-11-30,validation,1,2020-12-29,0.5142647984,1
2020-12-01,validation,1,2020-12-30,0.4639520445,0
2020-12-02,validation,1,2020-12-31,0.4291411583,0
2020-12-03,validation,1,2021-01-04,0.4718814804,0
2020-12-04,validation,1,2021-01-05,0.4446674433,0
2020-12-07,validation,1,2021-01-06,0.4615602849,0
2020-12-08,validation,1,2021-01-07,0.4585156887,0
2020-12-09,validation,1,2021-01-08,0.483494262,0
2020-12-10,validation,1,2021-01-11,0.480405714,0
2020-12-11,validation,1,2021-01-12,0.4635264515,0
2020-12-14,validation,1,2021-01-13,0.4717991332,0
2020-12-15,validation,1,2021-01-14,0.4230146661,0
2020-12-16,validation,1,2021-01-15,0.4486942849,0
2020-12-17,validation,1,2021-01-19,0.4138676156,0
2020-12-18,validation,1,2021-01-20,0.4393391531,0
2020-12-21,validation,1,2021-01-21,0.4693178855,0
2020-12-22,validation,1,2021-01-22,0.4766554391,0
2020-12-23,validation,1,2021-01-25,0.4860147131,0
2020-12-24,validation,1,2021-01-26,0.4769453071,0
2020-12-28,validation,1,2021-01-27,0.4730089611,0
2020-12-29,validation,1,2021-01-28,0.4806693478,0
2020-12-30,validation,0,2021-01-29,0.5084338091,1
2020-12-31,validation,1,2021-02-01,0.4802815162,0
2021-01-04,validation,1,2021-02-02,0.5320440785,1
2021-01-05,validation,1,2021-02-03,0.5118544153,1
2021-01-06,validation,1,2021-02-04,0.5164854561,1
2021-01-07,validation,1,2021-02-05,0.4956096022,0
2021-01-08,validation,1,2021-02-08,0.4824925579,0
2021-01-11,validation,1,2021-02-09,0.5175021924,1
2021-01-12,validation,1,2021-02-10,0.5052662142,1
2021-01-13,validation,1,2021-02-11,0.4908149813,0
2021-01-14,validation,1,2021-02-12,0.4773545996,0
2021-01-15,validation,1,2021-02-16,0.4927337244,0
2021-01-19,validation,1,2021-02-17,0.4767689398,0
2021-01-20,validation,1,2021-02-18,0.4514325617,0
2021-01-21,validation,1,2021-02-19,0.4610981723,0
2021-01-22,validation,1,2021-02-22,0.457156739,0
2021-01-25,validation,1,2021-02-23,0.4545598792,0
2021-01-26,validation,1,2021-02-24,0.4140333826,0
2021-01-27,validation,1,2021-02-25,0.4643006076,0
2021-01-28,validation,1,2021-02-26,0.4111309129,0
2021-01-29,validation,1,2021-03-01,0.483944052,0
2021-02-01,validation,1,2021-03-02,0.4404553597,0
2021-02-02,validation,0,2021-03-03,0.4342929477,0
2021-02-03,validation,0,2021-03-04,0.5009686509,1
2021-02-04,validation,0,2021-03-05,0.4627971724,0
2021-02-05,validation,0,2021-03-08,0.5135335386,1
2021-02-08,validation,0,2021-03-09,0.4793158565,0
2021-02-09,validation,0,2021-03-10,0.4752351149,0
2021-02-10,validation,1,2021-03-11,0.4657758633,0
2021-02-11,validation,1,2021-03-12,0.4630359999,0
2021-02-12,validation,1,2021-03-15,0.4591019335,0
2021-02-16,validation,1,2021-03-16,0.453139666,0
2021-02-17,validation,1,2021-03-17,0.4468501875,0
2021-02-18,validation,1,2021-03-18,0.4756698301,0
2021-02-19,validation,1,2021-03-19,0.4711572095,0
2021-02-22,validation,1,2021-03-22,0.4927927122,0
2021-02-23,validation,1,2021-03-23,0.5088053945,1
2021-02-24,validation,0,2021-03-24,0.4842899351,0
2021-02-25,validation,1,2021-03-25,0.5620067094,1
2021-02-26,validation,1,2021-03-26,0.5638242606,1
2021-03-01,validation,1,2021-03-29,0.5123806397,1
2021-03-02,validation,1,2021-03-30,0.5558109802,1
2021-03-03,validation,1,2021-03-31,0.5850718931,1
2021-03-04,validation,1,2021-04-01,0.6367036635,1
2021-03-05,validation,1,2021-04-05,0.5995885429,1
2021-03-08,validation,1,2021-04-06,0.6062444614,1
2021-03-09,validation,1,2021-04-07,0.5837313232,1
2021-03-10,validation,1,2021-04-08,0.5924365448,1
2021-03-11,validation,1,2021-04-09,0.5924146744,1
2021-03-12,validation,1,2021-04-12,0.583940915,1
2021-03-15,validation,1,2021-04-13,0.581575845,1
2021-03-16,validation,1,2021-04-14,0.5922388108,1
2021-03-17,validation,1,2021-04-15,0.5704372141,1
2021-03-18,validation,1,2021-04-16,0.5978252516,1
2021-03-19,validation,1,2021-04-19,0.590637868,1
2021-03-22,validation,1,2021-04-20,0.5687607944,1
2021-03-23,validation,1,2021-04-21,0.599835306,1
2021-03-24,validation,1,2021-04-22,0.6033113665,1
2021-03-25,validation,1,2021-04-23,0.6138149901,1
2021-03-26,validation,1,2021-04-26,0.5641250292,1
2021-03-29,validation,1,2021-04-27,0.5997007945,1
2021-03-30,validation,1,2021-04-28,0.6132482423,1
2021-03-31,validation,1,2021-04-29,0.6011080323,1
2021-04-01,validation,1,2021-04-30,0.5855395404,1
2021-04-05,validation,1,2021-05-03,0.55161113,1
2021-04-06,validation,1,2021-05-04,0.5845023407,1
2021-04-07,validation,1,2021-05-05,0.5899670329,1
2021-04-08,validation,1,2021-05-06,0.5693046813,1
2021-04-09,validation,1,2021-05-07,0.5440133936,1
2021-04-12,validation,1,2021-05-10,0.5316463977,1
2021-04-13,validation,1,2021-05-11,0.5263483953,1
2021-04-14,validation,0,2021-05-12,0.5254842135,1
2021-04-15,validation,0,2021-05-13,0.5008143666,1
2021-04-16,validation,0,2021-05-14,0.5097929357,1
2021-04-19,validation,1,2021-05-17,0.5221772702,1
2021-04-20,validation,0,2021-05-18,0.5333089028,1
2021-04-21,validation,0,2021-05-19,0.5162025077,1
2021-04-22,validation,1,2021-05-20,0.5206718068,1
2021-04-23,validation,0,2021-05-21,0.4570809219,0
2021-04-26,validation,1,2021-05-24,0.4870452106,0
2021-04-27,validation,1,2021-05-25,0.4779968662,0
2021-04-28,validation,1,2021-05-26,0.488737408,0
2021-04-29,validation,0,2021-05-27,0.5003567374,1
2021-04-30,validation,1,2021-05-28,0.5206208054,1
2021-05-03,validation,1,2021-06-01,0.536548574,1
2021-05-04,validation,1,2021-06-02,0.5611649693,1
2021-05-05,validation,1,2021-06-03,0.5658420042,1
2021-05-06,validation,1,2021-06-04,0.5410555727,1
2021-05-07,validation,1,2021-06-07,0.540170238,1
2021-05-10,validation,1,2021-06-08,0.5690921119,1
2021-05-11,validation,1,2021-06-09,0.6005274365,1
2021-05-12,validation,1,2021-06-10,0.6369899459,1
2021-05-13,validation,1,2021-06-11,0.590797383,1
2021-05-14,validation,1,2021-06-14,0.5461827635,1
2021-05-17,validation,1,2021-06-15,0.573718388,1
2021-05-18,validation,1,2021-06-16,0.5916673397,1
2021-05-19,validation,1,2021-06-17,0.6317829589,1
2021-05-20,validation,1,2021-06-18,0.5953275976,1
2021-05-21,validation,1,2021-06-21,0.568672676,1
2021-05-24,validation,1,2021-06-22,0.5394523914,1
2021-05-25,validation,1,2021-06-23,0.5884650826,1
2021-05-26,validation,1,2021-06-24,0.5771616819,1
2021-05-27,validation,1,2021-06-25,0.5541995918,1
2021-05-28,validation,1,2021-06-28,0.5366247801,1
2021-06-01,validation,1,2021-06-29,0.5466839756,1
2021-06-02,validation,1,2021-06-30,0.5379070351,1
2021-06-03,validation,1,2021-07-01,0.5583096434,1
2021-06-04,validation,1,2021-07-02,0.5427311861,1
2021-06-07,validation,1,2021-07-06,0.5621491596,1
2021-06-08,validation,1,2021-07-07,0.5605106844,1
2021-06-09,validation,1,2021-07-08,0.5698479949,1
2021-06-10,validation,1,2021-07-09,0.5693051728,1
2021-06-11,validation,1,2021-07-12,0.5768491324,1
2021-06-14,validation,1,2021-07-13,0.5704013286,1
2021-06-15,validation,1,2021-07-14,0.5742471774,1
2021-06-16,validation,1,2021-07-15,0.5945143593,1
2021-06-17,validation,1,2021-07-16,0.5789003145,1
2021-06-18,validation,1,2021-07-19,0.6059508696,1
2021-06-21,validation,1,2021-07-20,0.5600792256,1
2021-06-22,validation,1,2021-07-21,0.5830901569,1
2021-06-23,validation,1,2021-07-22,0.5962725869,1
2021-06-24,validation,1,2021-07-23,0.5853149839,1
2021-06-25,validation,1,2021-07-26,0.6005696666,1
2021-06-28,validation,1,2021-07-27,0.5965944433,1
2021-06-29,validation,1,2021-07-28,0.6037583494,1
2021-06-30,validation,1,2021-07-29,0.6060758622,1
2021-07-01,validation,1,2021-07-30,0.5876801441,1
2021-07-02,validation,1,2021-08-02,0.5791755678,1
2021-07-06,validation,1,2021-08-03,0.5940311993,1
2021-07-07,validation,1,2021-08-04,0.5887936997,1
2021-07-08,validation,1,2021-08-05,0.6106028902,1
2021-07-09,validation,1,2021-08-06,0.5700385785,1
2021-07-12,validation,1,2021-08-09,0.5725880083,1
2021-07-13,validation,1,2021-08-10,0.5961139222,1
2021-07-14,validation,1,2021-08-11,0.581398514,1
2021-07-15,validation,1,2021-08-12,0.592358891,1
2021-07-16,validation,1,2021-08-13,0.604593681,1
2021-07-19,validation,1,2021-08-16,0.6185452315,1
2021-07-20,validation,1,2021-08-17,0.591292885,1
2021-07-21,validation,1,2021-08-18,0.5863718144,1
2021-07-22,validation,1,2021-08-19,0.5896699928,1
2021-07-23,validation,1,2021-08-20,0.5837766121,1
2021-07-26,validation,1,2021-08-23,0.6176719187,1
2021-07-27,validation,1,2021-08-24,0.6068748528,1
2021-07-28,validation,1,2021-08-25,0.6008566106,1
2021-07-29,validation,1,2021-08-26,0.5814167333,1
2021-07-30,validation,1,2021-08-27,0.5899885551,1
2021-08-02,validation,1,2021-08-30,0.6011934641,1
2021-08-03,validation,1,2021-08-31,0.5913662372,1
2021-08-04,validation,1,2021-09-01,0.6016499951,1
2021-08-05,validation,1,2021-09-02,0.567180789,1
2021-08-06,validation,1,2021-09-03,0.5575133419,1
2021-08-09,validation,1,2021-09-07,0.5789129508,1
2021-08-10,validation,1,2021-09-08,0.5781516108,1
2021-08-11,validation,1,2021-09-09,0.5801824732,1
2021-08-12,validation,1,2021-09-10,0.5548185875,1
2021-08-13,validation,1,2021-09-13,0.5485201607,1
2021-08-16,validation,0,2021-09-14,0.5616233707,1
2021-08-17,validation,1,2021-09-15,0.5864114634,1
2021-08-18,validation,1,2021-09-16,0.6164453527,1
2021-08-19,validation,1,2021-09-17,0.6074682596,1
2021-08-20,validation,0,2021-09-20,0.5955004611,1
2021-08-23,validation,0,2021-09-21,0.57577772,1
2021-08-24,validation,0,2021-09-22,0.5873726476,1
2021-08-25,validation,0,2021-09-23,0.6016343641,1
2021-08-26,validation,0,2021-09-24,0.6184406919,1
2021-08-27,validation,0,2021-09-27,0.578890998,1
2021-08-30,validation,0,2021-09-28,0.571851362,1
2021-08-31,validation,0,2021-09-29,0.5862687511,1
2021-09-01,validation,0,2021-09-30,0.5806184279,1
2021-09-02,validation,0,2021-10-01,0.5846767704,1
2021-09-03,validation,0,2021-10-04,0.5878558461,1
2021-09-07,validation,0,2021-10-05,0.5954332205,1
2021-09-08,validation,0,2021-10-06,0.6037518547,1
2021-09-09,validation,0,2021-10-07,0.6099943816,1
2021-09-10,validation,0,2021-10-08,0.620613994,1
2021-09-13,validation,0,2021-10-11,0.611680131,1
2021-09-14,validation,0,2021-10-12,0.6159964274,1
2021-09-15,validation,0,2021-10-13,0.6040266905,1
2021-09-16,validation,0,2021-10-14,0.6295625646,1
2021-09-17,validation,1,2021-10-15,0.6581008534,1
2021-09-20,validation,1,2021-10-18,0.6913485437,1
2021-09-21,validation,1,2021-10-19,0.7016039764,1
2021-09-22,validation,1,2021-10-20,0.6731842172,1
2021-09-23,validation,1,2021-10-21,0.6586248721,1
2021-09-24,validation,1,2021-10-22,0.6749425996,1
2021-09-27,validation,1,2021-10-25,0.7105793293,1
2021-09-28,validation,1,2021-10-26,0.7499249165,1
2021-09-29,validation,1,2021-10-27,0.7246976235,1
2021-09-30,validation,1,2021-10-28,0.7401691121,1
2021-10-01,validation,1,2021-10-29,0.7010366529,1
2021-10-04,validation,1,2021-11-01,0.7437772455,1
2021-10-05,validation,1,2021-11-02,0.7391526428,1
2021-10-06,validation,1,2021-11-03,0.7350049447,1
2021-10-07,validation,1,2021-11-04,0.7325550937,1
2021-10-08,validation,1,2021-11-05,0.7239546343,1
2021-10-11,validation,1,2021-11-08,0.7443809084,1
2021-10-12,validation,1,2021-11-09,0.7187489175,1
2021-10-13,validation,1,2021-11-10,0.7244535885,1
2021-10-14,validation,1,2021-11-11,0.6870187231,1
2021-10-15,validation,1,2021-11-12,0.6842770027,1
2021-10-18,validation,1,2021-11-15,0.6985126864,1
2021-10-19,validation,1,2021-11-16,0.6910303561,1
2021-10-20,validation,1,2021-11-17,0.6847864901,1
2021-10-21,validation,1,2021-11-18,0.6704018011,1
2021-10-22,validation,1,2021-11-19,0.6693650745,1
2021-10-25,validation,1,2021-11-22,0.6487990772,1
2021-10-26,validation,1,2021-11-23,0.646255592,1
2021-10-27,validation,1,2021-11-24,0.6604653509,1
2021-10-28,validation,1,2021-11-26,0.6308136347,1
2021-10-29,validation,1,2021-11-29,0.6458988811,1
2021-11-01,validation,0,2021-11-30,0.6393068896,1
2021-11-02,validation,0,2021-12-01,0.6365798972,1
2021-11-03,validation,0,2021-12-02,0.6342914096,1
2021-11-04,validation,0,2021-12-03,0.6209788074,1
2021-11-05,validation,0,2021-12-06,0.6155865348,1
2021-11-08,validation,0,2021-12-07,0.6177432865,1
2021-11-09,validation,1,2021-12-08,0.623626449,1
2021-11-10,validation,1,2021-12-09,0.6233914486,1
2021-11-11,validation,1,2021-12-10,0.6178563983,1
2021-11-12,validation,0,2021-12-13,0.603712566,1
2021-11-15,validation,0,2021-12-14,0.6154120103,1
2021-11-16,validation,1,2021-12-15,0.6245002579,1
2021-11-17,validation,0,2021-12-16,0.647798896,1
2021-11-18,validation,0,2021-12-17,0.6438959649,1
2021-11-19,validation,0,2021-12-20,0.6368180112,1
2021-11-22,validation,0,2021-12-21,0.6531406664,1
2021-11-23,validation,1,2021-12-22,0.6512486995,1
2021-11-24,validation,1,2021-12-23,0.647941665,1
2021-11-26,validation,1,2021-12-27,0.6856366278,1
2021-11-29,validation,1,2021-12-28,0.6469904226,1
2021-11-30,validation,1,2021-12-29,0.6951977497,1
2021-12-01,validation,1,2021-12-30,0.7028180321,1
2021-12-02,validation,1,2021-12-31,0.6604303513,1
2021-12-03,validation,1,2022-01-03,0.7134396463,1
2021-12-06,validation,1,2022-01-04,0.6610442597,1
2021-12-07,validation,1,2022-01-05,0.6443677679,1
2021-12-08,validation,0,2022-01-06,0.6601803596,1
2021-12-09,validation,1,2022-01-07,0.6670417353,1
2021-12-10,validation,0,2022-01-10,0.6524472737,1
2021-12-13,validation,1,2022-01-11,0.659039339,1
2021-12-14,validation,1,2022-01-12,0.6296646078,1
2021-12-15,validation,0,2022-01-13,0.5822963099,1
2021-12-16,validation,0,2022-01-14,0.6337107203,1
2021-12-17,validation,0,2022-01-18,0.6520326871,1
2021-12-20,validation,0,2022-01-19,0.6811153444,1
2021-12-21,validation,0,2022-01-20,0.6374969705,1
2021-12-22,validation,0,2022-01-21,0.5872172725,1
2021-12-23,validation,0,2022-01-24,0.5950647079,1
2021-12-27,validation,0,2022-01-25,0.5634422273,1
2021-12-28,validation,0,2022-01-26,0.6085309333,1
2021-12-29,validation,0,2022-01-27,0.5702639596,1
2021-12-30,validation,0,2022-01-28,0.573563286,1
2021-12-31,validation,0,2022-01-31,0.5829271341,1
2022-01-03,validation,0,2022-02-01,0.5562763085,1
2022-01-04,validation,0,2022-02-02,0.5679995682,1
2022-01-05,validation,0,2022-02-03,0.6152497261,1
2022-01-06,validation,0,2022-02-04,0.6061729473,1
2022-01-07,validation,0,2022-02-07,0.6209513593,1
2022-01-10,validation,0,2022-02-08,0.6386601786,1
2022-01-11,validation,0,2022-02-09,0.6236625016,1
2022-01-12,validation,0,2022-02-10,0.6506659123,1
2022-01-13,validation,0,2022-02-11,0.6995983666,1
2022-01-14,validation,0,2022-02-14,0.6969716174,1
2022-01-18,validation,0,2022-02-15,0.7286376016,1
2022-01-19,validation,0,2022-02-16,0.7240745128,1
2022-01-20,validation,0,2022-02-17,0.7501612011,1
2022-01-21,validation,0,2022-02-18,0.7933263158,1
2022-01-24,validation,0,2022-02-22,0.7793631304,1
2022-01-25,validation,0,2022-02-23,0.8282084517,1
2022-01-26,validation,0,2022-02-24,0.8372911195,1
2022-01-27,validation,1,2022-02-25,0.8521520986,1
2022-01-28,validation,0,2022-02-28,0.828716805,1
2022-01-31,validation,0,2022-03-01,0.8099731131,1
2022-02-01,validation,0,2022-03-02,0.8236665592,1
2022-02-02,validation,0,2022-03-03,0.8168429418,1
2022-02-03,validation,0,2022-03-04,0.8489432558,1
2022-02-04,validation,0,2022-03-07,0.8119231313,1
2022-02-07,validation,0,2022-03-08,0.7972008216,1
2022-02-08,validation,0,2022-03-09,0.7745828947,1
2022-02-09,validation,0,2022-03-10,0.7521332985,1
2022-02-10,validation,0,2022-03-11,0.808880917,1
2022-02-11,validation,0,2022-03-14,0.8223940245,1
2022-02-14,validation,0,2022-03-15,0.8190851977,1
2022-02-15,validation,0,2022-03-16,0.7847335042,1
2022-02-16,validation,0,2022-03-17,0.7752049012,1
2022-02-17,validation,1,2022-03-18,0.8158108938,1
2022-02-18,validation,1,2022-03-21,0.8287190073,1
2022-02-22,validation,1,2022-03-22,0.8411577479,1
2022-02-23,validation,1,2022-03-23,0.8305515525,1
2022-02-24,validation,1,2022-03-24,0.8068213386,1
2022-02-25,validation,1,2022-03-25,0.7846280961,1
2022-02-28,validation,1,2022-03-28,0.8083864144,1
2022-03-01,validation,1,2022-03-29,0.8487109554,1
2022-03-02,validation,1,2022-03-30,0.8292289007,1
2022-03-03,validation,1,2022-03-31,0.8412698414,1
2022-03-04,validation,1,2022-04-01,0.8401628683,1
2022-03-07,validation,1,2022-04-04,0.8682790949,1
2022-03-08,validation,1,2022-04-05,0.8706889145,1
2022-03-09,validation,1,2022-04-06,0.8274796212,1
2022-03-10,validation,1,2022-04-07,0.8477482727,1
2022-03-11,validation,1,2022-04-08,0.8582270718,1
2022-03-14,validation,1,2022-04-11,0.8816334322,1
2022-03-15,validation,1,2022-04-12,0.8554722381,1
2022-03-16,validation,1,2022-04-13,0.8172701284,1
2022-03-17,validation,0,2022-04-14,0.8090736167,1
2022-03-18,validation,0,2022-04-18,0.8179813066,1
2022-03-21,validation,1,2022-04-19,0.8304147444,1
2022-03-22,validation,0,2022-04-20,0.7978957828,1
2022-03-23,validation,0,2022-04-21,0.8056286944,1
2022-03-24,validation,0,2022-04-22,0.768624847,1
2022-03-25,validation,0,2022-04-25,0.7666073469,1
2022-03-28,validation,0,2022-04-26,0.7554514576,1
2022-03-29,validation,0,2022-04-27,0.7216345726,1
2022-03-30,validation,0,2022-04-28,0.7664031571,1
2022-03-31,validation,0,2022-04-29,0.7683717499,1
2022-04-01,validation,0,2022-05-02,0.7324175208,1
2022-04-04,validation,0,2022-05-03,0.7140571431,1
2022-04-05,validation,0,2022-05-04,0.7222360104,1
2022-04-06,validation,0,2022-05-05,0.7548985066,1
2022-04-07,validation,0,2022-05-06,0.7606849573,1
2022-04-08,validation,0,2022-05-09,0.7663271038,1
2022-04-11,validation,0,2022-05-10,0.7703542473,1
2022-04-12,validation,0,2022-05-11,0.7903309299,1
2022-04-13,validation,0,2022-05-12,0.7795061305,1
2022-04-14,validation,0,2022-05-13,0.7958597854,1
2022-04-18,validation,0,2022-05-16,0.79001812,1
2022-04-19,validation,0,2022-05-17,0.7639759022,1
2022-04-20,validation,0,2022-05-18,0.7849671008,1
2022-04-21,validation,0,2022-05-19,0.7868328906,1
2022-04-22,validation,0,2022-05-20,0.8268483444,1
2022-04-25,validation,0,2022-05-23,0.805448995,1
2022-04-26,validation,0,2022-05-24,0.8431100504,1
2022-04-27,validation,0,2022-05-25,0.8423940542,1
2022-04-28,validation,0,2022-05-26,0.8179389256,1
2022-04-29,validation,1,2022-05-27,0.8816059892,1
2022-05-02,validation,0,2022-05-31,0.8492663868,1
2022-05-03,validation,0,2022-06-01,0.8698474577,1
2022-05-04,validation,0,2022-06-02,0.8262630469,1
2022-05-05,validation,0,2022-06-03,0.8579434937,1
2022-05-06,validation,1,2022-06-06,0.8807360433,1
2022-05-09,validation,1,2022-06-07,0.8933425629,1
2022-05-10,validation,1,2022-06-08,0.8690413444,1
2022-05-11,validation,1,2022-06-09,0.8665392812,1
2022-05-12,validation,0,2022-06-10,0.8892089618,1
2022-05-13,validation,0,2022-06-13,0.8662729944,1
2022-05-16,validation,0,2022-06-14,0.8873883811,1
2022-05-17,validation,0,2022-06-15,0.867292448,1
2022-05-18,validation,0,2022-06-16,0.9065588719,1
2022-05-19,validation,0,2022-06-17,0.8915342138,1
2022-05-20,validation,0,2022-06-21,0.8804252149,1
2022-05-23,validation,0,2022-06-22,0.8709317155,1
2022-05-24,validation,0,2022-06-23,0.8686301834,1
2022-05-25,validation,0,2022-06-24,0.8765834962,1
2022-05-26,validation,0,2022-06-27,0.8777529744,1
2022-05-27,validation,0,2022-06-28,0.8557602842,1
2022-05-31,validation,0,2022-06-29,0.8561559022,1
2022-06-01,validation,0,2022-06-30,0.8533523335,1
2022-06-02,validation,0,2022-07-01,0.8282424571,1
2022-06-03,validation,0,2022-07-05,0.8507760585,1
2022-06-06,validation,0,2022-07-06,0.8174656608,1
2022-06-07,validation,0,2022-07-07,0.8009039198,1
2022-06-08,validation,0,2022-07-08,0.8226051223,1
2022-06-09,validation,0,2022-07-11,0.8363332585,1
2022-06-10,validation,0,2022-07-12,0.8717783022,1
2022-06-13,validation,1,2022-07-13,0.8986677068,1
2022-06-14,validation,1,2022-07-14,0.8880615192,1
2022-06-15,validation,1,2022-07-15,0.8860938731,1
2022-06-16,validation,1,2022-07-18,0.9226060696,1
2022-06-17,validation,1,2022-07-19,0.9209545379,1
2022-06-21,validation,1,2022-07-20,0.9230023569,1
2022-06-22,validation,1,2022-07-21,0.9341468126,1
2022-06-23,validation,1,2022-07-22,0.9234489514,1
2022-06-24,validation,1,2022-07-25,0.9227492227,1
2022-06-27,validation,1,2022-07-26,0.932308542,1
2022-06-28,validation,1,2022-07-27,0.9343149963,1
2022-06-29,validation,1,2022-07-28,0.9296863044,1
2022-06-30,validation,1,2022-07-29,0.9308429035,1
2022-07-01,validation,1,2022-08-01,0.9119637554,1
2022-07-05,validation,1,2022-08-02,0.9104902441,1
2022-07-06,validation,1,2022-08-03,0.9195773027,1
2022-07-07,validation,1,2022-08-04,0.9115101017,1
2022-07-08,validation,1,2022-08-05,0.9126234353,1
2022-07-11,validation,1,2022-08-08,0.9123790028,1
2022-07-12,validation,1,2022-08-09,0.9155693181,1
2022-07-13,validation,1,2022-08-10,0.9122483039,1
2022-07-14,validation,1,2022-08-11,0.9052923951,1
2022-07-15,validation,1,2022-08-12,0.8962125409,1
2022-07-18,validation,1,2022-08-15,0.9133753872,1
2022-07-19,validation,1,2022-08-16,0.8882233633,1
2022-07-20,validation,1,2022-08-17,0.8903982361,1
2022-07-21,validation,1,2022-08-18,0.8863360474,1
2022-07-22,validation,1,2022-08-19,0.8774290977,1
2022-07-25,validation,1,2022-08-22,0.8918400122,1
2022-07-26,validation,1,2022-08-23,0.8941772591,1
2022-07-27,validation,1,2022-08-24,0.8395080663,1
2022-07-28,validation,1,2022-08-25,0.8290148763,1
2022-07-29,validation,0,2022-08-26,0.8238267673,1
2022-08-01,validation,0,2022-08-29,0.8490399317,1
2022-08-02,validation,0,2022-08-30,0.8445749239,1
2022-08-03,validation,0,2022-08-31,0.7967451036,1
2022-08-04,validation,0,2022-09-01,0.7755254165,1
2022-08-05,validation,0,2022-09-02,0.7633532155,1
2022-08-08,validation,0,2022-09-06,0.7524946325,1
2022-08-09,validation,0,2022-09-07,0.7638590494,1
2022-08-10,validation,0,2022-09-08,0.7212639344,1
2022-08-11,validation,0,2022-09-09,0.7288948665,1
2022-08-12,validation,0,2022-09-12,0.7215182658,1
2022-08-15,validation,0,2022-09-13,0.6853317884,1
2022-08-16,validation,0,2022-09-14,0.7000977114,1
2022-08-17,validation,0,2022-09-15,0.6939220726,1
2022-08-18,validation,0,2022-09-16,0.7064716501,1
2022-08-19,validation,0,2022-09-19,0.7043494747,1
2022-08-22,validation,0,2022-09-20,0.7284735323,1
2022-08-23,validation,0,2022-09-21,0.732216155,1
2022-08-24,validation,0,2022-09-22,0.7653324116,1
2022-08-25,validation,0,2022-09-23,0.7367579588,1
2022-08-26,validation,0,2022-09-26,0.7978001732,1
2022-08-29,validation,0,2022-09-27,0.8155241498,1
2022-08-30,validation,0,2022-09-28,0.8185014406,1
2022-08-31,validation,0,2022-09-29,0.8288277461,1
2022-09-01,validation,0,2022-09-30,0.814080354,1
2022-09-02,validation,0,2022-10-03,0.8456394856,1
2022-09-06,validation,0,2022-10-04,0.8383007433,1
2022-09-07,validation,0,2022-10-05,0.8005264465,1
2022-09-08,validation,0,2022-10-06,0.789731115,1
2022-09-09,validation,0,2022-10-07,0.7612650444,1
2022-09-12,validation,0,2022-10-10,0.7799582951,1
2022-09-13,validation,0,2022-10-11,0.8161306909,1
2022-09-14,validation,0,2022-10-12,0.7737999064,1
2022-09-15,validation,0,2022-10-13,0.8005161085,1
2022-09-16,validation,0,2022-10-14,0.7936428452,1
2022-09-19,validation,0,2022-10-17,0.7717021694,1
2022-09-20,validation,0,2022-10-18,0.8413344586,1
2022-09-21,validation,0,2022-10-19,0.8502062512,1
2022-09-22,validation,0,2022-10-20,0.8482861459,1
2022-09-23,validation,1,2022-10-21,0.8723677664,1
2022-09-26,validation,1,2022-10-24,0.8678443835,1
2022-09-27,validation,1,2022-10-25,0.8753719748,1
2022-09-28,validation,1,2022-10-26,0.8613861244,1
2022-09-29,validation,1,2022-10-27,0.8903864652,1
2022-09-30,validation,1,2022-10-28,0.9082709373,1
2022-10-03,validation,1,2022-10-31,0.881266634,1
2022-10-04,validation,1,2022-11-01,0.852449184,1
2022-10-05,validation,0,2022-11-02,0.8542224587,1
2022-10-06,validation,0,2022-11-03,0.8754009739,1
2022-10-07,validation,1,2022-11-04,0.9037471534,1
2022-10-10,validation,1,2022-11-07,0.8978195177,1
2022-10-11,validation,1,2022-11-08,0.8841200089,1
2022-10-12,validation,1,2022-11-09,0.8938112533,1
2022-10-13,validation,1,2022-11-10,0.8704524051,1
2022-10-14,validation,1,2022-11-11,0.9104242854,1
2022-10-17,validation,1,2022-11-14,0.8821302883,1
2022-10-18,validation,1,2022-11-15,0.8817510249,1
2022-10-19,validation,1,2022-11-16,0.8870073951,1
2022-10-20,validation,1,2022-11-17,0.8820714531,1
2022-10-21,validation,1,2022-11-18,0.8707864427,1
2022-10-24,validation,1,2022-11-21,0.855074826,1
2022-10-25,validation,1,2022-11-22,0.8316492412,1
2022-10-26,validation,1,2022-11-23,0.8513011776,1
2022-10-27,validation,1,2022-11-25,0.8632361031,1
2022-10-28,validation,1,2022-11-28,0.8084940677,1
2022-10-31,validation,1,2022-11-29,0.8273082589,1
2022-11-01,validation,1,2022-11-30,0.8290126591,1
2022-11-02,validation,1,2022-12-01,0.854834978,1
2022-11-03,validation,1,2022-12-02,0.8662610017,1
2022-11-04,validation,1,2022-12-05,0.8281401948,1
2022-11-07,validation,1,2022-12-06,0.8349011851,1
2022-11-08,validation,1,2022-12-07,0.8329962495,1
2022-11-09,validation,1,2022-12-08,0.8705342783,1
2022-11-10,validation,0,2022-12-09,0.7985905761,1
2022-11-11,validation,1,2022-12-12,0.8015716921,1
2022-11-14,validation,1,2022-12-13,0.8094216828,1
2022-11-15,validation,1,2022-12-14,0.779226659,1
2022-11-16,validation,0,2022-12-15,0.8102528035,1
2022-11-17,validation,0,2022-12-16,0.7637675502,1
2022-11-18,validation,0,2022-12-19,0.7652875259,1
2022-11-21,validation,0,2022-12-20,0.7585254159,1
2022-11-22,validation,0,2022-12-21,0.7271229986,1
2022-11-23,validation,0,2022-12-22,0.7187688442,1
2022-11-25,validation,0,2022-12-23,0.717089327,1
2022-11-28,validation,0,2022-12-27,0.7547037747,1
2022-11-29,validation,0,2022-12-28,0.739088983,1
2022-11-30,validation,0,2022-12-29,0.6478581979,1
2022-12-01,validation,0,2022-12-30,0.6733155994,1
2022-12-02,validation,0,2023-01-03,0.6736868125,1
2022-12-05,validation,0,2023-01-04,0.7390908695,1
2022-12-06,validation,0,2023-01-05,0.7645346242,1
2022-12-07,validation,0,2023-01-06,0.6878926888,1
2022-12-08,validation,0,2023-01-09,0.6713112233,1
2022-12-09,validation,0,2023-01-10,0.7442213018,1
2022-12-12,validation,0,2023-01-11,0.7256467423,1
2022-12-13,validation,0,2023-01-12,0.7412538562,1
2022-12-14,validation,1,2023-01-13,0.7557907253,1
2022-12-15,validation,1,2023-01-17,0.7633213215,1
2022-12-16,validation,1,2023-01-18,0.7664027813,1
2022-12-19,validation,1,2023-01-19,0.7503446364,1
2022-12-20,validation,1,2023-01-20,0.726502317,1
2022-12-21,validation,1,2023-01-23,0.707088194,1
2022-12-22,validation,1,2023-01-24,0.7811187237,1
2022-12-23,validation,1,2023-01-25,0.7593360309,1
2022-12-27,validation,1,2023-01-26,0.7639055662,1
2022-12-28,validation,1,2023-01-27,0.7954301506,1
2022-12-29,validation,1,2023-01-30,0.7833877822,1
2022-12-30,validation,1,2023-01-31,0.8067058037,1
2023-01-03,test,1,2023-02-01,0.6779057826,1
2023-01-04,test,1,2023-02-02,0.6421180301,1
2023-01-05,test,1,2023-02-03,0.6492597983,1
2023-01-06,test,1,2023-02-06,0.6123903905,1
2023-01-09,test,1,2023-02-07,0.6260865781,1
2023-01-10,test,1,2023-02-08,0.6379585179,1
2023-01-11,test,1,2023-02-09,0.6137318589,1
2023-01-12,test,1,2023-02-10,0.6429167246,1
2023-01-13,test,1,2023-02-13,0.6351647138,1
2023-01-17,test,1,2023-02-14,0.6288155883,1
2023-01-18,test,1,2023-02-15,0.6248972598,1
2023-01-19,test,1,2023-02-16,0.6315726717,1
2023-01-20,test,1,2023-02-17,0.6221534386,1
2023-01-23,test,0,2023-02-21,0.6399581392,1
2023-01-24,test,0,2023-02-22,0.6394931295,1
2023-01-25,test,1,2023-02-23,0.6444830814,1
2023-01-26,test,0,2023-02-24,0.6565819748,1
2023-01-27,test,0,2023-02-27,0.6410030397,1
2023-01-30,test,0,2023-02-28,0.650946919,1
2023-01-31,test,0,2023-03-01,0.6056911978,1
2023-02-01,test,0,2023-03-02,0.5887458679,1
2023-02-02,test,0,2023-03-03,0.5903757109,1
2023-02-03,test,0,2023-03-06,0.6066584766,1
2023-02-06,test,0,2023-03-07,0.6335438724,1
2023-02-07,test,0,2023-03-08,0.5923357134,1
2023-02-08,test,0,2023-03-09,0.6332002875,1
2023-02-09,test,0,2023-03-10,0.6379047428,1
2023-02-10,test,0,2023-03-13,0.6304434529,1
2023-02-13,test,0,2023-03-14,0.6370750952,1
2023-02-14,test,0,2023-03-15,0.632360445,1
2023-02-15,test,0,2023-03-16,0.628848065,1
2023-02-16,test,0,2023-03-17,0.6425178952,1
2023-02-17,test,0,2023-03-20,0.6440214028,1
2023-02-21,test,1,2023-03-21,0.6686508323,1
2023-02-22,test,0,2023-03-22,0.6661573024,1
2023-02-23,test,0,2023-03-23,0.6624201703,1
2023-02-24,test,1,2023-03-24,0.6742570275,1
2023-02-27,test,1,2023-03-27,0.6656275896,1
2023-02-28,test,1,2023-03-28,0.6883927018,1
2023-03-01,test,1,2023-03-29,0.6964713369,1
2023-03-02,test,1,2023-03-30,0.6934221905,1
2023-03-03,test,1,2023-03-31,0.6810113064,1
2023-03-06,test,1,2023-04-03,0.6702135476,1
2023-03-07,test,1,2023-04-04,0.6817665623,1
2023-03-08,test,1,2023-04-05,0.6914702548,1
2023-03-09,test,1,2023-04-06,0.693030562,1
2023-03-10,test,1,2023-04-10,0.6895339461,1
2023-03-13,test,1,2023-04-11,0.6905200549,1
2023-03-14,test,1,2023-04-12,0.6895719685,1
2023-03-15,test,1,2023-04-13,0.6817058137,1
2023-03-16,test,1,2023-04-14,0.6653790364,1
2023-03-17,test,1,2023-04-17,0.6744117036,1
2023-03-20,test,1,2023-04-18,0.6625112193,1
2023-03-21,test,1,2023-04-19,0.6513598914,1
2023-03-22,test,1,2023-04-20,0.659887466,1
2023-03-23,test,1,2023-04-21,0.64708352,1
2023-03-24,test,1,2023-04-24,0.6448237288,1
2023-03-27,test,1,2023-04-25,0.6301951252,1
2023-03-28,test,1,2023-04-26,0.6343119544,1
2023-03-29,test,1,2023-04-27,0.6271568165,1
2023-03-30,test,1,2023-04-28,0.6265382415,1
2023-03-31,test,1,2023-05-01,0.6299386793,1
2023-04-03,test,0,2023-05-02,0.626251521,1
2023-04-04,test,0,2023-05-03,0.642971151,1
2023-04-05,test,0,2023-05-04,0.6331585481,1
2023-04-06,test,1,2023-05-05,0.627293547,1
2023-04-10,test,1,2023-05-08,0.6264963083,1
2023-04-11,test,1,2023-05-09,0.62473367,1
2023-04-12,test,1,2023-05-10,0.6419598348,1
2023-04-13,test,0,2023-05-11,0.6308870001,1
2023-04-14,test,0,2023-05-12,0.631142504,1
2023-04-17,test,0,2023-05-15,0.6146439211,1
2023-04-18,test,0,2023-05-16,0.6341736528,1
2023-04-19,test,1,2023-05-17,0.6509367459,1
2023-04-20,test,1,2023-05-18,0.6408992333,1
2023-04-21,test,1,2023-05-19,0.6399368134,1
2023-04-24,test,1,2023-05-22,0.6494468971,1
2023-04-25,test,1,2023-05-23,0.6665662032,1
2023-04-26,test,1,2023-05-24,0.651308499,1
2023-04-27,test,1,2023-05-25,0.6595025363,1
2023-04-28,test,1,2023-05-26,0.6717237711,1
2023-05-01,test,1,2023-05-30,0.6860866382,1
2023-05-02,test,1,2023-05-31,0.6999607693,1
2023-05-03,test,1,2023-06-01,0.6950187827,1
2023-05-04,test,1,2023-06-02,0.6935173929,1
2023-05-05,test,1,2023-06-05,0.6608421942,1
2023-05-08,test,1,2023-06-06,0.6687755676,1
2023-05-09,test,1,2023-06-07,0.6803848321,1
2023-05-10,test,1,2023-06-08,0.6903632725,1
2023-05-11,test,1,2023-06-09,0.7021143309,1
2023-05-12,test,1,2023-06-12,0.6976139804,1
2023-05-15,test,1,2023-06-13,0.6854545851,1
2023-05-16,test,1,2023-06-14,0.6875706406,1
2023-05-17,test,1,2023-06-15,0.6577049546,1
2023-05-18,test,1,2023-06-16,0.6502899652,1
2023-05-19,test,1,2023-06-20,0.6678723045,1
2023-05-22,test,1,2023-06-21,0.6582753768,1
2023-05-23,test,1,2023-06-22,0.6674780417,1
2023-05-24,test,1,2023-06-23,0.6528298113,1
2023-05-25,test,1,2023-06-26,0.6472963543,1
2023-05-26,test,1,2023-06-27,0.6503633604,1
2023-05-30,test,1,2023-06-28,0.6628077863,1
2023-05-31,test,1,2023-06-29,0.6658581128,1
2023-06-01,test,1,2023-06-30,0.6454576556,1
2023-06-02,test,1,2023-07-03,0.6352807933,1
2023-06-05,test,1,2023-07-05,0.6257934646,1
2023-06-06,test,1,2023-07-06,0.6123618617,1
2023-06-07,test,1,2023-07-07,0.6156086896,1
2023-06-08,test,1,2023-07-10,0.6163692957,1
2023-06-09,test,1,2023-07-11,0.606527198,1
2023-06-12,test,1,2023-07-12,0.6183477347,1
2023-06-13,test,1,2023-07-13,0.6139285432,1
2023-06-14,test,1,2023-07-14,0.6320444844,1
2023-06-15,test,1,2023-07-17,0.6358593624,1
2023-06-16,test,1,2023-07-18,0.6293241254,1
2023-06-20,test,1,2023-07-19,0.634350096,1
2023-06-21,test,1,2023-07-20,0.6376401457,1
2023-06-22,test,1,2023-07-21,0.6254433218,1
2023-06-23,test,1,2023-07-24,0.621877692,1
2023-06-26,test,1,2023-07-25,0.6352990213,1
2023-06-27,test,1,2023-07-26,0.6330125827,1
2023-06-28,test,1,2023-07-27,0.6509919033,1
2023-06-29,test,1,2023-07-28,0.6524171588,1
2023-06-30,test,1,2023-07-31,0.6491742458,1
2023-07-03,test,1,2023-08-01,0.6615417189,1
2023-07-05,test,1,2023-08-02,0.6580574466,1
2023-07-06,test,1,2023-08-03,0.6636784438,1
2023-07-07,test,1,2023-08-04,0.6576149644,1
2023-07-10,test,1,2023-08-07,0.6446913986,1
2023-07-11,test,1,2023-08-08,0.6500777978,1
2023-07-12,test,0,2023-08-09,0.6538718058,1
2023-07-13,test,0,2023-08-10,0.6633187472,1
2023-07-14,test,0,2023-08-11,0.6695086643,1
2023-07-17,test,0,2023-08-14,0.6714266821,1
2023-07-18,test,0,2023-08-15,0.6538271121,1
2023-07-19,test,0,2023-08-16,0.6518871547,1
2023-07-20,test,0,2023-08-17,0.6463596949,1
2023-07-21,test,0,2023-08-18,0.6282578911,1
2023-07-24,test,0,2023-08-21,0.6147917825,1
2023-07-25,test,0,2023-08-22,0.6243893639,1
2023-07-26,test,0,2023-08-23,0.636421687,1
2023-07-27,test,0,2023-08-24,0.6460489299,1
2023-07-28,test,0,2023-08-25,0.6209920685,1
2023-07-31,test,0,2023-08-28,0.6184566328,1
2023-08-01,test,0,2023-08-29,0.6105432818,1
2023-08-02,test,1,2023-08-30,0.631436412,1
2023-08-03,test,1,2023-08-31,0.6291917815,1
2023-08-04,test,1,2023-09-01,0.6186975949,1
2023-08-07,test,0,2023-09-05,0.6124770632,1
2023-08-08,test,0,2023-09-06,0.6238903886,1
2023-08-09,test,0,2023-09-07,0.6365740845,1
2023-08-10,test,0,2023-09-08,0.6425151031,1
2023-08-11,test,1,2023-09-11,0.6356427129,1
2023-08-14,test,0,2023-09-12,0.6363871346,1
2023-08-15,test,1,2023-09-13,0.6571036328,1
2023-08-16,test,1,2023-09-14,0.6593125408,1
2023-08-17,test,1,2023-09-15,0.6600167263,1
2023-08-18,test,1,2023-09-18,0.6476299206,1
2023-08-21,test,1,2023-09-19,0.6347934724,1
2023-08-22,test,1,2023-09-20,0.6557181834,1
2023-08-23,test,0,2023-09-21,0.6617827805,1
2023-08-24,test,0,2023-09-22,0.6777299499,1
2023-08-25,test,0,2023-09-25,0.6668006202,1
2023-08-28,test,0,2023-09-26,0.6664381326,1
2023-08-29,test,0,2023-09-27,0.6753672239,1
2023-08-30,test,0,2023-09-28,0.6691016711,1
2023-08-31,test,0,2023-09-29,0.6820017785,1
2023-09-01,test,0,2023-10-02,0.6734684854,1
2023-09-05,test,0,2023-10-03,0.6815586191,1
2023-09-06,test,0,2023-10-04,0.678902909,1
2023-09-07,test,0,2023-10-05,0.679570365,1
2023-09-08,test,0,2023-10-06,0.6792410749,1
2023-09-11,test,0,2023-10-09,0.6732401453,1
2023-09-12,test,0,2023-10-10,0.6894428897,1
2023-09-13,test,0,2023-10-11,0.6817614137,1
2023-09-14,test,0,2023-10-12,0.6809419872,1
2023-09-15,test,0,2023-10-13,0.6833979823,1
2023-09-18,test,0,2023-10-16,0.6786116174,1
2023-09-19,test,0,2023-10-17,0.6815502036,1
2023-09-20,test,0,2023-10-18,0.6803901515,1
2023-09-21,test,0,2023-10-19,0.6964416546,1
2023-09-22,test,0,2023-10-20,0.6972322179,1
2023-09-25,test,0,2023-10-23,0.6996099445,1
2023-09-26,test,0,2023-10-24,0.7234625103,1
2023-09-27,test,0,2023-10-25,0.7315925221,1
2023-09-28,test,0,2023-10-26,0.7365610066,1
2023-09-29,test,0,2023-10-27,0.7319772502,1
2023-10-02,test,0,2023-10-30,0.7326405417,1
2023-10-03,test,0,2023-10-31,0.7494355038,1
2023-10-04,test,0,2023-11-01,0.7366768277,1
2023-10-05,test,1,2023-11-02,0.735514112,1
2023-10-06,test,1,2023-11-03,0.7347471814,1
2023-10-09,test,1,2023-11-06,0.7396949653,1
2023-10-10,test,1,2023-11-07,0.7499509778,1
2023-10-11,test,1,2023-11-08,0.7524105398,1
2023-10-12,test,1,2023-11-09,0.7627871874,1
2023-10-13,test,1,2023-11-10,0.7513550435,1
2023-10-16,test,1,2023-11-13,0.7374410249,1
2023-10-17,test,1,2023-11-14,0.7449905599,1
2023-10-18,test,1,2023-11-15,0.7445349488,1
2023-10-19,test,1,2023-11-16,0.7407050339,1
2023-10-20,test,1,2023-11-17,0.7421634185,1
2023-10-23,test,1,2023-11-20,0.7419626002,1
2023-10-24,test,1,2023-11-21,0.7306152478,1
2023-10-25,test,1,2023-11-22,0.7429225239,1
2023-10-26,test,1,2023-11-24,0.7383267993,1
2023-10-27,test,1,2023-11-27,0.7399565791,1
2023-10-30,test,1,2023-11-28,0.7304694142,1
2023-10-31,test,1,2023-11-29,0.7252025576,1
2023-11-01,test,1,2023-11-30,0.7298041937,1
2023-11-02,test,1,2023-12-01,0.7263463742,1
2023-11-03,test,1,2023-12-04,0.7408727207,1
2023-11-06,test,1,2023-12-05,0.7418539348,1
2023-11-07,test,1,2023-12-06,0.7406134075,1
2023-11-08,test,1,2023-12-07,0.7279067951,1
2023-11-09,test,1,2023-12-08,0.7156259018,1
2023-11-10,test,1,2023-12-11,0.695190594,1
2023-11-13,test,1,2023-12-12,0.6962896321,1
2023-11-14,test,1,2023-12-13,0.6857997931,1
2023-11-15,test,1,2023-12-14,0.6870562589,1
2023-11-16,test,1,2023-12-15,0.6926558514,1
2023-11-17,test,1,2023-12-18,0.6709451864,1
2023-11-20,test,1,2023-12-19,0.6715897088,1
2023-11-21,test,1,2023-12-20,0.6731947073,1
2023-11-22,test,1,2023-12-21,0.6735131775,1
2023-11-24,test,1,2023-12-22,0.6704992808,1
2023-11-27,test,1,2023-12-26,0.6669300705,1
2023-11-28,test,1,2023-12-27,0.6681408543,1
2023-11-29,test,1,2023-12-28,0.67223431,1
2023-11-30,test,1,2023-12-29,0.6669259102,1
2023-12-01,test,1,2024-01-02,0.6664385496,1
2023-12-04,test,1,2024-01-03,0.6776651344,1
2023-12-05,test,1,2024-01-04,0.680348467,1
2023-12-06,test,1,2024-01-05,0.6833163441,1
2023-12-07,test,1,2024-01-08,0.6784585036,1
2023-12-08,test,1,2024-01-09,0.6804391957,1
2023-12-11,test,1,2024-01-10,0.6790345838,1
2023-12-12,test,1,2024-01-11,0.6799979428,1
2023-12-13,test,1,2024-01-12,0.6822501405,1
2023-12-14,test,1,2024-01-16,0.6744302106,1
2023-12-15,test,1,2024-01-17,0.6611284717,1
2023-12-18,test,1,2024-01-18,0.6580053625,1
2023-12-19,test,1,2024-01-19,0.6628040932,1
2023-12-20,test,1,2024-01-22,0.6539316111,1
2023-12-21,test,1,2024-01-23,0.6401760989,1
2023-12-22,test,1,2024-01-24,0.6457747384,1
2023-12-26,test,1,2024-01-25,0.6414242756,1
2023-12-27,test,1,2024-01-26,0.6378548756,1
2023-12-28,test,1,2024-01-29,0.6338241842,1
2023-12-29,test,1,2024-01-30,0.6404172683,1
2024-01-02,test,1,2024-01-31,0.6406217366,1
2024-01-03,test,1,2024-02-01,0.6477385518,1
2024-01-04,test,1,2024-02-02,0.6512969682,1
2024-01-05,test,1,2024-02-05,0.6498053434,1
2024-01-08,test,1,2024-02-06,0.6509419523,1
2024-01-09,test,1,2024-02-07,0.6543147634,1
2024-01-10,test,1,2024-02-08,0.6494420607,1
2024-01-11,test,1,2024-02-09,0.6621065395,1
2024-01-12,test,1,2024-02-12,0.6643529007,1
2024-01-16,test,1,2024-02-13,0.6467021609,1
2024-01-17,test,1,2024-02-14,0.6413123136,1
2024-01-18,test,1,2024-02-15,0.6190043088,1
2024-01-19,test,1,2024-02-16,0.6181696231,1
2024-01-22,test,1,2024-02-20,0.6259322033,1
2024-01-23,test,1,2024-02-21,0.6123622519,1
2024-01-24,test,1,2024-02-22,0.6017678611,1
2024-01-25,test,1,2024-02-23,0.5899747923,1
2024-01-26,test,1,2024-02-26,0.5974443109,1
2024-01-29,test,1,2024-02-27,0.5923260431,1
2024-01-30,test,1,2024-02-28,0.6020257431,1
2024-01-31,test,1,2024-02-29,0.6273106809,1
2024-02-01,test,1,2024-03-01,0.6082376575,1
2024-02-02,test,1,2024-03-04,0.6052766329,1
2024-02-05,test,1,2024-03-05,0.6085705875,1
2024-02-06,test,1,2024-03-06,0.6150801246,1
2024-02-07,test,1,2024-03-07,0.6120603698,1
2024-02-08,test,1,2024-03-08,0.6200040064,1
2024-02-09,test,1,2024-03-11,0.6113723334,1
2024-02-12,test,1,2024-03-12,0.6311527792,1
2024-02-13,test,1,2024-03-13,0.6396702055,1
2024-02-14,test,1,2024-03-14,0.6179965138,1
2024-02-15,test,1,2024-03-15,0.6229849164,1
2024-02-16,test,1,2024-03-18,0.637805836,1
2024-02-20,test,1,2024-03-19,0.6408324714,1
2024-02-21,test,1,2024-03-20,0.6498967493,1
2024-02-22,test,1,2024-03-21,0.6355660682,1
2024-02-23,test,1,2024-03-22,0.6423372335,1
2024-02-26,test,1,2024-03-25,0.6465514178,1
2024-02-27,test,1,2024-03-26,0.6513550492,1
2024-02-28,test,1,2024-03-27,0.6546463056,1
2024-02-29,test,1,2024-03-28,0.6414112155,1
2024-03-01,test,1,2024-04-01,0.6384630253,1
2024-03-04,test,1,2024-04-02,0.6477974818,1
2024-03-05,test,1,2024-04-03,0.6443489055,1
2024-03-06,test,1,2024-04-04,0.6437094231,1
2024-03-07,test,1,2024-04-05,0.6474350347,1
2024-03-08,test,1,2024-04-08,0.6545246252,1
2024-03-11,test,1,2024-04-09,0.6633888497,1
2024-03-12,test,0,2024-04-10,0.673380765,1
2024-03-13,test,1,2024-04-11,0.6746448135,1
2024-03-14,test,0,2024-04-12,0.6697664922,1
2024-03-15,test,0,2024-04-15,0.6847770837,1
2024-03-18,test,0,2024-04-16,0.676529515,1
2024-03-19,test,0,2024-04-17,0.6575926568,1
2024-03-20,test,0,2024-04-18,0.6605663508,1
2024-03-21,test,0,2024-04-19,0.6741310988,1
2024-03-22,test,0,2024-04-22,0.6870990849,1
2024-03-25,test,0,2024-04-23,0.6848917936,1
2024-03-26,test,0,2024-04-24,0.6828784278,1
2024-03-27,test,0,2024-04-25,0.6683034007,1
2024-03-28,test,0,2024-04-26,0.6661752009,1
2024-04-01,test,0,2024-04-29,0.6621674721,1
2024-04-02,test,0,2024-04-30,0.6625932517,1
2024-04-03,test,0,2024-05-01,0.6556547063,1
2024-04-04,test,0,2024-05-02,0.6707322653,1
2024-04-05,test,0,2024-05-03,0.6615013338,1
2024-04-08,test,0,2024-05-06,0.6697765106,1
2024-04-09,test,0,2024-05-07,0.670607,1
2024-04-10,test,1,2024-05-08,0.6824022574,1
2024-04-11,test,1,2024-05-09,0.6765770467,1
2024-04-12,test,1,2024-05-10,0.6790024194,1
2024-04-15,test,1,2024-05-13,0.6828895568,1
2024-04-16,test,1,2024-05-14,0.6892927098,1
2024-04-17,test,1,2024-05-15,0.7003946086,1
2024-04-18,test,1,2024-05-16,0.702010998,1
2024-04-19,test,1,2024-05-17,0.7153561942,1
2024-04-22,test,1,2024-05-20,0.7163951588,1
2024-04-23,test,1,2024-05-21,0.7109039848,1
2024-04-24,test,1,2024-05-22,0.7222166184,1
2024-04-25,test,1,2024-05-23,0.7313282814,1
2024-04-26,test,1,2024-05-24,0.7152277977,1
2024-04-29,test,1,2024-05-28,0.7159110221,1
2024-04-30,test,1,2024-05-29,0.7228669294,1
2024-05-01,test,1,2024-05-30,0.7164410532,1
2024-05-02,test,1,2024-05-31,0.7116619506,1
2024-05-03,test,1,2024-06-03,0.7144951467,1
2024-05-06,test,1,2024-06-04,0.7136959308,1
2024-05-07,test,1,2024-06-05,0.7245897735,1
2024-05-08,test,1,2024-06-06,0.7225280745,1
2024-05-09,test,1,2024-06-07,0.7070117193,1
2024-05-10,test,1,2024-06-10,0.7034810841,1
2024-05-13,test,1,2024-06-11,0.6993639744,1
2024-05-14,test,1,2024-06-12,0.690830052,1
2024-05-15,test,1,2024-06-13,0.6779738994,1
2024-05-16,test,1,2024-06-14,0.6823178097,1
2024-05-17,test,1,2024-06-17,0.6857747828,1
2024-05-20,test,1,2024-06-18,0.6871297638,1
2024-05-21,test,1,2024-06-20,0.6865603299,1
2024-05-22,test,1,2024-06-21,0.683465544,1
2024-05-23,test,1,2024-06-24,0.6870256801,1
2024-05-24,test,1,2024-06-25,0.6870168879,1
2024-05-28,test,1,2024-06-26,0.6947069366,1
2024-05-29,test,1,2024-06-27,0.6911796884,1
2024-05-30,test,1,2024-06-28,0.6838020898,1
2024-05-31,test,1,2024-07-01,0.6880069072,1
2024-06-03,test,1,2024-07-02,0.6976837154,1
2024-06-04,test,1,2024-07-03,0.6936975583,1
2024-06-05,test,1,2024-07-05,0.690093339,1
2024-06-06,test,1,2024-07-08,0.7069637502,1
2024-06-07,test,1,2024-07-09,0.7051084633,1
2024-06-10,test,1,2024-07-10,0.6996709554,1
2024-06-11,test,1,2024-07-11,0.6932892745,1
2024-06-12,test,1,2024-07-12,0.6871498538,1
2024-06-13,test,1,2024-07-15,0.698892132,1
2024-06-14,test,1,2024-07-16,0.7045894459,1
2024-06-17,test,1,2024-07-17,0.6987133599,1
2024-06-18,test,1,2024-07-18,0.6993832117,1
2024-06-20,test,1,2024-07-19,0.6981581222,1
2024-06-21,test,1,2024-07-22,0.6954248013,1
2024-06-24,test,1,2024-07-23,0.6988810862,1
2024-06-25,test,0,2024-07-24,0.696382679,1
2024-06-26,test,0,2024-07-25,0.6962484249,1
2024-06-27,test,0,2024-07-26,0.687595102,1
2024-06-28,test,1,2024-07-29,0.6905998833,1
2024-07-01,test,0,2024-07-30,0.6811059514,1
2024-07-02,test,1,2024-07-31,0.6806832882,1
2024-07-03,test,0,2024-08-01,0.6800864627,1
2024-07-05,test,0,2024-08-02,0.6850384884,1
2024-07-08,test,0,2024-08-05,0.6792345399,1
2024-07-09,test,0,2024-08-06,0.6829010902,1
2024-07-10,test,0,2024-08-07,0.6614850085,1
2024-07-11,test,0,2024-08-08,0.655600744,1
2024-07-12,test,0,2024-08-09,0.6446413077,1
2024-07-15,test,0,2024-08-12,0.6376103077,1
2024-07-16,test,0,2024-08-13,0.6320092236,1
2024-07-17,test,0,2024-08-14,0.6336919942,1
2024-07-18,test,1,2024-08-15,0.643214247,1
2024-07-19,test,1,2024-08-16,0.6483670407,1
2024-07-22,test,1,2024-08-19,0.6356315393,1
2024-07-23,test,1,2024-08-20,0.6330696729,1
2024-07-24,test,1,2024-08-21,0.6641237443,1
2024-07-25,test,1,2024-08-22,0.6635542283,1
2024-07-26,test,1,2024-08-23,0.6421858131,1
2024-07-29,test,1,2024-08-26,0.6381462969,1
2024-07-30,test,1,2024-08-27,0.6485140715,1
2024-07-31,test,1,2024-08-28,0.6582637298,1
2024-08-01,test,1,2024-08-29,0.6870749003,1
2024-08-02,test,1,2024-08-30,0.6948535303,1
2024-08-05,test,1,2024-09-03,0.7096584513,1
2024-08-06,test,1,2024-09-04,0.6992873089,1
2024-08-07,test,1,2024-09-05,0.7040118738,1
2024-08-08,test,1,2024-09-06,0.6910037203,1
2024-08-09,test,1,2024-09-09,0.7140322332,1
2024-08-12,test,1,2024-09-10,0.7369404373,1
2024-08-13,test,1,2024-09-11,0.7244935246,1
2024-08-14,test,1,2024-09-12,0.727689998,1
2024-08-15,test,1,2024-09-13,0.7085209768,1
2024-08-16,test,1,2024-09-16,0.7130861312,1
2024-08-19,test,1,2024-09-17,0.711705353,1
2024-08-20,test,1,2024-09-18,0.7018516533,1
2024-08-21,test,1,2024-09-19,0.6940023058,1
2024-08-22,test,1,2024-09-20,0.6907045293,1
2024-08-23,test,1,2024-09-23,0.6764737201,1
2024-08-26,test,1,2024-09-24,0.6757767837,1
2024-08-27,test,1,2024-09-25,0.6770728148,1
2024-08-28,test,1,2024-09-26,0.6856283961,1
2024-08-29,test,1,2024-09-27,0.6802168602,1
2024-08-30,test,1,2024-09-30,0.6701821925,1
2024-09-03,test,1,2024-10-01,0.6805783889,1
2024-09-04,test,1,2024-10-02,0.6745802754,1
2024-09-05,test,1,2024-10-03,0.6782948137,1
2024-09-06,test,1,2024-10-04,0.7025882745,1
2024-09-09,test,1,2024-10-07,0.6907989598,1
2024-09-10,test,1,2024-10-08,0.7036903007,1
2024-09-11,test,1,2024-10-09,0.7076254096,1
2024-09-12,test,1,2024-10-10,0.7151281173,1
2024-09-13,test,1,2024-10-11,0.7328166358,1
2024-09-16,test,1,2024-10-14,0.7261045444,1
2024-09-17,test,1,2024-10-15,0.7299715193,1
2024-09-18,test,1,2024-10-16,0.7248077853,1
2024-09-19,test,1,2024-10-17,0.7136191287,1
2024-09-20,test,1,2024-10-18,0.7196832846,1
2024-09-23,test,1,2024-10-21,0.7286397132,1
2024-09-24,test,1,2024-10-22,0.7248360631,1
2024-09-25,test,1,2024-10-23,0.7335415028,1
2024-09-26,test,1,2024-10-24,0.7277612646,1
2024-09-27,test,1,2024-10-25,0.7338646893,1
2024-09-30,test,1,2024-10-28,0.7361733761,1
2024-10-01,test,1,2024-10-29,0.7390209411,1
2024-10-02,test,1,2024-10-30,0.7358730755,1
2024-10-03,test,1,2024-10-31,0.7429368157,1
2024-10-04,test,0,2024-11-01,0.7274775355,1
2024-10-07,test,1,2024-11-04,0.7419614011,1
2024-10-08,test,1,2024-11-05,0.7385251577,1
2024-10-09,test,1,2024-11-06,0.7442649634,1
2024-10-10,test,1,2024-11-07,0.7412353337,1
2024-10-11,test,1,2024-11-08,0.728866061,1
2024-10-14,test,1,2024-11-11,0.7271413572,1
2024-10-15,test,1,2024-11-12,0.7368930026,1
2024-10-16,test,1,2024-11-13,0.7236322626,1
2024-10-17,test,1,2024-11-14,0.7152772771,1
2024-10-18,test,1,2024-11-15,0.7082123714,1
2024-10-21,test,1,2024-11-18,0.713131439,1
2024-10-22,test,1,2024-11-19,0.7205399557,1
2024-10-23,test,1,2024-11-20,0.7140443919,1
2024-10-24,test,1,2024-11-21,0.7178354917,1
2024-10-25,test,1,2024-11-22,0.7085835374,1
2024-10-28,test,1,2024-11-25,0.6952802216,1
2024-10-29,test,1,2024-11-26,0.6629971452,1
2024-10-30,test,1,2024-11-27,0.6745653468,1
2024-10-31,test,1,2024-11-29,0.6765054939,1
2024-11-01,test,1,2024-12-02,0.6808111646,1
2024-11-04,test,1,2024-12-03,0.6784649192,1
2024-11-05,test,1,2024-12-04,0.6709209048,1
2024-11-06,test,1,2024-12-05,0.6746242266,1
2024-11-07,test,1,2024-12-06,0.6920035457,1
2024-11-08,test,1,2024-12-09,0.7033277753,1
2024-11-11,test,1,2024-12-10,0.7123589693,1
2024-11-12,test,1,2024-12-11,0.7089477331,1
2024-11-13,test,1,2024-12-12,0.6959422715,1
2024-11-14,test,1,2024-12-13,0.6942880906,1
2024-11-15,test,1,2024-12-16,0.692202062,1
2024-11-18,test,1,2024-12-17,0.6899457606,1
2024-11-19,test,0,2024-12-18,0.688939975,1
2024-11-20,test,0,2024-12-19,0.6860302034,1
2024-11-21,test,0,2024-12-20,0.6829508226,1
2024-11-22,test,1,2024-12-23,0.6884944162,1
2024-11-25,test,1,2024-12-24,0.6929714097,1
2024-11-26,test,1,2024-12-26,0.6718872738,1
2024-11-27,test,0,2024-12-27,0.6728254529,1
2024-11-29,test,0,2024-12-30,0.6582830825,1
2024-12-02,test,0,2024-12-31,0.6412259139,1
2024-12-03,test,0,2025-01-02,0.646525141,1
2024-12-04,test,0,2025-01-03,0.6498541767,1
2024-12-05,test,0,2025-01-06,0.6779112766,1
2024-12-06,test,0,2025-01-07,0.6833620992,1
2024-12-09,test,0,2025-01-08,0.6892898896,1
2024-12-10,test,0,2025-01-10,0.6889736577,1
2024-12-11,test,0,2025-01-13,0.6776755231,1
2024-12-12,test,0,2025-01-14,0.6815337785,1
2024-12-13,test,0,2025-01-15,0.6839738164,1
2024-12-16,test,0,2025-01-16,0.6815874363,1
2024-12-17,test,0,2025-01-17,0.6908492789,1
2024-12-18,test,1,2025-01-21,0.705290564,1
2024-12-19,test,1,2025-01-22,0.6943810866,1
2024-12-20,test,1,2025-01-23,0.6951406866,1
2024-12-23,test,1,2025-01-24,0.6918114338,1
2024-12-24,test,0,2025-01-27,0.6938415669,1
2024-12-26,test,1,2025-01-28,0.7066878652,1
2024-12-27,test,1,2025-01-29,0.7119427092,1
2024-12-30,test,1,2025-01-30,0.7096921377,1
2024-12-31,test,1,2025-01-31,0.7116089748,1
2025-01-02,test,1,2025-02-03,0.7014175615,1
2025-01-03,test,1,2025-02-04,0.7024196197,1
2025-01-06,test,1,2025-02-05,0.7137276701,1
2025-01-07,test,1,2025-02-06,0.7273705238,1
2025-01-08,test,1,2025-02-07,0.7232009638,1
2025-01-10,test,1,2025-02-10,0.7380913048,1
2025-01-13,test,1,2025-02-11,0.7221903145,1
2025-01-14,test,1,2025-02-12,0.720644891,1
2025-01-15,test,1,2025-02-13,0.7164515291,1
2025-01-16,test,1,2025-02-14,0.7261317793,1
2025-01-17,test,1,2025-02-18,0.7257315908,1
2025-01-21,test,1,2025-02-19,0.7136938869,1
2025-01-22,test,1,2025-02-20,0.7024151817,1
2025-01-23,test,0,2025-02-21,0.6975852744,1
2025-01-24,test,0,2025-02-24,0.7042146136,1
2025-01-27,test,0,2025-02-25,0.7136257701,1
2025-01-28,test,0,2025-02-26,0.6990857609,1
2025-01-29,test,0,2025-02-27,0.6967265758,1
2025-01-30,test,0,2025-02-28,0.6664430157,1
2025-01-31,test,0,2025-03-03,0.6749677217,1
2025-02-03,test,0,2025-03-04,0.6845224171,1
2025-02-04,test,0,2025-03-05,0.6839161752,1
2025-02-05,test,0,2025-03-06,0.6990699788,1
2025-02-06,test,0,2025-03-07,0.6981768548,1
2025-02-07,test,0,2025-03-10,0.7106773741,1
2025-02-10,test,0,2025-03-11,0.7002078079,1
2025-02-11,test,0,2025-03-12,0.6969632094,1
2025-02-12,test,0,2025-03-13,0.6960658236,1
2025-02-13,test,0,2025-03-14,0.6907732198,1
2025-02-14,test,0,2025-03-17,0.6920315445,1
2025-02-18,test,0,2025-03-18,0.6912099297,1
2025-02-19,test,0,2025-03-19,0.6954103207,1
2025-02-20,test,0,2025-03-20,0.7039112254,1
2025-02-21,test,0,2025-03-21,0.7132377931,1
2025-02-24,test,0,2025-03-24,0.7099094577,1
2025-02-25,test,0,2025-03-25,0.7035275141,1
2025-02-26,test,0,2025-03-26,0.7074121695,1
2025-02-27,test,0,2025-03-27,0.71576837,1
2025-02-28,test,0,2025-03-28,0.7127793501,1
2025-03-03,test,0,2025-03-31,0.7312531152,1
2025-03-04,test,0,2025-04-01,0.7305993114,1
2025-03-05,test,0,2025-04-02,0.723754682,1
2025-03-06,test,0,2025-04-03,0.7459553394,1
2025-03-07,test,0,2025-04-04,0.7337003825,1
2025-03-10,test,0,2025-04-07,0.7502457137,1
2025-03-11,test,0,2025-04-08,0.7499614355,1
2025-03-12,test,0,2025-04-09,0.7453327976,1
2025-03-13,test,0,2025-04-10,0.7594472662,1
2025-03-14,test,0,2025-04-11,0.7441914427,1
2025-03-17,test,0,2025-04-14,0.7619758188,1
2025-03-18,test,0,2025-04-15,0.7729551054,1
2025-03-19,test,0,2025-04-16,0.7434226444,1
2025-03-20,test,0,2025-04-17,0.7527951041,1
2025-03-21,test,0,2025-04-21,0.7429210793,1
2025-03-24,test,0,2025-04-22,0.7329879655,1
2025-03-25,test,0,2025-04-23,0.7466238087,1
2025-03-26,test,0,2025-04-24,0.7496313122,1
2025-03-27,test,0,2025-04-25,0.7370926167,1
2025-03-28,test,0,2025-04-28,0.7463752156,1
2025-03-31,test,0,2025-04-29,0.7187193487,1
2025-04-01,test,0,2025-04-30,0.7123708245,1
2025-04-02,test,0,2025-05-01,0.727264903,1
2025-04-03,test,1,2025-05-02,0.7571459704,1
2025-04-04,test,1,2025-05-05,0.7763460769,1
2025-04-07,test,1,2025-05-06,0.7524825239,1
2025-04-08,test,1,2025-05-07,0.7452508272,1
2025-04-09,test,1,2025-05-08,0.6950553636,1
2025-04-10,test,1,2025-05-09,0.7676574698,1
2025-04-11,test,1,2025-05-12,0.7885091521,1
2025-04-14,test,1,2025-05-13,0.792580236,1
2025-04-15,test,1,2025-05-14,0.8060906005,1
2025-04-16,test,1,2025-05-15,0.7892606798,1
2025-04-17,test,1,2025-05-16,0.7965479277,1
2025-04-21,test,1,2025-05-19,0.803820791,1
2025-04-22,test,1,2025-05-20,0.7852612199,1
2025-04-23,test,1,2025-05-21,0.7830841886,1
2025-04-24,test,1,2025-05-22,0.7881064537,1
2025-04-25,test,1,2025-05-23,0.7869039017,1
2025-04-28,test,1,2025-05-27,0.7963746391,1
2025-04-29,test,1,2025-05-28,0.7835319374,1
2025-04-30,test,1,2025-05-29,0.7750278161,1
2025-05-01,test,1,2025-05-30,0.7676930761,1
2025-05-02,test,1,2025-06-02,0.7520561832,1
2025-05-05,test,1,2025-06-03,0.7462171208,1
2025-05-06,test,1,2025-06-04,0.7344962674,1
2025-05-07,test,1,2025-06-05,0.7240694081,1
2025-05-08,test,1,2025-06-06,0.769946372,1
2025-05-09,test,1,2025-06-09,0.7575530511,1
2025-05-12,test,1,2025-06-10,0.7531013395,1
2025-05-13,test,1,2025-06-11,0.7685574963,1
2025-05-14,test,1,2025-06-12,0.768480195,1
2025-05-15,test,1,2025-06-13,0.7601323531,1
2025-05-16,test,1,2025-06-16,0.7566846413,1
2025-05-19,test,1,2025-06-17,0.7257068752,1
2025-05-20,test,1,2025-06-18,0.7338879852,1
2025-05-21,test,1,2025-06-20,0.7427684114,1
2025-05-22,test,1,2025-06-23,0.7431313271,1
2025-05-23,test,1,2025-06-24,0.7357817755,1
2025-05-27,test,1,2025-06-25,0.7294603186,1
2025-05-28,test,1,2025-06-26,0.7338061607,1
2025-05-29,test,1,2025-06-27,0.7274740773,1
2025-05-30,test,1,2025-06-30,0.7384615833,1
2025-06-02,test,1,2025-07-01,0.7322457246,1
2025-06-03,test,1,2025-07-02,0.7246832412,1
2025-06-04,test,1,2025-07-03,0.7057951452,1
2025-06-05,test,1,2025-07-07,0.7020435867,1
2025-06-06,test,1,2025-07-08,0.6993104248,1
2025-06-09,test,1,2025-07-09,0.6871946263,1
2025-06-10,test,1,2025-07-10,0.7139651536,1
2025-06-11,test,1,2025-07-11,0.7273683136,1
2025-06-12,test,1,2025-07-14,0.7186622972,1
2025-06-13,test,1,2025-07-15,0.7306552352,1
2025-06-16,test,1,2025-07-16,0.7189886011,1
2025-06-17,test,1,2025-07-17,0.7249274353,1
2025-06-18,test,1,2025-07-18,0.7319758669,1
2025-06-20,test,1,2025-07-21,0.7284520663,1
2025-06-23,test,1,2025-07-22,0.7174535144,1
2025-06-24,test,1,2025-07-23,0.7064062112,1
2025-06-25,test,1,2025-07-24,0.7113288264,1
2025-06-26,test,1,2025-07-25,0.7094820599,1
2025-06-27,test,1,2025-07-28,0.714279756,1
2025-06-30,test,1,2025-07-29,0.7114386361,1
2025-07-01,test,1,2025-07-30,0.6655174273,1
2025-07-02,test,1,2025-07-31,0.5995120943,1
2025-07-03,test,0,2025-08-01,0.5842658393,1
2025-07-07,test,1,2025-08-04,0.5737904449,1
2025-07-08,test,1,2025-08-05,0.6160643344,1
2025-07-09,test,1,2025-08-06,0.5712530386,1
2025-07-10,test,1,2025-08-07,0.5856220613,1
2025-07-11,test,1,2025-08-08,0.5904131565,1
2025-07-14,test,1,2025-08-11,0.5878045269,1
2025-07-15,test,1,2025-08-12,0.5666912015,1
2025-07-16,test,1,2025-08-13,0.5629859972,1
2025-07-17,test,1,2025-08-14,0.5263545728,1
2025-07-18,test,1,2025-08-15,0.550500858,1
2025-07-21,test,1,2025-08-18,0.5629213392,1
2025-07-22,test,1,2025-08-19,0.5884495811,1
2025-07-23,test,1,2025-08-20,0.5929053379,1
2025-07-24,test,1,2025-08-21,0.5898428841,1
2025-07-25,test,1,2025-08-22,0.5966400898,1
2025-07-28,test,1,2025-08-25,0.6053045919,1
2025-07-29,test,1,2025-08-26,0.6161282624,1
2025-07-30,test,1,2025-08-27,0.6191865294,1
2025-07-31,test,1,2025-08-28,0.6179279825,1
2025-08-01,test,1,2025-08-29,0.623601197,1
2025-08-04,test,1,2025-09-02,0.6004732902,1
2025-08-05,test,1,2025-09-03,0.6205368522,1
2025-08-06,test,1,2025-09-04,0.6182163315,1
2025-08-07,test,1,2025-09-05,0.6500203961,1
2025-08-08,test,1,2025-09-08,0.6545081671,1
2025-08-11,test,1,2025-09-09,0.6545628954,1
2025-08-12,test,1,2025-09-10,0.6458430325,1
2025-08-13,test,1,2025-09-11,0.6495322772,1
2025-08-14,test,1,2025-09-12,0.6549975565,1
2025-08-15,test,1,2025-09-15,0.646085315,1
2025-08-18,test,1,2025-09-16,0.6298116588,1
2025-08-19,test,1,2025-09-17,0.6248099291,1
2025-08-20,test,1,2025-09-18,0.6204684684,1
2025-08-21,test,1,2025-09-19,0.6330892242,1
2025-08-22,test,1,2025-09-22,0.618474424,1
2025-08-25,test,1,2025-09-23,0.6317999402,1
2025-08-26,test,1,2025-09-24,0.6292563267,1
2025-08-27,test,1,2025-09-25,0.6329197926,1
2025-08-28,test,1,2025-09-26,0.636708319,1
2025-08-29,test,1,2025-09-29,0.6301297509,1
2025-09-02,test,1,2025-09-30,0.6411749456,1
2025-09-03,test,1,2025-10-01,0.6378060098,1
2025-09-04,test,1,2025-10-02,0.6362881897,1
2025-09-05,test,1,2025-10-03,0.6481169628,1
2025-09-08,test,1,2025-10-06,0.6502033918,1
2025-09-09,test,1,2025-10-07,0.6566459881,1
2025-09-10,test,1,2025-10-08,0.652932617,1
2025-09-11,test,1,2025-10-09,0.6504075957,1
2025-09-12,test,0,2025-10-10,0.6470980161,1
2025-09-15,test,1,2025-10-13,0.6385609177,1
2025-09-16,test,1,2025-10-14,0.6361705585,1
2025-09-17,test,1,2025-10-15,0.6401145504,1
2025-09-18,test,1,2025-10-16,0.6387610746,1
2025-09-19,test,1,2025-10-17,0.6373303671,1
2025-09-22,test,1,2025-10-20,0.6490018522,1
2025-09-23,test,1,2025-10-21,0.6544530158,1
2025-09-24,test,1,2025-10-22,0.6621385842,1
2025-09-25,test,1,2025-10-23,0.6627216133,1
2025-09-26,test,1,2025-10-24,0.660402015,1
2025-09-29,test,1,2025-10-27,0.6638133062,1
2025-09-30,test,1,2025-10-28,0.6558252096,1
2025-10-01,test,1,2025-10-29,0.6571993724,1
2025-10-02,test,1,2025-10-30,0.668892933,1
2025-10-03,test,1,2025-10-31,0.6692288981,1
2025-10-06,test,1,2025-11-03,0.6628276049,1
2025-10-07,test,1,2025-11-04,0.6673924511,1
2025-10-08,test,1,2025-11-05,0.6539162204,1
2025-10-09,test,0,2025-11-06,0.6655235536,1
2025-10-10,test,1,2025-11-07,0.6837315456,1
2025-10-13,test,1,2025-11-10,0.6597238672,1
2025-10-14,test,1,2025-11-11,0.6700941574,1
2025-10-15,test,1,2025-11-12,0.6606995828,1
2025-10-16,test,1,2025-11-13,0.6739721383,1
2025-10-17,test,1,2025-11-14,0.6849927398,1
2025-10-20,test,0,2025-11-17,0.6759621423,1
2025-10-21,test,0,2025-11-18,0.6785091865,1
2025-10-22,test,0,2025-11-19,0.6732323322,1
2025-10-23,test,0,2025-11-20,0.6678325913,1
2025-10-24,test,0,2025-11-21,0.6614918341,1
2025-10-27,test,0,2025-11-24,0.6389742578,1
2025-10-28,test,0,2025-11-25,0.6536981275,1
2025-10-29,test,0,2025-11-26,0.6539252463,1
2025-10-30,test,1,2025-11-28,0.6635220571,1
2025-10-31,test,0,2025-12-01,0.6507433162,1
2025-11-03,test,0,2025-12-02,0.651748906,1
2025-11-04,test,1,2025-12-03,0.6605132755,1
2025-11-05,test,1,2025-12-04,0.6622332725,1
2025-11-06,test,1,2025-12-05,0.6780370304,1
2025-11-07,test,1,2025-12-08,0.6631159408,1
2025-11-10,test,1,2025-12-09,0.6534106727,1
2025-11-11,test,1,2025-12-10,0.6626184979,1
2025-11-12,test,1,2025-12-11,0.658004653,1
2025-11-13,test,1,2025-12-12,0.6707304143,1
2025-11-14,test,1,2025-12-15,0.6626453934,1
2025-11-17,test,1,2025-12-16,0.6759329561,1
2025-11-18,test,1,2025-12-17,0.6743776375,1
2025-11-19,test,1,2025-12-18,0.6714894068,1
2025-11-20,test,1,2025-12-19,0.6947685457,1
2025-11-21,test,1,2025-12-22,0.687554848,1
2025-11-24,test,1,2025-12-23,0.6878388371,1
2025-11-25,test,1,2025-12-24,0.6869342398,1
2025-11-26,test,1,2025-12-26,0.6873160216,1
2025-11-28,test,1,2025-12-29,0.6957434556,1
2025-12-01,test,1,2025-12-30,0.6939212085,1
2025-12-02,test,1,2025-12-31,0.6868480511,1
2025-12-03,test,1,2026-01-02,0.6775119082,1
2025-12-04,test,1,2026-01-05,0.6773096806,1
2025-12-05,test,1,2026-01-06,0.6754793907,1
2025-12-08,test,1,2026-01-07,0.6795006865,1
2025-12-09,test,1,2026-01-08,0.6896680028,1
2025-12-10,test,1,2026-01-09,0.6845687198,1
2025-12-11,test,1,2026-01-12,0.6878581484,1
2025-12-12,test,1,2026-01-13,0.6935563374,1
2025-12-15,test,1,2026-01-14,0.6930687079,1
2025-12-16,test,1,2026-01-15,0.6962189533,1
2025-12-17,test,1,2026-01-16,0.6929689808,1
2025-12-18,test,1,2026-01-20,0.6826085453,1
2025-12-19,test,1,2026-01-21,0.6786478824,1
2025-12-22,test,1,2026-01-22,0.6931133331,1
2025-12-23,test,1,2026-01-23,0.7038884139,1
2025-12-24,test,1,2026-01-26,0.7133451877,1
2025-12-26,test,1,2026-01-27,0.7147049319,1
2025-12-29,test,1,2026-01-28,0.7136739933,1
2025-12-30,test,1,2026-01-29,0.7079909741,1
2025-12-31,test,1,2026-01-30,0.7139072685,1
2026-01-02,test,1,2026-02-02,0.7093032996,1
2026-01-05,test,1,2026-02-03,0.7113534608,1
2026-01-06,test,0,2026-02-04,0.7113985702,1
2026-01-07,test,0,2026-02-05,0.6884445991,1
2026-01-08,test,1,2026-02-06,0.6978093984,1
2026-01-09,test,0,2026-02-09,0.6948071373,1
2026-01-12,test,0,2026-02-10,0.6942881376,1
2026-01-13,test,0,2026-02-11,0.6881318308,1
2026-01-14,test,0,2026-02-12,0.6941519955,1
2026-01-15,test,0,2026-02-13,0.6947318596,1
2026-01-16,test,0,2026-02-17,0.6854718006,1
2026-01-20,test,1,2026-02-18,0.692755685,1
2026-01-21,test,0,2026-02-19,0.6832473284,1
2026-01-22,test,1,2026-02-20,0.6930114695,1
2026-01-23,test,0,2026-02-23,0.7009869798,1
2026-01-26,test,0,2026-02-24,0.7004218098,1
2026-01-27,test,0,2026-02-25,0.7109022255,1
2026-01-28,test,0,2026-02-26,0.699984457,1
2026-01-29,test,0,2026-02-27,0.6986092931,1
2026-01-30,test,0,2026-03-02,0.6991110646,1
2026-02-02,test,0,2026-03-03,0.6818977392,1
2026-02-03,test,0,2026-03-04,0.6923172951,1
2026-02-04,test,0,2026-03-05,0.6871751325,1
2026-02-05,test,0,2026-03-06,0.6920016634,1
2026-02-06,test,0,2026-03-09,0.6838405947,1
2026-02-09,test,0,2026-03-10,0.6902037876,1
2026-02-10,test,0,2026-03-11,0.7012722444,1
2026-02-11,test,0,2026-03-12,0.6866972073,1
2026-02-12,test,0,2026-03-13,0.7003835425,1
2026-02-13,test,0,2026-03-16,0.6779436713,1
2026-02-17,test,0,2026-03-17,0.6658249681,1
2026-02-18,test,0,2026-03-18,0.6615896412,1
2026-02-19,test,0,2026-03-19,0.6565771886,1
2026-02-20,test,0,2026-03-20,0.666917711,1
2026-02-23,test,0,2026-03-23,0.6865600658,1
2026-02-24,test,0,2026-03-24,0.687774271,1
2026-02-25,test,0,2026-03-25,0.6905808234,1
2026-02-26,test,0,2026-03-26,0.703261964,1
2026-02-27,test,0,2026-03-27,0.6960938899,1
2026-03-02,test,0,2026-03-30,0.7019586644,1
2026-03-03,test,0,2026-03-31,0.7059938899,1
2026-03-04,test,0,2026-04-01,0.6954053678,1
2026-03-05,test,0,2026-04-02,0.7058907397,1
2026-03-06,test,0,2026-04-06,0.7059426449,1
2026-03-09,test,0,2026-04-07,0.7078983696,1
2026-03-10,test,1,2026-04-08,0.7216334021,1
2026-03-11,test,1,2026-04-09,0.7231710402,1
2026-03-12,test,1,2026-04-10,0.7281818021,1
2026-03-13,test,1,2026-04-13,0.7265520904,1
2026-03-16,test,1,2026-04-14,0.7152097704,1
2026-03-17,test,1,2026-04-15,0.7073673268,1
2026-03-18,test,1,2026-04-16,0.7226245396,1
2026-03-19,test,1,2026-04-17,0.7318234153,1
2026-03-20,test,1,2026-04-20,0.7459814652,1
2026-03-23,test,1,2026-04-21,0.7306754034,1
2026-03-24,test,1,2026-04-22,0.7408456819,1
2026-03-25,test,1,2026-04-23,0.743693685,1
2026-03-26,test,1,2026-04-24,0.7517490874,1
2026-03-27,test,1,2026-04-27,0.7596607023,1
2026-03-30,test,1,2026-04-28,0.7470336989,1
2026-03-31,test,1,2026-04-29,0.7333615351,1
2026-04-01,test,1,2026-04-30,0.7426799224,1
2026-04-02,test,1,2026-05-01,0.7536589433,1
2026-04-06,test,1,2026-05-04,0.7532659607,1
2026-04-07,test,1,2026-05-05,0.7666504675,1
2026-04-08,test,1,2026-05-06,0.756380318,1
2026-04-09,test,1,2026-05-07,0.7605955825,1
2026-04-10,test,1,2026-05-08,0.7596367446,1
2026-04-13,test,1,2026-05-11,0.729096637,1
2026-04-14,test,1,2026-05-12,0.7382890576,1
2026-04-15,test,1,2026-05-13,0.7236412648,1
2026-04-16,test,1,2026-05-14,0.7000277163,1
2026-04-17,test,1,2026-05-15,0.7007841763,1
2026-04-20,test,1,2026-05-18,0.7051113029,1
2026-04-21,test,1,2026-05-19,0.7049392415,1
2026-04-22,test,1,2026-05-20,0.6988344687,1
2026-04-23,test,1,2026-05-21,0.7021484958,1
2026-04-24,test,1,2026-05-22,0.6815296938,1
2026-04-27,test,1,2026-05-26,0.6740304053,1
2026-04-28,test,1,2026-05-27,0.6751009328,1
2026-04-29,test,1,2026-05-28,0.6871383479,1
2026-04-30,test,1,2026-05-29,0.6780007829,1
2026-05-01,test,1,2026-06-01,0.6722973347,1
2026-05-04,test,1,2026-06-02,0.6645450666,1
2026-05-05,test,1,2026-06-03,0.6693452563,1
2026-05-06,test,1,2026-06-04,0.6824644909,1
2026-05-07,test,1,2026-06-05,0.687357044,1
2026-05-08,test,1,2026-06-08,0.6784276421,1
2026-05-11,test,0,2026-06-09,0.6718698419,1
2026-05-12,test,0,2026-06-10,0.6761383055,1
2026-05-13,test,0,2026-06-11,0.6623806879,1
2026-05-14,test,0,2026-06-12,0.6642174244,1
2026-05-15,test,1,2026-06-15,0.6742793724,1
2026-05-18,test,1,2026-06-16,0.6715596904,1
2026-05-19,test,1,2026-06-17,0.6632829037,1
2026-05-20,test,1,2026-06-18,0.6601060086,1
2026-05-21,test,1,2026-06-22,0.6648189727,1
2026-05-22,test,0,2026-06-23,0.6715076601,1
2026-05-26,test,0,2026-06-24,0.6661695668,1
2026-05-27,test,0,2026-06-25,0.6726497844,1
2026-05-28,test,0,2026-06-26,0.6511172418,1
2026-05-29,test,0,2026-06-29,0.6621855654,1
2026-06-01,test,0,2026-06-30,0.6552702929,1
2026-06-02,test,0,2026-07-01,0.6384032928,1
2026-06-03,test,0,2026-07-02,0.6527268656,1
2026-06-04,test,0,2026-07-06,0.648424865,1
2026-06-05,test,1,2026-07-07,0.663604036,1
2026-06-08,test,1,2026-07-08,0.6399224252,1
2026-06-09,test,1,2026-07-09,0.6371448199,1
2026-06-10,test,1,2026-07-10,0.6583960587,1
2026-06-11,test,1,2026-07-13,0.6415149254,1
2026-06-12,test,1,2026-07-14,0.6505338933,1
2026-06-15,test,1,2026-07-15,0.6318364136,1
2026-06-16,test,1,2026-07-16,0.634187913,1
2026-06-17,test,1,2026-07-17,0.6537509385,1
2026-06-18,test,0,2026-07-20,0.6363928506,1
2026-06-22,test,1,2026-07-21,0.6457446384,1
2026-06-23,test,1,2026-07-22,0.6320991666,1
2026-06-24,test,1,2026-07-23,0.6129521801,1
2026-06-25,test,1,2026-07-24,0.6147303717,1
2026-06-26,test,1,2026-07-27,0.6351782156,1
2026-06-29,test,0,2026-07-28,0.627564229,1
2026-06-30,test,0,2026-07-29,0.6369686386,1
2026-07-01,test,0,2026-07-30,0.6463890908,1
2026-07-02,test,1,2026-07-31,0.6442213107,1
2026-07-06,test,1,2026-08-03,0.6573300717,1
2026-07-07,test,1,2026-08-04,0.6524525886,1
2026-07-08,test,1,2026-08-05,0.6493560606,1
2026-07-09,test,1,2026-08-06,0.6489515391,1
2026-07-10,test,1,2026-08-07,0.6517011383,1
2026-07-13,test,1,2026-08-10,0.6670936742,1
2026-07-14,test,1,2026-08-11,0.6687861791,1
2026-07-15,test,1,2026-08-12,0.6849066118,1
2026-07-16,test,1,2026-08-13,0.6825410089,1
2026-07-17,test,1,2026-08-14,0.6742127317,1
2026-07-20,test,1,2026-08-17,0.6835582992,1
2026-07-21,test,1,2026-08-18,0.6703079861,1
2026-07-22,test,1,2026-08-19,0.6730086291,1
2026-07-23,test,1,2026-08-20,0.6830453027,1
2026-07-24,test,1,2026-08-21,0.6749519714,1
2026-07-27,test,1,2026-08-24,0.6737125251,1
2026-07-28,test,1,2026-08-25,0.6824021608,1
2026-07-29,test,1,2026-08-26,0.6989179712,1
2026-07-30,test,1,2026-08-27,0.684269565,1
2026-07-31,test,1,2026-08-28,0.6911573014,1
2026-08-03,test,1,2026-08-31,0.6980625932,1
2026-08-04,test,0,2026-09-01,0.6911920564,1
2026-08-05,test,0,2026-09-02,0.7090345851,1
2026-08-06,test,1,2026-09-03,0.7066983856,1
2026-08-07,test,0,2026-09-04,0.698113888,1
2026-08-10,test,0,2026-09-08,0.694999337,1
2026-08-11,test,0,2026-09-09,0.6929114435,1
2026-08-12,test,0,2026-09-10,0.6833263624,1
2026-08-13,test,0,2026-09-11,0.6761990575,1
2026-08-14,test,0,2026-09-14,0.6684828945,1
2026-08-17,test,0,2026-09-15,0.6768916924,1
2026-08-18,test,0,2026-09-16,0.6859032606,1
2026-08-19,test,0,2026-09-17,0.6831135867,1
2026-08-20,test,1,2026-09-18,0.6881675988,1
2026-08-21,test,1,2026-09-21,0.6841639186,1
2026-08-24,test,,,0.6947678905,1
2026-08-25,test,,,0.6943601642,1
2026-08-26,test,,,0.6934831863,1
2026-08-27,test,,,0.7025604524,1
2026-08-28,test,,,0.7018285839,1
2026-08-31,test,,,0.7128449432,1
2026-09-01,test,,,0.7029633807,1
2026-09-02,test,,,0.7001160969,1
2026-09-03,test,,,0.6885368644,1
2026-09-04,test,,,0.6840970422,1
2026-09-08,test,,,0.698025229,1
2026-09-09,test,,,0.7038406796,1
2026-09-10,test,,,0.7144483233,1
2026-09-11,test,,,0.7003826225,1
2026-09-14,test,,,0.6971055268,1
2026-09-15,test,,,0.7055146292,1
2026-09-16,test,,,0.7042048737,1
2026-09-17,test,,,0.6879267638,1
2026-09-18,test,,,0.6854103145,1
2026-09-21,test,,,0.678013805,1
