date,segment,y_true,label_end,score,invest
2011-09-08,train,0,2011-10-06,0.8752011687,1
2011-09-09,train,1,2011-10-07,0.9148854271,1
2011-09-12,train,1,2011-10-10,0.9068673205,1
2011-09-13,train,1,2011-10-11,0.9043727722,1
2011-09-14,train,1,2011-10-12,0.8765290724,1
2011-09-15,train,0,2011-10-13,0.85918546,1
2011-09-16,train,1,2011-10-14,0.8657012503,1
2011-09-19,train,0,2011-10-17,0.8573867285,1
2011-09-20,train,1,2011-10-18,0.8445227449,1
2011-09-21,train,1,2011-10-19,0.8987327993,1
2011-09-22,train,1,2011-10-20,0.9567870219,1
2011-09-23,train,1,2011-10-21,0.9482425444,1
2011-09-26,train,1,2011-10-24,0.8774802209,1
2011-09-27,train,1,2011-10-25,0.8949813819,1
2011-09-28,train,1,2011-10-26,0.9302286908,1
2011-09-29,train,1,2011-10-27,0.9349034968,1
2011-09-30,train,1,2011-10-28,0.974165839,1
2011-10-03,train,1,2011-10-31,0.979266459,1
2011-10-04,train,1,2011-11-01,0.9626499408,1
2011-10-05,train,1,2011-11-02,0.9603283207,1
2011-10-06,train,1,2011-11-03,0.9080409895,1
2011-10-07,train,1,2011-11-04,0.9298610182,1
2011-10-10,train,1,2011-11-07,0.9026229669,1
2011-10-11,train,1,2011-11-08,0.9036057582,1
2011-10-12,train,1,2011-11-09,0.8964188008,1
2011-10-13,train,1,2011-11-10,0.8898295659,1
2011-10-14,train,1,2011-11-11,0.8739313315,1
2011-10-17,train,1,2011-11-14,0.8858735421,1
2011-10-18,train,1,2011-11-15,0.8402499185,1
2011-10-19,train,1,2011-11-16,0.8556049113,1
2011-10-20,train,1,2011-11-17,0.8228786203,1
2011-10-21,train,0,2011-11-18,0.7563522996,1
2011-10-24,train,0,2011-11-21,0.7443954607,1
2011-10-25,train,0,2011-11-22,0.7883905307,1
2011-10-26,train,0,2011-11-23,0.7547767501,1
2011-10-27,train,0,2011-11-25,0.8174953082,1
2011-10-28,train,0,2011-11-28,0.7933932907,1
2011-10-31,train,0,2011-11-29,0.6631996446,1
2011-11-01,train,1,2011-11-30,0.7037928118,1
2011-11-02,train,1,2011-12-01,0.6534359052,1
2011-11-03,train,0,2011-12-02,0.4979065989,0
2011-11-04,train,1,2011-12-05,0.5812317545,1
2011-11-07,train,1,2011-12-06,0.613140703,1
2011-11-08,train,0,2011-12-07,0.7949005515,1
2011-11-09,train,1,2011-12-08,0.6990669323,1
2011-11-10,train,1,2011-12-09,0.6048511246,1
2011-11-11,train,0,2011-12-12,0.6983976396,1
2011-11-14,train,0,2011-12-13,0.4907934004,0
2011-11-15,train,0,2011-12-14,0.4505213503,0
2011-11-16,train,0,2011-12-15,0.6199039281,1
2011-11-17,train,1,2011-12-16,0.7010120977,1
2011-11-18,train,0,2011-12-19,0.6792043197,1
2011-11-21,train,1,2011-12-20,0.7521154042,1
2011-11-22,train,1,2011-12-21,0.7870235324,1
2011-11-23,train,1,2011-12-22,0.8280695268,1
2011-11-25,train,1,2011-12-23,0.8503218408,1
2011-11-28,train,1,2011-12-27,0.7579752337,1
2011-11-29,train,1,2011-12-28,0.7548619827,1
2011-11-30,train,1,2011-12-29,0.6194777857,1
2011-12-01,train,1,2011-12-30,0.7160749619,1
2011-12-02,train,1,2012-01-03,0.7297941212,1
2011-12-05,train,1,2012-01-04,0.799414503,1
2011-12-06,train,1,2012-01-05,0.8171393393,1
2011-12-07,train,1,2012-01-06,0.7843503369,1
2011-12-08,train,1,2012-01-09,0.6975168908,1
2011-12-09,train,1,2012-01-10,0.8160312962,1
2011-12-12,train,1,2012-01-11,0.7098405417,1
2011-12-13,train,1,2012-01-12,0.7306313816,1
2011-12-14,train,1,2012-01-13,0.7545914372,1
2011-12-15,train,1,2012-01-17,0.7235193858,1
2011-12-16,train,1,2012-01-18,0.6965610317,1
2011-12-19,train,1,2012-01-19,0.7413049226,1
2011-12-20,train,1,2012-01-20,0.6673477759,1
2011-12-21,train,1,2012-01-23,0.6779961484,1
2011-12-22,train,1,2012-01-24,0.8068958779,1
2011-12-23,train,1,2012-01-25,0.7848523599,1
2011-12-27,train,1,2012-01-26,0.7962982668,1
2011-12-28,train,1,2012-01-27,0.7580423902,1
2011-12-29,train,1,2012-01-30,0.7814008988,1
2011-12-30,train,1,2012-01-31,0.8200850959,1
2012-01-03,train,1,2012-02-01,0.7820462198,1
2012-01-04,train,1,2012-02-02,0.7833719239,1
2012-01-05,train,1,2012-02-03,0.8008168566,1
2012-01-06,train,1,2012-02-06,0.7987162594,1
2012-01-09,train,1,2012-02-07,0.7955475242,1
2012-01-10,train,1,2012-02-08,0.7754231038,1
2012-01-11,train,1,2012-02-09,0.7908533629,1
2012-01-12,train,1,2012-02-10,0.7723598656,1
2012-01-13,train,1,2012-02-13,0.794988771,1
2012-01-17,train,1,2012-02-14,0.7846195735,1
2012-01-18,train,1,2012-02-15,0.7496239624,1
2012-01-19,train,1,2012-02-16,0.7550875266,1
2012-01-20,train,1,2012-02-17,0.7904716481,1
2012-01-23,train,1,2012-02-21,0.7679711151,1
2012-01-24,train,1,2012-02-22,0.7624479525,1
2012-01-25,train,1,2012-02-23,0.7543484313,1
2012-01-26,train,1,2012-02-24,0.7740631322,1
2012-01-27,train,1,2012-02-27,0.7730450226,1
2012-01-30,train,1,2012-02-28,0.752195663,1
2012-01-31,train,1,2012-02-29,0.7721290221,1
2012-02-01,train,1,2012-03-01,0.7603200306,1
2012-02-02,train,1,2012-03-02,0.7697277532,1
2012-02-03,train,1,2012-03-05,0.7332642031,1
2012-02-06,train,1,2012-03-06,0.5915803793,1
2012-02-07,train,1,2012-03-07,0.5582692817,1
2012-02-08,train,1,2012-03-08,0.5594566341,1
2012-02-09,train,1,2012-03-09,0.5728510429,1
2012-02-10,train,1,2012-03-12,0.5671384252,1
2012-02-13,train,1,2012-03-13,0.5517687717,1
2012-02-14,train,1,2012-03-14,0.533554262,1
2012-02-15,train,1,2012-03-15,0.5422936458,1
2012-02-16,train,1,2012-03-16,0.4970820755,0
2012-02-17,train,1,2012-03-19,0.5011072535,1
2012-02-21,train,1,2012-03-20,0.4829304839,0
2012-02-22,train,1,2012-03-21,0.4882907093,0
2012-02-23,train,1,2012-03-22,0.473990966,0
2012-02-24,train,1,2012-03-23,0.4928874801,0
2012-02-27,train,1,2012-03-26,0.47972128,0
2012-02-28,train,1,2012-03-27,0.5176606661,1
2012-02-29,train,1,2012-03-28,0.5566085055,1
2012-03-01,train,1,2012-03-29,0.5267017438,1
2012-03-02,train,1,2012-03-30,0.5414210171,1
2012-03-05,train,1,2012-04-02,0.576456374,1
2012-03-06,train,1,2012-04-03,0.6100325775,1
2012-03-07,train,1,2012-04-04,0.5621641166,1
2012-03-08,train,1,2012-04-05,0.5534555763,1
2012-03-09,train,1,2012-04-09,0.539872141,1
2012-03-12,train,0,2012-04-10,0.5302031286,1
2012-03-13,train,0,2012-04-11,0.4781702074,0
2012-03-14,train,0,2012-04-12,0.4814857388,0
2012-03-15,train,0,2012-04-13,0.4505593068,0
2012-03-16,train,0,2012-04-16,0.448096082,0
2012-03-19,train,0,2012-04-17,0.4664613697,0
2012-03-20,train,0,2012-04-18,0.4717720511,0
2012-03-21,train,0,2012-04-19,0.4825422806,0
2012-03-22,train,0,2012-04-20,0.5167199848,1
2012-03-23,train,0,2012-04-23,0.5086029988,1
2012-03-26,train,0,2012-04-24,0.4385316953,0
2012-03-27,train,0,2012-04-25,0.4731340645,0
2012-03-28,train,0,2012-04-26,0.4670625731,0
2012-03-29,train,1,2012-04-27,0.5238026212,1
2012-03-30,train,0,2012-04-30,0.5099700237,1
2012-04-02,train,0,2012-05-01,0.491917971,0
2012-04-03,train,0,2012-05-02,0.5173868852,1
2012-04-04,train,0,2012-05-03,0.557851958,1
2012-04-05,train,0,2012-05-04,0.5557027538,1
2012-04-09,train,0,2012-05-07,0.6145371832,1
2012-04-10,train,1,2012-05-08,0.6562284362,1
2012-04-11,train,0,2012-05-09,0.6393475671,1
2012-04-12,train,0,2012-05-10,0.5894336455,1
2012-04-13,train,0,2012-05-11,0.6634763502,1
2012-04-16,train,0,2012-05-14,0.685732865,1
2012-04-17,train,0,2012-05-15,0.6439701957,1
2012-04-18,train,0,2012-05-16,0.6460787683,1
2012-04-19,train,0,2012-05-17,0.6672929108,1
2012-04-20,train,0,2012-05-18,0.6713796995,1
2012-04-23,train,0,2012-05-21,0.690982389,1
2012-04-24,train,0,2012-05-22,0.652508871,1
2012-04-25,train,0,2012-05-23,0.5897181797,1
2012-04-26,train,0,2012-05-24,0.5767872904,1
2012-04-27,train,0,2012-05-25,0.5534674571,1
2012-04-30,train,0,2012-05-29,0.583629148,1
2012-05-01,train,0,2012-05-30,0.5677500483,1
2012-05-02,train,0,2012-05-31,0.5673850418,1
2012-05-03,train,0,2012-06-01,0.5837795543,1
2012-05-04,train,0,2012-06-04,0.6320611775,1
2012-05-07,train,0,2012-06-05,0.6314820075,1
2012-05-08,train,0,2012-06-06,0.6351131687,1
2012-05-09,train,0,2012-06-07,0.6619766612,1
2012-05-10,train,0,2012-06-08,0.6720678941,1
2012-05-11,train,0,2012-06-11,0.6789762841,1
2012-05-14,train,0,2012-06-12,0.7088602709,1
2012-05-15,train,0,2012-06-13,0.7404730166,1
2012-05-16,train,1,2012-06-14,0.7493825536,1
2012-05-17,train,1,2012-06-15,0.7762985588,1
2012-05-18,train,1,2012-06-18,0.7998376489,1
2012-05-21,train,1,2012-06-19,0.7462987041,1
2012-05-22,train,1,2012-06-20,0.7588055168,1
2012-05-23,train,1,2012-06-21,0.7737186978,1
2012-05-24,train,1,2012-06-22,0.7757043173,1
2012-05-25,train,0,2012-06-25,0.7962604841,1
2012-05-29,train,0,2012-06-26,0.7477912815,1
2012-05-30,train,1,2012-06-27,0.7920808863,1
2012-05-31,train,1,2012-06-28,0.7963778023,1
2012-06-01,train,1,2012-06-29,0.8503953783,1
2012-06-04,train,1,2012-07-02,0.8430406316,1
2012-06-05,train,1,2012-07-03,0.8236179518,1
2012-06-06,train,1,2012-07-05,0.7695542363,1
2012-06-07,train,1,2012-07-06,0.80257031,1
2012-06-08,train,1,2012-07-09,0.8007388307,1
2012-06-11,train,1,2012-07-10,0.8363173271,1
2012-06-12,train,1,2012-07-11,0.7907209571,1
2012-06-13,train,1,2012-07-12,0.7921677757,1
2012-06-14,train,1,2012-07-13,0.7633269961,1
2012-06-15,train,1,2012-07-16,0.7395406174,1
2012-06-18,train,1,2012-07-17,0.7460316025,1
2012-06-19,train,1,2012-07-18,0.7116751106,1
2012-06-20,train,1,2012-07-19,0.742580608,1
2012-06-21,train,1,2012-07-20,0.7865056453,1
2012-06-22,train,1,2012-07-23,0.7467712907,1
2012-06-25,train,1,2012-07-24,0.7865135929,1
2012-06-26,train,1,2012-07-25,0.7626871059,1
2012-06-27,train,1,2012-07-26,0.740057762,1
2012-06-28,train,1,2012-07-27,0.7783805085,1
2012-06-29,train,1,2012-07-30,0.6898473275,1
2012-07-02,train,1,2012-07-31,0.7230012991,1
2012-07-03,train,1,2012-08-01,0.6867866415,1
2012-07-05,train,0,2012-08-02,0.6914508847,1
2012-07-06,train,1,2012-08-03,0.7238626838,1
2012-07-09,train,1,2012-08-06,0.7058810796,1
2012-07-10,train,1,2012-08-07,0.7305760335,1
2012-07-11,train,1,2012-08-08,0.7175692563,1
2012-07-12,train,1,2012-08-09,0.7479365816,1
2012-07-13,train,1,2012-08-10,0.6847883928,1
2012-07-16,train,1,2012-08-13,0.7053039935,1
2012-07-17,train,1,2012-08-14,0.686716369,1
2012-07-18,train,1,2012-08-15,0.6662680591,1
2012-07-19,train,1,2012-08-16,0.6828773769,1
2012-07-20,train,1,2012-08-17,0.7110698972,1
2012-07-23,train,1,2012-08-20,0.7391522668,1
2012-07-24,train,1,2012-08-21,0.7494195906,1
2012-07-25,train,1,2012-08-22,0.7449240612,1
2012-07-26,train,1,2012-08-23,0.7076345877,1
2012-07-27,train,1,2012-08-24,0.6539637598,1
2012-07-30,train,1,2012-08-27,0.6957810015,1
2012-07-31,train,1,2012-08-28,0.7216927942,1
2012-08-01,train,1,2012-08-29,0.7190351006,1
2012-08-02,train,1,2012-08-30,0.7242976938,1
2012-08-03,train,1,2012-08-31,0.627448086,1
2012-08-06,train,1,2012-09-04,0.6424591939,1
2012-08-07,train,1,2012-09-05,0.636144661,1
2012-08-08,train,1,2012-09-06,0.6333070113,1
2012-08-09,train,1,2012-09-07,0.6423762091,1
2012-08-10,train,1,2012-09-10,0.6291184931,1
2012-08-13,train,1,2012-09-11,0.6069242263,1
2012-08-14,train,1,2012-09-12,0.5930697541,1
2012-08-15,train,1,2012-09-13,0.6046531955,1
2012-08-16,train,1,2012-09-14,0.6059547454,1
2012-08-17,train,1,2012-09-17,0.6101310577,1
2012-08-20,train,1,2012-09-18,0.6262735682,1
2012-08-21,train,1,2012-09-19,0.640973325,1
2012-08-22,train,1,2012-09-20,0.6437335112,1
2012-08-23,train,1,2012-09-21,0.6689917538,1
2012-08-24,train,1,2012-09-24,0.6289473874,1
2012-08-27,train,1,2012-09-25,0.5983106503,1
2012-08-28,train,1,2012-09-26,0.6013267406,1
2012-08-29,train,1,2012-09-27,0.5983816001,1
2012-08-30,train,1,2012-09-28,0.6529961574,1
2012-08-31,train,1,2012-10-01,0.653483551,1
2012-09-04,train,1,2012-10-02,0.6954943314,1
2012-09-05,train,1,2012-10-03,0.6851114787,1
2012-09-06,train,1,2012-10-04,0.6108765249,1
2012-09-07,train,1,2012-10-05,0.6370419347,1
2012-09-10,train,1,2012-10-08,0.6772673806,1
2012-09-11,train,1,2012-10-09,0.6727465555,1
2012-09-12,train,0,2012-10-10,0.6675805645,1
2012-09-13,train,0,2012-10-11,0.6092261518,1
2012-09-14,train,0,2012-10-12,0.6091657948,1
2012-09-17,train,0,2012-10-15,0.6129340235,1
2012-09-18,train,0,2012-10-16,0.6125436763,1
2012-09-19,train,1,2012-10-17,0.6006117953,1
2012-09-20,train,0,2012-10-18,0.5799674961,1
2012-09-21,train,0,2012-10-19,0.5998122769,1
2012-09-24,train,0,2012-10-22,0.609269435,1
2012-09-25,train,0,2012-10-23,0.6643847724,1
2012-09-26,train,0,2012-10-24,0.6762112359,1
2012-09-27,train,0,2012-10-25,0.6419166703,1
2012-09-28,train,0,2012-10-26,0.6604102197,1
2012-10-01,train,0,2012-10-31,0.6552942248,1
2012-10-02,train,0,2012-11-01,0.673067009,1
2012-10-03,train,0,2012-11-02,0.6401946657,1
2012-10-04,train,0,2012-11-05,0.6189094784,1
2012-10-05,train,0,2012-11-06,0.637113544,1
2012-10-08,train,0,2012-11-07,0.6663832506,1
2012-10-09,train,0,2012-11-08,0.6836673045,1
2012-10-10,train,0,2012-11-09,0.710501023,1
2012-10-11,train,0,2012-11-12,0.7277549626,1
2012-10-12,train,0,2012-11-13,0.7359834561,1
2012-10-15,train,0,2012-11-14,0.7047101179,1
2012-10-16,train,0,2012-11-15,0.690090112,1
2012-10-17,train,0,2012-11-16,0.6848158229,1
2012-10-18,train,0,2012-11-19,0.6867472662,1
2012-10-19,train,0,2012-11-20,0.7434368785,1
2012-10-22,train,0,2012-11-21,0.7435962426,1
2012-10-23,train,0,2012-11-23,0.7716302512,1
2012-10-24,train,1,2012-11-26,0.7563213689,1
2012-10-25,train,0,2012-11-27,0.7617994911,1
2012-10-26,train,1,2012-11-28,0.7750092266,1
2012-10-31,train,1,2012-11-29,0.7876525071,1
2012-11-01,train,0,2012-11-30,0.7692695816,1
2012-11-02,train,0,2012-12-03,0.8083924545,1
2012-11-05,train,0,2012-12-04,0.8019054453,1
2012-11-06,train,0,2012-12-05,0.7820464122,1
2012-11-07,train,1,2012-12-06,0.8424522447,1
2012-11-08,train,1,2012-12-07,0.8554564969,1
2012-11-09,train,1,2012-12-10,0.8544670687,1
2012-11-12,train,1,2012-12-11,0.8560870584,1
2012-11-13,train,1,2012-12-12,0.8561457893,1
2012-11-14,train,1,2012-12-13,0.7754346498,1
2012-11-15,train,1,2012-12-14,0.7989618336,1
2012-11-16,train,1,2012-12-17,0.7723641583,1
2012-11-19,train,1,2012-12-18,0.8504151533,1
2012-11-20,train,1,2012-12-19,0.8510239632,1
2012-11-21,train,1,2012-12-20,0.8634116345,1
2012-11-23,train,1,2012-12-21,0.8419166135,1
2012-11-26,train,1,2012-12-24,0.8426869247,1
2012-11-27,train,1,2012-12-26,0.8431100372,1
2012-11-28,train,1,2012-12-27,0.8233715035,1
2012-11-29,train,0,2012-12-28,0.8117937745,1
2012-11-30,train,1,2012-12-31,0.8098811659,1
2012-12-03,train,1,2013-01-02,0.8161742374,1
2012-12-04,train,1,2013-01-03,0.8390493333,1
2012-12-05,train,1,2013-01-04,0.8273076478,1
2012-12-06,train,1,2013-01-07,0.8168335488,1
2012-12-07,train,1,2013-01-08,0.8056114796,1
2012-12-10,train,1,2013-01-09,0.8068950586,1
2012-12-11,train,1,2013-01-10,0.8071871628,1
2012-12-12,train,1,2013-01-11,0.8065685601,1
2012-12-13,train,1,2013-01-14,0.8180183601,1
2012-12-14,train,1,2013-01-15,0.8259743808,1
2012-12-17,train,1,2013-01-16,0.7854632518,1
2012-12-18,train,1,2013-01-17,0.7793264204,1
2012-12-19,train,1,2013-01-18,0.8145706146,1
2012-12-20,train,1,2013-01-22,0.8090475455,1
2012-12-21,train,1,2013-01-23,0.8339830662,1
2012-12-24,train,1,2013-01-24,0.8206866074,1
2012-12-26,train,1,2013-01-25,0.8289549085,1
2012-12-27,train,1,2013-01-28,0.8437543353,1
2012-12-28,train,1,2013-01-29,0.863135593,1
2012-12-31,train,1,2013-01-30,0.8183818367,1
2013-01-02,train,1,2013-01-31,0.7695741699,1
2013-01-03,train,1,2013-02-01,0.7912346711,1
2013-01-04,train,1,2013-02-04,0.7858684585,1
2013-01-07,train,1,2013-02-05,0.8045572916,1
2013-01-08,train,1,2013-02-06,0.792554119,1
2013-01-09,train,1,2013-02-07,0.7568574818,1
2013-01-10,train,1,2013-02-08,0.7428453974,1
2013-01-11,train,1,2013-02-11,0.7399365796,1
2013-01-14,train,1,2013-02-12,0.7541172373,1
2013-01-15,train,1,2013-02-13,0.7590876784,1
2013-01-16,train,1,2013-02-14,0.7626836285,1
2013-01-17,train,1,2013-02-15,0.7435703287,1
2013-01-18,train,1,2013-02-19,0.7203486635,1
2013-01-22,train,1,2013-02-20,0.707312152,1
2013-01-23,train,1,2013-02-21,0.6938060419,1
2013-01-24,train,1,2013-02-22,0.6968222311,1
2013-01-25,train,0,2013-02-25,0.6735709724,1
2013-01-28,train,0,2013-02-26,0.6753704741,1
2013-01-29,train,1,2013-02-27,0.6621237913,1
2013-01-30,train,1,2013-02-28,0.6977229002,1
2013-01-31,train,1,2013-03-01,0.7179751468,1
2013-02-01,train,1,2013-03-04,0.6816600754,1
2013-02-04,train,1,2013-03-05,0.7253263991,1
2013-02-05,train,1,2013-03-06,0.6308120563,1
2013-02-06,train,1,2013-03-07,0.6162894626,1
2013-02-07,train,1,2013-03-08,0.6167249995,1
2013-02-08,train,1,2013-03-11,0.5936115423,1
2013-02-11,train,1,2013-03-12,0.6122582312,1
2013-02-12,train,1,2013-03-13,0.582561803,1
2013-02-13,train,1,2013-03-14,0.5771097977,1
2013-02-14,train,1,2013-03-15,0.5817059384,1
2013-02-15,train,1,2013-03-18,0.6040805517,1
2013-02-19,train,1,2013-03-19,0.585070545,1
2013-02-20,train,1,2013-03-20,0.6330777164,1
2013-02-21,train,1,2013-03-21,0.6384019188,1
2013-02-22,train,1,2013-03-22,0.5978540785,1
2013-02-25,train,1,2013-03-25,0.6721655586,1
2013-02-26,train,1,2013-03-26,0.6251348142,1
2013-02-27,train,1,2013-03-27,0.5953943714,1
2013-02-28,train,1,2013-03-28,0.6161832397,1
2013-03-01,train,1,2013-04-01,0.5900691533,1
2013-03-04,train,1,2013-04-02,0.5749627345,1
2013-03-05,train,1,2013-04-03,0.5469089491,1
2013-03-06,train,1,2013-04-04,0.5458559824,1
2013-03-07,train,1,2013-04-05,0.5588461854,1
2013-03-08,train,1,2013-04-08,0.5491958297,1
2013-03-11,train,1,2013-04-09,0.5423836908,1
2013-03-12,train,1,2013-04-10,0.5407227254,1
2013-03-13,train,1,2013-04-11,0.5195450604,1
2013-03-14,train,1,2013-04-12,0.49149605,0
2013-03-15,train,0,2013-04-15,0.5221034762,1
2013-03-18,train,1,2013-04-16,0.5570556094,1
2013-03-19,train,1,2013-04-17,0.5381686817,1
2013-03-20,train,0,2013-04-18,0.5172036642,1
2013-03-21,train,1,2013-04-19,0.5263350519,1
2013-03-22,train,1,2013-04-22,0.488704474,0
2013-03-25,train,1,2013-04-23,0.5015860258,1
2013-03-26,train,1,2013-04-24,0.4676083292,0
2013-03-27,train,1,2013-04-25,0.4493471802,0
2013-03-28,train,1,2013-04-26,0.4801733211,0
2013-04-01,train,1,2013-04-29,0.5138890568,1
2013-04-02,train,1,2013-04-30,0.5176156645,1
2013-04-03,train,1,2013-05-01,0.5583722352,1
2013-04-04,train,1,2013-05-02,0.535372892,1
2013-04-05,train,1,2013-05-03,0.5521341746,1
2013-04-08,train,1,2013-05-06,0.523255831,1
2013-04-09,train,1,2013-05-07,0.5119292372,1
2013-04-10,train,1,2013-05-08,0.4953369888,0
2013-04-11,train,1,2013-05-09,0.4957258127,0
2013-04-12,train,1,2013-05-10,0.5234007878,1
2013-04-15,train,1,2013-05-13,0.5899744249,1
2013-04-16,train,1,2013-05-14,0.5106231583,1
2013-04-17,train,1,2013-05-15,0.5643338967,1
2013-04-18,train,1,2013-05-16,0.6114776081,1
2013-04-19,train,1,2013-05-17,0.5630283231,1
2013-04-22,train,1,2013-05-20,0.5867105925,1
2013-04-23,train,1,2013-05-21,0.5386763252,1
2013-04-24,train,1,2013-05-22,0.5848031418,1
2013-04-25,train,1,2013-05-23,0.5851510763,1
2013-04-26,train,1,2013-05-24,0.5776228931,1
2013-04-29,train,1,2013-05-28,0.5443759483,1
2013-04-30,train,1,2013-05-29,0.547772167,1
2013-05-01,train,1,2013-05-30,0.5760061974,1
2013-05-02,train,1,2013-05-31,0.5414165503,1
2013-05-03,train,1,2013-06-03,0.5209657674,1
2013-05-06,train,1,2013-06-04,0.5228215127,1
2013-05-07,train,0,2013-06-05,0.5140754132,1
2013-05-08,train,0,2013-06-06,0.5327538875,1
2013-05-09,train,1,2013-06-07,0.5304856641,1
2013-05-10,train,1,2013-06-10,0.4892742185,0
2013-05-13,train,0,2013-06-11,0.5057668206,1
2013-05-14,train,0,2013-06-12,0.4702663465,0
2013-05-15,train,0,2013-06-13,0.4660377912,0
2013-05-16,train,0,2013-06-14,0.4641287273,0
2013-05-17,train,0,2013-06-17,0.4298690416,0
2013-05-20,train,0,2013-06-18,0.4525201853,0
2013-05-21,train,0,2013-06-19,0.4163069727,0
2013-05-22,train,0,2013-06-20,0.4346012215,0
2013-05-23,train,0,2013-06-21,0.4744106401,0
2013-05-24,train,0,2013-06-24,0.456807333,0
2013-05-28,train,0,2013-06-25,0.4196776339,0
2013-05-29,train,0,2013-06-26,0.4744983981,0
2013-05-30,train,0,2013-06-27,0.4710704037,0
2013-05-31,train,0,2013-06-28,0.5379508492,1
2013-06-03,train,0,2013-07-01,0.5172937256,1
2013-06-04,train,0,2013-07-02,0.5338872154,1
2013-06-05,train,1,2013-07-03,0.6135675476,1
2013-06-06,train,1,2013-07-05,0.5718869278,1
2013-06-07,train,0,2013-07-08,0.5270995725,1
2013-06-10,train,1,2013-07-09,0.5399963542,1
2013-06-11,train,1,2013-07-10,0.5814753524,1
2013-06-12,train,1,2013-07-11,0.6300360305,1
2013-06-13,train,1,2013-07-12,0.5669719101,1
2013-06-14,train,1,2013-07-15,0.5903175052,1
2013-06-17,train,1,2013-07-16,0.5515095441,1
2013-06-18,train,1,2013-07-17,0.5452324151,1
2013-06-19,train,1,2013-07-18,0.6030958509,1
2013-06-20,train,1,2013-07-19,0.6530576578,1
2013-06-21,train,1,2013-07-22,0.6164242891,1
2013-06-24,train,1,2013-07-23,0.651450816,1
2013-06-25,train,1,2013-07-24,0.620029427,1
2013-06-26,train,1,2013-07-25,0.609271318,1
2013-06-27,train,1,2013-07-26,0.6282082758,1
2013-06-28,train,1,2013-07-29,0.6571058242,1
2013-07-01,train,1,2013-07-30,0.6352330384,1
2013-07-02,train,1,2013-07-31,0.6373208681,1
2013-07-03,train,1,2013-08-01,0.6228103967,1
2013-07-05,train,1,2013-08-02,0.5661591304,1
2013-07-08,train,1,2013-08-05,0.5708859129,1
2013-07-09,train,1,2013-08-06,0.5284402185,1
2013-07-10,train,1,2013-08-07,0.5090382852,1
2013-07-11,train,1,2013-08-08,0.4930321458,0
2013-07-12,train,1,2013-08-09,0.4826007724,0
2013-07-15,train,1,2013-08-12,0.4508532116,0
2013-07-16,train,1,2013-08-13,0.482572703,0
2013-07-17,train,1,2013-08-14,0.4839210462,0
2013-07-18,train,0,2013-08-15,0.4600163029,0
2013-07-19,train,0,2013-08-16,0.4596333582,0
2013-07-22,train,0,2013-08-19,0.459670276,0
2013-07-23,train,0,2013-08-20,0.479216407,0
2013-07-24,train,0,2013-08-21,0.4925075947,0
2013-07-25,train,0,2013-08-22,0.4811290996,0
2013-07-26,train,0,2013-08-23,0.4610945193,0
2013-07-29,train,0,2013-08-26,0.4841904858,0
2013-07-30,train,0,2013-08-27,0.4943738165,0
2013-07-31,train,0,2013-08-28,0.5059976454,1
2013-08-01,train,0,2013-08-29,0.4665686087,0
2013-08-02,train,0,2013-08-30,0.4890807043,0
2013-08-05,train,0,2013-09-03,0.49757175,0
2013-08-06,train,0,2013-09-04,0.5418567278,1
2013-08-07,train,0,2013-09-05,0.547687863,1
2013-08-08,train,0,2013-09-06,0.5637655395,1
2013-08-09,train,0,2013-09-09,0.5915325741,1
2013-08-12,train,0,2013-09-10,0.5901206862,1
2013-08-13,train,0,2013-09-11,0.6006789604,1
2013-08-14,train,1,2013-09-12,0.6366615979,1
2013-08-15,train,1,2013-09-13,0.6814552046,1
2013-08-16,train,1,2013-09-16,0.6906808916,1
2013-08-19,train,1,2013-09-17,0.7058941841,1
2013-08-20,train,1,2013-09-18,0.6897466227,1
2013-08-21,train,1,2013-09-19,0.719502142,1
2013-08-22,train,1,2013-09-20,0.6943170316,1
2013-08-23,train,1,2013-09-23,0.7045707164,1
2013-08-26,train,1,2013-09-24,0.7146925938,1
2013-08-27,train,1,2013-09-25,0.7590088041,1
2013-08-28,train,1,2013-09-26,0.7389618702,1
2013-08-29,train,1,2013-09-27,0.7248703865,1
2013-08-30,train,1,2013-09-30,0.7426064622,1
2013-09-03,train,1,2013-10-01,0.7542568996,1
2013-09-04,train,1,2013-10-02,0.7510411473,1
2013-09-05,train,1,2013-10-03,0.7493102008,1
2013-09-06,train,1,2013-10-04,0.7411058319,1
2013-09-09,train,1,2013-10-07,0.7322291354,1
2013-09-10,train,0,2013-10-08,0.7070405647,1
2013-09-11,train,0,2013-10-09,0.6962385197,1
2013-09-12,train,1,2013-10-10,0.7134875158,1
2013-09-13,train,1,2013-10-11,0.7079182161,1
2013-09-16,train,1,2013-10-14,0.671464344,1
2013-09-17,train,0,2013-10-15,0.664967487,1
2013-09-18,train,0,2013-10-16,0.6549428963,1
2013-09-19,train,1,2013-10-17,0.679162315,1
2013-09-20,train,1,2013-10-18,0.7137030179,1
2013-09-23,train,1,2013-10-21,0.7190907337,1
2013-09-24,train,1,2013-10-22,0.7147987401,1
2013-09-25,train,1,2013-10-23,0.7273993106,1
2013-09-26,train,1,2013-10-24,0.7196966022,1
2013-09-27,train,1,2013-10-25,0.7495011264,1
2013-09-30,train,1,2013-10-28,0.7916065314,1
2013-10-01,train,1,2013-10-29,0.7716539222,1
2013-10-02,train,1,2013-10-30,0.796090304,1
2013-10-03,train,1,2013-10-31,0.8170840993,1
2013-10-04,train,1,2013-11-01,0.7865170842,1
2013-10-07,train,1,2013-11-04,0.8237112471,1
2013-10-08,train,1,2013-11-05,0.8422546005,1
2013-10-09,train,1,2013-11-06,0.8379783873,1
2013-10-10,train,1,2013-11-07,0.77550635,1
2013-10-11,train,1,2013-11-08,0.7788130305,1
2013-10-14,train,1,2013-11-11,0.7822154152,1
2013-10-15,train,1,2013-11-12,0.8105899898,1
2013-10-16,train,1,2013-11-13,0.7697197037,1
2013-10-17,train,1,2013-11-14,0.7443872465,1
2013-10-18,train,1,2013-11-15,0.7308983953,1
2013-10-21,train,1,2013-11-18,0.734515985,1
2013-10-22,train,1,2013-11-19,0.7387017551,1
2013-10-23,train,1,2013-11-20,0.7419728355,1
2013-10-24,train,1,2013-11-21,0.7255856629,1
2013-10-25,train,1,2013-11-22,0.7199507377,1
2013-10-28,train,1,2013-11-25,0.7134402935,1
2013-10-29,train,1,2013-11-26,0.6932593015,1
2013-10-30,train,1,2013-11-27,0.7212126926,1
2013-10-31,train,1,2013-11-29,0.7228116966,1
2013-11-01,train,1,2013-12-02,0.6941454571,1
2013-11-04,train,1,2013-12-03,0.6815766357,1
2013-11-05,train,1,2013-12-04,0.6746705619,1
2013-11-06,train,1,2013-12-05,0.6691375238,1
2013-11-07,train,1,2013-12-06,0.7263297806,1
2013-11-08,train,1,2013-12-09,0.6306776895,1
2013-11-11,train,1,2013-12-10,0.6349197465,1
2013-11-12,train,1,2013-12-11,0.6396374888,1
2013-11-13,train,0,2013-12-12,0.616236983,1
2013-11-14,train,0,2013-12-13,0.6381707265,1
2013-11-15,train,0,2013-12-16,0.6323487286,1
2013-11-18,train,0,2013-12-17,0.6547582544,1
2013-11-19,train,1,2013-12-18,0.6541437461,1
2013-11-20,train,1,2013-12-19,0.6324028499,1
2013-11-21,train,1,2013-12-20,0.6022093902,1
2013-11-22,train,1,2013-12-23,0.5920585042,1
2013-11-25,train,1,2013-12-24,0.5957768812,1
2013-11-26,train,1,2013-12-26,0.6120995062,1
2013-11-27,train,1,2013-12-27,0.609492178,1
2013-11-29,train,1,2013-12-30,0.6105439517,1
2013-12-02,train,1,2013-12-31,0.5918851231,1
2013-12-03,train,1,2014-01-02,0.6062627042,1
2013-12-04,train,1,2014-01-03,0.6093236575,1
2013-12-05,train,1,2014-01-06,0.6230916224,1
2013-12-06,train,1,2014-01-07,0.5807197027,1
2013-12-09,train,1,2014-01-08,0.5937817031,1
2013-12-10,train,1,2014-01-09,0.6249399647,1
2013-12-11,train,1,2014-01-10,0.6671979086,1
2013-12-12,train,1,2014-01-13,0.6720124614,1
2013-12-13,train,1,2014-01-14,0.6679278644,1
2013-12-16,train,1,2014-01-15,0.643308476,1
2013-12-17,train,1,2014-01-16,0.6561215965,1
2013-12-18,train,1,2014-01-17,0.5764732047,1
2013-12-19,train,1,2014-01-21,0.5912988613,1
2013-12-20,train,1,2014-01-22,0.5903930474,1
2013-12-23,train,0,2014-01-23,0.5445698761,1
2013-12-24,train,0,2014-01-24,0.5730155801,1
2013-12-26,train,0,2014-01-27,0.5400494816,1
2013-12-27,train,0,2014-01-28,0.5529451202,1
2013-12-30,train,0,2014-01-29,0.5415000447,1
2013-12-31,train,0,2014-01-30,0.5289723311,1
2014-01-02,train,0,2014-01-31,0.5436476732,1
2014-01-03,train,0,2014-02-03,0.5222581187,1
2014-01-06,train,0,2014-02-04,0.5289723604,1
2014-01-07,train,0,2014-02-05,0.5411845763,1
2014-01-08,train,0,2014-02-06,0.5465362812,1
2014-01-09,train,0,2014-02-07,0.566165296,1
2014-01-10,train,0,2014-02-10,0.5631825621,1
2014-01-13,train,1,2014-02-11,0.6309038181,1
2014-01-14,train,0,2014-02-12,0.5593520719,1
2014-01-15,train,0,2014-02-13,0.54801327,1
2014-01-16,train,0,2014-02-14,0.5644092399,1
2014-01-17,train,1,2014-02-18,0.5898014573,1
2014-01-21,train,0,2014-02-19,0.5910449038,1
2014-01-22,train,0,2014-02-20,0.5820372069,1
2014-01-23,train,1,2014-02-21,0.6270856284,1
2014-01-24,train,1,2014-02-24,0.6886919192,1
2014-01-27,train,1,2014-02-25,0.7112735353,1
2014-01-28,train,1,2014-02-26,0.6774473049,1
2014-01-29,train,1,2014-02-27,0.7162952258,1
2014-01-30,train,1,2014-02-28,0.6896545406,1
2014-01-31,train,1,2014-03-03,0.7359980775,1
2014-02-03,train,1,2014-03-04,0.8028299777,1
2014-02-04,train,1,2014-03-05,0.7707715505,1
2014-02-05,train,1,2014-03-06,0.7820159225,1
2014-02-06,train,1,2014-03-07,0.7502213034,1
2014-02-07,train,1,2014-03-10,0.7183028182,1
2014-02-10,train,1,2014-03-11,0.7436139971,1
2014-02-11,train,1,2014-03-12,0.710674783,1
2014-02-12,train,1,2014-03-13,0.7304191591,1
2014-02-13,train,1,2014-03-14,0.7027883883,1
2014-02-14,train,1,2014-03-17,0.6600710081,1
2014-02-18,train,1,2014-03-18,0.6651085592,1
2014-02-19,train,1,2014-03-19,0.6808472819,1
2014-02-20,train,1,2014-03-20,0.668026656,1
2014-02-21,train,1,2014-03-21,0.6751463076,1
2014-02-24,train,1,2014-03-24,0.6607228248,1
2014-02-25,train,1,2014-03-25,0.6589512302,1
2014-02-26,train,1,2014-03-26,0.6728182521,1
2014-02-27,train,0,2014-03-27,0.6420989733,1
2014-02-28,train,1,2014-03-28,0.6596669645,1
2014-03-03,train,1,2014-03-31,0.6682189165,1
2014-03-04,train,1,2014-04-01,0.6296118732,1
2014-03-05,train,1,2014-04-02,0.6420151145,1
2014-03-06,train,1,2014-04-03,0.6370786408,1
2014-03-07,train,0,2014-04-04,0.6436933242,1
2014-03-10,train,0,2014-04-07,0.6415641138,1
2014-03-11,train,0,2014-04-08,0.6348594462,1
2014-03-12,train,1,2014-04-09,0.637184619,1
2014-03-13,train,0,2014-04-10,0.6666949961,1
2014-03-14,train,0,2014-04-11,0.6777196562,1
2014-03-17,train,0,2014-04-14,0.6370489898,1
2014-03-18,train,0,2014-04-15,0.6543354762,1
2014-03-19,train,1,2014-04-16,0.6620976568,1
2014-03-20,train,0,2014-04-17,0.6465300258,1
2014-03-21,train,1,2014-04-21,0.6920997085,1
2014-03-24,train,1,2014-04-22,0.6934126181,1
2014-03-25,train,1,2014-04-23,0.6772809028,1
2014-03-26,train,1,2014-04-24,0.7141063228,1
2014-03-27,train,1,2014-04-25,0.7137891385,1
2014-03-28,train,1,2014-04-28,0.7092463001,1
2014-03-31,train,1,2014-04-29,0.6836789719,1
2014-04-01,train,1,2014-04-30,0.6726838467,1
2014-04-02,train,0,2014-05-01,0.6745973043,1
2014-04-03,train,0,2014-05-02,0.6966019313,1
2014-04-04,train,1,2014-05-05,0.7415126105,1
2014-04-07,train,1,2014-05-06,0.7653984847,1
2014-04-08,train,1,2014-05-07,0.7311028282,1
2014-04-09,train,1,2014-05-08,0.6757838628,1
2014-04-10,train,1,2014-05-09,0.7648105304,1
2014-04-11,train,1,2014-05-12,0.7984716335,1
2014-04-14,train,1,2014-05-13,0.7771841293,1
2014-04-15,train,1,2014-05-14,0.7457426311,1
2014-04-16,train,1,2014-05-15,0.7089578653,1
2014-04-17,train,1,2014-05-16,0.7419587236,1
2014-04-21,train,1,2014-05-19,0.7277276276,1
2014-04-22,train,0,2014-05-20,0.6882402701,1
2014-04-23,train,1,2014-05-21,0.6913665677,1
2014-04-24,train,1,2014-05-22,0.666999853,1
2014-04-25,train,1,2014-05-23,0.6821041689,1
2014-04-28,train,1,2014-05-27,0.6774235364,1
2014-04-29,train,1,2014-05-28,0.663520374,1
2014-04-30,train,1,2014-05-29,0.6317501266,1
2014-05-01,train,1,2014-05-30,0.6443780048,1
2014-05-02,train,1,2014-06-02,0.6615910647,1
2014-05-05,train,1,2014-06-03,0.651856929,1
2014-05-06,train,1,2014-06-04,0.7009006597,1
2014-05-07,train,1,2014-06-05,0.6711991685,1
2014-05-08,train,1,2014-06-06,0.6977871111,1
2014-05-09,train,1,2014-06-09,0.6981956623,1
2014-05-12,train,1,2014-06-10,0.670606211,1
2014-05-13,train,1,2014-06-11,0.6940589255,1
2014-05-14,train,1,2014-06-12,0.7063857063,1
2014-05-15,train,1,2014-06-13,0.736161627,1
2014-05-16,train,1,2014-06-16,0.723447846,1
2014-05-19,train,1,2014-06-17,0.6991923143,1
2014-05-20,train,1,2014-06-18,0.7259238867,1
2014-05-21,train,1,2014-06-19,0.692315509,1
2014-05-22,train,1,2014-06-20,0.7023230022,1
2014-05-23,train,1,2014-06-23,0.6968961428,1
2014-05-27,train,1,2014-06-24,0.6855796067,1
2014-05-28,train,1,2014-06-25,0.7075189971,1
2014-05-29,train,1,2014-06-26,0.6987507632,1
2014-05-30,train,1,2014-06-27,0.6879761717,1
2014-06-02,train,1,2014-06-30,0.6936330997,1
2014-06-03,train,1,2014-07-01,0.6964278021,1
2014-06-04,train,1,2014-07-02,0.7029222779,1
2014-06-05,train,1,2014-07-03,0.6832739388,1
2014-06-06,train,1,2014-07-07,0.6783708015,1
2014-06-09,train,1,2014-07-08,0.6676833336,1
2014-06-10,train,1,2014-07-09,0.6667935539,1
2014-06-11,train,1,2014-07-10,0.6892323524,1
2014-06-12,train,1,2014-07-11,0.7185593788,1
2014-06-13,train,1,2014-07-14,0.6979209281,1
2014-06-16,train,1,2014-07-15,0.7103120812,1
2014-06-17,train,1,2014-07-16,0.6961875144,1
2014-06-18,train,1,2014-07-17,0.665970375,1
2014-06-19,train,1,2014-07-18,0.6891833785,1
2014-06-20,train,1,2014-07-21,0.673755795,1
2014-06-23,train,1,2014-07-22,0.6644365939,1
2014-06-24,train,1,2014-07-23,0.6918544934,1
2014-06-25,train,1,2014-07-24,0.6654869601,1
2014-06-26,train,1,2014-07-25,0.6811977214,1
2014-06-27,train,1,2014-07-28,0.6859459715,1
2014-06-30,train,1,2014-07-29,0.692456969,1
2014-07-01,train,0,2014-07-30,0.6589737636,1
2014-07-02,train,0,2014-07-31,0.6341862911,1
2014-07-03,train,0,2014-08-01,0.6287035881,1
2014-07-07,train,0,2014-08-04,0.6500548557,1
2014-07-08,train,0,2014-08-05,0.6356155774,1
2014-07-09,train,0,2014-08-06,0.590806307,1
2014-07-10,train,0,2014-08-07,0.6198088848,1
2014-07-11,train,0,2014-08-08,0.6262659626,1
2014-07-14,train,0,2014-08-11,0.6279433152,1
2014-07-15,train,0,2014-08-12,0.6415103192,1
2014-07-16,train,0,2014-08-13,0.6257745413,1
2014-07-17,train,1,2014-08-14,0.6819244819,1
2014-07-18,train,0,2014-08-15,0.6221351656,1
2014-07-21,train,1,2014-08-18,0.6407358277,1
2014-07-22,train,1,2014-08-19,0.6170356417,1
2014-07-23,train,1,2014-08-20,0.6189660404,1
2014-07-24,train,1,2014-08-21,0.644315091,1
2014-07-25,train,1,2014-08-22,0.65060533,1
2014-07-28,train,1,2014-08-25,0.6416664141,1
2014-07-29,train,1,2014-08-26,0.6449676119,1
2014-07-30,train,1,2014-08-27,0.6502897237,1
2014-07-31,train,1,2014-08-28,0.7005237736,1
2014-08-01,train,1,2014-08-29,0.7173422359,1
2014-08-04,train,1,2014-09-02,0.6907697514,1
2014-08-05,train,1,2014-09-03,0.7378340285,1
2014-08-06,train,1,2014-09-04,0.742063295,1
2014-08-07,train,1,2014-09-05,0.7818910485,1
2014-08-08,train,1,2014-09-08,0.7270028579,1
2014-08-11,train,1,2014-09-09,0.712942709,1
2014-08-12,train,1,2014-09-10,0.7311465689,1
2014-08-13,train,1,2014-09-11,0.7144706868,1
2014-08-14,train,1,2014-09-12,0.7053928496,1
2014-08-15,train,1,2014-09-15,0.7238630625,1
2014-08-18,train,1,2014-09-16,0.69133587,1
2014-08-19,train,1,2014-09-17,0.6797576057,1
2014-08-20,train,1,2014-09-18,0.6743029345,1
2014-08-21,train,1,2014-09-19,0.6640763255,1
2014-08-22,train,1,2014-09-22,0.6808172897,1
2014-08-25,train,0,2014-09-23,0.6659331042,1
2014-08-26,train,1,2014-09-24,0.6632202211,1
2014-08-27,train,0,2014-09-25,0.6731887983,1
2014-08-28,train,0,2014-09-26,0.675994672,1
2014-08-29,train,0,2014-09-29,0.6677956462,1
2014-09-02,train,0,2014-09-30,0.6695457299,1
2014-09-03,train,0,2014-10-01,0.6784365432,1
2014-09-04,train,0,2014-10-02,0.6804851104,1
2014-09-05,train,0,2014-10-03,0.6578772741,1
2014-09-08,train,0,2014-10-06,0.6507386905,1
2014-09-09,train,0,2014-10-07,0.6728793007,1
2014-09-10,train,0,2014-10-08,0.6553202623,1
2014-09-11,train,0,2014-10-09,0.6601871251,1
2014-09-12,train,0,2014-10-10,0.6875545795,1
2014-09-15,train,0,2014-10-13,0.6862193129,1
2014-09-16,train,0,2014-10-14,0.6681740019,1
2014-09-17,train,0,2014-10-15,0.6591963549,1
2014-09-18,train,0,2014-10-16,0.6302051075,1
2014-09-19,train,0,2014-10-17,0.6535599533,1
2014-09-22,train,0,2014-10-20,0.6804211901,1
2014-09-23,train,0,2014-10-21,0.6852913436,1
2014-09-24,train,0,2014-10-22,0.6441335852,1
2014-09-25,train,0,2014-10-23,0.7033890926,1
2014-09-26,train,0,2014-10-24,0.658578759,1
2014-09-29,train,0,2014-10-27,0.6897595003,1
2014-09-30,train,1,2014-10-28,0.7118255942,1
2014-10-01,train,1,2014-10-29,0.7368734753,1
2014-10-02,train,1,2014-10-30,0.7448563145,1
2014-10-03,train,1,2014-10-31,0.695481201,1
2014-10-06,train,1,2014-11-03,0.7195607399,1
2014-10-07,train,1,2014-11-04,0.7745352644,1
2014-10-08,train,1,2014-11-05,0.7231550616,1
2014-10-09,train,1,2014-11-06,0.7872660968,1
2014-10-10,train,1,2014-11-07,0.7803526834,1
2014-10-13,train,1,2014-11-10,0.6811381551,1
2014-10-14,train,1,2014-11-11,0.6866654142,1
2014-10-15,train,1,2014-11-12,0.7109424605,1
2014-10-16,train,1,2014-11-13,0.7367333117,1
2014-10-17,train,1,2014-11-14,0.7061634508,1
2014-10-20,train,1,2014-11-17,0.8392695104,1
2014-10-21,train,1,2014-11-18,0.7873884559,1
2014-10-22,train,1,2014-11-19,0.8191170241,1
2014-10-23,train,1,2014-11-20,0.7830854187,1
2014-10-24,train,1,2014-11-21,0.7335285247,1
2014-10-27,train,1,2014-11-24,0.7280113599,1
2014-10-28,train,1,2014-11-25,0.6740127621,1
2014-10-29,train,1,2014-11-26,0.6737925655,1
2014-10-30,train,1,2014-11-28,0.6391359098,1
2014-10-31,train,1,2014-12-01,0.5960283021,1
2014-11-03,train,1,2014-12-02,0.621181451,1
2014-11-04,train,1,2014-12-03,0.6234654818,1
2014-11-05,train,1,2014-12-04,0.6039498768,1
2014-11-06,train,1,2014-12-05,0.5970714076,1
2014-11-07,train,1,2014-12-08,0.5905432188,1
2014-11-10,train,1,2014-12-09,0.5828391021,1
2014-11-11,train,0,2014-12-10,0.6009141808,1
2014-11-12,train,1,2014-12-11,0.5989455009,1
2014-11-13,train,0,2014-12-12,0.5866807171,1
2014-11-14,train,0,2014-12-15,0.5991560584,1
2014-11-17,train,0,2014-12-16,0.5901264351,1
2014-11-18,train,0,2014-12-17,0.6004993243,1
2014-11-19,train,1,2014-12-18,0.614314337,1
2014-11-20,train,1,2014-12-19,0.6012163504,1
2014-11-21,train,1,2014-12-22,0.6038207831,1
2014-11-24,train,1,2014-12-23,0.6036237626,1
2014-11-25,train,1,2014-12-24,0.6142741672,1
2014-11-26,train,1,2014-12-26,0.6039891473,1
2014-11-28,train,1,2014-12-29,0.609267869,1
2014-12-01,train,1,2014-12-30,0.6422852101,1
2014-12-02,train,0,2014-12-31,0.601851913,1
2014-12-03,train,0,2015-01-02,0.5869467764,1
2014-12-04,train,0,2015-01-05,0.6020781556,1
2014-12-05,train,0,2015-01-06,0.6084322331,1
2014-12-08,train,0,2015-01-07,0.6322836176,1
2014-12-09,train,0,2015-01-08,0.6201010655,1
2014-12-10,train,1,2015-01-09,0.6806971769,1
2014-12-11,train,0,2015-01-12,0.6540562487,1
2014-12-12,train,1,2015-01-13,0.7158541738,1
2014-12-15,train,1,2015-01-14,0.7315307326,1
2014-12-16,train,1,2015-01-15,0.7577702368,1
2014-12-17,train,0,2015-01-16,0.6937720066,1
2014-12-18,train,0,2015-01-20,0.6350303552,1
2014-12-19,train,0,2015-01-21,0.6341733041,1
2014-12-22,train,0,2015-01-22,0.6516516723,1
2014-12-23,train,0,2015-01-23,0.6546272513,1
2014-12-24,train,0,2015-01-26,0.6297484904,1
2014-12-26,train,0,2015-01-27,0.5824836932,1
2014-12-29,train,0,2015-01-28,0.5766779285,1
2014-12-30,train,0,2015-01-29,0.6192331389,1
2014-12-31,train,0,2015-01-30,0.651186346,1
2015-01-02,train,0,2015-02-02,0.619827356,1
2015-01-05,train,1,2015-02-03,0.6978254786,1
2015-01-06,train,1,2015-02-04,0.7038865657,1
2015-01-07,train,1,2015-02-05,0.6442771874,1
2015-01-08,train,0,2015-02-06,0.5373775581,1
2015-01-09,train,1,2015-02-09,0.5942632301,1
2015-01-12,train,1,2015-02-10,0.6330789209,1
2015-01-13,train,1,2015-02-11,0.659215876,1
2015-01-14,train,1,2015-02-12,0.6827013041,1
2015-01-15,train,1,2015-02-13,0.7117039337,1
2015-01-16,train,1,2015-02-17,0.7041729834,1
2015-01-20,train,1,2015-02-18,0.7173713704,1
2015-01-21,train,1,2015-02-19,0.7237710121,1
2015-01-22,train,1,2015-02-20,0.6858189056,1
2015-01-23,train,1,2015-02-23,0.728121747,1
2015-01-26,train,1,2015-02-24,0.7276796213,1
2015-01-27,train,1,2015-02-25,0.7826126523,1
2015-01-28,train,1,2015-02-26,0.8133830163,1
2015-01-29,train,1,2015-02-27,0.7723465768,1
2015-01-30,train,1,2015-03-02,0.8197281978,1
2015-02-02,train,1,2015-03-03,0.7804276305,1
2015-02-03,train,1,2015-03-04,0.7655507413,1
2015-02-04,train,1,2015-03-05,0.8013462776,1
2015-02-05,train,1,2015-03-06,0.7658772416,1
2015-02-06,train,1,2015-03-09,0.7895844589,1
2015-02-09,train,1,2015-03-10,0.7885200525,1
2015-02-10,train,0,2015-03-11,0.734295907,1
2015-02-11,train,1,2015-03-12,0.7386322913,1
2015-02-12,train,0,2015-03-13,0.6937692782,1
2015-02-13,train,0,2015-03-16,0.6982705998,1
2015-02-17,train,0,2015-03-17,0.7100580834,1
2015-02-18,train,1,2015-03-18,0.7056006988,1
2015-02-19,train,0,2015-03-19,0.7139531522,1
2015-02-20,train,1,2015-03-20,0.6932547962,1
2015-02-23,train,0,2015-03-23,0.6921451562,1
2015-02-24,train,0,2015-03-24,0.6828480889,1
2015-02-25,train,0,2015-03-25,0.6932625328,1
2015-02-26,train,0,2015-03-26,0.6968568324,1
2015-02-27,train,0,2015-03-27,0.7025745485,1
2015-03-02,train,0,2015-03-30,0.6841607301,1
2015-03-03,train,0,2015-03-31,0.7047802037,1
2015-03-04,train,0,2015-04-01,0.7234044644,1
2015-03-05,train,0,2015-04-02,0.7226941775,1
2015-03-06,train,1,2015-04-06,0.7628567845,1
2015-03-09,train,0,2015-04-07,0.7336255011,1
2015-03-10,train,1,2015-04-08,0.7640170931,1
2015-03-11,train,1,2015-04-09,0.7875899106,1
2015-03-12,train,1,2015-04-10,0.7276123088,1
2015-03-13,train,1,2015-04-13,0.7742329289,1
2015-03-16,train,1,2015-04-14,0.6991254287,1
2015-03-17,train,1,2015-04-15,0.761969673,1
2015-03-18,train,1,2015-04-16,0.7542210524,1
2015-03-19,train,0,2015-04-17,0.7607016782,1
2015-03-20,train,0,2015-04-20,0.7488050732,1
2015-03-23,train,0,2015-04-21,0.7593192422,1
2015-03-24,train,1,2015-04-22,0.7796143574,1
2015-03-25,train,1,2015-04-23,0.8000917356,1
2015-03-26,train,1,2015-04-24,0.8048428812,1
2015-03-27,train,1,2015-04-27,0.7887342015,1
2015-03-30,train,1,2015-04-28,0.7336168338,1
2015-03-31,train,1,2015-04-29,0.7776061889,1
2015-04-01,train,1,2015-04-30,0.7919849604,1
2015-04-02,train,1,2015-05-01,0.7792358301,1
2015-04-06,train,1,2015-05-04,0.769784537,1
2015-04-07,train,1,2015-05-05,0.7924495189,1
2015-04-08,train,1,2015-05-06,0.7834285102,1
2015-04-09,train,0,2015-05-07,0.7599064908,1
2015-04-10,train,1,2015-05-08,0.7373791911,1
2015-04-13,train,1,2015-05-11,0.74096819,1
2015-04-14,train,1,2015-05-12,0.7311710537,1
2015-04-15,train,0,2015-05-13,0.7300595444,1
2015-04-16,train,1,2015-05-14,0.7411015647,1
2015-04-17,train,1,2015-05-15,0.768579511,1
2015-04-20,train,1,2015-05-18,0.7537376954,1
2015-04-21,train,1,2015-05-19,0.7617947353,1
2015-04-22,train,1,2015-05-20,0.7299365023,1
2015-04-23,train,1,2015-05-21,0.7083741502,1
2015-04-24,train,1,2015-05-22,0.7041598889,1
2015-04-27,train,0,2015-05-26,0.7298106514,1
2015-04-28,train,1,2015-05-27,0.7106606809,1
2015-04-29,train,1,2015-05-28,0.7204025684,1
2015-04-30,train,1,2015-05-29,0.7563529652,1
2015-05-01,train,1,2015-06-01,0.7085466946,1
2015-05-04,train,1,2015-06-02,0.7163905502,1
2015-05-05,train,1,2015-06-03,0.759596135,1
2015-05-06,train,1,2015-06-04,0.7643586424,1
2015-05-07,train,1,2015-06-05,0.7718052236,1
2015-05-08,train,0,2015-06-08,0.7337255533,1
2015-05-11,train,0,2015-06-09,0.7495147917,1
2015-05-12,train,1,2015-06-10,0.7691644832,1
2015-05-13,train,1,2015-06-11,0.7798478337,1
2015-05-14,train,0,2015-06-12,0.741961758,1
2015-05-15,train,0,2015-06-15,0.7398815084,1
2015-05-18,train,0,2015-06-16,0.7369681282,1
2015-05-19,train,0,2015-06-17,0.7428581027,1
2015-05-20,train,0,2015-06-18,0.7502011817,1
2015-05-21,train,0,2015-06-19,0.7321300731,1
2015-05-22,train,0,2015-06-22,0.7391778032,1
2015-05-26,train,1,2015-06-23,0.7536208067,1
2015-05-27,train,0,2015-06-24,0.7306201731,1
2015-05-28,train,0,2015-06-25,0.7349245446,1
2015-05-29,train,0,2015-06-26,0.7468121563,1
2015-06-01,train,0,2015-06-29,0.7364170468,1
2015-06-02,train,0,2015-06-30,0.7447931805,1
2015-06-03,train,0,2015-07-01,0.7331356268,1
2015-06-04,train,0,2015-07-02,0.741792102,1
2015-06-05,train,0,2015-07-06,0.7331518761,1
2015-06-08,train,1,2015-07-07,0.7719081989,1
2015-06-09,train,0,2015-07-08,0.7605689301,1
2015-06-10,train,0,2015-07-09,0.7342322036,1
2015-06-11,train,0,2015-07-10,0.7382318989,1
2015-06-12,train,1,2015-07-13,0.7729958272,1
2015-06-15,train,1,2015-07-14,0.7889073344,1
2015-06-16,train,1,2015-07-15,0.7664505695,1
2015-06-17,train,1,2015-07-16,0.7450144652,1
2015-06-18,train,1,2015-07-17,0.6911161498,1
2015-06-19,train,1,2015-07-20,0.7150434375,1
2015-06-22,train,0,2015-07-21,0.6986236486,1
2015-06-23,train,0,2015-07-22,0.6950532338,1
2015-06-24,train,0,2015-07-23,0.7460802542,1
2015-06-25,train,0,2015-07-24,0.7287934386,1
2015-06-26,train,0,2015-07-27,0.7187823809,1
2015-06-29,train,1,2015-07-28,0.761738276,1
2015-06-30,train,1,2015-07-29,0.7446663768,1
2015-07-01,train,1,2015-07-30,0.7224931834,1
2015-07-02,train,1,2015-07-31,0.7378527756,1
2015-07-06,train,1,2015-08-03,0.7425735434,1
2015-07-07,train,1,2015-08-04,0.7422808774,1
2015-07-08,train,1,2015-08-05,0.7820271632,1
2015-07-09,train,1,2015-08-06,0.7700541534,1
2015-07-10,train,1,2015-08-07,0.7452343698,1
2015-07-13,train,1,2015-08-10,0.703766351,1
2015-07-14,train,0,2015-08-11,0.6800712484,1
2015-07-15,train,0,2015-08-12,0.7255922894,1
2015-07-16,train,0,2015-08-13,0.6915185586,1
2015-07-17,train,0,2015-08-14,0.6916058889,1
2015-07-20,train,0,2015-08-17,0.6719654246,1
2015-07-21,train,0,2015-08-18,0.6878020344,1
2015-07-22,train,0,2015-08-19,0.6771273788,1
2015-07-23,train,0,2015-08-20,0.693775062,1
2015-07-24,train,0,2015-08-21,0.7206439227,1
2015-07-27,train,0,2015-08-24,0.7192205244,1
2015-07-28,train,0,2015-08-25,0.6865901367,1
2015-07-29,train,0,2015-08-26,0.6808014119,1
2015-07-30,train,0,2015-08-27,0.6835112423,1
2015-07-31,train,0,2015-08-28,0.703524027,1
2015-08-03,train,0,2015-08-31,0.7294481896,1
2015-08-04,train,0,2015-09-01,0.7296131859,1
2015-08-05,train,0,2015-09-02,0.711828816,1
2015-08-06,train,0,2015-09-03,0.7337427079,1
2015-08-07,train,0,2015-09-04,0.749312649,1
2015-08-10,train,0,2015-09-08,0.719884014,1
2015-08-11,train,0,2015-09-09,0.7584994813,1
2015-08-12,train,0,2015-09-10,0.7567146063,1
2015-08-13,train,0,2015-09-11,0.7719177647,1
2015-08-14,train,0,2015-09-14,0.7594943134,1
2015-08-17,train,0,2015-09-15,0.7269256571,1
2015-08-18,train,0,2015-09-16,0.7450476283,1
2015-08-19,train,0,2015-09-17,0.756284661,1
2015-08-20,train,0,2015-09-18,0.6451229844,1
2015-08-21,train,1,2015-09-21,0.728809694,1
2015-08-24,train,1,2015-09-22,0.8028650301,1
2015-08-25,train,1,2015-09-23,0.8394412353,1
2015-08-26,train,0,2015-09-24,0.6993303656,1
2015-08-27,train,0,2015-09-25,0.6702145651,1
2015-08-28,train,0,2015-09-28,0.7177138135,1
2015-08-31,train,0,2015-09-29,0.7913070335,1
2015-09-01,train,1,2015-09-30,0.8561237345,1
2015-09-02,train,0,2015-10-01,0.7581561226,1
2015-09-03,train,1,2015-10-02,0.7514332618,1
2015-09-04,train,1,2015-10-05,0.7894968734,1
2015-09-08,train,1,2015-10-06,0.8434437183,1
2015-09-09,train,1,2015-10-07,0.8934000594,1
2015-09-10,train,1,2015-10-08,0.8711476025,1
2015-09-11,train,1,2015-10-09,0.8664072576,1
2015-09-14,train,1,2015-10-12,0.8880190926,1
2015-09-15,train,1,2015-10-13,0.8365249494,1
2015-09-16,train,1,2015-10-14,0.8392783183,1
2015-09-17,train,1,2015-10-15,0.8505849301,1
2015-09-18,train,1,2015-10-16,0.8659718729,1
2015-09-21,train,1,2015-10-19,0.8393066294,1
2015-09-22,train,1,2015-10-20,0.8492607711,1
2015-09-23,train,1,2015-10-21,0.8185994777,1
2015-09-24,train,1,2015-10-22,0.8455919027,1
2015-09-25,train,1,2015-10-23,0.870564849,1
2015-09-28,train,1,2015-10-26,0.9028332531,1
2015-09-29,train,1,2015-10-27,0.9035865839,1
2015-09-30,train,1,2015-10-28,0.8785630071,1
2015-10-01,train,1,2015-10-29,0.8858646642,1
2015-10-02,train,1,2015-10-30,0.8617205443,1
2015-10-05,train,1,2015-11-02,0.8483975204,1
2015-10-06,train,1,2015-11-03,0.8844662239,1
2015-10-07,train,1,2015-11-04,0.8598984992,1
2015-10-08,train,1,2015-11-05,0.8456084788,1
2015-10-09,train,1,2015-11-06,0.8449703812,1
2015-10-12,train,1,2015-11-09,0.8314701307,1
2015-10-13,train,1,2015-11-10,0.8511387375,1
2015-10-14,train,1,2015-11-11,0.855232394,1
2015-10-15,train,1,2015-11-12,0.8118583415,1
2015-10-16,train,0,2015-11-13,0.7965501055,1
2015-10-19,train,1,2015-11-16,0.783239497,1
2015-10-20,train,1,2015-11-17,0.7881754341,1
2015-10-21,train,1,2015-11-18,0.817879124,1
2015-10-22,train,1,2015-11-19,0.8784209099,1
2015-10-23,train,1,2015-11-20,0.8557565068,1
2015-10-26,train,1,2015-11-23,0.8611955248,1
2015-10-27,train,1,2015-11-24,0.8575893567,1
2015-10-28,train,1,2015-11-25,0.8345444802,1
2015-10-29,train,1,2015-11-27,0.8241205493,1
2015-10-30,train,1,2015-11-30,0.8270926466,1
2015-11-02,train,1,2015-12-01,0.7979254072,1
2015-11-03,train,0,2015-12-02,0.8116555142,1
2015-11-04,train,0,2015-12-03,0.8071384101,1
2015-11-05,train,0,2015-12-04,0.8144108712,1
2015-11-06,train,0,2015-12-07,0.8139990999,1
2015-11-09,train,0,2015-12-08,0.8299825885,1
2015-11-10,train,0,2015-12-09,0.8237669478,1
2015-11-11,train,0,2015-12-10,0.8395697601,1
2015-11-12,train,0,2015-12-11,0.7295044818,1
2015-11-13,train,1,2015-12-14,0.7409651214,1
2015-11-16,train,0,2015-12-15,0.8064979089,1
2015-11-17,train,1,2015-12-16,0.7822758795,1
2015-11-18,train,0,2015-12-17,0.6896852903,1
2015-11-19,train,0,2015-12-18,0.7977332892,1
2015-11-20,train,0,2015-12-21,0.6745284909,1
2015-11-23,train,0,2015-12-22,0.6561352956,1
2015-11-24,train,0,2015-12-23,0.6364745292,1
2015-11-25,train,0,2015-12-24,0.5864252536,1
2015-11-27,train,0,2015-12-28,0.6126611542,1
2015-11-30,train,0,2015-12-29,0.6272401065,1
2015-12-01,train,0,2015-12-30,0.5831608871,1
2015-12-02,train,0,2015-12-31,0.6557588851,1
2015-12-03,train,0,2016-01-04,0.6719069537,1
2015-12-04,train,0,2016-01-05,0.5720876822,1
2015-12-07,train,0,2016-01-06,0.6215039391,1
2015-12-08,train,0,2016-01-07,0.6180873466,1
2015-12-09,train,0,2016-01-08,0.6860726949,1
2015-12-10,train,0,2016-01-11,0.6878015504,1
2015-12-11,train,0,2016-01-12,0.5180296323,1
2015-12-14,train,0,2016-01-13,0.4536716178,0
2015-12-15,train,0,2016-01-14,0.4549449042,0
2015-12-16,train,0,2016-01-15,0.6228930884,1
2015-12-17,train,0,2016-01-19,0.4908697345,0
2015-12-18,train,0,2016-01-20,0.5834555696,1
2015-12-21,train,0,2016-01-21,0.5207868676,1
2015-12-22,train,0,2016-01-22,0.4345149338,0
2015-12-23,train,0,2016-01-25,0.5893619849,1
2015-12-24,train,0,2016-01-26,0.6534083624,1
2015-12-28,train,0,2016-01-27,0.6827591386,1
2015-12-29,train,0,2016-01-28,0.6276916502,1
2015-12-30,train,0,2016-01-29,0.6814942296,1
2015-12-31,train,0,2016-02-01,0.4862512491,0
2016-01-04,train,0,2016-02-02,0.529003063,1
2016-01-05,train,0,2016-02-03,0.5401235894,1
2016-01-06,train,0,2016-02-04,0.5751238985,1
2016-01-07,train,0,2016-02-05,0.6635771517,1
2016-01-08,train,0,2016-02-08,0.6871734014,1
2016-01-11,train,0,2016-02-09,0.6762313286,1
2016-01-12,train,0,2016-02-10,0.6564262367,1
2016-01-13,train,0,2016-02-11,0.76311629,1
2016-01-14,train,0,2016-02-12,0.7293651998,1
2016-01-15,train,1,2016-02-16,0.8034522331,1
2016-01-19,train,1,2016-02-17,0.7819952628,1
2016-01-20,train,1,2016-02-18,0.8165557163,1
2016-01-21,train,1,2016-02-19,0.8323781941,1
2016-01-22,train,1,2016-02-22,0.7716162867,1
2016-01-25,train,1,2016-02-23,0.8424614457,1
2016-01-26,train,1,2016-02-24,0.8193648177,1
2016-01-27,train,1,2016-02-25,0.8644548366,1
2016-01-28,train,1,2016-02-26,0.8429723342,1
2016-01-29,train,0,2016-02-29,0.7662962711,1
2016-02-01,train,1,2016-03-01,0.8025253771,1
2016-02-02,train,1,2016-03-02,0.8221804544,1
2016-02-03,train,1,2016-03-03,0.8133600417,1
2016-02-04,train,1,2016-03-04,0.8142781713,1
2016-02-05,train,1,2016-03-07,0.8273126622,1
2016-02-08,train,1,2016-03-08,0.8442921601,1
2016-02-09,train,1,2016-03-09,0.8349457972,1
2016-02-10,train,1,2016-03-10,0.8256567357,1
2016-02-11,train,1,2016-03-11,0.8394087077,1
2016-02-12,train,1,2016-03-14,0.808279633,1
2016-02-16,train,1,2016-03-15,0.7791182979,1
2016-02-17,train,1,2016-03-16,0.7614843933,1
2016-02-18,train,1,2016-03-17,0.7741252025,1
2016-02-19,train,1,2016-03-18,0.7897738546,1
2016-02-22,train,1,2016-03-21,0.7426161023,1
2016-02-23,train,1,2016-03-22,0.7644003465,1
2016-02-24,train,1,2016-03-23,0.7230041349,1
2016-02-25,train,1,2016-03-24,0.6918134378,1
2016-02-26,train,1,2016-03-28,0.7020986989,1
2016-02-29,train,1,2016-03-29,0.7370127902,1
2016-03-01,train,1,2016-03-30,0.7994568028,1
2016-03-02,train,1,2016-03-31,0.7885113512,1
2016-03-03,train,1,2016-04-01,0.7980455062,1
2016-03-04,train,1,2016-04-04,0.7952696968,1
2016-03-07,train,1,2016-04-05,0.8032385892,1
2016-03-08,train,1,2016-04-06,0.6427050387,1
2016-03-09,train,1,2016-04-07,0.6178604993,1
2016-03-10,train,1,2016-04-08,0.588053008,1
2016-03-11,train,1,2016-04-11,0.8610741335,1
2016-03-14,train,1,2016-04-12,0.8816991466,1
2016-03-15,train,1,2016-04-13,0.7883344104,1
2016-03-16,train,1,2016-04-14,0.7694120219,1
2016-03-17,train,1,2016-04-15,0.7313507533,1
2016-03-18,train,1,2016-04-18,0.7168389434,1
2016-03-21,train,1,2016-04-19,0.7260607838,1
2016-03-22,train,1,2016-04-20,0.7365848865,1
2016-03-23,train,1,2016-04-21,0.7448832745,1
2016-03-24,train,1,2016-04-22,0.7381872239,1
2016-03-28,train,1,2016-04-25,0.7520765707,1
2016-03-29,train,1,2016-04-26,0.7167761684,1
2016-03-30,train,1,2016-04-27,0.7197842877,1
2016-03-31,train,1,2016-04-28,0.7359990523,1
2016-04-01,train,0,2016-04-29,0.7062722988,1
2016-04-04,train,1,2016-05-02,0.7053455218,1
2016-04-05,train,1,2016-05-03,0.6895760482,1
2016-04-06,train,0,2016-05-04,0.6207941945,1
2016-04-07,train,1,2016-05-05,0.6733533933,1
2016-04-08,train,1,2016-05-06,0.6717112256,1
2016-04-11,train,1,2016-05-09,0.6734940315,1
2016-04-12,train,1,2016-05-10,0.6666905881,1
2016-04-13,train,0,2016-05-11,0.6161616631,1
2016-04-14,train,0,2016-05-12,0.6375044091,1
2016-04-15,train,0,2016-05-13,0.6386797625,1
2016-04-18,train,0,2016-05-16,0.6179873854,1
2016-04-19,train,0,2016-05-17,0.637650274,1
2016-04-20,train,0,2016-05-18,0.605247022,1
2016-04-21,train,0,2016-05-19,0.6332832419,1
2016-04-22,train,0,2016-05-20,0.6073878851,1
2016-04-25,train,0,2016-05-23,0.6121872331,1
2016-04-26,train,0,2016-05-24,0.6465282003,1
2016-04-27,train,0,2016-05-25,0.6370520004,1
2016-04-28,train,1,2016-05-26,0.6713438249,1
2016-04-29,train,1,2016-05-27,0.6855940907,1
2016-05-02,train,1,2016-05-31,0.6444022838,1
2016-05-03,train,1,2016-06-01,0.6466710525,1
2016-05-04,train,1,2016-06-02,0.6486117509,1
2016-05-05,train,1,2016-06-03,0.6718306155,1
2016-05-06,train,1,2016-06-06,0.6561040853,1
2016-05-09,train,1,2016-06-07,0.6168469706,1
2016-05-10,train,1,2016-06-08,0.6200941014,1
2016-05-11,train,1,2016-06-09,0.7016562975,1
2016-05-12,train,1,2016-06-10,0.6983993835,1
2016-05-13,train,1,2016-06-13,0.715891453,1
2016-05-16,train,1,2016-06-14,0.675524767,1
2016-05-17,train,1,2016-06-15,0.7151332307,1
2016-05-18,train,1,2016-06-16,0.7053186184,1
2016-05-19,train,1,2016-06-17,0.7232029378,1
2016-05-20,train,1,2016-06-20,0.7253313386,1
2016-05-23,train,1,2016-06-21,0.7167611527,1
2016-05-24,train,1,2016-06-22,0.6662013248,1
2016-05-25,train,1,2016-06-23,0.6791517444,1
2016-05-26,train,0,2016-06-24,0.6883705679,1
2016-05-27,train,0,2016-06-27,0.655929493,1
2016-05-31,train,0,2016-06-28,0.6683443155,1
2016-06-01,train,0,2016-06-29,0.6489575733,1
2016-06-02,train,0,2016-06-30,0.6223834297,1
2016-06-03,train,1,2016-07-01,0.6621143023,1
2016-06-06,train,0,2016-07-05,0.6437419559,1
2016-06-07,train,0,2016-07-06,0.6649825785,1
2016-06-08,train,0,2016-07-07,0.6652179807,1
2016-06-09,train,1,2016-07-08,0.6736371743,1
2016-06-10,train,1,2016-07-11,0.6830290599,1
2016-06-13,train,1,2016-07-12,0.6918348447,1
2016-06-14,train,1,2016-07-13,0.6980119682,1
2016-06-15,train,1,2016-07-14,0.715015299,1
2016-06-16,train,1,2016-07-15,0.7044443496,1
2016-06-17,train,1,2016-07-18,0.735314921,1
2016-06-20,train,1,2016-07-19,0.735548758,1
2016-06-21,train,1,2016-07-20,0.7310386351,1
2016-06-22,train,1,2016-07-21,0.7535836951,1
2016-06-23,train,1,2016-07-22,0.7169928414,1
2016-06-24,train,1,2016-07-25,0.7845175883,1
2016-06-27,train,1,2016-07-26,0.6559996188,1
2016-06-28,train,1,2016-07-27,0.7565187788,1
2016-06-29,train,1,2016-07-28,0.7069109259,1
2016-06-30,train,1,2016-07-29,0.6685191858,1
2016-07-01,train,1,2016-08-01,0.7135120919,1
2016-07-05,train,1,2016-08-02,0.7432098532,1
2016-07-06,train,1,2016-08-03,0.682563569,1
2016-07-07,train,1,2016-08-04,0.6780278517,1
2016-07-08,train,1,2016-08-05,0.6174252276,1
2016-07-11,train,1,2016-08-08,0.6302909127,1
2016-07-12,train,1,2016-08-09,0.6213932619,1
2016-07-13,train,1,2016-08-10,0.6338106915,1
2016-07-14,train,1,2016-08-11,0.614865609,1
2016-07-15,train,1,2016-08-12,0.6066935615,1
2016-07-18,train,1,2016-08-15,0.5863335448,1
2016-07-19,train,1,2016-08-16,0.5822241854,1
2016-07-20,train,1,2016-08-17,0.5764457756,1
2016-07-21,train,1,2016-08-18,0.5940649849,1
2016-07-22,train,1,2016-08-19,0.5829708463,1
2016-07-25,train,1,2016-08-22,0.5796899068,1
2016-07-26,train,1,2016-08-23,0.580396205,1
2016-07-27,train,1,2016-08-24,0.6080866951,1
2016-07-28,train,1,2016-08-25,0.6128910626,1
2016-07-29,train,1,2016-08-26,0.618483652,1
2016-08-01,train,1,2016-08-29,0.6186196519,1
2016-08-02,train,1,2016-08-30,0.6483509426,1
2016-08-03,train,1,2016-08-31,0.6454281978,1
2016-08-04,train,1,2016-09-01,0.657164495,1
2016-08-05,train,1,2016-09-02,0.626925623,1
2016-08-08,train,1,2016-09-06,0.647826377,1
2016-08-09,train,1,2016-09-07,0.65451676,1
2016-08-10,train,1,2016-09-08,0.6753553679,1
2016-08-11,train,0,2016-09-09,0.651437251,1
2016-08-12,train,0,2016-09-12,0.6520380017,1
2016-08-15,train,0,2016-09-13,0.6476457241,1
2016-08-16,train,0,2016-09-14,0.6738632391,1
2016-08-17,train,0,2016-09-15,0.6708118341,1
2016-08-18,train,0,2016-09-16,0.6729744791,1
2016-08-19,train,0,2016-09-19,0.6875311667,1
2016-08-22,train,0,2016-09-20,0.6826169348,1
2016-08-23,train,0,2016-09-21,0.6983760186,1
2016-08-24,train,1,2016-09-22,0.7100441068,1
2016-08-25,train,0,2016-09-23,0.7076913124,1
2016-08-26,train,0,2016-09-26,0.7098116887,1
2016-08-29,train,0,2016-09-27,0.6730539672,1
2016-08-30,train,0,2016-09-28,0.6837416284,1
2016-08-31,train,0,2016-09-29,0.6927796083,1
2016-09-01,train,1,2016-09-30,0.7041306218,1
2016-09-02,train,0,2016-10-03,0.710345024,1
2016-09-06,train,0,2016-10-04,0.7146948244,1
2016-09-07,train,0,2016-10-05,0.7169769016,1
2016-09-08,train,0,2016-10-06,0.7314399508,1
2016-09-09,train,1,2016-10-07,0.7701045743,1
2016-09-12,train,1,2016-10-10,0.7000234476,1
2016-09-13,train,1,2016-10-11,0.7301935113,1
2016-09-14,train,1,2016-10-12,0.7181371421,1
2016-09-15,train,0,2016-10-13,0.6841388894,1
2016-09-16,train,0,2016-10-14,0.7198207485,1
2016-09-19,train,0,2016-10-17,0.7106098392,1
2016-09-20,train,1,2016-10-18,0.7240769535,1
2016-09-21,train,0,2016-10-19,0.6827812407,1
2016-09-22,train,0,2016-10-20,0.6716638919,1
2016-09-23,train,0,2016-10-21,0.7115528069,1
2016-09-26,train,1,2016-10-24,0.7438598893,1
2016-09-27,train,0,2016-10-25,0.7185705206,1
2016-09-28,train,0,2016-10-26,0.6983736384,1
2016-09-29,train,0,2016-10-27,0.7320339096,1
2016-09-30,train,0,2016-10-28,0.7071035291,1
2016-10-03,train,0,2016-10-31,0.7462987334,1
2016-10-04,train,0,2016-11-01,0.7488385176,1
2016-10-05,train,0,2016-11-02,0.735086728,1
2016-10-06,train,0,2016-11-03,0.7334881232,1
2016-10-07,train,0,2016-11-04,0.7441566162,1
2016-10-10,train,0,2016-11-07,0.7385714102,1
2016-10-11,train,1,2016-11-08,0.7754783924,1
2016-10-12,train,1,2016-11-09,0.7647347984,1
2016-10-13,train,1,2016-11-10,0.7800111341,1
2016-10-14,train,1,2016-11-11,0.7732672783,1
2016-10-17,train,1,2016-11-14,0.7826263243,1
2016-10-18,train,1,2016-11-15,0.7788318453,1
2016-10-19,train,1,2016-11-16,0.775510357,1
2016-10-20,train,1,2016-11-17,0.7851837513,1
2016-10-21,train,1,2016-11-18,0.7792493782,1
2016-10-24,train,1,2016-11-21,0.7585210014,1
2016-10-25,train,1,2016-11-22,0.7731412018,1
2016-10-26,train,1,2016-11-23,0.7694018874,1
2016-10-27,train,1,2016-11-25,0.7787380896,1
2016-10-28,train,1,2016-11-28,0.789691125,1
2016-10-31,train,1,2016-11-29,0.7946357058,1
2016-11-01,train,1,2016-11-30,0.8100427452,1
2016-11-02,train,1,2016-12-01,0.8216110954,1
2016-11-03,train,1,2016-12-02,0.82727378,1
2016-11-04,train,1,2016-12-05,0.8285883136,1
2016-11-07,train,1,2016-12-06,0.7552188374,1
2016-11-08,train,1,2016-12-07,0.7632820612,1
2016-11-09,train,1,2016-12-08,0.7153833126,1
2016-11-10,train,1,2016-12-09,0.7149204442,1
2016-11-11,train,1,2016-12-12,0.7184784364,1
2016-11-14,train,1,2016-12-13,0.6960365539,1
2016-11-15,train,1,2016-12-14,0.6709548178,1
2016-11-16,train,1,2016-12-15,0.6669900793,1
2016-11-17,train,1,2016-12-16,0.6414498978,1
2016-11-18,train,1,2016-12-19,0.6471348714,1
2016-11-21,train,1,2016-12-20,0.63835109,1
2016-11-22,train,1,2016-12-21,0.6355098044,1
2016-11-23,train,1,2016-12-22,0.631326649,1
2016-11-25,train,1,2016-12-23,0.6190136489,1
2016-11-28,train,1,2016-12-27,0.6358728935,1
2016-11-29,train,1,2016-12-28,0.6164702506,1
2016-11-30,train,1,2016-12-29,0.616390871,1
2016-12-01,train,1,2016-12-30,0.6220296169,1
2016-12-02,train,1,2017-01-03,0.6246461552,1
2016-12-05,train,1,2017-01-04,0.5859846389,1
2016-12-06,train,1,2017-01-05,0.6287580235,1
2016-12-07,train,1,2017-01-06,0.5992240024,1
2016-12-08,train,1,2017-01-09,0.6090169711,1
2016-12-09,train,1,2017-01-10,0.5908203742,1
2016-12-12,train,1,2017-01-11,0.5962186326,1
2016-12-13,train,1,2017-01-12,0.5693574484,1
2016-12-14,train,1,2017-01-13,0.5735480376,1
2016-12-15,train,1,2017-01-17,0.5476420155,1
2016-12-16,train,1,2017-01-18,0.5680291874,1
2016-12-19,train,1,2017-01-19,0.5610077265,1
2016-12-20,train,1,2017-01-20,0.5351486973,1
2016-12-21,train,1,2017-01-23,0.5698420729,1
2016-12-22,train,1,2017-01-24,0.5649987345,1
2016-12-23,train,1,2017-01-25,0.5572942046,1
2016-12-27,train,1,2017-01-26,0.5572857509,1
2016-12-28,train,1,2017-01-27,0.585429706,1
2016-12-29,train,1,2017-01-30,0.5856653021,1
2016-12-30,train,1,2017-01-31,0.6108711593,1
2017-01-03,train,1,2017-02-01,0.5968316695,1
2017-01-04,train,1,2017-02-02,0.5847465536,1
2017-01-05,train,1,2017-02-03,0.6273424597,1
2017-01-06,train,1,2017-02-06,0.6140835317,1
2017-01-09,train,1,2017-02-07,0.6384260191,1
2017-01-10,train,1,2017-02-08,0.634177596,1
2017-01-11,train,1,2017-02-09,0.6258744696,1
2017-01-12,train,1,2017-02-10,0.6439141048,1
2017-01-13,train,1,2017-02-13,0.6278962534,1
2017-01-17,train,1,2017-02-14,0.6545618912,1
2017-01-18,train,1,2017-02-15,0.6274884755,1
2017-01-19,train,1,2017-02-16,0.6468839043,1
2017-01-20,train,1,2017-02-17,0.6426823699,1
2017-01-23,train,1,2017-02-21,0.6563542486,1
2017-01-24,train,1,2017-02-22,0.641527985,1
2017-01-25,train,1,2017-02-23,0.6184363567,1
2017-01-26,train,1,2017-02-24,0.6308581107,1
2017-01-27,train,1,2017-02-27,0.6307010909,1
2017-01-30,train,1,2017-02-28,0.6392592221,1
2017-01-31,train,1,2017-03-01,0.6236595036,1
2017-02-01,train,1,2017-03-02,0.6129315701,1
2017-02-02,train,1,2017-03-03,0.6216021753,1
2017-02-03,train,1,2017-03-06,0.6200970181,1
2017-02-06,train,1,2017-03-07,0.6537181851,1
2017-02-07,train,1,2017-03-08,0.6902194327,1
2017-02-08,train,1,2017-03-09,0.7037000272,1
2017-02-09,train,1,2017-03-10,0.6907308986,1
2017-02-10,train,1,2017-03-13,0.6836632505,1
2017-02-13,train,1,2017-03-14,0.6772941605,1
2017-02-14,train,1,2017-03-15,0.6696667115,1
2017-02-15,train,1,2017-03-16,0.6661850791,1
2017-02-16,train,1,2017-03-17,0.6782187142,1
2017-02-17,train,1,2017-03-20,0.6720093543,1
2017-02-21,train,0,2017-03-21,0.646853347,1
2017-02-22,train,0,2017-03-22,0.6622951352,1
2017-02-23,train,0,2017-03-23,0.6629001007,1
2017-02-24,train,0,2017-03-24,0.6472005788,1
2017-02-27,train,0,2017-03-27,0.6390838478,1
2017-02-28,train,0,2017-03-28,0.6432005572,1
2017-03-01,train,0,2017-03-29,0.5803003503,1
2017-03-02,train,0,2017-03-30,0.5999947238,1
2017-03-03,train,0,2017-03-31,0.600275458,1
2017-03-06,train,0,2017-04-03,0.6137885926,1
2017-03-07,train,0,2017-04-04,0.6351058654,1
2017-03-08,train,0,2017-04-05,0.6289361225,1
2017-03-09,train,0,2017-04-06,0.6451700533,1
2017-03-10,train,0,2017-04-07,0.6455454312,1
2017-03-13,train,0,2017-04-10,0.6597484874,1
2017-03-14,train,0,2017-04-11,0.6794644659,1
2017-03-15,train,0,2017-04-12,0.6734241208,1
2017-03-16,train,0,2017-04-13,0.6880319626,1
2017-03-17,train,0,2017-04-17,0.6978522565,1
2017-03-20,train,0,2017-04-18,0.7025427446,1
2017-03-21,train,0,2017-04-19,0.7470945821,1
2017-03-22,train,1,2017-04-20,0.7299131382,1
2017-03-23,train,1,2017-04-21,0.7377837947,1
2017-03-24,train,1,2017-04-24,0.7499654437,1
2017-03-27,train,1,2017-04-25,0.7507389986,1
2017-03-28,train,1,2017-04-26,0.7267169982,1
2017-03-29,train,1,2017-04-27,0.7296838291,1
2017-03-30,train,1,2017-04-28,0.721720799,1
2017-03-31,train,1,2017-05-01,0.7313139052,1
2017-04-03,train,1,2017-05-02,0.7291116022,1
2017-04-04,train,1,2017-05-03,0.7338097403,1
2017-04-05,train,1,2017-05-04,0.7351512649,1
2017-04-06,train,1,2017-05-05,0.7213179277,1
2017-04-07,train,1,2017-05-08,0.7256766623,1
2017-04-10,train,1,2017-05-09,0.7226850933,1
2017-04-11,train,1,2017-05-10,0.7328663674,1
2017-04-12,train,1,2017-05-11,0.7495054231,1
2017-04-13,train,1,2017-05-12,0.7749950198,1
2017-04-17,train,1,2017-05-15,0.7375266475,1
2017-04-18,train,1,2017-05-16,0.752157947,1
2017-04-19,train,1,2017-05-17,0.7503843729,1
2017-04-20,train,1,2017-05-18,0.7307173942,1
2017-04-21,train,1,2017-05-19,0.763771947,1
2017-04-24,train,1,2017-05-22,0.7249081246,1
2017-04-25,train,1,2017-05-23,0.7096981578,1
2017-04-26,train,1,2017-05-24,0.7199756399,1
2017-04-27,train,1,2017-05-25,0.702462827,1
2017-04-28,train,1,2017-05-26,0.7141021016,1
2017-05-01,train,1,2017-05-30,0.6887935984,1
2017-05-02,train,1,2017-05-31,0.7043812471,1
2017-05-03,train,1,2017-06-01,0.7034188567,1
2017-05-04,train,1,2017-06-02,0.7031889349,1
2017-05-05,train,1,2017-06-05,0.7059465316,1
2017-05-08,train,1,2017-06-06,0.7064475549,1
2017-05-09,train,1,2017-06-07,0.7175631614,1
2017-05-10,train,1,2017-06-08,0.717376202,1
2017-05-11,train,1,2017-06-09,0.7363637412,1
2017-05-12,train,1,2017-06-12,0.7440430949,1
2017-05-15,train,1,2017-06-13,0.7345975165,1
2017-05-16,train,1,2017-06-14,0.7468082946,1
2017-05-17,train,1,2017-06-15,0.7977686581,1
2017-05-18,train,1,2017-06-16,0.7771596601,1
2017-05-19,train,1,2017-06-19,0.7695628271,1
2017-05-22,train,1,2017-06-20,0.7579846028,1
2017-05-23,train,1,2017-06-21,0.7605588677,1
2017-05-24,train,1,2017-06-22,0.7712224286,1
2017-05-25,train,1,2017-06-23,0.7765567599,1
2017-05-26,train,1,2017-06-26,0.7712423034,1
2017-05-30,train,1,2017-06-27,0.7652881531,1
2017-05-31,train,1,2017-06-28,0.7615519664,1
2017-06-01,train,0,2017-06-29,0.7418062843,1
2017-06-02,train,0,2017-06-30,0.7458119281,1
2017-06-05,train,0,2017-07-03,0.7535846054,1
2017-06-06,train,1,2017-07-05,0.7616520338,1
2017-06-07,train,0,2017-07-06,0.7480202042,1
2017-06-08,train,0,2017-07-07,0.7398525296,1
2017-06-09,train,1,2017-07-10,0.7363877945,1
2017-06-12,train,0,2017-07-11,0.7323363812,1
2017-06-13,train,1,2017-07-12,0.7222533232,1
2017-06-14,train,1,2017-07-13,0.7270424516,1
2017-06-15,train,1,2017-07-14,0.7144473504,1
2017-06-16,train,1,2017-07-17,0.7236415314,1
2017-06-19,train,1,2017-07-18,0.6986802741,1
2017-06-20,train,1,2017-07-19,0.7124875946,1
2017-06-21,train,1,2017-07-20,0.7035297087,1
2017-06-22,train,1,2017-07-21,0.7236075083,1
2017-06-23,train,1,2017-07-24,0.718548042,1
2017-06-26,train,1,2017-07-25,0.7391605028,1
2017-06-27,train,1,2017-07-26,0.7735705864,1
2017-06-28,train,1,2017-07-27,0.7331050132,1
2017-06-29,train,1,2017-07-28,0.765880535,1
2017-06-30,train,1,2017-07-31,0.7529543747,1
2017-07-03,train,1,2017-08-01,0.7500504639,1
2017-07-05,train,1,2017-08-02,0.7566447787,1
2017-07-06,train,1,2017-08-03,0.7729443425,1
2017-07-07,train,1,2017-08-04,0.7482265271,1
2017-07-10,train,1,2017-08-07,0.7385825227,1
2017-07-11,train,1,2017-08-08,0.7346043574,1
2017-07-12,train,1,2017-08-09,0.7199783746,1
2017-07-13,train,0,2017-08-10,0.7318758153,1
2017-07-14,train,0,2017-08-11,0.7166280492,1
2017-07-17,train,1,2017-08-14,0.7277294527,1
2017-07-18,train,1,2017-08-15,0.7316007702,1
2017-07-19,train,0,2017-08-16,0.7164589563,1
2017-07-20,train,0,2017-08-17,0.728880055,1
2017-07-21,train,0,2017-08-18,0.7265219934,1
2017-07-24,train,0,2017-08-21,0.7292436448,1
2017-07-25,train,0,2017-08-22,0.7183384275,1
2017-07-26,train,0,2017-08-23,0.7241142634,1
2017-07-27,train,0,2017-08-24,0.7228464338,1
2017-07-28,train,0,2017-08-25,0.7322583473,1
2017-07-31,train,0,2017-08-28,0.7345182861,1
2017-08-01,train,0,2017-08-29,0.7303264862,1
2017-08-02,train,0,2017-08-30,0.7379441329,1
2017-08-03,train,1,2017-08-31,0.7442094392,1
2017-08-04,train,1,2017-09-01,0.7435457247,1
2017-08-07,train,0,2017-09-05,0.7392775777,1
2017-08-08,train,0,2017-09-06,0.7359811654,1
2017-08-09,train,0,2017-09-07,0.7420301946,1
2017-08-10,train,1,2017-09-08,0.7685159614,1
2017-08-11,train,1,2017-09-11,0.7323897008,1
2017-08-14,train,1,2017-09-12,0.7053604679,1
2017-08-15,train,1,2017-09-13,0.707416011,1
2017-08-16,train,1,2017-09-14,0.7248990063,1
2017-08-17,train,1,2017-09-15,0.7879982778,1
2017-08-18,train,1,2017-09-18,0.7879457468,1
2017-08-21,train,1,2017-09-19,0.7824915328,1
2017-08-22,train,1,2017-09-20,0.7496819517,1
2017-08-23,train,1,2017-09-21,0.7690197156,1
2017-08-24,train,1,2017-09-22,0.7883269369,1
2017-08-25,train,1,2017-09-25,0.7917190826,1
2017-08-28,train,1,2017-09-26,0.7853510599,1
2017-08-29,train,1,2017-09-27,0.7756073833,1
2017-08-30,train,1,2017-09-28,0.7573688993,1
2017-08-31,train,1,2017-09-29,0.7525420368,1
2017-09-01,train,1,2017-10-02,0.7541681043,1
2017-09-05,train,1,2017-10-03,0.7811717075,1
2017-09-06,train,1,2017-10-04,0.7668475364,1
2017-09-07,train,1,2017-10-05,0.7752776376,1
2017-09-08,train,1,2017-10-06,0.7738634447,1
2017-09-11,train,1,2017-10-09,0.7527035237,1
2017-09-12,train,1,2017-10-10,0.753221913,1
2017-09-13,train,1,2017-10-11,0.7611110691,1
2017-09-14,train,1,2017-10-12,0.7636507345,1
2017-09-15,train,1,2017-10-13,0.7628372848,1
2017-09-18,train,1,2017-10-16,0.7507480864,1
2017-09-19,train,1,2017-10-17,0.7483605205,1
2017-09-20,train,1,2017-10-18,0.748662958,1
2017-09-21,train,1,2017-10-19,0.7467356968,1
2017-09-22,train,1,2017-10-20,0.7543996411,1
2017-09-25,train,1,2017-10-23,0.7517467774,1
2017-09-26,train,1,2017-10-24,0.7516252641,1
2017-09-27,train,1,2017-10-25,0.7366398113,1
2017-09-28,train,1,2017-10-26,0.745881045,1
2017-09-29,train,1,2017-10-27,0.7421096883,1
2017-10-02,train,1,2017-10-30,0.7437326232,1
2017-10-03,train,1,2017-10-31,0.7473190178,1
2017-10-04,train,1,2017-11-01,0.7388981295,1
2017-10-05,train,1,2017-11-02,0.7241179049,1
2017-10-06,train,1,2017-11-03,0.7246429298,1
2017-10-09,train,1,2017-11-06,0.7368754284,1
2017-10-10,train,1,2017-11-07,0.7332703824,1
2017-10-11,train,1,2017-11-08,0.7367176526,1
2017-10-12,train,1,2017-11-09,0.7432033302,1
2017-10-13,train,1,2017-11-10,0.7432091206,1
2017-10-16,train,1,2017-11-13,0.7421333893,1
2017-10-17,train,1,2017-11-14,0.7390364135,1
2017-10-18,train,1,2017-11-15,0.7390012054,1
2017-10-19,train,1,2017-11-16,0.7315519919,1
2017-10-20,train,1,2017-11-17,0.7168403425,1
2017-10-23,train,1,2017-11-20,0.7247298667,1
2017-10-24,train,1,2017-11-21,0.7131221642,1
2017-10-25,train,1,2017-11-22,0.7255791756,1
2017-10-26,train,1,2017-11-24,0.7251202005,1
2017-10-27,train,1,2017-11-27,0.6867970477,1
2017-10-30,train,1,2017-11-28,0.7195641274,1
2017-10-31,train,1,2017-11-29,0.7163533132,1
2017-11-01,train,1,2017-11-30,0.7239709827,1
2017-11-02,train,1,2017-12-01,0.7343654847,1
2017-11-03,train,1,2017-12-04,0.7058960822,1
2017-11-06,train,1,2017-12-05,0.7162133724,1
2017-11-07,train,1,2017-12-06,0.7263310401,1
2017-11-08,train,1,2017-12-07,0.7307084424,1
2017-11-09,train,1,2017-12-08,0.7312575735,1
2017-11-10,train,1,2017-12-11,0.7052692516,1
2017-11-13,train,1,2017-12-12,0.687383203,1
2017-11-14,train,1,2017-12-13,0.7044073632,1
2017-11-15,train,1,2017-12-14,0.7313972339,1
2017-11-16,train,1,2017-12-15,0.6906726943,1
2017-11-17,train,1,2017-12-18,0.7095186502,1
2017-11-20,train,1,2017-12-19,0.7018311186,1
2017-11-21,train,1,2017-12-20,0.6875416353,1
2017-11-22,train,1,2017-12-21,0.7098706232,1
2017-11-24,train,1,2017-12-22,0.7039766576,1
2017-11-27,train,1,2017-12-26,0.7125110415,1
2017-11-28,train,1,2017-12-27,0.6840226036,1
2017-11-29,train,1,2017-12-28,0.6672119217,1
2017-11-30,train,1,2017-12-29,0.6473020414,1
2017-12-01,train,1,2018-01-02,0.6538576855,1
2017-12-04,train,1,2018-01-03,0.6561930072,1
2017-12-05,train,1,2018-01-04,0.6745922852,1
2017-12-06,train,1,2018-01-05,0.6736476648,1
2017-12-07,train,1,2018-01-08,0.6531408418,1
2017-12-08,train,1,2018-01-09,0.6375551557,1
2017-12-11,train,1,2018-01-10,0.6353346901,1
2017-12-12,train,1,2018-01-11,0.6373235025,1
2017-12-13,train,1,2018-01-12,0.6456134694,1
2017-12-14,train,1,2018-01-16,0.6600209026,1
2017-12-15,train,1,2018-01-17,0.6189931702,1
2017-12-18,train,1,2018-01-18,0.6126214682,1
2017-12-19,train,1,2018-01-19,0.632516725,1
2017-12-20,train,1,2018-01-22,0.6409037297,1
2017-12-21,train,1,2018-01-23,0.6537048772,1
2017-12-22,train,1,2018-01-24,0.6545065393,1
2017-12-26,train,1,2018-01-25,0.6522514269,1
2017-12-27,train,1,2018-01-26,0.6733945108,1
2017-12-28,train,1,2018-01-29,0.6710871332,1
2017-12-29,train,1,2018-01-30,0.6911293826,1
2018-01-02,train,1,2018-01-31,0.6777018308,1
2018-01-03,train,1,2018-02-01,0.6732440486,1
2018-01-04,train,1,2018-02-02,0.6677502138,1
2018-01-05,train,0,2018-02-05,0.6505220218,1
2018-01-08,train,0,2018-02-06,0.6533808122,1
2018-01-09,train,0,2018-02-07,0.6393850441,1
2018-01-10,train,0,2018-02-08,0.6334841833,1
2018-01-11,train,0,2018-02-09,0.6118425326,1
2018-01-12,train,0,2018-02-12,0.6012605574,1
2018-01-16,train,0,2018-02-13,0.6263540099,1
2018-01-17,train,0,2018-02-14,0.5929491821,1
2018-01-18,train,0,2018-02-15,0.6244418521,1
2018-01-19,train,0,2018-02-16,0.5994954419,1
2018-01-22,train,0,2018-02-20,0.5730075835,1
2018-01-23,train,0,2018-02-21,0.5780158876,1
2018-01-24,train,0,2018-02-22,0.5787120553,1
2018-01-25,train,0,2018-02-23,0.5949609378,1
2018-01-26,train,0,2018-02-26,0.5427890434,1
2018-01-29,train,0,2018-02-27,0.5639433121,1
2018-01-30,train,0,2018-02-28,0.5988343225,1
2018-01-31,train,0,2018-03-01,0.5934704777,1
2018-02-01,train,0,2018-03-02,0.6077372925,1
2018-02-02,train,0,2018-03-05,0.6532174157,1
2018-02-05,train,1,2018-03-06,0.7605676298,1
2018-02-06,train,1,2018-03-07,0.6890606202,1
2018-02-07,train,1,2018-03-08,0.7094882943,1
2018-02-08,train,1,2018-03-09,0.8094766908,1
2018-02-09,train,1,2018-03-12,0.7646185183,1
2018-02-12,train,1,2018-03-13,0.7720623745,1
2018-02-13,train,1,2018-03-14,0.7428443438,1
2018-02-14,train,1,2018-03-15,0.7225000704,1
2018-02-15,train,1,2018-03-16,0.7185596184,1
2018-02-16,train,0,2018-03-19,0.7177491162,1
2018-02-20,train,1,2018-03-20,0.7278628365,1
2018-02-21,train,1,2018-03-21,0.731900526,1
2018-02-22,train,0,2018-03-22,0.712236603,1
2018-02-23,train,0,2018-03-23,0.6387574,1
2018-02-26,train,0,2018-03-26,0.6234630946,1
2018-02-27,train,0,2018-03-27,0.6835816706,1
2018-02-28,train,0,2018-03-28,0.7282904511,1
2018-03-01,train,0,2018-03-29,0.7568086458,1
2018-03-02,train,0,2018-04-02,0.7120826169,1
2018-03-05,train,0,2018-04-03,0.6444421509,1
2018-03-06,train,0,2018-04-04,0.6754536295,1
2018-03-07,train,0,2018-04-05,0.6968645815,1
2018-03-08,train,0,2018-04-06,0.6956338508,1
2018-03-09,train,0,2018-04-09,0.631799346,1
2018-03-12,train,0,2018-04-10,0.645371571,1
2018-03-13,train,0,2018-04-11,0.6630472482,1
2018-03-14,train,0,2018-04-12,0.6842912851,1
2018-03-15,train,0,2018-04-13,0.6979133143,1
2018-03-16,train,0,2018-04-16,0.6814583335,1
2018-03-19,train,0,2018-04-17,0.7277558485,1
2018-03-20,train,0,2018-04-18,0.7182630213,1
2018-03-21,train,0,2018-04-19,0.7399001559,1
2018-03-22,train,1,2018-04-20,0.7984508552,1
2018-03-23,train,1,2018-04-23,0.8408909438,1
2018-03-26,train,0,2018-04-24,0.7612735118,1
2018-03-27,train,1,2018-04-25,0.8233785014,1
2018-03-28,train,1,2018-04-26,0.8185544539,1
2018-03-29,train,1,2018-04-27,0.8000271686,1
2018-04-02,train,1,2018-04-30,0.9388603039,1
2018-04-03,train,1,2018-05-01,0.9102682697,1
2018-04-04,train,0,2018-05-02,0.9082082794,1
2018-04-05,train,0,2018-05-03,0.9029882425,1
2018-04-06,train,1,2018-05-04,0.9306197449,1
2018-04-09,train,1,2018-05-07,0.9345408388,1
2018-04-10,train,1,2018-05-08,0.9127132869,1
2018-04-11,train,1,2018-05-09,0.919812121,1
2018-04-12,train,1,2018-05-10,0.8987879325,1
2018-04-13,train,1,2018-05-11,0.9204103748,1
2018-04-16,train,1,2018-05-14,0.9070828586,1
2018-04-17,train,1,2018-05-15,0.8830900544,1
2018-04-18,train,1,2018-05-16,0.8953710426,1
2018-04-19,train,1,2018-05-17,0.8968925596,1
2018-04-20,train,1,2018-05-18,0.9056629427,1
2018-04-23,train,1,2018-05-21,0.8999429663,1
2018-04-24,train,1,2018-05-22,0.9259512055,1
2018-04-25,train,1,2018-05-23,0.9154348809,1
2018-04-26,train,1,2018-05-24,0.899230154,1
2018-04-27,train,1,2018-05-25,0.909094543,1
2018-04-30,train,1,2018-05-29,0.9210182384,1
2018-05-01,train,1,2018-05-30,0.915978769,1
2018-05-02,train,1,2018-05-31,0.9088301516,1
2018-05-03,train,1,2018-06-01,0.9149265884,1
2018-05-04,train,1,2018-06-04,0.8956289546,1
2018-05-07,train,1,2018-06-05,0.7606809016,1
2018-05-08,train,1,2018-06-06,0.7922884599,1
2018-05-09,train,1,2018-06-07,0.7736509431,1
2018-05-10,train,1,2018-06-08,0.7645080205,1
2018-05-11,train,1,2018-06-11,0.7592665765,1
2018-05-14,train,1,2018-06-12,0.7707961987,1
2018-05-15,train,1,2018-06-13,0.7863854099,1
2018-05-16,train,1,2018-06-14,0.7614269155,1
2018-05-17,train,1,2018-06-15,0.7550334899,1
2018-05-18,train,1,2018-06-18,0.7586017616,1
2018-05-21,train,1,2018-06-19,0.7476384917,1
2018-05-22,train,1,2018-06-20,0.7836082222,1
2018-05-23,train,1,2018-06-21,0.7544706254,1
2018-05-24,train,1,2018-06-22,0.7613541321,1
2018-05-25,train,1,2018-06-25,0.7539568423,1
2018-05-29,train,1,2018-06-26,0.7815251291,1
2018-05-30,train,0,2018-06-27,0.7483415,1
2018-05-31,train,1,2018-06-28,0.7707878298,1
2018-06-01,train,0,2018-06-29,0.7334906387,1
2018-06-04,train,0,2018-07-02,0.7424043525,1
2018-06-05,train,0,2018-07-03,0.7744178416,1
2018-06-06,train,0,2018-07-05,0.7336683876,1
2018-06-07,train,0,2018-07-06,0.7448327149,1
2018-06-08,train,1,2018-07-09,0.712178475,1
2018-06-11,train,1,2018-07-10,0.7105109099,1
2018-06-12,train,0,2018-07-11,0.7039175099,1
2018-06-13,train,1,2018-07-12,0.6911441268,1
2018-06-14,train,1,2018-07-13,0.6803418691,1
2018-06-15,train,1,2018-07-16,0.6682963583,1
2018-06-18,train,1,2018-07-17,0.6383247484,1
2018-06-19,train,1,2018-07-18,0.6118318125,1
2018-06-20,train,1,2018-07-19,0.6525798116,1
2018-06-21,train,1,2018-07-20,0.6425660975,1
2018-06-22,train,1,2018-07-23,0.6343561094,1
2018-06-25,train,1,2018-07-24,0.7053141974,1
2018-06-26,train,1,2018-07-25,0.6576381499,1
2018-06-27,train,1,2018-07-26,0.7179931899,1
2018-06-28,train,1,2018-07-27,0.7124362651,1
2018-06-29,train,1,2018-07-30,0.7331276223,1
2018-07-02,train,1,2018-07-31,0.7046984222,1
2018-07-03,train,1,2018-08-01,0.7238766861,1
2018-07-05,train,1,2018-08-02,0.7255016162,1
2018-07-06,train,1,2018-08-03,0.6852423895,1
2018-07-09,train,1,2018-08-06,0.6737744914,1
2018-07-10,train,1,2018-08-07,0.6587893371,1
2018-07-11,train,1,2018-08-08,0.6993071275,1
2018-07-12,train,1,2018-08-09,0.666677806,1
2018-07-13,train,1,2018-08-10,0.6605183499,1
2018-07-16,train,1,2018-08-13,0.6471597398,1
2018-07-17,train,1,2018-08-14,0.6127234046,1
2018-07-18,train,1,2018-08-15,0.617366166,1
2018-07-19,train,1,2018-08-16,0.5992061833,1
2018-07-20,train,1,2018-08-17,0.6122971572,1
2018-07-23,train,1,2018-08-20,0.6124170623,1
2018-07-24,train,1,2018-08-21,0.5891815598,1
2018-07-25,train,1,2018-08-22,0.539886189,1
2018-07-26,train,1,2018-08-23,0.571135772,1
2018-07-27,train,1,2018-08-24,0.5858826793,1
2018-07-30,train,1,2018-08-27,0.5981654374,1
2018-07-31,train,1,2018-08-28,0.5931333147,1
2018-08-01,train,1,2018-08-29,0.5908222349,1
2018-08-02,train,1,2018-08-30,0.5710339403,1
2018-08-03,train,1,2018-08-31,0.5901671674,1
2018-08-06,train,1,2018-09-04,0.5976314915,1
2018-08-07,train,1,2018-09-05,0.596080531,1
2018-08-08,train,1,2018-09-06,0.6059001374,1
2018-08-09,train,1,2018-09-07,0.608465832,1
2018-08-10,train,1,2018-09-10,0.626069219,1
2018-08-13,train,1,2018-09-11,0.628692219,1
2018-08-14,train,1,2018-09-12,0.5877724828,1
2018-08-15,train,1,2018-09-13,0.6296579473,1
2018-08-16,train,1,2018-09-14,0.5808502128,1
2018-08-17,train,1,2018-09-17,0.6015200054,1
2018-08-20,train,1,2018-09-18,0.6009266891,1
2018-08-21,train,1,2018-09-19,0.5904178092,1
2018-08-22,train,1,2018-09-20,0.604090416,1
2018-08-23,train,1,2018-09-21,0.614145248,1
2018-08-24,train,1,2018-09-24,0.5807658939,1
2018-08-27,train,1,2018-09-25,0.5840755943,1
2018-08-28,train,1,2018-09-26,0.5937049775,1
2018-08-29,train,1,2018-09-27,0.5851170667,1
2018-08-30,train,1,2018-09-28,0.6127691801,1
2018-08-31,train,1,2018-10-01,0.6079145356,1
2018-09-04,train,1,2018-10-02,0.6035470984,1
2018-09-05,train,1,2018-10-03,0.6101593206,1
2018-09-06,train,1,2018-10-04,0.6232187729,1
2018-09-07,train,1,2018-10-05,0.6232737751,1
2018-09-10,train,1,2018-10-08,0.6223208532,1
2018-09-11,train,0,2018-10-09,0.6084681829,1
2018-09-12,train,0,2018-10-10,0.6251214542,1
2018-09-13,train,0,2018-10-11,0.6062652817,1
2018-09-14,train,0,2018-10-12,0.6212798753,1
2018-09-17,train,0,2018-10-15,0.6404585692,1
2018-09-18,train,0,2018-10-16,0.603509796,1
2018-09-19,train,0,2018-10-17,0.5918214345,1
2018-09-20,train,0,2018-10-18,0.5700627805,1
2018-09-21,train,0,2018-10-19,0.5716905465,1
2018-09-24,train,0,2018-10-22,0.6046546272,1
2018-09-25,train,0,2018-10-23,0.6097755419,1
2018-09-26,train,0,2018-10-24,0.6333720925,1
2018-09-27,train,0,2018-10-25,0.5981119507,1
2018-09-28,train,0,2018-10-26,0.6052651949,1
2018-10-01,train,0,2018-10-29,0.6024162494,1
2018-10-02,train,0,2018-10-30,0.6083209686,1
2018-10-03,train,0,2018-10-31,0.6079767334,1
2018-10-04,train,0,2018-11-01,0.6301810789,1
2018-10-05,train,0,2018-11-02,0.6521501866,1
2018-10-08,train,0,2018-11-05,0.6413479921,1
2018-10-09,train,0,2018-11-06,0.6481905436,1
2018-10-10,train,1,2018-11-07,0.7406682201,1
2018-10-11,train,1,2018-11-08,0.6282943194,1
2018-10-12,train,1,2018-11-09,0.7462504978,1
2018-10-15,train,0,2018-11-12,0.7690045013,1
2018-10-16,train,0,2018-11-13,0.6991424498,1
2018-10-17,train,0,2018-11-14,0.7441942181,1
2018-10-18,train,0,2018-11-15,0.8076786205,1
2018-10-19,train,0,2018-11-16,0.7931329283,1
2018-10-22,train,0,2018-11-19,0.7986536056,1
2018-10-23,train,0,2018-11-20,0.6111245298,1
2018-10-24,train,0,2018-11-21,0.7081632984,1
2018-10-25,train,0,2018-11-23,0.6351159764,1
2018-10-26,train,1,2018-11-26,0.7338851426,1
2018-10-29,train,1,2018-11-27,0.747089326,1
2018-10-30,train,1,2018-11-28,0.704762374,1
2018-10-31,train,1,2018-11-29,0.7126620349,1
2018-11-01,train,1,2018-11-30,0.6692234295,1
2018-11-02,train,1,2018-12-03,0.7188678848,1
2018-11-05,train,0,2018-12-04,0.6946979566,1
2018-11-06,train,0,2018-12-06,0.8172682574,1
2018-11-07,train,0,2018-12-07,0.7524748207,1
2018-11-08,train,0,2018-12-10,0.7415900986,1
2018-11-09,train,0,2018-12-11,0.7852362399,1
2018-11-12,train,0,2018-12-12,0.659964127,1
2018-11-13,train,0,2018-12-13,0.6617407863,1
2018-11-14,train,0,2018-12-14,0.6662804196,1
2018-11-15,train,0,2018-12-17,0.6120465221,1
2018-11-16,train,0,2018-12-18,0.6269217263,1
2018-11-19,train,0,2018-12-19,0.713503951,1
2018-11-20,train,0,2018-12-20,0.7562346955,1
2018-11-21,train,0,2018-12-21,0.7545434142,1
2018-11-23,train,0,2018-12-24,0.7772492331,1
2018-11-26,train,0,2018-12-26,0.7190469442,1
2018-11-27,train,0,2018-12-27,0.730491911,1
2018-11-28,train,0,2018-12-28,0.8339348392,1
2018-11-29,train,0,2018-12-31,0.7074726713,1
2018-11-30,train,0,2019-01-02,0.8356678345,1
2018-12-03,train,0,2019-01-03,0.8005351125,1
2018-12-04,train,0,2019-01-04,0.7342198185,1
2018-12-06,train,0,2019-01-07,0.7078009726,1
2018-12-07,train,0,2019-01-08,0.7881043088,1
2018-12-10,train,0,2019-01-09,0.7652621532,1
2018-12-11,train,0,2019-01-10,0.7541550472,1
2018-12-12,train,0,2019-01-11,0.7660878174,1
2018-12-13,train,0,2019-01-14,0.7743433624,1
2018-12-14,train,1,2019-01-15,0.8365879204,1
2018-12-17,train,1,2019-01-16,0.8736100072,1
2018-12-18,train,1,2019-01-17,0.8680027513,1
2018-12-19,train,1,2019-01-18,0.8918525584,1
2018-12-20,train,1,2019-01-22,0.9502182311,1
2018-12-21,train,1,2019-01-23,0.9833103814,1
2018-12-24,train,1,2019-01-24,0.9895663851,1
2018-12-26,train,1,2019-01-25,0.9732595823,1
2018-12-27,train,1,2019-01-28,0.9573374943,1
2018-12-28,train,1,2019-01-29,0.9673541008,1
2018-12-31,train,1,2019-01-30,0.9669184792,1
2019-01-02,train,1,2019-01-31,0.9722381036,1
2019-01-03,train,1,2019-02-01,0.9870866938,1
2019-01-04,train,1,2019-02-04,0.953552603,1
2019-01-07,train,1,2019-02-05,0.9519796894,1
2019-01-08,train,1,2019-02-06,0.9320348314,1
2019-01-09,train,1,2019-02-07,0.9231969523,1
2019-01-10,train,1,2019-02-08,0.9331254937,1
2019-01-11,train,1,2019-02-11,0.9191181436,1
2019-01-14,train,1,2019-02-12,0.9284737329,1
2019-01-15,train,1,2019-02-13,0.9103318939,1
2019-01-16,train,1,2019-02-14,0.9047593585,1
2019-01-17,train,1,2019-02-15,0.888519279,1
2019-01-18,train,1,2019-02-19,0.8596923136,1
2019-01-22,train,1,2019-02-20,0.8824759036,1
2019-01-23,train,1,2019-02-21,0.8480485808,1
2019-01-24,train,1,2019-02-22,0.8592601943,1
2019-01-25,train,1,2019-02-25,0.8484946952,1
2019-01-28,train,1,2019-02-26,0.8573410126,1
2019-01-29,train,1,2019-02-27,0.8739563228,1
2019-01-30,train,1,2019-02-28,0.8506727487,1
2019-01-31,train,1,2019-03-01,0.8376400966,1
2019-02-01,train,1,2019-03-04,0.8284740504,1
2019-02-04,train,1,2019-03-05,0.9267127906,1
2019-02-05,train,1,2019-03-06,0.9304592916,1
2019-02-06,train,1,2019-03-07,0.9355529723,1
2019-02-07,train,1,2019-03-08,0.8757760788,1
2019-02-08,train,1,2019-03-11,0.8608652857,1
2019-02-11,train,1,2019-03-12,0.8436291034,1
2019-02-12,train,1,2019-03-13,0.9060617983,1
2019-02-13,train,1,2019-03-14,0.8997383098,1
2019-02-14,train,1,2019-03-15,0.9151013733,1
2019-02-15,train,1,2019-03-18,0.8997989971,1
2019-02-19,train,1,2019-03-19,0.8944291306,1
2019-02-20,train,1,2019-03-20,0.8769608635,1
2019-02-21,train,1,2019-03-21,0.8768356263,1
2019-02-22,train,1,2019-03-22,0.8640583544,1
2019-02-25,train,1,2019-03-25,0.8702699511,1
2019-02-26,train,1,2019-03-26,0.8784795845,1
2019-02-27,train,1,2019-03-27,0.8908762733,1
2019-02-28,train,1,2019-03-28,0.8985730918,1
2019-03-01,train,1,2019-03-29,0.8895898404,1
2019-03-04,train,1,2019-04-01,0.9020997622,1
2019-03-05,train,1,2019-04-02,0.8909183114,1
2019-03-06,train,1,2019-04-03,0.9011887312,1
2019-03-07,train,1,2019-04-04,0.8961584431,1
2019-03-08,train,1,2019-04-05,0.7962503114,1
2019-03-11,train,1,2019-04-08,0.7488919202,1
2019-03-12,train,1,2019-04-09,0.7429836656,1
2019-03-13,train,1,2019-04-10,0.7352975028,1
2019-03-14,train,1,2019-04-11,0.7242907123,1
2019-03-15,train,1,2019-04-12,0.6861446423,1
2019-03-18,train,1,2019-04-15,0.6625422403,1
2019-03-19,train,1,2019-04-16,0.632711275,1
2019-03-20,train,1,2019-04-17,0.6163432218,1
2019-03-21,train,1,2019-04-18,0.5125532316,1
2019-03-22,train,1,2019-04-22,0.5288196434,1
2019-03-25,train,1,2019-04-23,0.6218890668,1
2019-03-26,train,1,2019-04-24,0.6074189911,1
2019-03-27,train,1,2019-04-25,0.628279125,1
2019-03-28,train,1,2019-04-26,0.6096815643,1
2019-03-29,train,1,2019-04-29,0.6152799315,1
2019-04-01,train,1,2019-04-30,0.5105982636,1
2019-04-02,train,1,2019-05-01,0.5624569387,1
2019-04-03,train,1,2019-05-02,0.5776248883,1
2019-04-04,train,1,2019-05-03,0.57300921,1
2019-04-05,train,1,2019-05-06,0.533684853,1
2019-04-08,train,0,2019-05-07,0.5416946233,1
2019-04-09,train,1,2019-05-08,0.570265043,1
2019-04-10,train,0,2019-05-09,0.5502568249,1
2019-04-11,train,0,2019-05-10,0.5691047445,1
2019-04-12,train,0,2019-05-13,0.5368384073,1
2019-04-15,train,0,2019-05-14,0.5594417317,1
2019-04-16,train,0,2019-05-15,0.5872088343,1
2019-04-17,train,0,2019-05-16,0.5764636938,1
2019-04-18,train,0,2019-05-17,0.5699848622,1
2019-04-22,train,0,2019-05-20,0.5605907134,1
2019-04-23,train,0,2019-05-21,0.5418314619,1
2019-04-24,train,0,2019-05-22,0.5398013924,1
2019-04-25,train,0,2019-05-23,0.5367723927,1
2019-04-26,train,0,2019-05-24,0.5477655924,1
2019-04-29,train,0,2019-05-28,0.5629968713,1
2019-04-30,train,0,2019-05-29,0.5683089977,1
2019-05-01,train,0,2019-05-30,0.6157900667,1
2019-05-02,train,0,2019-05-31,0.6172484348,1
2019-05-03,train,0,2019-06-03,0.5778170694,1
2019-05-06,train,0,2019-06-04,0.585699479,1
2019-05-07,train,0,2019-06-05,0.6432614641,1
2019-05-08,train,0,2019-06-06,0.6501362382,1
2019-05-09,train,1,2019-06-07,0.6760795111,1
2019-05-10,train,1,2019-06-10,0.6545447091,1
2019-05-13,train,1,2019-06-11,0.7314201564,1
2019-05-14,train,1,2019-06-12,0.7160364129,1
2019-05-15,train,1,2019-06-13,0.7006662291,1
2019-05-16,train,1,2019-06-14,0.6686404232,1
2019-05-17,train,1,2019-06-17,0.686524341,1
2019-05-20,train,1,2019-06-18,0.7375581818,1
2019-05-21,train,1,2019-06-19,0.6996827866,1
2019-05-22,train,1,2019-06-20,0.7025749695,1
2019-05-23,train,1,2019-06-21,0.7372238258,1
2019-05-24,train,1,2019-06-24,0.7355229762,1
2019-05-28,train,1,2019-06-25,0.7849841,1
2019-05-29,train,1,2019-06-26,0.790769205,1
2019-05-30,train,1,2019-06-27,0.7762064283,1
2019-05-31,train,1,2019-06-28,0.6595751034,1
2019-06-03,train,1,2019-07-01,0.6699358164,1
2019-06-04,train,1,2019-07-02,0.7545914308,1
2019-06-05,train,1,2019-07-03,0.7533824031,1
2019-06-06,train,1,2019-07-05,0.7349848841,1
2019-06-07,train,1,2019-07-08,0.7283561229,1
2019-06-10,train,1,2019-07-09,0.722424385,1
2019-06-11,train,1,2019-07-10,0.7058493368,1
2019-06-12,train,1,2019-07-11,0.7031925806,1
2019-06-13,train,1,2019-07-12,0.6790791653,1
2019-06-14,train,1,2019-07-15,0.6622370695,1
2019-06-17,train,1,2019-07-16,0.6735979712,1
2019-06-18,train,1,2019-07-17,0.6147511694,1
2019-06-19,train,1,2019-07-18,0.6288772693,1
2019-06-20,train,1,2019-07-19,0.6116141882,1
2019-06-21,train,1,2019-07-22,0.608809819,1
2019-06-24,train,1,2019-07-23,0.6265489379,1
2019-06-25,train,1,2019-07-24,0.6608897721,1
2019-06-26,train,1,2019-07-25,0.6656096733,1
2019-06-27,train,1,2019-07-26,0.6488812066,1
2019-06-28,train,1,2019-07-29,0.6326731068,1
2019-07-01,train,1,2019-07-30,0.6156176181,1
2019-07-02,train,1,2019-07-31,0.6546595416,1
2019-07-03,train,0,2019-08-01,0.6438733219,1
2019-07-05,train,0,2019-08-02,0.6379559743,1
2019-07-08,train,0,2019-08-05,0.6557354347,1
2019-07-09,train,0,2019-08-06,0.6370262205,1
2019-07-10,train,0,2019-08-07,0.6263873308,1
2019-07-11,train,0,2019-08-08,0.61122419,1
2019-07-12,train,0,2019-08-09,0.6046573943,1
2019-07-15,train,0,2019-08-12,0.6093418672,1
2019-07-16,train,0,2019-08-13,0.6229419833,1
2019-07-17,train,0,2019-08-14,0.6574985012,1
2019-07-18,train,0,2019-08-15,0.6545934122,1
2019-07-19,train,0,2019-08-16,0.6788647803,1
2019-07-22,train,0,2019-08-19,0.6633038201,1
2019-07-23,train,0,2019-08-20,0.6426919841,1
2019-07-24,train,0,2019-08-21,0.6457256096,1
2019-07-25,train,0,2019-08-22,0.6540052133,1
2019-07-26,train,0,2019-08-23,0.617266545,1
2019-07-29,train,0,2019-08-26,0.6321590106,1
2019-07-30,train,0,2019-08-27,0.6375239808,1
2019-07-31,train,0,2019-08-28,0.6767434938,1
2019-08-01,train,0,2019-08-29,0.6996130104,1
2019-08-02,train,0,2019-08-30,0.7036610845,1
2019-08-05,train,1,2019-09-03,0.7833346269,1
2019-08-06,train,1,2019-09-04,0.7277868351,1
2019-08-07,train,1,2019-09-05,0.7288001628,1
2019-08-08,train,1,2019-09-06,0.6626286357,1
2019-08-09,train,1,2019-09-09,0.7172938577,1
2019-08-12,train,1,2019-09-10,0.7944257312,1
2019-08-13,train,1,2019-09-11,0.7159975159,1
2019-08-14,train,1,2019-09-12,0.801640199,1
2019-08-15,train,1,2019-09-13,0.7691440572,1
2019-08-16,train,1,2019-09-16,0.725927669,1
2019-08-19,train,1,2019-09-17,0.6805930779,1
2019-08-20,train,1,2019-09-18,0.706243606,1
2019-08-21,train,1,2019-09-19,0.6953913947,1
2019-08-22,train,1,2019-09-20,0.6821657171,1
2019-08-23,train,1,2019-09-23,0.7611574135,1
2019-08-26,train,1,2019-09-24,0.6610703106,1
2019-08-27,train,1,2019-09-25,0.6828600451,1
2019-08-28,train,1,2019-09-26,0.6720263348,1
2019-08-29,train,1,2019-09-27,0.6363549823,1
2019-08-30,train,1,2019-09-30,0.6911433077,1
2019-09-03,train,1,2019-10-01,0.706357278,1
2019-09-04,train,0,2019-10-02,0.6838968179,1
2019-09-05,train,0,2019-10-03,0.6163117979,1
2019-09-06,train,0,2019-10-04,0.6254412545,1
2019-09-09,train,0,2019-10-07,0.6286052273,1
2019-09-10,train,0,2019-10-08,0.6351885472,1
2019-09-11,train,0,2019-10-09,0.6015272056,1
2019-09-12,train,0,2019-10-10,0.5921566522,1
2019-09-13,train,0,2019-10-11,0.5911372619,1
2019-09-16,train,0,2019-10-14,0.6231757328,1
2019-09-17,train,0,2019-10-15,0.6237718011,1
2019-09-18,train,0,2019-10-16,0.6083854761,1
2019-09-19,train,0,2019-10-17,0.5996764664,1
2019-09-20,train,0,2019-10-18,0.6272921423,1
2019-09-23,train,1,2019-10-21,0.6328210414,1
2019-09-24,train,1,2019-10-22,0.6821780395,1
2019-09-25,train,1,2019-10-23,0.6500562232,1
2019-09-26,train,1,2019-10-24,0.6764000341,1
2019-09-27,train,1,2019-10-25,0.7178385915,1
2019-09-30,train,1,2019-10-28,0.6989154745,1
2019-10-01,train,1,2019-10-29,0.7443284111,1
2019-10-02,train,1,2019-10-30,0.7925633627,1
2019-10-03,train,1,2019-10-31,0.7749463065,1
2019-10-04,train,1,2019-11-01,0.7413016639,1
2019-10-07,train,1,2019-11-04,0.7658047731,1
2019-10-08,train,1,2019-11-05,0.815323169,1
2019-10-09,train,1,2019-11-06,0.7961622067,1
2019-10-10,train,1,2019-11-07,0.7639587172,1
2019-10-11,train,1,2019-11-08,0.7269213044,1
2019-10-14,train,1,2019-11-11,0.7353637918,1
2019-10-15,train,1,2019-11-12,0.721533598,1
2019-10-16,train,1,2019-11-13,0.7352977629,1
2019-10-17,train,1,2019-11-14,0.7242888089,1
2019-10-18,train,1,2019-11-15,0.7299001274,1
2019-10-21,train,1,2019-11-18,0.7160594873,1
2019-10-22,train,1,2019-11-19,0.7173744492,1
2019-10-23,train,1,2019-11-20,0.713943446,1
2019-10-24,train,1,2019-11-21,0.6932938438,1
2019-10-25,train,1,2019-11-22,0.6767685679,1
2019-10-28,train,1,2019-11-25,0.6515325697,1
2019-10-29,train,1,2019-11-26,0.6224979729,1
2019-10-30,train,1,2019-11-27,0.6316460669,1
2019-10-31,train,1,2019-11-29,0.6459133638,1
2019-11-01,train,1,2019-12-02,0.6500559561,1
2019-11-04,train,1,2019-12-03,0.6378538734,1
2019-11-05,train,1,2019-12-04,0.6376938357,1
2019-11-06,train,1,2019-12-05,0.6605892808,1
2019-11-07,train,1,2019-12-06,0.6160427457,1
2019-11-08,train,1,2019-12-09,0.6021572064,1
2019-11-11,train,1,2019-12-10,0.6270376156,1
2019-11-12,train,1,2019-12-11,0.6501991464,1
2019-11-13,train,1,2019-12-12,0.635054731,1
2019-11-14,train,1,2019-12-13,0.6375360448,1
2019-11-15,train,1,2019-12-16,0.6223799546,1
2019-11-18,train,1,2019-12-17,0.5886395038,1
2019-11-19,train,1,2019-12-18,0.6113105078,1
2019-11-20,train,1,2019-12-19,0.6180780811,1
2019-11-21,train,1,2019-12-20,0.6363438842,1
2019-11-22,train,1,2019-12-23,0.6357524715,1
2019-11-25,train,1,2019-12-24,0.6122247624,1
2019-11-26,train,1,2019-12-26,0.6063023577,1
2019-11-27,train,1,2019-12-27,0.6075191845,1
2019-11-29,train,1,2019-12-30,0.6447418708,1
2019-12-02,train,1,2019-12-31,0.6728923865,1
2019-12-03,train,1,2020-01-02,0.6927661841,1
2019-12-04,train,1,2020-01-03,0.6633055065,1
2019-12-05,train,1,2020-01-06,0.6672145159,1
2019-12-06,train,1,2020-01-07,0.6387816033,1
2019-12-09,train,1,2020-01-08,0.6706680754,1
2019-12-10,train,1,2020-01-09,0.6766109692,1
2019-12-11,train,1,2020-01-10,0.6691639971,1
2019-12-12,train,1,2020-01-13,0.6431290241,1
2019-12-13,train,1,2020-01-14,0.6441681192,1
2019-12-16,train,1,2020-01-15,0.6260279345,1
2019-12-17,train,1,2020-01-16,0.6393863241,1
2019-12-18,train,1,2020-01-17,0.6213837546,1
2019-12-19,train,1,2020-01-21,0.6210984558,1
2019-12-20,train,1,2020-01-22,0.6038378092,1
2019-12-23,train,1,2020-01-23,0.5972865468,1
2019-12-24,train,1,2020-01-24,0.6162655163,1
2019-12-26,train,1,2020-01-27,0.5848903833,1
2019-12-27,train,1,2020-01-28,0.5646538344,1
2019-12-30,train,1,2020-01-29,0.5876767344,1
2019-12-31,train,1,2020-01-30,0.5946393731,1
2020-01-02,validation,0,2020-01-31,0.5679569961,1
2020-01-03,validation,1,2020-02-03,0.5774788877,1
2020-01-06,validation,1,2020-02-04,0.5698449318,1
2020-01-07,validation,1,2020-02-05,0.6057963132,1
2020-01-08,validation,1,2020-02-06,0.5871120666,1
2020-01-09,validation,1,2020-02-07,0.5564375526,1
2020-01-10,validation,1,2020-02-10,0.6033690903,1
2020-01-13,validation,1,2020-02-11,0.5753651169,1
2020-01-14,validation,1,2020-02-12,0.5974767651,1
2020-01-15,validation,1,2020-02-13,0.5731112377,1
2020-01-16,validation,1,2020-02-14,0.5497506944,1
2020-01-17,validation,1,2020-02-18,0.5419567564,1
2020-01-21,validation,1,2020-02-19,0.5410629657,1
2020-01-22,validation,1,2020-02-20,0.5466986764,1
2020-01-23,validation,1,2020-02-21,0.5458536209,1
2020-01-24,validation,0,2020-02-24,0.5873960028,1
2020-01-27,validation,0,2020-02-25,0.6284335006,1
2020-01-28,validation,0,2020-02-26,0.5729940638,1
2020-01-29,validation,0,2020-02-27,0.581334336,1
2020-01-30,validation,0,2020-02-28,0.5756785843,1
2020-01-31,validation,0,2020-03-02,0.6677522462,1
2020-02-03,validation,0,2020-03-03,0.6350861648,1
2020-02-04,validation,0,2020-03-04,0.559695983,1
2020-02-05,validation,0,2020-03-05,0.528738158,1
2020-02-06,validation,0,2020-03-06,0.5352101933,1
2020-02-07,validation,0,2020-03-09,0.5852713043,1
2020-02-10,validation,0,2020-03-10,0.5445398468,1
2020-02-11,validation,0,2020-03-11,0.5382667203,1
2020-02-12,validation,0,2020-03-12,0.5061170983,1
2020-02-13,validation,0,2020-03-13,0.5179831444,1
2020-02-14,validation,0,2020-03-16,0.5203000233,1
2020-02-18,validation,0,2020-03-17,0.5216738391,1
2020-02-19,validation,0,2020-03-18,0.4957652648,0
2020-02-20,validation,0,2020-03-19,0.5089696167,1
2020-02-21,validation,0,2020-03-20,0.5618153373,1
2020-02-24,validation,0,2020-03-23,0.6711930592,1
2020-02-25,validation,0,2020-03-24,0.7535623744,1
2020-02-26,validation,0,2020-03-25,0.7641159638,1
2020-02-27,validation,0,2020-03-26,0.736851586,1
2020-02-28,validation,0,2020-03-27,0.7509515322,1
2020-03-02,validation,0,2020-03-30,0.7429503141,1
2020-03-03,validation,0,2020-03-31,0.7464869514,1
2020-03-04,validation,0,2020-04-01,0.872628619,1
2020-03-05,validation,0,2020-04-02,0.8895068114,1
2020-03-06,validation,0,2020-04-03,0.9075015881,1
2020-03-09,validation,0,2020-04-06,0.9738885226,1
2020-03-10,validation,0,2020-04-07,0.8701787336,1
2020-03-11,validation,1,2020-04-08,0.9616506747,1
2020-03-12,validation,1,2020-04-09,0.9851449005,1
2020-03-13,validation,1,2020-04-13,0.9257028201,1
2020-03-16,validation,1,2020-04-14,0.9914042234,1
2020-03-17,validation,1,2020-04-15,0.953661194,1
2020-03-18,validation,1,2020-04-16,0.9839975858,1
2020-03-19,validation,1,2020-04-17,0.9889908044,1
2020-03-20,validation,1,2020-04-20,0.9915674639,1
2020-03-23,validation,1,2020-04-21,0.9965364717,1
2020-03-24,validation,1,2020-04-22,0.9795842177,1
2020-03-25,validation,1,2020-04-23,0.988025417,1
2020-03-26,validation,1,2020-04-24,0.9707222289,1
2020-03-27,validation,1,2020-04-27,0.9867956414,1
2020-03-30,validation,1,2020-04-28,0.9825235761,1
2020-03-31,validation,1,2020-04-29,0.9764143221,1
2020-04-01,validation,1,2020-04-30,0.986875177,1
2020-04-02,validation,1,2020-05-01,0.9705265184,1
2020-04-03,validation,1,2020-05-04,0.9805087161,1
2020-04-06,validation,1,2020-05-05,0.9345017427,1
2020-04-07,validation,1,2020-05-06,0.9562585649,1
2020-04-08,validation,1,2020-05-07,0.9412813191,1
2020-04-09,validation,1,2020-05-08,0.9277158881,1
2020-04-13,validation,1,2020-05-11,0.9568150746,1
2020-04-14,validation,1,2020-05-12,0.9090632218,1
2020-04-15,validation,1,2020-05-13,0.9468545546,1
2020-04-16,validation,1,2020-05-14,0.9246920206,1
2020-04-17,validation,0,2020-05-15,0.7933753404,1
2020-04-20,validation,1,2020-05-18,0.9166644772,1
2020-04-21,validation,1,2020-05-19,0.9260399462,1
2020-04-22,validation,1,2020-05-20,0.9240390789,1
2020-04-23,validation,1,2020-05-21,0.9323882971,1
2020-04-24,validation,1,2020-05-22,0.9164531509,1
2020-04-27,validation,1,2020-05-26,0.845030936,1
2020-04-28,validation,1,2020-05-27,0.933509246,1
2020-04-29,validation,1,2020-05-28,0.8191503914,1
2020-04-30,validation,1,2020-05-29,0.8526367165,1
2020-05-01,validation,1,2020-06-01,0.9419718654,1
2020-05-04,validation,1,2020-06-02,0.9289906171,1
2020-05-05,validation,1,2020-06-03,0.9379940112,1
2020-05-06,validation,1,2020-06-04,0.9381842839,1
2020-05-07,validation,1,2020-06-05,0.883915466,1
2020-05-08,validation,1,2020-06-08,0.8807973365,1
2020-05-11,validation,1,2020-06-09,0.8826265766,1
2020-05-12,validation,1,2020-06-10,0.9155901564,1
2020-05-13,validation,1,2020-06-11,0.9625763708,1
2020-05-14,validation,1,2020-06-12,0.9488690877,1
2020-05-15,validation,1,2020-06-15,0.9454624125,1
2020-05-18,validation,1,2020-06-16,0.8403802525,1
2020-05-19,validation,1,2020-06-17,0.8668906899,1
2020-05-20,validation,1,2020-06-18,0.8259887696,1
2020-05-21,validation,1,2020-06-19,0.8323560762,1
2020-05-22,validation,1,2020-06-22,0.7733007423,1
2020-05-26,validation,1,2020-06-23,0.8479052106,1
2020-05-27,validation,1,2020-06-24,0.8717833821,1
2020-05-28,validation,1,2020-06-25,0.855090956,1
2020-05-29,validation,0,2020-06-26,0.8796613158,1
2020-06-01,validation,1,2020-06-29,0.8569450354,1
2020-06-02,validation,1,2020-06-30,0.8223462321,1
2020-06-03,validation,0,2020-07-01,0.7150300114,1
2020-06-04,validation,1,2020-07-02,0.7966732861,1
2020-06-05,validation,0,2020-07-06,0.6638472805,1
2020-06-08,validation,0,2020-07-07,0.5668684213,1
2020-06-09,validation,0,2020-07-08,0.7038077055,1
2020-06-10,validation,0,2020-07-09,0.5456474643,1
2020-06-11,validation,1,2020-07-10,0.8199300601,1
2020-06-12,validation,1,2020-07-13,0.7186148177,1
2020-06-15,validation,1,2020-07-14,0.6581068538,1
2020-06-16,validation,1,2020-07-15,0.4699702904,0
2020-06-17,validation,1,2020-07-16,0.4300713525,0
2020-06-18,validation,1,2020-07-17,0.658346146,1
2020-06-19,validation,1,2020-07-20,0.6506148972,1
2020-06-22,validation,1,2020-07-21,0.7082516442,1
2020-06-23,validation,1,2020-07-22,0.6422081079,1
2020-06-24,validation,1,2020-07-23,0.7894292498,1
2020-06-25,validation,1,2020-07-24,0.7182739206,1
2020-06-26,validation,1,2020-07-27,0.7589891343,1
2020-06-29,validation,1,2020-07-28,0.7102167631,1
2020-06-30,validation,1,2020-07-29,0.6414241013,1
2020-07-01,validation,1,2020-07-30,0.753493994,1
2020-07-02,validation,1,2020-07-31,0.732830068,1
2020-07-06,validation,1,2020-08-03,0.7773690207,1
2020-07-07,validation,1,2020-08-04,0.8036561834,1
2020-07-08,validation,1,2020-08-05,0.7578207256,1
2020-07-09,validation,1,2020-08-06,0.8062407625,1
2020-07-10,validation,1,2020-08-07,0.7716359193,1
2020-07-13,validation,1,2020-08-10,0.7995182092,1
2020-07-14,validation,1,2020-08-11,0.7910839436,1
2020-07-15,validation,1,2020-08-12,0.7583144179,1
2020-07-16,validation,1,2020-08-13,0.7383740964,1
2020-07-17,validation,1,2020-08-14,0.7426249596,1
2020-07-20,validation,1,2020-08-17,0.7257160587,1
2020-07-21,validation,1,2020-08-18,0.7399452933,1
2020-07-22,validation,1,2020-08-19,0.7256440752,1
2020-07-23,validation,1,2020-08-20,0.7610295394,1
2020-07-24,validation,1,2020-08-21,0.7932349164,1
2020-07-27,validation,1,2020-08-24,0.7750390902,1
2020-07-28,validation,1,2020-08-25,0.7760232115,1
2020-07-29,validation,1,2020-08-26,0.7370244219,1
2020-07-30,validation,1,2020-08-27,0.7785834806,1
2020-07-31,validation,1,2020-08-28,0.7312103503,1
2020-08-03,validation,1,2020-08-31,0.7336832365,1
2020-08-04,validation,1,2020-09-01,0.7508926667,1
2020-08-05,validation,1,2020-09-02,0.7271832019,1
2020-08-06,validation,1,2020-09-03,0.6767434903,1
2020-08-07,validation,1,2020-09-04,0.6343373544,1
2020-08-10,validation,0,2020-09-08,0.6453011185,1
2020-08-11,validation,1,2020-09-09,0.6991290821,1
2020-08-12,validation,0,2020-09-10,0.6659332505,1
2020-08-13,validation,0,2020-09-11,0.657306799,1
2020-08-14,validation,1,2020-09-14,0.6641720794,1
2020-08-17,validation,1,2020-09-15,0.4620533505,0
2020-08-18,validation,1,2020-09-16,0.4763006637,0
2020-08-19,validation,0,2020-09-17,0.4802346954,0
2020-08-20,validation,0,2020-09-18,0.4876205021,0
2020-08-21,validation,0,2020-09-21,0.4645577054,0
2020-08-24,validation,0,2020-09-22,0.4488540602,0
2020-08-25,validation,0,2020-09-23,0.4281192405,0
2020-08-26,validation,0,2020-09-24,0.4105011119,0
2020-08-27,validation,0,2020-09-25,0.3980339502,0
2020-08-28,validation,0,2020-09-28,0.3938617302,0
2020-08-31,validation,0,2020-09-29,0.4331226836,0
2020-09-01,validation,0,2020-09-30,0.3968945312,0
2020-09-02,validation,0,2020-10-01,0.3559999687,0
2020-09-03,validation,0,2020-10-02,0.462514971,0
2020-09-04,validation,0,2020-10-05,0.3986375975,0
2020-09-08,validation,1,2020-10-06,0.7063821868,1
2020-09-09,validation,1,2020-10-07,0.5998445418,1
2020-09-10,validation,1,2020-10-08,0.5189684843,1
2020-09-11,validation,1,2020-10-09,0.5357752861,1
2020-09-14,validation,1,2020-10-12,0.5044771692,1
2020-09-15,validation,1,2020-10-13,0.5258862675,1
2020-09-16,validation,1,2020-10-14,0.5398798205,1
2020-09-17,validation,1,2020-10-15,0.6067123571,1
2020-09-18,validation,1,2020-10-16,0.6219159814,1
2020-09-21,validation,1,2020-10-19,0.6439902444,1
2020-09-22,validation,1,2020-10-20,0.5346513799,1
2020-09-23,validation,1,2020-10-21,0.6699628498,1
2020-09-24,validation,1,2020-10-22,0.6791895455,1
2020-09-25,validation,1,2020-10-23,0.634950035,1
2020-09-28,validation,1,2020-10-26,0.5875367463,1
2020-09-29,validation,1,2020-10-27,0.6307937121,1
2020-09-30,validation,0,2020-10-28,0.6145117031,1
2020-10-01,validation,0,2020-10-29,0.6066033931,1
2020-10-02,validation,0,2020-10-30,0.6337440455,1
2020-10-05,validation,0,2020-11-02,0.5324876055,1
2020-10-06,validation,1,2020-11-03,0.6098368027,1
2020-10-07,validation,1,2020-11-04,0.5385237093,1
2020-10-08,validation,1,2020-11-05,0.5105026432,1
2020-10-09,validation,1,2020-11-06,0.4872802315,0
2020-10-12,validation,1,2020-11-09,0.3973155467,0
2020-10-13,validation,1,2020-11-10,0.4708102993,0
2020-10-14,validation,1,2020-11-11,0.47254535,0
2020-10-15,validation,1,2020-11-12,0.4619738149,0
2020-10-16,validation,1,2020-11-13,0.4343658937,0
2020-10-19,validation,1,2020-11-16,0.4760429573,0
2020-10-20,validation,1,2020-11-17,0.4625111573,0
2020-10-21,validation,1,2020-11-18,0.4736010908,0
2020-10-22,validation,1,2020-11-19,0.4577294139,0
2020-10-23,validation,1,2020-11-20,0.4649285376,0
2020-10-26,validation,1,2020-11-23,0.6097841609,1
2020-10-27,validation,1,2020-11-24,0.5990728424,1
2020-10-28,validation,1,2020-11-25,0.7216280645,1
2020-10-29,validation,1,2020-11-27,0.6556290036,1
2020-10-30,validation,1,2020-11-30,0.7087523282,1
2020-11-02,validation,1,2020-12-01,0.6992848498,1
2020-11-03,validation,1,2020-12-02,0.6485346854,1
2020-11-04,validation,1,2020-12-03,0.7749164702,1
2020-11-05,validation,1,2020-12-04,0.7355697652,1
2020-11-06,validation,1,2020-12-07,0.7678518564,1
2020-11-09,validation,1,2020-12-08,0.7333759131,1
2020-11-10,validation,1,2020-12-09,0.7263657712,1
2020-11-11,validation,1,2020-12-10,0.677509725,1
2020-11-12,validation,1,2020-12-11,0.6944211968,1
2020-11-13,validation,1,2020-12-14,0.6499318783,1
2020-11-16,validation,1,2020-12-15,0.6225015247,1
2020-11-17,validation,1,2020-12-16,0.6764358637,1
2020-11-18,validation,1,2020-12-17,0.7206090525,1
2020-11-19,validation,1,2020-12-18,0.7304264697,1
2020-11-20,validation,1,2020-12-21,0.7658516444,1
2020-11-23,validation,1,2020-12-22,0.730698358,1
2020-11-24,validation,1,2020-12-23,0.6812315197,1
2020-11-25,validation,1,2020-12-24,0.7336644983,1
2020-11-27,validation,1,2020-12-28,0.7430519662,1
2020-11-30,validation,1,2020-12-29,0.7153982811,1
2020-12-01,validation,1,2020-12-30,0.6654739063,1
2020-12-02,validation,1,2020-12-31,0.6148622381,1
2020-12-03,validation,1,2021-01-04,0.4787709575,0
2020-12-04,validation,1,2021-01-05,0.4383001108,0
2020-12-07,validation,1,2021-01-06,0.4502169695,0
2020-12-08,validation,1,2021-01-07,0.4440175695,0
2020-12-09,validation,1,2021-01-08,0.4877025159,0
2020-12-10,validation,1,2021-01-11,0.4884547268,0
2020-12-11,validation,1,2021-01-12,0.4633870749,0
2020-12-14,validation,1,2021-01-13,0.4791710036,0
2020-12-15,validation,1,2021-01-14,0.4097547077,0
2020-12-16,validation,1,2021-01-15,0.4519295282,0
2020-12-17,validation,1,2021-01-19,0.4104246853,0
2020-12-18,validation,1,2021-01-20,0.4525830353,0
2020-12-21,validation,1,2021-01-21,0.49424031,0
2020-12-22,validation,1,2021-01-22,0.5140844472,1
2020-12-23,validation,1,2021-01-25,0.5232872186,1
2020-12-24,validation,1,2021-01-26,0.5148585379,1
2020-12-28,validation,1,2021-01-27,0.487042375,0
2020-12-29,validation,1,2021-01-28,0.5000997463,1
2020-12-30,validation,0,2021-01-29,0.5396218596,1
2020-12-31,validation,1,2021-02-01,0.4889781175,0
2021-01-04,validation,1,2021-02-02,0.5950018638,1
2021-01-05,validation,1,2021-02-03,0.5724844928,1
2021-01-06,validation,1,2021-02-04,0.570013091,1
2021-01-07,validation,1,2021-02-05,0.5470247923,1
2021-01-08,validation,1,2021-02-08,0.5418155156,1
2021-01-11,validation,1,2021-02-09,0.575295356,1
2021-01-12,validation,1,2021-02-10,0.5808142449,1
2021-01-13,validation,1,2021-02-11,0.5581657301,1
2021-01-14,validation,1,2021-02-12,0.5490395952,1
2021-01-15,validation,1,2021-02-16,0.5695939894,1
2021-01-19,validation,1,2021-02-17,0.546284158,1
2021-01-20,validation,1,2021-02-18,0.507584062,1
2021-01-21,validation,1,2021-02-19,0.5114307222,1
2021-01-22,validation,1,2021-02-22,0.5071472147,1
2021-01-25,validation,1,2021-02-23,0.4933915227,0
2021-01-26,validation,1,2021-02-24,0.4440959799,0
2021-01-27,validation,1,2021-02-25,0.5461805094,1
2021-01-28,validation,1,2021-02-26,0.4704633283,0
2021-01-29,validation,1,2021-03-01,0.5795491415,1
2021-02-01,validation,1,2021-03-02,0.5049479888,1
2021-02-02,validation,0,2021-03-03,0.4792270136,0
2021-02-03,validation,0,2021-03-04,0.5462742198,1
2021-02-04,validation,0,2021-03-05,0.4834328063,0
2021-02-05,validation,0,2021-03-08,0.5365084807,1
2021-02-08,validation,0,2021-03-09,0.4952257988,0
2021-02-09,validation,0,2021-03-10,0.5052229605,1
2021-02-10,validation,1,2021-03-11,0.4980819384,0
2021-02-11,validation,1,2021-03-12,0.5023824313,1
2021-02-12,validation,1,2021-03-15,0.4939320421,0
2021-02-16,validation,1,2021-03-16,0.4817029284,0
2021-02-17,validation,1,2021-03-17,0.4561915782,0
2021-02-18,validation,1,2021-03-18,0.4836266541,0
2021-02-19,validation,1,2021-03-19,0.4751520861,0
2021-02-22,validation,1,2021-03-22,0.5041152204,1
2021-02-23,validation,1,2021-03-23,0.5230720114,1
2021-02-24,validation,0,2021-03-24,0.4621197213,0
2021-02-25,validation,1,2021-03-25,0.5717152378,1
2021-02-26,validation,1,2021-03-26,0.5929082563,1
2021-03-01,validation,1,2021-03-29,0.4864498689,0
2021-03-02,validation,1,2021-03-30,0.5629119999,1
2021-03-03,validation,1,2021-03-31,0.6036943236,1
2021-03-04,validation,1,2021-04-01,0.6733330659,1
2021-03-05,validation,1,2021-04-05,0.5922281246,1
2021-03-08,validation,1,2021-04-06,0.5990447202,1
2021-03-09,validation,1,2021-04-07,0.5395601552,1
2021-03-10,validation,1,2021-04-08,0.5363684779,1
2021-03-11,validation,1,2021-04-09,0.5214948935,1
2021-03-12,validation,1,2021-04-12,0.4846247749,0
2021-03-15,validation,1,2021-04-13,0.5010771594,1
2021-03-16,validation,1,2021-04-14,0.4973248002,0
2021-03-17,validation,1,2021-04-15,0.4867701989,0
2021-03-18,validation,1,2021-04-16,0.5288471637,1
2021-03-19,validation,1,2021-04-19,0.5392956434,1
2021-03-22,validation,1,2021-04-20,0.4849626622,0
2021-03-23,validation,1,2021-04-21,0.5087380158,1
2021-03-24,validation,1,2021-04-22,0.5413060843,1
2021-03-25,validation,1,2021-04-23,0.5537741147,1
2021-03-26,validation,1,2021-04-26,0.4663360403,0
2021-03-29,validation,1,2021-04-27,0.4867529935,0
2021-03-30,validation,1,2021-04-28,0.5282408786,1
2021-03-31,validation,1,2021-04-29,0.4819200559,0
2021-04-01,validation,1,2021-04-30,0.4591512151,0
2021-04-05,validation,1,2021-05-03,0.415996742,0
2021-04-06,validation,1,2021-05-04,0.4653009784,0
2021-04-07,validation,1,2021-05-05,0.4674005078,0
2021-04-08,validation,1,2021-05-06,0.4537463524,0
2021-04-09,validation,1,2021-05-07,0.4129963339,0
2021-04-12,validation,1,2021-05-10,0.3984980999,0
2021-04-13,validation,1,2021-05-11,0.385941664,0
2021-04-14,validation,0,2021-05-12,0.4047226813,0
2021-04-15,validation,0,2021-05-13,0.3707967936,0
2021-04-16,validation,0,2021-05-14,0.3852188418,0
2021-04-19,validation,1,2021-05-17,0.4116068111,0
2021-04-20,validation,0,2021-05-18,0.4296146911,0
2021-04-21,validation,0,2021-05-19,0.3983402994,0
2021-04-22,validation,1,2021-05-20,0.434169299,0
2021-04-23,validation,0,2021-05-21,0.3494850218,0
2021-04-26,validation,1,2021-05-24,0.3821495539,0
2021-04-27,validation,1,2021-05-25,0.3681780231,0
2021-04-28,validation,1,2021-05-26,0.3872984423,0
2021-04-29,validation,0,2021-05-27,0.390995694,0
2021-04-30,validation,1,2021-05-28,0.413881399,0
2021-05-03,validation,1,2021-06-01,0.4413803753,0
2021-05-04,validation,1,2021-06-02,0.4686095522,0
2021-05-05,validation,1,2021-06-03,0.4867992697,0
2021-05-06,validation,1,2021-06-04,0.4334707155,0
2021-05-07,validation,1,2021-06-07,0.4323361823,0
2021-05-10,validation,1,2021-06-08,0.471956667,0
2021-05-11,validation,1,2021-06-09,0.5238452598,1
2021-05-12,validation,1,2021-06-10,0.5946120038,1
2021-05-13,validation,1,2021-06-11,0.5245296011,1
2021-05-14,validation,1,2021-06-14,0.4565807218,0
2021-05-17,validation,1,2021-06-15,0.4842129168,0
2021-05-18,validation,1,2021-06-16,0.5421998561,1
2021-05-19,validation,1,2021-06-17,0.578622205,1
2021-05-20,validation,1,2021-06-18,0.5405465432,1
2021-05-21,validation,1,2021-06-21,0.5147128888,1
2021-05-24,validation,1,2021-06-22,0.4588748814,0
2021-05-25,validation,1,2021-06-23,0.5343604798,1
2021-05-26,validation,1,2021-06-24,0.5156307323,1
2021-05-27,validation,1,2021-06-25,0.4860873636,0
2021-05-28,validation,1,2021-06-28,0.4718337968,0
2021-06-01,validation,1,2021-06-29,0.5132731825,1
2021-06-02,validation,1,2021-06-30,0.5087832072,1
2021-06-03,validation,1,2021-07-01,0.5286370609,1
2021-06-04,validation,1,2021-07-02,0.5039181185,1
2021-06-07,validation,1,2021-07-06,0.5267404288,1
2021-06-08,validation,1,2021-07-07,0.5349103916,1
2021-06-09,validation,1,2021-07-08,0.5485736545,1
2021-06-10,validation,1,2021-07-09,0.5433692396,1
2021-06-11,validation,1,2021-07-12,0.5485139468,1
2021-06-14,validation,1,2021-07-13,0.5394850024,1
2021-06-15,validation,1,2021-07-14,0.53983081,1
2021-06-16,validation,1,2021-07-15,0.5736298574,1
2021-06-17,validation,1,2021-07-16,0.5635250354,1
2021-06-18,validation,1,2021-07-19,0.6147685444,1
2021-06-21,validation,1,2021-07-20,0.5394001154,1
2021-06-22,validation,1,2021-07-21,0.5577351486,1
2021-06-23,validation,1,2021-07-22,0.5799391027,1
2021-06-24,validation,1,2021-07-23,0.5584719253,1
2021-06-25,validation,1,2021-07-26,0.5791867523,1
2021-06-28,validation,1,2021-07-27,0.5637857319,1
2021-06-29,validation,1,2021-07-28,0.5839216259,1
2021-06-30,validation,1,2021-07-29,0.5784997915,1
2021-07-01,validation,1,2021-07-30,0.5622248021,1
2021-07-02,validation,1,2021-08-02,0.5425240053,1
2021-07-06,validation,1,2021-08-03,0.5705754685,1
2021-07-07,validation,1,2021-08-04,0.5675871709,1
2021-07-08,validation,1,2021-08-05,0.5945889957,1
2021-07-09,validation,1,2021-08-06,0.5362539536,1
2021-07-12,validation,1,2021-08-09,0.5379555171,1
2021-07-13,validation,1,2021-08-10,0.5647897242,1
2021-07-14,validation,1,2021-08-11,0.5475110112,1
2021-07-15,validation,1,2021-08-12,0.5704568774,1
2021-07-16,validation,1,2021-08-13,0.5953473524,1
2021-07-19,validation,1,2021-08-16,0.6321084235,1
2021-07-20,validation,1,2021-08-17,0.5739033226,1
2021-07-21,validation,1,2021-08-18,0.5543550221,1
2021-07-22,validation,1,2021-08-19,0.5590316143,1
2021-07-23,validation,1,2021-08-20,0.5285681733,1
2021-07-26,validation,1,2021-08-23,0.5666403309,1
2021-07-27,validation,1,2021-08-24,0.5680753691,1
2021-07-28,validation,1,2021-08-25,0.5713955465,1
2021-07-29,validation,1,2021-08-26,0.5483400279,1
2021-07-30,validation,1,2021-08-27,0.5564757074,1
2021-08-02,validation,1,2021-08-30,0.584986728,1
2021-08-03,validation,1,2021-08-31,0.555626991,1
2021-08-04,validation,1,2021-09-01,0.5800105781,1
2021-08-05,validation,1,2021-09-02,0.528280259,1
2021-08-06,validation,1,2021-09-03,0.5084862835,1
2021-08-09,validation,1,2021-09-07,0.5393670376,1
2021-08-10,validation,1,2021-09-08,0.5355497086,1
2021-08-11,validation,1,2021-09-09,0.5396846254,1
2021-08-12,validation,1,2021-09-10,0.4910597687,0
2021-08-13,validation,1,2021-09-13,0.4945457408,0
2021-08-16,validation,0,2021-09-14,0.4927185096,0
2021-08-17,validation,1,2021-09-15,0.5255864308,1
2021-08-18,validation,1,2021-09-16,0.5913337126,1
2021-08-19,validation,1,2021-09-17,0.5577309334,1
2021-08-20,validation,0,2021-09-20,0.5260133055,1
2021-08-23,validation,0,2021-09-21,0.4940634694,0
2021-08-24,validation,0,2021-09-22,0.5128726261,1
2021-08-25,validation,0,2021-09-23,0.5138615522,1
2021-08-26,validation,0,2021-09-24,0.5425996072,1
2021-08-27,validation,0,2021-09-27,0.4991629637,0
2021-08-30,validation,0,2021-09-28,0.4852751819,0
2021-08-31,validation,0,2021-09-29,0.5041990678,1
2021-09-01,validation,0,2021-09-30,0.5034802232,1
2021-09-02,validation,0,2021-10-01,0.5068581835,1
2021-09-03,validation,0,2021-10-04,0.5132729754,1
2021-09-07,validation,0,2021-10-05,0.5278211792,1
2021-09-08,validation,0,2021-10-06,0.5372724474,1
2021-09-09,validation,0,2021-10-07,0.5591190305,1
2021-09-10,validation,0,2021-10-08,0.5909113812,1
2021-09-13,validation,0,2021-10-11,0.5833168591,1
2021-09-14,validation,0,2021-10-12,0.5958009548,1
2021-09-15,validation,0,2021-10-13,0.5696562259,1
2021-09-16,validation,0,2021-10-14,0.602195241,1
2021-09-17,validation,1,2021-10-15,0.6460918846,1
2021-09-20,validation,1,2021-10-18,0.7017575781,1
2021-09-21,validation,1,2021-10-19,0.7216901145,1
2021-09-22,validation,1,2021-10-20,0.6852296642,1
2021-09-23,validation,1,2021-10-21,0.6456880669,1
2021-09-24,validation,1,2021-10-22,0.6543595854,1
2021-09-27,validation,1,2021-10-25,0.7038086279,1
2021-09-28,validation,1,2021-10-26,0.7707646145,1
2021-09-29,validation,1,2021-10-27,0.7404767798,1
2021-09-30,validation,1,2021-10-28,0.7817210414,1
2021-10-01,validation,1,2021-10-29,0.7302505783,1
2021-10-04,validation,1,2021-11-01,0.7861739207,1
2021-10-05,validation,1,2021-11-02,0.7675283358,1
2021-10-06,validation,1,2021-11-03,0.7565861834,1
2021-10-07,validation,1,2021-11-04,0.7426311769,1
2021-10-08,validation,1,2021-11-05,0.7371100896,1
2021-10-11,validation,1,2021-11-08,0.7660563045,1
2021-10-12,validation,1,2021-11-09,0.744689703,1
2021-10-13,validation,1,2021-11-10,0.7621372526,1
2021-10-14,validation,1,2021-11-11,0.6995462307,1
2021-10-15,validation,1,2021-11-12,0.682732711,1
2021-10-18,validation,1,2021-11-15,0.6965707874,1
2021-10-19,validation,1,2021-11-16,0.6805214494,1
2021-10-20,validation,1,2021-11-17,0.6701383061,1
2021-10-21,validation,1,2021-11-18,0.6352710526,1
2021-10-22,validation,1,2021-11-19,0.6424183705,1
2021-10-25,validation,1,2021-11-22,0.6137089478,1
2021-10-26,validation,1,2021-11-23,0.6010976759,1
2021-10-27,validation,1,2021-11-24,0.6257875066,1
2021-10-28,validation,1,2021-11-26,0.5790040704,1
2021-10-29,validation,1,2021-11-29,0.5921441535,1
2021-11-01,validation,0,2021-11-30,0.6028695346,1
2021-11-02,validation,0,2021-12-01,0.5920654215,1
2021-11-03,validation,0,2021-12-02,0.5898556748,1
2021-11-04,validation,0,2021-12-03,0.5703681105,1
2021-11-05,validation,0,2021-12-06,0.5753307622,1
2021-11-08,validation,0,2021-12-07,0.5747212389,1
2021-11-09,validation,1,2021-12-08,0.6000176312,1
2021-11-10,validation,1,2021-12-09,0.6087858871,1
2021-11-11,validation,1,2021-12-10,0.5947961663,1
2021-11-12,validation,0,2021-12-13,0.5784932945,1
2021-11-15,validation,0,2021-12-14,0.5902799013,1
2021-11-16,validation,1,2021-12-15,0.5874035991,1
2021-11-17,validation,0,2021-12-16,0.6090961358,1
2021-11-18,validation,0,2021-12-17,0.5978893654,1
2021-11-19,validation,0,2021-12-20,0.5902643277,1
2021-11-22,validation,0,2021-12-21,0.5982196358,1
2021-11-23,validation,1,2021-12-22,0.5925264669,1
2021-11-24,validation,1,2021-12-23,0.580283118,1
2021-11-26,validation,1,2021-12-27,0.6463819456,1
2021-11-29,validation,1,2021-12-28,0.5745362699,1
2021-11-30,validation,1,2021-12-29,0.6665738776,1
2021-12-01,validation,1,2021-12-30,0.6930253179,1
2021-12-02,validation,1,2021-12-31,0.6308090937,1
2021-12-03,validation,1,2022-01-03,0.6966350374,1
2021-12-06,validation,1,2022-01-04,0.6126652283,1
2021-12-07,validation,1,2022-01-05,0.5520725524,1
2021-12-08,validation,0,2022-01-06,0.5641812688,1
2021-12-09,validation,1,2022-01-07,0.587930322,1
2021-12-10,validation,0,2022-01-10,0.5504445778,1
2021-12-13,validation,1,2022-01-11,0.573965676,1
2021-12-14,validation,1,2022-01-12,0.5518480793,1
2021-12-15,validation,0,2022-01-13,0.4544386688,0
2021-12-16,validation,0,2022-01-14,0.5373391789,1
2021-12-17,validation,0,2022-01-18,0.590244454,1
2021-12-20,validation,0,2022-01-19,0.6542353463,1
2021-12-21,validation,0,2022-01-20,0.5684236809,1
2021-12-22,validation,0,2022-01-21,0.4981792852,0
2021-12-23,validation,0,2022-01-24,0.5068508637,1
2021-12-27,validation,0,2022-01-25,0.4455540095,0
2021-12-28,validation,0,2022-01-26,0.5030223063,1
2021-12-29,validation,0,2022-01-27,0.4510202701,0
2021-12-30,validation,0,2022-01-28,0.4750799465,0
2021-12-31,validation,0,2022-01-31,0.4977188259,0
2022-01-03,validation,0,2022-02-01,0.4544149543,0
2022-01-04,validation,0,2022-02-02,0.4670415398,0
2022-01-05,validation,0,2022-02-03,0.5455439488,1
2022-01-06,validation,0,2022-02-04,0.5320222458,1
2022-01-07,validation,0,2022-02-07,0.5449240675,1
2022-01-10,validation,0,2022-02-08,0.5724029641,1
2022-01-11,validation,0,2022-02-09,0.5551729306,1
2022-01-12,validation,0,2022-02-10,0.5894857772,1
2022-01-13,validation,0,2022-02-11,0.6731574669,1
2022-01-14,validation,0,2022-02-14,0.6667672153,1
2022-01-18,validation,0,2022-02-15,0.7263535702,1
2022-01-19,validation,0,2022-02-16,0.7396567919,1
2022-01-20,validation,0,2022-02-17,0.7851493248,1
2022-01-21,validation,0,2022-02-18,0.7002514104,1
2022-01-24,validation,0,2022-02-22,0.8252945658,1
2022-01-25,validation,0,2022-02-23,0.7551256115,1
2022-01-26,validation,0,2022-02-24,0.7708219085,1
2022-01-27,validation,1,2022-02-25,0.7907533702,1
2022-01-28,validation,0,2022-02-28,0.8603570673,1
2022-01-31,validation,0,2022-03-01,0.831559274,1
2022-02-01,validation,0,2022-03-02,0.8423248321,1
2022-02-02,validation,0,2022-03-03,0.8217609052,1
2022-02-03,validation,0,2022-03-04,0.8733512895,1
2022-02-04,validation,0,2022-03-07,0.8289604055,1
2022-02-07,validation,0,2022-03-08,0.8261382227,1
2022-02-08,validation,0,2022-03-09,0.7907684722,1
2022-02-09,validation,0,2022-03-10,0.7565143546,1
2022-02-10,validation,0,2022-03-11,0.8323328285,1
2022-02-11,validation,0,2022-03-14,0.73399086,1
2022-02-14,validation,0,2022-03-15,0.7248064649,1
2022-02-15,validation,0,2022-03-16,0.8219810864,1
2022-02-16,validation,0,2022-03-17,0.8190124515,1
2022-02-17,validation,1,2022-03-18,0.7485308075,1
2022-02-18,validation,1,2022-03-21,0.774226689,1
2022-02-22,validation,1,2022-03-22,0.7970557179,1
2022-02-23,validation,1,2022-03-23,0.8016958614,1
2022-02-24,validation,1,2022-03-24,0.748659369,1
2022-02-25,validation,1,2022-03-25,0.682049881,1
2022-02-28,validation,1,2022-03-28,0.7126709526,1
2022-03-01,validation,1,2022-03-29,0.786389653,1
2022-03-02,validation,1,2022-03-30,0.7199072614,1
2022-03-03,validation,1,2022-03-31,0.7449293841,1
2022-03-04,validation,1,2022-04-01,0.751428404,1
2022-03-07,validation,1,2022-04-04,0.9068066256,1
2022-03-08,validation,1,2022-04-05,0.8292940658,1
2022-03-09,validation,1,2022-04-06,0.8715683023,1
2022-03-10,validation,1,2022-04-07,0.8857306338,1
2022-03-11,validation,1,2022-04-08,0.9007812371,1
2022-03-14,validation,1,2022-04-11,0.9221232717,1
2022-03-15,validation,1,2022-04-12,0.8814692582,1
2022-03-16,validation,1,2022-04-13,0.8368616214,1
2022-03-17,validation,0,2022-04-14,0.8139995791,1
2022-03-18,validation,0,2022-04-18,0.9139312287,1
2022-03-21,validation,1,2022-04-19,0.9172572251,1
2022-03-22,validation,0,2022-04-20,0.8914008735,1
2022-03-23,validation,0,2022-04-21,0.9091041503,1
2022-03-24,validation,0,2022-04-22,0.8721260507,1
2022-03-25,validation,0,2022-04-25,0.8626622083,1
2022-03-28,validation,0,2022-04-26,0.8423259124,1
2022-03-29,validation,0,2022-04-27,0.810396479,1
2022-03-30,validation,0,2022-04-28,0.8551264681,1
2022-03-31,validation,0,2022-04-29,0.8682242966,1
2022-04-01,validation,0,2022-05-02,0.8421546994,1
2022-04-04,validation,0,2022-05-03,0.8210747752,1
2022-04-05,validation,0,2022-05-04,0.8296749532,1
2022-04-06,validation,0,2022-05-05,0.8593382995,1
2022-04-07,validation,0,2022-05-06,0.8518216128,1
2022-04-08,validation,0,2022-05-09,0.8539808392,1
2022-04-11,validation,0,2022-05-10,0.734719776,1
2022-04-12,validation,0,2022-05-11,0.765303093,1
2022-04-13,validation,0,2022-05-12,0.7404986249,1
2022-04-14,validation,0,2022-05-13,0.7623504111,1
2022-04-18,validation,0,2022-05-16,0.7405599765,1
2022-04-19,validation,0,2022-05-17,0.6628323094,1
2022-04-20,validation,0,2022-05-18,0.7105170365,1
2022-04-21,validation,0,2022-05-19,0.7233475451,1
2022-04-22,validation,0,2022-05-20,0.8111023381,1
2022-04-25,validation,0,2022-05-23,0.7784483928,1
2022-04-26,validation,0,2022-05-24,0.8597548471,1
2022-04-27,validation,0,2022-05-25,0.8558408973,1
2022-04-28,validation,0,2022-05-26,0.8016674342,1
2022-04-29,validation,1,2022-05-27,0.9037898004,1
2022-05-02,validation,0,2022-05-31,0.8625270604,1
2022-05-03,validation,0,2022-06-01,0.8835273726,1
2022-05-04,validation,0,2022-06-02,0.8071123992,1
2022-05-05,validation,0,2022-06-03,0.8703272451,1
2022-05-06,validation,1,2022-06-06,0.8896014348,1
2022-05-09,validation,1,2022-06-07,0.9547618473,1
2022-05-10,validation,1,2022-06-08,0.9400705532,1
2022-05-11,validation,1,2022-06-09,0.9480061128,1
2022-05-12,validation,0,2022-06-10,0.9579956701,1
2022-05-13,validation,0,2022-06-13,0.9405053978,1
2022-05-16,validation,0,2022-06-14,0.9506590706,1
2022-05-17,validation,0,2022-06-15,0.8787378855,1
2022-05-18,validation,0,2022-06-16,0.9652034242,1
2022-05-19,validation,0,2022-06-17,0.9623027891,1
2022-05-20,validation,0,2022-06-21,0.9628454002,1
2022-05-23,validation,0,2022-06-22,0.9539360874,1
2022-05-24,validation,0,2022-06-23,0.9561984352,1
2022-05-25,validation,0,2022-06-24,0.9563878394,1
2022-05-26,validation,0,2022-06-27,0.9166110407,1
2022-05-27,validation,0,2022-06-28,0.8859391257,1
2022-05-31,validation,0,2022-06-29,0.8923748904,1
2022-06-01,validation,0,2022-06-30,0.8960605638,1
2022-06-02,validation,0,2022-07-01,0.8582485153,1
2022-06-03,validation,0,2022-07-05,0.8889995089,1
2022-06-06,validation,0,2022-07-06,0.8636951004,1
2022-06-07,validation,0,2022-07-07,0.8402916887,1
2022-06-08,validation,0,2022-07-08,0.8679494087,1
2022-06-09,validation,0,2022-07-11,0.9439107702,1
2022-06-10,validation,0,2022-07-12,0.9610832614,1
2022-06-13,validation,1,2022-07-13,0.9747491727,1
2022-06-14,validation,1,2022-07-14,0.9713322142,1
2022-06-15,validation,1,2022-07-15,0.971374831,1
2022-06-16,validation,1,2022-07-18,0.9848590961,1
2022-06-17,validation,1,2022-07-19,0.9835329013,1
2022-06-21,validation,1,2022-07-20,0.9815481627,1
2022-06-22,validation,1,2022-07-21,0.9855043743,1
2022-06-23,validation,1,2022-07-22,0.9820064224,1
2022-06-24,validation,1,2022-07-25,0.9771971357,1
2022-06-27,validation,1,2022-07-26,0.9803300812,1
2022-06-28,validation,1,2022-07-27,0.9838747387,1
2022-06-29,validation,1,2022-07-28,0.9821010453,1
2022-06-30,validation,1,2022-07-29,0.9836428606,1
2022-07-01,validation,1,2022-08-01,0.9784170806,1
2022-07-05,validation,1,2022-08-02,0.9772335064,1
2022-07-06,validation,1,2022-08-03,0.9790293916,1
2022-07-07,validation,1,2022-08-04,0.9750916708,1
2022-07-08,validation,1,2022-08-05,0.9749777795,1
2022-07-11,validation,1,2022-08-08,0.9759692206,1
2022-07-12,validation,1,2022-08-09,0.9787687402,1
2022-07-13,validation,1,2022-08-10,0.978828286,1
2022-07-14,validation,1,2022-08-11,0.976950098,1
2022-07-15,validation,1,2022-08-12,0.9733480717,1
2022-07-18,validation,1,2022-08-15,0.9793821119,1
2022-07-19,validation,1,2022-08-16,0.9678708508,1
2022-07-20,validation,1,2022-08-17,0.9651126428,1
2022-07-21,validation,1,2022-08-18,0.9634535982,1
2022-07-22,validation,1,2022-08-19,0.962177151,1
2022-07-25,validation,1,2022-08-22,0.9669766124,1
2022-07-26,validation,1,2022-08-23,0.9717327462,1
2022-07-27,validation,1,2022-08-24,0.9421992378,1
2022-07-28,validation,1,2022-08-25,0.8872559862,1
2022-07-29,validation,0,2022-08-26,0.8695210123,1
2022-08-01,validation,0,2022-08-29,0.8991253621,1
2022-08-02,validation,0,2022-08-30,0.895879227,1
2022-08-03,validation,0,2022-08-31,0.8519807006,1
2022-08-04,validation,0,2022-09-01,0.8377747123,1
2022-08-05,validation,0,2022-09-02,0.8218079184,1
2022-08-08,validation,0,2022-09-06,0.8114883474,1
2022-08-09,validation,0,2022-09-07,0.8213484312,1
2022-08-10,validation,0,2022-09-08,0.7653518235,1
2022-08-11,validation,0,2022-09-09,0.7693199821,1
2022-08-12,validation,0,2022-09-12,0.7449444372,1
2022-08-15,validation,0,2022-09-13,0.6787234579,1
2022-08-16,validation,0,2022-09-14,0.8265399584,1
2022-08-17,validation,0,2022-09-15,0.6568878912,1
2022-08-18,validation,0,2022-09-16,0.6747329423,1
2022-08-19,validation,0,2022-09-19,0.6830034571,1
2022-08-22,validation,0,2022-09-20,0.7383133103,1
2022-08-23,validation,0,2022-09-21,0.7567733093,1
2022-08-24,validation,0,2022-09-22,0.7935069903,1
2022-08-25,validation,0,2022-09-23,0.7539538399,1
2022-08-26,validation,0,2022-09-26,0.8484852781,1
2022-08-29,validation,0,2022-09-27,0.9247890595,1
2022-08-30,validation,0,2022-09-28,0.9302037557,1
2022-08-31,validation,0,2022-09-29,0.9381136826,1
2022-09-01,validation,0,2022-09-30,0.9273122253,1
2022-09-02,validation,0,2022-10-03,0.9459453614,1
2022-09-06,validation,0,2022-10-04,0.9406123564,1
2022-09-07,validation,0,2022-10-05,0.9143684149,1
2022-09-08,validation,0,2022-10-06,0.905128807,1
2022-09-09,validation,0,2022-10-07,0.8024599815,1
2022-09-12,validation,0,2022-10-10,0.8029730028,1
2022-09-13,validation,0,2022-10-11,0.925589644,1
2022-09-14,validation,0,2022-10-12,0.9036691598,1
2022-09-15,validation,0,2022-10-13,0.9275893844,1
2022-09-16,validation,0,2022-10-14,0.927153029,1
2022-09-19,validation,0,2022-10-17,0.9155306202,1
2022-09-20,validation,0,2022-10-18,0.9493508965,1
2022-09-21,validation,0,2022-10-19,0.9581497615,1
2022-09-22,validation,0,2022-10-20,0.9548703418,1
2022-09-23,validation,1,2022-10-21,0.9645300782,1
2022-09-26,validation,1,2022-10-24,0.9619577771,1
2022-09-27,validation,1,2022-10-25,0.9648970248,1
2022-09-28,validation,1,2022-10-26,0.9604834321,1
2022-09-29,validation,1,2022-10-27,0.9743778777,1
2022-09-30,validation,1,2022-10-28,0.9813463105,1
2022-10-03,validation,1,2022-10-31,0.9717261831,1
2022-10-04,validation,1,2022-11-01,0.9589430145,1
2022-10-05,validation,0,2022-11-02,0.9568839854,1
2022-10-06,validation,0,2022-11-03,0.9644330331,1
2022-10-07,validation,1,2022-11-04,0.9783756967,1
2022-10-10,validation,1,2022-11-07,0.9776293376,1
2022-10-11,validation,1,2022-11-08,0.9736880192,1
2022-10-12,validation,1,2022-11-09,0.9777907391,1
2022-10-13,validation,1,2022-11-10,0.9675285218,1
2022-10-14,validation,1,2022-11-11,0.9805654541,1
2022-10-17,validation,1,2022-11-14,0.9688438134,1
2022-10-18,validation,1,2022-11-15,0.9663903816,1
2022-10-19,validation,1,2022-11-16,0.9672549122,1
2022-10-20,validation,1,2022-11-17,0.9687504928,1
2022-10-21,validation,1,2022-11-18,0.959536828,1
2022-10-24,validation,1,2022-11-21,0.9490167881,1
2022-10-25,validation,1,2022-11-22,0.9353953117,1
2022-10-26,validation,1,2022-11-23,0.9518410846,1
2022-10-27,validation,1,2022-11-25,0.9591605313,1
2022-10-28,validation,1,2022-11-28,0.9252056917,1
2022-10-31,validation,1,2022-11-29,0.9379884144,1
2022-11-01,validation,1,2022-11-30,0.9411792047,1
2022-11-02,validation,1,2022-12-01,0.959238596,1
2022-11-03,validation,1,2022-12-02,0.965160789,1
2022-11-04,validation,1,2022-12-05,0.9534829108,1
2022-11-07,validation,1,2022-12-06,0.952905365,1
2022-11-08,validation,1,2022-12-07,0.9539585166,1
2022-11-09,validation,1,2022-12-08,0.9698913708,1
2022-11-10,validation,0,2022-12-09,0.935232231,1
2022-11-11,validation,1,2022-12-12,0.9377724722,1
2022-11-14,validation,1,2022-12-13,0.9430838733,1
2022-11-15,validation,1,2022-12-14,0.9303137113,1
2022-11-16,validation,0,2022-12-15,0.9438436306,1
2022-11-17,validation,0,2022-12-16,0.9278343542,1
2022-11-18,validation,0,2022-12-19,0.9243410303,1
2022-11-21,validation,0,2022-12-20,0.9181357924,1
2022-11-22,validation,0,2022-12-21,0.8975543435,1
2022-11-23,validation,0,2022-12-22,0.8138308392,1
2022-11-25,validation,0,2022-12-23,0.8134627251,1
2022-11-28,validation,0,2022-12-27,0.9228279828,1
2022-11-29,validation,0,2022-12-28,0.9159581039,1
2022-11-30,validation,0,2022-12-29,0.8828982397,1
2022-12-01,validation,0,2022-12-30,0.9021619634,1
2022-12-02,validation,0,2023-01-03,0.9090642823,1
2022-12-05,validation,0,2023-01-04,0.9212132453,1
2022-12-06,validation,0,2023-01-05,0.9382951179,1
2022-12-07,validation,0,2023-01-06,0.913019377,1
2022-12-08,validation,0,2023-01-09,0.9014690657,1
2022-12-09,validation,0,2023-01-10,0.9308342144,1
2022-12-12,validation,0,2023-01-11,0.9145526192,1
2022-12-13,validation,0,2023-01-12,0.9369653701,1
2022-12-14,validation,1,2023-01-13,0.9333594327,1
2022-12-15,validation,1,2023-01-17,0.942338851,1
2022-12-16,validation,1,2023-01-18,0.948843881,1
2022-12-19,validation,1,2023-01-19,0.9500575968,1
2022-12-20,validation,1,2023-01-20,0.9458500378,1
2022-12-21,validation,1,2023-01-23,0.9364447893,1
2022-12-22,validation,1,2023-01-24,0.9583704141,1
2022-12-23,validation,1,2023-01-25,0.9504306189,1
2022-12-27,validation,1,2023-01-26,0.9512303557,1
2022-12-28,validation,1,2023-01-27,0.9618768754,1
2022-12-29,validation,1,2023-01-30,0.9544857997,1
2022-12-30,validation,1,2023-01-31,0.9613705866,1
2023-01-03,test,1,2023-02-01,0.7820214846,1
2023-01-04,test,1,2023-02-02,0.7448330191,1
2023-01-05,test,1,2023-02-03,0.7656028427,1
2023-01-06,test,1,2023-02-06,0.7341353221,1
2023-01-09,test,1,2023-02-07,0.7583876939,1
2023-01-10,test,1,2023-02-08,0.7786380246,1
2023-01-11,test,1,2023-02-09,0.862600312,1
2023-01-12,test,1,2023-02-10,0.8902278134,1
2023-01-13,test,1,2023-02-13,0.8913636778,1
2023-01-17,test,1,2023-02-14,0.9014275883,1
2023-01-18,test,1,2023-02-15,0.8343623412,1
2023-01-19,test,1,2023-02-16,0.8572953526,1
2023-01-20,test,1,2023-02-17,0.9294418443,1
2023-01-23,test,0,2023-02-21,0.91936375,1
2023-01-24,test,0,2023-02-22,0.9106027909,1
2023-01-25,test,1,2023-02-23,0.9125020173,1
2023-01-26,test,0,2023-02-24,0.9211580629,1
2023-01-27,test,0,2023-02-27,0.914862602,1
2023-01-30,test,0,2023-02-28,0.9132246893,1
2023-01-31,test,0,2023-03-01,0.873449165,1
2023-02-01,test,0,2023-03-02,0.8578984307,1
2023-02-02,test,0,2023-03-03,0.8221582898,1
2023-02-03,test,0,2023-03-06,0.8459871659,1
2023-02-06,test,0,2023-03-07,0.8448026974,1
2023-02-07,test,0,2023-03-08,0.7940213736,1
2023-02-08,test,0,2023-03-09,0.8366505493,1
2023-02-09,test,0,2023-03-10,0.8397024754,1
2023-02-10,test,0,2023-03-13,0.823473709,1
2023-02-13,test,0,2023-03-14,0.7614983901,1
2023-02-14,test,0,2023-03-15,0.7520575276,1
2023-02-15,test,0,2023-03-16,0.7354671459,1
2023-02-16,test,0,2023-03-17,0.7770570142,1
2023-02-17,test,0,2023-03-20,0.7851975381,1
2023-02-21,test,1,2023-03-21,0.8218359486,1
2023-02-22,test,0,2023-03-22,0.8094075474,1
2023-02-23,test,0,2023-03-23,0.7992138105,1
2023-02-24,test,1,2023-03-24,0.8030766897,1
2023-02-27,test,1,2023-03-27,0.7929072076,1
2023-02-28,test,1,2023-03-28,0.8219931699,1
2023-03-01,test,1,2023-03-29,0.8242336704,1
2023-03-02,test,1,2023-03-30,0.8041254174,1
2023-03-03,test,1,2023-03-31,0.7814125711,1
2023-03-06,test,1,2023-04-03,0.7436184132,1
2023-03-07,test,1,2023-04-04,0.76221334,1
2023-03-08,test,1,2023-04-05,0.7782825973,1
2023-03-09,test,1,2023-04-06,0.8028516512,1
2023-03-10,test,1,2023-04-10,0.7009135594,1
2023-03-13,test,1,2023-04-11,0.6958627512,1
2023-03-14,test,1,2023-04-12,0.7975332049,1
2023-03-15,test,1,2023-04-13,0.6138025414,1
2023-03-16,test,1,2023-04-14,0.7270859771,1
2023-03-17,test,1,2023-04-17,0.749231658,1
2023-03-20,test,1,2023-04-18,0.7313073647,1
2023-03-21,test,1,2023-04-19,0.7132505165,1
2023-03-22,test,1,2023-04-20,0.7589161287,1
2023-03-23,test,1,2023-04-21,0.756675639,1
2023-03-24,test,1,2023-04-24,0.7367869693,1
2023-03-27,test,1,2023-04-25,0.7155833236,1
2023-03-28,test,1,2023-04-26,0.7349818008,1
2023-03-29,test,1,2023-04-27,0.7121965627,1
2023-03-30,test,1,2023-04-28,0.6888984634,1
2023-03-31,test,1,2023-05-01,0.6555818647,1
2023-04-03,test,0,2023-05-02,0.6528385557,1
2023-04-04,test,0,2023-05-03,0.6848720398,1
2023-04-05,test,0,2023-05-04,0.6575891225,1
2023-04-06,test,1,2023-05-05,0.6642963557,1
2023-04-10,test,1,2023-05-08,0.6615546815,1
2023-04-11,test,1,2023-05-09,0.6446423651,1
2023-04-12,test,1,2023-05-10,0.6778749344,1
2023-04-13,test,0,2023-05-11,0.6443613622,1
2023-04-14,test,0,2023-05-12,0.5927401473,1
2023-04-17,test,0,2023-05-15,0.5469952297,1
2023-04-18,test,0,2023-05-16,0.6046061917,1
2023-04-19,test,1,2023-05-17,0.6326786691,1
2023-04-20,test,1,2023-05-18,0.635767666,1
2023-04-21,test,1,2023-05-19,0.6205514058,1
2023-04-24,test,1,2023-05-22,0.6528966857,1
2023-04-25,test,1,2023-05-23,0.7074893015,1
2023-04-26,test,1,2023-05-24,0.6938576474,1
2023-04-27,test,1,2023-05-25,0.6746795878,1
2023-04-28,test,1,2023-05-26,0.6737696899,1
2023-05-01,test,1,2023-05-30,0.7003188609,1
2023-05-02,test,1,2023-05-31,0.7457187943,1
2023-05-03,test,1,2023-06-01,0.77557019,1
2023-05-04,test,1,2023-06-02,0.7997674599,1
2023-05-05,test,1,2023-06-05,0.7368811369,1
2023-05-08,test,1,2023-06-06,0.7328991431,1
2023-05-09,test,1,2023-06-07,0.7640894764,1
2023-05-10,test,1,2023-06-08,0.7748981441,1
2023-05-11,test,1,2023-06-09,0.7880599515,1
2023-05-12,test,1,2023-06-12,0.7925917017,1
2023-05-15,test,1,2023-06-13,0.7726271334,1
2023-05-16,test,1,2023-06-14,0.7672163273,1
2023-05-17,test,1,2023-06-15,0.7123669309,1
2023-05-18,test,1,2023-06-16,0.6790031652,1
2023-05-19,test,1,2023-06-20,0.7014314867,1
2023-05-22,test,1,2023-06-21,0.7045402972,1
2023-05-23,test,1,2023-06-22,0.7139258268,1
2023-05-24,test,1,2023-06-23,0.6996612403,1
2023-05-25,test,1,2023-06-26,0.6484524226,1
2023-05-26,test,1,2023-06-27,0.6466311437,1
2023-05-30,test,1,2023-06-28,0.6556730587,1
2023-05-31,test,1,2023-06-29,0.6718291836,1
2023-06-01,test,1,2023-06-30,0.6436056581,1
2023-06-02,test,1,2023-07-03,0.6122585171,1
2023-06-05,test,1,2023-07-05,0.5728509472,1
2023-06-06,test,1,2023-07-06,0.5494630774,1
2023-06-07,test,1,2023-07-07,0.5363714816,1
2023-06-08,test,1,2023-07-10,0.5727786456,1
2023-06-09,test,1,2023-07-11,0.5791800047,1
2023-06-12,test,1,2023-07-12,0.5935980968,1
2023-06-13,test,1,2023-07-13,0.569988409,1
2023-06-14,test,1,2023-07-14,0.6049888061,1
2023-06-15,test,1,2023-07-17,0.6081618153,1
2023-06-16,test,1,2023-07-18,0.5602803619,1
2023-06-20,test,1,2023-07-19,0.5565188197,1
2023-06-21,test,1,2023-07-20,0.5998890682,1
2023-06-22,test,1,2023-07-21,0.5626148183,1
2023-06-23,test,1,2023-07-24,0.5523649246,1
2023-06-26,test,1,2023-07-25,0.6005257917,1
2023-06-27,test,1,2023-07-26,0.5668387019,1
2023-06-28,test,1,2023-07-27,0.6085487979,1
2023-06-29,test,1,2023-07-28,0.5827098518,1
2023-06-30,test,1,2023-07-31,0.5490405132,1
2023-07-03,test,1,2023-08-01,0.5646404939,1
2023-07-05,test,1,2023-08-02,0.5536047079,1
2023-07-06,test,1,2023-08-03,0.5604019237,1
2023-07-07,test,1,2023-08-04,0.5678979006,1
2023-07-10,test,1,2023-08-07,0.5393730371,1
2023-07-11,test,1,2023-08-08,0.5557564406,1
2023-07-12,test,0,2023-08-09,0.5825282796,1
2023-07-13,test,0,2023-08-10,0.615996743,1
2023-07-14,test,0,2023-08-11,0.6004547452,1
2023-07-17,test,0,2023-08-14,0.606759073,1
2023-07-18,test,0,2023-08-15,0.5542432149,1
2023-07-19,test,0,2023-08-16,0.5531724627,1
2023-07-20,test,0,2023-08-17,0.5437543563,1
2023-07-21,test,0,2023-08-18,0.5037674843,1
2023-07-24,test,0,2023-08-21,0.4702202436,0
2023-07-25,test,0,2023-08-22,0.5117879156,1
2023-07-26,test,0,2023-08-23,0.5492080635,1
2023-07-27,test,0,2023-08-24,0.579675418,1
2023-07-28,test,0,2023-08-25,0.517808337,1
2023-07-31,test,0,2023-08-28,0.4851419494,0
2023-08-01,test,0,2023-08-29,0.4410899643,0
2023-08-02,test,1,2023-08-30,0.4920225103,0
2023-08-03,test,1,2023-08-31,0.4909158954,0
2023-08-04,test,1,2023-09-01,0.5075567705,1
2023-08-07,test,0,2023-09-05,0.4844459496,0
2023-08-08,test,0,2023-09-06,0.4986048115,0
2023-08-09,test,0,2023-09-07,0.5372324559,1
2023-08-10,test,0,2023-09-08,0.5317901833,1
2023-08-11,test,1,2023-09-11,0.513265412,1
2023-08-14,test,0,2023-09-12,0.5037624601,1
2023-08-15,test,1,2023-09-13,0.5675122503,1
2023-08-16,test,1,2023-09-14,0.5683622892,1
2023-08-17,test,1,2023-09-15,0.5822125971,1
2023-08-18,test,1,2023-09-18,0.5633083901,1
2023-08-21,test,1,2023-09-19,0.5305863012,1
2023-08-22,test,1,2023-09-20,0.5936711617,1
2023-08-23,test,0,2023-09-21,0.6112276552,1
2023-08-24,test,0,2023-09-22,0.6523826424,1
2023-08-25,test,0,2023-09-25,0.6275739076,1
2023-08-28,test,0,2023-09-26,0.6160135123,1
2023-08-29,test,0,2023-09-27,0.6278647214,1
2023-08-30,test,0,2023-09-28,0.6147706581,1
2023-08-31,test,0,2023-09-29,0.6158432317,1
2023-09-01,test,0,2023-10-02,0.6177664603,1
2023-09-05,test,0,2023-10-03,0.6188003895,1
2023-09-06,test,0,2023-10-04,0.6349761221,1
2023-09-07,test,0,2023-10-05,0.6532960756,1
2023-09-08,test,0,2023-10-06,0.6469819322,1
2023-09-11,test,0,2023-10-09,0.6327998157,1
2023-09-12,test,0,2023-10-10,0.6710502826,1
2023-09-13,test,0,2023-10-11,0.6524961168,1
2023-09-14,test,0,2023-10-12,0.6638618579,1
2023-09-15,test,0,2023-10-13,0.6769389948,1
2023-09-18,test,0,2023-10-16,0.6873780031,1
2023-09-19,test,0,2023-10-17,0.6986029456,1
2023-09-20,test,0,2023-10-18,0.6995165944,1
2023-09-21,test,0,2023-10-19,0.7370054182,1
2023-09-22,test,0,2023-10-20,0.7477393187,1
2023-09-25,test,0,2023-10-23,0.7451992006,1
2023-09-26,test,0,2023-10-24,0.7859555253,1
2023-09-27,test,0,2023-10-25,0.7886235088,1
2023-09-28,test,0,2023-10-26,0.8023040518,1
2023-09-29,test,0,2023-10-27,0.8089029861,1
2023-10-02,test,0,2023-10-30,0.7800821784,1
2023-10-03,test,0,2023-10-31,0.7963085299,1
2023-10-04,test,0,2023-11-01,0.7686826321,1
2023-10-05,test,1,2023-11-02,0.7667680847,1
2023-10-06,test,1,2023-11-03,0.735303801,1
2023-10-09,test,1,2023-11-06,0.7498909754,1
2023-10-10,test,1,2023-11-07,0.7658422325,1
2023-10-11,test,1,2023-11-08,0.7747523426,1
2023-10-12,test,1,2023-11-09,0.7793151924,1
2023-10-13,test,1,2023-11-10,0.7786276304,1
2023-10-16,test,1,2023-11-13,0.745144555,1
2023-10-17,test,1,2023-11-14,0.75547225,1
2023-10-18,test,1,2023-11-15,0.7627379727,1
2023-10-19,test,1,2023-11-16,0.7549353195,1
2023-10-20,test,1,2023-11-17,0.7763923616,1
2023-10-23,test,1,2023-11-20,0.7814138635,1
2023-10-24,test,1,2023-11-21,0.7654556352,1
2023-10-25,test,1,2023-11-22,0.6404116576,1
2023-10-26,test,1,2023-11-24,0.671433601,1
2023-10-27,test,1,2023-11-27,0.6834063798,1
2023-10-30,test,1,2023-11-28,0.6287328816,1
2023-10-31,test,1,2023-11-29,0.6246877061,1
2023-11-01,test,1,2023-11-30,0.7866852789,1
2023-11-02,test,1,2023-12-01,0.7674580077,1
2023-11-03,test,1,2023-12-04,0.7914885847,1
2023-11-06,test,1,2023-12-05,0.7905342975,1
2023-11-07,test,1,2023-12-06,0.7980756399,1
2023-11-08,test,1,2023-12-07,0.7824796391,1
2023-11-09,test,1,2023-12-08,0.7791665602,1
2023-11-10,test,1,2023-12-11,0.7326453756,1
2023-11-13,test,1,2023-12-12,0.7334835883,1
2023-11-14,test,1,2023-12-13,0.7409357561,1
2023-11-15,test,1,2023-12-14,0.7278164024,1
2023-11-16,test,1,2023-12-15,0.7214414524,1
2023-11-17,test,1,2023-12-18,0.7111451974,1
2023-11-20,test,1,2023-12-19,0.7056571425,1
2023-11-21,test,1,2023-12-20,0.70944426,1
2023-11-22,test,1,2023-12-21,0.7062084201,1
2023-11-24,test,1,2023-12-22,0.7092811372,1
2023-11-27,test,1,2023-12-26,0.712183136,1
2023-11-28,test,1,2023-12-27,0.7188766508,1
2023-11-29,test,1,2023-12-28,0.7403452929,1
2023-11-30,test,1,2023-12-29,0.7172323987,1
2023-12-01,test,1,2024-01-02,0.7226422373,1
2023-12-04,test,1,2024-01-03,0.7336267386,1
2023-12-05,test,1,2024-01-04,0.7372616269,1
2023-12-06,test,1,2024-01-05,0.7513608085,1
2023-12-07,test,1,2024-01-08,0.7414469901,1
2023-12-08,test,1,2024-01-09,0.7305284472,1
2023-12-11,test,1,2024-01-10,0.7074394498,1
2023-12-12,test,1,2024-01-11,0.7064290818,1
2023-12-13,test,1,2024-01-12,0.713085765,1
2023-12-14,test,1,2024-01-16,0.7184468782,1
2023-12-15,test,1,2024-01-17,0.6975893962,1
2023-12-18,test,1,2024-01-18,0.6663539276,1
2023-12-19,test,1,2024-01-19,0.6963837028,1
2023-12-20,test,1,2024-01-22,0.7095737545,1
2023-12-21,test,1,2024-01-23,0.6989575637,1
2023-12-22,test,1,2024-01-24,0.6970264985,1
2023-12-26,test,1,2024-01-25,0.6965931021,1
2023-12-27,test,1,2024-01-26,0.7312055298,1
2023-12-28,test,1,2024-01-29,0.7322454821,1
2023-12-29,test,1,2024-01-30,0.7508740433,1
2024-01-02,test,1,2024-01-31,0.7319182479,1
2024-01-03,test,1,2024-02-01,0.758227737,1
2024-01-04,test,1,2024-02-02,0.7662060902,1
2024-01-05,test,1,2024-02-05,0.7538707785,1
2024-01-08,test,1,2024-02-06,0.7385810405,1
2024-01-09,test,1,2024-02-07,0.7499104533,1
2024-01-10,test,1,2024-02-08,0.7301197672,1
2024-01-11,test,1,2024-02-09,0.761230191,1
2024-01-12,test,1,2024-02-12,0.773353133,1
2024-01-16,test,1,2024-02-13,0.7412567364,1
2024-01-17,test,1,2024-02-14,0.7332193419,1
2024-01-18,test,1,2024-02-15,0.6842417567,1
2024-01-19,test,1,2024-02-16,0.6557808335,1
2024-01-22,test,1,2024-02-20,0.6694908156,1
2024-01-23,test,1,2024-02-21,0.6345164605,1
2024-01-24,test,1,2024-02-22,0.5938063544,1
2024-01-25,test,1,2024-02-23,0.5689454405,1
2024-01-26,test,1,2024-02-26,0.5951681086,1
2024-01-29,test,1,2024-02-27,0.5949339111,1
2024-01-30,test,1,2024-02-28,0.5983619481,1
2024-01-31,test,1,2024-02-29,0.6707564404,1
2024-02-01,test,1,2024-03-01,0.6217426111,1
2024-02-02,test,1,2024-03-04,0.5871316004,1
2024-02-05,test,1,2024-03-05,0.5917596902,1
2024-02-06,test,1,2024-03-06,0.6109737134,1
2024-02-07,test,1,2024-03-07,0.5805098614,1
2024-02-08,test,1,2024-03-08,0.6059019496,1
2024-02-09,test,1,2024-03-11,0.5869464701,1
2024-02-12,test,1,2024-03-12,0.5993616514,1
2024-02-13,test,1,2024-03-13,0.6265755085,1
2024-02-14,test,1,2024-03-14,0.6020784268,1
2024-02-15,test,1,2024-03-15,0.59061027,1
2024-02-16,test,1,2024-03-18,0.6284862872,1
2024-02-20,test,1,2024-03-19,0.6494658228,1
2024-02-21,test,1,2024-03-20,0.6565445592,1
2024-02-22,test,1,2024-03-21,0.6032835326,1
2024-02-23,test,1,2024-03-22,0.6106675775,1
2024-02-26,test,1,2024-03-25,0.6129416437,1
2024-02-27,test,1,2024-03-26,0.6027921474,1
2024-02-28,test,1,2024-03-27,0.6125066661,1
2024-02-29,test,1,2024-03-28,0.5839664842,1
2024-03-01,test,1,2024-04-01,0.5844579208,1
2024-03-04,test,1,2024-04-02,0.5872497428,1
2024-03-05,test,1,2024-04-03,0.5964858165,1
2024-03-06,test,1,2024-04-04,0.6106797456,1
2024-03-07,test,1,2024-04-05,0.6221688738,1
2024-03-08,test,1,2024-04-08,0.6490726295,1
2024-03-11,test,1,2024-04-09,0.6574586112,1
2024-03-12,test,0,2024-04-10,0.6333403516,1
2024-03-13,test,1,2024-04-11,0.6108541266,1
2024-03-14,test,0,2024-04-12,0.6026466001,1
2024-03-15,test,0,2024-04-15,0.652533634,1
2024-03-18,test,0,2024-04-16,0.6227352806,1
2024-03-19,test,0,2024-04-17,0.5750436378,1
2024-03-20,test,0,2024-04-18,0.5694711053,1
2024-03-21,test,0,2024-04-19,0.5854305834,1
2024-03-22,test,0,2024-04-22,0.6025295685,1
2024-03-25,test,0,2024-04-23,0.5907964174,1
2024-03-26,test,0,2024-04-24,0.6023786068,1
2024-03-27,test,0,2024-04-25,0.5747426025,1
2024-03-28,test,0,2024-04-26,0.5809332461,1
2024-04-01,test,0,2024-04-29,0.5572230684,1
2024-04-02,test,0,2024-04-30,0.566049823,1
2024-04-03,test,0,2024-05-01,0.5688434408,1
2024-04-04,test,0,2024-05-02,0.6248906196,1
2024-04-05,test,0,2024-05-03,0.5876068816,1
2024-04-08,test,0,2024-05-06,0.6123807053,1
2024-04-09,test,0,2024-05-07,0.6087464175,1
2024-04-10,test,1,2024-05-08,0.6038930743,1
2024-04-11,test,1,2024-05-09,0.610015727,1
2024-04-12,test,1,2024-05-10,0.6382727026,1
2024-04-15,test,1,2024-05-13,0.6687991437,1
2024-04-16,test,1,2024-05-14,0.6774589128,1
2024-04-17,test,1,2024-05-15,0.7038356204,1
2024-04-18,test,1,2024-05-16,0.7158134945,1
2024-04-19,test,1,2024-05-17,0.7467987331,1
2024-04-22,test,1,2024-05-20,0.7417065933,1
2024-04-23,test,1,2024-05-21,0.7203523802,1
2024-04-24,test,1,2024-05-22,0.731169941,1
2024-04-25,test,1,2024-05-23,0.7449470883,1
2024-04-26,test,1,2024-05-24,0.689545838,1
2024-04-29,test,1,2024-05-28,0.6981168514,1
2024-04-30,test,1,2024-05-29,0.7577461033,1
2024-05-01,test,1,2024-05-30,0.7700261957,1
2024-05-02,test,1,2024-05-31,0.760721884,1
2024-05-03,test,1,2024-06-03,0.7661971962,1
2024-05-06,test,1,2024-06-04,0.7603961027,1
2024-05-07,test,1,2024-06-05,0.7669930759,1
2024-05-08,test,1,2024-06-06,0.7529891175,1
2024-05-09,test,1,2024-06-07,0.7426673601,1
2024-05-10,test,1,2024-06-10,0.7327248325,1
2024-05-13,test,1,2024-06-11,0.7224192439,1
2024-05-14,test,1,2024-06-12,0.7090213682,1
2024-05-15,test,1,2024-06-13,0.6762979112,1
2024-05-16,test,1,2024-06-14,0.6843583972,1
2024-05-17,test,1,2024-06-17,0.7089670006,1
2024-05-20,test,1,2024-06-18,0.7005715524,1
2024-05-21,test,1,2024-06-20,0.6860083998,1
2024-05-22,test,1,2024-06-21,0.6779638354,1
2024-05-23,test,1,2024-06-24,0.6933439709,1
2024-05-24,test,1,2024-06-25,0.6856310251,1
2024-05-28,test,1,2024-06-26,0.6834182146,1
2024-05-29,test,1,2024-06-27,0.6756323361,1
2024-05-30,test,1,2024-06-28,0.6785046141,1
2024-05-31,test,1,2024-07-01,0.6638030461,1
2024-06-03,test,1,2024-07-02,0.6851573257,1
2024-06-04,test,1,2024-07-03,0.6636285683,1
2024-06-05,test,1,2024-07-05,0.6510226442,1
2024-06-06,test,1,2024-07-08,0.6959747867,1
2024-06-07,test,1,2024-07-09,0.6785372067,1
2024-06-10,test,1,2024-07-10,0.6790077978,1
2024-06-11,test,1,2024-07-11,0.6479569501,1
2024-06-12,test,1,2024-07-12,0.6546714013,1
2024-06-13,test,1,2024-07-15,0.657648611,1
2024-06-14,test,1,2024-07-16,0.6545476293,1
2024-06-17,test,1,2024-07-17,0.6286588399,1
2024-06-18,test,1,2024-07-18,0.6352552101,1
2024-06-20,test,1,2024-07-19,0.6425406308,1
2024-06-21,test,1,2024-07-22,0.6322810323,1
2024-06-24,test,1,2024-07-23,0.6614498618,1
2024-06-25,test,0,2024-07-24,0.6532720329,1
2024-06-26,test,0,2024-07-25,0.6524024674,1
2024-06-27,test,0,2024-07-26,0.6388554873,1
2024-06-28,test,1,2024-07-29,0.6463929462,1
2024-07-01,test,0,2024-07-30,0.6024023664,1
2024-07-02,test,1,2024-07-31,0.6180665138,1
2024-07-03,test,0,2024-08-01,0.627505391,1
2024-07-05,test,0,2024-08-02,0.6233796863,1
2024-07-08,test,0,2024-08-05,0.6194352992,1
2024-07-09,test,0,2024-08-06,0.6287920304,1
2024-07-10,test,0,2024-08-07,0.5985799805,1
2024-07-11,test,0,2024-08-08,0.6257744804,1
2024-07-12,test,0,2024-08-09,0.6300366686,1
2024-07-15,test,0,2024-08-12,0.5836707291,1
2024-07-16,test,0,2024-08-13,0.584546607,1
2024-07-17,test,0,2024-08-14,0.5964853032,1
2024-07-18,test,1,2024-08-15,0.6084923413,1
2024-07-19,test,1,2024-08-16,0.6316369464,1
2024-07-22,test,1,2024-08-19,0.6017370036,1
2024-07-23,test,1,2024-08-20,0.5987407428,1
2024-07-24,test,1,2024-08-21,0.6735770977,1
2024-07-25,test,1,2024-08-22,0.6773093156,1
2024-07-26,test,1,2024-08-23,0.6399131819,1
2024-07-29,test,1,2024-08-26,0.6210431912,1
2024-07-30,test,1,2024-08-27,0.6385578481,1
2024-07-31,test,1,2024-08-28,0.64122852,1
2024-08-01,test,1,2024-08-29,0.6846994433,1
2024-08-02,test,1,2024-08-30,0.7294860437,1
2024-08-05,test,1,2024-09-03,0.7905806675,1
2024-08-06,test,1,2024-09-04,0.754583372,1
2024-08-07,test,1,2024-09-05,0.783650273,1
2024-08-08,test,1,2024-09-06,0.741772751,1
2024-08-09,test,1,2024-09-09,0.7573484456,1
2024-08-12,test,1,2024-09-10,0.7757312374,1
2024-08-13,test,1,2024-09-11,0.757374064,1
2024-08-14,test,1,2024-09-12,0.7590940115,1
2024-08-15,test,1,2024-09-13,0.7163293491,1
2024-08-16,test,1,2024-09-16,0.7377892885,1
2024-08-19,test,1,2024-09-17,0.7376204825,1
2024-08-20,test,1,2024-09-18,0.7314649885,1
2024-08-21,test,1,2024-09-19,0.7311982955,1
2024-08-22,test,1,2024-09-20,0.743434341,1
2024-08-23,test,1,2024-09-23,0.7486443536,1
2024-08-26,test,1,2024-09-24,0.7162869427,1
2024-08-27,test,1,2024-09-25,0.724274001,1
2024-08-28,test,1,2024-09-26,0.7301773618,1
2024-08-29,test,1,2024-09-27,0.7290194947,1
2024-08-30,test,1,2024-09-30,0.7115447393,1
2024-09-03,test,1,2024-10-01,0.748082363,1
2024-09-04,test,1,2024-10-02,0.7630759073,1
2024-09-05,test,1,2024-10-03,0.7776947995,1
2024-09-06,test,1,2024-10-04,0.8153011881,1
2024-09-09,test,1,2024-10-07,0.7915474458,1
2024-09-10,test,1,2024-10-08,0.8046236148,1
2024-09-11,test,1,2024-10-09,0.8014878559,1
2024-09-12,test,1,2024-10-10,0.8125673728,1
2024-09-13,test,1,2024-10-11,0.8175392471,1
2024-09-16,test,1,2024-10-14,0.8195418037,1
2024-09-17,test,1,2024-10-15,0.8198663085,1
2024-09-18,test,1,2024-10-16,0.808316701,1
2024-09-19,test,1,2024-10-17,0.7939533176,1
2024-09-20,test,1,2024-10-18,0.8122791353,1
2024-09-23,test,1,2024-10-21,0.8234950928,1
2024-09-24,test,1,2024-10-22,0.8236957979,1
2024-09-25,test,1,2024-10-23,0.8388475214,1
2024-09-26,test,1,2024-10-24,0.8551922576,1
2024-09-27,test,1,2024-10-25,0.8476158305,1
2024-09-30,test,1,2024-10-28,0.8390353842,1
2024-10-01,test,1,2024-10-29,0.8616007342,1
2024-10-02,test,1,2024-10-30,0.8614289691,1
2024-10-03,test,1,2024-10-31,0.8579533105,1
2024-10-04,test,0,2024-11-01,0.8157296529,1
2024-10-07,test,1,2024-11-04,0.8358545979,1
2024-10-08,test,1,2024-11-05,0.820527805,1
2024-10-09,test,1,2024-11-06,0.80369666,1
2024-10-10,test,1,2024-11-07,0.7917036634,1
2024-10-11,test,1,2024-11-08,0.782087848,1
2024-10-14,test,1,2024-11-11,0.7653008051,1
2024-10-15,test,1,2024-11-12,0.7846001191,1
2024-10-16,test,1,2024-11-13,0.7725677595,1
2024-10-17,test,1,2024-11-14,0.7388581168,1
2024-10-18,test,1,2024-11-15,0.7261399618,1
2024-10-21,test,1,2024-11-18,0.7002171319,1
2024-10-22,test,1,2024-11-19,0.7055800009,1
2024-10-23,test,1,2024-11-20,0.6783918898,1
2024-10-24,test,1,2024-11-21,0.6822926295,1
2024-10-25,test,1,2024-11-22,0.6780243415,1
2024-10-28,test,1,2024-11-25,0.6456742262,1
2024-10-29,test,1,2024-11-26,0.571387298,1
2024-10-30,test,1,2024-11-27,0.611377066,1
2024-10-31,test,1,2024-11-29,0.6408895707,1
2024-11-01,test,1,2024-12-02,0.6506624243,1
2024-11-04,test,1,2024-12-03,0.6618970852,1
2024-11-05,test,1,2024-12-04,0.6402797724,1
2024-11-06,test,1,2024-12-05,0.5675594135,1
2024-11-07,test,1,2024-12-06,0.6034189483,1
2024-11-08,test,1,2024-12-09,0.6130881437,1
2024-11-11,test,1,2024-12-10,0.6151909427,1
2024-11-12,test,1,2024-12-11,0.5897018197,1
2024-11-13,test,1,2024-12-12,0.5631560721,1
2024-11-14,test,1,2024-12-13,0.5657879508,1
2024-11-15,test,1,2024-12-16,0.5953481387,1
2024-11-18,test,1,2024-12-17,0.5793266949,1
2024-11-19,test,0,2024-12-18,0.5816752695,1
2024-11-20,test,0,2024-12-19,0.5672668549,1
2024-11-21,test,0,2024-12-20,0.55070495,1
2024-11-22,test,1,2024-12-23,0.5539178822,1
2024-11-25,test,1,2024-12-24,0.5905076775,1
2024-11-26,test,1,2024-12-26,0.5178375596,1
2024-11-27,test,0,2024-12-27,0.5287131378,1
2024-11-29,test,0,2024-12-30,0.5140921196,1
2024-12-02,test,0,2024-12-31,0.4857153,0
2024-12-03,test,0,2025-01-02,0.5061081318,1
2024-12-04,test,0,2025-01-03,0.5091798802,1
2024-12-05,test,0,2025-01-06,0.5626120197,1
2024-12-06,test,0,2025-01-07,0.5742259722,1
2024-12-09,test,0,2025-01-08,0.5960284703,1
2024-12-10,test,0,2025-01-10,0.5719932541,1
2024-12-11,test,0,2025-01-13,0.5552911498,1
2024-12-12,test,0,2025-01-14,0.5570450629,1
2024-12-13,test,0,2025-01-15,0.5565815839,1
2024-12-16,test,0,2025-01-16,0.5506444537,1
2024-12-17,test,0,2025-01-17,0.568188066,1
2024-12-18,test,1,2025-01-21,0.6141385052,1
2024-12-19,test,1,2025-01-22,0.6128025411,1
2024-12-20,test,1,2025-01-23,0.5622001352,1
2024-12-23,test,1,2025-01-24,0.5451407669,1
2024-12-24,test,0,2025-01-27,0.5413263332,1
2024-12-26,test,1,2025-01-28,0.538333546,1
2024-12-27,test,1,2025-01-29,0.5719079372,1
2024-12-30,test,1,2025-01-30,0.6135006569,1
2024-12-31,test,1,2025-01-31,0.6390515493,1
2025-01-02,test,1,2025-02-03,0.6257772325,1
2025-01-03,test,1,2025-02-04,0.6274358371,1
2025-01-06,test,1,2025-02-05,0.6532086114,1
2025-01-07,test,1,2025-02-06,0.682305294,1
2025-01-08,test,1,2025-02-07,0.6722031646,1
2025-01-10,test,1,2025-02-10,0.7127058351,1
2025-01-13,test,1,2025-02-11,0.6917148392,1
2025-01-14,test,1,2025-02-12,0.6955127776,1
2025-01-15,test,1,2025-02-13,0.6762190269,1
2025-01-16,test,1,2025-02-14,0.6890421949,1
2025-01-17,test,1,2025-02-18,0.6931949341,1
2025-01-21,test,1,2025-02-19,0.684866452,1
2025-01-22,test,1,2025-02-20,0.6463805765,1
2025-01-23,test,0,2025-02-21,0.6315059109,1
2025-01-24,test,0,2025-02-24,0.6618741199,1
2025-01-27,test,0,2025-02-25,0.7006140381,1
2025-01-28,test,0,2025-02-26,0.6715883536,1
2025-01-29,test,0,2025-02-27,0.6812982048,1
2025-01-30,test,0,2025-02-28,0.6254339651,1
2025-01-31,test,0,2025-03-03,0.6452378985,1
2025-02-03,test,0,2025-03-04,0.6481971646,1
2025-02-04,test,0,2025-03-05,0.649186859,1
2025-02-05,test,0,2025-03-06,0.7306817048,1
2025-02-06,test,0,2025-03-07,0.7134258428,1
2025-02-07,test,0,2025-03-10,0.7587584013,1
2025-02-10,test,0,2025-03-11,0.739152102,1
2025-02-11,test,0,2025-03-12,0.7538117721,1
2025-02-12,test,0,2025-03-13,0.7623765791,1
2025-02-13,test,0,2025-03-14,0.74768183,1
2025-02-14,test,0,2025-03-17,0.7414722662,1
2025-02-18,test,0,2025-03-18,0.7332664129,1
2025-02-19,test,0,2025-03-19,0.7273178083,1
2025-02-20,test,0,2025-03-20,0.7540080605,1
2025-02-21,test,0,2025-03-21,0.7941465103,1
2025-02-24,test,0,2025-03-24,0.7933179054,1
2025-02-25,test,0,2025-03-25,0.7979578269,1
2025-02-26,test,0,2025-03-26,0.8171883646,1
2025-02-27,test,0,2025-03-27,0.8305774534,1
2025-02-28,test,0,2025-03-28,0.7911651918,1
2025-03-03,test,0,2025-03-31,0.8389260235,1
2025-03-04,test,0,2025-04-01,0.8496816517,1
2025-03-05,test,0,2025-04-02,0.8486049115,1
2025-03-06,test,0,2025-04-03,0.8760647353,1
2025-03-07,test,0,2025-04-04,0.8675868704,1
2025-03-10,test,0,2025-04-07,0.7890055225,1
2025-03-11,test,0,2025-04-08,0.8056385767,1
2025-03-12,test,0,2025-04-09,0.8044686602,1
2025-03-13,test,0,2025-04-10,0.8398270191,1
2025-03-14,test,0,2025-04-11,0.8195364486,1
2025-03-17,test,0,2025-04-14,0.8406583767,1
2025-03-18,test,0,2025-04-15,0.8625796555,1
2025-03-19,test,0,2025-04-16,0.8352307609,1
2025-03-20,test,0,2025-04-17,0.8430426354,1
2025-03-21,test,0,2025-04-21,0.8399366602,1
2025-03-24,test,0,2025-04-22,0.9078043088,1
2025-03-25,test,0,2025-04-23,0.9178993769,1
2025-03-26,test,0,2025-04-24,0.8411543577,1
2025-03-27,test,0,2025-04-25,0.8287605209,1
2025-03-28,test,0,2025-04-28,0.8467135088,1
2025-03-31,test,0,2025-04-29,0.8099823654,1
2025-04-01,test,0,2025-04-30,0.8009344014,1
2025-04-02,test,0,2025-05-01,0.8162805488,1
2025-04-03,test,1,2025-05-02,0.8847888104,1
2025-04-04,test,1,2025-05-05,0.9350639206,1
2025-04-07,test,1,2025-05-06,0.9172105597,1
2025-04-08,test,1,2025-05-07,0.9226786843,1
2025-04-09,test,1,2025-05-08,0.8506177383,1
2025-04-10,test,1,2025-05-09,0.9083468506,1
2025-04-11,test,1,2025-05-12,0.912761425,1
2025-04-14,test,1,2025-05-13,0.9112760992,1
2025-04-15,test,1,2025-05-14,0.9268324716,1
2025-04-16,test,1,2025-05-15,0.9328409502,1
2025-04-17,test,1,2025-05-16,0.9401291963,1
2025-04-21,test,1,2025-05-19,0.9544135195,1
2025-04-22,test,1,2025-05-20,0.9344696419,1
2025-04-23,test,1,2025-05-21,0.9226718122,1
2025-04-24,test,1,2025-05-22,0.919943953,1
2025-04-25,test,1,2025-05-23,0.9152247298,1
2025-04-28,test,1,2025-05-27,0.9193947322,1
2025-04-29,test,1,2025-05-28,0.9142237977,1
2025-04-30,test,1,2025-05-29,0.9086828303,1
2025-05-01,test,1,2025-05-30,0.8934430769,1
2025-05-02,test,1,2025-06-02,0.8768311181,1
2025-05-05,test,1,2025-06-03,0.8818977701,1
2025-05-06,test,1,2025-06-04,0.8794587216,1
2025-05-07,test,1,2025-06-05,0.8651845662,1
2025-05-08,test,1,2025-06-06,0.8748658226,1
2025-05-09,test,1,2025-06-09,0.8738835512,1
2025-05-12,test,1,2025-06-10,0.9131919815,1
2025-05-13,test,1,2025-06-11,0.9124028403,1
2025-05-14,test,1,2025-06-12,0.9085929971,1
2025-05-15,test,1,2025-06-13,0.9125832266,1
2025-05-16,test,1,2025-06-16,0.9021929329,1
2025-05-19,test,1,2025-06-17,0.8808174901,1
2025-05-20,test,1,2025-06-18,0.8884267495,1
2025-05-21,test,1,2025-06-20,0.8913634684,1
2025-05-22,test,1,2025-06-23,0.8880547361,1
2025-05-23,test,1,2025-06-24,0.8912403885,1
2025-05-27,test,1,2025-06-25,0.8881361331,1
2025-05-28,test,1,2025-06-26,0.8727854585,1
2025-05-29,test,1,2025-06-27,0.8588922198,1
2025-05-30,test,1,2025-06-30,0.8626878855,1
2025-06-02,test,1,2025-07-01,0.843972472,1
2025-06-03,test,1,2025-07-02,0.8285090456,1
2025-06-04,test,1,2025-07-03,0.8113254517,1
2025-06-05,test,1,2025-07-07,0.8051120055,1
2025-06-06,test,1,2025-07-08,0.7820085967,1
2025-06-09,test,1,2025-07-09,0.7613461732,1
2025-06-10,test,1,2025-07-10,0.7863675064,1
2025-06-11,test,1,2025-07-11,0.8043467695,1
2025-06-12,test,1,2025-07-14,0.7847162531,1
2025-06-13,test,1,2025-07-15,0.8044204998,1
2025-06-16,test,1,2025-07-16,0.7833164119,1
2025-06-17,test,1,2025-07-17,0.8028493242,1
2025-06-18,test,1,2025-07-18,0.8334499944,1
2025-06-20,test,1,2025-07-21,0.8297953833,1
2025-06-23,test,1,2025-07-22,0.8095572954,1
2025-06-24,test,1,2025-07-23,0.7954614523,1
2025-06-25,test,1,2025-07-24,0.7753635843,1
2025-06-26,test,1,2025-07-25,0.7927694577,1
2025-06-27,test,1,2025-07-28,0.7934990764,1
2025-06-30,test,1,2025-07-29,0.7939772689,1
2025-07-01,test,1,2025-07-30,0.7035427438,1
2025-07-02,test,1,2025-07-31,0.6043403578,1
2025-07-03,test,0,2025-08-01,0.6073982889,1
2025-07-07,test,1,2025-08-04,0.577463877,1
2025-07-08,test,1,2025-08-05,0.7088406757,1
2025-07-09,test,1,2025-08-06,0.63502613,1
2025-07-10,test,1,2025-08-07,0.6403078572,1
2025-07-11,test,1,2025-08-08,0.5606022943,1
2025-07-14,test,1,2025-08-11,0.5277641273,1
2025-07-15,test,1,2025-08-12,0.456353578,0
2025-07-16,test,1,2025-08-13,0.4365495484,0
2025-07-17,test,1,2025-08-14,0.3467320129,0
2025-07-18,test,1,2025-08-15,0.3983081998,0
2025-07-21,test,1,2025-08-18,0.4415701763,0
2025-07-22,test,1,2025-08-19,0.5029259698,1
2025-07-23,test,1,2025-08-20,0.5257833404,1
2025-07-24,test,1,2025-08-21,0.488857113,0
2025-07-25,test,1,2025-08-22,0.4892220144,0
2025-07-28,test,1,2025-08-25,0.4834391466,0
2025-07-29,test,1,2025-08-26,0.5332021018,1
2025-07-30,test,1,2025-08-27,0.5333854485,1
2025-07-31,test,1,2025-08-28,0.5161426044,1
2025-08-01,test,1,2025-08-29,0.5604712968,1
2025-08-04,test,1,2025-09-02,0.5248146899,1
2025-08-05,test,1,2025-09-03,0.5920834532,1
2025-08-06,test,1,2025-09-04,0.5635941661,1
2025-08-07,test,1,2025-09-05,0.6703210999,1
2025-08-08,test,1,2025-09-08,0.6695306853,1
2025-08-11,test,1,2025-09-09,0.6867145259,1
2025-08-12,test,1,2025-09-10,0.6627575355,1
2025-08-13,test,1,2025-09-11,0.6813810794,1
2025-08-14,test,1,2025-09-12,0.6685246772,1
2025-08-15,test,1,2025-09-15,0.6621990744,1
2025-08-18,test,1,2025-09-16,0.6305378308,1
2025-08-19,test,1,2025-09-17,0.6388575401,1
2025-08-20,test,1,2025-09-18,0.6164379959,1
2025-08-21,test,1,2025-09-19,0.6479585839,1
2025-08-22,test,1,2025-09-22,0.6327061358,1
2025-08-25,test,1,2025-09-23,0.6380857229,1
2025-08-26,test,1,2025-09-24,0.6242257112,1
2025-08-27,test,1,2025-09-25,0.6190721214,1
2025-08-28,test,1,2025-09-26,0.6435976958,1
2025-08-29,test,1,2025-09-29,0.6251279416,1
2025-09-02,test,1,2025-09-30,0.6391232968,1
2025-09-03,test,1,2025-10-01,0.6505348126,1
2025-09-04,test,1,2025-10-02,0.6376426638,1
2025-09-05,test,1,2025-10-03,0.6835367808,1
2025-09-08,test,1,2025-10-06,0.692816141,1
2025-09-09,test,1,2025-10-07,0.6817897781,1
2025-09-10,test,1,2025-10-08,0.6855053128,1
2025-09-11,test,1,2025-10-09,0.6975156275,1
2025-09-12,test,0,2025-10-10,0.6834525882,1
2025-09-15,test,1,2025-10-13,0.6703747764,1
2025-09-16,test,1,2025-10-14,0.6805415557,1
2025-09-17,test,1,2025-10-15,0.6890285488,1
2025-09-18,test,1,2025-10-16,0.6782942298,1
2025-09-19,test,1,2025-10-17,0.6678337161,1
2025-09-22,test,1,2025-10-20,0.6652197598,1
2025-09-23,test,1,2025-10-21,0.6897773366,1
2025-09-24,test,1,2025-10-22,0.7021768014,1
2025-09-25,test,1,2025-10-23,0.7026545719,1
2025-09-26,test,1,2025-10-24,0.6927436964,1
2025-09-29,test,1,2025-10-27,0.719673612,1
2025-09-30,test,1,2025-10-28,0.7100448691,1
2025-10-01,test,1,2025-10-29,0.7137470621,1
2025-10-02,test,1,2025-10-30,0.7215946247,1
2025-10-03,test,1,2025-10-31,0.7414715093,1
2025-10-06,test,1,2025-11-03,0.7422135366,1
2025-10-07,test,1,2025-11-04,0.7445358897,1
2025-10-08,test,1,2025-11-05,0.7212242859,1
2025-10-09,test,0,2025-11-06,0.7239668441,1
2025-10-10,test,1,2025-11-07,0.7739203219,1
2025-10-13,test,1,2025-11-10,0.7401043082,1
2025-10-14,test,1,2025-11-11,0.7536376256,1
2025-10-15,test,1,2025-11-12,0.7352433192,1
2025-10-16,test,1,2025-11-13,0.7583470256,1
2025-10-17,test,1,2025-11-14,0.7621939143,1
2025-10-20,test,0,2025-11-17,0.7521627521,1
2025-10-21,test,0,2025-11-18,0.7645607531,1
2025-10-22,test,0,2025-11-19,0.7543894442,1
2025-10-23,test,0,2025-11-20,0.7509863687,1
2025-10-24,test,0,2025-11-21,0.7370402195,1
2025-10-27,test,0,2025-11-24,0.6660979987,1
2025-10-28,test,0,2025-11-25,0.6845348171,1
2025-10-29,test,0,2025-11-26,0.6567944205,1
2025-10-30,test,1,2025-11-28,0.6910634415,1
2025-10-31,test,0,2025-12-01,0.6637472258,1
2025-11-03,test,0,2025-12-02,0.6708885865,1
2025-11-04,test,1,2025-12-03,0.6942980524,1
2025-11-05,test,1,2025-12-04,0.6948515037,1
2025-11-06,test,1,2025-12-05,0.7278543601,1
2025-11-07,test,1,2025-12-08,0.7263125745,1
2025-11-10,test,1,2025-12-09,0.6797385735,1
2025-11-11,test,1,2025-12-10,0.6871010072,1
2025-11-12,test,1,2025-12-11,0.6802956182,1
2025-11-13,test,1,2025-12-12,0.7050602231,1
2025-11-14,test,1,2025-12-15,0.7003390548,1
2025-11-17,test,1,2025-12-16,0.715381008,1
2025-11-18,test,1,2025-12-17,0.7318502113,1
2025-11-19,test,1,2025-12-18,0.7229947444,1
2025-11-20,test,1,2025-12-19,0.7665995537,1
2025-11-21,test,1,2025-12-22,0.7539011597,1
2025-11-24,test,1,2025-12-23,0.7309047658,1
2025-11-25,test,1,2025-12-24,0.7191006272,1
2025-11-26,test,1,2025-12-26,0.7244329556,1
2025-11-28,test,1,2025-12-29,0.7216424102,1
2025-12-01,test,1,2025-12-30,0.7024738212,1
2025-12-02,test,1,2025-12-31,0.6810832876,1
2025-12-03,test,1,2026-01-02,0.6833205611,1
2025-12-04,test,1,2026-01-05,0.6841746474,1
2025-12-05,test,1,2026-01-06,0.676287399,1
2025-12-08,test,1,2026-01-07,0.6874813532,1
2025-12-09,test,1,2026-01-08,0.6959781706,1
2025-12-10,test,1,2026-01-09,0.6940987204,1
2025-12-11,test,1,2026-01-12,0.7087825216,1
2025-12-12,test,1,2026-01-13,0.734675627,1
2025-12-15,test,1,2026-01-14,0.7546104976,1
2025-12-16,test,1,2026-01-15,0.7662631103,1
2025-12-17,test,1,2026-01-16,0.7728357374,1
2025-12-18,test,1,2026-01-20,0.7666933882,1
2025-12-19,test,1,2026-01-21,0.7536492528,1
2025-12-22,test,1,2026-01-22,0.7649297913,1
2025-12-23,test,1,2026-01-23,0.7688253539,1
2025-12-24,test,1,2026-01-26,0.7757606109,1
2025-12-26,test,1,2026-01-27,0.7746797192,1
2025-12-29,test,1,2026-01-28,0.7796169075,1
2025-12-30,test,1,2026-01-29,0.7694515133,1
2025-12-31,test,1,2026-01-30,0.7825711159,1
2026-01-02,test,1,2026-02-02,0.7960695053,1
2026-01-05,test,1,2026-02-03,0.8070020451,1
2026-01-06,test,0,2026-02-04,0.8078456626,1
2026-01-07,test,0,2026-02-05,0.7796168586,1
2026-01-08,test,1,2026-02-06,0.7876848671,1
2026-01-09,test,0,2026-02-09,0.7758057675,1
2026-01-12,test,0,2026-02-10,0.7732246025,1
2026-01-13,test,0,2026-02-11,0.7500983493,1
2026-01-14,test,0,2026-02-12,0.7825255374,1
2026-01-15,test,0,2026-02-13,0.7785853943,1
2026-01-16,test,0,2026-02-17,0.7758320591,1
2026-01-20,test,1,2026-02-18,0.7930531892,1
2026-01-21,test,0,2026-02-19,0.7785070149,1
2026-01-22,test,1,2026-02-20,0.7880335131,1
2026-01-23,test,0,2026-02-23,0.8027645238,1
2026-01-26,test,0,2026-02-24,0.8027691825,1
2026-01-27,test,0,2026-02-25,0.8258076937,1
2026-01-28,test,0,2026-02-26,0.8094394899,1
2026-01-29,test,0,2026-02-27,0.8194744963,1
2026-01-30,test,0,2026-03-02,0.8147799479,1
2026-02-02,test,0,2026-03-03,0.7921714731,1
2026-02-03,test,0,2026-03-04,0.8191265503,1
2026-02-04,test,0,2026-03-05,0.8133480491,1
2026-02-05,test,0,2026-03-06,0.8263308864,1
2026-02-06,test,0,2026-03-09,0.8222874793,1
2026-02-09,test,0,2026-03-10,0.8325906915,1
2026-02-10,test,0,2026-03-11,0.8483451589,1
2026-02-11,test,0,2026-03-12,0.8406806967,1
2026-02-12,test,0,2026-03-13,0.8644501381,1
2026-02-13,test,0,2026-03-16,0.8603467345,1
2026-02-17,test,0,2026-03-17,0.8435094507,1
2026-02-18,test,0,2026-03-18,0.8422189646,1
2026-02-19,test,0,2026-03-19,0.8368266892,1
2026-02-20,test,0,2026-03-20,0.8368615996,1
2026-02-23,test,0,2026-03-23,0.8681989695,1
2026-02-24,test,0,2026-03-24,0.8640078264,1
2026-02-25,test,0,2026-03-25,0.8605344536,1
2026-02-26,test,0,2026-03-26,0.8812193003,1
2026-02-27,test,0,2026-03-27,0.8848484108,1
2026-03-02,test,0,2026-03-30,0.8731730302,1
2026-03-03,test,0,2026-03-31,0.8573477434,1
2026-03-04,test,0,2026-04-01,0.8514760316,1
2026-03-05,test,0,2026-04-02,0.8478409372,1
2026-03-06,test,0,2026-04-06,0.8579898832,1
2026-03-09,test,0,2026-04-07,0.8573269725,1
2026-03-10,test,1,2026-04-08,0.8646849238,1
2026-03-11,test,1,2026-04-09,0.8628863403,1
2026-03-12,test,1,2026-04-10,0.8665856208,1
2026-03-13,test,1,2026-04-13,0.8607163404,1
2026-03-16,test,1,2026-04-14,0.860401299,1
2026-03-17,test,1,2026-04-15,0.8514197592,1
2026-03-18,test,1,2026-04-16,0.8644813441,1
2026-03-19,test,1,2026-04-17,0.8762546073,1
2026-03-20,test,1,2026-04-20,0.7662017298,1
2026-03-23,test,1,2026-04-21,0.7662151135,1
2026-03-24,test,1,2026-04-22,0.7765023692,1
2026-03-25,test,1,2026-04-23,0.7855826341,1
2026-03-26,test,1,2026-04-24,0.7921039478,1
2026-03-27,test,1,2026-04-27,0.8145223526,1
2026-03-30,test,1,2026-04-28,0.810245163,1
2026-03-31,test,1,2026-04-29,0.772844952,1
2026-04-01,test,1,2026-04-30,0.7779559087,1
2026-04-02,test,1,2026-05-01,0.7813509756,1
2026-04-06,test,1,2026-05-04,0.7744652328,1
2026-04-07,test,1,2026-05-05,0.790014759,1
2026-04-08,test,1,2026-05-06,0.8879945055,1
2026-04-09,test,1,2026-05-07,0.8798409102,1
2026-04-10,test,1,2026-05-08,0.8827573875,1
2026-04-13,test,1,2026-05-11,0.8381999365,1
2026-04-14,test,1,2026-05-12,0.8416761503,1
2026-04-15,test,1,2026-05-13,0.8155962363,1
2026-04-16,test,1,2026-05-14,0.7819440419,1
2026-04-17,test,1,2026-05-15,0.7820647126,1
2026-04-20,test,1,2026-05-18,0.7882955194,1
2026-04-21,test,1,2026-05-19,0.7699114968,1
2026-04-22,test,1,2026-05-20,0.7553917972,1
2026-04-23,test,1,2026-05-21,0.7386858786,1
2026-04-24,test,1,2026-05-22,0.7188745034,1
2026-04-27,test,1,2026-05-26,0.6951507776,1
2026-04-28,test,1,2026-05-27,0.7122920281,1
2026-04-29,test,1,2026-05-28,0.7096269918,1
2026-04-30,test,1,2026-05-29,0.6867231278,1
2026-05-01,test,1,2026-06-01,0.6620796527,1
2026-05-04,test,1,2026-06-02,0.635084402,1
2026-05-05,test,1,2026-06-03,0.6411124984,1
2026-05-06,test,1,2026-06-04,0.6522216804,1
2026-05-07,test,1,2026-06-05,0.6257186704,1
2026-05-08,test,1,2026-06-08,0.6054502347,1
2026-05-11,test,0,2026-06-09,0.5625886696,1
2026-05-12,test,0,2026-06-10,0.5364352575,1
2026-05-13,test,0,2026-06-11,0.5311952154,1
2026-05-14,test,0,2026-06-12,0.5139595153,1
2026-05-15,test,1,2026-06-15,0.5182753615,1
2026-05-18,test,1,2026-06-16,0.5227323271,1
2026-05-19,test,1,2026-06-17,0.4992870757,0
2026-05-20,test,1,2026-06-18,0.5056679072,1
2026-05-21,test,1,2026-06-22,0.5260244377,1
2026-05-22,test,0,2026-06-23,0.507899091,1
2026-05-26,test,0,2026-06-24,0.5075520793,1
2026-05-27,test,0,2026-06-25,0.5467549297,1
2026-05-28,test,0,2026-06-26,0.5569479846,1
2026-05-29,test,0,2026-06-29,0.5632041493,1
2026-06-01,test,0,2026-06-30,0.5835546245,1
2026-06-02,test,0,2026-07-01,0.565637286,1
2026-06-03,test,0,2026-07-02,0.5837501779,1
2026-06-04,test,0,2026-07-06,0.5680736226,1
2026-06-05,test,1,2026-07-07,0.6068595974,1
2026-06-08,test,1,2026-07-08,0.5906707351,1
2026-06-09,test,1,2026-07-09,0.6064264138,1
2026-06-10,test,1,2026-07-10,0.6352527946,1
2026-06-11,test,1,2026-07-13,0.6292952283,1
2026-06-12,test,1,2026-07-14,0.6302521239,1
2026-06-15,test,1,2026-07-15,0.5810220281,1
2026-06-16,test,1,2026-07-16,0.6364199845,1
2026-06-17,test,1,2026-07-17,0.655240826,1
2026-06-18,test,0,2026-07-20,0.6476891202,1
2026-06-22,test,1,2026-07-21,0.6530300975,1
2026-06-23,test,1,2026-07-22,0.6401617906,1
2026-06-24,test,1,2026-07-23,0.6029265751,1
2026-06-25,test,1,2026-07-24,0.6117265667,1
2026-06-26,test,1,2026-07-27,0.64371239,1
2026-06-29,test,0,2026-07-28,0.5917462429,1
2026-06-30,test,0,2026-07-29,0.5914876709,1
2026-07-01,test,0,2026-07-30,0.5954108071,1
2026-07-02,test,1,2026-07-31,0.6005099775,1
2026-07-06,test,1,2026-08-03,0.599708808,1
2026-07-07,test,1,2026-08-04,0.6006077761,1
2026-07-08,test,1,2026-08-05,0.5933453962,1
2026-07-09,test,1,2026-08-06,0.5859249819,1
2026-07-10,test,1,2026-08-07,0.5866482512,1
2026-07-13,test,1,2026-08-10,0.6135816303,1
2026-07-14,test,1,2026-08-11,0.6273412702,1
2026-07-15,test,1,2026-08-12,0.6328560303,1
2026-07-16,test,1,2026-08-13,0.6311421772,1
2026-07-17,test,1,2026-08-14,0.6576880675,1
2026-07-20,test,1,2026-08-17,0.6633358028,1
2026-07-21,test,1,2026-08-18,0.6577919806,1
2026-07-22,test,1,2026-08-19,0.6621594512,1
2026-07-23,test,1,2026-08-20,0.6939154188,1
2026-07-24,test,1,2026-08-21,0.6721342668,1
2026-07-27,test,1,2026-08-24,0.6961806468,1
2026-07-28,test,1,2026-08-25,0.6738051728,1
2026-07-29,test,1,2026-08-26,0.714818235,1
2026-07-30,test,1,2026-08-27,0.7049050134,1
2026-07-31,test,1,2026-08-28,0.6810750003,1
2026-08-03,test,1,2026-08-31,0.648450972,1
2026-08-04,test,0,2026-09-01,0.6525983242,1
2026-08-05,test,0,2026-09-02,0.6728896193,1
2026-08-06,test,1,2026-09-03,0.6781398167,1
2026-08-07,test,0,2026-09-04,0.6929216209,1
2026-08-10,test,0,2026-09-08,0.678348252,1
2026-08-11,test,0,2026-09-09,0.7093721035,1
2026-08-12,test,0,2026-09-10,0.7188708166,1
2026-08-13,test,0,2026-09-11,0.7009773336,1
2026-08-14,test,0,2026-09-14,0.7003233132,1
2026-08-17,test,0,2026-09-15,0.7090545866,1
2026-08-18,test,0,2026-09-16,0.7037922847,1
2026-08-19,test,0,2026-09-17,0.7135662697,1
2026-08-20,test,1,2026-09-18,0.7216724266,1
2026-08-21,test,1,2026-09-21,0.7210830803,1
2026-08-24,test,,,0.736510645,1
2026-08-25,test,,,0.7451202274,1
2026-08-26,test,,,0.7427204778,1
2026-08-27,test,,,0.7259949863,1
2026-08-28,test,,,0.7239365816,1
2026-08-31,test,,,0.7380549601,1
2026-09-01,test,,,0.7378678954,1
2026-09-02,test,,,0.7253483951,1
2026-09-03,test,,,0.7016257329,1
2026-09-04,test,,,0.7094505213,1
2026-09-08,test,,,0.707294465,1
2026-09-09,test,,,0.7144507252,1
2026-09-10,test,,,0.7320819114,1
2026-09-11,test,,,0.7026320479,1
2026-09-14,test,,,0.6863890607,1
2026-09-15,test,,,0.6950883671,1
2026-09-16,test,,,0.6965069523,1
2026-09-17,test,,,0.6880551867,1
2026-09-18,test,,,0.6644637563,1
2026-09-21,test,,,0.6190943556,1
