date,segment,y_true,label_end,score,invest
2011-09-08,train,0,2011-10-06,0.746581679,1
2011-09-09,train,1,2011-10-07,0.7910279006,1
2011-09-12,train,1,2011-10-10,0.8294545141,1
2011-09-13,train,1,2011-10-11,0.8113031156,1
2011-09-14,train,1,2011-10-12,0.7898518913,1
2011-09-15,train,0,2011-10-13,0.7330220811,1
2011-09-16,train,1,2011-10-14,0.7306348788,1
2011-09-19,train,0,2011-10-17,0.7301331325,1
2011-09-20,train,1,2011-10-18,0.7752777307,1
2011-09-21,train,1,2011-10-19,0.8582730639,1
2011-09-22,train,1,2011-10-20,0.8768655172,1
2011-09-23,train,1,2011-10-21,0.8949870862,1
2011-09-26,train,1,2011-10-24,0.8560155418,1
2011-09-27,train,1,2011-10-25,0.8684754986,1
2011-09-28,train,1,2011-10-26,0.876789182,1
2011-09-29,train,1,2011-10-27,0.898444842,1
2011-09-30,train,1,2011-10-28,0.9091061315,1
2011-10-03,train,1,2011-10-31,0.9022594185,1
2011-10-04,train,1,2011-11-01,0.9019905903,1
2011-10-05,train,1,2011-11-02,0.910250454,1
2011-10-06,train,1,2011-11-03,0.8864792978,1
2011-10-07,train,1,2011-11-04,0.8894285641,1
2011-10-10,train,1,2011-11-07,0.8620519718,1
2011-10-11,train,1,2011-11-08,0.8873852211,1
2011-10-12,train,1,2011-11-09,0.8795558181,1
2011-10-13,train,1,2011-11-10,0.8900912304,1
2011-10-14,train,1,2011-11-11,0.8006666136,1
2011-10-17,train,1,2011-11-14,0.8914533405,1
2011-10-18,train,1,2011-11-15,0.7809632905,1
2011-10-19,train,1,2011-11-16,0.8651504239,1
2011-10-20,train,1,2011-11-17,0.8254745652,1
2011-10-21,train,0,2011-11-18,0.7020583464,1
2011-10-24,train,0,2011-11-21,0.6712623582,1
2011-10-25,train,0,2011-11-22,0.7190459346,1
2011-10-26,train,0,2011-11-23,0.6619826686,1
2011-10-27,train,0,2011-11-25,0.6410676869,1
2011-10-28,train,0,2011-11-28,0.6455195549,1
2011-10-31,train,0,2011-11-29,0.6331485518,1
2011-11-01,train,1,2011-11-30,0.7551924014,1
2011-11-02,train,1,2011-12-01,0.6669267627,1
2011-11-03,train,0,2011-12-02,0.6522527185,1
2011-11-04,train,1,2011-12-05,0.7297683822,1
2011-11-07,train,1,2011-12-06,0.716218787,1
2011-11-08,train,0,2011-12-07,0.649038502,1
2011-11-09,train,1,2011-12-08,0.7472758297,1
2011-11-10,train,1,2011-12-09,0.7390196397,1
2011-11-11,train,0,2011-12-12,0.6307118271,1
2011-11-14,train,0,2011-12-13,0.6344416734,1
2011-11-15,train,0,2011-12-14,0.6298581327,1
2011-11-16,train,0,2011-12-15,0.6564675307,1
2011-11-17,train,1,2011-12-16,0.7488182401,1
2011-11-18,train,0,2011-12-19,0.7378390148,1
2011-11-21,train,1,2011-12-20,0.7589067887,1
2011-11-22,train,1,2011-12-21,0.8238425488,1
2011-11-23,train,1,2011-12-22,0.8926214988,1
2011-11-25,train,1,2011-12-23,0.9057402157,1
2011-11-28,train,1,2011-12-27,0.8266043108,1
2011-11-29,train,1,2011-12-28,0.7943780883,1
2011-11-30,train,1,2011-12-29,0.7282135487,1
2011-12-01,train,1,2011-12-30,0.7838537522,1
2011-12-02,train,1,2012-01-03,0.7850738311,1
2011-12-05,train,1,2012-01-04,0.7855703073,1
2011-12-06,train,1,2012-01-05,0.7840670313,1
2011-12-07,train,1,2012-01-06,0.7948413371,1
2011-12-08,train,1,2012-01-09,0.7814394824,1
2011-12-09,train,1,2012-01-10,0.7911916489,1
2011-12-12,train,1,2012-01-11,0.7824443536,1
2011-12-13,train,1,2012-01-12,0.7846589161,1
2011-12-14,train,1,2012-01-13,0.7814511274,1
2011-12-15,train,1,2012-01-17,0.8071738296,1
2011-12-16,train,1,2012-01-18,0.8023043258,1
2011-12-19,train,1,2012-01-19,0.7986929896,1
2011-12-20,train,1,2012-01-20,0.80173194,1
2011-12-21,train,1,2012-01-23,0.8117559139,1
2011-12-22,train,1,2012-01-24,0.797897701,1
2011-12-23,train,1,2012-01-25,0.7996026272,1
2011-12-27,train,1,2012-01-26,0.8009163261,1
2011-12-28,train,1,2012-01-27,0.7769690957,1
2011-12-29,train,1,2012-01-30,0.8037199203,1
2011-12-30,train,1,2012-01-31,0.7875203238,1
2012-01-03,train,1,2012-02-01,0.8020444845,1
2012-01-04,train,1,2012-02-02,0.8156139431,1
2012-01-05,train,1,2012-02-03,0.8218784563,1
2012-01-06,train,1,2012-02-06,0.8151947869,1
2012-01-09,train,1,2012-02-07,0.8056973607,1
2012-01-10,train,1,2012-02-08,0.8132308778,1
2012-01-11,train,1,2012-02-09,0.8073376836,1
2012-01-12,train,1,2012-02-10,0.8165380817,1
2012-01-13,train,1,2012-02-13,0.8090779981,1
2012-01-17,train,1,2012-02-14,0.8140907175,1
2012-01-18,train,1,2012-02-15,0.8142264826,1
2012-01-19,train,1,2012-02-16,0.7863560585,1
2012-01-20,train,1,2012-02-17,0.8038038323,1
2012-01-23,train,1,2012-02-21,0.7959088525,1
2012-01-24,train,1,2012-02-22,0.8131902278,1
2012-01-25,train,1,2012-02-23,0.7264209508,1
2012-01-26,train,1,2012-02-24,0.7577958338,1
2012-01-27,train,1,2012-02-27,0.7841589575,1
2012-01-30,train,1,2012-02-28,0.7746197673,1
2012-01-31,train,1,2012-02-29,0.7938313851,1
2012-02-01,train,1,2012-03-01,0.7583952616,1
2012-02-02,train,1,2012-03-02,0.7069713467,1
2012-02-03,train,1,2012-03-05,0.6776423317,1
2012-02-06,train,1,2012-03-06,0.6645351434,1
2012-02-07,train,1,2012-03-07,0.6243182745,1
2012-02-08,train,1,2012-03-08,0.6403862249,1
2012-02-09,train,1,2012-03-09,0.6697720933,1
2012-02-10,train,1,2012-03-12,0.696239053,1
2012-02-13,train,1,2012-03-13,0.7113006746,1
2012-02-14,train,1,2012-03-14,0.6802939181,1
2012-02-15,train,1,2012-03-15,0.6727975446,1
2012-02-16,train,1,2012-03-16,0.7086503431,1
2012-02-17,train,1,2012-03-19,0.7233275136,1
2012-02-21,train,1,2012-03-20,0.715309156,1
2012-02-22,train,1,2012-03-21,0.7032045715,1
2012-02-23,train,1,2012-03-22,0.7072713496,1
2012-02-24,train,1,2012-03-23,0.7031421253,1
2012-02-27,train,1,2012-03-26,0.6977053189,1
2012-02-28,train,1,2012-03-27,0.6795208523,1
2012-02-29,train,1,2012-03-28,0.6849165442,1
2012-03-01,train,1,2012-03-29,0.6736765966,1
2012-03-02,train,1,2012-03-30,0.6782502572,1
2012-03-05,train,1,2012-04-02,0.6863500277,1
2012-03-06,train,1,2012-04-03,0.7139330507,1
2012-03-07,train,1,2012-04-04,0.6469868202,1
2012-03-08,train,1,2012-04-05,0.6309789851,1
2012-03-09,train,1,2012-04-09,0.5988193169,1
2012-03-12,train,0,2012-04-10,0.5786040216,1
2012-03-13,train,0,2012-04-11,0.2866604827,0
2012-03-14,train,0,2012-04-12,0.27378574,0
2012-03-15,train,0,2012-04-13,0.2504997062,0
2012-03-16,train,0,2012-04-16,0.2436735885,0
2012-03-19,train,0,2012-04-17,0.2337803469,0
2012-03-20,train,0,2012-04-18,0.2133826519,0
2012-03-21,train,0,2012-04-19,0.2122027859,0
2012-03-22,train,0,2012-04-20,0.2828727488,0
2012-03-23,train,0,2012-04-23,0.2785290338,0
2012-03-26,train,0,2012-04-24,0.2425875706,0
2012-03-27,train,0,2012-04-25,0.2386978132,0
2012-03-28,train,0,2012-04-26,0.2336930167,0
2012-03-29,train,1,2012-04-27,0.2973583965,0
2012-03-30,train,0,2012-04-30,0.247767779,0
2012-04-02,train,0,2012-05-01,0.2418110068,0
2012-04-03,train,0,2012-05-02,0.2017907841,0
2012-04-04,train,0,2012-05-03,0.2960950305,0
2012-04-05,train,0,2012-05-04,0.3233268207,0
2012-04-09,train,0,2012-05-07,0.5614944657,1
2012-04-10,train,1,2012-05-08,0.6223714354,1
2012-04-11,train,0,2012-05-09,0.5626293853,1
2012-04-12,train,0,2012-05-10,0.559487671,1
2012-04-13,train,0,2012-05-11,0.544664659,1
2012-04-16,train,0,2012-05-14,0.5691982289,1
2012-04-17,train,0,2012-05-15,0.5393707998,1
2012-04-18,train,0,2012-05-16,0.5233105328,1
2012-04-19,train,0,2012-05-17,0.554627192,1
2012-04-20,train,0,2012-05-18,0.5794843141,1
2012-04-23,train,0,2012-05-21,0.5989961948,1
2012-04-24,train,0,2012-05-22,0.5586578915,1
2012-04-25,train,0,2012-05-23,0.5536528528,1
2012-04-26,train,0,2012-05-24,0.4141016257,0
2012-04-27,train,0,2012-05-25,0.3817146623,0
2012-04-30,train,0,2012-05-29,0.424700332,0
2012-05-01,train,0,2012-05-30,0.3906119987,0
2012-05-02,train,0,2012-05-31,0.397077457,0
2012-05-03,train,0,2012-06-01,0.5663088886,1
2012-05-04,train,0,2012-06-04,0.5878407303,1
2012-05-07,train,0,2012-06-05,0.571342683,1
2012-05-08,train,0,2012-06-06,0.6101980782,1
2012-05-09,train,0,2012-06-07,0.6584975655,1
2012-05-10,train,0,2012-06-08,0.6044459024,1
2012-05-11,train,0,2012-06-11,0.6445081124,1
2012-05-14,train,0,2012-06-12,0.7489059558,1
2012-05-15,train,0,2012-06-13,0.7360154037,1
2012-05-16,train,1,2012-06-14,0.7748866672,1
2012-05-17,train,1,2012-06-15,0.8034417917,1
2012-05-18,train,1,2012-06-18,0.7984378408,1
2012-05-21,train,1,2012-06-19,0.8209969037,1
2012-05-22,train,1,2012-06-20,0.8135027228,1
2012-05-23,train,1,2012-06-21,0.8202604429,1
2012-05-24,train,1,2012-06-22,0.8129643469,1
2012-05-25,train,0,2012-06-25,0.7947278347,1
2012-05-29,train,0,2012-06-26,0.7826424109,1
2012-05-30,train,1,2012-06-27,0.8199257255,1
2012-05-31,train,1,2012-06-28,0.8012693127,1
2012-06-01,train,1,2012-06-29,0.8104094956,1
2012-06-04,train,1,2012-07-02,0.812304877,1
2012-06-05,train,1,2012-07-03,0.8009712485,1
2012-06-06,train,1,2012-07-05,0.8200889399,1
2012-06-07,train,1,2012-07-06,0.8409659406,1
2012-06-08,train,1,2012-07-09,0.8327197013,1
2012-06-11,train,1,2012-07-10,0.8248173487,1
2012-06-12,train,1,2012-07-11,0.8185299551,1
2012-06-13,train,1,2012-07-12,0.8692310681,1
2012-06-14,train,1,2012-07-13,0.8212002051,1
2012-06-15,train,1,2012-07-16,0.8192349495,1
2012-06-18,train,1,2012-07-17,0.8127456622,1
2012-06-19,train,1,2012-07-18,0.8045176852,1
2012-06-20,train,1,2012-07-19,0.8384227767,1
2012-06-21,train,1,2012-07-20,0.8568518887,1
2012-06-22,train,1,2012-07-23,0.8255445953,1
2012-06-25,train,1,2012-07-24,0.8238652047,1
2012-06-26,train,1,2012-07-25,0.8349058439,1
2012-06-27,train,1,2012-07-26,0.8579442474,1
2012-06-28,train,1,2012-07-27,0.8413453885,1
2012-06-29,train,1,2012-07-30,0.8258509061,1
2012-07-02,train,1,2012-07-31,0.8410292887,1
2012-07-03,train,1,2012-08-01,0.8068096798,1
2012-07-05,train,0,2012-08-02,0.7390772122,1
2012-07-06,train,1,2012-08-03,0.8559596304,1
2012-07-09,train,1,2012-08-06,0.8647997563,1
2012-07-10,train,1,2012-08-07,0.8747691958,1
2012-07-11,train,1,2012-08-08,0.8726921782,1
2012-07-12,train,1,2012-08-09,0.8666737695,1
2012-07-13,train,1,2012-08-10,0.8712036351,1
2012-07-16,train,1,2012-08-13,0.8755903962,1
2012-07-17,train,1,2012-08-14,0.8515343398,1
2012-07-18,train,1,2012-08-15,0.7908799037,1
2012-07-19,train,1,2012-08-16,0.8038258928,1
2012-07-20,train,1,2012-08-17,0.8735473325,1
2012-07-23,train,1,2012-08-20,0.8815768399,1
2012-07-24,train,1,2012-08-21,0.8738728209,1
2012-07-25,train,1,2012-08-22,0.8689408175,1
2012-07-26,train,1,2012-08-23,0.8613188601,1
2012-07-27,train,1,2012-08-24,0.8140105807,1
2012-07-30,train,1,2012-08-27,0.7852508675,1
2012-07-31,train,1,2012-08-28,0.7625455944,1
2012-08-01,train,1,2012-08-29,0.7828919514,1
2012-08-02,train,1,2012-08-30,0.8094802459,1
2012-08-03,train,1,2012-08-31,0.6694646296,1
2012-08-06,train,1,2012-09-04,0.6765028098,1
2012-08-07,train,1,2012-09-05,0.6881468565,1
2012-08-08,train,1,2012-09-06,0.7081218238,1
2012-08-09,train,1,2012-09-07,0.7023319372,1
2012-08-10,train,1,2012-09-10,0.708546407,1
2012-08-13,train,1,2012-09-11,0.6928202207,1
2012-08-14,train,1,2012-09-12,0.6670532687,1
2012-08-15,train,1,2012-09-13,0.6988502154,1
2012-08-16,train,1,2012-09-14,0.6997353632,1
2012-08-17,train,1,2012-09-17,0.6511408603,1
2012-08-20,train,1,2012-09-18,0.636331392,1
2012-08-21,train,1,2012-09-19,0.6329533608,1
2012-08-22,train,1,2012-09-20,0.6943393886,1
2012-08-23,train,1,2012-09-21,0.6829424979,1
2012-08-24,train,1,2012-09-24,0.6574650914,1
2012-08-27,train,1,2012-09-25,0.6963178426,1
2012-08-28,train,1,2012-09-26,0.6913211482,1
2012-08-29,train,1,2012-09-27,0.6944316029,1
2012-08-30,train,1,2012-09-28,0.7150570013,1
2012-08-31,train,1,2012-10-01,0.7050039557,1
2012-09-04,train,1,2012-10-02,0.711477545,1
2012-09-05,train,1,2012-10-03,0.688544941,1
2012-09-06,train,1,2012-10-04,0.6763534813,1
2012-09-07,train,1,2012-10-05,0.5794433816,1
2012-09-10,train,1,2012-10-08,0.6081504398,1
2012-09-11,train,1,2012-10-09,0.6277081541,1
2012-09-12,train,0,2012-10-10,0.6164918855,1
2012-09-13,train,0,2012-10-11,0.5487921151,1
2012-09-14,train,0,2012-10-12,0.5403680215,1
2012-09-17,train,0,2012-10-15,0.5770803036,1
2012-09-18,train,0,2012-10-16,0.5390282277,1
2012-09-19,train,1,2012-10-17,0.5592065371,1
2012-09-20,train,0,2012-10-18,0.5025091659,1
2012-09-21,train,0,2012-10-19,0.4905537693,0
2012-09-24,train,0,2012-10-22,0.5006716609,1
2012-09-25,train,0,2012-10-23,0.6564043143,1
2012-09-26,train,0,2012-10-24,0.6779572382,1
2012-09-27,train,0,2012-10-25,0.6655074229,1
2012-09-28,train,0,2012-10-26,0.6628095071,1
2012-10-01,train,0,2012-10-31,0.6453791467,1
2012-10-02,train,0,2012-11-01,0.6091701724,1
2012-10-03,train,0,2012-11-02,0.565097053,1
2012-10-04,train,0,2012-11-05,0.5569646218,1
2012-10-05,train,0,2012-11-06,0.5502304334,1
2012-10-08,train,0,2012-11-07,0.610545693,1
2012-10-09,train,0,2012-11-08,0.6711509273,1
2012-10-10,train,0,2012-11-09,0.7106222597,1
2012-10-11,train,0,2012-11-12,0.7065284287,1
2012-10-12,train,0,2012-11-13,0.7409252015,1
2012-10-15,train,0,2012-11-14,0.6983891299,1
2012-10-16,train,0,2012-11-15,0.5830817923,1
2012-10-17,train,0,2012-11-16,0.6320441908,1
2012-10-18,train,0,2012-11-19,0.588087391,1
2012-10-19,train,0,2012-11-20,0.7106151881,1
2012-10-22,train,0,2012-11-21,0.7347606872,1
2012-10-23,train,0,2012-11-23,0.7459718582,1
2012-10-24,train,1,2012-11-26,0.7604129758,1
2012-10-25,train,0,2012-11-27,0.7496039717,1
2012-10-26,train,1,2012-11-28,0.743318745,1
2012-10-31,train,1,2012-11-29,0.7459853225,1
2012-11-01,train,0,2012-11-30,0.7380741203,1
2012-11-02,train,0,2012-12-03,0.7383997589,1
2012-11-05,train,0,2012-12-04,0.7361543707,1
2012-11-06,train,0,2012-12-05,0.7270587785,1
2012-11-07,train,1,2012-12-06,0.8510315955,1
2012-11-08,train,1,2012-12-07,0.811193764,1
2012-11-09,train,1,2012-12-10,0.7962569851,1
2012-11-12,train,1,2012-12-11,0.85599186,1
2012-11-13,train,1,2012-12-12,0.8530492729,1
2012-11-14,train,1,2012-12-13,0.7759659581,1
2012-11-15,train,1,2012-12-14,0.7636165876,1
2012-11-16,train,1,2012-12-17,0.7639090798,1
2012-11-19,train,1,2012-12-18,0.8489024099,1
2012-11-20,train,1,2012-12-19,0.838500216,1
2012-11-21,train,1,2012-12-20,0.8531819873,1
2012-11-23,train,1,2012-12-21,0.8388038842,1
2012-11-26,train,1,2012-12-24,0.8309440017,1
2012-11-27,train,1,2012-12-26,0.8648249933,1
2012-11-28,train,1,2012-12-27,0.8016807918,1
2012-11-29,train,0,2012-12-28,0.7859605172,1
2012-11-30,train,1,2012-12-31,0.7865536715,1
2012-12-03,train,1,2013-01-02,0.7757067223,1
2012-12-04,train,1,2013-01-03,0.9033431903,1
2012-12-05,train,1,2013-01-04,0.903914356,1
2012-12-06,train,1,2013-01-07,0.9043080788,1
2012-12-07,train,1,2013-01-08,0.9012022758,1
2012-12-10,train,1,2013-01-09,0.9039999142,1
2012-12-11,train,1,2013-01-10,0.886420096,1
2012-12-12,train,1,2013-01-11,0.8888381679,1
2012-12-13,train,1,2013-01-14,0.9128051137,1
2012-12-14,train,1,2013-01-15,0.9190748504,1
2012-12-17,train,1,2013-01-16,0.8816941672,1
2012-12-18,train,1,2013-01-17,0.8053624252,1
2012-12-19,train,1,2013-01-18,0.8733350087,1
2012-12-20,train,1,2013-01-22,0.8321506019,1
2012-12-21,train,1,2013-01-23,0.8639818853,1
2012-12-24,train,1,2013-01-24,0.8383497808,1
2012-12-26,train,1,2013-01-25,0.8882416709,1
2012-12-27,train,1,2013-01-28,0.8804737428,1
2012-12-28,train,1,2013-01-29,0.8897628334,1
2012-12-31,train,1,2013-01-30,0.8356519604,1
2013-01-02,train,1,2013-01-31,0.7588249307,1
2013-01-03,train,1,2013-02-01,0.8092639579,1
2013-01-04,train,1,2013-02-04,0.7695204442,1
2013-01-07,train,1,2013-02-05,0.7669894673,1
2013-01-08,train,1,2013-02-06,0.7438317076,1
2013-01-09,train,1,2013-02-07,0.7601467324,1
2013-01-10,train,1,2013-02-08,0.7631067834,1
2013-01-11,train,1,2013-02-11,0.757910316,1
2013-01-14,train,1,2013-02-12,0.7521595094,1
2013-01-15,train,1,2013-02-13,0.7399199658,1
2013-01-16,train,1,2013-02-14,0.7410599024,1
2013-01-17,train,1,2013-02-15,0.7468458982,1
2013-01-18,train,1,2013-02-19,0.7338303597,1
2013-01-22,train,1,2013-02-20,0.7381865804,1
2013-01-23,train,1,2013-02-21,0.7332222962,1
2013-01-24,train,1,2013-02-22,0.7340371219,1
2013-01-25,train,0,2013-02-25,0.7101052116,1
2013-01-28,train,0,2013-02-26,0.6995158553,1
2013-01-29,train,1,2013-02-27,0.7176215523,1
2013-01-30,train,1,2013-02-28,0.7338772094,1
2013-01-31,train,1,2013-03-01,0.71111983,1
2013-02-01,train,1,2013-03-04,0.7448979633,1
2013-02-04,train,1,2013-03-05,0.7418996848,1
2013-02-05,train,1,2013-03-06,0.7763447842,1
2013-02-06,train,1,2013-03-07,0.7858346313,1
2013-02-07,train,1,2013-03-08,0.7920619628,1
2013-02-08,train,1,2013-03-11,0.7840339201,1
2013-02-11,train,1,2013-03-12,0.7919126377,1
2013-02-12,train,1,2013-03-13,0.7913822135,1
2013-02-13,train,1,2013-03-14,0.7824359903,1
2013-02-14,train,1,2013-03-15,0.7772457159,1
2013-02-15,train,1,2013-03-18,0.7595199817,1
2013-02-19,train,1,2013-03-19,0.7607271017,1
2013-02-20,train,1,2013-03-20,0.7616834336,1
2013-02-21,train,1,2013-03-21,0.7496992792,1
2013-02-22,train,1,2013-03-22,0.7258002529,1
2013-02-25,train,1,2013-03-25,0.7302800851,1
2013-02-26,train,1,2013-03-26,0.7249864861,1
2013-02-27,train,1,2013-03-27,0.7156196756,1
2013-02-28,train,1,2013-03-28,0.7247183537,1
2013-03-01,train,1,2013-04-01,0.727987774,1
2013-03-04,train,1,2013-04-02,0.7437130324,1
2013-03-05,train,1,2013-04-03,0.7518077535,1
2013-03-06,train,1,2013-04-04,0.7500452587,1
2013-03-07,train,1,2013-04-05,0.7498585587,1
2013-03-08,train,1,2013-04-08,0.7057463099,1
2013-03-11,train,1,2013-04-09,0.5877608454,1
2013-03-12,train,1,2013-04-10,0.7282375419,1
2013-03-13,train,1,2013-04-11,0.7038344546,1
2013-03-14,train,1,2013-04-12,0.554168637,1
2013-03-15,train,0,2013-04-15,0.5520939426,1
2013-03-18,train,1,2013-04-16,0.7243093123,1
2013-03-19,train,1,2013-04-17,0.7001526121,1
2013-03-20,train,0,2013-04-18,0.6649157194,1
2013-03-21,train,1,2013-04-19,0.6901253678,1
2013-03-22,train,1,2013-04-22,0.6775856717,1
2013-03-25,train,1,2013-04-23,0.7280618192,1
2013-03-26,train,1,2013-04-24,0.728925911,1
2013-03-27,train,1,2013-04-25,0.747640887,1
2013-03-28,train,1,2013-04-26,0.7353463774,1
2013-04-01,train,1,2013-04-29,0.6967563385,1
2013-04-02,train,1,2013-04-30,0.6968385701,1
2013-04-03,train,1,2013-05-01,0.7134076065,1
2013-04-04,train,1,2013-05-02,0.7195233332,1
2013-04-05,train,1,2013-05-03,0.6907012282,1
2013-04-08,train,1,2013-05-06,0.7171725538,1
2013-04-09,train,1,2013-05-07,0.7281210145,1
2013-04-10,train,1,2013-05-08,0.46654833,0
2013-04-11,train,1,2013-05-09,0.474343567,0
2013-04-12,train,1,2013-05-10,0.4940790356,0
2013-04-15,train,1,2013-05-13,0.7265897569,1
2013-04-16,train,1,2013-05-14,0.715903762,1
2013-04-17,train,1,2013-05-15,0.7331441346,1
2013-04-18,train,1,2013-05-16,0.7473107601,1
2013-04-19,train,1,2013-05-17,0.725564392,1
2013-04-22,train,1,2013-05-20,0.7008046808,1
2013-04-23,train,1,2013-05-21,0.706942976,1
2013-04-24,train,1,2013-05-22,0.715936845,1
2013-04-25,train,1,2013-05-23,0.7295431328,1
2013-04-26,train,1,2013-05-24,0.7141524529,1
2013-04-29,train,1,2013-05-28,0.7124130239,1
2013-04-30,train,1,2013-05-29,0.6855575239,1
2013-05-01,train,1,2013-05-30,0.7091111823,1
2013-05-02,train,1,2013-05-31,0.7084302824,1
2013-05-03,train,1,2013-06-03,0.4893976582,0
2013-05-06,train,1,2013-06-04,0.4678094551,0
2013-05-07,train,0,2013-06-05,0.4236749731,0
2013-05-08,train,0,2013-06-06,0.3961623929,0
2013-05-09,train,1,2013-06-07,0.4372911541,0
2013-05-10,train,1,2013-06-10,0.4134447423,0
2013-05-13,train,0,2013-06-11,0.3057390912,0
2013-05-14,train,0,2013-06-12,0.2116469383,0
2013-05-15,train,0,2013-06-13,0.1802056073,0
2013-05-16,train,0,2013-06-14,0.1424446591,0
2013-05-17,train,0,2013-06-17,0.1564067986,0
2013-05-20,train,0,2013-06-18,0.1473826539,0
2013-05-21,train,0,2013-06-19,0.1374685636,0
2013-05-22,train,0,2013-06-20,0.1267535832,0
2013-05-23,train,0,2013-06-21,0.135980056,0
2013-05-24,train,0,2013-06-24,0.1334474325,0
2013-05-28,train,0,2013-06-25,0.1302659284,0
2013-05-29,train,0,2013-06-26,0.2067124438,0
2013-05-30,train,0,2013-06-27,0.1633764069,0
2013-05-31,train,0,2013-06-28,0.4303011437,0
2013-06-03,train,0,2013-07-01,0.3475639786,0
2013-06-04,train,0,2013-07-02,0.434190703,0
2013-06-05,train,1,2013-07-03,0.6582492364,1
2013-06-06,train,1,2013-07-05,0.6494628482,1
2013-06-07,train,0,2013-07-08,0.4362983138,0
2013-06-10,train,1,2013-07-09,0.4605245732,0
2013-06-11,train,1,2013-07-10,0.6752667277,1
2013-06-12,train,1,2013-07-11,0.6711832116,1
2013-06-13,train,1,2013-07-12,0.6745952381,1
2013-06-14,train,1,2013-07-15,0.6915172176,1
2013-06-17,train,1,2013-07-16,0.6648338803,1
2013-06-18,train,1,2013-07-17,0.5084561245,1
2013-06-19,train,1,2013-07-18,0.7001516287,1
2013-06-20,train,1,2013-07-19,0.714460465,1
2013-06-21,train,1,2013-07-22,0.7193743719,1
2013-06-24,train,1,2013-07-23,0.7045467494,1
2013-06-25,train,1,2013-07-24,0.7376197398,1
2013-06-26,train,1,2013-07-25,0.6943712125,1
2013-06-27,train,1,2013-07-26,0.7326663379,1
2013-06-28,train,1,2013-07-29,0.7149260921,1
2013-07-01,train,1,2013-07-30,0.7101888587,1
2013-07-02,train,1,2013-07-31,0.719584801,1
2013-07-03,train,1,2013-08-01,0.7070095131,1
2013-07-05,train,1,2013-08-02,0.6847933918,1
2013-07-08,train,1,2013-08-05,0.669093116,1
2013-07-09,train,1,2013-08-06,0.6799070863,1
2013-07-10,train,1,2013-08-07,0.6727898212,1
2013-07-11,train,1,2013-08-08,0.4319209113,0
2013-07-12,train,1,2013-08-09,0.3962824948,0
2013-07-15,train,1,2013-08-12,0.3585825519,0
2013-07-16,train,1,2013-08-13,0.3920175382,0
2013-07-17,train,1,2013-08-14,0.4141427204,0
2013-07-18,train,0,2013-08-15,0.3134432152,0
2013-07-19,train,0,2013-08-16,0.2097852344,0
2013-07-22,train,0,2013-08-19,0.2240697101,0
2013-07-23,train,0,2013-08-20,0.2177219075,0
2013-07-24,train,0,2013-08-21,0.2607997146,0
2013-07-25,train,0,2013-08-22,0.2553249305,0
2013-07-26,train,0,2013-08-23,0.2232798199,0
2013-07-29,train,0,2013-08-26,0.2500585974,0
2013-07-30,train,0,2013-08-27,0.2767022028,0
2013-07-31,train,0,2013-08-28,0.2958224384,0
2013-08-01,train,0,2013-08-29,0.2441653967,0
2013-08-02,train,0,2013-08-30,0.2348732718,0
2013-08-05,train,0,2013-09-03,0.2471954206,0
2013-08-06,train,0,2013-09-04,0.2905228241,0
2013-08-07,train,0,2013-09-05,0.3348722911,0
2013-08-08,train,0,2013-09-06,0.2802645947,0
2013-08-09,train,0,2013-09-09,0.3059405602,0
2013-08-12,train,0,2013-09-10,0.3547456173,0
2013-08-13,train,0,2013-09-11,0.340299296,0
2013-08-14,train,1,2013-09-12,0.6043493219,1
2013-08-15,train,1,2013-09-13,0.7213878875,1
2013-08-16,train,1,2013-09-16,0.7738719151,1
2013-08-19,train,1,2013-09-17,0.7879360294,1
2013-08-20,train,1,2013-09-18,0.7800991174,1
2013-08-21,train,1,2013-09-19,0.7979888006,1
2013-08-22,train,1,2013-09-20,0.765345226,1
2013-08-23,train,1,2013-09-23,0.781971419,1
2013-08-26,train,1,2013-09-24,0.7735526713,1
2013-08-27,train,1,2013-09-25,0.839253336,1
2013-08-28,train,1,2013-09-26,0.8013172193,1
2013-08-29,train,1,2013-09-27,0.7845344286,1
2013-08-30,train,1,2013-09-30,0.7900299344,1
2013-09-03,train,1,2013-10-01,0.8311067978,1
2013-09-04,train,1,2013-10-02,0.7976027611,1
2013-09-05,train,1,2013-10-03,0.7728754793,1
2013-09-06,train,1,2013-10-04,0.7665327572,1
2013-09-09,train,1,2013-10-07,0.7495902504,1
2013-09-10,train,0,2013-10-08,0.7151413421,1
2013-09-11,train,0,2013-10-09,0.7029755929,1
2013-09-12,train,1,2013-10-10,0.7297930846,1
2013-09-13,train,1,2013-10-11,0.7309098472,1
2013-09-16,train,1,2013-10-14,0.7114789117,1
2013-09-17,train,0,2013-10-15,0.6760884365,1
2013-09-18,train,0,2013-10-16,0.6129098628,1
2013-09-19,train,1,2013-10-17,0.6435126056,1
2013-09-20,train,1,2013-10-18,0.7555934669,1
2013-09-23,train,1,2013-10-21,0.7555026335,1
2013-09-24,train,1,2013-10-22,0.7535502306,1
2013-09-25,train,1,2013-10-23,0.761323777,1
2013-09-26,train,1,2013-10-24,0.7703930364,1
2013-09-27,train,1,2013-10-25,0.7726188062,1
2013-09-30,train,1,2013-10-28,0.7973002138,1
2013-10-01,train,1,2013-10-29,0.7920549782,1
2013-10-02,train,1,2013-10-30,0.7925027092,1
2013-10-03,train,1,2013-10-31,0.7867130033,1
2013-10-04,train,1,2013-11-01,0.7833009213,1
2013-10-07,train,1,2013-11-04,0.8522650477,1
2013-10-08,train,1,2013-11-05,0.8774723856,1
2013-10-09,train,1,2013-11-06,0.8690892804,1
2013-10-10,train,1,2013-11-07,0.7593020395,1
2013-10-11,train,1,2013-11-08,0.7685435812,1
2013-10-14,train,1,2013-11-11,0.7723448198,1
2013-10-15,train,1,2013-11-12,0.8029047378,1
2013-10-16,train,1,2013-11-13,0.7681547749,1
2013-10-17,train,1,2013-11-14,0.7455861617,1
2013-10-18,train,1,2013-11-15,0.7551389059,1
2013-10-21,train,1,2013-11-18,0.7708914755,1
2013-10-22,train,1,2013-11-19,0.7760472927,1
2013-10-23,train,1,2013-11-20,0.7792973131,1
2013-10-24,train,1,2013-11-21,0.7783896679,1
2013-10-25,train,1,2013-11-22,0.7572091411,1
2013-10-28,train,1,2013-11-25,0.7392244901,1
2013-10-29,train,1,2013-11-26,0.7007130316,1
2013-10-30,train,1,2013-11-27,0.7497607767,1
2013-10-31,train,1,2013-11-29,0.7569529484,1
2013-11-01,train,1,2013-12-02,0.752337465,1
2013-11-04,train,1,2013-12-03,0.7324581606,1
2013-11-05,train,1,2013-12-04,0.7204815498,1
2013-11-06,train,1,2013-12-05,0.719027365,1
2013-11-07,train,1,2013-12-06,0.7336834174,1
2013-11-08,train,1,2013-12-09,0.7253982885,1
2013-11-11,train,1,2013-12-10,0.7048592689,1
2013-11-12,train,1,2013-12-11,0.6706709231,1
2013-11-13,train,0,2013-12-12,0.6566133054,1
2013-11-14,train,0,2013-12-13,0.5874661887,1
2013-11-15,train,0,2013-12-16,0.4292963385,0
2013-11-18,train,0,2013-12-17,0.6441809658,1
2013-11-19,train,1,2013-12-18,0.6793219243,1
2013-11-20,train,1,2013-12-19,0.6785552103,1
2013-11-21,train,1,2013-12-20,0.61956437,1
2013-11-22,train,1,2013-12-23,0.3766944084,0
2013-11-25,train,1,2013-12-24,0.4270293404,0
2013-11-26,train,1,2013-12-26,0.6040378629,1
2013-11-27,train,1,2013-12-27,0.4799833316,0
2013-11-29,train,1,2013-12-30,0.6091197603,1
2013-12-02,train,1,2013-12-31,0.6071411063,1
2013-12-03,train,1,2014-01-02,0.6813652029,1
2013-12-04,train,1,2014-01-03,0.7291784405,1
2013-12-05,train,1,2014-01-06,0.7196197968,1
2013-12-06,train,1,2014-01-07,0.6799065776,1
2013-12-09,train,1,2014-01-08,0.6577084146,1
2013-12-10,train,1,2014-01-09,0.7116388295,1
2013-12-11,train,1,2014-01-10,0.7116253486,1
2013-12-12,train,1,2014-01-13,0.7264604222,1
2013-12-13,train,1,2014-01-14,0.7219410654,1
2013-12-16,train,1,2014-01-15,0.687548586,1
2013-12-17,train,1,2014-01-16,0.7118245492,1
2013-12-18,train,1,2014-01-17,0.6526093057,1
2013-12-19,train,1,2014-01-21,0.623361774,1
2013-12-20,train,1,2014-01-22,0.627225322,1
2013-12-23,train,0,2014-01-23,0.3032612659,0
2013-12-24,train,0,2014-01-24,0.3537516449,0
2013-12-26,train,0,2014-01-27,0.2953142867,0
2013-12-27,train,0,2014-01-28,0.2956384502,0
2013-12-30,train,0,2014-01-29,0.3073319099,0
2013-12-31,train,0,2014-01-30,0.3038105957,0
2014-01-02,train,0,2014-01-31,0.525855216,1
2014-01-03,train,0,2014-02-03,0.5400215571,1
2014-01-06,train,0,2014-02-04,0.5372879469,1
2014-01-07,train,0,2014-02-05,0.5196656416,1
2014-01-08,train,0,2014-02-06,0.5644955946,1
2014-01-09,train,0,2014-02-07,0.5682410646,1
2014-01-10,train,0,2014-02-10,0.5366733788,1
2014-01-13,train,1,2014-02-11,0.6852386484,1
2014-01-14,train,0,2014-02-12,0.6298625069,1
2014-01-15,train,0,2014-02-13,0.6192548059,1
2014-01-16,train,0,2014-02-14,0.6117357589,1
2014-01-17,train,1,2014-02-18,0.6580060635,1
2014-01-21,train,0,2014-02-19,0.6328418035,1
2014-01-22,train,0,2014-02-20,0.633623555,1
2014-01-23,train,1,2014-02-21,0.6799757913,1
2014-01-24,train,1,2014-02-24,0.7624013869,1
2014-01-27,train,1,2014-02-25,0.77092362,1
2014-01-28,train,1,2014-02-26,0.768791771,1
2014-01-29,train,1,2014-02-27,0.7670786529,1
2014-01-30,train,1,2014-02-28,0.7710310275,1
2014-01-31,train,1,2014-03-03,0.7635076657,1
2014-02-03,train,1,2014-03-04,0.8580832595,1
2014-02-04,train,1,2014-03-05,0.858899009,1
2014-02-05,train,1,2014-03-06,0.8135491691,1
2014-02-06,train,1,2014-03-07,0.8315201128,1
2014-02-07,train,1,2014-03-10,0.7608185381,1
2014-02-10,train,1,2014-03-11,0.7689522608,1
2014-02-11,train,1,2014-03-12,0.7530436973,1
2014-02-12,train,1,2014-03-13,0.7581027198,1
2014-02-13,train,1,2014-03-14,0.7438227619,1
2014-02-14,train,1,2014-03-17,0.7303250329,1
2014-02-18,train,1,2014-03-18,0.7267148084,1
2014-02-19,train,1,2014-03-19,0.7396867933,1
2014-02-20,train,1,2014-03-20,0.7404059027,1
2014-02-21,train,1,2014-03-21,0.7375417582,1
2014-02-24,train,1,2014-03-24,0.7400056483,1
2014-02-25,train,1,2014-03-25,0.7316622251,1
2014-02-26,train,1,2014-03-26,0.7122366828,1
2014-02-27,train,0,2014-03-27,0.6526950445,1
2014-02-28,train,1,2014-03-28,0.678376182,1
2014-03-03,train,1,2014-03-31,0.6978997203,1
2014-03-04,train,1,2014-04-01,0.6474454564,1
2014-03-05,train,1,2014-04-02,0.6578590767,1
2014-03-06,train,1,2014-04-03,0.6343203994,1
2014-03-07,train,0,2014-04-04,0.6166383314,1
2014-03-10,train,0,2014-04-07,0.6242953867,1
2014-03-11,train,0,2014-04-08,0.6577247613,1
2014-03-12,train,1,2014-04-09,0.6713301027,1
2014-03-13,train,0,2014-04-10,0.711950921,1
2014-03-14,train,0,2014-04-11,0.7270763984,1
2014-03-17,train,0,2014-04-14,0.6957429755,1
2014-03-18,train,0,2014-04-15,0.6504962676,1
2014-03-19,train,1,2014-04-16,0.6929480754,1
2014-03-20,train,0,2014-04-17,0.6673065338,1
2014-03-21,train,1,2014-04-21,0.6868975208,1
2014-03-24,train,1,2014-04-22,0.702777646,1
2014-03-25,train,1,2014-04-23,0.708661246,1
2014-03-26,train,1,2014-04-24,0.7617635736,1
2014-03-27,train,1,2014-04-25,0.776726007,1
2014-03-28,train,1,2014-04-28,0.759095038,1
2014-03-31,train,1,2014-04-29,0.7093296241,1
2014-04-01,train,1,2014-04-30,0.6712631145,1
2014-04-02,train,0,2014-05-01,0.6370795893,1
2014-04-03,train,0,2014-05-02,0.6369745775,1
2014-04-04,train,1,2014-05-05,0.7542526052,1
2014-04-07,train,1,2014-05-06,0.8336608102,1
2014-04-08,train,1,2014-05-07,0.8074669197,1
2014-04-09,train,1,2014-05-08,0.7250744528,1
2014-04-10,train,1,2014-05-09,0.886896502,1
2014-04-11,train,1,2014-05-12,0.9123675128,1
2014-04-14,train,1,2014-05-13,0.9028215949,1
2014-04-15,train,1,2014-05-14,0.8371036288,1
2014-04-16,train,1,2014-05-15,0.7635186453,1
2014-04-17,train,1,2014-05-16,0.7498592708,1
2014-04-21,train,1,2014-05-19,0.7451654353,1
2014-04-22,train,0,2014-05-20,0.7189760733,1
2014-04-23,train,1,2014-05-21,0.7261973168,1
2014-04-24,train,1,2014-05-22,0.7356923314,1
2014-04-25,train,1,2014-05-23,0.7340535344,1
2014-04-28,train,1,2014-05-27,0.7366155755,1
2014-04-29,train,1,2014-05-28,0.7202518038,1
2014-04-30,train,1,2014-05-29,0.681665273,1
2014-05-01,train,1,2014-05-30,0.6950465429,1
2014-05-02,train,1,2014-06-02,0.6961378118,1
2014-05-05,train,1,2014-06-03,0.7376105081,1
2014-05-06,train,1,2014-06-04,0.7289179048,1
2014-05-07,train,1,2014-06-05,0.7319701419,1
2014-05-08,train,1,2014-06-06,0.7278439721,1
2014-05-09,train,1,2014-06-09,0.7496872311,1
2014-05-12,train,1,2014-06-10,0.7426779043,1
2014-05-13,train,1,2014-06-11,0.7554373273,1
2014-05-14,train,1,2014-06-12,0.7111015926,1
2014-05-15,train,1,2014-06-13,0.7406087168,1
2014-05-16,train,1,2014-06-16,0.7114608107,1
2014-05-19,train,1,2014-06-17,0.7243327271,1
2014-05-20,train,1,2014-06-18,0.7460424686,1
2014-05-21,train,1,2014-06-19,0.720999993,1
2014-05-22,train,1,2014-06-20,0.7259826718,1
2014-05-23,train,1,2014-06-23,0.7236627822,1
2014-05-27,train,1,2014-06-24,0.7507579012,1
2014-05-28,train,1,2014-06-25,0.7431635531,1
2014-05-29,train,1,2014-06-26,0.7502427746,1
2014-05-30,train,1,2014-06-27,0.7503897098,1
2014-06-02,train,1,2014-06-30,0.7524344254,1
2014-06-03,train,1,2014-07-01,0.7501015861,1
2014-06-04,train,1,2014-07-02,0.7547315883,1
2014-06-05,train,1,2014-07-03,0.7397311694,1
2014-06-06,train,1,2014-07-07,0.7387066957,1
2014-06-09,train,1,2014-07-08,0.7310898812,1
2014-06-10,train,1,2014-07-09,0.7381468235,1
2014-06-11,train,1,2014-07-10,0.7366711524,1
2014-06-12,train,1,2014-07-11,0.7621121023,1
2014-06-13,train,1,2014-07-14,0.6984119004,1
2014-06-16,train,1,2014-07-15,0.6921640651,1
2014-06-17,train,1,2014-07-16,0.7481072629,1
2014-06-18,train,1,2014-07-17,0.7354652342,1
2014-06-19,train,1,2014-07-18,0.7497614732,1
2014-06-20,train,1,2014-07-21,0.7406392994,1
2014-06-23,train,1,2014-07-22,0.729876879,1
2014-06-24,train,1,2014-07-23,0.7618871375,1
2014-06-25,train,1,2014-07-24,0.7122761287,1
2014-06-26,train,1,2014-07-25,0.7025085785,1
2014-06-27,train,1,2014-07-28,0.7253937078,1
2014-06-30,train,1,2014-07-29,0.7001221968,1
2014-07-01,train,0,2014-07-30,0.6880548867,1
2014-07-02,train,0,2014-07-31,0.5810915044,1
2014-07-03,train,0,2014-08-01,0.583466303,1
2014-07-07,train,0,2014-08-04,0.6289324563,1
2014-07-08,train,0,2014-08-05,0.6423944192,1
2014-07-09,train,0,2014-08-06,0.6192714978,1
2014-07-10,train,0,2014-08-07,0.6524921401,1
2014-07-11,train,0,2014-08-08,0.6336731358,1
2014-07-14,train,0,2014-08-11,0.6531542535,1
2014-07-15,train,0,2014-08-12,0.6545528634,1
2014-07-16,train,0,2014-08-13,0.4505607133,0
2014-07-17,train,1,2014-08-14,0.6642319757,1
2014-07-18,train,0,2014-08-15,0.5992604841,1
2014-07-21,train,1,2014-08-18,0.644160036,1
2014-07-22,train,1,2014-08-19,0.6754691337,1
2014-07-23,train,1,2014-08-20,0.6994624669,1
2014-07-24,train,1,2014-08-21,0.6757868768,1
2014-07-25,train,1,2014-08-22,0.7329039767,1
2014-07-28,train,1,2014-08-25,0.6900165863,1
2014-07-29,train,1,2014-08-26,0.6943687081,1
2014-07-30,train,1,2014-08-27,0.7029513429,1
2014-07-31,train,1,2014-08-28,0.7995830159,1
2014-08-01,train,1,2014-08-29,0.7917204143,1
2014-08-04,train,1,2014-09-02,0.7894655728,1
2014-08-05,train,1,2014-09-03,0.788031801,1
2014-08-06,train,1,2014-09-04,0.7791038426,1
2014-08-07,train,1,2014-09-05,0.8133869368,1
2014-08-08,train,1,2014-09-08,0.7746017793,1
2014-08-11,train,1,2014-09-09,0.7896296514,1
2014-08-12,train,1,2014-09-10,0.7900566635,1
2014-08-13,train,1,2014-09-11,0.778982085,1
2014-08-14,train,1,2014-09-12,0.7673127319,1
2014-08-15,train,1,2014-09-15,0.7745202701,1
2014-08-18,train,1,2014-09-16,0.7685400502,1
2014-08-19,train,1,2014-09-17,0.7653832934,1
2014-08-20,train,1,2014-09-18,0.759908784,1
2014-08-21,train,1,2014-09-19,0.7481046744,1
2014-08-22,train,1,2014-09-22,0.7532904353,1
2014-08-25,train,0,2014-09-23,0.7555822223,1
2014-08-26,train,1,2014-09-24,0.7418895789,1
2014-08-27,train,0,2014-09-25,0.7185661956,1
2014-08-28,train,0,2014-09-26,0.6909297059,1
2014-08-29,train,0,2014-09-29,0.6727901433,1
2014-09-02,train,0,2014-09-30,0.6936181677,1
2014-09-03,train,0,2014-10-01,0.6421676824,1
2014-09-04,train,0,2014-10-02,0.6411509352,1
2014-09-05,train,0,2014-10-03,0.6346842159,1
2014-09-08,train,0,2014-10-06,0.6030981115,1
2014-09-09,train,0,2014-10-07,0.612205065,1
2014-09-10,train,0,2014-10-08,0.6312259964,1
2014-09-11,train,0,2014-10-09,0.5851022244,1
2014-09-12,train,0,2014-10-10,0.6170812702,1
2014-09-15,train,0,2014-10-13,0.5953542002,1
2014-09-16,train,0,2014-10-14,0.5346311037,1
2014-09-17,train,0,2014-10-15,0.5655964723,1
2014-09-18,train,0,2014-10-16,0.4719172367,0
2014-09-19,train,0,2014-10-17,0.5122798175,1
2014-09-22,train,0,2014-10-20,0.562771527,1
2014-09-23,train,0,2014-10-21,0.5587424798,1
2014-09-24,train,0,2014-10-22,0.5896678669,1
2014-09-25,train,0,2014-10-23,0.7565997659,1
2014-09-26,train,0,2014-10-24,0.7043360789,1
2014-09-29,train,0,2014-10-27,0.7526149714,1
2014-09-30,train,1,2014-10-28,0.7920486875,1
2014-10-01,train,1,2014-10-29,0.8376288597,1
2014-10-02,train,1,2014-10-30,0.8481328181,1
2014-10-03,train,1,2014-10-31,0.7904351306,1
2014-10-06,train,1,2014-11-03,0.8065285155,1
2014-10-07,train,1,2014-11-04,0.8514833792,1
2014-10-08,train,1,2014-11-05,0.8112963991,1
2014-10-09,train,1,2014-11-06,0.8546514457,1
2014-10-10,train,1,2014-11-07,0.8124089302,1
2014-10-13,train,1,2014-11-10,0.7796724103,1
2014-10-14,train,1,2014-11-11,0.7690417155,1
2014-10-15,train,1,2014-11-12,0.7886537581,1
2014-10-16,train,1,2014-11-13,0.7249875973,1
2014-10-17,train,1,2014-11-14,0.7770724636,1
2014-10-20,train,1,2014-11-17,0.7903677871,1
2014-10-21,train,1,2014-11-18,0.8282869981,1
2014-10-22,train,1,2014-11-19,0.8172746975,1
2014-10-23,train,1,2014-11-20,0.8323586691,1
2014-10-24,train,1,2014-11-21,0.7507540929,1
2014-10-27,train,1,2014-11-24,0.7623021784,1
2014-10-28,train,1,2014-11-25,0.7135486304,1
2014-10-29,train,1,2014-11-26,0.7184934636,1
2014-10-30,train,1,2014-11-28,0.6933157422,1
2014-10-31,train,1,2014-12-01,0.7265485114,1
2014-11-03,train,1,2014-12-02,0.7265032988,1
2014-11-04,train,1,2014-12-03,0.7006070853,1
2014-11-05,train,1,2014-12-04,0.7233035187,1
2014-11-06,train,1,2014-12-05,0.7147448868,1
2014-11-07,train,1,2014-12-08,0.6912451986,1
2014-11-10,train,1,2014-12-09,0.6936259172,1
2014-11-11,train,0,2014-12-10,0.6919122851,1
2014-11-12,train,1,2014-12-11,0.684244853,1
2014-11-13,train,0,2014-12-12,0.6656113168,1
2014-11-14,train,0,2014-12-15,0.6542748015,1
2014-11-17,train,0,2014-12-16,0.6638704819,1
2014-11-18,train,0,2014-12-17,0.6705488651,1
2014-11-19,train,1,2014-12-18,0.6784343321,1
2014-11-20,train,1,2014-12-19,0.6853485317,1
2014-11-21,train,1,2014-12-22,0.6893795319,1
2014-11-24,train,1,2014-12-23,0.6793156354,1
2014-11-25,train,1,2014-12-24,0.6391830162,1
2014-11-26,train,1,2014-12-26,0.64364429,1
2014-11-28,train,1,2014-12-29,0.6250843867,1
2014-12-01,train,1,2014-12-30,0.5931313112,1
2014-12-02,train,0,2014-12-31,0.5900681686,1
2014-12-03,train,0,2015-01-02,0.5999081212,1
2014-12-04,train,0,2015-01-05,0.5982157163,1
2014-12-05,train,0,2015-01-06,0.5991122592,1
2014-12-08,train,0,2015-01-07,0.604318701,1
2014-12-09,train,0,2015-01-08,0.5997208951,1
2014-12-10,train,1,2015-01-09,0.7714398944,1
2014-12-11,train,0,2015-01-12,0.7011372935,1
2014-12-12,train,1,2015-01-13,0.8448088748,1
2014-12-15,train,1,2015-01-14,0.8547080308,1
2014-12-16,train,1,2015-01-15,0.8262654715,1
2014-12-17,train,0,2015-01-16,0.703940084,1
2014-12-18,train,0,2015-01-20,0.6269821004,1
2014-12-19,train,0,2015-01-21,0.6462473937,1
2014-12-22,train,0,2015-01-22,0.6335577892,1
2014-12-23,train,0,2015-01-23,0.6400873596,1
2014-12-24,train,0,2015-01-26,0.6411510136,1
2014-12-26,train,0,2015-01-27,0.6567018479,1
2014-12-29,train,0,2015-01-28,0.6427776584,1
2014-12-30,train,0,2015-01-29,0.6531837806,1
2014-12-31,train,0,2015-01-30,0.667701686,1
2015-01-02,train,0,2015-02-02,0.6769976708,1
2015-01-05,train,1,2015-02-03,0.7516776446,1
2015-01-06,train,1,2015-02-04,0.7421130753,1
2015-01-07,train,1,2015-02-05,0.7375830642,1
2015-01-08,train,0,2015-02-06,0.631840383,1
2015-01-09,train,1,2015-02-09,0.7144088726,1
2015-01-12,train,1,2015-02-10,0.7235750009,1
2015-01-13,train,1,2015-02-11,0.7401503138,1
2015-01-14,train,1,2015-02-12,0.7336468897,1
2015-01-15,train,1,2015-02-13,0.6298239203,1
2015-01-16,train,1,2015-02-17,0.7290597403,1
2015-01-20,train,1,2015-02-18,0.7413350475,1
2015-01-21,train,1,2015-02-19,0.7434480847,1
2015-01-22,train,1,2015-02-20,0.7157961416,1
2015-01-23,train,1,2015-02-23,0.7319277799,1
2015-01-26,train,1,2015-02-24,0.7233005671,1
2015-01-27,train,1,2015-02-25,0.7861915567,1
2015-01-28,train,1,2015-02-26,0.8454863337,1
2015-01-29,train,1,2015-02-27,0.8733220602,1
2015-01-30,train,1,2015-03-02,0.8593691337,1
2015-02-02,train,1,2015-03-03,0.8588199631,1
2015-02-03,train,1,2015-03-04,0.8224758268,1
2015-02-04,train,1,2015-03-05,0.8842805341,1
2015-02-05,train,1,2015-03-06,0.8108710174,1
2015-02-06,train,1,2015-03-09,0.8106901056,1
2015-02-09,train,1,2015-03-10,0.8410166563,1
2015-02-10,train,0,2015-03-11,0.6997260371,1
2015-02-11,train,1,2015-03-12,0.7074653509,1
2015-02-12,train,0,2015-03-13,0.6515077001,1
2015-02-13,train,0,2015-03-16,0.6559047163,1
2015-02-17,train,0,2015-03-17,0.6611410074,1
2015-02-18,train,1,2015-03-18,0.6630729278,1
2015-02-19,train,0,2015-03-19,0.6570327513,1
2015-02-20,train,1,2015-03-20,0.6584985958,1
2015-02-23,train,0,2015-03-23,0.6410543578,1
2015-02-24,train,0,2015-03-24,0.6350157622,1
2015-02-25,train,0,2015-03-25,0.6300721781,1
2015-02-26,train,0,2015-03-26,0.6422131344,1
2015-02-27,train,0,2015-03-27,0.6439158791,1
2015-03-02,train,0,2015-03-30,0.6653249001,1
2015-03-03,train,0,2015-03-31,0.6545311523,1
2015-03-04,train,0,2015-04-01,0.6417277773,1
2015-03-05,train,0,2015-04-02,0.6670100985,1
2015-03-06,train,1,2015-04-06,0.8329870195,1
2015-03-09,train,0,2015-04-07,0.7199893754,1
2015-03-10,train,1,2015-04-08,0.7479224555,1
2015-03-11,train,1,2015-04-09,0.8761389222,1
2015-03-12,train,1,2015-04-10,0.76000531,1
2015-03-13,train,1,2015-04-13,0.7738323199,1
2015-03-16,train,1,2015-04-14,0.7074921309,1
2015-03-17,train,1,2015-04-15,0.7592073866,1
2015-03-18,train,1,2015-04-16,0.669260876,1
2015-03-19,train,0,2015-04-17,0.665513215,1
2015-03-20,train,0,2015-04-20,0.6666404731,1
2015-03-23,train,0,2015-04-21,0.7047230511,1
2015-03-24,train,1,2015-04-22,0.7522601359,1
2015-03-25,train,1,2015-04-23,0.9273272725,1
2015-03-26,train,1,2015-04-24,0.9324543562,1
2015-03-27,train,1,2015-04-27,0.9209884166,1
2015-03-30,train,1,2015-04-28,0.6960174198,1
2015-03-31,train,1,2015-04-29,0.8100235874,1
2015-04-01,train,1,2015-04-30,0.7651160016,1
2015-04-02,train,1,2015-05-01,0.7709241579,1
2015-04-06,train,1,2015-05-04,0.7341696578,1
2015-04-07,train,1,2015-05-05,0.8126824459,1
2015-04-08,train,1,2015-05-06,0.7487639185,1
2015-04-09,train,0,2015-05-07,0.7067651347,1
2015-04-10,train,1,2015-05-08,0.7236223691,1
2015-04-13,train,1,2015-05-11,0.7237086357,1
2015-04-14,train,1,2015-05-12,0.7157685659,1
2015-04-15,train,0,2015-05-13,0.7201792431,1
2015-04-16,train,1,2015-05-14,0.7144748989,1
2015-04-17,train,1,2015-05-15,0.7382418525,1
2015-04-20,train,1,2015-05-18,0.6927660086,1
2015-04-21,train,1,2015-05-19,0.7083256545,1
2015-04-22,train,1,2015-05-20,0.6840308236,1
2015-04-23,train,1,2015-05-21,0.7197443952,1
2015-04-24,train,1,2015-05-22,0.7339994779,1
2015-04-27,train,0,2015-05-26,0.7011507885,1
2015-04-28,train,1,2015-05-27,0.7244619169,1
2015-04-29,train,1,2015-05-28,0.7106691915,1
2015-04-30,train,1,2015-05-29,0.7063752005,1
2015-05-01,train,1,2015-06-01,0.6871639421,1
2015-05-04,train,1,2015-06-02,0.681226777,1
2015-05-05,train,1,2015-06-03,0.6857174815,1
2015-05-06,train,1,2015-06-04,0.7218350802,1
2015-05-07,train,1,2015-06-05,0.6841595881,1
2015-05-08,train,0,2015-06-08,0.6600910053,1
2015-05-11,train,0,2015-06-09,0.6061717096,1
2015-05-12,train,1,2015-06-10,0.6721401241,1
2015-05-13,train,1,2015-06-11,0.7039078066,1
2015-05-14,train,0,2015-06-12,0.602754879,1
2015-05-15,train,0,2015-06-15,0.5290325264,1
2015-05-18,train,0,2015-06-16,0.4871428745,0
2015-05-19,train,0,2015-06-17,0.4660520607,0
2015-05-20,train,0,2015-06-18,0.610224263,1
2015-05-21,train,0,2015-06-19,0.6050876406,1
2015-05-22,train,0,2015-06-22,0.5868388416,1
2015-05-26,train,1,2015-06-23,0.7372777932,1
2015-05-27,train,0,2015-06-24,0.6093050675,1
2015-05-28,train,0,2015-06-25,0.5990403919,1
2015-05-29,train,0,2015-06-26,0.5714243557,1
2015-06-01,train,0,2015-06-29,0.5313064976,1
2015-06-02,train,0,2015-06-30,0.5453153558,1
2015-06-03,train,0,2015-07-01,0.5661346196,1
2015-06-04,train,0,2015-07-02,0.5983684376,1
2015-06-05,train,0,2015-07-06,0.6550959939,1
2015-06-08,train,1,2015-07-07,0.7236383073,1
2015-06-09,train,0,2015-07-08,0.7173267134,1
2015-06-10,train,0,2015-07-09,0.5969895814,1
2015-06-11,train,0,2015-07-10,0.6063812316,1
2015-06-12,train,1,2015-07-13,0.7458812013,1
2015-06-15,train,1,2015-07-14,0.7842152787,1
2015-06-16,train,1,2015-07-15,0.7204690405,1
2015-06-17,train,1,2015-07-16,0.7119633767,1
2015-06-18,train,1,2015-07-17,0.6091650962,1
2015-06-19,train,1,2015-07-20,0.616173859,1
2015-06-22,train,0,2015-07-21,0.6011155996,1
2015-06-23,train,0,2015-07-22,0.6172640693,1
2015-06-24,train,0,2015-07-23,0.6030735704,1
2015-06-25,train,0,2015-07-24,0.6149352984,1
2015-06-26,train,0,2015-07-27,0.6193917534,1
2015-06-29,train,1,2015-07-28,0.7373795505,1
2015-06-30,train,1,2015-07-29,0.7236316364,1
2015-07-01,train,1,2015-07-30,0.6962172618,1
2015-07-02,train,1,2015-07-31,0.7246670147,1
2015-07-06,train,1,2015-08-03,0.7122814573,1
2015-07-07,train,1,2015-08-04,0.6691049197,1
2015-07-08,train,1,2015-08-05,0.6591326884,1
2015-07-09,train,1,2015-08-06,0.6639499188,1
2015-07-10,train,1,2015-08-07,0.6607753573,1
2015-07-13,train,1,2015-08-10,0.6339987031,1
2015-07-14,train,0,2015-08-11,0.5714559777,1
2015-07-15,train,0,2015-08-12,0.5584614373,1
2015-07-16,train,0,2015-08-13,0.5824684446,1
2015-07-17,train,0,2015-08-14,0.5737757102,1
2015-07-20,train,0,2015-08-17,0.5543176384,1
2015-07-21,train,0,2015-08-18,0.5634035544,1
2015-07-22,train,0,2015-08-19,0.5299057962,1
2015-07-23,train,0,2015-08-20,0.5308708748,1
2015-07-24,train,0,2015-08-21,0.5758956881,1
2015-07-27,train,0,2015-08-24,0.5557735817,1
2015-07-28,train,0,2015-08-25,0.527255992,1
2015-07-29,train,0,2015-08-26,0.5060360012,1
2015-07-30,train,0,2015-08-27,0.4955940613,0
2015-07-31,train,0,2015-08-28,0.5198272738,1
2015-08-03,train,0,2015-08-31,0.5235799893,1
2015-08-04,train,0,2015-09-01,0.5486259357,1
2015-08-05,train,0,2015-09-02,0.5464114965,1
2015-08-06,train,0,2015-09-03,0.5418060743,1
2015-08-07,train,0,2015-09-04,0.5562564666,1
2015-08-10,train,0,2015-09-08,0.5255542044,1
2015-08-11,train,0,2015-09-09,0.4902069482,0
2015-08-12,train,0,2015-09-10,0.4851106356,0
2015-08-13,train,0,2015-09-11,0.4941006141,0
2015-08-14,train,0,2015-09-14,0.4549592964,0
2015-08-17,train,0,2015-09-15,0.4316187545,0
2015-08-18,train,0,2015-09-16,0.4485861363,0
2015-08-19,train,0,2015-09-17,0.4767459268,0
2015-08-20,train,0,2015-09-18,0.5673378191,1
2015-08-21,train,1,2015-09-21,0.6845031148,1
2015-08-24,train,1,2015-09-22,0.749419577,1
2015-08-25,train,1,2015-09-23,0.7211375961,1
2015-08-26,train,0,2015-09-24,0.590845439,1
2015-08-27,train,0,2015-09-25,0.5065770241,1
2015-08-28,train,0,2015-09-28,0.5091780479,1
2015-08-31,train,0,2015-09-29,0.5521662908,1
2015-09-01,train,1,2015-09-30,0.8063270307,1
2015-09-02,train,0,2015-10-01,0.7654913562,1
2015-09-03,train,1,2015-10-02,0.7796726573,1
2015-09-04,train,1,2015-10-05,0.8728722684,1
2015-09-08,train,1,2015-10-06,0.888982072,1
2015-09-09,train,1,2015-10-07,0.9221844743,1
2015-09-10,train,1,2015-10-08,0.9181517461,1
2015-09-11,train,1,2015-10-09,0.9027655688,1
2015-09-14,train,1,2015-10-12,0.8897688039,1
2015-09-15,train,1,2015-10-13,0.8428684209,1
2015-09-16,train,1,2015-10-14,0.8566228666,1
2015-09-17,train,1,2015-10-15,0.8817428445,1
2015-09-18,train,1,2015-10-16,0.9129817042,1
2015-09-21,train,1,2015-10-19,0.9091917368,1
2015-09-22,train,1,2015-10-20,0.8989217246,1
2015-09-23,train,1,2015-10-21,0.8881517944,1
2015-09-24,train,1,2015-10-22,0.9039764742,1
2015-09-25,train,1,2015-10-23,0.9137070952,1
2015-09-28,train,1,2015-10-26,0.9439143076,1
2015-09-29,train,1,2015-10-27,0.9536366489,1
2015-09-30,train,1,2015-10-28,0.9282542375,1
2015-10-01,train,1,2015-10-29,0.8806019887,1
2015-10-02,train,1,2015-10-30,0.8613867154,1
2015-10-05,train,1,2015-11-02,0.8342579356,1
2015-10-06,train,1,2015-11-03,0.8852837463,1
2015-10-07,train,1,2015-11-04,0.8475127845,1
2015-10-08,train,1,2015-11-05,0.8627854627,1
2015-10-09,train,1,2015-11-06,0.8190514767,1
2015-10-12,train,1,2015-11-09,0.8100279304,1
2015-10-13,train,1,2015-11-10,0.8080241611,1
2015-10-14,train,1,2015-11-11,0.8190057325,1
2015-10-15,train,1,2015-11-12,0.7932136548,1
2015-10-16,train,0,2015-11-13,0.7760988852,1
2015-10-19,train,1,2015-11-16,0.7836981267,1
2015-10-20,train,1,2015-11-17,0.8038432669,1
2015-10-21,train,1,2015-11-18,0.8148026781,1
2015-10-22,train,1,2015-11-19,0.7951580165,1
2015-10-23,train,1,2015-11-20,0.785521181,1
2015-10-26,train,1,2015-11-23,0.7943378384,1
2015-10-27,train,1,2015-11-24,0.7860705672,1
2015-10-28,train,1,2015-11-25,0.6305336723,1
2015-10-29,train,1,2015-11-27,0.6582083787,1
2015-10-30,train,1,2015-11-30,0.6804914934,1
2015-11-02,train,1,2015-12-01,0.5836983323,1
2015-11-03,train,0,2015-12-02,0.5754822275,1
2015-11-04,train,0,2015-12-03,0.5629297876,1
2015-11-05,train,0,2015-12-04,0.5590310166,1
2015-11-06,train,0,2015-12-07,0.5749421934,1
2015-11-09,train,0,2015-12-08,0.6092607125,1
2015-11-10,train,0,2015-12-09,0.6285402767,1
2015-11-11,train,0,2015-12-10,0.7166835745,1
2015-11-12,train,0,2015-12-11,0.7611092015,1
2015-11-13,train,1,2015-12-14,0.7808382118,1
2015-11-16,train,0,2015-12-15,0.7080311566,1
2015-11-17,train,1,2015-12-16,0.6589048504,1
2015-11-18,train,0,2015-12-17,0.5647762625,1
2015-11-19,train,0,2015-12-18,0.527801428,1
2015-11-20,train,0,2015-12-21,0.4565203221,0
2015-11-23,train,0,2015-12-22,0.4605288315,0
2015-11-24,train,0,2015-12-23,0.4511981616,0
2015-11-25,train,0,2015-12-24,0.4315974113,0
2015-11-27,train,0,2015-12-28,0.448606048,0
2015-11-30,train,0,2015-12-29,0.4386900546,0
2015-12-01,train,0,2015-12-30,0.5146008174,1
2015-12-02,train,0,2015-12-31,0.4711373708,0
2015-12-03,train,0,2016-01-04,0.5395107181,1
2015-12-04,train,0,2016-01-05,0.4210102573,0
2015-12-07,train,0,2016-01-06,0.4208339719,0
2015-12-08,train,0,2016-01-07,0.4720933995,0
2015-12-09,train,0,2016-01-08,0.5226776324,1
2015-12-10,train,0,2016-01-11,0.5144965737,1
2015-12-11,train,0,2016-01-12,0.5045319038,1
2015-12-14,train,0,2016-01-13,0.5005951768,1
2015-12-15,train,0,2016-01-14,0.4883828287,0
2015-12-16,train,0,2016-01-15,0.4477185279,0
2015-12-17,train,0,2016-01-19,0.4843523485,0
2015-12-18,train,0,2016-01-20,0.52751288,1
2015-12-21,train,0,2016-01-21,0.5082799935,1
2015-12-22,train,0,2016-01-22,0.5050358401,1
2015-12-23,train,0,2016-01-25,0.493399024,0
2015-12-24,train,0,2016-01-26,0.5009187832,1
2015-12-28,train,0,2016-01-27,0.5404541396,1
2015-12-29,train,0,2016-01-28,0.4645495029,0
2015-12-30,train,0,2016-01-29,0.4606107068,0
2015-12-31,train,0,2016-02-01,0.4490469971,0
2016-01-04,train,0,2016-02-02,0.4814624436,0
2016-01-05,train,0,2016-02-03,0.4716758523,0
2016-01-06,train,0,2016-02-04,0.4733742641,0
2016-01-07,train,0,2016-02-05,0.5183425379,1
2016-01-08,train,0,2016-02-08,0.5679112439,1
2016-01-11,train,0,2016-02-09,0.5439214366,1
2016-01-12,train,0,2016-02-10,0.5494454731,1
2016-01-13,train,0,2016-02-11,0.6334633359,1
2016-01-14,train,0,2016-02-12,0.5461083924,1
2016-01-15,train,1,2016-02-16,0.680239674,1
2016-01-19,train,1,2016-02-17,0.6860087636,1
2016-01-20,train,1,2016-02-18,0.7643313161,1
2016-01-21,train,1,2016-02-19,0.7810965571,1
2016-01-22,train,1,2016-02-22,0.7130911315,1
2016-01-25,train,1,2016-02-23,0.761507386,1
2016-01-26,train,1,2016-02-24,0.7388453479,1
2016-01-27,train,1,2016-02-25,0.7216353363,1
2016-01-28,train,1,2016-02-26,0.7027409209,1
2016-01-29,train,0,2016-02-29,0.6141597785,1
2016-02-01,train,1,2016-03-01,0.6204918414,1
2016-02-02,train,1,2016-03-02,0.735136195,1
2016-02-03,train,1,2016-03-03,0.7452990901,1
2016-02-04,train,1,2016-03-04,0.7422951711,1
2016-02-05,train,1,2016-03-07,0.7990408095,1
2016-02-08,train,1,2016-03-08,0.7940815872,1
2016-02-09,train,1,2016-03-09,0.8291845852,1
2016-02-10,train,1,2016-03-10,0.8344144562,1
2016-02-11,train,1,2016-03-11,0.8320411795,1
2016-02-12,train,1,2016-03-14,0.8209327831,1
2016-02-16,train,1,2016-03-15,0.8942516061,1
2016-02-17,train,1,2016-03-16,0.8952102341,1
2016-02-18,train,1,2016-03-17,0.8911568031,1
2016-02-19,train,1,2016-03-18,0.8867057371,1
2016-02-22,train,1,2016-03-21,0.8749684422,1
2016-02-23,train,1,2016-03-22,0.897526216,1
2016-02-24,train,1,2016-03-23,0.9068229346,1
2016-02-25,train,1,2016-03-24,0.9005723298,1
2016-02-26,train,1,2016-03-28,0.901567025,1
2016-02-29,train,1,2016-03-29,0.9178628807,1
2016-03-01,train,1,2016-03-30,0.9314272133,1
2016-03-02,train,1,2016-03-31,0.945488287,1
2016-03-03,train,1,2016-04-01,0.9568632542,1
2016-03-04,train,1,2016-04-04,0.9498530431,1
2016-03-07,train,1,2016-04-05,0.9520150432,1
2016-03-08,train,1,2016-04-06,0.9048744208,1
2016-03-09,train,1,2016-04-07,0.9180996751,1
2016-03-10,train,1,2016-04-08,0.8868564753,1
2016-03-11,train,1,2016-04-11,0.922942021,1
2016-03-14,train,1,2016-04-12,0.9592623246,1
2016-03-15,train,1,2016-04-13,0.924979217,1
2016-03-16,train,1,2016-04-14,0.9081900052,1
2016-03-17,train,1,2016-04-15,0.78429613,1
2016-03-18,train,1,2016-04-18,0.8390380291,1
2016-03-21,train,1,2016-04-19,0.862097544,1
2016-03-22,train,1,2016-04-20,0.9040099698,1
2016-03-23,train,1,2016-04-21,0.9046717816,1
2016-03-24,train,1,2016-04-22,0.8973525625,1
2016-03-28,train,1,2016-04-25,0.89255545,1
2016-03-29,train,1,2016-04-26,0.8800236752,1
2016-03-30,train,1,2016-04-27,0.7770636087,1
2016-03-31,train,1,2016-04-28,0.770841174,1
2016-04-01,train,0,2016-04-29,0.6662253754,1
2016-04-04,train,1,2016-05-02,0.7224327691,1
2016-04-05,train,1,2016-05-03,0.7785254959,1
2016-04-06,train,0,2016-05-04,0.6308357363,1
2016-04-07,train,1,2016-05-05,0.7832252662,1
2016-04-08,train,1,2016-05-06,0.7606382908,1
2016-04-11,train,1,2016-05-09,0.7708523793,1
2016-04-12,train,1,2016-05-10,0.6589905332,1
2016-04-13,train,0,2016-05-11,0.5389492536,1
2016-04-14,train,0,2016-05-12,0.5485658198,1
2016-04-15,train,0,2016-05-13,0.535033922,1
2016-04-18,train,0,2016-05-16,0.5341394972,1
2016-04-19,train,0,2016-05-17,0.5293253227,1
2016-04-20,train,0,2016-05-18,0.5323706971,1
2016-04-21,train,0,2016-05-19,0.5357125644,1
2016-04-22,train,0,2016-05-20,0.533229527,1
2016-04-25,train,0,2016-05-23,0.5656775017,1
2016-04-26,train,0,2016-05-24,0.5659212056,1
2016-04-27,train,0,2016-05-25,0.5730931112,1
2016-04-28,train,1,2016-05-26,0.638486466,1
2016-04-29,train,1,2016-05-27,0.7012132304,1
2016-05-02,train,1,2016-05-31,0.6076989558,1
2016-05-03,train,1,2016-06-01,0.7208181711,1
2016-05-04,train,1,2016-06-02,0.7580464515,1
2016-05-05,train,1,2016-06-03,0.771541963,1
2016-05-06,train,1,2016-06-06,0.7516556474,1
2016-05-09,train,1,2016-06-07,0.7682856398,1
2016-05-10,train,1,2016-06-08,0.6494844435,1
2016-05-11,train,1,2016-06-09,0.723444027,1
2016-05-12,train,1,2016-06-10,0.7126073083,1
2016-05-13,train,1,2016-06-13,0.7592834823,1
2016-05-16,train,1,2016-06-14,0.6133194084,1
2016-05-17,train,1,2016-06-15,0.7541097963,1
2016-05-18,train,1,2016-06-16,0.7405775369,1
2016-05-19,train,1,2016-06-17,0.7476612013,1
2016-05-20,train,1,2016-06-20,0.7392284922,1
2016-05-23,train,1,2016-06-21,0.7037262384,1
2016-05-24,train,1,2016-06-22,0.5931956603,1
2016-05-25,train,1,2016-06-23,0.5740855219,1
2016-05-26,train,0,2016-06-24,0.564054811,1
2016-05-27,train,0,2016-06-27,0.4253808921,0
2016-05-31,train,0,2016-06-28,0.5193386136,1
2016-06-01,train,0,2016-06-29,0.5033733824,1
2016-06-02,train,0,2016-06-30,0.4843354114,0
2016-06-03,train,1,2016-07-01,0.5531328782,1
2016-06-06,train,0,2016-07-05,0.5409262505,1
2016-06-07,train,0,2016-07-06,0.5426374447,1
2016-06-08,train,0,2016-07-07,0.5760631966,1
2016-06-09,train,1,2016-07-08,0.5525753669,1
2016-06-10,train,1,2016-07-11,0.5612062209,1
2016-06-13,train,1,2016-07-12,0.7285699372,1
2016-06-14,train,1,2016-07-13,0.7587126817,1
2016-06-15,train,1,2016-07-14,0.7514375559,1
2016-06-16,train,1,2016-07-15,0.7709859134,1
2016-06-17,train,1,2016-07-18,0.7988101977,1
2016-06-20,train,1,2016-07-19,0.6928195768,1
2016-06-21,train,1,2016-07-20,0.7011570303,1
2016-06-22,train,1,2016-07-21,0.7094858813,1
2016-06-23,train,1,2016-07-22,0.6546303596,1
2016-06-24,train,1,2016-07-25,0.8498162216,1
2016-06-27,train,1,2016-07-26,0.7197897091,1
2016-06-28,train,1,2016-07-27,0.8482639345,1
2016-06-29,train,1,2016-07-28,0.7574318318,1
2016-06-30,train,1,2016-07-29,0.6911898719,1
2016-07-01,train,1,2016-08-01,0.6715177902,1
2016-07-05,train,1,2016-08-02,0.7093508328,1
2016-07-06,train,1,2016-08-03,0.6845628672,1
2016-07-07,train,1,2016-08-04,0.6925351051,1
2016-07-08,train,1,2016-08-05,0.7237797292,1
2016-07-11,train,1,2016-08-08,0.7098670113,1
2016-07-12,train,1,2016-08-09,0.7377979867,1
2016-07-13,train,1,2016-08-10,0.7195758204,1
2016-07-14,train,1,2016-08-11,0.7072336943,1
2016-07-15,train,1,2016-08-12,0.7117796798,1
2016-07-18,train,1,2016-08-15,0.7178740069,1
2016-07-19,train,1,2016-08-16,0.708980807,1
2016-07-20,train,1,2016-08-17,0.715809154,1
2016-07-21,train,1,2016-08-18,0.6858887774,1
2016-07-22,train,1,2016-08-19,0.6860179569,1
2016-07-25,train,1,2016-08-22,0.6964528559,1
2016-07-26,train,1,2016-08-23,0.6819456551,1
2016-07-27,train,1,2016-08-24,0.6964853711,1
2016-07-28,train,1,2016-08-25,0.7289618654,1
2016-07-29,train,1,2016-08-26,0.7168422466,1
2016-08-01,train,1,2016-08-29,0.7149845472,1
2016-08-02,train,1,2016-08-30,0.7150073599,1
2016-08-03,train,1,2016-08-31,0.7152162931,1
2016-08-04,train,1,2016-09-01,0.7204500741,1
2016-08-05,train,1,2016-09-02,0.6539546756,1
2016-08-08,train,1,2016-09-06,0.6575326537,1
2016-08-09,train,1,2016-09-07,0.6466866364,1
2016-08-10,train,1,2016-09-08,0.6356211739,1
2016-08-11,train,0,2016-09-09,0.5819073013,1
2016-08-12,train,0,2016-09-12,0.5834592535,1
2016-08-15,train,0,2016-09-13,0.5811166462,1
2016-08-16,train,0,2016-09-14,0.611959755,1
2016-08-17,train,0,2016-09-15,0.5929603424,1
2016-08-18,train,0,2016-09-16,0.5897053301,1
2016-08-19,train,0,2016-09-19,0.5806119745,1
2016-08-22,train,0,2016-09-20,0.6024419089,1
2016-08-23,train,0,2016-09-21,0.65928809,1
2016-08-24,train,1,2016-09-22,0.6814864463,1
2016-08-25,train,0,2016-09-23,0.6167521295,1
2016-08-26,train,0,2016-09-26,0.5824220115,1
2016-08-29,train,0,2016-09-27,0.6075029154,1
2016-08-30,train,0,2016-09-28,0.5905629353,1
2016-08-31,train,0,2016-09-29,0.6116092972,1
2016-09-01,train,1,2016-09-30,0.6193188422,1
2016-09-02,train,0,2016-10-03,0.6244701812,1
2016-09-06,train,0,2016-10-04,0.6479152355,1
2016-09-07,train,0,2016-10-05,0.6380625032,1
2016-09-08,train,0,2016-10-06,0.6578040406,1
2016-09-09,train,1,2016-10-07,0.7573546669,1
2016-09-12,train,1,2016-10-10,0.687849482,1
2016-09-13,train,1,2016-10-11,0.7269343368,1
2016-09-14,train,1,2016-10-12,0.7100178648,1
2016-09-15,train,0,2016-10-13,0.64548376,1
2016-09-16,train,0,2016-10-14,0.6755483752,1
2016-09-19,train,0,2016-10-17,0.6840894554,1
2016-09-20,train,1,2016-10-18,0.694927165,1
2016-09-21,train,0,2016-10-19,0.6239925274,1
2016-09-22,train,0,2016-10-20,0.6623955258,1
2016-09-23,train,0,2016-10-21,0.6714164911,1
2016-09-26,train,1,2016-10-24,0.7128407924,1
2016-09-27,train,0,2016-10-25,0.7087684677,1
2016-09-28,train,0,2016-10-26,0.7060601483,1
2016-09-29,train,0,2016-10-27,0.6899965799,1
2016-09-30,train,0,2016-10-28,0.6821273652,1
2016-10-03,train,0,2016-10-31,0.6359007528,1
2016-10-04,train,0,2016-11-01,0.6159069634,1
2016-10-05,train,0,2016-11-02,0.6017687072,1
2016-10-06,train,0,2016-11-03,0.5799725299,1
2016-10-07,train,0,2016-11-04,0.6922170554,1
2016-10-10,train,0,2016-11-07,0.6282318689,1
2016-10-11,train,1,2016-11-08,0.8518743138,1
2016-10-12,train,1,2016-11-09,0.8221133539,1
2016-10-13,train,1,2016-11-10,0.873769563,1
2016-10-14,train,1,2016-11-11,0.8631066812,1
2016-10-17,train,1,2016-11-14,0.8910599759,1
2016-10-18,train,1,2016-11-15,0.87166364,1
2016-10-19,train,1,2016-11-16,0.8527925686,1
2016-10-20,train,1,2016-11-17,0.8433832121,1
2016-10-21,train,1,2016-11-18,0.8649790197,1
2016-10-24,train,1,2016-11-21,0.7678414092,1
2016-10-25,train,1,2016-11-22,0.8346723546,1
2016-10-26,train,1,2016-11-23,0.8174369133,1
2016-10-27,train,1,2016-11-25,0.8481112325,1
2016-10-28,train,1,2016-11-28,0.8633693619,1
2016-10-31,train,1,2016-11-29,0.8970535683,1
2016-11-01,train,1,2016-11-30,0.8898648328,1
2016-11-02,train,1,2016-12-01,0.8828733831,1
2016-11-03,train,1,2016-12-02,0.8449125007,1
2016-11-04,train,1,2016-12-05,0.8667900956,1
2016-11-07,train,1,2016-12-06,0.8653315606,1
2016-11-08,train,1,2016-12-07,0.8290734664,1
2016-11-09,train,1,2016-12-08,0.6959779998,1
2016-11-10,train,1,2016-12-09,0.6988824437,1
2016-11-11,train,1,2016-12-12,0.6854193086,1
2016-11-14,train,1,2016-12-13,0.6683729063,1
2016-11-15,train,1,2016-12-14,0.6686725229,1
2016-11-16,train,1,2016-12-15,0.6449512431,1
2016-11-17,train,1,2016-12-16,0.6541844623,1
2016-11-18,train,1,2016-12-19,0.6251760748,1
2016-11-21,train,1,2016-12-20,0.6456868344,1
2016-11-22,train,1,2016-12-21,0.6436350881,1
2016-11-23,train,1,2016-12-22,0.6497861801,1
2016-11-25,train,1,2016-12-23,0.6517541767,1
2016-11-28,train,1,2016-12-27,0.62726847,1
2016-11-29,train,1,2016-12-28,0.6091354571,1
2016-11-30,train,1,2016-12-29,0.6163436716,1
2016-12-01,train,1,2016-12-30,0.625436254,1
2016-12-02,train,1,2017-01-03,0.6208681058,1
2016-12-05,train,1,2017-01-04,0.6561278641,1
2016-12-06,train,1,2017-01-05,0.6443277908,1
2016-12-07,train,1,2017-01-06,0.7027729406,1
2016-12-08,train,1,2017-01-09,0.7269727589,1
2016-12-09,train,1,2017-01-10,0.7351304772,1
2016-12-12,train,1,2017-01-11,0.7446776033,1
2016-12-13,train,1,2017-01-12,0.7492354269,1
2016-12-14,train,1,2017-01-13,0.7109307518,1
2016-12-15,train,1,2017-01-17,0.6506256342,1
2016-12-16,train,1,2017-01-18,0.7081382641,1
2016-12-19,train,1,2017-01-19,0.719271301,1
2016-12-20,train,1,2017-01-20,0.7439210896,1
2016-12-21,train,1,2017-01-23,0.7321266806,1
2016-12-22,train,1,2017-01-24,0.7059036124,1
2016-12-23,train,1,2017-01-25,0.7244809387,1
2016-12-27,train,1,2017-01-26,0.7281482889,1
2016-12-28,train,1,2017-01-27,0.6616638927,1
2016-12-29,train,1,2017-01-30,0.6869897583,1
2016-12-30,train,1,2017-01-31,0.7153432557,1
2017-01-03,train,1,2017-02-01,0.7347875068,1
2017-01-04,train,1,2017-02-02,0.74764116,1
2017-01-05,train,1,2017-02-03,0.7449210463,1
2017-01-06,train,1,2017-02-06,0.7616942679,1
2017-01-09,train,1,2017-02-07,0.7668694517,1
2017-01-10,train,1,2017-02-08,0.7589495047,1
2017-01-11,train,1,2017-02-09,0.752884929,1
2017-01-12,train,1,2017-02-10,0.7364164683,1
2017-01-13,train,1,2017-02-13,0.7405330066,1
2017-01-17,train,1,2017-02-14,0.7287371126,1
2017-01-18,train,1,2017-02-15,0.7114231227,1
2017-01-19,train,1,2017-02-16,0.7177199973,1
2017-01-20,train,1,2017-02-17,0.7104105614,1
2017-01-23,train,1,2017-02-21,0.7354439007,1
2017-01-24,train,1,2017-02-22,0.7120962191,1
2017-01-25,train,1,2017-02-23,0.6901788495,1
2017-01-26,train,1,2017-02-24,0.6819945089,1
2017-01-27,train,1,2017-02-27,0.6511077972,1
2017-01-30,train,1,2017-02-28,0.7267008272,1
2017-01-31,train,1,2017-03-01,0.7002058381,1
2017-02-01,train,1,2017-03-02,0.6917300003,1
2017-02-02,train,1,2017-03-03,0.6963361286,1
2017-02-03,train,1,2017-03-06,0.6928793847,1
2017-02-06,train,1,2017-03-07,0.6729376754,1
2017-02-07,train,1,2017-03-08,0.7334852205,1
2017-02-08,train,1,2017-03-09,0.730640935,1
2017-02-09,train,1,2017-03-10,0.7145458174,1
2017-02-10,train,1,2017-03-13,0.7190250164,1
2017-02-13,train,1,2017-03-14,0.7016891732,1
2017-02-14,train,1,2017-03-15,0.6124934898,1
2017-02-15,train,1,2017-03-16,0.5921974864,1
2017-02-16,train,1,2017-03-17,0.5919102841,1
2017-02-17,train,1,2017-03-20,0.6355362067,1
2017-02-21,train,0,2017-03-21,0.5829838821,1
2017-02-22,train,0,2017-03-22,0.5830366986,1
2017-02-23,train,0,2017-03-23,0.6040382826,1
2017-02-24,train,0,2017-03-24,0.5573260934,1
2017-02-27,train,0,2017-03-27,0.551700075,1
2017-02-28,train,0,2017-03-28,0.5659784233,1
2017-03-01,train,0,2017-03-29,0.3007853237,0
2017-03-02,train,0,2017-03-30,0.5700664249,1
2017-03-03,train,0,2017-03-31,0.5433235286,1
2017-03-06,train,0,2017-04-03,0.6075144988,1
2017-03-07,train,0,2017-04-04,0.6197545873,1
2017-03-08,train,0,2017-04-05,0.6300702162,1
2017-03-09,train,0,2017-04-06,0.6661696152,1
2017-03-10,train,0,2017-04-07,0.6498691783,1
2017-03-13,train,0,2017-04-10,0.6428912289,1
2017-03-14,train,0,2017-04-11,0.6676493969,1
2017-03-15,train,0,2017-04-12,0.6817379779,1
2017-03-16,train,0,2017-04-13,0.6781398997,1
2017-03-17,train,0,2017-04-17,0.6794781542,1
2017-03-20,train,0,2017-04-18,0.7003075156,1
2017-03-21,train,0,2017-04-19,0.7531481628,1
2017-03-22,train,1,2017-04-20,0.7594675683,1
2017-03-23,train,1,2017-04-21,0.7654049392,1
2017-03-24,train,1,2017-04-24,0.767999024,1
2017-03-27,train,1,2017-04-25,0.7682428658,1
2017-03-28,train,1,2017-04-26,0.7589558613,1
2017-03-29,train,1,2017-04-27,0.7459732196,1
2017-03-30,train,1,2017-04-28,0.7259304195,1
2017-03-31,train,1,2017-05-01,0.7522733848,1
2017-04-03,train,1,2017-05-02,0.760215295,1
2017-04-04,train,1,2017-05-03,0.7591840719,1
2017-04-05,train,1,2017-05-04,0.7546733917,1
2017-04-06,train,1,2017-05-05,0.7531702969,1
2017-04-07,train,1,2017-05-08,0.7573378616,1
2017-04-10,train,1,2017-05-09,0.7566728437,1
2017-04-11,train,1,2017-05-10,0.7429717786,1
2017-04-12,train,1,2017-05-11,0.7476607002,1
2017-04-13,train,1,2017-05-12,0.7546471793,1
2017-04-17,train,1,2017-05-15,0.7686258706,1
2017-04-18,train,1,2017-05-16,0.7609466667,1
2017-04-19,train,1,2017-05-17,0.7437130271,1
2017-04-20,train,1,2017-05-18,0.7294769667,1
2017-04-21,train,1,2017-05-19,0.7565448658,1
2017-04-24,train,1,2017-05-22,0.7122707098,1
2017-04-25,train,1,2017-05-23,0.740516091,1
2017-04-26,train,1,2017-05-24,0.7348445706,1
2017-04-27,train,1,2017-05-25,0.7296612201,1
2017-04-28,train,1,2017-05-26,0.7423960289,1
2017-05-01,train,1,2017-05-30,0.7273343808,1
2017-05-02,train,1,2017-05-31,0.7349930694,1
2017-05-03,train,1,2017-06-01,0.7326324829,1
2017-05-04,train,1,2017-06-02,0.7482746153,1
2017-05-05,train,1,2017-06-05,0.7364466645,1
2017-05-08,train,1,2017-06-06,0.7554296142,1
2017-05-09,train,1,2017-06-07,0.74585518,1
2017-05-10,train,1,2017-06-08,0.7456772605,1
2017-05-11,train,1,2017-06-09,0.7418639912,1
2017-05-12,train,1,2017-06-12,0.7289984536,1
2017-05-15,train,1,2017-06-13,0.7402226133,1
2017-05-16,train,1,2017-06-14,0.7314436057,1
2017-05-17,train,1,2017-06-15,0.869438785,1
2017-05-18,train,1,2017-06-16,0.830015219,1
2017-05-19,train,1,2017-06-19,0.7712796342,1
2017-05-22,train,1,2017-06-20,0.7512926269,1
2017-05-23,train,1,2017-06-21,0.7490724776,1
2017-05-24,train,1,2017-06-22,0.7528986175,1
2017-05-25,train,1,2017-06-23,0.7731283447,1
2017-05-26,train,1,2017-06-26,0.7613806829,1
2017-05-30,train,1,2017-06-27,0.7508742288,1
2017-05-31,train,1,2017-06-28,0.7449879416,1
2017-06-01,train,0,2017-06-29,0.7117762769,1
2017-06-02,train,0,2017-06-30,0.7161160494,1
2017-06-05,train,0,2017-07-03,0.7104672772,1
2017-06-06,train,1,2017-07-05,0.749882886,1
2017-06-07,train,0,2017-07-06,0.7337244668,1
2017-06-08,train,0,2017-07-07,0.7064840445,1
2017-06-09,train,1,2017-07-10,0.7314925615,1
2017-06-12,train,0,2017-07-11,0.726793393,1
2017-06-13,train,1,2017-07-12,0.7393070299,1
2017-06-14,train,1,2017-07-13,0.7418611383,1
2017-06-15,train,1,2017-07-14,0.7251448259,1
2017-06-16,train,1,2017-07-17,0.7198020855,1
2017-06-19,train,1,2017-07-18,0.7261976969,1
2017-06-20,train,1,2017-07-19,0.7297325842,1
2017-06-21,train,1,2017-07-20,0.7227357001,1
2017-06-22,train,1,2017-07-21,0.7261684296,1
2017-06-23,train,1,2017-07-24,0.6975191374,1
2017-06-26,train,1,2017-07-25,0.7803298513,1
2017-06-27,train,1,2017-07-26,0.8229944249,1
2017-06-28,train,1,2017-07-27,0.8303477684,1
2017-06-29,train,1,2017-07-28,0.7901376983,1
2017-06-30,train,1,2017-07-31,0.7638211405,1
2017-07-03,train,1,2017-08-01,0.7588330825,1
2017-07-05,train,1,2017-08-02,0.7625038189,1
2017-07-06,train,1,2017-08-03,0.768987387,1
2017-07-07,train,1,2017-08-04,0.7546535781,1
2017-07-10,train,1,2017-08-07,0.7252475786,1
2017-07-11,train,1,2017-08-08,0.7324018333,1
2017-07-12,train,1,2017-08-09,0.7268385986,1
2017-07-13,train,0,2017-08-10,0.720501832,1
2017-07-14,train,0,2017-08-11,0.7227475786,1
2017-07-17,train,1,2017-08-14,0.7251740809,1
2017-07-18,train,1,2017-08-15,0.7366134729,1
2017-07-19,train,0,2017-08-16,0.7250159594,1
2017-07-20,train,0,2017-08-17,0.7054404531,1
2017-07-21,train,0,2017-08-18,0.7062640834,1
2017-07-24,train,0,2017-08-21,0.7044698638,1
2017-07-25,train,0,2017-08-22,0.7150279876,1
2017-07-26,train,0,2017-08-23,0.7096289187,1
2017-07-27,train,0,2017-08-24,0.6912160644,1
2017-07-28,train,0,2017-08-25,0.6554230018,1
2017-07-31,train,0,2017-08-28,0.6605709848,1
2017-08-01,train,0,2017-08-29,0.6548096681,1
2017-08-02,train,0,2017-08-30,0.6835669269,1
2017-08-03,train,1,2017-08-31,0.6862935061,1
2017-08-04,train,1,2017-09-01,0.685678239,1
2017-08-07,train,0,2017-09-05,0.6686203894,1
2017-08-08,train,0,2017-09-06,0.6693062354,1
2017-08-09,train,0,2017-09-07,0.663226906,1
2017-08-10,train,1,2017-09-08,0.746281513,1
2017-08-11,train,1,2017-09-11,0.7224574365,1
2017-08-14,train,1,2017-09-12,0.7359110114,1
2017-08-15,train,1,2017-09-13,0.7198509913,1
2017-08-16,train,1,2017-09-14,0.7232814437,1
2017-08-17,train,1,2017-09-15,0.8075745091,1
2017-08-18,train,1,2017-09-18,0.8233886204,1
2017-08-21,train,1,2017-09-19,0.8486212002,1
2017-08-22,train,1,2017-09-20,0.7143064935,1
2017-08-23,train,1,2017-09-21,0.7483625968,1
2017-08-24,train,1,2017-09-22,0.7575462458,1
2017-08-25,train,1,2017-09-25,0.807294116,1
2017-08-28,train,1,2017-09-26,0.8211982766,1
2017-08-29,train,1,2017-09-27,0.8124509402,1
2017-08-30,train,1,2017-09-28,0.7261503163,1
2017-08-31,train,1,2017-09-29,0.734579101,1
2017-09-01,train,1,2017-10-02,0.7359854783,1
2017-09-05,train,1,2017-10-03,0.7565805247,1
2017-09-06,train,1,2017-10-04,0.716158708,1
2017-09-07,train,1,2017-10-05,0.7619916998,1
2017-09-08,train,1,2017-10-06,0.7457313626,1
2017-09-11,train,1,2017-10-09,0.7721385716,1
2017-09-12,train,1,2017-10-10,0.7653690391,1
2017-09-13,train,1,2017-10-11,0.7985304566,1
2017-09-14,train,1,2017-10-12,0.7997030905,1
2017-09-15,train,1,2017-10-13,0.777761693,1
2017-09-18,train,1,2017-10-16,0.7885986617,1
2017-09-19,train,1,2017-10-17,0.7968259812,1
2017-09-20,train,1,2017-10-18,0.7957222596,1
2017-09-21,train,1,2017-10-19,0.7460765094,1
2017-09-22,train,1,2017-10-20,0.7334360536,1
2017-09-25,train,1,2017-10-23,0.7392421235,1
2017-09-26,train,1,2017-10-24,0.7682657792,1
2017-09-27,train,1,2017-10-25,0.7608886647,1
2017-09-28,train,1,2017-10-26,0.7460574787,1
2017-09-29,train,1,2017-10-27,0.8337765845,1
2017-10-02,train,1,2017-10-30,0.8043869491,1
2017-10-03,train,1,2017-10-31,0.8460026394,1
2017-10-04,train,1,2017-11-01,0.8386954684,1
2017-10-05,train,1,2017-11-02,0.83791206,1
2017-10-06,train,1,2017-11-03,0.8365984245,1
2017-10-09,train,1,2017-11-06,0.8362889223,1
2017-10-10,train,1,2017-11-07,0.8441427116,1
2017-10-11,train,1,2017-11-08,0.8421467962,1
2017-10-12,train,1,2017-11-09,0.8364225327,1
2017-10-13,train,1,2017-11-10,0.8423642305,1
2017-10-16,train,1,2017-11-13,0.845379271,1
2017-10-17,train,1,2017-11-14,0.8442196271,1
2017-10-18,train,1,2017-11-15,0.8404324223,1
2017-10-19,train,1,2017-11-16,0.8428836403,1
2017-10-20,train,1,2017-11-17,0.8420973312,1
2017-10-23,train,1,2017-11-20,0.8376583352,1
2017-10-24,train,1,2017-11-21,0.836004799,1
2017-10-25,train,1,2017-11-22,0.8327437322,1
2017-10-26,train,1,2017-11-24,0.8447089668,1
2017-10-27,train,1,2017-11-27,0.7817884029,1
2017-10-30,train,1,2017-11-28,0.8081664952,1
2017-10-31,train,1,2017-11-29,0.8165152589,1
2017-11-01,train,1,2017-11-30,0.8133498822,1
2017-11-02,train,1,2017-12-01,0.8124857969,1
2017-11-03,train,1,2017-12-04,0.8014721091,1
2017-11-06,train,1,2017-12-05,0.7923524161,1
2017-11-07,train,1,2017-12-06,0.8090844722,1
2017-11-08,train,1,2017-12-07,0.8226629055,1
2017-11-09,train,1,2017-12-08,0.8366734006,1
2017-11-10,train,1,2017-12-11,0.8463575542,1
2017-11-13,train,1,2017-12-12,0.820845097,1
2017-11-14,train,1,2017-12-13,0.8355132798,1
2017-11-15,train,1,2017-12-14,0.835921661,1
2017-11-16,train,1,2017-12-15,0.8433022575,1
2017-11-17,train,1,2017-12-18,0.8402775655,1
2017-11-20,train,1,2017-12-19,0.8459265582,1
2017-11-21,train,1,2017-12-20,0.8464159277,1
2017-11-22,train,1,2017-12-21,0.854535383,1
2017-11-24,train,1,2017-12-22,0.855512707,1
2017-11-27,train,1,2017-12-26,0.8447897671,1
2017-11-28,train,1,2017-12-27,0.8364254248,1
2017-11-29,train,1,2017-12-28,0.8217564555,1
2017-11-30,train,1,2017-12-29,0.774170449,1
2017-12-01,train,1,2018-01-02,0.7947835884,1
2017-12-04,train,1,2018-01-03,0.7938906508,1
2017-12-05,train,1,2018-01-04,0.8385542853,1
2017-12-06,train,1,2018-01-05,0.8371177859,1
2017-12-07,train,1,2018-01-08,0.8369340804,1
2017-12-08,train,1,2018-01-09,0.8330997213,1
2017-12-11,train,1,2018-01-10,0.8281395114,1
2017-12-12,train,1,2018-01-11,0.8220460672,1
2017-12-13,train,1,2018-01-12,0.8285492498,1
2017-12-14,train,1,2018-01-16,0.8318947403,1
2017-12-15,train,1,2018-01-17,0.7876353979,1
2017-12-18,train,1,2018-01-18,0.7161891552,1
2017-12-19,train,1,2018-01-19,0.7535193904,1
2017-12-20,train,1,2018-01-22,0.7605417616,1
2017-12-21,train,1,2018-01-23,0.7775713299,1
2017-12-22,train,1,2018-01-24,0.8030772532,1
2017-12-26,train,1,2018-01-25,0.7710676198,1
2017-12-27,train,1,2018-01-26,0.8120286568,1
2017-12-28,train,1,2018-01-29,0.8088094539,1
2017-12-29,train,1,2018-01-30,0.8066277769,1
2018-01-02,train,1,2018-01-31,0.8162519033,1
2018-01-03,train,1,2018-02-01,0.817586267,1
2018-01-04,train,1,2018-02-02,0.7256374507,1
2018-01-05,train,0,2018-02-05,0.2734175022,0
2018-01-08,train,0,2018-02-06,0.3056091647,0
2018-01-09,train,0,2018-02-07,0.267298514,0
2018-01-10,train,0,2018-02-08,0.3113904974,0
2018-01-11,train,0,2018-02-09,0.2161637461,0
2018-01-12,train,0,2018-02-12,0.1398792811,0
2018-01-16,train,0,2018-02-13,0.1534842032,0
2018-01-17,train,0,2018-02-14,0.1359641079,0
2018-01-18,train,0,2018-02-15,0.1499976625,0
2018-01-19,train,0,2018-02-16,0.1304450396,0
2018-01-22,train,0,2018-02-20,0.1217367942,0
2018-01-23,train,0,2018-02-21,0.1201691666,0
2018-01-24,train,0,2018-02-22,0.1297138666,0
2018-01-25,train,0,2018-02-23,0.1423072217,0
2018-01-26,train,0,2018-02-26,0.1318097394,0
2018-01-29,train,0,2018-02-27,0.1113570939,0
2018-01-30,train,0,2018-02-28,0.1364931028,0
2018-01-31,train,0,2018-03-01,0.128383302,0
2018-02-01,train,0,2018-03-02,0.1501590491,0
2018-02-02,train,0,2018-03-05,0.6177377331,1
2018-02-05,train,1,2018-03-06,0.7573602321,1
2018-02-06,train,1,2018-03-07,0.7105307241,1
2018-02-07,train,1,2018-03-08,0.7351709302,1
2018-02-08,train,1,2018-03-09,0.7325395507,1
2018-02-09,train,1,2018-03-12,0.6920082306,1
2018-02-12,train,1,2018-03-13,0.6762793521,1
2018-02-13,train,1,2018-03-14,0.6678814957,1
2018-02-14,train,1,2018-03-15,0.6508599707,1
2018-02-15,train,1,2018-03-16,0.5985496355,1
2018-02-16,train,0,2018-03-19,0.5911235608,1
2018-02-20,train,1,2018-03-20,0.6360806221,1
2018-02-21,train,1,2018-03-21,0.6514975302,1
2018-02-22,train,0,2018-03-22,0.6410241301,1
2018-02-23,train,0,2018-03-23,0.5695066076,1
2018-02-26,train,0,2018-03-26,0.5809425042,1
2018-02-27,train,0,2018-03-27,0.6010890128,1
2018-02-28,train,0,2018-03-28,0.6391448632,1
2018-03-01,train,0,2018-03-29,0.6596203134,1
2018-03-02,train,0,2018-04-02,0.6413489705,1
2018-03-05,train,0,2018-04-03,0.6194582578,1
2018-03-06,train,0,2018-04-04,0.6364804029,1
2018-03-07,train,0,2018-04-05,0.6360115959,1
2018-03-08,train,0,2018-04-06,0.6252320437,1
2018-03-09,train,0,2018-04-09,0.5836585363,1
2018-03-12,train,0,2018-04-10,0.5982214517,1
2018-03-13,train,0,2018-04-11,0.6142408238,1
2018-03-14,train,0,2018-04-12,0.6418192072,1
2018-03-15,train,0,2018-04-13,0.6351316565,1
2018-03-16,train,0,2018-04-16,0.6421622702,1
2018-03-19,train,0,2018-04-17,0.6671907992,1
2018-03-20,train,0,2018-04-18,0.6731227217,1
2018-03-21,train,0,2018-04-19,0.6895926698,1
2018-03-22,train,1,2018-04-20,0.7854947669,1
2018-03-23,train,1,2018-04-23,0.8215065763,1
2018-03-26,train,0,2018-04-24,0.7417413399,1
2018-03-27,train,1,2018-04-25,0.8020162071,1
2018-03-28,train,1,2018-04-26,0.7981723276,1
2018-03-29,train,1,2018-04-27,0.812826507,1
2018-04-02,train,1,2018-04-30,0.8532365009,1
2018-04-03,train,1,2018-05-01,0.8625505076,1
2018-04-04,train,0,2018-05-02,0.7950987107,1
2018-04-05,train,0,2018-05-03,0.7787719277,1
2018-04-06,train,1,2018-05-04,0.8840184689,1
2018-04-09,train,1,2018-05-07,0.8903884781,1
2018-04-10,train,1,2018-05-08,0.8653368629,1
2018-04-11,train,1,2018-05-09,0.8952076847,1
2018-04-12,train,1,2018-05-10,0.8742755806,1
2018-04-13,train,1,2018-05-11,0.8907510146,1
2018-04-16,train,1,2018-05-14,0.8723485876,1
2018-04-17,train,1,2018-05-15,0.8348180793,1
2018-04-18,train,1,2018-05-16,0.8797975748,1
2018-04-19,train,1,2018-05-17,0.8883816124,1
2018-04-20,train,1,2018-05-18,0.8878554793,1
2018-04-23,train,1,2018-05-21,0.8953587022,1
2018-04-24,train,1,2018-05-22,0.9051634982,1
2018-04-25,train,1,2018-05-23,0.909588291,1
2018-04-26,train,1,2018-05-24,0.915758903,1
2018-04-27,train,1,2018-05-25,0.9212452364,1
2018-04-30,train,1,2018-05-29,0.9192018889,1
2018-05-01,train,1,2018-05-30,0.9112748219,1
2018-05-02,train,1,2018-05-31,0.8113676157,1
2018-05-03,train,1,2018-06-01,0.855005643,1
2018-05-04,train,1,2018-06-04,0.8022622537,1
2018-05-07,train,1,2018-06-05,0.7297716491,1
2018-05-08,train,1,2018-06-06,0.7518453447,1
2018-05-09,train,1,2018-06-07,0.7325765922,1
2018-05-10,train,1,2018-06-08,0.730826331,1
2018-05-11,train,1,2018-06-11,0.7203765512,1
2018-05-14,train,1,2018-06-12,0.7380823879,1
2018-05-15,train,1,2018-06-13,0.7493498958,1
2018-05-16,train,1,2018-06-14,0.7611940714,1
2018-05-17,train,1,2018-06-15,0.7314593201,1
2018-05-18,train,1,2018-06-18,0.7358739588,1
2018-05-21,train,1,2018-06-19,0.7520965188,1
2018-05-22,train,1,2018-06-20,0.6929204139,1
2018-05-23,train,1,2018-06-21,0.6069613197,1
2018-05-24,train,1,2018-06-22,0.5905360912,1
2018-05-25,train,1,2018-06-25,0.5724536977,1
2018-05-29,train,1,2018-06-26,0.7575352354,1
2018-05-30,train,0,2018-06-27,0.6053513561,1
2018-05-31,train,1,2018-06-28,0.7461926311,1
2018-06-01,train,0,2018-06-29,0.5752810321,1
2018-06-04,train,0,2018-07-02,0.5683009853,1
2018-06-05,train,0,2018-07-03,0.6585213042,1
2018-06-06,train,0,2018-07-05,0.5948445508,1
2018-06-07,train,0,2018-07-06,0.5869377728,1
2018-06-08,train,1,2018-07-09,0.6031140767,1
2018-06-11,train,1,2018-07-10,0.6817110858,1
2018-06-12,train,0,2018-07-11,0.6486868313,1
2018-06-13,train,1,2018-07-12,0.674646832,1
2018-06-14,train,1,2018-07-13,0.6200913709,1
2018-06-15,train,1,2018-07-16,0.674553594,1
2018-06-18,train,1,2018-07-17,0.6928603063,1
2018-06-19,train,1,2018-07-18,0.7231839419,1
2018-06-20,train,1,2018-07-19,0.7511715192,1
2018-06-21,train,1,2018-07-20,0.7685655464,1
2018-06-22,train,1,2018-07-23,0.7747072862,1
2018-06-25,train,1,2018-07-24,0.7762155887,1
2018-06-26,train,1,2018-07-25,0.7906009378,1
2018-06-27,train,1,2018-07-26,0.7473700608,1
2018-06-28,train,1,2018-07-27,0.7748262355,1
2018-06-29,train,1,2018-07-30,0.7766925951,1
2018-07-02,train,1,2018-07-31,0.8121398103,1
2018-07-03,train,1,2018-08-01,0.8017860915,1
2018-07-05,train,1,2018-08-02,0.8106828515,1
2018-07-06,train,1,2018-08-03,0.8170287818,1
2018-07-09,train,1,2018-08-06,0.7975917196,1
2018-07-10,train,1,2018-08-07,0.7979928667,1
2018-07-11,train,1,2018-08-08,0.8104094029,1
2018-07-12,train,1,2018-08-09,0.7869517117,1
2018-07-13,train,1,2018-08-10,0.7767344815,1
2018-07-16,train,1,2018-08-13,0.7685087484,1
2018-07-17,train,1,2018-08-14,0.7602089326,1
2018-07-18,train,1,2018-08-15,0.7632500716,1
2018-07-19,train,1,2018-08-16,0.7541998343,1
2018-07-20,train,1,2018-08-17,0.75764914,1
2018-07-23,train,1,2018-08-20,0.7623439051,1
2018-07-24,train,1,2018-08-21,0.750279348,1
2018-07-25,train,1,2018-08-22,0.7256198737,1
2018-07-26,train,1,2018-08-23,0.7421856972,1
2018-07-27,train,1,2018-08-24,0.73740989,1
2018-07-30,train,1,2018-08-27,0.757476625,1
2018-07-31,train,1,2018-08-28,0.7525988775,1
2018-08-01,train,1,2018-08-29,0.7323622015,1
2018-08-02,train,1,2018-08-30,0.7437483182,1
2018-08-03,train,1,2018-08-31,0.7484721673,1
2018-08-06,train,1,2018-09-04,0.7658538405,1
2018-08-07,train,1,2018-09-05,0.7735170886,1
2018-08-08,train,1,2018-09-06,0.7655048217,1
2018-08-09,train,1,2018-09-07,0.7192929802,1
2018-08-10,train,1,2018-09-10,0.7372765677,1
2018-08-13,train,1,2018-09-11,0.7535286273,1
2018-08-14,train,1,2018-09-12,0.7503458971,1
2018-08-15,train,1,2018-09-13,0.7494523654,1
2018-08-16,train,1,2018-09-14,0.7451435756,1
2018-08-17,train,1,2018-09-17,0.7520208655,1
2018-08-20,train,1,2018-09-18,0.760142164,1
2018-08-21,train,1,2018-09-19,0.7495429645,1
2018-08-22,train,1,2018-09-20,0.7534208406,1
2018-08-23,train,1,2018-09-21,0.7561414269,1
2018-08-24,train,1,2018-09-24,0.7559243323,1
2018-08-27,train,1,2018-09-25,0.7534470287,1
2018-08-28,train,1,2018-09-26,0.7464453416,1
2018-08-29,train,1,2018-09-27,0.753065293,1
2018-08-30,train,1,2018-09-28,0.75766615,1
2018-08-31,train,1,2018-10-01,0.7442756136,1
2018-09-04,train,1,2018-10-02,0.7449770123,1
2018-09-05,train,1,2018-10-03,0.7432344566,1
2018-09-06,train,1,2018-10-04,0.7389271397,1
2018-09-07,train,1,2018-10-05,0.7498301119,1
2018-09-10,train,1,2018-10-08,0.7385795236,1
2018-09-11,train,0,2018-10-09,0.7223235318,1
2018-09-12,train,0,2018-10-10,0.6630910773,1
2018-09-13,train,0,2018-10-11,0.6234902636,1
2018-09-14,train,0,2018-10-12,0.6176549963,1
2018-09-17,train,0,2018-10-15,0.6236805157,1
2018-09-18,train,0,2018-10-16,0.6159762943,1
2018-09-19,train,0,2018-10-17,0.6195345446,1
2018-09-20,train,0,2018-10-18,0.5779682412,1
2018-09-21,train,0,2018-10-19,0.5462400259,1
2018-09-24,train,0,2018-10-22,0.599558013,1
2018-09-25,train,0,2018-10-23,0.6175820428,1
2018-09-26,train,0,2018-10-24,0.6187393755,1
2018-09-27,train,0,2018-10-25,0.5750641283,1
2018-09-28,train,0,2018-10-26,0.6135393092,1
2018-10-01,train,0,2018-10-29,0.6217450352,1
2018-10-02,train,0,2018-10-30,0.6172277707,1
2018-10-03,train,0,2018-10-31,0.609550389,1
2018-10-04,train,0,2018-11-01,0.6422370423,1
2018-10-05,train,0,2018-11-02,0.6857347161,1
2018-10-08,train,0,2018-11-05,0.6740354403,1
2018-10-09,train,0,2018-11-06,0.6636990167,1
2018-10-10,train,1,2018-11-07,0.6536560843,1
2018-10-11,train,1,2018-11-08,0.6336903466,1
2018-10-12,train,1,2018-11-09,0.6275126784,1
2018-10-15,train,0,2018-11-12,0.5948926544,1
2018-10-16,train,0,2018-11-13,0.6283757607,1
2018-10-17,train,0,2018-11-14,0.6263459652,1
2018-10-18,train,0,2018-11-15,0.6174870126,1
2018-10-19,train,0,2018-11-16,0.6076136555,1
2018-10-22,train,0,2018-11-19,0.6115169896,1
2018-10-23,train,0,2018-11-20,0.6041983761,1
2018-10-24,train,0,2018-11-21,0.6030600696,1
2018-10-25,train,0,2018-11-23,0.6289144789,1
2018-10-26,train,1,2018-11-26,0.6036676087,1
2018-10-29,train,1,2018-11-27,0.6097701555,1
2018-10-30,train,1,2018-11-28,0.5391989328,1
2018-10-31,train,1,2018-11-29,0.5459417271,1
2018-11-01,train,1,2018-11-30,0.6210966656,1
2018-11-02,train,1,2018-12-03,0.5777565333,1
2018-11-05,train,0,2018-12-04,0.5464148637,1
2018-11-06,train,0,2018-12-06,0.5582672112,1
2018-11-07,train,0,2018-12-07,0.6201180912,1
2018-11-08,train,0,2018-12-10,0.6200851002,1
2018-11-09,train,0,2018-12-11,0.6039603727,1
2018-11-12,train,0,2018-12-12,0.468625065,0
2018-11-13,train,0,2018-12-13,0.4853268923,0
2018-11-14,train,0,2018-12-14,0.4707855977,0
2018-11-15,train,0,2018-12-17,0.5663265126,1
2018-11-16,train,0,2018-12-18,0.5170173453,1
2018-11-19,train,0,2018-12-19,0.477176013,0
2018-11-20,train,0,2018-12-20,0.5151701206,1
2018-11-21,train,0,2018-12-21,0.5060598062,1
2018-11-23,train,0,2018-12-24,0.534904884,1
2018-11-26,train,0,2018-12-26,0.511473071,1
2018-11-27,train,0,2018-12-27,0.5234411074,1
2018-11-28,train,0,2018-12-28,0.515953194,1
2018-11-29,train,0,2018-12-31,0.5321017394,1
2018-11-30,train,0,2019-01-02,0.5417228548,1
2018-12-03,train,0,2019-01-03,0.6189911702,1
2018-12-04,train,0,2019-01-04,0.5374185338,1
2018-12-06,train,0,2019-01-07,0.5165755022,1
2018-12-07,train,0,2019-01-08,0.6153956814,1
2018-12-10,train,0,2019-01-09,0.5765032098,1
2018-12-11,train,0,2019-01-10,0.5812412798,1
2018-12-12,train,0,2019-01-11,0.5603788072,1
2018-12-13,train,0,2019-01-14,0.6109293216,1
2018-12-14,train,1,2019-01-15,0.8192030886,1
2018-12-17,train,1,2019-01-16,0.8564044717,1
2018-12-18,train,1,2019-01-17,0.8850481263,1
2018-12-19,train,1,2019-01-18,0.8999599219,1
2018-12-20,train,1,2019-01-22,0.9023417025,1
2018-12-21,train,1,2019-01-23,0.9604326416,1
2018-12-24,train,1,2019-01-24,0.9533594458,1
2018-12-26,train,1,2019-01-25,0.9593027663,1
2018-12-27,train,1,2019-01-28,0.9775072498,1
2018-12-28,train,1,2019-01-29,0.9808019998,1
2018-12-31,train,1,2019-01-30,0.9800266677,1
2019-01-02,train,1,2019-01-31,0.9742602867,1
2019-01-03,train,1,2019-02-01,0.967205287,1
2019-01-04,train,1,2019-02-04,0.9635856993,1
2019-01-07,train,1,2019-02-05,0.9684495772,1
2019-01-08,train,1,2019-02-06,0.9654893271,1
2019-01-09,train,1,2019-02-07,0.9541069716,1
2019-01-10,train,1,2019-02-08,0.946673593,1
2019-01-11,train,1,2019-02-11,0.9547334852,1
2019-01-14,train,1,2019-02-12,0.96575257,1
2019-01-15,train,1,2019-02-13,0.9490024146,1
2019-01-16,train,1,2019-02-14,0.938153918,1
2019-01-17,train,1,2019-02-15,0.9413624824,1
2019-01-18,train,1,2019-02-19,0.9126003615,1
2019-01-22,train,1,2019-02-20,0.9285713929,1
2019-01-23,train,1,2019-02-21,0.9233710814,1
2019-01-24,train,1,2019-02-22,0.9316005107,1
2019-01-25,train,1,2019-02-25,0.8890254694,1
2019-01-28,train,1,2019-02-26,0.9069385955,1
2019-01-29,train,1,2019-02-27,0.9353163025,1
2019-01-30,train,1,2019-02-28,0.9288841858,1
2019-01-31,train,1,2019-03-01,0.9294505238,1
2019-02-01,train,1,2019-03-04,0.9411671297,1
2019-02-04,train,1,2019-03-05,0.9291344154,1
2019-02-05,train,1,2019-03-06,0.9248528354,1
2019-02-06,train,1,2019-03-07,0.9019204205,1
2019-02-07,train,1,2019-03-08,0.9176061673,1
2019-02-08,train,1,2019-03-11,0.9184848386,1
2019-02-11,train,1,2019-03-12,0.8644602899,1
2019-02-12,train,1,2019-03-13,0.8363350134,1
2019-02-13,train,1,2019-03-14,0.8461126163,1
2019-02-14,train,1,2019-03-15,0.905347513,1
2019-02-15,train,1,2019-03-18,0.8776923783,1
2019-02-19,train,1,2019-03-19,0.8323830203,1
2019-02-20,train,1,2019-03-20,0.8616552592,1
2019-02-21,train,1,2019-03-21,0.8542276137,1
2019-02-22,train,1,2019-03-22,0.83870344,1
2019-02-25,train,1,2019-03-25,0.8412814485,1
2019-02-26,train,1,2019-03-26,0.8697795972,1
2019-02-27,train,1,2019-03-27,0.900073687,1
2019-02-28,train,1,2019-03-28,0.8857882421,1
2019-03-01,train,1,2019-03-29,0.8525285063,1
2019-03-04,train,1,2019-04-01,0.8893613217,1
2019-03-05,train,1,2019-04-02,0.835687403,1
2019-03-06,train,1,2019-04-03,0.8374150727,1
2019-03-07,train,1,2019-04-04,0.7993106471,1
2019-03-08,train,1,2019-04-05,0.7496841828,1
2019-03-11,train,1,2019-04-08,0.7636508093,1
2019-03-12,train,1,2019-04-09,0.8141598101,1
2019-03-13,train,1,2019-04-10,0.8458733173,1
2019-03-14,train,1,2019-04-11,0.8189160769,1
2019-03-15,train,1,2019-04-12,0.8110521944,1
2019-03-18,train,1,2019-04-15,0.8038316952,1
2019-03-19,train,1,2019-04-16,0.8037381175,1
2019-03-20,train,1,2019-04-17,0.7948195335,1
2019-03-21,train,1,2019-04-18,0.7202196985,1
2019-03-22,train,1,2019-04-22,0.7328280903,1
2019-03-25,train,1,2019-04-23,0.7332727366,1
2019-03-26,train,1,2019-04-24,0.7398071936,1
2019-03-27,train,1,2019-04-25,0.7349354386,1
2019-03-28,train,1,2019-04-26,0.7237955498,1
2019-03-29,train,1,2019-04-29,0.7465875574,1
2019-04-01,train,1,2019-04-30,0.615397495,1
2019-04-02,train,1,2019-05-01,0.6261133334,1
2019-04-03,train,1,2019-05-02,0.6281704392,1
2019-04-04,train,1,2019-05-03,0.5483875921,1
2019-04-05,train,1,2019-05-06,0.4081340252,0
2019-04-08,train,0,2019-05-07,0.3744506097,0
2019-04-09,train,1,2019-05-08,0.4019389791,0
2019-04-10,train,0,2019-05-09,0.4383755065,0
2019-04-11,train,0,2019-05-10,0.4304201955,0
2019-04-12,train,0,2019-05-13,0.372127606,0
2019-04-15,train,0,2019-05-14,0.3532554603,0
2019-04-16,train,0,2019-05-15,0.3688864372,0
2019-04-17,train,0,2019-05-16,0.3598174401,0
2019-04-18,train,0,2019-05-17,0.3512747352,0
2019-04-22,train,0,2019-05-20,0.3587024278,0
2019-04-23,train,0,2019-05-21,0.3725063726,0
2019-04-24,train,0,2019-05-22,0.3702386866,0
2019-04-25,train,0,2019-05-23,0.3591991368,0
2019-04-26,train,0,2019-05-24,0.3498492649,0
2019-04-29,train,0,2019-05-28,0.3516834389,0
2019-04-30,train,0,2019-05-29,0.3323460693,0
2019-05-01,train,0,2019-05-30,0.3770242072,0
2019-05-02,train,0,2019-05-31,0.3862692363,0
2019-05-03,train,0,2019-06-03,0.3941028213,0
2019-05-06,train,0,2019-06-04,0.3873346343,0
2019-05-07,train,0,2019-06-05,0.4937409049,0
2019-05-08,train,0,2019-06-06,0.5156846164,1
2019-05-09,train,1,2019-06-07,0.5618353793,1
2019-05-10,train,1,2019-06-10,0.5570891187,1
2019-05-13,train,1,2019-06-11,0.7308064953,1
2019-05-14,train,1,2019-06-12,0.7513756041,1
2019-05-15,train,1,2019-06-13,0.7458586919,1
2019-05-16,train,1,2019-06-14,0.7196037767,1
2019-05-17,train,1,2019-06-17,0.7341933636,1
2019-05-20,train,1,2019-06-18,0.7462739774,1
2019-05-21,train,1,2019-06-19,0.7360848868,1
2019-05-22,train,1,2019-06-20,0.731614958,1
2019-05-23,train,1,2019-06-21,0.8204750049,1
2019-05-24,train,1,2019-06-24,0.7885322526,1
2019-05-28,train,1,2019-06-25,0.8469796626,1
2019-05-29,train,1,2019-06-26,0.7874594222,1
2019-05-30,train,1,2019-06-27,0.8358068197,1
2019-05-31,train,1,2019-06-28,0.8060239526,1
2019-06-03,train,1,2019-07-01,0.7901565728,1
2019-06-04,train,1,2019-07-02,0.7766060386,1
2019-06-05,train,1,2019-07-03,0.8169347202,1
2019-06-06,train,1,2019-07-05,0.7896282044,1
2019-06-07,train,1,2019-07-08,0.7795717516,1
2019-06-10,train,1,2019-07-09,0.7359182802,1
2019-06-11,train,1,2019-07-10,0.7409511464,1
2019-06-12,train,1,2019-07-11,0.7777698727,1
2019-06-13,train,1,2019-07-12,0.7435214375,1
2019-06-14,train,1,2019-07-15,0.7293652183,1
2019-06-17,train,1,2019-07-16,0.7554487335,1
2019-06-18,train,1,2019-07-17,0.6684014526,1
2019-06-19,train,1,2019-07-18,0.6670293195,1
2019-06-20,train,1,2019-07-19,0.6630063203,1
2019-06-21,train,1,2019-07-22,0.6622438817,1
2019-06-24,train,1,2019-07-23,0.664930565,1
2019-06-25,train,1,2019-07-24,0.681761255,1
2019-06-26,train,1,2019-07-25,0.7093076862,1
2019-06-27,train,1,2019-07-26,0.6819934646,1
2019-06-28,train,1,2019-07-29,0.6665089768,1
2019-07-01,train,1,2019-07-30,0.6491676682,1
2019-07-02,train,1,2019-07-31,0.6381130876,1
2019-07-03,train,0,2019-08-01,0.5662487404,1
2019-07-05,train,0,2019-08-02,0.5552612313,1
2019-07-08,train,0,2019-08-05,0.5683396549,1
2019-07-09,train,0,2019-08-06,0.5379899079,1
2019-07-10,train,0,2019-08-07,0.5106788199,1
2019-07-11,train,0,2019-08-08,0.504068794,1
2019-07-12,train,0,2019-08-09,0.5072347468,1
2019-07-15,train,0,2019-08-12,0.5174462593,1
2019-07-16,train,0,2019-08-13,0.5063674694,1
2019-07-17,train,0,2019-08-14,0.5241257932,1
2019-07-18,train,0,2019-08-15,0.5391237022,1
2019-07-19,train,0,2019-08-16,0.6127558815,1
2019-07-22,train,0,2019-08-19,0.5764144975,1
2019-07-23,train,0,2019-08-20,0.5425627478,1
2019-07-24,train,0,2019-08-21,0.528753923,1
2019-07-25,train,0,2019-08-22,0.5232106224,1
2019-07-26,train,0,2019-08-23,0.5180529864,1
2019-07-29,train,0,2019-08-26,0.5220515572,1
2019-07-30,train,0,2019-08-27,0.5435363122,1
2019-07-31,train,0,2019-08-28,0.650281582,1
2019-08-01,train,0,2019-08-29,0.7034572514,1
2019-08-02,train,0,2019-08-30,0.7365992491,1
2019-08-05,train,1,2019-09-03,0.8371889829,1
2019-08-06,train,1,2019-09-04,0.8276985863,1
2019-08-07,train,1,2019-09-05,0.7814351112,1
2019-08-08,train,1,2019-09-06,0.7341556531,1
2019-08-09,train,1,2019-09-09,0.7715525762,1
2019-08-12,train,1,2019-09-10,0.8419305705,1
2019-08-13,train,1,2019-09-11,0.7746446349,1
2019-08-14,train,1,2019-09-12,0.7903992607,1
2019-08-15,train,1,2019-09-13,0.7898410618,1
2019-08-16,train,1,2019-09-16,0.7667529009,1
2019-08-19,train,1,2019-09-17,0.7291947515,1
2019-08-20,train,1,2019-09-18,0.7671215174,1
2019-08-21,train,1,2019-09-19,0.6902238655,1
2019-08-22,train,1,2019-09-20,0.6896302443,1
2019-08-23,train,1,2019-09-23,0.7610877331,1
2019-08-26,train,1,2019-09-24,0.6903821752,1
2019-08-27,train,1,2019-09-25,0.6841307568,1
2019-08-28,train,1,2019-09-26,0.7455537897,1
2019-08-29,train,1,2019-09-27,0.7323116208,1
2019-08-30,train,1,2019-09-30,0.7447256858,1
2019-09-03,train,1,2019-10-01,0.7930659649,1
2019-09-04,train,0,2019-10-02,0.7505394319,1
2019-09-05,train,0,2019-10-03,0.6566729555,1
2019-09-06,train,0,2019-10-04,0.6059150128,1
2019-09-09,train,0,2019-10-07,0.5980922515,1
2019-09-10,train,0,2019-10-08,0.614407266,1
2019-09-11,train,0,2019-10-09,0.588194436,1
2019-09-12,train,0,2019-10-10,0.5868277331,1
2019-09-13,train,0,2019-10-11,0.5939507821,1
2019-09-16,train,0,2019-10-14,0.5867082294,1
2019-09-17,train,0,2019-10-15,0.5883402247,1
2019-09-18,train,0,2019-10-16,0.5821008023,1
2019-09-19,train,0,2019-10-17,0.582771336,1
2019-09-20,train,0,2019-10-18,0.5643659089,1
2019-09-23,train,1,2019-10-21,0.6321521789,1
2019-09-24,train,1,2019-10-22,0.7456405681,1
2019-09-25,train,1,2019-10-23,0.6870136353,1
2019-09-26,train,1,2019-10-24,0.7419018373,1
2019-09-27,train,1,2019-10-25,0.8338523119,1
2019-09-30,train,1,2019-10-28,0.8038696341,1
2019-10-01,train,1,2019-10-29,0.8887521174,1
2019-10-02,train,1,2019-10-30,0.8473068194,1
2019-10-03,train,1,2019-10-31,0.841383368,1
2019-10-04,train,1,2019-11-01,0.8804228711,1
2019-10-07,train,1,2019-11-04,0.8747798905,1
2019-10-08,train,1,2019-11-05,0.8264441794,1
2019-10-09,train,1,2019-11-06,0.8554942084,1
2019-10-10,train,1,2019-11-07,0.8755390112,1
2019-10-11,train,1,2019-11-08,0.8243081334,1
2019-10-14,train,1,2019-11-11,0.8310279613,1
2019-10-15,train,1,2019-11-12,0.7263240761,1
2019-10-16,train,1,2019-11-13,0.7909289809,1
2019-10-17,train,1,2019-11-14,0.8010911082,1
2019-10-18,train,1,2019-11-15,0.800640742,1
2019-10-21,train,1,2019-11-18,0.8009251013,1
2019-10-22,train,1,2019-11-19,0.7993650141,1
2019-10-23,train,1,2019-11-20,0.7900484149,1
2019-10-24,train,1,2019-11-21,0.6873519276,1
2019-10-25,train,1,2019-11-22,0.6329107797,1
2019-10-28,train,1,2019-11-25,0.6503319152,1
2019-10-29,train,1,2019-11-26,0.6911416166,1
2019-10-30,train,1,2019-11-27,0.7039902783,1
2019-10-31,train,1,2019-11-29,0.6859608538,1
2019-11-01,train,1,2019-12-02,0.7010387917,1
2019-11-04,train,1,2019-12-03,0.7053938706,1
2019-11-05,train,1,2019-12-04,0.7133379079,1
2019-11-06,train,1,2019-12-05,0.7088241167,1
2019-11-07,train,1,2019-12-06,0.7086469933,1
2019-11-08,train,1,2019-12-09,0.6893919055,1
2019-11-11,train,1,2019-12-10,0.6849368595,1
2019-11-12,train,1,2019-12-11,0.6823740579,1
2019-11-13,train,1,2019-12-12,0.6939023796,1
2019-11-14,train,1,2019-12-13,0.6933297355,1
2019-11-15,train,1,2019-12-16,0.692985272,1
2019-11-18,train,1,2019-12-17,0.6686920116,1
2019-11-19,train,1,2019-12-18,0.6512687968,1
2019-11-20,train,1,2019-12-19,0.6748953346,1
2019-11-21,train,1,2019-12-20,0.7184212063,1
2019-11-22,train,1,2019-12-23,0.7271608666,1
2019-11-25,train,1,2019-12-24,0.7309284789,1
2019-11-26,train,1,2019-12-26,0.7112174372,1
2019-11-27,train,1,2019-12-27,0.7252835564,1
2019-11-29,train,1,2019-12-30,0.7210469608,1
2019-12-02,train,1,2019-12-31,0.7102563463,1
2019-12-03,train,1,2020-01-02,0.7515337588,1
2019-12-04,train,1,2020-01-03,0.7151715159,1
2019-12-05,train,1,2020-01-06,0.7406239253,1
2019-12-06,train,1,2020-01-07,0.7551540747,1
2019-12-09,train,1,2020-01-08,0.7538395975,1
2019-12-10,train,1,2020-01-09,0.7611871378,1
2019-12-11,train,1,2020-01-10,0.7607797836,1
2019-12-12,train,1,2020-01-13,0.7503242821,1
2019-12-13,train,1,2020-01-14,0.7353087655,1
2019-12-16,train,1,2020-01-15,0.7082755911,1
2019-12-17,train,1,2020-01-16,0.7138354821,1
2019-12-18,train,1,2020-01-17,0.6346273652,1
2019-12-19,train,1,2020-01-21,0.6408153559,1
2019-12-20,train,1,2020-01-22,0.5951396172,1
2019-12-23,train,1,2020-01-23,0.5777490205,1
2019-12-24,train,1,2020-01-24,0.6181558707,1
2019-12-26,train,1,2020-01-27,0.540969132,1
2019-12-27,train,1,2020-01-28,0.5651537735,1
2019-12-30,train,1,2020-01-29,0.5871220821,1
2019-12-31,train,1,2020-01-30,0.5631060232,1
2020-01-02,validation,0,2020-01-31,0.3469713041,0
2020-01-03,validation,1,2020-02-03,0.5730653243,1
2020-01-06,validation,1,2020-02-04,0.5495651233,1
2020-01-07,validation,1,2020-02-05,0.556007562,1
2020-01-08,validation,1,2020-02-06,0.5302672491,1
2020-01-09,validation,1,2020-02-07,0.3023882032,0
2020-01-10,validation,1,2020-02-10,0.4971732121,0
2020-01-13,validation,1,2020-02-11,0.2722775422,0
2020-01-14,validation,1,2020-02-12,0.3154846036,0
2020-01-15,validation,1,2020-02-13,0.294954628,0
2020-01-16,validation,1,2020-02-14,0.2394888892,0
2020-01-17,validation,1,2020-02-18,0.2189749713,0
2020-01-21,validation,1,2020-02-19,0.2244093691,0
2020-01-22,validation,1,2020-02-20,0.20545501,0
2020-01-23,validation,1,2020-02-21,0.2066529956,0
2020-01-24,validation,0,2020-02-24,0.343030773,0
2020-01-27,validation,0,2020-02-25,0.6501272118,1
2020-01-28,validation,0,2020-02-26,0.5788300214,1
2020-01-29,validation,0,2020-02-27,0.5686186024,1
2020-01-30,validation,0,2020-02-28,0.6026083957,1
2020-01-31,validation,0,2020-03-02,0.7275914344,1
2020-02-03,validation,0,2020-03-03,0.6676451756,1
2020-02-04,validation,0,2020-03-04,0.6174012701,1
2020-02-05,validation,0,2020-03-05,0.374029203,0
2020-02-06,validation,0,2020-03-06,0.3584929419,0
2020-02-07,validation,0,2020-03-09,0.3720007006,0
2020-02-10,validation,0,2020-03-10,0.3234036506,0
2020-02-11,validation,0,2020-03-11,0.2995713158,0
2020-02-12,validation,0,2020-03-12,0.2759461889,0
2020-02-13,validation,0,2020-03-13,0.3064494873,0
2020-02-14,validation,0,2020-03-16,0.3021559503,0
2020-02-18,validation,0,2020-03-17,0.3246702825,0
2020-02-19,validation,0,2020-03-18,0.2928851169,0
2020-02-20,validation,0,2020-03-19,0.2897734486,0
2020-02-21,validation,0,2020-03-20,0.4282955313,0
2020-02-24,validation,0,2020-03-23,0.7241822775,1
2020-02-25,validation,0,2020-03-24,0.8141814473,1
2020-02-26,validation,0,2020-03-25,0.8196397314,1
2020-02-27,validation,0,2020-03-26,0.6935004523,1
2020-02-28,validation,0,2020-03-27,0.6465439284,1
2020-03-02,validation,0,2020-03-30,0.7420031932,1
2020-03-03,validation,0,2020-03-31,0.733614161,1
2020-03-04,validation,0,2020-04-01,0.7806843421,1
2020-03-05,validation,0,2020-04-02,0.7902510057,1
2020-03-06,validation,0,2020-04-03,0.7891717316,1
2020-03-09,validation,0,2020-04-06,0.9110241026,1
2020-03-10,validation,0,2020-04-07,0.8479480375,1
2020-03-11,validation,1,2020-04-08,0.9281030316,1
2020-03-12,validation,1,2020-04-09,0.9386453493,1
2020-03-13,validation,1,2020-04-13,0.9167772118,1
2020-03-16,validation,1,2020-04-14,0.9332204938,1
2020-03-17,validation,1,2020-04-15,0.9291832142,1
2020-03-18,validation,1,2020-04-16,0.9204464614,1
2020-03-19,validation,1,2020-04-17,0.9165201896,1
2020-03-20,validation,1,2020-04-20,0.9220793687,1
2020-03-23,validation,1,2020-04-21,0.923276941,1
2020-03-24,validation,1,2020-04-22,0.9212495266,1
2020-03-25,validation,1,2020-04-23,0.9367596844,1
2020-03-26,validation,1,2020-04-24,0.9292870314,1
2020-03-27,validation,1,2020-04-27,0.9352440866,1
2020-03-30,validation,1,2020-04-28,0.9307807081,1
2020-03-31,validation,1,2020-04-29,0.9357922114,1
2020-04-01,validation,1,2020-04-30,0.9343416156,1
2020-04-02,validation,1,2020-05-01,0.9107556587,1
2020-04-03,validation,1,2020-05-04,0.9204368635,1
2020-04-06,validation,1,2020-05-05,0.9259376035,1
2020-04-07,validation,1,2020-05-06,0.9309399994,1
2020-04-08,validation,1,2020-05-07,0.9114165434,1
2020-04-09,validation,1,2020-05-08,0.9056508037,1
2020-04-13,validation,1,2020-05-11,0.9031266368,1
2020-04-14,validation,1,2020-05-12,0.8897483575,1
2020-04-15,validation,1,2020-05-13,0.8905594248,1
2020-04-16,validation,1,2020-05-14,0.8992801215,1
2020-04-17,validation,0,2020-05-15,0.8754609571,1
2020-04-20,validation,1,2020-05-18,0.9100370241,1
2020-04-21,validation,1,2020-05-19,0.8990033038,1
2020-04-22,validation,1,2020-05-20,0.9090002275,1
2020-04-23,validation,1,2020-05-21,0.8994044247,1
2020-04-24,validation,1,2020-05-22,0.8811847009,1
2020-04-27,validation,1,2020-05-26,0.8834440217,1
2020-04-28,validation,1,2020-05-27,0.8840745189,1
2020-04-29,validation,1,2020-05-28,0.8434718795,1
2020-04-30,validation,1,2020-05-29,0.8718797607,1
2020-05-01,validation,1,2020-06-01,0.8910546638,1
2020-05-04,validation,1,2020-06-02,0.8957800203,1
2020-05-05,validation,1,2020-06-03,0.895912215,1
2020-05-06,validation,1,2020-06-04,0.884006288,1
2020-05-07,validation,1,2020-06-05,0.874091061,1
2020-05-08,validation,1,2020-06-08,0.8681855065,1
2020-05-11,validation,1,2020-06-09,0.885613198,1
2020-05-12,validation,1,2020-06-10,0.8844465904,1
2020-05-13,validation,1,2020-06-11,0.8973003709,1
2020-05-14,validation,1,2020-06-12,0.8914498195,1
2020-05-15,validation,1,2020-06-15,0.878854965,1
2020-05-18,validation,1,2020-06-16,0.8680381199,1
2020-05-19,validation,1,2020-06-17,0.8718126938,1
2020-05-20,validation,1,2020-06-18,0.8418884619,1
2020-05-21,validation,1,2020-06-19,0.8479041091,1
2020-05-22,validation,1,2020-06-22,0.8071564838,1
2020-05-26,validation,1,2020-06-23,0.6696432991,1
2020-05-27,validation,1,2020-06-24,0.7631195258,1
2020-05-28,validation,1,2020-06-25,0.667474579,1
2020-05-29,validation,0,2020-06-26,0.7713728922,1
2020-06-01,validation,1,2020-06-29,0.7016796146,1
2020-06-02,validation,1,2020-06-30,0.7230535451,1
2020-06-03,validation,0,2020-07-01,0.6786677423,1
2020-06-04,validation,1,2020-07-02,0.6951034803,1
2020-06-05,validation,0,2020-07-06,0.6777168451,1
2020-06-08,validation,0,2020-07-07,0.6587843653,1
2020-06-09,validation,0,2020-07-08,0.694128747,1
2020-06-10,validation,0,2020-07-09,0.6969790809,1
2020-06-11,validation,1,2020-07-10,0.7263382271,1
2020-06-12,validation,1,2020-07-13,0.7115734515,1
2020-06-15,validation,1,2020-07-14,0.6979142006,1
2020-06-16,validation,1,2020-07-15,0.6738486439,1
2020-06-17,validation,1,2020-07-16,0.6951462408,1
2020-06-18,validation,1,2020-07-17,0.7224238232,1
2020-06-19,validation,1,2020-07-20,0.7579173002,1
2020-06-22,validation,1,2020-07-21,0.7250952798,1
2020-06-23,validation,1,2020-07-22,0.7149436851,1
2020-06-24,validation,1,2020-07-23,0.7489509208,1
2020-06-25,validation,1,2020-07-24,0.726945482,1
2020-06-26,validation,1,2020-07-27,0.7340319376,1
2020-06-29,validation,1,2020-07-28,0.7140467411,1
2020-06-30,validation,1,2020-07-29,0.7449163157,1
2020-07-01,validation,1,2020-07-30,0.7388288324,1
2020-07-02,validation,1,2020-07-31,0.7402870584,1
2020-07-06,validation,1,2020-08-03,0.6170747026,1
2020-07-07,validation,1,2020-08-04,0.6415919803,1
2020-07-08,validation,1,2020-08-05,0.6206405535,1
2020-07-09,validation,1,2020-08-06,0.6394290264,1
2020-07-10,validation,1,2020-08-07,0.6203089864,1
2020-07-13,validation,1,2020-08-10,0.659971754,1
2020-07-14,validation,1,2020-08-11,0.6213035789,1
2020-07-15,validation,1,2020-08-12,0.61607794,1
2020-07-16,validation,1,2020-08-13,0.6110048258,1
2020-07-17,validation,1,2020-08-14,0.5954789606,1
2020-07-20,validation,1,2020-08-17,0.5903892387,1
2020-07-21,validation,1,2020-08-18,0.5924827771,1
2020-07-22,validation,1,2020-08-19,0.5827530193,1
2020-07-23,validation,1,2020-08-20,0.6097378733,1
2020-07-24,validation,1,2020-08-21,0.6123170398,1
2020-07-27,validation,1,2020-08-24,0.6101846639,1
2020-07-28,validation,1,2020-08-25,0.637112532,1
2020-07-29,validation,1,2020-08-26,0.6039935057,1
2020-07-30,validation,1,2020-08-27,0.6117600024,1
2020-07-31,validation,1,2020-08-28,0.5939608131,1
2020-08-03,validation,1,2020-08-31,0.5843681382,1
2020-08-04,validation,1,2020-09-01,0.5427988299,1
2020-08-05,validation,1,2020-09-02,0.5270863066,1
2020-08-06,validation,1,2020-09-03,0.4449422661,0
2020-08-07,validation,1,2020-09-04,0.4314870169,0
2020-08-10,validation,0,2020-09-08,0.3983021256,0
2020-08-11,validation,1,2020-09-09,0.5200079264,1
2020-08-12,validation,0,2020-09-10,0.3833247906,0
2020-08-13,validation,0,2020-09-11,0.3709649011,0
2020-08-14,validation,1,2020-09-14,0.3773133027,0
2020-08-17,validation,1,2020-09-15,0.3315604184,0
2020-08-18,validation,1,2020-09-16,0.3186066678,0
2020-08-19,validation,0,2020-09-17,0.3241076171,0
2020-08-20,validation,0,2020-09-18,0.3317611022,0
2020-08-21,validation,0,2020-09-21,0.3175638314,0
2020-08-24,validation,0,2020-09-22,0.3011691984,0
2020-08-25,validation,0,2020-09-23,0.273589677,0
2020-08-26,validation,0,2020-09-24,0.2340411033,0
2020-08-27,validation,0,2020-09-25,0.2605285592,0
2020-08-28,validation,0,2020-09-28,0.2683754075,0
2020-08-31,validation,0,2020-09-29,0.2594696733,0
2020-09-01,validation,0,2020-09-30,0.2521771497,0
2020-09-02,validation,0,2020-10-01,0.2438548205,0
2020-09-03,validation,0,2020-10-02,0.3751625093,0
2020-09-04,validation,0,2020-10-05,0.3498105957,0
2020-09-08,validation,1,2020-10-06,0.4983077503,0
2020-09-09,validation,1,2020-10-07,0.4322790557,0
2020-09-10,validation,1,2020-10-08,0.5741456218,1
2020-09-11,validation,1,2020-10-09,0.5973294803,1
2020-09-14,validation,1,2020-10-12,0.5971038958,1
2020-09-15,validation,1,2020-10-13,0.4843515066,0
2020-09-16,validation,1,2020-10-14,0.5903298664,1
2020-09-17,validation,1,2020-10-15,0.6138899871,1
2020-09-18,validation,1,2020-10-16,0.6149293021,1
2020-09-21,validation,1,2020-10-19,0.6645623723,1
2020-09-22,validation,1,2020-10-20,0.6210829324,1
2020-09-23,validation,1,2020-10-21,0.6603146348,1
2020-09-24,validation,1,2020-10-22,0.6786167933,1
2020-09-25,validation,1,2020-10-23,0.6424581757,1
2020-09-28,validation,1,2020-10-26,0.6023249852,1
2020-09-29,validation,1,2020-10-27,0.6410496228,1
2020-09-30,validation,0,2020-10-28,0.6044508589,1
2020-10-01,validation,0,2020-10-29,0.6087964462,1
2020-10-02,validation,0,2020-10-30,0.6233145655,1
2020-10-05,validation,0,2020-11-02,0.5793546786,1
2020-10-06,validation,1,2020-11-03,0.610080164,1
2020-10-07,validation,1,2020-11-04,0.4900616297,0
2020-10-08,validation,1,2020-11-05,0.4338118396,0
2020-10-09,validation,1,2020-11-06,0.3818370545,0
2020-10-12,validation,1,2020-11-09,0.3233238377,0
2020-10-13,validation,1,2020-11-10,0.3666138942,0
2020-10-14,validation,1,2020-11-11,0.3897439071,0
2020-10-15,validation,1,2020-11-12,0.3900697625,0
2020-10-16,validation,1,2020-11-13,0.3558098927,0
2020-10-19,validation,1,2020-11-16,0.4560082773,0
2020-10-20,validation,1,2020-11-17,0.4330582381,0
2020-10-21,validation,1,2020-11-18,0.427906349,0
2020-10-22,validation,1,2020-11-19,0.4083750991,0
2020-10-23,validation,1,2020-11-20,0.3922185062,0
2020-10-26,validation,1,2020-11-23,0.6303376987,1
2020-10-27,validation,1,2020-11-24,0.6144332738,1
2020-10-28,validation,1,2020-11-25,0.7363426036,1
2020-10-29,validation,1,2020-11-27,0.7279730763,1
2020-10-30,validation,1,2020-11-30,0.7696177673,1
2020-11-02,validation,1,2020-12-01,0.7606626002,1
2020-11-03,validation,1,2020-12-02,0.7018060379,1
2020-11-04,validation,1,2020-12-03,0.5630609927,1
2020-11-05,validation,1,2020-12-04,0.4987134401,0
2020-11-06,validation,1,2020-12-07,0.5127982361,1
2020-11-09,validation,1,2020-12-08,0.5074235538,1
2020-11-10,validation,1,2020-12-09,0.5003714513,1
2020-11-11,validation,1,2020-12-10,0.5232349715,1
2020-11-12,validation,1,2020-12-11,0.4879948309,0
2020-11-13,validation,1,2020-12-14,0.5166364243,1
2020-11-16,validation,1,2020-12-15,0.4853073276,0
2020-11-17,validation,1,2020-12-16,0.4886253201,0
2020-11-18,validation,1,2020-12-17,0.5037252596,1
2020-11-19,validation,1,2020-12-18,0.5087928542,1
2020-11-20,validation,1,2020-12-21,0.5441343732,1
2020-11-23,validation,1,2020-12-22,0.5078754817,1
2020-11-24,validation,1,2020-12-23,0.5160621752,1
2020-11-25,validation,1,2020-12-24,0.5163001185,1
2020-11-27,validation,1,2020-12-28,0.5158447034,1
2020-11-30,validation,1,2020-12-29,0.494661096,0
2020-12-01,validation,1,2020-12-30,0.4867206264,0
2020-12-02,validation,1,2020-12-31,0.3959156395,0
2020-12-03,validation,1,2021-01-04,0.4016615439,0
2020-12-04,validation,1,2021-01-05,0.3777333546,0
2020-12-07,validation,1,2021-01-06,0.3478972998,0
2020-12-08,validation,1,2021-01-07,0.3684162161,0
2020-12-09,validation,1,2021-01-08,0.3821835297,0
2020-12-10,validation,1,2021-01-11,0.3879398561,0
2020-12-11,validation,1,2021-01-12,0.3588600469,0
2020-12-14,validation,1,2021-01-13,0.3686996919,0
2020-12-15,validation,1,2021-01-14,0.3779741296,0
2020-12-16,validation,1,2021-01-15,0.3835014589,0
2020-12-17,validation,1,2021-01-19,0.3104134331,0
2020-12-18,validation,1,2021-01-20,0.2976430634,0
2020-12-21,validation,1,2021-01-21,0.2927632199,0
2020-12-22,validation,1,2021-01-22,0.2949593588,0
2020-12-23,validation,1,2021-01-25,0.3274835635,0
2020-12-24,validation,1,2021-01-26,0.338606373,0
2020-12-28,validation,1,2021-01-27,0.3575810086,0
2020-12-29,validation,1,2021-01-28,0.3406077019,0
2020-12-30,validation,0,2021-01-29,0.3565076957,0
2020-12-31,validation,1,2021-02-01,0.3587077169,0
2021-01-04,validation,1,2021-02-02,0.3490857243,0
2021-01-05,validation,1,2021-02-03,0.3640477177,0
2021-01-06,validation,1,2021-02-04,0.3692258301,0
2021-01-07,validation,1,2021-02-05,0.3804421902,0
2021-01-08,validation,1,2021-02-08,0.3282489965,0
2021-01-11,validation,1,2021-02-09,0.3173125026,0
2021-01-12,validation,1,2021-02-10,0.315091577,0
2021-01-13,validation,1,2021-02-11,0.3150697301,0
2021-01-14,validation,1,2021-02-12,0.3162164454,0
2021-01-15,validation,1,2021-02-16,0.3206620331,0
2021-01-19,validation,1,2021-02-17,0.3225289109,0
2021-01-20,validation,1,2021-02-18,0.3249906005,0
2021-01-21,validation,1,2021-02-19,0.3112868658,0
2021-01-22,validation,1,2021-02-22,0.3127355729,0
2021-01-25,validation,1,2021-02-23,0.3328922968,0
2021-01-26,validation,1,2021-02-24,0.3145897152,0
2021-01-27,validation,1,2021-02-25,0.4094722283,0
2021-01-28,validation,1,2021-02-26,0.4032990986,0
2021-01-29,validation,1,2021-03-01,0.4608348881,0
2021-02-01,validation,1,2021-03-02,0.395540111,0
2021-02-02,validation,0,2021-03-03,0.3532016388,0
2021-02-03,validation,0,2021-03-04,0.3776771474,0
2021-02-04,validation,0,2021-03-05,0.3658011801,0
2021-02-05,validation,0,2021-03-08,0.3773264446,0
2021-02-08,validation,0,2021-03-09,0.3851560949,0
2021-02-09,validation,0,2021-03-10,0.3697072076,0
2021-02-10,validation,1,2021-03-11,0.3714643172,0
2021-02-11,validation,1,2021-03-12,0.3814448352,0
2021-02-12,validation,1,2021-03-15,0.365736201,0
2021-02-16,validation,1,2021-03-16,0.3487436095,0
2021-02-17,validation,1,2021-03-17,0.3347536894,0
2021-02-18,validation,1,2021-03-18,0.3586678593,0
2021-02-19,validation,1,2021-03-19,0.3434440487,0
2021-02-22,validation,1,2021-03-22,0.3973615573,0
2021-02-23,validation,1,2021-03-23,0.4164195463,0
2021-02-24,validation,0,2021-03-24,0.3541100382,0
2021-02-25,validation,1,2021-03-25,0.4364442576,0
2021-02-26,validation,1,2021-03-26,0.4917632824,0
2021-03-01,validation,1,2021-03-29,0.3902020757,0
2021-03-02,validation,1,2021-03-30,0.4179145773,0
2021-03-03,validation,1,2021-03-31,0.4848353157,0
2021-03-04,validation,1,2021-04-01,0.6337062667,1
2021-03-05,validation,1,2021-04-05,0.4939050486,0
2021-03-08,validation,1,2021-04-06,0.5130616346,1
2021-03-09,validation,1,2021-04-07,0.4202354252,0
2021-03-10,validation,1,2021-04-08,0.4378131805,0
2021-03-11,validation,1,2021-04-09,0.3699174504,0
2021-03-12,validation,1,2021-04-12,0.3465880707,0
2021-03-15,validation,1,2021-04-13,0.3755719801,0
2021-03-16,validation,1,2021-04-14,0.3792040248,0
2021-03-17,validation,1,2021-04-15,0.4169270047,0
2021-03-18,validation,1,2021-04-16,0.3963365332,0
2021-03-19,validation,1,2021-04-19,0.4111119905,0
2021-03-22,validation,1,2021-04-20,0.3915231111,0
2021-03-23,validation,1,2021-04-21,0.4085548788,0
2021-03-24,validation,1,2021-04-22,0.4287867309,0
2021-03-25,validation,1,2021-04-23,0.4481073518,0
2021-03-26,validation,1,2021-04-26,0.3669442536,0
2021-03-29,validation,1,2021-04-27,0.3862666123,0
2021-03-30,validation,1,2021-04-28,0.3772391773,0
2021-03-31,validation,1,2021-04-29,0.3163659819,0
2021-04-01,validation,1,2021-04-30,0.2951025604,0
2021-04-05,validation,1,2021-05-03,0.2526611566,0
2021-04-06,validation,1,2021-05-04,0.3217495045,0
2021-04-07,validation,1,2021-05-05,0.3498289769,0
2021-04-08,validation,1,2021-05-06,0.2772217009,0
2021-04-09,validation,1,2021-05-07,0.2362483179,0
2021-04-12,validation,1,2021-05-10,0.2240236955,0
2021-04-13,validation,1,2021-05-11,0.2329679905,0
2021-04-14,validation,0,2021-05-12,0.2133246384,0
2021-04-15,validation,0,2021-05-13,0.2313615722,0
2021-04-16,validation,0,2021-05-14,0.1826013603,0
2021-04-19,validation,1,2021-05-17,0.1924034559,0
2021-04-20,validation,0,2021-05-18,0.2083984019,0
2021-04-21,validation,0,2021-05-19,0.2061806615,0
2021-04-22,validation,1,2021-05-20,0.2155747206,0
2021-04-23,validation,0,2021-05-21,0.1979210683,0
2021-04-26,validation,1,2021-05-24,0.1785540395,0
2021-04-27,validation,1,2021-05-25,0.1737852155,0
2021-04-28,validation,1,2021-05-26,0.1708406471,0
2021-04-29,validation,0,2021-05-27,0.1877949809,0
2021-04-30,validation,1,2021-05-28,0.1707485518,0
2021-05-03,validation,1,2021-06-01,0.2365179099,0
2021-05-04,validation,1,2021-06-02,0.2612550918,0
2021-05-05,validation,1,2021-06-03,0.3180654729,0
2021-05-06,validation,1,2021-06-04,0.2675442833,0
2021-05-07,validation,1,2021-06-07,0.2603512625,0
2021-05-10,validation,1,2021-06-08,0.2868420444,0
2021-05-11,validation,1,2021-06-09,0.3593208031,0
2021-05-12,validation,1,2021-06-10,0.4917352688,0
2021-05-13,validation,1,2021-06-11,0.4609585487,0
2021-05-14,validation,1,2021-06-14,0.3965381337,0
2021-05-17,validation,1,2021-06-15,0.389356277,0
2021-05-18,validation,1,2021-06-16,0.417011446,0
2021-05-19,validation,1,2021-06-17,0.4480482739,0
2021-05-20,validation,1,2021-06-18,0.4248467667,0
2021-05-21,validation,1,2021-06-21,0.3085170887,0
2021-05-24,validation,1,2021-06-22,0.2959141034,0
2021-05-25,validation,1,2021-06-23,0.3662011792,0
2021-05-26,validation,1,2021-06-24,0.3159238135,0
2021-05-27,validation,1,2021-06-25,0.2839782195,0
2021-05-28,validation,1,2021-06-28,0.289964652,0
2021-06-01,validation,1,2021-06-29,0.2756303804,0
2021-06-02,validation,1,2021-06-30,0.2763552744,0
2021-06-03,validation,1,2021-07-01,0.3024814208,0
2021-06-04,validation,1,2021-07-02,0.2987324348,0
2021-06-07,validation,1,2021-07-06,0.347068968,0
2021-06-08,validation,1,2021-07-07,0.3527191451,0
2021-06-09,validation,1,2021-07-08,0.3805498047,0
2021-06-10,validation,1,2021-07-09,0.2755168752,0
2021-06-11,validation,1,2021-07-12,0.3062258542,0
2021-06-14,validation,1,2021-07-13,0.2241390602,0
2021-06-15,validation,1,2021-07-14,0.2119080974,0
2021-06-16,validation,1,2021-07-15,0.2453892173,0
2021-06-17,validation,1,2021-07-16,0.2278001425,0
2021-06-18,validation,1,2021-07-19,0.5579419335,1
2021-06-21,validation,1,2021-07-20,0.2785192418,0
2021-06-22,validation,1,2021-07-21,0.3080217613,0
2021-06-23,validation,1,2021-07-22,0.3065689463,0
2021-06-24,validation,1,2021-07-23,0.2700847079,0
2021-06-25,validation,1,2021-07-26,0.2780902403,0
2021-06-28,validation,1,2021-07-27,0.3302339359,0
2021-06-29,validation,1,2021-07-28,0.3560328236,0
2021-06-30,validation,1,2021-07-29,0.3565863797,0
2021-07-01,validation,1,2021-07-30,0.3306485542,0
2021-07-02,validation,1,2021-08-02,0.3562593352,0
2021-07-06,validation,1,2021-08-03,0.330858769,0
2021-07-07,validation,1,2021-08-04,0.3562400583,0
2021-07-08,validation,1,2021-08-05,0.3379257548,0
2021-07-09,validation,1,2021-08-06,0.3413968733,0
2021-07-12,validation,1,2021-08-09,0.3583687875,0
2021-07-13,validation,1,2021-08-10,0.3642461846,0
2021-07-14,validation,1,2021-08-11,0.3505212918,0
2021-07-15,validation,1,2021-08-12,0.331848231,0
2021-07-16,validation,1,2021-08-13,0.3544996791,0
2021-07-19,validation,1,2021-08-16,0.6287463319,1
2021-07-20,validation,1,2021-08-17,0.3772374648,0
2021-07-21,validation,1,2021-08-18,0.3624535783,0
2021-07-22,validation,1,2021-08-19,0.3443990044,0
2021-07-23,validation,1,2021-08-20,0.3632149042,0
2021-07-26,validation,1,2021-08-23,0.3726407619,0
2021-07-27,validation,1,2021-08-24,0.3589954567,0
2021-07-28,validation,1,2021-08-25,0.3686951259,0
2021-07-29,validation,1,2021-08-26,0.3658522076,0
2021-07-30,validation,1,2021-08-27,0.3718498422,0
2021-08-02,validation,1,2021-08-30,0.3783530982,0
2021-08-03,validation,1,2021-08-31,0.398016542,0
2021-08-04,validation,1,2021-09-01,0.3862754058,0
2021-08-05,validation,1,2021-09-02,0.3627872463,0
2021-08-06,validation,1,2021-09-03,0.2561054299,0
2021-08-09,validation,1,2021-09-07,0.2885843453,0
2021-08-10,validation,1,2021-09-08,0.3592623942,0
2021-08-11,validation,1,2021-09-09,0.3605666033,0
2021-08-12,validation,1,2021-09-10,0.264028961,0
2021-08-13,validation,1,2021-09-13,0.1981240925,0
2021-08-16,validation,0,2021-09-14,0.2110840352,0
2021-08-17,validation,1,2021-09-15,0.2621022863,0
2021-08-18,validation,1,2021-09-16,0.4481902185,0
2021-08-19,validation,1,2021-09-17,0.4499410716,0
2021-08-20,validation,0,2021-09-20,0.3577980574,0
2021-08-23,validation,0,2021-09-21,0.3384660524,0
2021-08-24,validation,0,2021-09-22,0.3200961713,0
2021-08-25,validation,0,2021-09-23,0.3002326124,0
2021-08-26,validation,0,2021-09-24,0.3547318723,0
2021-08-27,validation,0,2021-09-27,0.2839565285,0
2021-08-30,validation,0,2021-09-28,0.2857239265,0
2021-08-31,validation,0,2021-09-29,0.2856863527,0
2021-09-01,validation,0,2021-09-30,0.2700977823,0
2021-09-02,validation,0,2021-10-01,0.2731408939,0
2021-09-03,validation,0,2021-10-04,0.2923515616,0
2021-09-07,validation,0,2021-10-05,0.3446408869,0
2021-09-08,validation,0,2021-10-06,0.3763776479,0
2021-09-09,validation,0,2021-10-07,0.4003157037,0
2021-09-10,validation,0,2021-10-08,0.6608205296,1
2021-09-13,validation,0,2021-10-11,0.6569305633,1
2021-09-14,validation,0,2021-10-12,0.6615817287,1
2021-09-15,validation,0,2021-10-13,0.6472696292,1
2021-09-16,validation,0,2021-10-14,0.6561954788,1
2021-09-17,validation,1,2021-10-15,0.7026825011,1
2021-09-20,validation,1,2021-10-18,0.7522674455,1
2021-09-21,validation,1,2021-10-19,0.7609123438,1
2021-09-22,validation,1,2021-10-20,0.7673854782,1
2021-09-23,validation,1,2021-10-21,0.7842213096,1
2021-09-24,validation,1,2021-10-22,0.7827725173,1
2021-09-27,validation,1,2021-10-25,0.7913228386,1
2021-09-28,validation,1,2021-10-26,0.807555299,1
2021-09-29,validation,1,2021-10-27,0.7979959073,1
2021-09-30,validation,1,2021-10-28,0.8333276171,1
2021-10-01,validation,1,2021-10-29,0.7764476961,1
2021-10-04,validation,1,2021-11-01,0.8105986403,1
2021-10-05,validation,1,2021-11-02,0.7986723438,1
2021-10-06,validation,1,2021-11-03,0.7710604576,1
2021-10-07,validation,1,2021-11-04,0.7615928,1
2021-10-08,validation,1,2021-11-05,0.7631557393,1
2021-10-11,validation,1,2021-11-08,0.7766538958,1
2021-10-12,validation,1,2021-11-09,0.7625977353,1
2021-10-13,validation,1,2021-11-10,0.7755268913,1
2021-10-14,validation,1,2021-11-11,0.747879857,1
2021-10-15,validation,1,2021-11-12,0.7525285801,1
2021-10-18,validation,1,2021-11-15,0.7489119575,1
2021-10-19,validation,1,2021-11-16,0.7525901975,1
2021-10-20,validation,1,2021-11-17,0.7423394009,1
2021-10-21,validation,1,2021-11-18,0.7085305738,1
2021-10-22,validation,1,2021-11-19,0.7089549123,1
2021-10-25,validation,1,2021-11-22,0.7013065015,1
2021-10-26,validation,1,2021-11-23,0.7163535267,1
2021-10-27,validation,1,2021-11-24,0.7295040907,1
2021-10-28,validation,1,2021-11-26,0.6829984505,1
2021-10-29,validation,1,2021-11-29,0.6805216954,1
2021-11-01,validation,0,2021-11-30,0.6609943599,1
2021-11-02,validation,0,2021-12-01,0.6097848544,1
2021-11-03,validation,0,2021-12-02,0.3851802667,0
2021-11-04,validation,0,2021-12-03,0.3596517809,0
2021-11-05,validation,0,2021-12-06,0.3581434859,0
2021-11-08,validation,0,2021-12-07,0.3311311455,0
2021-11-09,validation,1,2021-12-08,0.3371862968,0
2021-11-10,validation,1,2021-12-09,0.6374025811,1
2021-11-11,validation,1,2021-12-10,0.6381060036,1
2021-11-12,validation,0,2021-12-13,0.3738148836,0
2021-11-15,validation,0,2021-12-14,0.3779145757,0
2021-11-16,validation,1,2021-12-15,0.3685365571,0
2021-11-17,validation,0,2021-12-16,0.4346764599,0
2021-11-18,validation,0,2021-12-17,0.3986726478,0
2021-11-19,validation,0,2021-12-20,0.4583042071,0
2021-11-22,validation,0,2021-12-21,0.659026706,1
2021-11-23,validation,1,2021-12-22,0.6815609137,1
2021-11-24,validation,1,2021-12-23,0.5970479454,1
2021-11-26,validation,1,2021-12-27,0.6939495486,1
2021-11-29,validation,1,2021-12-28,0.6403126329,1
2021-11-30,validation,1,2021-12-29,0.7438745716,1
2021-12-01,validation,1,2021-12-30,0.7645812031,1
2021-12-02,validation,1,2021-12-31,0.7269515869,1
2021-12-03,validation,1,2022-01-03,0.7489154538,1
2021-12-06,validation,1,2022-01-04,0.7215226539,1
2021-12-07,validation,1,2022-01-05,0.6754906399,1
2021-12-08,validation,0,2022-01-06,0.6731139778,1
2021-12-09,validation,1,2022-01-07,0.6768902721,1
2021-12-10,validation,0,2022-01-10,0.6743594115,1
2021-12-13,validation,1,2022-01-11,0.6764212539,1
2021-12-14,validation,1,2022-01-12,0.6796776527,1
2021-12-15,validation,0,2022-01-13,0.5887877826,1
2021-12-16,validation,0,2022-01-14,0.6708946476,1
2021-12-17,validation,0,2022-01-18,0.7029492099,1
2021-12-20,validation,0,2022-01-19,0.7431296196,1
2021-12-21,validation,0,2022-01-20,0.6829009596,1
2021-12-22,validation,0,2022-01-21,0.6089881499,1
2021-12-23,validation,0,2022-01-24,0.5957412444,1
2021-12-27,validation,0,2022-01-25,0.5263552689,1
2021-12-28,validation,0,2022-01-26,0.5589111696,1
2021-12-29,validation,0,2022-01-27,0.5478102645,1
2021-12-30,validation,0,2022-01-28,0.5599824149,1
2021-12-31,validation,0,2022-01-31,0.5493268818,1
2022-01-03,validation,0,2022-02-01,0.5390565587,1
2022-01-04,validation,0,2022-02-02,0.5293068421,1
2022-01-05,validation,0,2022-02-03,0.6274696073,1
2022-01-06,validation,0,2022-02-04,0.6219261138,1
2022-01-07,validation,0,2022-02-07,0.6749898089,1
2022-01-10,validation,0,2022-02-08,0.7331991674,1
2022-01-11,validation,0,2022-02-09,0.6866387169,1
2022-01-12,validation,0,2022-02-10,0.6802275871,1
2022-01-13,validation,0,2022-02-11,0.738237071,1
2022-01-14,validation,0,2022-02-14,0.7372970425,1
2022-01-18,validation,0,2022-02-15,0.7378729532,1
2022-01-19,validation,0,2022-02-16,0.7672110299,1
2022-01-20,validation,0,2022-02-17,0.7374809888,1
2022-01-21,validation,0,2022-02-18,0.6695238522,1
2022-01-24,validation,0,2022-02-22,0.6265575571,1
2022-01-25,validation,0,2022-02-23,0.609560442,1
2022-01-26,validation,0,2022-02-24,0.6249925732,1
2022-01-27,validation,1,2022-02-25,0.6790864982,1
2022-01-28,validation,0,2022-02-28,0.6864033068,1
2022-01-31,validation,0,2022-03-01,0.7506407574,1
2022-02-01,validation,0,2022-03-02,0.7753408812,1
2022-02-02,validation,0,2022-03-03,0.7490259397,1
2022-02-03,validation,0,2022-03-04,0.6942322363,1
2022-02-04,validation,0,2022-03-07,0.6714074904,1
2022-02-07,validation,0,2022-03-08,0.6652597272,1
2022-02-08,validation,0,2022-03-09,0.7094054373,1
2022-02-09,validation,0,2022-03-10,0.728833491,1
2022-02-10,validation,0,2022-03-11,0.6824346145,1
2022-02-11,validation,0,2022-03-14,0.5949160121,1
2022-02-14,validation,0,2022-03-15,0.566879947,1
2022-02-15,validation,0,2022-03-16,0.6366235251,1
2022-02-16,validation,0,2022-03-17,0.6869772445,1
2022-02-17,validation,1,2022-03-18,0.6503386552,1
2022-02-18,validation,1,2022-03-21,0.6555245157,1
2022-02-22,validation,1,2022-03-22,0.6524337797,1
2022-02-23,validation,1,2022-03-23,0.6685878387,1
2022-02-24,validation,1,2022-03-24,0.6619018737,1
2022-02-25,validation,1,2022-03-25,0.6233054384,1
2022-02-28,validation,1,2022-03-28,0.6107306092,1
2022-03-01,validation,1,2022-03-29,0.6589193866,1
2022-03-02,validation,1,2022-03-30,0.6714126667,1
2022-03-03,validation,1,2022-03-31,0.629860431,1
2022-03-04,validation,1,2022-04-01,0.6458446584,1
2022-03-07,validation,1,2022-04-04,0.8207204236,1
2022-03-08,validation,1,2022-04-05,0.7633464128,1
2022-03-09,validation,1,2022-04-06,0.8037395181,1
2022-03-10,validation,1,2022-04-07,0.805390748,1
2022-03-11,validation,1,2022-04-08,0.8081150958,1
2022-03-14,validation,1,2022-04-11,0.865097959,1
2022-03-15,validation,1,2022-04-12,0.7923826079,1
2022-03-16,validation,1,2022-04-13,0.7276539275,1
2022-03-17,validation,0,2022-04-14,0.7336184068,1
2022-03-18,validation,0,2022-04-18,0.7531363067,1
2022-03-21,validation,1,2022-04-19,0.7658529464,1
2022-03-22,validation,0,2022-04-20,0.7571289169,1
2022-03-23,validation,0,2022-04-21,0.7857283444,1
2022-03-24,validation,0,2022-04-22,0.7671733843,1
2022-03-25,validation,0,2022-04-25,0.7765151108,1
2022-03-28,validation,0,2022-04-26,0.7858018818,1
2022-03-29,validation,0,2022-04-27,0.7624091572,1
2022-03-30,validation,0,2022-04-28,0.7898022513,1
2022-03-31,validation,0,2022-04-29,0.7906510918,1
2022-04-01,validation,0,2022-05-02,0.7599198072,1
2022-04-04,validation,0,2022-05-03,0.781975951,1
2022-04-05,validation,0,2022-05-04,0.7488081869,1
2022-04-06,validation,0,2022-05-05,0.7390194686,1
2022-04-07,validation,0,2022-05-06,0.7404377473,1
2022-04-08,validation,0,2022-05-09,0.7386978407,1
2022-04-11,validation,0,2022-05-10,0.7058925382,1
2022-04-12,validation,0,2022-05-11,0.7186988702,1
2022-04-13,validation,0,2022-05-12,0.6319417976,1
2022-04-14,validation,0,2022-05-13,0.6289307867,1
2022-04-18,validation,0,2022-05-16,0.6103758412,1
2022-04-19,validation,0,2022-05-17,0.5854673363,1
2022-04-20,validation,0,2022-05-18,0.6032705675,1
2022-04-21,validation,0,2022-05-19,0.5810440385,1
2022-04-22,validation,0,2022-05-20,0.6997850203,1
2022-04-25,validation,0,2022-05-23,0.7600239443,1
2022-04-26,validation,0,2022-05-24,0.8266172192,1
2022-04-27,validation,0,2022-05-25,0.8387486137,1
2022-04-28,validation,0,2022-05-26,0.7987389898,1
2022-04-29,validation,1,2022-05-27,0.9043967628,1
2022-05-02,validation,0,2022-05-31,0.8472688703,1
2022-05-03,validation,0,2022-06-01,0.8369601214,1
2022-05-04,validation,0,2022-06-02,0.768593875,1
2022-05-05,validation,0,2022-06-03,0.8815127531,1
2022-05-06,validation,1,2022-06-06,0.9408675406,1
2022-05-09,validation,1,2022-06-07,0.9405395793,1
2022-05-10,validation,1,2022-06-08,0.9276236134,1
2022-05-11,validation,1,2022-06-09,0.9380109623,1
2022-05-12,validation,0,2022-06-10,0.9473340988,1
2022-05-13,validation,0,2022-06-13,0.9333293171,1
2022-05-16,validation,0,2022-06-14,0.9419932306,1
2022-05-17,validation,0,2022-06-15,0.8449955821,1
2022-05-18,validation,0,2022-06-16,0.9459004798,1
2022-05-19,validation,0,2022-06-17,0.9306112485,1
2022-05-20,validation,0,2022-06-21,0.9453356379,1
2022-05-23,validation,0,2022-06-22,0.9294133894,1
2022-05-24,validation,0,2022-06-23,0.9476718345,1
2022-05-25,validation,0,2022-06-24,0.9319472307,1
2022-05-26,validation,0,2022-06-27,0.9413853386,1
2022-05-27,validation,0,2022-06-28,0.8454750294,1
2022-05-31,validation,0,2022-06-29,0.8586532323,1
2022-06-01,validation,0,2022-06-30,0.8530827821,1
2022-06-02,validation,0,2022-07-01,0.8116615763,1
2022-06-03,validation,0,2022-07-05,0.8565350419,1
2022-06-06,validation,0,2022-07-06,0.8489127819,1
2022-06-07,validation,0,2022-07-07,0.8464936484,1
2022-06-08,validation,0,2022-07-08,0.8509489266,1
2022-06-09,validation,0,2022-07-11,0.8027098434,1
2022-06-10,validation,0,2022-07-12,0.8493831092,1
2022-06-13,validation,1,2022-07-13,0.9480560566,1
2022-06-14,validation,1,2022-07-14,0.9498590264,1
2022-06-15,validation,1,2022-07-15,0.945120804,1
2022-06-16,validation,1,2022-07-18,0.9524332658,1
2022-06-17,validation,1,2022-07-19,0.9531573288,1
2022-06-21,validation,1,2022-07-20,0.9599549117,1
2022-06-22,validation,1,2022-07-21,0.9663910418,1
2022-06-23,validation,1,2022-07-22,0.9691916104,1
2022-06-24,validation,1,2022-07-25,0.9578572474,1
2022-06-27,validation,1,2022-07-26,0.9659612198,1
2022-06-28,validation,1,2022-07-27,0.9661122944,1
2022-06-29,validation,1,2022-07-28,0.9677908595,1
2022-06-30,validation,1,2022-07-29,0.9683508662,1
2022-07-01,validation,1,2022-08-01,0.958379339,1
2022-07-05,validation,1,2022-08-02,0.96061052,1
2022-07-06,validation,1,2022-08-03,0.9708437183,1
2022-07-07,validation,1,2022-08-04,0.9663632924,1
2022-07-08,validation,1,2022-08-05,0.9548388854,1
2022-07-11,validation,1,2022-08-08,0.9535456678,1
2022-07-12,validation,1,2022-08-09,0.9481512747,1
2022-07-13,validation,1,2022-08-10,0.9370828588,1
2022-07-14,validation,1,2022-08-11,0.9293357739,1
2022-07-15,validation,1,2022-08-12,0.9352755238,1
2022-07-18,validation,1,2022-08-15,0.9630028553,1
2022-07-19,validation,1,2022-08-16,0.9514656514,1
2022-07-20,validation,1,2022-08-17,0.9347887098,1
2022-07-21,validation,1,2022-08-18,0.9278769384,1
2022-07-22,validation,1,2022-08-19,0.9279801605,1
2022-07-25,validation,1,2022-08-22,0.9368455772,1
2022-07-26,validation,1,2022-08-23,0.9598449151,1
2022-07-27,validation,1,2022-08-24,0.9126529276,1
2022-07-28,validation,1,2022-08-25,0.9182531102,1
2022-07-29,validation,0,2022-08-26,0.9065974735,1
2022-08-01,validation,0,2022-08-29,0.9211948275,1
2022-08-02,validation,0,2022-08-30,0.9028304337,1
2022-08-03,validation,0,2022-08-31,0.8597709783,1
2022-08-04,validation,0,2022-09-01,0.8188405351,1
2022-08-05,validation,0,2022-09-02,0.7800042089,1
2022-08-08,validation,0,2022-09-06,0.7898789517,1
2022-08-09,validation,0,2022-09-07,0.7558410029,1
2022-08-10,validation,0,2022-09-08,0.7322231998,1
2022-08-11,validation,0,2022-09-09,0.7337276711,1
2022-08-12,validation,0,2022-09-12,0.7256324237,1
2022-08-15,validation,0,2022-09-13,0.6948447706,1
2022-08-16,validation,0,2022-09-14,0.6929220247,1
2022-08-17,validation,0,2022-09-15,0.7279011658,1
2022-08-18,validation,0,2022-09-16,0.7306640475,1
2022-08-19,validation,0,2022-09-19,0.6973409176,1
2022-08-22,validation,0,2022-09-20,0.7173168659,1
2022-08-23,validation,0,2022-09-21,0.7579529397,1
2022-08-24,validation,0,2022-09-22,0.7300601428,1
2022-08-25,validation,0,2022-09-23,0.6940179309,1
2022-08-26,validation,0,2022-09-26,0.7269875557,1
2022-08-29,validation,0,2022-09-27,0.7869669928,1
2022-08-30,validation,0,2022-09-28,0.8075450378,1
2022-08-31,validation,0,2022-09-29,0.8732133289,1
2022-09-01,validation,0,2022-09-30,0.9094032906,1
2022-09-02,validation,0,2022-10-03,0.9140309951,1
2022-09-06,validation,0,2022-10-04,0.8583394806,1
2022-09-07,validation,0,2022-10-05,0.8338964216,1
2022-09-08,validation,0,2022-10-06,0.8400550679,1
2022-09-09,validation,0,2022-10-07,0.8232960089,1
2022-09-12,validation,0,2022-10-10,0.8227365552,1
2022-09-13,validation,0,2022-10-11,0.8178939784,1
2022-09-14,validation,0,2022-10-12,0.8193259596,1
2022-09-15,validation,0,2022-10-13,0.8141103291,1
2022-09-16,validation,0,2022-10-14,0.8118594057,1
2022-09-19,validation,0,2022-10-17,0.8198869034,1
2022-09-20,validation,0,2022-10-18,0.840614555,1
2022-09-21,validation,0,2022-10-19,0.8873977132,1
2022-09-22,validation,0,2022-10-20,0.8323640663,1
2022-09-23,validation,1,2022-10-21,0.8233572705,1
2022-09-26,validation,1,2022-10-24,0.8264837254,1
2022-09-27,validation,1,2022-10-25,0.8404908998,1
2022-09-28,validation,1,2022-10-26,0.8382632411,1
2022-09-29,validation,1,2022-10-27,0.8626543132,1
2022-09-30,validation,1,2022-10-28,0.9309315108,1
2022-10-03,validation,1,2022-10-31,0.9215789591,1
2022-10-04,validation,1,2022-11-01,0.8519326257,1
2022-10-05,validation,0,2022-11-02,0.8707047588,1
2022-10-06,validation,0,2022-11-03,0.8628340174,1
2022-10-07,validation,1,2022-11-04,0.8557847762,1
2022-10-10,validation,1,2022-11-07,0.8632794716,1
2022-10-11,validation,1,2022-11-08,0.8633654518,1
2022-10-12,validation,1,2022-11-09,0.9221810907,1
2022-10-13,validation,1,2022-11-10,0.8965657115,1
2022-10-14,validation,1,2022-11-11,0.9313662138,1
2022-10-17,validation,1,2022-11-14,0.8678291613,1
2022-10-18,validation,1,2022-11-15,0.8697686347,1
2022-10-19,validation,1,2022-11-16,0.8685084386,1
2022-10-20,validation,1,2022-11-17,0.8699446152,1
2022-10-21,validation,1,2022-11-18,0.8690292061,1
2022-10-24,validation,1,2022-11-21,0.867614212,1
2022-10-25,validation,1,2022-11-22,0.8576273049,1
2022-10-26,validation,1,2022-11-23,0.8758504808,1
2022-10-27,validation,1,2022-11-25,0.9057426651,1
2022-10-28,validation,1,2022-11-28,0.8493218552,1
2022-10-31,validation,1,2022-11-29,0.851377052,1
2022-11-01,validation,1,2022-11-30,0.8505566243,1
2022-11-02,validation,1,2022-12-01,0.8832276649,1
2022-11-03,validation,1,2022-12-02,0.9199598672,1
2022-11-04,validation,1,2022-12-05,0.937056347,1
2022-11-07,validation,1,2022-12-06,0.9451379518,1
2022-11-08,validation,1,2022-12-07,0.9458389323,1
2022-11-09,validation,1,2022-12-08,0.9551311145,1
2022-11-10,validation,0,2022-12-09,0.926636683,1
2022-11-11,validation,1,2022-12-12,0.921988858,1
2022-11-14,validation,1,2022-12-13,0.9154140953,1
2022-11-15,validation,1,2022-12-14,0.8463101352,1
2022-11-16,validation,0,2022-12-15,0.8779096762,1
2022-11-17,validation,0,2022-12-16,0.9042541295,1
2022-11-18,validation,0,2022-12-19,0.913235903,1
2022-11-21,validation,0,2022-12-20,0.8443425229,1
2022-11-22,validation,0,2022-12-21,0.8498946302,1
2022-11-23,validation,0,2022-12-22,0.8266151057,1
2022-11-25,validation,0,2022-12-23,0.8157829368,1
2022-11-28,validation,0,2022-12-27,0.8531656108,1
2022-11-29,validation,0,2022-12-28,0.829997687,1
2022-11-30,validation,0,2022-12-29,0.8132246555,1
2022-12-01,validation,0,2022-12-30,0.826850944,1
2022-12-02,validation,0,2023-01-03,0.8197010316,1
2022-12-05,validation,0,2023-01-04,0.8979200282,1
2022-12-06,validation,0,2023-01-05,0.9406221179,1
2022-12-07,validation,0,2023-01-06,0.882706986,1
2022-12-08,validation,0,2023-01-09,0.8463261519,1
2022-12-09,validation,0,2023-01-10,0.8131289506,1
2022-12-12,validation,0,2023-01-11,0.8226747242,1
2022-12-13,validation,0,2023-01-12,0.833394408,1
2022-12-14,validation,1,2023-01-13,0.8266828424,1
2022-12-15,validation,1,2023-01-17,0.8151004861,1
2022-12-16,validation,1,2023-01-18,0.8167564261,1
2022-12-19,validation,1,2023-01-19,0.8268871956,1
2022-12-20,validation,1,2023-01-20,0.8253167572,1
2022-12-21,validation,1,2023-01-23,0.809214755,1
2022-12-22,validation,1,2023-01-24,0.8232913163,1
2022-12-23,validation,1,2023-01-25,0.8231999395,1
2022-12-27,validation,1,2023-01-26,0.8066958939,1
2022-12-28,validation,1,2023-01-27,0.8240305344,1
2022-12-29,validation,1,2023-01-30,0.8095323917,1
2022-12-30,validation,1,2023-01-31,0.8167500088,1
2023-01-03,test,1,2023-02-01,0.6094219981,1
2023-01-04,test,1,2023-02-02,0.5944672358,1
2023-01-05,test,1,2023-02-03,0.5991399319,1
2023-01-06,test,1,2023-02-06,0.5789569139,1
2023-01-09,test,1,2023-02-07,0.5859870749,1
2023-01-10,test,1,2023-02-08,0.5868074554,1
2023-01-11,test,1,2023-02-09,0.598343044,1
2023-01-12,test,1,2023-02-10,0.6192100934,1
2023-01-13,test,1,2023-02-13,0.6113572138,1
2023-01-17,test,1,2023-02-14,0.6001374625,1
2023-01-18,test,1,2023-02-15,0.6189204275,1
2023-01-19,test,1,2023-02-16,0.7390016658,1
2023-01-20,test,1,2023-02-17,0.7094590279,1
2023-01-23,test,0,2023-02-21,0.6761005304,1
2023-01-24,test,0,2023-02-22,0.6677863168,1
2023-01-25,test,1,2023-02-23,0.6332378,1
2023-01-26,test,0,2023-02-24,0.7089842295,1
2023-01-27,test,0,2023-02-27,0.6800259897,1
2023-01-30,test,0,2023-02-28,0.7093437816,1
2023-01-31,test,0,2023-03-01,0.6760949897,1
2023-02-01,test,0,2023-03-02,0.6537179881,1
2023-02-02,test,0,2023-03-03,0.7089143179,1
2023-02-03,test,0,2023-03-06,0.6752838449,1
2023-02-06,test,0,2023-03-07,0.6517738653,1
2023-02-07,test,0,2023-03-08,0.6985600792,1
2023-02-08,test,0,2023-03-09,0.6488105129,1
2023-02-09,test,0,2023-03-10,0.6716604846,1
2023-02-10,test,0,2023-03-13,0.6529320097,1
2023-02-13,test,0,2023-03-14,0.6491437916,1
2023-02-14,test,0,2023-03-15,0.6442379862,1
2023-02-15,test,0,2023-03-16,0.6694984141,1
2023-02-16,test,0,2023-03-17,0.6242016823,1
2023-02-17,test,0,2023-03-20,0.6193448734,1
2023-02-21,test,1,2023-03-21,0.6500163844,1
2023-02-22,test,0,2023-03-22,0.6257670466,1
2023-02-23,test,0,2023-03-23,0.6670870351,1
2023-02-24,test,1,2023-03-24,0.5682278536,1
2023-02-27,test,1,2023-03-27,0.5768689577,1
2023-02-28,test,1,2023-03-28,0.6914359532,1
2023-03-01,test,1,2023-03-29,0.6285104089,1
2023-03-02,test,1,2023-03-30,0.5724590995,1
2023-03-03,test,1,2023-03-31,0.6441109522,1
2023-03-06,test,1,2023-04-03,0.6266093137,1
2023-03-07,test,1,2023-04-04,0.5731654921,1
2023-03-08,test,1,2023-04-05,0.5927585276,1
2023-03-09,test,1,2023-04-06,0.5865256676,1
2023-03-10,test,1,2023-04-10,0.6609318663,1
2023-03-13,test,1,2023-04-11,0.6879366598,1
2023-03-14,test,1,2023-04-12,0.5999658735,1
2023-03-15,test,1,2023-04-13,0.5251183997,1
2023-03-16,test,1,2023-04-14,0.5270293432,1
2023-03-17,test,1,2023-04-17,0.4908429278,0
2023-03-20,test,1,2023-04-18,0.4913238047,0
2023-03-21,test,1,2023-04-19,0.6065882226,1
2023-03-22,test,1,2023-04-20,0.5399498282,1
2023-03-23,test,1,2023-04-21,0.5529290143,1
2023-03-24,test,1,2023-04-24,0.511502116,1
2023-03-27,test,1,2023-04-25,0.5184718856,1
2023-03-28,test,1,2023-04-26,0.561278981,1
2023-03-29,test,1,2023-04-27,0.6105357857,1
2023-03-30,test,1,2023-04-28,0.6040405251,1
2023-03-31,test,1,2023-05-01,0.5827366788,1
2023-04-03,test,0,2023-05-02,0.594139483,1
2023-04-04,test,0,2023-05-03,0.5943830703,1
2023-04-05,test,0,2023-05-04,0.5826865899,1
2023-04-06,test,1,2023-05-05,0.581354534,1
2023-04-10,test,1,2023-05-08,0.5860788937,1
2023-04-11,test,1,2023-05-09,0.589275188,1
2023-04-12,test,1,2023-05-10,0.5953999663,1
2023-04-13,test,0,2023-05-11,0.6330416038,1
2023-04-14,test,0,2023-05-12,0.624405485,1
2023-04-17,test,0,2023-05-15,0.6116496379,1
2023-04-18,test,0,2023-05-16,0.6276814505,1
2023-04-19,test,1,2023-05-17,0.6416104411,1
2023-04-20,test,1,2023-05-18,0.619320141,1
2023-04-21,test,1,2023-05-19,0.6227923863,1
2023-04-24,test,1,2023-05-22,0.6402980663,1
2023-04-25,test,1,2023-05-23,0.6103713619,1
2023-04-26,test,1,2023-05-24,0.5990549993,1
2023-04-27,test,1,2023-05-25,0.6490277094,1
2023-04-28,test,1,2023-05-26,0.6889629217,1
2023-05-01,test,1,2023-05-30,0.6933805202,1
2023-05-02,test,1,2023-05-31,0.6854994168,1
2023-05-03,test,1,2023-06-01,0.7363239768,1
2023-05-04,test,1,2023-06-02,0.8097046685,1
2023-05-05,test,1,2023-06-05,0.7246833643,1
2023-05-08,test,1,2023-06-06,0.6830803304,1
2023-05-09,test,1,2023-06-07,0.7247549668,1
2023-05-10,test,1,2023-06-08,0.7962718782,1
2023-05-11,test,1,2023-06-09,0.7967352542,1
2023-05-12,test,1,2023-06-12,0.8269403324,1
2023-05-15,test,1,2023-06-13,0.7594376233,1
2023-05-16,test,1,2023-06-14,0.7157841677,1
2023-05-17,test,1,2023-06-15,0.716745574,1
2023-05-18,test,1,2023-06-16,0.7243461406,1
2023-05-19,test,1,2023-06-20,0.7221664329,1
2023-05-22,test,1,2023-06-21,0.7323062025,1
2023-05-23,test,1,2023-06-22,0.7023293317,1
2023-05-24,test,1,2023-06-23,0.6609410321,1
2023-05-25,test,1,2023-06-26,0.6738210304,1
2023-05-26,test,1,2023-06-27,0.6935440592,1
2023-05-30,test,1,2023-06-28,0.6814873102,1
2023-05-31,test,1,2023-06-29,0.6767742212,1
2023-06-01,test,1,2023-06-30,0.6765488378,1
2023-06-02,test,1,2023-07-03,0.6349846958,1
2023-06-05,test,1,2023-07-05,0.6302446871,1
2023-06-06,test,1,2023-07-06,0.6384731415,1
2023-06-07,test,1,2023-07-07,0.6452593463,1
2023-06-08,test,1,2023-07-10,0.6511727209,1
2023-06-09,test,1,2023-07-11,0.7208560125,1
2023-06-12,test,1,2023-07-12,0.6637954829,1
2023-06-13,test,1,2023-07-13,0.6806963163,1
2023-06-14,test,1,2023-07-14,0.6564820147,1
2023-06-15,test,1,2023-07-17,0.6309315484,1
2023-06-16,test,1,2023-07-18,0.6149081754,1
2023-06-20,test,1,2023-07-19,0.5840426889,1
2023-06-21,test,1,2023-07-20,0.6573796247,1
2023-06-22,test,1,2023-07-21,0.5936494204,1
2023-06-23,test,1,2023-07-24,0.5904034072,1
2023-06-26,test,1,2023-07-25,0.638559692,1
2023-06-27,test,1,2023-07-26,0.6051293199,1
2023-06-28,test,1,2023-07-27,0.6349651187,1
2023-06-29,test,1,2023-07-28,0.6083523354,1
2023-06-30,test,1,2023-07-31,0.5765875139,1
2023-07-03,test,1,2023-08-01,0.6102920708,1
2023-07-05,test,1,2023-08-02,0.60496978,1
2023-07-06,test,1,2023-08-03,0.6215015684,1
2023-07-07,test,1,2023-08-04,0.6333421897,1
2023-07-10,test,1,2023-08-07,0.6210094196,1
2023-07-11,test,1,2023-08-08,0.623644012,1
2023-07-12,test,0,2023-08-09,0.6128234459,1
2023-07-13,test,0,2023-08-10,0.6508597782,1
2023-07-14,test,0,2023-08-11,0.6310771718,1
2023-07-17,test,0,2023-08-14,0.6410884388,1
2023-07-18,test,0,2023-08-15,0.6042565286,1
2023-07-19,test,0,2023-08-16,0.6008642175,1
2023-07-20,test,0,2023-08-17,0.6067009995,1
2023-07-21,test,0,2023-08-18,0.6013343355,1
2023-07-24,test,0,2023-08-21,0.5859852652,1
2023-07-25,test,0,2023-08-22,0.5770145066,1
2023-07-26,test,0,2023-08-23,0.6297938012,1
2023-07-27,test,0,2023-08-24,0.6434630326,1
2023-07-28,test,0,2023-08-25,0.6219681903,1
2023-07-31,test,0,2023-08-28,0.600036988,1
2023-08-01,test,0,2023-08-29,0.5861126375,1
2023-08-02,test,1,2023-08-30,0.595805407,1
2023-08-03,test,1,2023-08-31,0.5991045446,1
2023-08-04,test,1,2023-09-01,0.5910493148,1
2023-08-07,test,0,2023-09-05,0.5845169858,1
2023-08-08,test,0,2023-09-06,0.5908105332,1
2023-08-09,test,0,2023-09-07,0.6103510789,1
2023-08-10,test,0,2023-09-08,0.6068783863,1
2023-08-11,test,1,2023-09-11,0.6121488631,1
2023-08-14,test,0,2023-09-12,0.5904990684,1
2023-08-15,test,1,2023-09-13,0.6376535888,1
2023-08-16,test,1,2023-09-14,0.6557405025,1
2023-08-17,test,1,2023-09-15,0.6627446517,1
2023-08-18,test,1,2023-09-18,0.6598521623,1
2023-08-21,test,1,2023-09-19,0.6378712309,1
2023-08-22,test,1,2023-09-20,0.6656514493,1
2023-08-23,test,0,2023-09-21,0.6589748116,1
2023-08-24,test,0,2023-09-22,0.6899785823,1
2023-08-25,test,0,2023-09-25,0.6812768502,1
2023-08-28,test,0,2023-09-26,0.6714394686,1
2023-08-29,test,0,2023-09-27,0.6476325503,1
2023-08-30,test,0,2023-09-28,0.6523124381,1
2023-08-31,test,0,2023-09-29,0.6557838928,1
2023-09-01,test,0,2023-10-02,0.6639918973,1
2023-09-05,test,0,2023-10-03,0.6623992127,1
2023-09-06,test,0,2023-10-04,0.6794469622,1
2023-09-07,test,0,2023-10-05,0.6861324638,1
2023-09-08,test,0,2023-10-06,0.6914834522,1
2023-09-11,test,0,2023-10-09,0.6649525938,1
2023-09-12,test,0,2023-10-10,0.6864237109,1
2023-09-13,test,0,2023-10-11,0.6745097084,1
2023-09-14,test,0,2023-10-12,0.6806100406,1
2023-09-15,test,0,2023-10-13,0.708391292,1
2023-09-18,test,0,2023-10-16,0.717369492,1
2023-09-19,test,0,2023-10-17,0.741124272,1
2023-09-20,test,0,2023-10-18,0.7350698802,1
2023-09-21,test,0,2023-10-19,0.7466027785,1
2023-09-22,test,0,2023-10-20,0.7112042867,1
2023-09-25,test,0,2023-10-23,0.7191644684,1
2023-09-26,test,0,2023-10-24,0.7330018415,1
2023-09-27,test,0,2023-10-25,0.7212897395,1
2023-09-28,test,0,2023-10-26,0.760158986,1
2023-09-29,test,0,2023-10-27,0.7541278059,1
2023-10-02,test,0,2023-10-30,0.6499143769,1
2023-10-03,test,0,2023-10-31,0.5720948264,1
2023-10-04,test,0,2023-11-01,0.5637944209,1
2023-10-05,test,1,2023-11-02,0.5713420124,1
2023-10-06,test,1,2023-11-03,0.5912270308,1
2023-10-09,test,1,2023-11-06,0.6107244671,1
2023-10-10,test,1,2023-11-07,0.634570983,1
2023-10-11,test,1,2023-11-08,0.6527833959,1
2023-10-12,test,1,2023-11-09,0.640791869,1
2023-10-13,test,1,2023-11-10,0.6491713762,1
2023-10-16,test,1,2023-11-13,0.6152961898,1
2023-10-17,test,1,2023-11-14,0.6227492424,1
2023-10-18,test,1,2023-11-15,0.6292339734,1
2023-10-19,test,1,2023-11-16,0.5604086298,1
2023-10-20,test,1,2023-11-17,0.5853531791,1
2023-10-23,test,1,2023-11-20,0.6749680639,1
2023-10-24,test,1,2023-11-21,0.6633353431,1
2023-10-25,test,1,2023-11-22,0.7146186448,1
2023-10-26,test,1,2023-11-24,0.6760731622,1
2023-10-27,test,1,2023-11-27,0.6840830462,1
2023-10-30,test,1,2023-11-28,0.6262018707,1
2023-10-31,test,1,2023-11-29,0.6646728275,1
2023-11-01,test,1,2023-11-30,0.6707976365,1
2023-11-02,test,1,2023-12-01,0.667087879,1
2023-11-03,test,1,2023-12-04,0.7238870154,1
2023-11-06,test,1,2023-12-05,0.7010814656,1
2023-11-07,test,1,2023-12-06,0.7264706728,1
2023-11-08,test,1,2023-12-07,0.7159200798,1
2023-11-09,test,1,2023-12-08,0.721739563,1
2023-11-10,test,1,2023-12-11,0.7428412422,1
2023-11-13,test,1,2023-12-12,0.7390456302,1
2023-11-14,test,1,2023-12-13,0.7449668709,1
2023-11-15,test,1,2023-12-14,0.7200901091,1
2023-11-16,test,1,2023-12-15,0.7140683591,1
2023-11-17,test,1,2023-12-18,0.7070050269,1
2023-11-20,test,1,2023-12-19,0.6901412838,1
2023-11-21,test,1,2023-12-20,0.6971202261,1
2023-11-22,test,1,2023-12-21,0.7065700721,1
2023-11-24,test,1,2023-12-22,0.7105278036,1
2023-11-27,test,1,2023-12-26,0.7183779558,1
2023-11-28,test,1,2023-12-27,0.7139938224,1
2023-11-29,test,1,2023-12-28,0.7418044173,1
2023-11-30,test,1,2023-12-29,0.7184951614,1
2023-12-01,test,1,2024-01-02,0.6820330165,1
2023-12-04,test,1,2024-01-03,0.733694452,1
2023-12-05,test,1,2024-01-04,0.7560737414,1
2023-12-06,test,1,2024-01-05,0.7595570555,1
2023-12-07,test,1,2024-01-08,0.7299474765,1
2023-12-08,test,1,2024-01-09,0.683245066,1
2023-12-11,test,1,2024-01-10,0.6785943945,1
2023-12-12,test,1,2024-01-11,0.6778183486,1
2023-12-13,test,1,2024-01-12,0.670212723,1
2023-12-14,test,1,2024-01-16,0.6649570398,1
2023-12-15,test,1,2024-01-17,0.6529663457,1
2023-12-18,test,1,2024-01-18,0.5641926225,1
2023-12-19,test,1,2024-01-19,0.5806800706,1
2023-12-20,test,1,2024-01-22,0.6429036698,1
2023-12-21,test,1,2024-01-23,0.6158352771,1
2023-12-22,test,1,2024-01-24,0.6090178703,1
2023-12-26,test,1,2024-01-25,0.597959376,1
2023-12-27,test,1,2024-01-26,0.6328471951,1
2023-12-28,test,1,2024-01-29,0.6159645418,1
2023-12-29,test,1,2024-01-30,0.6486466833,1
2024-01-02,test,1,2024-01-31,0.6497094907,1
2024-01-03,test,1,2024-02-01,0.6830536826,1
2024-01-04,test,1,2024-02-02,0.6901242172,1
2024-01-05,test,1,2024-02-05,0.6913783447,1
2024-01-08,test,1,2024-02-06,0.6638272359,1
2024-01-09,test,1,2024-02-07,0.6648033692,1
2024-01-10,test,1,2024-02-08,0.6324640513,1
2024-01-11,test,1,2024-02-09,0.6552601393,1
2024-01-12,test,1,2024-02-12,0.6815404072,1
2024-01-16,test,1,2024-02-13,0.6947501907,1
2024-01-17,test,1,2024-02-14,0.6860924512,1
2024-01-18,test,1,2024-02-15,0.6754957143,1
2024-01-19,test,1,2024-02-16,0.6064750606,1
2024-01-22,test,1,2024-02-20,0.5995829591,1
2024-01-23,test,1,2024-02-21,0.5918551947,1
2024-01-24,test,1,2024-02-22,0.6083722617,1
2024-01-25,test,1,2024-02-23,0.5835232774,1
2024-01-26,test,1,2024-02-26,0.5832286369,1
2024-01-29,test,1,2024-02-27,0.5780833243,1
2024-01-30,test,1,2024-02-28,0.5901222347,1
2024-01-31,test,1,2024-02-29,0.6348137846,1
2024-02-01,test,1,2024-03-01,0.5752879023,1
2024-02-02,test,1,2024-03-04,0.5413926483,1
2024-02-05,test,1,2024-03-05,0.5907216697,1
2024-02-06,test,1,2024-03-06,0.6042393545,1
2024-02-07,test,1,2024-03-07,0.5356009,1
2024-02-08,test,1,2024-03-08,0.5803125742,1
2024-02-09,test,1,2024-03-11,0.5377204493,1
2024-02-12,test,1,2024-03-12,0.5329283676,1
2024-02-13,test,1,2024-03-13,0.5920023567,1
2024-02-14,test,1,2024-03-14,0.5665051033,1
2024-02-15,test,1,2024-03-15,0.5396519037,1
2024-02-16,test,1,2024-03-18,0.606393488,1
2024-02-20,test,1,2024-03-19,0.6101733212,1
2024-02-21,test,1,2024-03-20,0.6229986748,1
2024-02-22,test,1,2024-03-21,0.5752018887,1
2024-02-23,test,1,2024-03-22,0.5956017346,1
2024-02-26,test,1,2024-03-25,0.593201008,1
2024-02-27,test,1,2024-03-26,0.5983793127,1
2024-02-28,test,1,2024-03-27,0.5993846025,1
2024-02-29,test,1,2024-03-28,0.5622639385,1
2024-03-01,test,1,2024-04-01,0.5533667174,1
2024-03-04,test,1,2024-04-02,0.5860028703,1
2024-03-05,test,1,2024-04-03,0.5945518301,1
2024-03-06,test,1,2024-04-04,0.6062399305,1
2024-03-07,test,1,2024-04-05,0.6143576387,1
2024-03-08,test,1,2024-04-08,0.6282552558,1
2024-03-11,test,1,2024-04-09,0.6508246839,1
2024-03-12,test,0,2024-04-10,0.7049851819,1
2024-03-13,test,1,2024-04-11,0.6683208788,1
2024-03-14,test,0,2024-04-12,0.614067649,1
2024-03-15,test,0,2024-04-15,0.661533397,1
2024-03-18,test,0,2024-04-16,0.6256104238,1
2024-03-19,test,0,2024-04-17,0.6132698896,1
2024-03-20,test,0,2024-04-18,0.5581258765,1
2024-03-21,test,0,2024-04-19,0.608670641,1
2024-03-22,test,0,2024-04-22,0.5998727507,1
2024-03-25,test,0,2024-04-23,0.5644360332,1
2024-03-26,test,0,2024-04-24,0.5725033759,1
2024-03-27,test,0,2024-04-25,0.5228124472,1
2024-03-28,test,0,2024-04-26,0.5809155499,1
2024-04-01,test,0,2024-04-29,0.5583140268,1
2024-04-02,test,0,2024-04-30,0.524330856,1
2024-04-03,test,0,2024-05-01,0.5555755883,1
2024-04-04,test,0,2024-05-02,0.5944777132,1
2024-04-05,test,0,2024-05-03,0.5957908879,1
2024-04-08,test,0,2024-05-06,0.5946890126,1
2024-04-09,test,0,2024-05-07,0.6103519854,1
2024-04-10,test,1,2024-05-08,0.5982165476,1
2024-04-11,test,1,2024-05-09,0.6200430923,1
2024-04-12,test,1,2024-05-10,0.6319858492,1
2024-04-15,test,1,2024-05-13,0.6796380575,1
2024-04-16,test,1,2024-05-14,0.6819394825,1
2024-04-17,test,1,2024-05-15,0.685704126,1
2024-04-18,test,1,2024-05-16,0.7226745216,1
2024-04-19,test,1,2024-05-17,0.7363099505,1
2024-04-22,test,1,2024-05-20,0.7274813026,1
2024-04-23,test,1,2024-05-21,0.7176945872,1
2024-04-24,test,1,2024-05-22,0.7178874646,1
2024-04-25,test,1,2024-05-23,0.7171818741,1
2024-04-26,test,1,2024-05-24,0.6957172742,1
2024-04-29,test,1,2024-05-28,0.7086105287,1
2024-04-30,test,1,2024-05-29,0.7420818848,1
2024-05-01,test,1,2024-05-30,0.7557206665,1
2024-05-02,test,1,2024-05-31,0.7750609961,1
2024-05-03,test,1,2024-06-03,0.7738922137,1
2024-05-06,test,1,2024-06-04,0.7453996398,1
2024-05-07,test,1,2024-06-05,0.7442209846,1
2024-05-08,test,1,2024-06-06,0.7302970011,1
2024-05-09,test,1,2024-06-07,0.7029647579,1
2024-05-10,test,1,2024-06-10,0.6986916198,1
2024-05-13,test,1,2024-06-11,0.7004457019,1
2024-05-14,test,1,2024-06-12,0.6889044464,1
2024-05-15,test,1,2024-06-13,0.6501811115,1
2024-05-16,test,1,2024-06-14,0.649637077,1
2024-05-17,test,1,2024-06-17,0.6729000172,1
2024-05-20,test,1,2024-06-18,0.6583177716,1
2024-05-21,test,1,2024-06-20,0.6711270227,1
2024-05-22,test,1,2024-06-21,0.6498112273,1
2024-05-23,test,1,2024-06-24,0.6720525002,1
2024-05-24,test,1,2024-06-25,0.6598410426,1
2024-05-28,test,1,2024-06-26,0.6652817903,1
2024-05-29,test,1,2024-06-27,0.6352454531,1
2024-05-30,test,1,2024-06-28,0.6553616474,1
2024-05-31,test,1,2024-07-01,0.6324375375,1
2024-06-03,test,1,2024-07-02,0.6468878347,1
2024-06-04,test,1,2024-07-03,0.5498867435,1
2024-06-05,test,1,2024-07-05,0.5545677735,1
2024-06-06,test,1,2024-07-08,0.668534532,1
2024-06-07,test,1,2024-07-09,0.648143924,1
2024-06-10,test,1,2024-07-10,0.659834621,1
2024-06-11,test,1,2024-07-11,0.5978455922,1
2024-06-12,test,1,2024-07-12,0.6302183871,1
2024-06-13,test,1,2024-07-15,0.6136885105,1
2024-06-14,test,1,2024-07-16,0.6167722482,1
2024-06-17,test,1,2024-07-17,0.6125999257,1
2024-06-18,test,1,2024-07-18,0.6106325315,1
2024-06-20,test,1,2024-07-19,0.6178655684,1
2024-06-21,test,1,2024-07-22,0.6176581836,1
2024-06-24,test,1,2024-07-23,0.6233025479,1
2024-06-25,test,0,2024-07-24,0.6277905626,1
2024-06-26,test,0,2024-07-25,0.6297773988,1
2024-06-27,test,0,2024-07-26,0.6101474241,1
2024-06-28,test,1,2024-07-29,0.5906068176,1
2024-07-01,test,0,2024-07-30,0.5260504528,1
2024-07-02,test,1,2024-07-31,0.5487163406,1
2024-07-03,test,0,2024-08-01,0.5732773451,1
2024-07-05,test,0,2024-08-02,0.5277607658,1
2024-07-08,test,0,2024-08-05,0.4857835987,0
2024-07-09,test,0,2024-08-06,0.4935988417,0
2024-07-10,test,0,2024-08-07,0.4837966195,0
2024-07-11,test,0,2024-08-08,0.546216105,1
2024-07-12,test,0,2024-08-09,0.5819188382,1
2024-07-15,test,0,2024-08-12,0.5431742269,1
2024-07-16,test,0,2024-08-13,0.5306168323,1
2024-07-17,test,0,2024-08-14,0.5564242831,1
2024-07-18,test,1,2024-08-15,0.5785614173,1
2024-07-19,test,1,2024-08-16,0.6019811367,1
2024-07-22,test,1,2024-08-19,0.5592975962,1
2024-07-23,test,1,2024-08-20,0.5389425391,1
2024-07-24,test,1,2024-08-21,0.6491421463,1
2024-07-25,test,1,2024-08-22,0.6622657322,1
2024-07-26,test,1,2024-08-23,0.6266950603,1
2024-07-29,test,1,2024-08-26,0.6116897402,1
2024-07-30,test,1,2024-08-27,0.6433366624,1
2024-07-31,test,1,2024-08-28,0.6402878581,1
2024-08-01,test,1,2024-08-29,0.6612305108,1
2024-08-02,test,1,2024-08-30,0.7086250469,1
2024-08-05,test,1,2024-09-03,0.7314734594,1
2024-08-06,test,1,2024-09-04,0.7124618864,1
2024-08-07,test,1,2024-09-05,0.7272675961,1
2024-08-08,test,1,2024-09-06,0.6947330672,1
2024-08-09,test,1,2024-09-09,0.6819880189,1
2024-08-12,test,1,2024-09-10,0.7124071592,1
2024-08-13,test,1,2024-09-11,0.6730886897,1
2024-08-14,test,1,2024-09-12,0.6807142865,1
2024-08-15,test,1,2024-09-13,0.6597271856,1
2024-08-16,test,1,2024-09-16,0.6663707991,1
2024-08-19,test,1,2024-09-17,0.6674885875,1
2024-08-20,test,1,2024-09-18,0.6684626415,1
2024-08-21,test,1,2024-09-19,0.6577193992,1
2024-08-22,test,1,2024-09-20,0.6840611514,1
2024-08-23,test,1,2024-09-23,0.6993722799,1
2024-08-26,test,1,2024-09-24,0.6506284387,1
2024-08-27,test,1,2024-09-25,0.6837136602,1
2024-08-28,test,1,2024-09-26,0.6940784996,1
2024-08-29,test,1,2024-09-27,0.6980750659,1
2024-08-30,test,1,2024-09-30,0.6651040673,1
2024-09-03,test,1,2024-10-01,0.6879359852,1
2024-09-04,test,1,2024-10-02,0.7778351181,1
2024-09-05,test,1,2024-10-03,0.814224695,1
2024-09-06,test,1,2024-10-04,0.8715238654,1
2024-09-09,test,1,2024-10-07,0.8650130009,1
2024-09-10,test,1,2024-10-08,0.863833891,1
2024-09-11,test,1,2024-10-09,0.820722407,1
2024-09-12,test,1,2024-10-10,0.8194751894,1
2024-09-13,test,1,2024-10-11,0.7965579354,1
2024-09-16,test,1,2024-10-14,0.7946985833,1
2024-09-17,test,1,2024-10-15,0.7953725087,1
2024-09-18,test,1,2024-10-16,0.8039994332,1
2024-09-19,test,1,2024-10-17,0.7599161391,1
2024-09-20,test,1,2024-10-18,0.7650169288,1
2024-09-23,test,1,2024-10-21,0.7643811243,1
2024-09-24,test,1,2024-10-22,0.7744389818,1
2024-09-25,test,1,2024-10-23,0.7801091632,1
2024-09-26,test,1,2024-10-24,0.8149472846,1
2024-09-27,test,1,2024-10-25,0.8294809977,1
2024-09-30,test,1,2024-10-28,0.7908075853,1
2024-10-01,test,1,2024-10-29,0.8175062813,1
2024-10-02,test,1,2024-10-30,0.8143459053,1
2024-10-03,test,1,2024-10-31,0.8601605705,1
2024-10-04,test,0,2024-11-01,0.7460120612,1
2024-10-07,test,1,2024-11-04,0.7758742829,1
2024-10-08,test,1,2024-11-05,0.757682768,1
2024-10-09,test,1,2024-11-06,0.7462024205,1
2024-10-10,test,1,2024-11-07,0.7556226593,1
2024-10-11,test,1,2024-11-08,0.745771133,1
2024-10-14,test,1,2024-11-11,0.7394547683,1
2024-10-15,test,1,2024-11-12,0.7708496329,1
2024-10-16,test,1,2024-11-13,0.7202072646,1
2024-10-17,test,1,2024-11-14,0.692227341,1
2024-10-18,test,1,2024-11-15,0.7240519891,1
2024-10-21,test,1,2024-11-18,0.7376574865,1
2024-10-22,test,1,2024-11-19,0.7410214968,1
2024-10-23,test,1,2024-11-20,0.7344944746,1
2024-10-24,test,1,2024-11-21,0.7303270237,1
2024-10-25,test,1,2024-11-22,0.7364741471,1
2024-10-28,test,1,2024-11-25,0.7208298921,1
2024-10-29,test,1,2024-11-26,0.6781603227,1
2024-10-30,test,1,2024-11-27,0.6887449125,1
2024-10-31,test,1,2024-11-29,0.7302894722,1
2024-11-01,test,1,2024-12-02,0.7521664621,1
2024-11-04,test,1,2024-12-03,0.7120956741,1
2024-11-05,test,1,2024-12-04,0.6765941359,1
2024-11-06,test,1,2024-12-05,0.6998620202,1
2024-11-07,test,1,2024-12-06,0.7034413082,1
2024-11-08,test,1,2024-12-09,0.6827720812,1
2024-11-11,test,1,2024-12-10,0.6814882504,1
2024-11-12,test,1,2024-12-11,0.6526370044,1
2024-11-13,test,1,2024-12-12,0.6619646198,1
2024-11-14,test,1,2024-12-13,0.5579730087,1
2024-11-15,test,1,2024-12-16,0.6096962798,1
2024-11-18,test,1,2024-12-17,0.6004958538,1
2024-11-19,test,0,2024-12-18,0.5657781746,1
2024-11-20,test,0,2024-12-19,0.564126817,1
2024-11-21,test,0,2024-12-20,0.5463698286,1
2024-11-22,test,1,2024-12-23,0.5344939147,1
2024-11-25,test,1,2024-12-24,0.5384683629,1
2024-11-26,test,1,2024-12-26,0.5036677403,1
2024-11-27,test,0,2024-12-27,0.4977049924,0
2024-11-29,test,0,2024-12-30,0.4808075255,0
2024-12-02,test,0,2024-12-31,0.4672866071,0
2024-12-03,test,0,2025-01-02,0.4434442118,0
2024-12-04,test,0,2025-01-03,0.5026337103,1
2024-12-05,test,0,2025-01-06,0.5548114477,1
2024-12-06,test,0,2025-01-07,0.5575655407,1
2024-12-09,test,0,2025-01-08,0.5792939391,1
2024-12-10,test,0,2025-01-10,0.509171199,1
2024-12-11,test,0,2025-01-13,0.4928211685,0
2024-12-12,test,0,2025-01-14,0.4832351182,0
2024-12-13,test,0,2025-01-15,0.5214920771,1
2024-12-16,test,0,2025-01-16,0.483403002,0
2024-12-17,test,0,2025-01-17,0.4944543537,0
2024-12-18,test,1,2025-01-21,0.6466422004,1
2024-12-19,test,1,2025-01-22,0.6501867146,1
2024-12-20,test,1,2025-01-23,0.6456688242,1
2024-12-23,test,1,2025-01-24,0.6207337462,1
2024-12-24,test,0,2025-01-27,0.5858222662,1
2024-12-26,test,1,2025-01-28,0.5783926705,1
2024-12-27,test,1,2025-01-29,0.6313852454,1
2024-12-30,test,1,2025-01-30,0.6581937745,1
2024-12-31,test,1,2025-01-31,0.6692211122,1
2025-01-02,test,1,2025-02-03,0.6644645944,1
2025-01-03,test,1,2025-02-04,0.6506134649,1
2025-01-06,test,1,2025-02-05,0.636609717,1
2025-01-07,test,1,2025-02-06,0.65742138,1
2025-01-08,test,1,2025-02-07,0.6722526048,1
2025-01-10,test,1,2025-02-10,0.6606101388,1
2025-01-13,test,1,2025-02-11,0.6762288075,1
2025-01-14,test,1,2025-02-12,0.6716333934,1
2025-01-15,test,1,2025-02-13,0.6598551986,1
2025-01-16,test,1,2025-02-14,0.679123872,1
2025-01-17,test,1,2025-02-18,0.6740944657,1
2025-01-21,test,1,2025-02-19,0.6591229814,1
2025-01-22,test,1,2025-02-20,0.6295133298,1
2025-01-23,test,0,2025-02-21,0.6164586297,1
2025-01-24,test,0,2025-02-24,0.6470738223,1
2025-01-27,test,0,2025-02-25,0.6769676833,1
2025-01-28,test,0,2025-02-26,0.6494557697,1
2025-01-29,test,0,2025-02-27,0.6681667684,1
2025-01-30,test,0,2025-02-28,0.6305597754,1
2025-01-31,test,0,2025-03-03,0.6513444379,1
2025-02-03,test,0,2025-03-04,0.6648093508,1
2025-02-04,test,0,2025-03-05,0.6596691049,1
2025-02-05,test,0,2025-03-06,0.7123793864,1
2025-02-06,test,0,2025-03-07,0.6872777267,1
2025-02-07,test,0,2025-03-10,0.757330307,1
2025-02-10,test,0,2025-03-11,0.7436305464,1
2025-02-11,test,0,2025-03-12,0.7544792558,1
2025-02-12,test,0,2025-03-13,0.7648025017,1
2025-02-13,test,0,2025-03-14,0.7328150346,1
2025-02-14,test,0,2025-03-17,0.720851287,1
2025-02-18,test,0,2025-03-18,0.7279277794,1
2025-02-19,test,0,2025-03-19,0.7244534316,1
2025-02-20,test,0,2025-03-20,0.7321200534,1
2025-02-21,test,0,2025-03-21,0.8224877828,1
2025-02-24,test,0,2025-03-24,0.851078462,1
2025-02-25,test,0,2025-03-25,0.8735715991,1
2025-02-26,test,0,2025-03-26,0.8818768659,1
2025-02-27,test,0,2025-03-27,0.8866739281,1
2025-02-28,test,0,2025-03-28,0.8347607131,1
2025-03-03,test,0,2025-03-31,0.8881138894,1
2025-03-04,test,0,2025-04-01,0.853959055,1
2025-03-05,test,0,2025-04-02,0.8926673339,1
2025-03-06,test,0,2025-04-03,0.8523592373,1
2025-03-07,test,0,2025-04-04,0.8558142598,1
2025-03-10,test,0,2025-04-07,0.7452148896,1
2025-03-11,test,0,2025-04-08,0.7516697978,1
2025-03-12,test,0,2025-04-09,0.7448493846,1
2025-03-13,test,0,2025-04-10,0.7666229918,1
2025-03-14,test,0,2025-04-11,0.7239451157,1
2025-03-17,test,0,2025-04-14,0.7410158127,1
2025-03-18,test,0,2025-04-15,0.7255513681,1
2025-03-19,test,0,2025-04-16,0.7408831007,1
2025-03-20,test,0,2025-04-17,0.7393950078,1
2025-03-21,test,0,2025-04-21,0.7445113688,1
2025-03-24,test,0,2025-04-22,0.8044413676,1
2025-03-25,test,0,2025-04-23,0.8061307309,1
2025-03-26,test,0,2025-04-24,0.7472953302,1
2025-03-27,test,0,2025-04-25,0.756140259,1
2025-03-28,test,0,2025-04-28,0.7284282496,1
2025-03-31,test,0,2025-04-29,0.7264032211,1
2025-04-01,test,0,2025-04-30,0.7284921995,1
2025-04-02,test,0,2025-05-01,0.7431104761,1
2025-04-03,test,1,2025-05-02,0.8329766703,1
2025-04-04,test,1,2025-05-05,0.9341678319,1
2025-04-07,test,1,2025-05-06,0.935787966,1
2025-04-08,test,1,2025-05-07,0.9384426592,1
2025-04-09,test,1,2025-05-08,0.7979335461,1
2025-04-10,test,1,2025-05-09,0.8970412612,1
2025-04-11,test,1,2025-05-12,0.8943978908,1
2025-04-14,test,1,2025-05-13,0.8491166555,1
2025-04-15,test,1,2025-05-14,0.8943969967,1
2025-04-16,test,1,2025-05-15,0.9262345996,1
2025-04-17,test,1,2025-05-16,0.9296256032,1
2025-04-21,test,1,2025-05-19,0.9308065111,1
2025-04-22,test,1,2025-05-20,0.922001266,1
2025-04-23,test,1,2025-05-21,0.908577273,1
2025-04-24,test,1,2025-05-22,0.8460223952,1
2025-04-25,test,1,2025-05-23,0.8164688273,1
2025-04-28,test,1,2025-05-27,0.8147407973,1
2025-04-29,test,1,2025-05-28,0.7971817559,1
2025-04-30,test,1,2025-05-29,0.7890102729,1
2025-05-01,test,1,2025-05-30,0.7795524257,1
2025-05-02,test,1,2025-06-02,0.7791258751,1
2025-05-05,test,1,2025-06-03,0.7794621031,1
2025-05-06,test,1,2025-06-04,0.773302221,1
2025-05-07,test,1,2025-06-05,0.784135703,1
2025-05-08,test,1,2025-06-06,0.8015397814,1
2025-05-09,test,1,2025-06-09,0.8012292802,1
2025-05-12,test,1,2025-06-10,0.8098511,1
2025-05-13,test,1,2025-06-11,0.8173615001,1
2025-05-14,test,1,2025-06-12,0.8137788588,1
2025-05-15,test,1,2025-06-13,0.8222316769,1
2025-05-16,test,1,2025-06-16,0.8120926265,1
2025-05-19,test,1,2025-06-17,0.8101622311,1
2025-05-20,test,1,2025-06-18,0.804382334,1
2025-05-21,test,1,2025-06-20,0.7545564773,1
2025-05-22,test,1,2025-06-23,0.7589783188,1
2025-05-23,test,1,2025-06-24,0.7548698944,1
2025-05-27,test,1,2025-06-25,0.7849297193,1
2025-05-28,test,1,2025-06-26,0.7633231875,1
2025-05-29,test,1,2025-06-27,0.7435528937,1
2025-05-30,test,1,2025-06-30,0.7596754934,1
2025-06-02,test,1,2025-07-01,0.7699562935,1
2025-06-03,test,1,2025-07-02,0.7517230216,1
2025-06-04,test,1,2025-07-03,0.7570201747,1
2025-06-05,test,1,2025-07-07,0.765036862,1
2025-06-06,test,1,2025-07-08,0.7478898188,1
2025-06-09,test,1,2025-07-09,0.7468005132,1
2025-06-10,test,1,2025-07-10,0.7276168415,1
2025-06-11,test,1,2025-07-11,0.7472151236,1
2025-06-12,test,1,2025-07-14,0.6957005133,1
2025-06-13,test,1,2025-07-15,0.7497695734,1
2025-06-16,test,1,2025-07-16,0.7266480924,1
2025-06-17,test,1,2025-07-17,0.7449636991,1
2025-06-18,test,1,2025-07-18,0.7488016821,1
2025-06-20,test,1,2025-07-21,0.7723015129,1
2025-06-23,test,1,2025-07-22,0.7296242781,1
2025-06-24,test,1,2025-07-23,0.6905996056,1
2025-06-25,test,1,2025-07-24,0.6738049703,1
2025-06-26,test,1,2025-07-25,0.6826893312,1
2025-06-27,test,1,2025-07-28,0.6819701044,1
2025-06-30,test,1,2025-07-29,0.6768443518,1
2025-07-01,test,1,2025-07-30,0.6844191503,1
2025-07-02,test,1,2025-07-31,0.694077219,1
2025-07-03,test,0,2025-08-01,0.69386009,1
2025-07-07,test,1,2025-08-04,0.7097250923,1
2025-07-08,test,1,2025-08-05,0.7153108918,1
2025-07-09,test,1,2025-08-06,0.7047946817,1
2025-07-10,test,1,2025-08-07,0.6934916524,1
2025-07-11,test,1,2025-08-08,0.6914060872,1
2025-07-14,test,1,2025-08-11,0.6711112152,1
2025-07-15,test,1,2025-08-12,0.6419415652,1
2025-07-16,test,1,2025-08-13,0.6425805857,1
2025-07-17,test,1,2025-08-14,0.6027124475,1
2025-07-18,test,1,2025-08-15,0.6071365167,1
2025-07-21,test,1,2025-08-18,0.6049727279,1
2025-07-22,test,1,2025-08-19,0.6344555706,1
2025-07-23,test,1,2025-08-20,0.655312625,1
2025-07-24,test,1,2025-08-21,0.6105835209,1
2025-07-25,test,1,2025-08-22,0.6112644085,1
2025-07-28,test,1,2025-08-25,0.6000637025,1
2025-07-29,test,1,2025-08-26,0.6130610233,1
2025-07-30,test,1,2025-08-27,0.6038728435,1
2025-07-31,test,1,2025-08-28,0.5970951168,1
2025-08-01,test,1,2025-08-29,0.6648106505,1
2025-08-04,test,1,2025-09-02,0.6257767719,1
2025-08-05,test,1,2025-09-03,0.6466754607,1
2025-08-06,test,1,2025-09-04,0.618019867,1
2025-08-07,test,1,2025-09-05,0.6264014215,1
2025-08-08,test,1,2025-09-08,0.5942532077,1
2025-08-11,test,1,2025-09-09,0.6117121301,1
2025-08-12,test,1,2025-09-10,0.6413207002,1
2025-08-13,test,1,2025-09-11,0.6402908997,1
2025-08-14,test,1,2025-09-12,0.6264759269,1
2025-08-15,test,1,2025-09-15,0.6619419433,1
2025-08-18,test,1,2025-09-16,0.6532215455,1
2025-08-19,test,1,2025-09-17,0.6573348999,1
2025-08-20,test,1,2025-09-18,0.6361874511,1
2025-08-21,test,1,2025-09-19,0.6961854625,1
2025-08-22,test,1,2025-09-22,0.6627700495,1
2025-08-25,test,1,2025-09-23,0.6522296097,1
2025-08-26,test,1,2025-09-24,0.6523845516,1
2025-08-27,test,1,2025-09-25,0.6295955696,1
2025-08-28,test,1,2025-09-26,0.6346923376,1
2025-08-29,test,1,2025-09-29,0.6410106151,1
2025-09-02,test,1,2025-09-30,0.6705438344,1
2025-09-03,test,1,2025-10-01,0.6700394921,1
2025-09-04,test,1,2025-10-02,0.6494222567,1
2025-09-05,test,1,2025-10-03,0.6931234423,1
2025-09-08,test,1,2025-10-06,0.7197331711,1
2025-09-09,test,1,2025-10-07,0.6850000271,1
2025-09-10,test,1,2025-10-08,0.6616077116,1
2025-09-11,test,1,2025-10-09,0.6816057136,1
2025-09-12,test,0,2025-10-10,0.6881602265,1
2025-09-15,test,1,2025-10-13,0.6730248303,1
2025-09-16,test,1,2025-10-14,0.694050419,1
2025-09-17,test,1,2025-10-15,0.7138358843,1
2025-09-18,test,1,2025-10-16,0.7153038361,1
2025-09-19,test,1,2025-10-17,0.6710741953,1
2025-09-22,test,1,2025-10-20,0.644510007,1
2025-09-23,test,1,2025-10-21,0.6743870706,1
2025-09-24,test,1,2025-10-22,0.7015908136,1
2025-09-25,test,1,2025-10-23,0.6983609164,1
2025-09-26,test,1,2025-10-24,0.685815183,1
2025-09-29,test,1,2025-10-27,0.733520763,1
2025-09-30,test,1,2025-10-28,0.7160389364,1
2025-10-01,test,1,2025-10-29,0.6905754518,1
2025-10-02,test,1,2025-10-30,0.7088433962,1
2025-10-03,test,1,2025-10-31,0.7416576598,1
2025-10-06,test,1,2025-11-03,0.7247770094,1
2025-10-07,test,1,2025-11-04,0.7330684591,1
2025-10-08,test,1,2025-11-05,0.7048664266,1
2025-10-09,test,0,2025-11-06,0.7178171693,1
2025-10-10,test,1,2025-11-07,0.7731772679,1
2025-10-13,test,1,2025-11-10,0.7589796312,1
2025-10-14,test,1,2025-11-11,0.7659033667,1
2025-10-15,test,1,2025-11-12,0.7312763797,1
2025-10-16,test,1,2025-11-13,0.7573837869,1
2025-10-17,test,1,2025-11-14,0.7365401744,1
2025-10-20,test,0,2025-11-17,0.7397614349,1
2025-10-21,test,0,2025-11-18,0.732467517,1
2025-10-22,test,0,2025-11-19,0.7167953502,1
2025-10-23,test,0,2025-11-20,0.7260762734,1
2025-10-24,test,0,2025-11-21,0.7468491937,1
2025-10-27,test,0,2025-11-24,0.6977070508,1
2025-10-28,test,0,2025-11-25,0.7076853251,1
2025-10-29,test,0,2025-11-26,0.6947465495,1
2025-10-30,test,1,2025-11-28,0.7212137981,1
2025-10-31,test,0,2025-12-01,0.691885406,1
2025-11-03,test,0,2025-12-02,0.7014466195,1
2025-11-04,test,1,2025-12-03,0.7266604871,1
2025-11-05,test,1,2025-12-04,0.7142399363,1
2025-11-06,test,1,2025-12-05,0.747334536,1
2025-11-07,test,1,2025-12-08,0.7660598796,1
2025-11-10,test,1,2025-12-09,0.7001684852,1
2025-11-11,test,1,2025-12-10,0.6839678722,1
2025-11-12,test,1,2025-12-11,0.6837351613,1
2025-11-13,test,1,2025-12-12,0.7172048416,1
2025-11-14,test,1,2025-12-15,0.7273980655,1
2025-11-17,test,1,2025-12-16,0.6896574476,1
2025-11-18,test,1,2025-12-17,0.7181210272,1
2025-11-19,test,1,2025-12-18,0.7000165808,1
2025-11-20,test,1,2025-12-19,0.7689425429,1
2025-11-21,test,1,2025-12-22,0.7584221752,1
2025-11-24,test,1,2025-12-23,0.7109130214,1
2025-11-25,test,1,2025-12-24,0.6935404317,1
2025-11-26,test,1,2025-12-26,0.705266989,1
2025-11-28,test,1,2025-12-29,0.6969630198,1
2025-12-01,test,1,2025-12-30,0.6649808254,1
2025-12-02,test,1,2025-12-31,0.6634303651,1
2025-12-03,test,1,2026-01-02,0.6623231336,1
2025-12-04,test,1,2026-01-05,0.6655284748,1
2025-12-05,test,1,2026-01-06,0.6685318819,1
2025-12-08,test,1,2026-01-07,0.6585239338,1
2025-12-09,test,1,2026-01-08,0.6552013603,1
2025-12-10,test,1,2026-01-09,0.6603114264,1
2025-12-11,test,1,2026-01-12,0.6728379327,1
2025-12-12,test,1,2026-01-13,0.6868143671,1
2025-12-15,test,1,2026-01-14,0.7180212573,1
2025-12-16,test,1,2026-01-15,0.7427358742,1
2025-12-17,test,1,2026-01-16,0.755536101,1
2025-12-18,test,1,2026-01-20,0.7334855224,1
2025-12-19,test,1,2026-01-21,0.7094131314,1
2025-12-22,test,1,2026-01-22,0.734837494,1
2025-12-23,test,1,2026-01-23,0.7376070768,1
2025-12-24,test,1,2026-01-26,0.7348494592,1
2025-12-26,test,1,2026-01-27,0.7365292737,1
2025-12-29,test,1,2026-01-28,0.7113622628,1
2025-12-30,test,1,2026-01-29,0.6977468212,1
2025-12-31,test,1,2026-01-30,0.7074454424,1
2026-01-02,test,1,2026-02-02,0.7439083825,1
2026-01-05,test,1,2026-02-03,0.7515940685,1
2026-01-06,test,0,2026-02-04,0.7506514377,1
2026-01-07,test,0,2026-02-05,0.7567041273,1
2026-01-08,test,1,2026-02-06,0.7550861738,1
2026-01-09,test,0,2026-02-09,0.7549420861,1
2026-01-12,test,0,2026-02-10,0.7525946221,1
2026-01-13,test,0,2026-02-11,0.7467882301,1
2026-01-14,test,0,2026-02-12,0.7658879627,1
2026-01-15,test,0,2026-02-13,0.7522740037,1
2026-01-16,test,0,2026-02-17,0.7466497197,1
2026-01-20,test,1,2026-02-18,0.7740973267,1
2026-01-21,test,0,2026-02-19,0.7527833631,1
2026-01-22,test,1,2026-02-20,0.7136280941,1
2026-01-23,test,0,2026-02-23,0.7226862279,1
2026-01-26,test,0,2026-02-24,0.7187983697,1
2026-01-27,test,0,2026-02-25,0.7291798172,1
2026-01-28,test,0,2026-02-26,0.7477815583,1
2026-01-29,test,0,2026-02-27,0.7223588342,1
2026-01-30,test,0,2026-03-02,0.716323231,1
2026-02-02,test,0,2026-03-03,0.7258966605,1
2026-02-03,test,0,2026-03-04,0.728584672,1
2026-02-04,test,0,2026-03-05,0.7530719618,1
2026-02-05,test,0,2026-03-06,0.7932708481,1
2026-02-06,test,0,2026-03-09,0.7312202374,1
2026-02-09,test,0,2026-03-10,0.7242477668,1
2026-02-10,test,0,2026-03-11,0.744820703,1
2026-02-11,test,0,2026-03-12,0.7277392998,1
2026-02-12,test,0,2026-03-13,0.8163816745,1
2026-02-13,test,0,2026-03-16,0.7638315174,1
2026-02-17,test,0,2026-03-17,0.7715338814,1
2026-02-18,test,0,2026-03-18,0.7453885316,1
2026-02-19,test,0,2026-03-19,0.7726558198,1
2026-02-20,test,0,2026-03-20,0.7077388885,1
2026-02-23,test,0,2026-03-23,0.7716640684,1
2026-02-24,test,0,2026-03-24,0.7320458736,1
2026-02-25,test,0,2026-03-25,0.7550163964,1
2026-02-26,test,0,2026-03-26,0.7669222255,1
2026-02-27,test,0,2026-03-27,0.8010861992,1
2026-03-02,test,0,2026-03-30,0.7945672591,1
2026-03-03,test,0,2026-03-31,0.8758594673,1
2026-03-04,test,0,2026-04-01,0.8353062661,1
2026-03-05,test,0,2026-04-02,0.8770958461,1
2026-03-06,test,0,2026-04-06,0.8918075686,1
2026-03-09,test,0,2026-04-07,0.8838380762,1
2026-03-10,test,1,2026-04-08,0.874676652,1
2026-03-11,test,1,2026-04-09,0.8655659146,1
2026-03-12,test,1,2026-04-10,0.8326563922,1
2026-03-13,test,1,2026-04-13,0.8047453409,1
2026-03-16,test,1,2026-04-14,0.8240067641,1
2026-03-17,test,1,2026-04-15,0.8077924861,1
2026-03-18,test,1,2026-04-16,0.7858841571,1
2026-03-19,test,1,2026-04-17,0.8100691518,1
2026-03-20,test,1,2026-04-20,0.7671184214,1
2026-03-23,test,1,2026-04-21,0.7989546901,1
2026-03-24,test,1,2026-04-22,0.784591617,1
2026-03-25,test,1,2026-04-23,0.794053375,1
2026-03-26,test,1,2026-04-24,0.76087908,1
2026-03-27,test,1,2026-04-27,0.7728637041,1
2026-03-30,test,1,2026-04-28,0.7643932489,1
2026-03-31,test,1,2026-04-29,0.7515000073,1
2026-04-01,test,1,2026-04-30,0.77463046,1
2026-04-02,test,1,2026-05-01,0.7752305019,1
2026-04-06,test,1,2026-05-04,0.8106981635,1
2026-04-07,test,1,2026-05-05,0.8020670796,1
2026-04-08,test,1,2026-05-06,0.8401288999,1
2026-04-09,test,1,2026-05-07,0.83675384,1
2026-04-10,test,1,2026-05-08,0.8203390344,1
2026-04-13,test,1,2026-05-11,0.7608267187,1
2026-04-14,test,1,2026-05-12,0.7382324802,1
2026-04-15,test,1,2026-05-13,0.700198245,1
2026-04-16,test,1,2026-05-14,0.687583013,1
2026-04-17,test,1,2026-05-15,0.6912825785,1
2026-04-20,test,1,2026-05-18,0.7055017069,1
2026-04-21,test,1,2026-05-19,0.7113315819,1
2026-04-22,test,1,2026-05-20,0.7194258835,1
2026-04-23,test,1,2026-05-21,0.715757113,1
2026-04-24,test,1,2026-05-22,0.684089293,1
2026-04-27,test,1,2026-05-26,0.6514324452,1
2026-04-28,test,1,2026-05-27,0.6543232169,1
2026-04-29,test,1,2026-05-28,0.5420296371,1
2026-04-30,test,1,2026-05-29,0.5303888308,1
2026-05-01,test,1,2026-06-01,0.4760110957,0
2026-05-04,test,1,2026-06-02,0.4871176751,0
2026-05-05,test,1,2026-06-03,0.4544462372,0
2026-05-06,test,1,2026-06-04,0.441435541,0
2026-05-07,test,1,2026-06-05,0.3950549966,0
2026-05-08,test,1,2026-06-08,0.3732581192,0
2026-05-11,test,0,2026-06-09,0.35729363,0
2026-05-12,test,0,2026-06-10,0.3552279061,0
2026-05-13,test,0,2026-06-11,0.3389233815,0
2026-05-14,test,0,2026-06-12,0.3278919729,0
2026-05-15,test,1,2026-06-15,0.3849002224,0
2026-05-18,test,1,2026-06-16,0.3903738148,0
2026-05-19,test,1,2026-06-17,0.4268755055,0
2026-05-20,test,1,2026-06-18,0.3664256653,0
2026-05-21,test,1,2026-06-22,0.3610660386,0
2026-05-22,test,0,2026-06-23,0.3556644092,0
2026-05-26,test,0,2026-06-24,0.3429198116,0
2026-05-27,test,0,2026-06-25,0.3603649523,0
2026-05-28,test,0,2026-06-26,0.4210417421,0
2026-05-29,test,0,2026-06-29,0.4034944187,0
2026-06-01,test,0,2026-06-30,0.4630158609,0
2026-06-02,test,0,2026-07-01,0.4620417666,0
2026-06-03,test,0,2026-07-02,0.4788159354,0
2026-06-04,test,0,2026-07-06,0.4698235911,0
2026-06-05,test,1,2026-07-07,0.5978262038,1
2026-06-08,test,1,2026-07-08,0.6706655851,1
2026-06-09,test,1,2026-07-09,0.6915716312,1
2026-06-10,test,1,2026-07-10,0.6955083984,1
2026-06-11,test,1,2026-07-13,0.709848738,1
2026-06-12,test,1,2026-07-14,0.7067172686,1
2026-06-15,test,1,2026-07-15,0.6498639665,1
2026-06-16,test,1,2026-07-16,0.6863261762,1
2026-06-17,test,1,2026-07-17,0.703740149,1
2026-06-18,test,0,2026-07-20,0.7042493011,1
2026-06-22,test,1,2026-07-21,0.7186231738,1
2026-06-23,test,1,2026-07-22,0.6948211833,1
2026-06-24,test,1,2026-07-23,0.6856393536,1
2026-06-25,test,1,2026-07-24,0.7151921897,1
2026-06-26,test,1,2026-07-27,0.7074571774,1
2026-06-29,test,0,2026-07-28,0.6558581681,1
2026-06-30,test,0,2026-07-29,0.6567636852,1
2026-07-01,test,0,2026-07-30,0.6433949469,1
2026-07-02,test,1,2026-07-31,0.646769335,1
2026-07-06,test,1,2026-08-03,0.6369885961,1
2026-07-07,test,1,2026-08-04,0.6450789926,1
2026-07-08,test,1,2026-08-05,0.6455808223,1
2026-07-09,test,1,2026-08-06,0.63093762,1
2026-07-10,test,1,2026-08-07,0.6201979398,1
2026-07-13,test,1,2026-08-10,0.6540859432,1
2026-07-14,test,1,2026-08-11,0.6494506854,1
2026-07-15,test,1,2026-08-12,0.6555917425,1
2026-07-16,test,1,2026-08-13,0.6504977133,1
2026-07-17,test,1,2026-08-14,0.6774084708,1
2026-07-20,test,1,2026-08-17,0.6886448653,1
2026-07-21,test,1,2026-08-18,0.7254327483,1
2026-07-22,test,1,2026-08-19,0.7237366012,1
2026-07-23,test,1,2026-08-20,0.7546505668,1
2026-07-24,test,1,2026-08-21,0.5491189865,1
2026-07-27,test,1,2026-08-24,0.6243590619,1
2026-07-28,test,1,2026-08-25,0.5351852322,1
2026-07-29,test,1,2026-08-26,0.5408834007,1
2026-07-30,test,1,2026-08-27,0.6365489422,1
2026-07-31,test,1,2026-08-28,0.5332632186,1
2026-08-03,test,1,2026-08-31,0.4449585532,0
2026-08-04,test,0,2026-09-01,0.494912842,0
2026-08-05,test,0,2026-09-02,0.4962084331,0
2026-08-06,test,1,2026-09-03,0.4899215287,0
2026-08-07,test,0,2026-09-04,0.5592452027,1
2026-08-10,test,0,2026-09-08,0.518881517,1
2026-08-11,test,0,2026-09-09,0.5818557947,1
2026-08-12,test,0,2026-09-10,0.5691003455,1
2026-08-13,test,0,2026-09-11,0.5686222901,1
2026-08-14,test,0,2026-09-14,0.5756961058,1
2026-08-17,test,0,2026-09-15,0.5950330394,1
2026-08-18,test,0,2026-09-16,0.6203900719,1
2026-08-19,test,0,2026-09-17,0.5952415127,1
2026-08-20,test,1,2026-09-18,0.7164923899,1
2026-08-21,test,1,2026-09-21,0.7537274706,1
2026-08-24,test,,,0.776808387,1
2026-08-25,test,,,0.7601140066,1
2026-08-26,test,,,0.7480924491,1
2026-08-27,test,,,0.7248850275,1
2026-08-28,test,,,0.7226383554,1
2026-08-31,test,,,0.7526760606,1
2026-09-01,test,,,0.7813160656,1
2026-09-02,test,,,0.7716908713,1
2026-09-03,test,,,0.7503567909,1
2026-09-04,test,,,0.7533406357,1
2026-09-08,test,,,0.7762535545,1
2026-09-09,test,,,0.7855596272,1
2026-09-10,test,,,0.7957136216,1
2026-09-11,test,,,0.771944642,1
2026-09-14,test,,,0.7394775839,1
2026-09-15,test,,,0.7162417669,1
2026-09-16,test,,,0.7062252913,1
2026-09-17,test,,,0.7450998012,1
2026-09-18,test,,,0.7291797493,1
2026-09-21,test,,,0.6611925588,1
