date,segment,y_true,label_end,score,invest
2011-09-08,train,0,2011-10-06,0.7727679988,1
2011-09-09,train,1,2011-10-07,0.8088347493,1
2011-09-12,train,1,2011-10-10,0.8185508017,1
2011-09-13,train,1,2011-10-11,0.8032126435,1
2011-09-14,train,1,2011-10-12,0.7937163597,1
2011-09-15,train,0,2011-10-13,0.7725068313,1
2011-09-16,train,1,2011-10-14,0.7693728443,1
2011-09-19,train,0,2011-10-17,0.7679256346,1
2011-09-20,train,1,2011-10-18,0.7852356469,1
2011-09-21,train,1,2011-10-19,0.8288032849,1
2011-09-22,train,1,2011-10-20,0.8294142688,1
2011-09-23,train,1,2011-10-21,0.8471362666,1
2011-09-26,train,1,2011-10-24,0.8291917695,1
2011-09-27,train,1,2011-10-25,0.8307819794,1
2011-09-28,train,1,2011-10-26,0.8299942854,1
2011-09-29,train,1,2011-10-27,0.8345373622,1
2011-09-30,train,1,2011-10-28,0.8485611782,1
2011-10-03,train,1,2011-10-31,0.8605633654,1
2011-10-04,train,1,2011-11-01,0.8585278109,1
2011-10-05,train,1,2011-11-02,0.8510078194,1
2011-10-06,train,1,2011-11-03,0.8297887065,1
2011-10-07,train,1,2011-11-04,0.8368740189,1
2011-10-10,train,1,2011-11-07,0.8217959935,1
2011-10-11,train,1,2011-11-08,0.8281390823,1
2011-10-12,train,1,2011-11-09,0.8262934905,1
2011-10-13,train,1,2011-11-10,0.8280505171,1
2011-10-14,train,1,2011-11-11,0.7983831518,1
2011-10-17,train,1,2011-11-14,0.8259129207,1
2011-10-18,train,1,2011-11-15,0.7844923196,1
2011-10-19,train,1,2011-11-16,0.8194720214,1
2011-10-20,train,1,2011-11-17,0.8128250206,1
2011-10-21,train,0,2011-11-18,0.7592296445,1
2011-10-24,train,0,2011-11-21,0.7562077662,1
2011-10-25,train,0,2011-11-22,0.7771528089,1
2011-10-26,train,0,2011-11-23,0.7562592137,1
2011-10-27,train,0,2011-11-25,0.7382823103,1
2011-10-28,train,0,2011-11-28,0.7369824199,1
2011-10-31,train,0,2011-11-29,0.7404035009,1
2011-11-01,train,1,2011-11-30,0.7737651774,1
2011-11-02,train,1,2011-12-01,0.7633841818,1
2011-11-03,train,0,2011-12-02,0.737175985,1
2011-11-04,train,1,2011-12-05,0.7692510446,1
2011-11-07,train,1,2011-12-06,0.7748664967,1
2011-11-08,train,0,2011-12-07,0.742654642,1
2011-11-09,train,1,2011-12-08,0.7808404612,1
2011-11-10,train,1,2011-12-09,0.7804795093,1
2011-11-11,train,0,2011-12-12,0.7173766875,1
2011-11-14,train,0,2011-12-13,0.7263739666,1
2011-11-15,train,0,2011-12-14,0.7232262872,1
2011-11-16,train,0,2011-12-15,0.7572008559,1
2011-11-17,train,1,2011-12-16,0.8050475835,1
2011-11-18,train,0,2011-12-19,0.7924093878,1
2011-11-21,train,1,2011-12-20,0.8104328996,1
2011-11-22,train,1,2011-12-21,0.818649249,1
2011-11-23,train,1,2011-12-22,0.8656254358,1
2011-11-25,train,1,2011-12-23,0.8688631827,1
2011-11-28,train,1,2011-12-27,0.8156233713,1
2011-11-29,train,1,2011-12-28,0.809112911,1
2011-11-30,train,1,2011-12-29,0.7679874322,1
2011-12-01,train,1,2011-12-30,0.7933362796,1
2011-12-02,train,1,2012-01-03,0.7953196793,1
2011-12-05,train,1,2012-01-04,0.7772267122,1
2011-12-06,train,1,2012-01-05,0.7841468657,1
2011-12-07,train,1,2012-01-06,0.7901054453,1
2011-12-08,train,1,2012-01-09,0.7923021333,1
2011-12-09,train,1,2012-01-10,0.792759498,1
2011-12-12,train,1,2012-01-11,0.7942827277,1
2011-12-13,train,1,2012-01-12,0.8100141026,1
2011-12-14,train,1,2012-01-13,0.8117326771,1
2011-12-15,train,1,2012-01-17,0.8260966315,1
2011-12-16,train,1,2012-01-18,0.8153226542,1
2011-12-19,train,1,2012-01-19,0.8369074442,1
2011-12-20,train,1,2012-01-20,0.8095106504,1
2011-12-21,train,1,2012-01-23,0.8244505856,1
2011-12-22,train,1,2012-01-24,0.7826348028,1
2011-12-23,train,1,2012-01-25,0.7854496551,1
2011-12-27,train,1,2012-01-26,0.7855176504,1
2011-12-28,train,1,2012-01-27,0.783508056,1
2011-12-29,train,1,2012-01-30,0.7795604694,1
2011-12-30,train,1,2012-01-31,0.7800384448,1
2012-01-03,train,1,2012-02-01,0.7774775328,1
2012-01-04,train,1,2012-02-02,0.7833782937,1
2012-01-05,train,1,2012-02-03,0.7992894403,1
2012-01-06,train,1,2012-02-06,0.8003087086,1
2012-01-09,train,1,2012-02-07,0.8057082496,1
2012-01-10,train,1,2012-02-08,0.7969403884,1
2012-01-11,train,1,2012-02-09,0.8032387671,1
2012-01-12,train,1,2012-02-10,0.7949737469,1
2012-01-13,train,1,2012-02-13,0.8027087158,1
2012-01-17,train,1,2012-02-14,0.7957293425,1
2012-01-18,train,1,2012-02-15,0.7906414556,1
2012-01-19,train,1,2012-02-16,0.801891343,1
2012-01-20,train,1,2012-02-17,0.8064967921,1
2012-01-23,train,1,2012-02-21,0.80060326,1
2012-01-24,train,1,2012-02-22,0.7963508432,1
2012-01-25,train,1,2012-02-23,0.7974167942,1
2012-01-26,train,1,2012-02-24,0.793026121,1
2012-01-27,train,1,2012-02-27,0.790251606,1
2012-01-30,train,1,2012-02-28,0.7934198788,1
2012-01-31,train,1,2012-02-29,0.8040481961,1
2012-02-01,train,1,2012-03-01,0.8048098468,1
2012-02-02,train,1,2012-03-02,0.748158483,1
2012-02-03,train,1,2012-03-05,0.7096141745,1
2012-02-06,train,1,2012-03-06,0.708599347,1
2012-02-07,train,1,2012-03-07,0.6252142277,1
2012-02-08,train,1,2012-03-08,0.6203715647,1
2012-02-09,train,1,2012-03-09,0.6981062772,1
2012-02-10,train,1,2012-03-12,0.7242850541,1
2012-02-13,train,1,2012-03-13,0.710048064,1
2012-02-14,train,1,2012-03-14,0.7019888043,1
2012-02-15,train,1,2012-03-15,0.7011151997,1
2012-02-16,train,1,2012-03-16,0.6986507684,1
2012-02-17,train,1,2012-03-19,0.6998118646,1
2012-02-21,train,1,2012-03-20,0.6968222194,1
2012-02-22,train,1,2012-03-21,0.6998493088,1
2012-02-23,train,1,2012-03-22,0.6916650837,1
2012-02-24,train,1,2012-03-23,0.689209089,1
2012-02-27,train,1,2012-03-26,0.6881124579,1
2012-02-28,train,1,2012-03-27,0.6551988506,1
2012-02-29,train,1,2012-03-28,0.6661715043,1
2012-03-01,train,1,2012-03-29,0.6611758815,1
2012-03-02,train,1,2012-03-30,0.6670507529,1
2012-03-05,train,1,2012-04-02,0.6802102241,1
2012-03-06,train,1,2012-04-03,0.720055721,1
2012-03-07,train,1,2012-04-04,0.653080894,1
2012-03-08,train,1,2012-04-05,0.6415851606,1
2012-03-09,train,1,2012-04-09,0.6228009063,1
2012-03-12,train,0,2012-04-10,0.6194468307,1
2012-03-13,train,0,2012-04-11,0.3438774918,0
2012-03-14,train,0,2012-04-12,0.3429910965,0
2012-03-15,train,0,2012-04-13,0.2872262315,0
2012-03-16,train,0,2012-04-16,0.3039596564,0
2012-03-19,train,0,2012-04-17,0.2862848278,0
2012-03-20,train,0,2012-04-18,0.2825141917,0
2012-03-21,train,0,2012-04-19,0.2809025468,0
2012-03-22,train,0,2012-04-20,0.3452382934,0
2012-03-23,train,0,2012-04-23,0.3396328406,0
2012-03-26,train,0,2012-04-24,0.3020569656,0
2012-03-27,train,0,2012-04-25,0.3244625776,0
2012-03-28,train,0,2012-04-26,0.3260086554,0
2012-03-29,train,1,2012-04-27,0.3637587054,0
2012-03-30,train,0,2012-04-30,0.3333393166,0
2012-04-02,train,0,2012-05-01,0.287112378,0
2012-04-03,train,0,2012-05-02,0.2558564823,0
2012-04-04,train,0,2012-05-03,0.3396923795,0
2012-04-05,train,0,2012-05-04,0.3648402744,0
2012-04-09,train,0,2012-05-07,0.6437620421,1
2012-04-10,train,1,2012-05-08,0.6871285829,1
2012-04-11,train,0,2012-05-09,0.6567649966,1
2012-04-12,train,0,2012-05-10,0.6273179534,1
2012-04-13,train,0,2012-05-11,0.6533355,1
2012-04-16,train,0,2012-05-14,0.6732848281,1
2012-04-17,train,0,2012-05-15,0.6357705642,1
2012-04-18,train,0,2012-05-16,0.6423747401,1
2012-04-19,train,0,2012-05-17,0.657424939,1
2012-04-20,train,0,2012-05-18,0.6888018536,1
2012-04-23,train,0,2012-05-21,0.6882020252,1
2012-04-24,train,0,2012-05-22,0.6750550356,1
2012-04-25,train,0,2012-05-23,0.6300767408,1
2012-04-26,train,0,2012-05-24,0.4483829227,0
2012-04-27,train,0,2012-05-25,0.4438118898,0
2012-04-30,train,0,2012-05-29,0.4966352845,0
2012-05-01,train,0,2012-05-30,0.4419883878,0
2012-05-02,train,0,2012-05-31,0.4721654865,0
2012-05-03,train,0,2012-06-01,0.6501234462,1
2012-05-04,train,0,2012-06-04,0.6889602762,1
2012-05-07,train,0,2012-06-05,0.6903501278,1
2012-05-08,train,0,2012-06-06,0.6994929939,1
2012-05-09,train,0,2012-06-07,0.7058280563,1
2012-05-10,train,0,2012-06-08,0.696933379,1
2012-05-11,train,0,2012-06-11,0.6851939171,1
2012-05-14,train,0,2012-06-12,0.7243793738,1
2012-05-15,train,0,2012-06-13,0.712998217,1
2012-05-16,train,1,2012-06-14,0.7171752981,1
2012-05-17,train,1,2012-06-15,0.7364631224,1
2012-05-18,train,1,2012-06-18,0.7207046027,1
2012-05-21,train,1,2012-06-19,0.7522104831,1
2012-05-22,train,1,2012-06-20,0.7422012436,1
2012-05-23,train,1,2012-06-21,0.7392664802,1
2012-05-24,train,1,2012-06-22,0.7408651988,1
2012-05-25,train,0,2012-06-25,0.7411982734,1
2012-05-29,train,0,2012-06-26,0.7383958072,1
2012-05-30,train,1,2012-06-27,0.7563666433,1
2012-05-31,train,1,2012-06-28,0.7377379999,1
2012-06-01,train,1,2012-06-29,0.7364024161,1
2012-06-04,train,1,2012-07-02,0.7310697594,1
2012-06-05,train,1,2012-07-03,0.7194883892,1
2012-06-06,train,1,2012-07-05,0.7361544975,1
2012-06-07,train,1,2012-07-06,0.7386618596,1
2012-06-08,train,1,2012-07-09,0.7391027504,1
2012-06-11,train,1,2012-07-10,0.7356926971,1
2012-06-12,train,1,2012-07-11,0.738894898,1
2012-06-13,train,1,2012-07-12,0.7356357456,1
2012-06-14,train,1,2012-07-13,0.7307471844,1
2012-06-15,train,1,2012-07-16,0.7338065534,1
2012-06-18,train,1,2012-07-17,0.7348171686,1
2012-06-19,train,1,2012-07-18,0.7352027291,1
2012-06-20,train,1,2012-07-19,0.7389142782,1
2012-06-21,train,1,2012-07-20,0.7350594376,1
2012-06-22,train,1,2012-07-23,0.7316758918,1
2012-06-25,train,1,2012-07-24,0.7212115258,1
2012-06-26,train,1,2012-07-25,0.7294403014,1
2012-06-27,train,1,2012-07-26,0.7356227065,1
2012-06-28,train,1,2012-07-27,0.7358927857,1
2012-06-29,train,1,2012-07-30,0.7361427528,1
2012-07-02,train,1,2012-07-31,0.7378477172,1
2012-07-03,train,1,2012-08-01,0.7367270717,1
2012-07-05,train,0,2012-08-02,0.7102517783,1
2012-07-06,train,1,2012-08-03,0.739798964,1
2012-07-09,train,1,2012-08-06,0.7384726092,1
2012-07-10,train,1,2012-08-07,0.7396784659,1
2012-07-11,train,1,2012-08-08,0.7393792915,1
2012-07-12,train,1,2012-08-09,0.7374500785,1
2012-07-13,train,1,2012-08-10,0.7382266469,1
2012-07-16,train,1,2012-08-13,0.7390113119,1
2012-07-17,train,1,2012-08-14,0.736377154,1
2012-07-18,train,1,2012-08-15,0.7081662461,1
2012-07-19,train,1,2012-08-16,0.7092319539,1
2012-07-20,train,1,2012-08-17,0.7382621778,1
2012-07-23,train,1,2012-08-20,0.7388901076,1
2012-07-24,train,1,2012-08-21,0.7360138147,1
2012-07-25,train,1,2012-08-22,0.7308367437,1
2012-07-26,train,1,2012-08-23,0.7330403114,1
2012-07-27,train,1,2012-08-24,0.7387852556,1
2012-07-30,train,1,2012-08-27,0.7378351838,1
2012-07-31,train,1,2012-08-28,0.7065621768,1
2012-08-01,train,1,2012-08-29,0.7203677062,1
2012-08-02,train,1,2012-08-30,0.7243814811,1
2012-08-03,train,1,2012-08-31,0.7189354985,1
2012-08-06,train,1,2012-09-04,0.7217930671,1
2012-08-07,train,1,2012-09-05,0.7008713333,1
2012-08-08,train,1,2012-09-06,0.7198459125,1
2012-08-09,train,1,2012-09-07,0.6917075212,1
2012-08-10,train,1,2012-09-10,0.7173977291,1
2012-08-13,train,1,2012-09-11,0.7047571271,1
2012-08-14,train,1,2012-09-12,0.697639452,1
2012-08-15,train,1,2012-09-13,0.7117076031,1
2012-08-16,train,1,2012-09-14,0.7037156309,1
2012-08-17,train,1,2012-09-17,0.6711840297,1
2012-08-20,train,1,2012-09-18,0.6592127683,1
2012-08-21,train,1,2012-09-19,0.6562695527,1
2012-08-22,train,1,2012-09-20,0.6917867712,1
2012-08-23,train,1,2012-09-21,0.7150713224,1
2012-08-24,train,1,2012-09-24,0.6692527792,1
2012-08-27,train,1,2012-09-25,0.7015887703,1
2012-08-28,train,1,2012-09-26,0.7089847767,1
2012-08-29,train,1,2012-09-27,0.7093049287,1
2012-08-30,train,1,2012-09-28,0.7215252296,1
2012-08-31,train,1,2012-10-01,0.7161322168,1
2012-09-04,train,1,2012-10-02,0.7250671833,1
2012-09-05,train,1,2012-10-03,0.7087006472,1
2012-09-06,train,1,2012-10-04,0.6997785702,1
2012-09-07,train,1,2012-10-05,0.6476100492,1
2012-09-10,train,1,2012-10-08,0.6632545986,1
2012-09-11,train,1,2012-10-09,0.6715114934,1
2012-09-12,train,0,2012-10-10,0.6640585596,1
2012-09-13,train,0,2012-10-11,0.639121902,1
2012-09-14,train,0,2012-10-12,0.6327459852,1
2012-09-17,train,0,2012-10-15,0.6706744459,1
2012-09-18,train,0,2012-10-16,0.6370752805,1
2012-09-19,train,1,2012-10-17,0.6343973027,1
2012-09-20,train,0,2012-10-18,0.6112977201,1
2012-09-21,train,0,2012-10-19,0.6076361755,1
2012-09-24,train,0,2012-10-22,0.6150478817,1
2012-09-25,train,0,2012-10-23,0.6789248798,1
2012-09-26,train,0,2012-10-24,0.6918311945,1
2012-09-27,train,0,2012-10-25,0.6866902605,1
2012-09-28,train,0,2012-10-26,0.6860499521,1
2012-10-01,train,0,2012-10-31,0.6750444517,1
2012-10-02,train,0,2012-11-01,0.6616698549,1
2012-10-03,train,0,2012-11-02,0.626200301,1
2012-10-04,train,0,2012-11-05,0.6214007788,1
2012-10-05,train,0,2012-11-06,0.6313879234,1
2012-10-08,train,0,2012-11-07,0.6579311264,1
2012-10-09,train,0,2012-11-08,0.7041722707,1
2012-10-10,train,0,2012-11-09,0.7235161173,1
2012-10-11,train,0,2012-11-12,0.7257150287,1
2012-10-12,train,0,2012-11-13,0.7273687446,1
2012-10-15,train,0,2012-11-14,0.7251333144,1
2012-10-16,train,0,2012-11-15,0.6743145154,1
2012-10-17,train,0,2012-11-16,0.6902821405,1
2012-10-18,train,0,2012-11-19,0.6658455041,1
2012-10-19,train,0,2012-11-20,0.7245997298,1
2012-10-22,train,0,2012-11-21,0.7229786648,1
2012-10-23,train,0,2012-11-23,0.7222451417,1
2012-10-24,train,1,2012-11-26,0.7253695502,1
2012-10-25,train,0,2012-11-27,0.7240905715,1
2012-10-26,train,1,2012-11-28,0.721428313,1
2012-10-31,train,1,2012-11-29,0.7222315629,1
2012-11-01,train,0,2012-11-30,0.7231897413,1
2012-11-02,train,0,2012-12-03,0.725839797,1
2012-11-05,train,0,2012-12-04,0.7284039952,1
2012-11-06,train,0,2012-12-05,0.7227806838,1
2012-11-07,train,1,2012-12-06,0.7352968136,1
2012-11-08,train,1,2012-12-07,0.7255021416,1
2012-11-09,train,1,2012-12-10,0.7162565897,1
2012-11-12,train,1,2012-12-11,0.728402974,1
2012-11-13,train,1,2012-12-12,0.7277517886,1
2012-11-14,train,1,2012-12-13,0.7151638354,1
2012-11-15,train,1,2012-12-14,0.7160784228,1
2012-11-16,train,1,2012-12-17,0.7163339852,1
2012-11-19,train,1,2012-12-18,0.7269454483,1
2012-11-20,train,1,2012-12-19,0.72966727,1
2012-11-21,train,1,2012-12-20,0.7382457117,1
2012-11-23,train,1,2012-12-21,0.7506243972,1
2012-11-26,train,1,2012-12-24,0.7499925875,1
2012-11-27,train,1,2012-12-26,0.7372343835,1
2012-11-28,train,1,2012-12-27,0.7344564819,1
2012-11-29,train,0,2012-12-28,0.7299685568,1
2012-11-30,train,1,2012-12-31,0.7262775687,1
2012-12-03,train,1,2013-01-02,0.7243584806,1
2012-12-04,train,1,2013-01-03,0.746294912,1
2012-12-05,train,1,2013-01-04,0.7469267216,1
2012-12-06,train,1,2013-01-07,0.7516124352,1
2012-12-07,train,1,2013-01-08,0.7533390586,1
2012-12-10,train,1,2013-01-09,0.7528181636,1
2012-12-11,train,1,2013-01-10,0.7577842382,1
2012-12-12,train,1,2013-01-11,0.7547830559,1
2012-12-13,train,1,2013-01-14,0.7556732855,1
2012-12-14,train,1,2013-01-15,0.755980992,1
2012-12-17,train,1,2013-01-16,0.7531368194,1
2012-12-18,train,1,2013-01-17,0.7476682566,1
2012-12-19,train,1,2013-01-18,0.7588983381,1
2012-12-20,train,1,2013-01-22,0.7530730544,1
2012-12-21,train,1,2013-01-23,0.7510582425,1
2012-12-24,train,1,2013-01-24,0.7509846182,1
2012-12-26,train,1,2013-01-25,0.7478602097,1
2012-12-27,train,1,2013-01-28,0.7488034657,1
2012-12-28,train,1,2013-01-29,0.7278895978,1
2012-12-31,train,1,2013-01-30,0.74519568,1
2013-01-02,train,1,2013-01-31,0.7239241658,1
2013-01-03,train,1,2013-02-01,0.7498844447,1
2013-01-04,train,1,2013-02-04,0.7276438554,1
2013-01-07,train,1,2013-02-05,0.7281735983,1
2013-01-08,train,1,2013-02-06,0.7231461488,1
2013-01-09,train,1,2013-02-07,0.7232248448,1
2013-01-10,train,1,2013-02-08,0.721111411,1
2013-01-11,train,1,2013-02-11,0.7179229992,1
2013-01-14,train,1,2013-02-12,0.7174144522,1
2013-01-15,train,1,2013-02-13,0.7156907633,1
2013-01-16,train,1,2013-02-14,0.717143223,1
2013-01-17,train,1,2013-02-15,0.716577475,1
2013-01-18,train,1,2013-02-19,0.7152741855,1
2013-01-22,train,1,2013-02-20,0.7187779373,1
2013-01-23,train,1,2013-02-21,0.7164235501,1
2013-01-24,train,1,2013-02-22,0.7084530415,1
2013-01-25,train,0,2013-02-25,0.6914345965,1
2013-01-28,train,0,2013-02-26,0.6864081335,1
2013-01-29,train,1,2013-02-27,0.69696142,1
2013-01-30,train,1,2013-02-28,0.7051400168,1
2013-01-31,train,1,2013-03-01,0.705431996,1
2013-02-01,train,1,2013-03-04,0.6969208041,1
2013-02-04,train,1,2013-03-05,0.7169697018,1
2013-02-05,train,1,2013-03-06,0.6980169715,1
2013-02-06,train,1,2013-03-07,0.7011438409,1
2013-02-07,train,1,2013-03-08,0.703373466,1
2013-02-08,train,1,2013-03-11,0.7017985285,1
2013-02-11,train,1,2013-03-12,0.705496414,1
2013-02-12,train,1,2013-03-13,0.7032476976,1
2013-02-13,train,1,2013-03-14,0.7029921352,1
2013-02-14,train,1,2013-03-15,0.7029704982,1
2013-02-15,train,1,2013-03-18,0.695995797,1
2013-02-19,train,1,2013-03-19,0.6775474008,1
2013-02-20,train,1,2013-03-20,0.6947995737,1
2013-02-21,train,1,2013-03-21,0.7114585703,1
2013-02-22,train,1,2013-03-22,0.6935256204,1
2013-02-25,train,1,2013-03-25,0.7156144477,1
2013-02-26,train,1,2013-03-26,0.7154898839,1
2013-02-27,train,1,2013-03-27,0.6988544854,1
2013-02-28,train,1,2013-03-28,0.7031068313,1
2013-03-01,train,1,2013-04-01,0.6945112888,1
2013-03-04,train,1,2013-04-02,0.6990855704,1
2013-03-05,train,1,2013-04-03,0.694539815,1
2013-03-06,train,1,2013-04-04,0.6944729689,1
2013-03-07,train,1,2013-04-05,0.6934650272,1
2013-03-08,train,1,2013-04-08,0.6635985546,1
2013-03-11,train,1,2013-04-09,0.5316932776,1
2013-03-12,train,1,2013-04-10,0.675100584,1
2013-03-13,train,1,2013-04-11,0.657901487,1
2013-03-14,train,1,2013-04-12,0.4982606914,0
2013-03-15,train,0,2013-04-15,0.5148900425,1
2013-03-18,train,1,2013-04-16,0.6891300886,1
2013-03-19,train,1,2013-04-17,0.6925983665,1
2013-03-20,train,0,2013-04-18,0.6673801286,1
2013-03-21,train,1,2013-04-19,0.6952101963,1
2013-03-22,train,1,2013-04-22,0.6766429574,1
2013-03-25,train,1,2013-04-23,0.6919902644,1
2013-03-26,train,1,2013-04-24,0.6760368902,1
2013-03-27,train,1,2013-04-25,0.6863833772,1
2013-03-28,train,1,2013-04-26,0.676670434,1
2013-04-01,train,1,2013-04-29,0.6981125718,1
2013-04-02,train,1,2013-04-30,0.6750337549,1
2013-04-03,train,1,2013-05-01,0.709963909,1
2013-04-04,train,1,2013-05-02,0.7055791648,1
2013-04-05,train,1,2013-05-03,0.7073160438,1
2013-04-08,train,1,2013-05-06,0.6845431639,1
2013-04-09,train,1,2013-05-07,0.688486151,1
2013-04-10,train,1,2013-05-08,0.3833733226,0
2013-04-11,train,1,2013-05-09,0.4270283077,0
2013-04-12,train,1,2013-05-10,0.4432909761,0
2013-04-15,train,1,2013-05-13,0.7070442046,1
2013-04-16,train,1,2013-05-14,0.7036239225,1
2013-04-17,train,1,2013-05-15,0.7104567553,1
2013-04-18,train,1,2013-05-16,0.7145448523,1
2013-04-19,train,1,2013-05-17,0.7031690202,1
2013-04-22,train,1,2013-05-20,0.6828647447,1
2013-04-23,train,1,2013-05-21,0.6731902829,1
2013-04-24,train,1,2013-05-22,0.6752927461,1
2013-04-25,train,1,2013-05-23,0.6684163483,1
2013-04-26,train,1,2013-05-24,0.6802789155,1
2013-04-29,train,1,2013-05-28,0.6657022497,1
2013-04-30,train,1,2013-05-29,0.6335932478,1
2013-05-01,train,1,2013-05-30,0.6762294785,1
2013-05-02,train,1,2013-05-31,0.6576013768,1
2013-05-03,train,1,2013-06-03,0.4339593088,0
2013-05-06,train,1,2013-06-04,0.4331020622,0
2013-05-07,train,0,2013-06-05,0.406443797,0
2013-05-08,train,0,2013-06-06,0.3782522608,0
2013-05-09,train,1,2013-06-07,0.4219019309,0
2013-05-10,train,1,2013-06-10,0.3845859798,0
2013-05-13,train,0,2013-06-11,0.2714831197,0
2013-05-14,train,0,2013-06-12,0.2168744569,0
2013-05-15,train,0,2013-06-13,0.1936688259,0
2013-05-16,train,0,2013-06-14,0.1637913843,0
2013-05-17,train,0,2013-06-17,0.1698472708,0
2013-05-20,train,0,2013-06-18,0.1675198833,0
2013-05-21,train,0,2013-06-19,0.1562814518,0
2013-05-22,train,0,2013-06-20,0.1523154592,0
2013-05-23,train,0,2013-06-21,0.1583084443,0
2013-05-24,train,0,2013-06-24,0.1617893332,0
2013-05-28,train,0,2013-06-25,0.1605197399,0
2013-05-29,train,0,2013-06-26,0.2533428189,0
2013-05-30,train,0,2013-06-27,0.1782061209,0
2013-05-31,train,0,2013-06-28,0.4302359151,0
2013-06-03,train,0,2013-07-01,0.340630207,0
2013-06-04,train,0,2013-07-02,0.4096814697,0
2013-06-05,train,1,2013-07-03,0.6555425161,1
2013-06-06,train,1,2013-07-05,0.6573006555,1
2013-06-07,train,0,2013-07-08,0.409028516,0
2013-06-10,train,1,2013-07-09,0.4357263262,0
2013-06-11,train,1,2013-07-10,0.6795577862,1
2013-06-12,train,1,2013-07-11,0.6837897635,1
2013-06-13,train,1,2013-07-12,0.6774514437,1
2013-06-14,train,1,2013-07-15,0.7008894278,1
2013-06-17,train,1,2013-07-16,0.6711249402,1
2013-06-18,train,1,2013-07-17,0.4737506966,0
2013-06-19,train,1,2013-07-18,0.7048669148,1
2013-06-20,train,1,2013-07-19,0.7342758344,1
2013-06-21,train,1,2013-07-22,0.7277107171,1
2013-06-24,train,1,2013-07-23,0.7203064347,1
2013-06-25,train,1,2013-07-24,0.7214744169,1
2013-06-26,train,1,2013-07-25,0.7138006098,1
2013-06-27,train,1,2013-07-26,0.7259456578,1
2013-06-28,train,1,2013-07-29,0.7234850324,1
2013-07-01,train,1,2013-07-30,0.7289341457,1
2013-07-02,train,1,2013-07-31,0.7279388814,1
2013-07-03,train,1,2013-08-01,0.7157509769,1
2013-07-05,train,1,2013-08-02,0.7033184833,1
2013-07-08,train,1,2013-08-05,0.6978457767,1
2013-07-09,train,1,2013-08-06,0.7027389467,1
2013-07-10,train,1,2013-08-07,0.6943250997,1
2013-07-11,train,1,2013-08-08,0.4448248116,0
2013-07-12,train,1,2013-08-09,0.4569263046,0
2013-07-15,train,1,2013-08-12,0.419670324,0
2013-07-16,train,1,2013-08-13,0.4636018685,0
2013-07-17,train,1,2013-08-14,0.4643066483,0
2013-07-18,train,0,2013-08-15,0.3705038681,0
2013-07-19,train,0,2013-08-16,0.262500221,0
2013-07-22,train,0,2013-08-19,0.261784571,0
2013-07-23,train,0,2013-08-20,0.255198185,0
2013-07-24,train,0,2013-08-21,0.2938759782,0
2013-07-25,train,0,2013-08-22,0.2939909118,0
2013-07-26,train,0,2013-08-23,0.2507957409,0
2013-07-29,train,0,2013-08-26,0.2718126459,0
2013-07-30,train,0,2013-08-27,0.2882055729,0
2013-07-31,train,0,2013-08-28,0.3031291018,0
2013-08-01,train,0,2013-08-29,0.2525091877,0
2013-08-02,train,0,2013-08-30,0.2479591436,0
2013-08-05,train,0,2013-09-03,0.2641306157,0
2013-08-06,train,0,2013-09-04,0.3308635692,0
2013-08-07,train,0,2013-09-05,0.3759850871,0
2013-08-08,train,0,2013-09-06,0.3341809954,0
2013-08-09,train,0,2013-09-09,0.3715535703,0
2013-08-12,train,0,2013-09-10,0.4437924559,0
2013-08-13,train,0,2013-09-11,0.3748314002,0
2013-08-14,train,1,2013-09-12,0.6517875082,1
2013-08-15,train,1,2013-09-13,0.7277802089,1
2013-08-16,train,1,2013-09-16,0.7390572829,1
2013-08-19,train,1,2013-09-17,0.7521449182,1
2013-08-20,train,1,2013-09-18,0.732728793,1
2013-08-21,train,1,2013-09-19,0.7527379527,1
2013-08-22,train,1,2013-09-20,0.7238944227,1
2013-08-23,train,1,2013-09-23,0.7258435189,1
2013-08-26,train,1,2013-09-24,0.7232633213,1
2013-08-27,train,1,2013-09-25,0.756532996,1
2013-08-28,train,1,2013-09-26,0.7443614536,1
2013-08-29,train,1,2013-09-27,0.7292632088,1
2013-08-30,train,1,2013-09-30,0.7320745702,1
2013-09-03,train,1,2013-10-01,0.7568393743,1
2013-09-04,train,1,2013-10-02,0.7271910805,1
2013-09-05,train,1,2013-10-03,0.7253220409,1
2013-09-06,train,1,2013-10-04,0.7267490487,1
2013-09-09,train,1,2013-10-07,0.723752741,1
2013-09-10,train,0,2013-10-08,0.712720214,1
2013-09-11,train,0,2013-10-09,0.7016219005,1
2013-09-12,train,1,2013-10-10,0.7226603234,1
2013-09-13,train,1,2013-10-11,0.7158568474,1
2013-09-16,train,1,2013-10-14,0.6996866771,1
2013-09-17,train,0,2013-10-15,0.6892529984,1
2013-09-18,train,0,2013-10-16,0.6369817094,1
2013-09-19,train,1,2013-10-17,0.6486468724,1
2013-09-20,train,1,2013-10-18,0.7078897347,1
2013-09-23,train,1,2013-10-21,0.6982128745,1
2013-09-24,train,1,2013-10-22,0.7148971487,1
2013-09-25,train,1,2013-10-23,0.7178246171,1
2013-09-26,train,1,2013-10-24,0.7187032116,1
2013-09-27,train,1,2013-10-25,0.7232810636,1
2013-09-30,train,1,2013-10-28,0.7246652769,1
2013-10-01,train,1,2013-10-29,0.7245407131,1
2013-10-02,train,1,2013-10-30,0.7231141379,1
2013-10-03,train,1,2013-10-31,0.7236070374,1
2013-10-04,train,1,2013-11-01,0.7222767205,1
2013-10-07,train,1,2013-11-04,0.7463543779,1
2013-10-08,train,1,2013-11-05,0.7448487817,1
2013-10-09,train,1,2013-11-06,0.7461583347,1
2013-10-10,train,1,2013-11-07,0.7170415445,1
2013-10-11,train,1,2013-11-08,0.7215014613,1
2013-10-14,train,1,2013-11-11,0.7223132819,1
2013-10-15,train,1,2013-11-12,0.7342609567,1
2013-10-16,train,1,2013-11-13,0.7221353972,1
2013-10-17,train,1,2013-11-14,0.7110181557,1
2013-10-18,train,1,2013-11-15,0.70557112,1
2013-10-21,train,1,2013-11-18,0.6997301221,1
2013-10-22,train,1,2013-11-19,0.7003142778,1
2013-10-23,train,1,2013-11-20,0.7106801625,1
2013-10-24,train,1,2013-11-21,0.7038484491,1
2013-10-25,train,1,2013-11-22,0.6986542633,1
2013-10-28,train,1,2013-11-25,0.6904412824,1
2013-10-29,train,1,2013-11-26,0.651572269,1
2013-10-30,train,1,2013-11-27,0.6963343741,1
2013-10-31,train,1,2013-11-29,0.695914664,1
2013-11-01,train,1,2013-12-02,0.6958664097,1
2013-11-04,train,1,2013-12-03,0.6807249126,1
2013-11-05,train,1,2013-12-04,0.678445226,1
2013-11-06,train,1,2013-12-05,0.6771131456,1
2013-11-07,train,1,2013-12-06,0.6783098743,1
2013-11-08,train,1,2013-12-09,0.6724480569,1
2013-11-11,train,1,2013-12-10,0.6640258495,1
2013-11-12,train,1,2013-12-11,0.6420780679,1
2013-11-13,train,0,2013-12-12,0.6386755411,1
2013-11-14,train,0,2013-12-13,0.5773456753,1
2013-11-15,train,0,2013-12-16,0.3862301657,0
2013-11-18,train,0,2013-12-17,0.613753731,1
2013-11-19,train,1,2013-12-18,0.6283179347,1
2013-11-20,train,1,2013-12-19,0.6287150995,1
2013-11-21,train,1,2013-12-20,0.5995965184,1
2013-11-22,train,1,2013-12-23,0.3569723191,0
2013-11-25,train,1,2013-12-24,0.4014200582,0
2013-11-26,train,1,2013-12-26,0.5990634578,1
2013-11-27,train,1,2013-12-27,0.4392505082,0
2013-11-29,train,1,2013-12-30,0.5705838435,1
2013-12-02,train,1,2013-12-31,0.5766985756,1
2013-12-03,train,1,2014-01-02,0.6512306614,1
2013-12-04,train,1,2014-01-03,0.6786696496,1
2013-12-05,train,1,2014-01-06,0.6891725067,1
2013-12-06,train,1,2014-01-07,0.6354693292,1
2013-12-09,train,1,2014-01-08,0.6222302053,1
2013-12-10,train,1,2014-01-09,0.6480515484,1
2013-12-11,train,1,2014-01-10,0.6777921305,1
2013-12-12,train,1,2014-01-13,0.6847497385,1
2013-12-13,train,1,2014-01-14,0.6844153119,1
2013-12-16,train,1,2014-01-15,0.6724315407,1
2013-12-17,train,1,2014-01-16,0.6997949481,1
2013-12-18,train,1,2014-01-17,0.6486297624,1
2013-12-19,train,1,2014-01-21,0.6430601769,1
2013-12-20,train,1,2014-01-22,0.6290808617,1
2013-12-23,train,0,2014-01-23,0.3335956893,0
2013-12-24,train,0,2014-01-24,0.3988992269,0
2013-12-26,train,0,2014-01-27,0.3294795145,0
2013-12-27,train,0,2014-01-28,0.3403465594,0
2013-12-30,train,0,2014-01-29,0.3594343662,0
2013-12-31,train,0,2014-01-30,0.3534455692,0
2014-01-02,train,0,2014-01-31,0.6050503407,1
2014-01-03,train,0,2014-02-03,0.6093045094,1
2014-01-06,train,0,2014-02-04,0.6181024672,1
2014-01-07,train,0,2014-02-05,0.6000828517,1
2014-01-08,train,0,2014-02-06,0.6315217025,1
2014-01-09,train,0,2014-02-07,0.6290691494,1
2014-01-10,train,0,2014-02-10,0.5985756253,1
2014-01-13,train,1,2014-02-11,0.6825902533,1
2014-01-14,train,0,2014-02-12,0.6727325765,1
2014-01-15,train,0,2014-02-13,0.6563666465,1
2014-01-16,train,0,2014-02-14,0.6556000804,1
2014-01-17,train,1,2014-02-18,0.6834787033,1
2014-01-21,train,0,2014-02-19,0.6686185429,1
2014-01-22,train,0,2014-02-20,0.6727467695,1
2014-01-23,train,1,2014-02-21,0.6954684912,1
2014-01-24,train,1,2014-02-24,0.7257815286,1
2014-01-27,train,1,2014-02-25,0.7295569886,1
2014-01-28,train,1,2014-02-26,0.7283457268,1
2014-01-29,train,1,2014-02-27,0.7270613818,1
2014-01-30,train,1,2014-02-28,0.7283457268,1
2014-01-31,train,1,2014-03-03,0.7273157528,1
2014-02-03,train,1,2014-03-04,0.7526219878,1
2014-02-04,train,1,2014-03-05,0.7548496105,1
2014-02-05,train,1,2014-03-06,0.740531308,1
2014-02-06,train,1,2014-03-07,0.746003395,1
2014-02-07,train,1,2014-03-10,0.7246505887,1
2014-02-10,train,1,2014-03-11,0.7234886287,1
2014-02-11,train,1,2014-03-12,0.715680948,1
2014-02-12,train,1,2014-03-13,0.7149014242,1
2014-02-13,train,1,2014-03-14,0.7164279775,1
2014-02-14,train,1,2014-03-17,0.721531827,1
2014-02-18,train,1,2014-03-18,0.7093939581,1
2014-02-19,train,1,2014-03-19,0.705085605,1
2014-02-20,train,1,2014-03-20,0.7123042548,1
2014-02-21,train,1,2014-03-21,0.7094335694,1
2014-02-24,train,1,2014-03-24,0.6927289424,1
2014-02-25,train,1,2014-03-25,0.6806115797,1
2014-02-26,train,1,2014-03-26,0.6775335331,1
2014-02-27,train,0,2014-03-27,0.6526960573,1
2014-02-28,train,1,2014-03-28,0.6571252228,1
2014-03-03,train,1,2014-03-31,0.6989157992,1
2014-03-04,train,1,2014-04-01,0.6245801674,1
2014-03-05,train,1,2014-04-02,0.6620988409,1
2014-03-06,train,1,2014-04-03,0.625429083,1
2014-03-07,train,0,2014-04-04,0.6230720203,1
2014-03-10,train,0,2014-04-07,0.6597328247,1
2014-03-11,train,0,2014-04-08,0.69932673,1
2014-03-12,train,1,2014-04-09,0.7108595153,1
2014-03-13,train,0,2014-04-10,0.723914788,1
2014-03-14,train,0,2014-04-11,0.7233852177,1
2014-03-17,train,0,2014-04-14,0.7165733214,1
2014-03-18,train,0,2014-04-15,0.6930987103,1
2014-03-19,train,1,2014-04-16,0.7129430063,1
2014-03-20,train,0,2014-04-17,0.7001057713,1
2014-03-21,train,1,2014-04-21,0.7048105576,1
2014-03-24,train,1,2014-04-22,0.7127477318,1
2014-03-25,train,1,2014-04-23,0.7125158476,1
2014-03-26,train,1,2014-04-24,0.7164388629,1
2014-03-27,train,1,2014-04-25,0.7159416081,1
2014-03-28,train,1,2014-04-28,0.7176075635,1
2014-03-31,train,1,2014-04-29,0.6967785267,1
2014-04-01,train,1,2014-04-30,0.6799898808,1
2014-04-02,train,0,2014-05-01,0.6504018454,1
2014-04-03,train,0,2014-05-02,0.6601736102,1
2014-04-04,train,1,2014-05-05,0.7120649964,1
2014-04-07,train,1,2014-05-06,0.7277115161,1
2014-04-08,train,1,2014-05-07,0.7235673778,1
2014-04-09,train,1,2014-05-08,0.7179091212,1
2014-04-10,train,1,2014-05-09,0.7526216782,1
2014-04-11,train,1,2014-05-12,0.7536259206,1
2014-04-14,train,1,2014-05-13,0.7564667458,1
2014-04-15,train,1,2014-05-14,0.7260950406,1
2014-04-16,train,1,2014-05-15,0.7245460913,1
2014-04-17,train,1,2014-05-16,0.7274147052,1
2014-04-21,train,1,2014-05-19,0.7244814073,1
2014-04-22,train,0,2014-05-20,0.7227989556,1
2014-04-23,train,1,2014-05-21,0.7242258449,1
2014-04-24,train,1,2014-05-22,0.7215014613,1
2014-04-25,train,1,2014-05-23,0.7231455457,1
2014-04-28,train,1,2014-05-27,0.7245460913,1
2014-04-29,train,1,2014-05-28,0.7218079631,1
2014-04-30,train,1,2014-05-29,0.7038147166,1
2014-05-01,train,1,2014-05-30,0.7048002107,1
2014-05-02,train,1,2014-06-02,0.7066777157,1
2014-05-05,train,1,2014-06-03,0.7219076556,1
2014-05-06,train,1,2014-06-04,0.7233292179,1
2014-05-07,train,1,2014-06-05,0.7238924868,1
2014-05-08,train,1,2014-06-06,0.7231702193,1
2014-05-09,train,1,2014-06-09,0.7255085411,1
2014-05-12,train,1,2014-06-10,0.7218421084,1
2014-05-13,train,1,2014-06-11,0.7263787168,1
2014-05-14,train,1,2014-06-12,0.718754968,1
2014-05-15,train,1,2014-06-13,0.7215650824,1
2014-05-16,train,1,2014-06-16,0.7221283513,1
2014-05-19,train,1,2014-06-17,0.7221283513,1
2014-05-20,train,1,2014-06-18,0.7206328102,1
2014-05-21,train,1,2014-06-19,0.7221283513,1
2014-05-22,train,1,2014-06-20,0.7206002252,1
2014-05-23,train,1,2014-06-23,0.7198306339,1
2014-05-27,train,1,2014-06-24,0.7251818959,1
2014-05-28,train,1,2014-06-25,0.7252872914,1
2014-05-29,train,1,2014-06-26,0.7254155019,1
2014-05-30,train,1,2014-06-27,0.7248303523,1
2014-06-02,train,1,2014-06-30,0.7246233999,1
2014-06-03,train,1,2014-07-01,0.7226727162,1
2014-06-04,train,1,2014-07-02,0.7241678504,1
2014-06-05,train,1,2014-07-03,0.7097090237,1
2014-06-06,train,1,2014-07-07,0.7052164892,1
2014-06-09,train,1,2014-07-08,0.7059194471,1
2014-06-10,train,1,2014-07-09,0.7122499894,1
2014-06-11,train,1,2014-07-10,0.7072389709,1
2014-06-12,train,1,2014-07-11,0.7235538301,1
2014-06-13,train,1,2014-07-14,0.7175456243,1
2014-06-16,train,1,2014-07-15,0.7172900619,1
2014-06-17,train,1,2014-07-16,0.7234690682,1
2014-06-18,train,1,2014-07-17,0.7123103619,1
2014-06-19,train,1,2014-07-18,0.7158349078,1
2014-06-20,train,1,2014-07-21,0.6747957447,1
2014-06-23,train,1,2014-07-22,0.6750229832,1
2014-06-24,train,1,2014-07-23,0.6845333037,1
2014-06-25,train,1,2014-07-24,0.6687029866,1
2014-06-26,train,1,2014-07-25,0.6850664504,1
2014-06-27,train,1,2014-07-28,0.6879130115,1
2014-06-30,train,1,2014-07-29,0.6806735482,1
2014-07-01,train,0,2014-07-30,0.6742225728,1
2014-07-02,train,0,2014-07-31,0.6467679335,1
2014-07-03,train,0,2014-08-01,0.6451331802,1
2014-07-07,train,0,2014-08-04,0.679218654,1
2014-07-08,train,0,2014-08-05,0.7019836806,1
2014-07-09,train,0,2014-08-06,0.681270937,1
2014-07-10,train,0,2014-08-07,0.7007405857,1
2014-07-11,train,0,2014-08-08,0.7006788054,1
2014-07-14,train,0,2014-08-11,0.7061784715,1
2014-07-15,train,0,2014-08-12,0.7121065279,1
2014-07-16,train,0,2014-08-13,0.4782158865,0
2014-07-17,train,1,2014-08-14,0.6592138305,1
2014-07-18,train,0,2014-08-15,0.6421169295,1
2014-07-21,train,1,2014-08-18,0.677864895,1
2014-07-22,train,1,2014-08-19,0.6846020774,1
2014-07-23,train,1,2014-08-20,0.7000417338,1
2014-07-24,train,1,2014-08-21,0.6813694936,1
2014-07-25,train,1,2014-08-22,0.698775944,1
2014-07-28,train,1,2014-08-25,0.6966605293,1
2014-07-29,train,1,2014-08-26,0.6959096513,1
2014-07-30,train,1,2014-08-27,0.7019332959,1
2014-07-31,train,1,2014-08-28,0.7255482549,1
2014-08-01,train,1,2014-08-29,0.7272115804,1
2014-08-04,train,1,2014-09-02,0.7213334373,1
2014-08-05,train,1,2014-09-03,0.7236556271,1
2014-08-06,train,1,2014-09-04,0.7253679604,1
2014-08-07,train,1,2014-09-05,0.7283877916,1
2014-08-08,train,1,2014-09-08,0.722936735,1
2014-08-11,train,1,2014-09-09,0.7248363568,1
2014-08-12,train,1,2014-09-10,0.7258792054,1
2014-08-13,train,1,2014-09-11,0.7272266707,1
2014-08-14,train,1,2014-09-12,0.7266149753,1
2014-08-15,train,1,2014-09-15,0.7258004954,1
2014-08-18,train,1,2014-09-16,0.7285437468,1
2014-08-19,train,1,2014-09-17,0.7254854944,1
2014-08-20,train,1,2014-09-18,0.725117786,1
2014-08-21,train,1,2014-09-19,0.7201548733,1
2014-08-22,train,1,2014-09-22,0.7248622235,1
2014-08-25,train,0,2014-09-23,0.7247568281,1
2014-08-26,train,1,2014-09-24,0.7209967779,1
2014-08-27,train,0,2014-09-25,0.7028333448,1
2014-08-28,train,0,2014-09-26,0.6944318927,1
2014-08-29,train,0,2014-09-29,0.6827167061,1
2014-09-02,train,0,2014-09-30,0.6817014549,1
2014-09-03,train,0,2014-10-01,0.6726430192,1
2014-09-04,train,0,2014-10-02,0.683910959,1
2014-09-05,train,0,2014-10-03,0.6803273886,1
2014-09-08,train,0,2014-10-06,0.6904186955,1
2014-09-09,train,0,2014-10-07,0.7143020244,1
2014-09-10,train,0,2014-10-08,0.7150432721,1
2014-09-11,train,0,2014-10-09,0.708129742,1
2014-09-12,train,0,2014-10-10,0.7129011184,1
2014-09-15,train,0,2014-10-13,0.713716784,1
2014-09-16,train,0,2014-10-14,0.6646553544,1
2014-09-17,train,0,2014-10-15,0.7040834135,1
2014-09-18,train,0,2014-10-16,0.5607777054,1
2014-09-19,train,0,2014-10-17,0.6351878097,1
2014-09-22,train,0,2014-10-20,0.675297387,1
2014-09-23,train,0,2014-10-21,0.6442346711,1
2014-09-24,train,0,2014-10-22,0.6837385061,1
2014-09-25,train,0,2014-10-23,0.7574501122,1
2014-09-26,train,0,2014-10-24,0.7279582981,1
2014-09-29,train,0,2014-10-27,0.7545613529,1
2014-09-30,train,1,2014-10-28,0.7566334931,1
2014-10-01,train,1,2014-10-29,0.7579343855,1
2014-10-02,train,1,2014-10-30,0.7564389861,1
2014-10-03,train,1,2014-10-31,0.7423917315,1
2014-10-06,train,1,2014-11-03,0.7511706193,1
2014-10-07,train,1,2014-11-04,0.7488176802,1
2014-10-08,train,1,2014-11-05,0.7521642418,1
2014-10-09,train,1,2014-11-06,0.7376930449,1
2014-10-10,train,1,2014-11-07,0.7253018798,1
2014-10-13,train,1,2014-11-10,0.7170775197,1
2014-10-14,train,1,2014-11-11,0.7182725461,1
2014-10-15,train,1,2014-11-12,0.7178938589,1
2014-10-16,train,1,2014-11-13,0.7059890383,1
2014-10-17,train,1,2014-11-14,0.7131418561,1
2014-10-20,train,1,2014-11-17,0.7198525406,1
2014-10-21,train,1,2014-11-18,0.7414269507,1
2014-10-22,train,1,2014-11-19,0.7294957278,1
2014-10-23,train,1,2014-11-20,0.7446661657,1
2014-10-24,train,1,2014-11-21,0.7224321928,1
2014-10-27,train,1,2014-11-24,0.7221766304,1
2014-10-28,train,1,2014-11-25,0.7235319511,1
2014-10-29,train,1,2014-11-26,0.7238486895,1
2014-10-30,train,1,2014-11-28,0.721567544,1
2014-10-31,train,1,2014-12-01,0.7255669673,1
2014-11-03,train,1,2014-12-02,0.725068069,1
2014-11-04,train,1,2014-12-03,0.7227003202,1
2014-11-05,train,1,2014-12-04,0.7254433345,1
2014-11-06,train,1,2014-12-05,0.721018911,1
2014-11-07,train,1,2014-12-08,0.7161123315,1
2014-11-10,train,1,2014-12-09,0.7186024527,1
2014-11-11,train,0,2014-12-10,0.7218869249,1
2014-11-12,train,1,2014-12-11,0.7192746873,1
2014-11-13,train,0,2014-12-12,0.7183298687,1
2014-11-14,train,0,2014-12-15,0.7155131667,1
2014-11-17,train,0,2014-12-16,0.7159967876,1
2014-11-18,train,0,2014-12-17,0.7203072327,1
2014-11-19,train,1,2014-12-18,0.7204126282,1
2014-11-20,train,1,2014-12-19,0.720914227,1
2014-11-21,train,1,2014-12-22,0.7209345999,1
2014-11-24,train,1,2014-12-23,0.7155462884,1
2014-11-25,train,1,2014-12-24,0.7091865012,1
2014-11-26,train,1,2014-12-26,0.7089933767,1
2014-11-28,train,1,2014-12-29,0.7102246345,1
2014-12-01,train,1,2014-12-30,0.7023814065,1
2014-12-02,train,0,2014-12-31,0.7055235985,1
2014-12-03,train,0,2015-01-02,0.7086026958,1
2014-12-04,train,0,2015-01-05,0.706349225,1
2014-12-05,train,0,2015-01-06,0.7079835274,1
2014-12-08,train,0,2015-01-07,0.7046149722,1
2014-12-09,train,0,2015-01-08,0.7048072731,1
2014-12-10,train,1,2015-01-09,0.7213930299,1
2014-12-11,train,0,2015-01-12,0.7208531843,1
2014-12-12,train,1,2015-01-13,0.7456625867,1
2014-12-15,train,1,2015-01-14,0.7462545274,1
2014-12-16,train,1,2015-01-15,0.7262850821,1
2014-12-17,train,0,2015-01-16,0.717399124,1
2014-12-18,train,0,2015-01-20,0.714236901,1
2014-12-19,train,0,2015-01-21,0.7171938589,1
2014-12-22,train,0,2015-01-22,0.7134124222,1
2014-12-23,train,0,2015-01-23,0.714995531,1
2014-12-24,train,0,2015-01-26,0.7147399685,1
2014-12-26,train,0,2015-01-27,0.713722237,1
2014-12-29,train,0,2015-01-28,0.7106697559,1
2014-12-30,train,0,2015-01-29,0.7154690279,1
2014-12-31,train,0,2015-01-30,0.718207156,1
2015-01-02,train,0,2015-02-02,0.7183233079,1
2015-01-05,train,1,2015-02-03,0.7231394425,1
2015-01-06,train,1,2015-02-04,0.71319107,1
2015-01-07,train,1,2015-02-05,0.7212043652,1
2015-01-08,train,0,2015-02-06,0.6937431333,1
2015-01-09,train,1,2015-02-09,0.7062371335,1
2015-01-12,train,1,2015-02-10,0.7028495376,1
2015-01-13,train,1,2015-02-11,0.7137833287,1
2015-01-14,train,1,2015-02-12,0.7149399715,1
2015-01-15,train,1,2015-02-13,0.6947882208,1
2015-01-16,train,1,2015-02-17,0.7150612216,1
2015-01-20,train,1,2015-02-18,0.7174308064,1
2015-01-21,train,1,2015-02-19,0.7191660907,1
2015-01-22,train,1,2015-02-20,0.7227112233,1
2015-01-23,train,1,2015-02-23,0.7240264027,1
2015-01-26,train,1,2015-02-24,0.7255885395,1
2015-01-27,train,1,2015-02-25,0.7234607277,1
2015-01-28,train,1,2015-02-26,0.7319295691,1
2015-01-29,train,1,2015-02-27,0.7464581327,1
2015-01-30,train,1,2015-03-02,0.7276690148,1
2015-02-02,train,1,2015-03-03,0.7449887925,1
2015-02-03,train,1,2015-03-04,0.7264943562,1
2015-02-04,train,1,2015-03-05,0.7521094349,1
2015-02-05,train,1,2015-03-06,0.7284735406,1
2015-02-06,train,1,2015-03-09,0.7284533549,1
2015-02-09,train,1,2015-03-10,0.7480501838,1
2015-02-10,train,0,2015-03-11,0.7181693555,1
2015-02-11,train,1,2015-03-12,0.720647415,1
2015-02-12,train,0,2015-03-13,0.7177912973,1
2015-02-13,train,0,2015-03-16,0.7175952035,1
2015-02-17,train,0,2015-03-17,0.7175952035,1
2015-02-18,train,1,2015-03-18,0.718553094,1
2015-02-19,train,0,2015-03-19,0.718553094,1
2015-02-20,train,1,2015-03-20,0.712920331,1
2015-02-23,train,0,2015-03-23,0.715748794,1
2015-02-24,train,0,2015-03-24,0.7137712196,1
2015-02-25,train,0,2015-03-25,0.7122409978,1
2015-02-26,train,0,2015-03-26,0.7149791259,1
2015-02-27,train,0,2015-03-27,0.7151901516,1
2015-03-02,train,0,2015-03-30,0.7151897496,1
2015-03-03,train,0,2015-03-31,0.7181390204,1
2015-03-04,train,0,2015-04-01,0.7183794924,1
2015-03-05,train,0,2015-04-02,0.7191413306,1
2015-03-06,train,1,2015-04-06,0.7500695555,1
2015-03-09,train,0,2015-04-07,0.7259824644,1
2015-03-10,train,1,2015-04-08,0.7099661274,1
2015-03-11,train,1,2015-04-09,0.7388152933,1
2015-03-12,train,1,2015-04-10,0.7187815378,1
2015-03-13,train,1,2015-04-13,0.7188299642,1
2015-03-16,train,1,2015-04-14,0.719102823,1
2015-03-17,train,1,2015-04-15,0.7247010723,1
2015-03-18,train,1,2015-04-16,0.722886632,1
2015-03-19,train,0,2015-04-17,0.7228808865,1
2015-03-20,train,0,2015-04-20,0.7235058654,1
2015-03-23,train,0,2015-04-21,0.7206380653,1
2015-03-24,train,1,2015-04-22,0.7257072719,1
2015-03-25,train,1,2015-04-23,0.7532968599,1
2015-03-26,train,1,2015-04-24,0.7522032026,1
2015-03-27,train,1,2015-04-27,0.7525276981,1
2015-03-30,train,1,2015-04-28,0.722279815,1
2015-03-31,train,1,2015-04-29,0.7221230547,1
2015-04-01,train,1,2015-04-30,0.7158512599,1
2015-04-02,train,1,2015-05-01,0.7165735274,1
2015-04-06,train,1,2015-05-04,0.7186219993,1
2015-04-07,train,1,2015-05-05,0.724937306,1
2015-04-08,train,1,2015-05-06,0.7254393867,1
2015-04-09,train,0,2015-05-07,0.7002277376,1
2015-04-10,train,1,2015-05-08,0.7238963246,1
2015-04-13,train,1,2015-05-11,0.7127127922,1
2015-04-14,train,1,2015-05-12,0.7176060091,1
2015-04-15,train,0,2015-05-13,0.72465791,1
2015-04-16,train,1,2015-05-14,0.7194400363,1
2015-04-17,train,1,2015-05-15,0.7224995557,1
2015-04-20,train,1,2015-05-18,0.7230628246,1
2015-04-21,train,1,2015-05-19,0.7228072622,1
2015-04-22,train,1,2015-05-20,0.7216790393,1
2015-04-23,train,1,2015-05-21,0.7230755813,1
2015-04-24,train,1,2015-05-22,0.7259423723,1
2015-04-27,train,0,2015-05-26,0.7219246086,1
2015-04-28,train,1,2015-05-27,0.722990207,1
2015-04-29,train,1,2015-05-28,0.7234630136,1
2015-04-30,train,1,2015-05-29,0.7220823466,1
2015-05-01,train,1,2015-06-01,0.7223313512,1
2015-05-04,train,1,2015-06-02,0.7199231011,1
2015-05-05,train,1,2015-06-03,0.7196737203,1
2015-05-06,train,1,2015-06-04,0.720302712,1
2015-05-07,train,1,2015-06-05,0.7208891379,1
2015-05-08,train,0,2015-06-08,0.718789213,1
2015-05-11,train,0,2015-06-09,0.7206471543,1
2015-05-12,train,1,2015-06-10,0.7366507581,1
2015-05-13,train,1,2015-06-11,0.7497854075,1
2015-05-14,train,0,2015-06-12,0.7202784174,1
2015-05-15,train,0,2015-06-15,0.6379787034,1
2015-05-18,train,0,2015-06-16,0.5493641474,1
2015-05-19,train,0,2015-06-17,0.5440977555,1
2015-05-20,train,0,2015-06-18,0.721364826,1
2015-05-21,train,0,2015-06-19,0.716970322,1
2015-05-22,train,0,2015-06-22,0.7161295766,1
2015-05-26,train,1,2015-06-23,0.7454020236,1
2015-05-27,train,0,2015-06-24,0.7206421644,1
2015-05-28,train,0,2015-06-25,0.7203480494,1
2015-05-29,train,0,2015-06-26,0.7156295942,1
2015-06-01,train,0,2015-06-29,0.6666651183,1
2015-06-02,train,0,2015-06-30,0.6646582587,1
2015-06-03,train,0,2015-07-01,0.6771752203,1
2015-06-04,train,0,2015-07-02,0.6655521172,1
2015-06-05,train,0,2015-07-06,0.6904645404,1
2015-06-08,train,1,2015-07-07,0.6861541875,1
2015-06-09,train,0,2015-07-08,0.6995949644,1
2015-06-10,train,0,2015-07-09,0.7091344474,1
2015-06-11,train,0,2015-07-10,0.7097334502,1
2015-06-12,train,1,2015-07-13,0.7437772921,1
2015-06-15,train,1,2015-07-14,0.7346507918,1
2015-06-16,train,1,2015-07-15,0.7408319377,1
2015-06-17,train,1,2015-07-16,0.7404506069,1
2015-06-18,train,1,2015-07-17,0.7090665838,1
2015-06-19,train,1,2015-07-20,0.7080196941,1
2015-06-22,train,0,2015-07-21,0.7109434781,1
2015-06-23,train,0,2015-07-22,0.7126352479,1
2015-06-24,train,0,2015-07-23,0.7116479655,1
2015-06-25,train,0,2015-07-24,0.711955672,1
2015-06-26,train,0,2015-07-27,0.7130835546,1
2015-06-29,train,1,2015-07-28,0.7193544121,1
2015-06-30,train,1,2015-07-29,0.7190969637,1
2015-07-01,train,1,2015-07-30,0.7137511424,1
2015-07-02,train,1,2015-07-31,0.7207687069,1
2015-07-06,train,1,2015-08-03,0.7192332555,1
2015-07-07,train,1,2015-08-04,0.718724198,1
2015-07-08,train,1,2015-08-05,0.7147543863,1
2015-07-09,train,1,2015-08-06,0.7169713711,1
2015-07-10,train,1,2015-08-07,0.717146619,1
2015-07-13,train,1,2015-08-10,0.7361779142,1
2015-07-14,train,0,2015-08-11,0.7106887972,1
2015-07-15,train,0,2015-08-12,0.7142368408,1
2015-07-16,train,0,2015-08-13,0.7117061563,1
2015-07-17,train,0,2015-08-14,0.7117061563,1
2015-07-20,train,0,2015-08-17,0.7104332348,1
2015-07-21,train,0,2015-08-18,0.7238234048,1
2015-07-22,train,0,2015-08-19,0.7118763255,1
2015-07-23,train,0,2015-08-20,0.7315145099,1
2015-07-24,train,0,2015-08-21,0.715049126,1
2015-07-27,train,0,2015-08-24,0.7093574976,1
2015-07-28,train,0,2015-08-25,0.7173810419,1
2015-07-29,train,0,2015-08-26,0.732454026,1
2015-07-30,train,0,2015-08-27,0.7090900787,1
2015-07-31,train,0,2015-08-28,0.7086892794,1
2015-08-03,train,0,2015-08-31,0.7039412711,1
2015-08-04,train,0,2015-09-01,0.7185082027,1
2015-08-05,train,0,2015-09-02,0.7209511997,1
2015-08-06,train,0,2015-09-03,0.7072822103,1
2015-08-07,train,0,2015-09-04,0.7087459222,1
2015-08-10,train,0,2015-09-08,0.7182919245,1
2015-08-11,train,0,2015-09-09,0.7046370146,1
2015-08-12,train,0,2015-09-10,0.7011878663,1
2015-08-13,train,0,2015-09-11,0.7029555671,1
2015-08-14,train,0,2015-09-14,0.703396553,1
2015-08-17,train,0,2015-09-15,0.7071306681,1
2015-08-18,train,0,2015-09-16,0.7046547535,1
2015-08-19,train,0,2015-09-17,0.7002594522,1
2015-08-20,train,0,2015-09-18,0.6989599226,1
2015-08-21,train,1,2015-09-21,0.7170870718,1
2015-08-24,train,1,2015-09-22,0.7358280579,1
2015-08-25,train,1,2015-09-23,0.7363979863,1
2015-08-26,train,0,2015-09-24,0.7235021762,1
2015-08-27,train,0,2015-09-25,0.7048686806,1
2015-08-28,train,0,2015-09-28,0.7054958476,1
2015-08-31,train,0,2015-09-29,0.7249474417,1
2015-09-01,train,1,2015-09-30,0.7909679141,1
2015-09-02,train,0,2015-10-01,0.8486506387,1
2015-09-03,train,1,2015-10-02,0.8567861435,1
2015-09-04,train,1,2015-10-05,0.8622994601,1
2015-09-08,train,1,2015-10-06,0.8478110223,1
2015-09-09,train,1,2015-10-07,0.8637646199,1
2015-09-10,train,1,2015-10-08,0.8606142099,1
2015-09-11,train,1,2015-10-09,0.8598378607,1
2015-09-14,train,1,2015-10-12,0.8582748448,1
2015-09-15,train,1,2015-10-13,0.823370328,1
2015-09-16,train,1,2015-10-14,0.8223506243,1
2015-09-17,train,1,2015-10-15,0.8319928708,1
2015-09-18,train,1,2015-10-16,0.861378377,1
2015-09-21,train,1,2015-10-19,0.8549391134,1
2015-09-22,train,1,2015-10-20,0.8589884941,1
2015-09-23,train,1,2015-10-21,0.8578864749,1
2015-09-24,train,1,2015-10-22,0.8595718543,1
2015-09-25,train,1,2015-10-23,0.8651779024,1
2015-09-28,train,1,2015-10-26,0.8750067282,1
2015-09-29,train,1,2015-10-27,0.8791737006,1
2015-09-30,train,1,2015-10-28,0.8723376048,1
2015-10-01,train,1,2015-10-29,0.8492562268,1
2015-10-02,train,1,2015-10-30,0.8283462886,1
2015-10-05,train,1,2015-11-02,0.8224684603,1
2015-10-06,train,1,2015-11-03,0.8267874468,1
2015-10-07,train,1,2015-11-04,0.8230945263,1
2015-10-08,train,1,2015-11-05,0.8215127784,1
2015-10-09,train,1,2015-11-06,0.8093047065,1
2015-10-12,train,1,2015-11-09,0.7950867539,1
2015-10-13,train,1,2015-11-10,0.7957384378,1
2015-10-14,train,1,2015-11-11,0.7989270801,1
2015-10-15,train,1,2015-11-12,0.7894911583,1
2015-10-16,train,0,2015-11-13,0.7876490467,1
2015-10-19,train,1,2015-11-16,0.7898988557,1
2015-10-20,train,1,2015-11-17,0.7926106221,1
2015-10-21,train,1,2015-11-18,0.8109015647,1
2015-10-22,train,1,2015-11-19,0.7892616645,1
2015-10-23,train,1,2015-11-20,0.7889610907,1
2015-10-26,train,1,2015-11-23,0.7947875517,1
2015-10-27,train,1,2015-11-24,0.7910770433,1
2015-10-28,train,1,2015-11-25,0.7880358155,1
2015-10-29,train,1,2015-11-27,0.7884384656,1
2015-10-30,train,1,2015-11-30,0.7985194744,1
2015-11-02,train,1,2015-12-01,0.7869024918,1
2015-11-03,train,0,2015-12-02,0.7827771143,1
2015-11-04,train,0,2015-12-03,0.7727013646,1
2015-11-05,train,0,2015-12-04,0.787781299,1
2015-11-06,train,0,2015-12-07,0.7935157234,1
2015-11-09,train,0,2015-12-08,0.8068616847,1
2015-11-10,train,0,2015-12-09,0.8047284866,1
2015-11-11,train,0,2015-12-10,0.8044729241,1
2015-11-12,train,0,2015-12-11,0.8040632052,1
2015-11-13,train,1,2015-12-14,0.830457266,1
2015-11-16,train,0,2015-12-15,0.795982612,1
2015-11-17,train,1,2015-12-16,0.7199455161,1
2015-11-18,train,0,2015-12-17,0.7172925293,1
2015-11-19,train,0,2015-12-18,0.6930012599,1
2015-11-20,train,0,2015-12-21,0.6943829541,1
2015-11-23,train,0,2015-12-22,0.6950670742,1
2015-11-24,train,0,2015-12-23,0.6953226366,1
2015-11-25,train,0,2015-12-24,0.6697279055,1
2015-11-27,train,0,2015-12-28,0.6828059642,1
2015-11-30,train,0,2015-12-29,0.6842055151,1
2015-12-01,train,0,2015-12-30,0.6770203678,1
2015-12-02,train,0,2015-12-31,0.6907954084,1
2015-12-03,train,0,2016-01-04,0.7005673686,1
2015-12-04,train,0,2016-01-05,0.6801362831,1
2015-12-07,train,0,2016-01-06,0.6891247517,1
2015-12-08,train,0,2016-01-07,0.6844008651,1
2015-12-09,train,0,2016-01-08,0.6840958404,1
2015-12-10,train,0,2016-01-11,0.6845647296,1
2015-12-11,train,0,2016-01-12,0.6926623403,1
2015-12-14,train,0,2016-01-13,0.6825079317,1
2015-12-15,train,0,2016-01-14,0.6836170622,1
2015-12-16,train,0,2016-01-15,0.6822134784,1
2015-12-17,train,0,2016-01-19,0.6843796635,1
2015-12-18,train,0,2016-01-20,0.7050943334,1
2015-12-21,train,0,2016-01-21,0.6992177696,1
2015-12-22,train,0,2016-01-22,0.6767183222,1
2015-12-23,train,0,2016-01-25,0.6581164451,1
2015-12-24,train,0,2016-01-26,0.674359869,1
2015-12-28,train,0,2016-01-27,0.6877155525,1
2015-12-29,train,0,2016-01-28,0.6945666924,1
2015-12-30,train,0,2016-01-29,0.685603716,1
2015-12-31,train,0,2016-02-01,0.6803608619,1
2016-01-04,train,0,2016-02-02,0.6923597995,1
2016-01-05,train,0,2016-02-03,0.6866900515,1
2016-01-06,train,0,2016-02-04,0.6952187473,1
2016-01-07,train,0,2016-02-05,0.7106241624,1
2016-01-08,train,0,2016-02-08,0.7201057107,1
2016-01-11,train,0,2016-02-09,0.7209022041,1
2016-01-12,train,0,2016-02-10,0.7130722935,1
2016-01-13,train,0,2016-02-11,0.7298703114,1
2016-01-14,train,0,2016-02-12,0.7210861267,1
2016-01-15,train,1,2016-02-16,0.7371267259,1
2016-01-19,train,1,2016-02-17,0.7398346145,1
2016-01-20,train,1,2016-02-18,0.7362344836,1
2016-01-21,train,1,2016-02-19,0.7435071384,1
2016-01-22,train,1,2016-02-22,0.7358410671,1
2016-01-25,train,1,2016-02-23,0.743807035,1
2016-01-26,train,1,2016-02-24,0.7401284908,1
2016-01-27,train,1,2016-02-25,0.7491731374,1
2016-01-28,train,1,2016-02-26,0.7456953482,1
2016-01-29,train,0,2016-02-29,0.7394258045,1
2016-02-01,train,1,2016-03-01,0.7421374555,1
2016-02-02,train,1,2016-03-02,0.78835219,1
2016-02-03,train,1,2016-03-03,0.7843144118,1
2016-02-04,train,1,2016-03-04,0.7823204518,1
2016-02-05,train,1,2016-03-07,0.7948366074,1
2016-02-08,train,1,2016-03-08,0.7926338396,1
2016-02-09,train,1,2016-03-09,0.7977669098,1
2016-02-10,train,1,2016-03-10,0.7954559643,1
2016-02-11,train,1,2016-03-11,0.7918897448,1
2016-02-12,train,1,2016-03-14,0.783822583,1
2016-02-16,train,1,2016-03-15,0.8669038219,1
2016-02-17,train,1,2016-03-16,0.8651845625,1
2016-02-18,train,1,2016-03-17,0.8626759444,1
2016-02-19,train,1,2016-03-18,0.8612557335,1
2016-02-22,train,1,2016-03-21,0.8550663506,1
2016-02-23,train,1,2016-03-22,0.8642048926,1
2016-02-24,train,1,2016-03-23,0.8661626326,1
2016-02-25,train,1,2016-03-24,0.8638979404,1
2016-02-26,train,1,2016-03-28,0.8659863029,1
2016-02-29,train,1,2016-03-29,0.8641745236,1
2016-03-01,train,1,2016-03-30,0.8638439737,1
2016-03-02,train,1,2016-03-31,0.8610162064,1
2016-03-03,train,1,2016-04-01,0.864984782,1
2016-03-04,train,1,2016-04-04,0.8625821161,1
2016-03-07,train,1,2016-04-05,0.8575452448,1
2016-03-08,train,1,2016-04-06,0.8557895954,1
2016-03-09,train,1,2016-04-07,0.8518486267,1
2016-03-10,train,1,2016-04-08,0.8506834852,1
2016-03-11,train,1,2016-04-11,0.8350325188,1
2016-03-14,train,1,2016-04-12,0.839359014,1
2016-03-15,train,1,2016-04-13,0.8571787243,1
2016-03-16,train,1,2016-04-14,0.8418107594,1
2016-03-17,train,1,2016-04-15,0.7802266888,1
2016-03-18,train,1,2016-04-18,0.7719589964,1
2016-03-21,train,1,2016-04-19,0.7870082245,1
2016-03-22,train,1,2016-04-20,0.8038086042,1
2016-03-23,train,1,2016-04-21,0.7944474673,1
2016-03-24,train,1,2016-04-22,0.7782819169,1
2016-03-28,train,1,2016-04-25,0.7647272149,1
2016-03-29,train,1,2016-04-26,0.7714652829,1
2016-03-30,train,1,2016-04-27,0.7534530533,1
2016-03-31,train,1,2016-04-28,0.7270942881,1
2016-04-01,train,0,2016-04-29,0.7297219105,1
2016-04-04,train,1,2016-05-02,0.7266647224,1
2016-04-05,train,1,2016-05-03,0.7274455683,1
2016-04-06,train,0,2016-05-04,0.6979888316,1
2016-04-07,train,1,2016-05-05,0.7293007851,1
2016-04-08,train,1,2016-05-06,0.7298566224,1
2016-04-11,train,1,2016-05-09,0.7168168818,1
2016-04-12,train,1,2016-05-10,0.706436848,1
2016-04-13,train,0,2016-05-11,0.6788836718,1
2016-04-14,train,0,2016-05-12,0.6823356262,1
2016-04-15,train,0,2016-05-13,0.6822670531,1
2016-04-18,train,0,2016-05-16,0.6813047166,1
2016-04-19,train,0,2016-05-17,0.6779096416,1
2016-04-20,train,0,2016-05-18,0.6761641844,1
2016-04-21,train,0,2016-05-19,0.6738279319,1
2016-04-22,train,0,2016-05-20,0.6732616837,1
2016-04-25,train,0,2016-05-23,0.6825719824,1
2016-04-26,train,0,2016-05-24,0.6880552798,1
2016-04-27,train,0,2016-05-25,0.6825237265,1
2016-04-28,train,1,2016-05-26,0.6957942864,1
2016-04-29,train,1,2016-05-27,0.6928487467,1
2016-05-02,train,1,2016-05-31,0.6933414504,1
2016-05-03,train,1,2016-06-01,0.7012217791,1
2016-05-04,train,1,2016-06-02,0.7015211183,1
2016-05-05,train,1,2016-06-03,0.705284417,1
2016-05-06,train,1,2016-06-06,0.7061976438,1
2016-05-09,train,1,2016-06-07,0.7154999985,1
2016-05-10,train,1,2016-06-08,0.6889838756,1
2016-05-11,train,1,2016-06-09,0.7060064054,1
2016-05-12,train,1,2016-06-10,0.7130715418,1
2016-05-13,train,1,2016-06-13,0.7280448909,1
2016-05-16,train,1,2016-06-14,0.6418506497,1
2016-05-17,train,1,2016-06-15,0.7319627518,1
2016-05-18,train,1,2016-06-16,0.729506731,1
2016-05-19,train,1,2016-06-17,0.7314883282,1
2016-05-20,train,1,2016-06-20,0.7306167423,1
2016-05-23,train,1,2016-06-21,0.6794672321,1
2016-05-24,train,1,2016-06-22,0.6597396659,1
2016-05-25,train,1,2016-06-23,0.662782339,1
2016-05-26,train,0,2016-06-24,0.6505523695,1
2016-05-27,train,0,2016-06-27,0.4604049112,0
2016-05-31,train,0,2016-06-28,0.599695966,1
2016-06-01,train,0,2016-06-29,0.5397931267,1
2016-06-02,train,0,2016-06-30,0.5293605733,1
2016-06-03,train,1,2016-07-01,0.6381074849,1
2016-06-06,train,0,2016-07-05,0.6011267203,1
2016-06-07,train,0,2016-07-06,0.6051368269,1
2016-06-08,train,0,2016-07-07,0.6429018346,1
2016-06-09,train,1,2016-07-08,0.6002871511,1
2016-06-10,train,1,2016-07-11,0.6274658191,1
2016-06-13,train,1,2016-07-12,0.7085724714,1
2016-06-14,train,1,2016-07-13,0.7112040247,1
2016-06-15,train,1,2016-07-14,0.657981727,1
2016-06-16,train,1,2016-07-15,0.7109764977,1
2016-06-17,train,1,2016-07-18,0.7192557466,1
2016-06-20,train,1,2016-07-19,0.671968652,1
2016-06-21,train,1,2016-07-20,0.7270322834,1
2016-06-22,train,1,2016-07-21,0.7263953901,1
2016-06-23,train,1,2016-07-22,0.7095899769,1
2016-06-24,train,1,2016-07-25,0.7518918025,1
2016-06-27,train,1,2016-07-26,0.7312640169,1
2016-06-28,train,1,2016-07-27,0.7240973267,1
2016-06-29,train,1,2016-07-28,0.7095303341,1
2016-06-30,train,1,2016-07-29,0.7120024034,1
2016-07-01,train,1,2016-08-01,0.7154080848,1
2016-07-05,train,1,2016-08-02,0.7123891657,1
2016-07-06,train,1,2016-08-03,0.7268905213,1
2016-07-07,train,1,2016-08-04,0.7160251531,1
2016-07-08,train,1,2016-08-05,0.7259716121,1
2016-07-11,train,1,2016-08-08,0.7308757739,1
2016-07-12,train,1,2016-08-09,0.7294421294,1
2016-07-13,train,1,2016-08-10,0.7294421294,1
2016-07-14,train,1,2016-08-11,0.7293122157,1
2016-07-15,train,1,2016-08-12,0.7288378409,1
2016-07-18,train,1,2016-08-15,0.7276253825,1
2016-07-19,train,1,2016-08-16,0.7281175344,1
2016-07-20,train,1,2016-08-17,0.7281175344,1
2016-07-21,train,1,2016-08-18,0.7225571786,1
2016-07-22,train,1,2016-08-19,0.7224495624,1
2016-07-25,train,1,2016-08-22,0.712129802,1
2016-07-26,train,1,2016-08-23,0.7077049915,1
2016-07-27,train,1,2016-08-24,0.7148023755,1
2016-07-28,train,1,2016-08-25,0.7236726457,1
2016-07-29,train,1,2016-08-26,0.7272331268,1
2016-08-01,train,1,2016-08-29,0.7272331268,1
2016-08-02,train,1,2016-08-30,0.7299151028,1
2016-08-03,train,1,2016-08-31,0.7247886014,1
2016-08-04,train,1,2016-09-01,0.7281241149,1
2016-08-05,train,1,2016-09-02,0.6984192161,1
2016-08-08,train,1,2016-09-06,0.6977067036,1
2016-08-09,train,1,2016-09-07,0.7011074821,1
2016-08-10,train,1,2016-09-08,0.690883692,1
2016-08-11,train,0,2016-09-09,0.6551872673,1
2016-08-12,train,0,2016-09-12,0.6601426684,1
2016-08-15,train,0,2016-09-13,0.6525950223,1
2016-08-16,train,0,2016-09-14,0.6639508285,1
2016-08-17,train,0,2016-09-15,0.6643458362,1
2016-08-18,train,0,2016-09-16,0.66212514,1
2016-08-19,train,0,2016-09-19,0.6784782207,1
2016-08-22,train,0,2016-09-20,0.6901759626,1
2016-08-23,train,0,2016-09-21,0.693933871,1
2016-08-24,train,1,2016-09-22,0.7090927973,1
2016-08-25,train,0,2016-09-23,0.6995200838,1
2016-08-26,train,0,2016-09-26,0.6815802171,1
2016-08-29,train,0,2016-09-27,0.6894607009,1
2016-08-30,train,0,2016-09-28,0.6936169989,1
2016-08-31,train,0,2016-09-29,0.7047077797,1
2016-09-01,train,1,2016-09-30,0.7065943765,1
2016-09-02,train,0,2016-10-03,0.7047586234,1
2016-09-06,train,0,2016-10-04,0.7063915991,1
2016-09-07,train,0,2016-10-05,0.7061360367,1
2016-09-08,train,0,2016-10-06,0.7070092716,1
2016-09-09,train,1,2016-10-07,0.7188524124,1
2016-09-12,train,1,2016-10-10,0.7193249022,1
2016-09-13,train,1,2016-10-11,0.7178557309,1
2016-09-14,train,1,2016-10-12,0.71135549,1
2016-09-15,train,0,2016-10-13,0.7070947749,1
2016-09-16,train,0,2016-10-14,0.7081958502,1
2016-09-19,train,0,2016-10-17,0.7160931292,1
2016-09-20,train,1,2016-10-18,0.7140610285,1
2016-09-21,train,0,2016-10-19,0.6942446822,1
2016-09-22,train,0,2016-10-20,0.7080776298,1
2016-09-23,train,0,2016-10-21,0.7190551919,1
2016-09-26,train,1,2016-10-24,0.7186876809,1
2016-09-27,train,0,2016-10-25,0.7229986506,1
2016-09-28,train,0,2016-10-26,0.7226173198,1
2016-09-29,train,0,2016-10-27,0.7186876809,1
2016-09-30,train,0,2016-10-28,0.7187704249,1
2016-10-03,train,0,2016-10-31,0.7185148625,1
2016-10-04,train,0,2016-11-01,0.7083066534,1
2016-10-05,train,0,2016-11-02,0.7160866874,1
2016-10-06,train,0,2016-11-03,0.7122752092,1
2016-10-07,train,0,2016-11-04,0.7376829167,1
2016-10-10,train,0,2016-11-07,0.7238633702,1
2016-10-11,train,1,2016-11-08,0.7401256445,1
2016-10-12,train,1,2016-11-09,0.7406889134,1
2016-10-13,train,1,2016-11-10,0.7415893564,1
2016-10-14,train,1,2016-11-11,0.7415893564,1
2016-10-17,train,1,2016-11-14,0.7419887607,1
2016-10-18,train,1,2016-11-15,0.7410883177,1
2016-10-19,train,1,2016-11-16,0.7437179714,1
2016-10-20,train,1,2016-11-17,0.7446966939,1
2016-10-21,train,1,2016-11-18,0.743462409,1
2016-10-24,train,1,2016-11-21,0.7453717335,1
2016-10-25,train,1,2016-11-22,0.7447348403,1
2016-10-26,train,1,2016-11-23,0.7453465356,1
2016-10-27,train,1,2016-11-25,0.7447348403,1
2016-10-28,train,1,2016-11-28,0.7447194016,1
2016-10-31,train,1,2016-11-29,0.7443237787,1
2016-11-01,train,1,2016-11-30,0.7338734047,1
2016-11-02,train,1,2016-12-01,0.7284240031,1
2016-11-03,train,1,2016-12-02,0.7236846181,1
2016-11-04,train,1,2016-12-05,0.7268627175,1
2016-11-07,train,1,2016-12-06,0.7411864731,1
2016-11-08,train,1,2016-12-07,0.7448590572,1
2016-11-09,train,1,2016-12-08,0.7430494286,1
2016-11-10,train,1,2016-12-09,0.7432734243,1
2016-11-11,train,1,2016-12-12,0.7419181036,1
2016-11-14,train,1,2016-12-13,0.7401486705,1
2016-11-15,train,1,2016-12-14,0.7359899431,1
2016-11-16,train,1,2016-12-15,0.7338409208,1
2016-11-17,train,1,2016-12-16,0.711194295,1
2016-11-18,train,1,2016-12-19,0.7108036196,1
2016-11-21,train,1,2016-12-20,0.7097715947,1
2016-11-22,train,1,2016-12-21,0.708963423,1
2016-11-23,train,1,2016-12-22,0.709669686,1
2016-11-25,train,1,2016-12-23,0.708963423,1
2016-11-28,train,1,2016-12-27,0.7084001542,1
2016-11-29,train,1,2016-12-28,0.7085820922,1
2016-11-30,train,1,2016-12-29,0.708055199,1
2016-12-01,train,1,2016-12-30,0.7135713403,1
2016-12-02,train,1,2017-01-03,0.7137097906,1
2016-12-05,train,1,2017-01-04,0.709032915,1
2016-12-06,train,1,2017-01-05,0.7108141054,1
2016-12-07,train,1,2017-01-06,0.714604492,1
2016-12-08,train,1,2017-01-09,0.722352119,1
2016-12-09,train,1,2017-01-10,0.722657558,1
2016-12-12,train,1,2017-01-11,0.7208631395,1
2016-12-13,train,1,2017-01-12,0.7212662254,1
2016-12-14,train,1,2017-01-13,0.7050037605,1
2016-12-15,train,1,2017-01-17,0.6849755588,1
2016-12-16,train,1,2017-01-18,0.7066368393,1
2016-12-19,train,1,2017-01-19,0.711946838,1
2016-12-20,train,1,2017-01-20,0.7197080706,1
2016-12-21,train,1,2017-01-23,0.719813466,1
2016-12-22,train,1,2017-01-24,0.7162439766,1
2016-12-23,train,1,2017-01-25,0.718321168,1
2016-12-27,train,1,2017-01-26,0.7197477432,1
2016-12-28,train,1,2017-01-27,0.7113266351,1
2016-12-29,train,1,2017-01-30,0.7155160868,1
2016-12-30,train,1,2017-01-31,0.7212804238,1
2017-01-03,train,1,2017-02-01,0.7221767529,1
2017-01-04,train,1,2017-02-02,0.7196023234,1
2017-01-05,train,1,2017-02-03,0.718557079,1
2017-01-06,train,1,2017-02-06,0.7229772785,1
2017-01-09,train,1,2017-02-07,0.7254427601,1
2017-01-10,train,1,2017-02-08,0.7214894292,1
2017-01-11,train,1,2017-02-09,0.7193955732,1
2017-01-12,train,1,2017-02-10,0.7142906335,1
2017-01-13,train,1,2017-02-13,0.7193547172,1
2017-01-17,train,1,2017-02-14,0.7197114529,1
2017-01-18,train,1,2017-02-15,0.7167809771,1
2017-01-19,train,1,2017-02-16,0.716791076,1
2017-01-20,train,1,2017-02-17,0.7163796885,1
2017-01-23,train,1,2017-02-21,0.7236055464,1
2017-01-24,train,1,2017-02-22,0.7109356684,1
2017-01-25,train,1,2017-02-23,0.6811883381,1
2017-01-26,train,1,2017-02-24,0.6732729726,1
2017-01-27,train,1,2017-02-27,0.6746042953,1
2017-01-30,train,1,2017-02-28,0.7037471944,1
2017-01-31,train,1,2017-03-01,0.6885736129,1
2017-02-01,train,1,2017-03-02,0.6885427068,1
2017-02-02,train,1,2017-03-03,0.6856115935,1
2017-02-03,train,1,2017-03-06,0.6965996622,1
2017-02-06,train,1,2017-03-07,0.6942594083,1
2017-02-07,train,1,2017-03-08,0.7031849481,1
2017-02-08,train,1,2017-03-09,0.7034541329,1
2017-02-09,train,1,2017-03-10,0.6954823737,1
2017-02-10,train,1,2017-03-13,0.665520049,1
2017-02-13,train,1,2017-03-14,0.6739675418,1
2017-02-14,train,1,2017-03-15,0.6475704888,1
2017-02-15,train,1,2017-03-16,0.652371268,1
2017-02-16,train,1,2017-03-17,0.6387141454,1
2017-02-17,train,1,2017-03-20,0.6580226318,1
2017-02-21,train,0,2017-03-21,0.6307568767,1
2017-02-22,train,0,2017-03-22,0.626128451,1
2017-02-23,train,0,2017-03-23,0.6429025939,1
2017-02-24,train,0,2017-03-24,0.6323143692,1
2017-02-27,train,0,2017-03-27,0.6303652364,1
2017-02-28,train,0,2017-03-28,0.6271590332,1
2017-03-01,train,0,2017-03-29,0.3170495359,0
2017-03-02,train,0,2017-03-30,0.6472454329,1
2017-03-03,train,0,2017-03-31,0.6156153829,1
2017-03-06,train,0,2017-04-03,0.6753173752,1
2017-03-07,train,0,2017-04-04,0.6690733773,1
2017-03-08,train,0,2017-04-05,0.6687927831,1
2017-03-09,train,0,2017-04-06,0.702083868,1
2017-03-10,train,0,2017-04-07,0.6866490937,1
2017-03-13,train,0,2017-04-10,0.6810293963,1
2017-03-14,train,0,2017-04-11,0.7012949389,1
2017-03-15,train,0,2017-04-12,0.7003656464,1
2017-03-16,train,0,2017-04-13,0.7039365472,1
2017-03-17,train,0,2017-04-17,0.7024143861,1
2017-03-20,train,0,2017-04-18,0.7002034441,1
2017-03-21,train,0,2017-04-19,0.7180281247,1
2017-03-22,train,1,2017-04-20,0.7225904803,1
2017-03-23,train,1,2017-04-21,0.7166759639,1
2017-03-24,train,1,2017-04-24,0.7228984057,1
2017-03-27,train,1,2017-04-25,0.7217915533,1
2017-03-28,train,1,2017-04-26,0.7120450433,1
2017-03-29,train,1,2017-04-27,0.7121426682,1
2017-03-30,train,1,2017-04-28,0.7120748305,1
2017-03-31,train,1,2017-05-01,0.7087906218,1
2017-04-03,train,1,2017-05-02,0.7176348403,1
2017-04-04,train,1,2017-05-03,0.711740735,1
2017-04-05,train,1,2017-05-04,0.7087702489,1
2017-04-06,train,1,2017-05-05,0.7107802088,1
2017-04-07,train,1,2017-05-08,0.711740735,1
2017-04-10,train,1,2017-05-09,0.7105246464,1
2017-04-11,train,1,2017-05-10,0.7090621919,1
2017-04-12,train,1,2017-05-11,0.7014198778,1
2017-04-13,train,1,2017-05-12,0.7076845002,1
2017-04-17,train,1,2017-05-15,0.7122726918,1
2017-04-18,train,1,2017-05-16,0.7195392865,1
2017-04-19,train,1,2017-05-17,0.7071008703,1
2017-04-20,train,1,2017-05-18,0.6967876538,1
2017-04-21,train,1,2017-05-19,0.7037473897,1
2017-04-24,train,1,2017-05-22,0.6903432466,1
2017-04-25,train,1,2017-05-23,0.6957471945,1
2017-04-26,train,1,2017-05-24,0.6956776621,1
2017-04-27,train,1,2017-05-25,0.6944844502,1
2017-04-28,train,1,2017-05-26,0.6996565084,1
2017-05-01,train,1,2017-05-30,0.6968276335,1
2017-05-02,train,1,2017-05-31,0.6968476206,1
2017-05-03,train,1,2017-06-01,0.6931924133,1
2017-05-04,train,1,2017-06-02,0.7129514245,1
2017-05-05,train,1,2017-06-05,0.7131521586,1
2017-05-08,train,1,2017-06-06,0.7124971918,1
2017-05-09,train,1,2017-06-07,0.7113359315,1
2017-05-10,train,1,2017-06-08,0.7130740462,1
2017-05-11,train,1,2017-06-09,0.7135788461,1
2017-05-12,train,1,2017-06-12,0.7095614806,1
2017-05-15,train,1,2017-06-13,0.705092752,1
2017-05-16,train,1,2017-06-14,0.7048862117,1
2017-05-17,train,1,2017-06-15,0.7548960278,1
2017-05-18,train,1,2017-06-16,0.7434304954,1
2017-05-19,train,1,2017-06-19,0.7280708281,1
2017-05-22,train,1,2017-06-20,0.7211996707,1
2017-05-23,train,1,2017-06-21,0.7211996707,1
2017-05-24,train,1,2017-06-22,0.7202039917,1
2017-05-25,train,1,2017-06-23,0.7154448747,1
2017-05-26,train,1,2017-06-26,0.7151893123,1
2017-05-30,train,1,2017-06-27,0.7138996332,1
2017-05-31,train,1,2017-06-28,0.719401565,1
2017-06-01,train,0,2017-06-29,0.7134806832,1
2017-06-02,train,0,2017-06-30,0.7121569596,1
2017-06-05,train,0,2017-07-03,0.7164592816,1
2017-06-06,train,1,2017-07-05,0.7229666394,1
2017-06-07,train,0,2017-07-06,0.7227368902,1
2017-06-08,train,0,2017-07-07,0.722099997,1
2017-06-09,train,1,2017-07-10,0.7229368522,1
2017-06-12,train,0,2017-07-11,0.7225374478,1
2017-06-13,train,1,2017-07-12,0.7189635473,1
2017-06-14,train,1,2017-07-13,0.723277399,1
2017-06-15,train,1,2017-07-14,0.7175607741,1
2017-06-16,train,1,2017-07-17,0.7180438881,1
2017-06-19,train,1,2017-07-18,0.711282138,1
2017-06-20,train,1,2017-07-19,0.7152577613,1
2017-06-21,train,1,2017-07-20,0.7097025859,1
2017-06-22,train,1,2017-07-21,0.7148667885,1
2017-06-23,train,1,2017-07-24,0.7071177729,1
2017-06-26,train,1,2017-07-25,0.7169381939,1
2017-06-27,train,1,2017-07-26,0.7063280803,1
2017-06-28,train,1,2017-07-27,0.7250827396,1
2017-06-29,train,1,2017-07-28,0.7271081548,1
2017-06-30,train,1,2017-07-31,0.7261361442,1
2017-07-03,train,1,2017-08-01,0.7238418008,1
2017-07-05,train,1,2017-08-02,0.7232310635,1
2017-07-06,train,1,2017-08-03,0.7251408975,1
2017-07-07,train,1,2017-08-04,0.7257041663,1
2017-07-10,train,1,2017-08-07,0.7223239765,1
2017-07-11,train,1,2017-08-08,0.7220684141,1
2017-07-12,train,1,2017-08-09,0.7188980157,1
2017-07-13,train,0,2017-08-10,0.7218915841,1
2017-07-14,train,0,2017-08-11,0.7182964654,1
2017-07-17,train,1,2017-08-14,0.7199856094,1
2017-07-18,train,1,2017-08-15,0.7216360217,1
2017-07-19,train,0,2017-08-16,0.7208411912,1
2017-07-20,train,0,2017-08-17,0.7183112825,1
2017-07-21,train,0,2017-08-18,0.7158760058,1
2017-07-24,train,0,2017-08-21,0.7150473345,1
2017-07-25,train,0,2017-08-22,0.7154779545,1
2017-07-26,train,0,2017-08-23,0.71566497,1
2017-07-27,train,0,2017-08-24,0.7069867347,1
2017-07-28,train,0,2017-08-25,0.7032484115,1
2017-07-31,train,0,2017-08-28,0.7025897106,1
2017-08-01,train,0,2017-08-29,0.703503974,1
2017-08-02,train,0,2017-08-30,0.707504364,1
2017-08-03,train,1,2017-08-31,0.7082973788,1
2017-08-04,train,1,2017-09-01,0.709578411,1
2017-08-07,train,0,2017-09-05,0.706761709,1
2017-08-08,train,0,2017-09-06,0.7059557319,1
2017-08-09,train,0,2017-09-07,0.7049497612,1
2017-08-10,train,1,2017-09-08,0.71207511,1
2017-08-11,train,1,2017-09-11,0.7130533538,1
2017-08-14,train,1,2017-09-12,0.72321845,1
2017-08-15,train,1,2017-09-13,0.7229628876,1
2017-08-16,train,1,2017-09-14,0.7198098518,1
2017-08-17,train,1,2017-09-15,0.7265901272,1
2017-08-18,train,1,2017-09-18,0.7268978337,1
2017-08-21,train,1,2017-09-19,0.7305971362,1
2017-08-22,train,1,2017-09-20,0.7222407009,1
2017-08-23,train,1,2017-09-21,0.7237635762,1
2017-08-24,train,1,2017-09-22,0.7251473616,1
2017-08-25,train,1,2017-09-25,0.7286162995,1
2017-08-28,train,1,2017-09-26,0.7277562211,1
2017-08-29,train,1,2017-09-27,0.7277562211,1
2017-08-30,train,1,2017-09-28,0.722152275,1
2017-08-31,train,1,2017-09-29,0.7240322654,1
2017-09-01,train,1,2017-10-02,0.7236303577,1
2017-09-05,train,1,2017-10-03,0.7210345859,1
2017-09-06,train,1,2017-10-04,0.7215121303,1
2017-09-07,train,1,2017-10-05,0.720875237,1
2017-09-08,train,1,2017-10-06,0.7234250518,1
2017-09-11,train,1,2017-10-09,0.7262107355,1
2017-09-12,train,1,2017-10-10,0.7295734974,1
2017-09-13,train,1,2017-10-11,0.7300075221,1
2017-09-14,train,1,2017-10-12,0.7287590174,1
2017-09-15,train,1,2017-10-13,0.7316792216,1
2017-09-18,train,1,2017-10-16,0.7282596525,1
2017-09-19,train,1,2017-10-17,0.7282596525,1
2017-09-20,train,1,2017-10-18,0.7230797363,1
2017-09-21,train,1,2017-10-19,0.7176059796,1
2017-09-22,train,1,2017-10-20,0.7154310442,1
2017-09-25,train,1,2017-10-23,0.7171228656,1
2017-09-26,train,1,2017-10-24,0.7163343361,1
2017-09-27,train,1,2017-10-25,0.7169790237,1
2017-09-28,train,1,2017-10-26,0.716744591,1
2017-09-29,train,1,2017-10-27,0.7203099144,1
2017-10-02,train,1,2017-10-30,0.7140227024,1
2017-10-03,train,1,2017-10-31,0.7222432114,1
2017-10-04,train,1,2017-11-01,0.715375714,1
2017-10-05,train,1,2017-11-02,0.7172585877,1
2017-10-06,train,1,2017-11-03,0.7148762942,1
2017-10-09,train,1,2017-11-06,0.7139366241,1
2017-10-10,train,1,2017-11-07,0.7178401382,1
2017-10-11,train,1,2017-11-08,0.7152322183,1
2017-10-12,train,1,2017-11-09,0.7168987067,1
2017-10-13,train,1,2017-11-10,0.7176373831,1
2017-10-16,train,1,2017-11-13,0.7182960841,1
2017-10-17,train,1,2017-11-14,0.7180405217,1
2017-10-18,train,1,2017-11-15,0.7180405217,1
2017-10-19,train,1,2017-11-16,0.7180405217,1
2017-10-20,train,1,2017-11-17,0.719518058,1
2017-10-23,train,1,2017-11-20,0.7183606736,1
2017-10-24,train,1,2017-11-21,0.7194976851,1
2017-10-25,train,1,2017-11-22,0.7182709286,1
2017-10-26,train,1,2017-11-24,0.718578635,1
2017-10-27,train,1,2017-11-27,0.6972301762,1
2017-10-30,train,1,2017-11-28,0.6987282702,1
2017-10-31,train,1,2017-11-29,0.6979060162,1
2017-11-01,train,1,2017-11-30,0.6945867443,1
2017-11-02,train,1,2017-12-01,0.6892034517,1
2017-11-03,train,1,2017-12-04,0.6887152352,1
2017-11-06,train,1,2017-12-05,0.6762990184,1
2017-11-07,train,1,2017-12-06,0.6910862423,1
2017-11-08,train,1,2017-12-07,0.7028062338,1
2017-11-09,train,1,2017-12-08,0.7192776963,1
2017-11-10,train,1,2017-12-11,0.7208706577,1
2017-11-13,train,1,2017-12-12,0.7187632314,1
2017-11-14,train,1,2017-12-13,0.7234898307,1
2017-11-15,train,1,2017-12-14,0.7257989946,1
2017-11-16,train,1,2017-12-15,0.7246376006,1
2017-11-17,train,1,2017-12-18,0.7265717412,1
2017-11-20,train,1,2017-12-19,0.7276396711,1
2017-11-21,train,1,2017-12-20,0.7278162832,1
2017-11-22,train,1,2017-12-21,0.7283001639,1
2017-11-24,train,1,2017-12-22,0.7242698921,1
2017-11-27,train,1,2017-12-26,0.7217934518,1
2017-11-28,train,1,2017-12-27,0.7255396076,1
2017-11-29,train,1,2017-12-28,0.7154041611,1
2017-11-30,train,1,2017-12-29,0.6980581753,1
2017-12-01,train,1,2018-01-02,0.7116398605,1
2017-12-04,train,1,2018-01-03,0.7130358018,1
2017-12-05,train,1,2018-01-04,0.7281417344,1
2017-12-06,train,1,2018-01-05,0.728493278,1
2017-12-07,train,1,2018-01-08,0.7254543946,1
2017-12-08,train,1,2018-01-09,0.7176139159,1
2017-12-11,train,1,2018-01-10,0.7137376214,1
2017-12-12,train,1,2018-01-11,0.7123402652,1
2017-12-13,train,1,2018-01-12,0.7165023846,1
2017-12-14,train,1,2018-01-16,0.7184443547,1
2017-12-15,train,1,2018-01-17,0.6959541965,1
2017-12-18,train,1,2018-01-18,0.6571288231,1
2017-12-19,train,1,2018-01-19,0.6734723248,1
2017-12-20,train,1,2018-01-22,0.6855245643,1
2017-12-21,train,1,2018-01-23,0.6922796147,1
2017-12-22,train,1,2018-01-24,0.6945501425,1
2017-12-26,train,1,2018-01-25,0.666337442,1
2017-12-27,train,1,2018-01-26,0.6981481249,1
2017-12-28,train,1,2018-01-29,0.6965658472,1
2017-12-29,train,1,2018-01-30,0.6958216402,1
2018-01-02,train,1,2018-01-31,0.69836654,1
2018-01-03,train,1,2018-02-01,0.692233776,1
2018-01-04,train,1,2018-02-02,0.6257574403,1
2018-01-05,train,0,2018-02-05,0.2712420546,0
2018-01-08,train,0,2018-02-06,0.3052358526,0
2018-01-09,train,0,2018-02-07,0.2790664897,0
2018-01-10,train,0,2018-02-08,0.3269184063,0
2018-01-11,train,0,2018-02-09,0.2429286441,0
2018-01-12,train,0,2018-02-12,0.1717825135,0
2018-01-16,train,0,2018-02-13,0.1928862822,0
2018-01-17,train,0,2018-02-14,0.1677551451,0
2018-01-18,train,0,2018-02-15,0.1841913651,0
2018-01-19,train,0,2018-02-16,0.1660314351,0
2018-01-22,train,0,2018-02-20,0.1607747107,0
2018-01-23,train,0,2018-02-21,0.1632145503,0
2018-01-24,train,0,2018-02-22,0.155720432,0
2018-01-25,train,0,2018-02-23,0.1599439268,0
2018-01-26,train,0,2018-02-26,0.1663107925,0
2018-01-29,train,0,2018-02-27,0.1618006241,0
2018-01-30,train,0,2018-02-28,0.1586711675,0
2018-01-31,train,0,2018-03-01,0.1595046394,0
2018-02-01,train,0,2018-03-02,0.1727268069,0
2018-02-02,train,0,2018-03-05,0.6530536933,1
2018-02-05,train,1,2018-03-06,0.7236361746,1
2018-02-06,train,1,2018-03-07,0.7100292158,1
2018-02-07,train,1,2018-03-08,0.720120957,1
2018-02-08,train,1,2018-03-09,0.7340971605,1
2018-02-09,train,1,2018-03-12,0.7154896187,1
2018-02-12,train,1,2018-03-13,0.7144775541,1
2018-02-13,train,1,2018-03-14,0.7132844979,1
2018-02-14,train,1,2018-03-15,0.7075918922,1
2018-02-15,train,1,2018-03-16,0.6974067015,1
2018-02-16,train,0,2018-03-19,0.6968732507,1
2018-02-20,train,1,2018-03-20,0.7101179798,1
2018-02-21,train,1,2018-03-21,0.7066724772,1
2018-02-22,train,0,2018-03-22,0.7031669113,1
2018-02-23,train,0,2018-03-23,0.6839431946,1
2018-02-26,train,0,2018-03-26,0.6884750354,1
2018-02-27,train,0,2018-03-27,0.6900656603,1
2018-02-28,train,0,2018-03-28,0.7025673366,1
2018-03-01,train,0,2018-03-29,0.7098890421,1
2018-03-02,train,0,2018-04-02,0.7099123197,1
2018-03-05,train,0,2018-04-03,0.7003500675,1
2018-03-06,train,0,2018-04-04,0.7056378049,1
2018-03-07,train,0,2018-04-05,0.7048166408,1
2018-03-08,train,0,2018-04-06,0.7080988042,1
2018-03-09,train,0,2018-04-09,0.6828402754,1
2018-03-12,train,0,2018-04-10,0.6836519757,1
2018-03-13,train,0,2018-04-11,0.6974585031,1
2018-03-14,train,0,2018-04-12,0.7104312326,1
2018-03-15,train,0,2018-04-13,0.7083617511,1
2018-03-16,train,0,2018-04-16,0.7081345626,1
2018-03-19,train,0,2018-04-17,0.7122576419,1
2018-03-20,train,0,2018-04-18,0.7156376128,1
2018-03-21,train,0,2018-04-19,0.7196933052,1
2018-03-22,train,1,2018-04-20,0.7537061025,1
2018-03-23,train,1,2018-04-23,0.7564351676,1
2018-03-26,train,0,2018-04-24,0.7687455049,1
2018-03-27,train,1,2018-04-25,0.7999441332,1
2018-03-28,train,1,2018-04-26,0.7981940245,1
2018-03-29,train,1,2018-04-27,0.8110724116,1
2018-04-02,train,1,2018-04-30,0.8035172727,1
2018-04-03,train,1,2018-05-01,0.8036357939,1
2018-04-04,train,0,2018-05-02,0.807962498,1
2018-04-05,train,0,2018-05-03,0.8109249484,1
2018-04-06,train,1,2018-05-04,0.8025507106,1
2018-04-09,train,1,2018-05-07,0.8069079005,1
2018-04-10,train,1,2018-05-08,0.8089635438,1
2018-04-11,train,1,2018-05-09,0.8107435202,1
2018-04-12,train,1,2018-05-10,0.810907531,1
2018-04-13,train,1,2018-05-11,0.8148736585,1
2018-04-16,train,1,2018-05-14,0.8132437724,1
2018-04-17,train,1,2018-05-15,0.8108766569,1
2018-04-18,train,1,2018-05-16,0.8111740325,1
2018-04-19,train,1,2018-05-17,0.8136015253,1
2018-04-20,train,1,2018-05-18,0.8141905217,1
2018-04-23,train,1,2018-05-21,0.8176693828,1
2018-04-24,train,1,2018-05-22,0.8104383854,1
2018-04-25,train,1,2018-05-23,0.8108548218,1
2018-04-26,train,1,2018-05-24,0.8193683451,1
2018-04-27,train,1,2018-05-25,0.8197187725,1
2018-04-30,train,1,2018-05-29,0.812944751,1
2018-05-01,train,1,2018-05-30,0.8117149295,1
2018-05-02,train,1,2018-05-31,0.8020184026,1
2018-05-03,train,1,2018-06-01,0.7601122433,1
2018-05-04,train,1,2018-06-04,0.7730310772,1
2018-05-07,train,1,2018-06-05,0.7258962827,1
2018-05-08,train,1,2018-06-06,0.7216454969,1
2018-05-09,train,1,2018-06-07,0.7202503375,1
2018-05-10,train,1,2018-06-08,0.7253613328,1
2018-05-11,train,1,2018-06-11,0.7173311144,1
2018-05-14,train,1,2018-06-12,0.701472325,1
2018-05-15,train,1,2018-06-13,0.7123550734,1
2018-05-16,train,1,2018-06-14,0.7192069863,1
2018-05-17,train,1,2018-06-15,0.7185604097,1
2018-05-18,train,1,2018-06-18,0.701985307,1
2018-05-21,train,1,2018-06-19,0.7218560089,1
2018-05-22,train,1,2018-06-20,0.549766612,1
2018-05-23,train,1,2018-06-21,0.5452777457,1
2018-05-24,train,1,2018-06-22,0.5173801258,1
2018-05-25,train,1,2018-06-25,0.5124002305,1
2018-05-29,train,1,2018-06-26,0.6707086612,1
2018-05-30,train,0,2018-06-27,0.5218781747,1
2018-05-31,train,1,2018-06-28,0.6078591118,1
2018-06-01,train,0,2018-06-29,0.5045677503,1
2018-06-04,train,0,2018-07-02,0.5049669193,1
2018-06-05,train,0,2018-07-03,0.5354184391,1
2018-06-06,train,0,2018-07-05,0.5279685028,1
2018-06-07,train,0,2018-07-06,0.5393869216,1
2018-06-08,train,1,2018-07-09,0.5392852643,1
2018-06-11,train,1,2018-07-10,0.6613322062,1
2018-06-12,train,0,2018-07-11,0.6380183826,1
2018-06-13,train,1,2018-07-12,0.6475739079,1
2018-06-14,train,1,2018-07-13,0.5615957099,1
2018-06-15,train,1,2018-07-16,0.6406160353,1
2018-06-18,train,1,2018-07-17,0.648088086,1
2018-06-19,train,1,2018-07-18,0.6904190313,1
2018-06-20,train,1,2018-07-19,0.7186252711,1
2018-06-21,train,1,2018-07-20,0.7217680823,1
2018-06-22,train,1,2018-07-23,0.7237056161,1
2018-06-25,train,1,2018-07-24,0.7220328507,1
2018-06-26,train,1,2018-07-25,0.7208384126,1
2018-06-27,train,1,2018-07-26,0.712145462,1
2018-06-28,train,1,2018-07-27,0.7225584031,1
2018-06-29,train,1,2018-07-30,0.722535246,1
2018-07-02,train,1,2018-07-31,0.722535246,1
2018-07-03,train,1,2018-08-01,0.7203663164,1
2018-07-05,train,1,2018-08-02,0.7249671784,1
2018-07-06,train,1,2018-08-03,0.7281118676,1
2018-07-09,train,1,2018-08-06,0.7254739662,1
2018-07-10,train,1,2018-08-07,0.7250898739,1
2018-07-11,train,1,2018-08-08,0.7230649258,1
2018-07-12,train,1,2018-08-09,0.722304658,1
2018-07-13,train,1,2018-08-10,0.7199450828,1
2018-07-16,train,1,2018-08-13,0.7168834947,1
2018-07-17,train,1,2018-08-14,0.7171274407,1
2018-07-18,train,1,2018-08-15,0.7219013676,1
2018-07-19,train,1,2018-08-16,0.7140399811,1
2018-07-20,train,1,2018-08-17,0.7176445346,1
2018-07-23,train,1,2018-08-20,0.7188925676,1
2018-07-24,train,1,2018-08-21,0.7212589361,1
2018-07-25,train,1,2018-08-22,0.6963494638,1
2018-07-26,train,1,2018-08-23,0.7094879274,1
2018-07-27,train,1,2018-08-24,0.7070397565,1
2018-07-30,train,1,2018-08-27,0.7225147484,1
2018-07-31,train,1,2018-08-28,0.7236387142,1
2018-08-01,train,1,2018-08-29,0.7203137962,1
2018-08-02,train,1,2018-08-30,0.7241054193,1
2018-08-03,train,1,2018-08-31,0.7278669399,1
2018-08-06,train,1,2018-09-04,0.7305877962,1
2018-08-07,train,1,2018-09-05,0.7301440115,1
2018-08-08,train,1,2018-09-06,0.7297387513,1
2018-08-09,train,1,2018-09-07,0.720039573,1
2018-08-10,train,1,2018-09-10,0.7259493594,1
2018-08-13,train,1,2018-09-11,0.7266411582,1
2018-08-14,train,1,2018-09-12,0.7265126282,1
2018-08-15,train,1,2018-09-13,0.7249940509,1
2018-08-16,train,1,2018-09-14,0.7271352178,1
2018-08-17,train,1,2018-09-17,0.727604123,1
2018-08-20,train,1,2018-09-18,0.7289472791,1
2018-08-21,train,1,2018-09-19,0.7284521589,1
2018-08-22,train,1,2018-09-20,0.7309173834,1
2018-08-23,train,1,2018-09-21,0.7273485606,1
2018-08-24,train,1,2018-09-24,0.7279854538,1
2018-08-27,train,1,2018-09-25,0.7295968827,1
2018-08-28,train,1,2018-09-26,0.727690908,1
2018-08-29,train,1,2018-09-27,0.7277367621,1
2018-08-30,train,1,2018-09-28,0.726818757,1
2018-08-31,train,1,2018-10-01,0.7239045262,1
2018-09-04,train,1,2018-10-02,0.7235231954,1
2018-09-05,train,1,2018-10-03,0.7256296089,1
2018-09-06,train,1,2018-10-04,0.7255670484,1
2018-09-07,train,1,2018-10-05,0.7260337535,1
2018-09-10,train,1,2018-10-08,0.7267956611,1
2018-09-11,train,0,2018-10-09,0.7253867149,1
2018-09-12,train,0,2018-10-10,0.7060838821,1
2018-09-13,train,0,2018-10-11,0.6720018049,1
2018-09-14,train,0,2018-10-12,0.7002380211,1
2018-09-17,train,0,2018-10-15,0.6962745339,1
2018-09-18,train,0,2018-10-16,0.6654459279,1
2018-09-19,train,0,2018-10-17,0.6794683611,1
2018-09-20,train,0,2018-10-18,0.6445420864,1
2018-09-21,train,0,2018-10-19,0.6308709403,1
2018-09-24,train,0,2018-10-22,0.6707694866,1
2018-09-25,train,0,2018-10-23,0.6808196207,1
2018-09-26,train,0,2018-10-24,0.6654532233,1
2018-09-27,train,0,2018-10-25,0.6404457588,1
2018-09-28,train,0,2018-10-26,0.6916243456,1
2018-10-01,train,0,2018-10-29,0.6905320919,1
2018-10-02,train,0,2018-10-30,0.6927051892,1
2018-10-03,train,0,2018-10-31,0.692178326,1
2018-10-04,train,0,2018-11-01,0.7087708671,1
2018-10-05,train,0,2018-11-02,0.7167160866,1
2018-10-08,train,0,2018-11-05,0.7133085866,1
2018-10-09,train,0,2018-11-06,0.710398674,1
2018-10-10,train,1,2018-11-07,0.7244627336,1
2018-10-11,train,1,2018-11-08,0.714532078,1
2018-10-12,train,1,2018-11-09,0.7130159247,1
2018-10-15,train,0,2018-11-12,0.7133117111,1
2018-10-16,train,0,2018-11-13,0.7221204612,1
2018-10-17,train,0,2018-11-14,0.7311097303,1
2018-10-18,train,0,2018-11-15,0.7142086662,1
2018-10-19,train,0,2018-11-16,0.7121558574,1
2018-10-22,train,0,2018-11-19,0.7121558574,1
2018-10-23,train,0,2018-11-20,0.7102936027,1
2018-10-24,train,0,2018-11-21,0.7010510075,1
2018-10-25,train,0,2018-11-23,0.7041994264,1
2018-10-26,train,1,2018-11-26,0.6955394551,1
2018-10-29,train,1,2018-11-27,0.6943784342,1
2018-10-30,train,1,2018-11-28,0.6941146327,1
2018-10-31,train,1,2018-11-29,0.698073043,1
2018-11-01,train,1,2018-11-30,0.699195351,1
2018-11-02,train,1,2018-12-03,0.6996494412,1
2018-11-05,train,0,2018-12-04,0.70021271,1
2018-11-06,train,0,2018-12-06,0.7056614208,1
2018-11-07,train,0,2018-12-07,0.7263686939,1
2018-11-08,train,0,2018-12-10,0.7216346355,1
2018-11-09,train,0,2018-12-11,0.7078038659,1
2018-11-12,train,0,2018-12-12,0.6920072101,1
2018-11-13,train,0,2018-12-13,0.6940197049,1
2018-11-14,train,0,2018-12-14,0.6933094671,1
2018-11-15,train,0,2018-12-17,0.7038313637,1
2018-11-16,train,0,2018-12-18,0.6953168357,1
2018-11-19,train,0,2018-12-19,0.6940069669,1
2018-11-20,train,0,2018-12-20,0.6925139001,1
2018-11-21,train,0,2018-12-21,0.6922984862,1
2018-11-23,train,0,2018-12-24,0.6926934676,1
2018-11-26,train,0,2018-12-26,0.6906513779,1
2018-11-27,train,0,2018-12-27,0.69261689,1
2018-11-28,train,0,2018-12-28,0.6962946259,1
2018-11-29,train,0,2018-12-31,0.6977736913,1
2018-11-30,train,0,2019-01-02,0.7030924762,1
2018-12-03,train,0,2019-01-03,0.7160272046,1
2018-12-04,train,0,2019-01-04,0.7327660398,1
2018-12-06,train,0,2019-01-07,0.7306703231,1
2018-12-07,train,0,2019-01-08,0.7445467287,1
2018-12-10,train,0,2019-01-09,0.7358174429,1
2018-12-11,train,0,2019-01-10,0.7357096227,1
2018-12-12,train,0,2019-01-11,0.7381098801,1
2018-12-13,train,0,2019-01-14,0.7356750331,1
2018-12-14,train,1,2019-01-15,0.8554404728,1
2018-12-17,train,1,2019-01-16,0.8650802204,1
2018-12-18,train,1,2019-01-17,0.8675911775,1
2018-12-19,train,1,2019-01-18,0.8645931466,1
2018-12-20,train,1,2019-01-22,0.8725725251,1
2018-12-21,train,1,2019-01-23,0.8755797623,1
2018-12-24,train,1,2019-01-24,0.8755797623,1
2018-12-26,train,1,2019-01-25,0.8779819759,1
2018-12-27,train,1,2019-01-28,0.8816032935,1
2018-12-28,train,1,2019-01-29,0.8842131125,1
2018-12-31,train,1,2019-01-30,0.8850022701,1
2019-01-02,train,1,2019-01-31,0.8828016291,1
2019-01-03,train,1,2019-02-01,0.8821017013,1
2019-01-04,train,1,2019-02-04,0.8823907804,1
2019-01-07,train,1,2019-02-05,0.8815429649,1
2019-01-08,train,1,2019-02-06,0.8683950751,1
2019-01-09,train,1,2019-02-07,0.8647109064,1
2019-01-10,train,1,2019-02-08,0.8632044067,1
2019-01-11,train,1,2019-02-11,0.8633240892,1
2019-01-14,train,1,2019-02-12,0.8697707218,1
2019-01-15,train,1,2019-02-13,0.8644883249,1
2019-01-16,train,1,2019-02-14,0.8593245553,1
2019-01-17,train,1,2019-02-15,0.8576380528,1
2019-01-18,train,1,2019-02-19,0.8490972625,1
2019-01-22,train,1,2019-02-20,0.8540062073,1
2019-01-23,train,1,2019-02-21,0.8517042896,1
2019-01-24,train,1,2019-02-22,0.8512668589,1
2019-01-25,train,1,2019-02-25,0.8368604758,1
2019-01-28,train,1,2019-02-26,0.8473123546,1
2019-01-29,train,1,2019-02-27,0.8542140687,1
2019-01-30,train,1,2019-02-28,0.8521973504,1
2019-01-31,train,1,2019-03-01,0.8509063659,1
2019-02-01,train,1,2019-03-04,0.8514781523,1
2019-02-04,train,1,2019-03-05,0.8442615781,1
2019-02-05,train,1,2019-03-06,0.815360041,1
2019-02-06,train,1,2019-03-07,0.8137176551,1
2019-02-07,train,1,2019-03-08,0.8142770972,1
2019-02-08,train,1,2019-03-11,0.8149350337,1
2019-02-11,train,1,2019-03-12,0.7892650185,1
2019-02-12,train,1,2019-03-13,0.7750596915,1
2019-02-13,train,1,2019-03-14,0.7939907716,1
2019-02-14,train,1,2019-03-15,0.8038744982,1
2019-02-15,train,1,2019-03-18,0.8043783233,1
2019-02-19,train,1,2019-03-19,0.8067362412,1
2019-02-20,train,1,2019-03-20,0.8053405684,1
2019-02-21,train,1,2019-03-21,0.799447386,1
2019-02-22,train,1,2019-03-22,0.7957481271,1
2019-02-25,train,1,2019-03-25,0.7926997551,1
2019-02-26,train,1,2019-03-26,0.8054795735,1
2019-02-27,train,1,2019-03-27,0.8054795735,1
2019-02-28,train,1,2019-03-28,0.8000749043,1
2019-03-01,train,1,2019-03-29,0.793755656,1
2019-03-04,train,1,2019-04-01,0.7917392919,1
2019-03-05,train,1,2019-04-02,0.7926146176,1
2019-03-06,train,1,2019-04-03,0.7983603904,1
2019-03-07,train,1,2019-04-04,0.7366475355,1
2019-03-08,train,1,2019-04-05,0.7396899431,1
2019-03-11,train,1,2019-04-08,0.7448135106,1
2019-03-12,train,1,2019-04-09,0.7463859951,1
2019-03-13,train,1,2019-04-10,0.7943296034,1
2019-03-14,train,1,2019-04-11,0.741866584,1
2019-03-15,train,1,2019-04-12,0.7333290564,1
2019-03-18,train,1,2019-04-15,0.7309064034,1
2019-03-19,train,1,2019-04-16,0.7118674883,1
2019-03-20,train,1,2019-04-17,0.7029582199,1
2019-03-21,train,1,2019-04-18,0.695445626,1
2019-03-22,train,1,2019-04-22,0.6833538007,1
2019-03-25,train,1,2019-04-23,0.6840599513,1
2019-03-26,train,1,2019-04-24,0.6868065366,1
2019-03-27,train,1,2019-04-25,0.6850024467,1
2019-03-28,train,1,2019-04-26,0.6840281807,1
2019-03-29,train,1,2019-04-29,0.6894571837,1
2019-04-01,train,1,2019-04-30,0.6825708107,1
2019-04-02,train,1,2019-05-01,0.6902256265,1
2019-04-03,train,1,2019-05-02,0.684924861,1
2019-04-04,train,1,2019-05-03,0.6249858505,1
2019-04-05,train,1,2019-05-06,0.4596523077,0
2019-04-08,train,0,2019-05-07,0.4537570729,0
2019-04-09,train,1,2019-05-08,0.4728871321,0
2019-04-10,train,0,2019-05-09,0.5299596675,1
2019-04-11,train,0,2019-05-10,0.532266367,1
2019-04-12,train,0,2019-05-13,0.4506523399,0
2019-04-15,train,0,2019-05-14,0.450866613,0
2019-04-16,train,0,2019-05-15,0.4493243785,0
2019-04-17,train,0,2019-05-16,0.4472961651,0
2019-04-18,train,0,2019-05-17,0.4468269677,0
2019-04-22,train,0,2019-05-20,0.4361757042,0
2019-04-23,train,0,2019-05-21,0.4556016045,0
2019-04-24,train,0,2019-05-22,0.4566485159,0
2019-04-25,train,0,2019-05-23,0.4416767951,0
2019-04-26,train,0,2019-05-24,0.4425940067,0
2019-04-29,train,0,2019-05-28,0.4407395819,0
2019-04-30,train,0,2019-05-29,0.4462209514,0
2019-05-01,train,0,2019-05-30,0.4585070647,0
2019-05-02,train,0,2019-05-31,0.4678994206,0
2019-05-03,train,0,2019-06-03,0.4613667352,0
2019-05-06,train,0,2019-06-04,0.463621296,0
2019-05-07,train,0,2019-06-05,0.4770245979,0
2019-05-08,train,0,2019-06-06,0.4842059178,0
2019-05-09,train,1,2019-06-07,0.4862135933,0
2019-05-10,train,1,2019-06-10,0.5061394945,1
2019-05-13,train,1,2019-06-11,0.7019008442,1
2019-05-14,train,1,2019-06-12,0.712690637,1
2019-05-15,train,1,2019-06-13,0.7110356282,1
2019-05-16,train,1,2019-06-14,0.7086530242,1
2019-05-17,train,1,2019-06-17,0.7111359396,1
2019-05-20,train,1,2019-06-18,0.7115172704,1
2019-05-21,train,1,2019-06-19,0.7128875582,1
2019-05-22,train,1,2019-06-20,0.713097362,1
2019-05-23,train,1,2019-06-21,0.7144775353,1
2019-05-24,train,1,2019-06-24,0.7154170515,1
2019-05-28,train,1,2019-06-25,0.7297852351,1
2019-05-29,train,1,2019-06-26,0.7182827038,1
2019-05-30,train,1,2019-06-27,0.7256619327,1
2019-05-31,train,1,2019-06-28,0.7229185934,1
2019-06-03,train,1,2019-07-01,0.7232262999,1
2019-06-04,train,1,2019-07-02,0.7043709701,1
2019-06-05,train,1,2019-07-03,0.7156452465,1
2019-06-06,train,1,2019-07-05,0.7150335511,1
2019-06-07,train,1,2019-07-08,0.7132611464,1
2019-06-10,train,1,2019-07-09,0.701573384,1
2019-06-11,train,1,2019-07-10,0.6968981171,1
2019-06-12,train,1,2019-07-11,0.7006222951,1
2019-06-13,train,1,2019-07-12,0.7003371545,1
2019-06-14,train,1,2019-07-15,0.698016134,1
2019-06-17,train,1,2019-07-16,0.6959789961,1
2019-06-18,train,1,2019-07-17,0.688074648,1
2019-06-19,train,1,2019-07-18,0.6907661695,1
2019-06-20,train,1,2019-07-19,0.6871327504,1
2019-06-21,train,1,2019-07-22,0.6862112445,1
2019-06-24,train,1,2019-07-23,0.6870415112,1
2019-06-25,train,1,2019-07-24,0.6888186496,1
2019-06-26,train,1,2019-07-25,0.6855513471,1
2019-06-27,train,1,2019-07-26,0.6856691823,1
2019-06-28,train,1,2019-07-29,0.681199977,1
2019-07-01,train,1,2019-07-30,0.6808390191,1
2019-07-02,train,1,2019-07-31,0.6831698845,1
2019-07-03,train,0,2019-08-01,0.6643554088,1
2019-07-05,train,0,2019-08-02,0.6671157341,1
2019-07-08,train,0,2019-08-05,0.6853955496,1
2019-07-09,train,0,2019-08-06,0.6726468746,1
2019-07-10,train,0,2019-08-07,0.6577403099,1
2019-07-11,train,0,2019-08-08,0.6541853295,1
2019-07-12,train,0,2019-08-09,0.652728091,1
2019-07-15,train,0,2019-08-12,0.651210326,1
2019-07-16,train,0,2019-08-13,0.6549799846,1
2019-07-17,train,0,2019-08-14,0.6667416581,1
2019-07-18,train,0,2019-08-15,0.6584870768,1
2019-07-19,train,0,2019-08-16,0.6802734801,1
2019-07-22,train,0,2019-08-19,0.6698523605,1
2019-07-23,train,0,2019-08-20,0.6572600694,1
2019-07-24,train,0,2019-08-21,0.6468890746,1
2019-07-25,train,0,2019-08-22,0.6497374442,1
2019-07-26,train,0,2019-08-23,0.644626067,1
2019-07-29,train,0,2019-08-26,0.6763699162,1
2019-07-30,train,0,2019-08-27,0.6810972455,1
2019-07-31,train,0,2019-08-28,0.694036437,1
2019-08-01,train,0,2019-08-29,0.7025707143,1
2019-08-02,train,0,2019-08-30,0.7100089704,1
2019-08-05,train,1,2019-09-03,0.7358302554,1
2019-08-06,train,1,2019-09-04,0.7394331813,1
2019-08-07,train,1,2019-09-05,0.7138863221,1
2019-08-08,train,1,2019-09-06,0.7081298712,1
2019-08-09,train,1,2019-09-09,0.7110982428,1
2019-08-12,train,1,2019-09-10,0.7285170574,1
2019-08-13,train,1,2019-09-11,0.7128153575,1
2019-08-14,train,1,2019-09-12,0.7284805424,1
2019-08-15,train,1,2019-09-13,0.7304702381,1
2019-08-16,train,1,2019-09-16,0.7052848112,1
2019-08-19,train,1,2019-09-17,0.7038144219,1
2019-08-20,train,1,2019-09-18,0.7055521131,1
2019-08-21,train,1,2019-09-19,0.7049075149,1
2019-08-22,train,1,2019-09-20,0.7041508002,1
2019-08-23,train,1,2019-09-23,0.7045747123,1
2019-08-26,train,1,2019-09-24,0.7047109786,1
2019-08-27,train,1,2019-09-25,0.7044554162,1
2019-08-28,train,1,2019-09-26,0.7052848112,1
2019-08-29,train,1,2019-09-27,0.7021259861,1
2019-08-30,train,1,2019-09-30,0.7042309389,1
2019-09-03,train,1,2019-10-01,0.7033980848,1
2019-09-04,train,0,2019-10-02,0.7040059764,1
2019-09-05,train,0,2019-10-03,0.7021187368,1
2019-09-06,train,0,2019-10-04,0.7013487621,1
2019-09-09,train,0,2019-10-07,0.7030312138,1
2019-09-10,train,0,2019-10-08,0.7056244838,1
2019-09-11,train,0,2019-10-09,0.7020918786,1
2019-09-12,train,0,2019-10-10,0.7004082417,1
2019-09-13,train,0,2019-10-11,0.7001526793,1
2019-09-16,train,0,2019-10-14,0.7012382578,1
2019-09-17,train,0,2019-10-15,0.7015141931,1
2019-09-18,train,0,2019-10-16,0.700409302,1
2019-09-19,train,0,2019-10-17,0.7012382578,1
2019-09-20,train,0,2019-10-18,0.7016400222,1
2019-09-23,train,1,2019-10-21,0.7067384403,1
2019-09-24,train,1,2019-10-22,0.7076255209,1
2019-09-25,train,1,2019-10-23,0.7085379282,1
2019-09-26,train,1,2019-10-24,0.7208890778,1
2019-09-27,train,1,2019-10-25,0.7396045583,1
2019-09-30,train,1,2019-10-28,0.7395452376,1
2019-10-01,train,1,2019-10-29,0.7401489456,1
2019-10-02,train,1,2019-10-30,0.7327851464,1
2019-10-03,train,1,2019-10-31,0.7298242861,1
2019-10-04,train,1,2019-11-01,0.7373501078,1
2019-10-07,train,1,2019-11-04,0.7340697671,1
2019-10-08,train,1,2019-11-05,0.7299715748,1
2019-10-09,train,1,2019-11-06,0.7335213307,1
2019-10-10,train,1,2019-11-07,0.7371903098,1
2019-10-11,train,1,2019-11-08,0.7372895065,1
2019-10-14,train,1,2019-11-11,0.7427170998,1
2019-10-15,train,1,2019-11-12,0.7105559455,1
2019-10-16,train,1,2019-11-13,0.743108907,1
2019-10-17,train,1,2019-11-14,0.7380907462,1
2019-10-18,train,1,2019-11-15,0.7359551934,1
2019-10-21,train,1,2019-11-18,0.7411849085,1
2019-10-22,train,1,2019-11-19,0.7358740729,1
2019-10-23,train,1,2019-11-20,0.7419172033,1
2019-10-24,train,1,2019-11-21,0.7162310101,1
2019-10-25,train,1,2019-11-22,0.7165342218,1
2019-10-28,train,1,2019-11-25,0.7174003312,1
2019-10-29,train,1,2019-11-26,0.7188497206,1
2019-10-30,train,1,2019-11-27,0.722241797,1
2019-10-31,train,1,2019-11-29,0.7164375918,1
2019-11-01,train,1,2019-12-02,0.7170928839,1
2019-11-04,train,1,2019-12-03,0.7155431838,1
2019-11-05,train,1,2019-12-04,0.7171464123,1
2019-11-06,train,1,2019-12-05,0.7171929819,1
2019-11-07,train,1,2019-12-06,0.6970677149,1
2019-11-08,train,1,2019-12-09,0.6851887545,1
2019-11-11,train,1,2019-12-10,0.6993581279,1
2019-11-12,train,1,2019-12-11,0.696827461,1
2019-11-13,train,1,2019-12-12,0.6948865711,1
2019-11-14,train,1,2019-12-13,0.6931441056,1
2019-11-15,train,1,2019-12-16,0.6618592227,1
2019-11-18,train,1,2019-12-17,0.6340744261,1
2019-11-19,train,1,2019-12-18,0.6342966779,1
2019-11-20,train,1,2019-12-19,0.6419532578,1
2019-11-21,train,1,2019-12-20,0.6824740722,1
2019-11-22,train,1,2019-12-23,0.7033879266,1
2019-11-25,train,1,2019-12-24,0.6832968443,1
2019-11-26,train,1,2019-12-26,0.6757492967,1
2019-11-27,train,1,2019-12-27,0.6814036696,1
2019-11-29,train,1,2019-12-30,0.704328864,1
2019-12-02,train,1,2019-12-31,0.7074307829,1
2019-12-03,train,1,2020-01-02,0.7159969474,1
2019-12-04,train,1,2020-01-03,0.7187696912,1
2019-12-05,train,1,2020-01-06,0.722149881,1
2019-12-06,train,1,2020-01-07,0.7224429671,1
2019-12-09,train,1,2020-01-08,0.7238615366,1
2019-12-10,train,1,2020-01-09,0.7258195872,1
2019-12-11,train,1,2020-01-10,0.7244984298,1
2019-12-12,train,1,2020-01-13,0.7185286381,1
2019-12-13,train,1,2020-01-14,0.7122156414,1
2019-12-16,train,1,2020-01-15,0.6644081668,1
2019-12-17,train,1,2020-01-16,0.6663985583,1
2019-12-18,train,1,2020-01-17,0.636363872,1
2019-12-19,train,1,2020-01-21,0.6376542839,1
2019-12-20,train,1,2020-01-22,0.6147572134,1
2019-12-23,train,1,2020-01-23,0.5993353905,1
2019-12-24,train,1,2020-01-24,0.6085014887,1
2019-12-26,train,1,2020-01-27,0.577985852,1
2019-12-27,train,1,2020-01-28,0.5918107519,1
2019-12-30,train,1,2020-01-29,0.6171098858,1
2019-12-31,train,1,2020-01-30,0.6084281071,1
2020-01-02,validation,0,2020-01-31,0.3545782544,0
2020-01-03,validation,1,2020-02-03,0.6051843286,1
2020-01-06,validation,1,2020-02-04,0.5917486345,1
2020-01-07,validation,1,2020-02-05,0.6077069454,1
2020-01-08,validation,1,2020-02-06,0.5932614459,1
2020-01-09,validation,1,2020-02-07,0.293289992,0
2020-01-10,validation,1,2020-02-10,0.5572147376,1
2020-01-13,validation,1,2020-02-11,0.3104345834,0
2020-01-14,validation,1,2020-02-12,0.3500223825,0
2020-01-15,validation,1,2020-02-13,0.3192185943,0
2020-01-16,validation,1,2020-02-14,0.2641101016,0
2020-01-17,validation,1,2020-02-18,0.2385609183,0
2020-01-21,validation,1,2020-02-19,0.2682761535,0
2020-01-22,validation,1,2020-02-20,0.2481247226,0
2020-01-23,validation,1,2020-02-21,0.237215716,0
2020-01-24,validation,0,2020-02-24,0.3397051372,0
2020-01-27,validation,0,2020-02-25,0.6578025641,1
2020-01-28,validation,0,2020-02-26,0.599782201,1
2020-01-29,validation,0,2020-02-27,0.6041304917,1
2020-01-30,validation,0,2020-02-28,0.6175815155,1
2020-01-31,validation,0,2020-03-02,0.7072430841,1
2020-02-03,validation,0,2020-03-03,0.6733122503,1
2020-02-04,validation,0,2020-03-04,0.6277810533,1
2020-02-05,validation,0,2020-03-05,0.3702360128,0
2020-02-06,validation,0,2020-03-06,0.3659442732,0
2020-02-07,validation,0,2020-03-09,0.3856085871,0
2020-02-10,validation,0,2020-03-10,0.3400223957,0
2020-02-11,validation,0,2020-03-11,0.3234702201,0
2020-02-12,validation,0,2020-03-12,0.2923424375,0
2020-02-13,validation,0,2020-03-13,0.3155456365,0
2020-02-14,validation,0,2020-03-16,0.3149251729,0
2020-02-18,validation,0,2020-03-17,0.3461123749,0
2020-02-19,validation,0,2020-03-18,0.3079109335,0
2020-02-20,validation,0,2020-03-19,0.3228239323,0
2020-02-21,validation,0,2020-03-20,0.4397573446,0
2020-02-24,validation,0,2020-03-23,0.7057102193,1
2020-02-25,validation,0,2020-03-24,0.743843856,1
2020-02-26,validation,0,2020-03-25,0.7440532539,1
2020-02-27,validation,0,2020-03-26,0.6971764802,1
2020-02-28,validation,0,2020-03-27,0.6935023264,1
2020-03-02,validation,0,2020-03-30,0.7487932691,1
2020-03-03,validation,0,2020-03-31,0.7803593085,1
2020-03-04,validation,0,2020-04-01,0.7825581838,1
2020-03-05,validation,0,2020-04-02,0.7926194424,1
2020-03-06,validation,0,2020-04-03,0.7878684938,1
2020-03-09,validation,0,2020-04-06,0.8317776536,1
2020-03-10,validation,0,2020-04-07,0.7920212272,1
2020-03-11,validation,1,2020-04-08,0.8460432477,1
2020-03-12,validation,1,2020-04-09,0.8616129214,1
2020-03-13,validation,1,2020-04-13,0.8558725792,1
2020-03-16,validation,1,2020-04-14,0.8616129214,1
2020-03-17,validation,1,2020-04-15,0.8602052011,1
2020-03-18,validation,1,2020-04-16,0.8616129214,1
2020-03-19,validation,1,2020-04-17,0.8667459915,1
2020-03-20,validation,1,2020-04-20,0.8616129214,1
2020-03-23,validation,1,2020-04-21,0.8616129214,1
2020-03-24,validation,1,2020-04-22,0.8602052011,1
2020-03-25,validation,1,2020-04-23,0.8696415281,1
2020-03-26,validation,1,2020-04-24,0.8679472228,1
2020-03-27,validation,1,2020-04-27,0.8695569633,1
2020-03-30,validation,1,2020-04-28,0.868149243,1
2020-03-31,validation,1,2020-04-29,0.8695569633,1
2020-04-01,validation,1,2020-04-30,0.8667409593,1
2020-04-02,validation,1,2020-05-01,0.8617564988,1
2020-04-03,validation,1,2020-05-04,0.8664617114,1
2020-04-06,validation,1,2020-05-05,0.8684024493,1
2020-04-07,validation,1,2020-05-06,0.8704481243,1
2020-04-08,validation,1,2020-05-07,0.8534312116,1
2020-04-09,validation,1,2020-05-08,0.843816534,1
2020-04-13,validation,1,2020-05-11,0.8509999839,1
2020-04-14,validation,1,2020-05-12,0.8295365609,1
2020-04-15,validation,1,2020-05-13,0.8460120906,1
2020-04-16,validation,1,2020-05-14,0.8449206366,1
2020-04-17,validation,0,2020-05-15,0.8006741179,1
2020-04-20,validation,1,2020-05-18,0.8425413827,1
2020-04-21,validation,1,2020-05-19,0.8555067089,1
2020-04-22,validation,1,2020-05-20,0.8429441253,1
2020-04-23,validation,1,2020-05-21,0.8457400768,1
2020-04-24,validation,1,2020-05-22,0.8387258822,1
2020-04-27,validation,1,2020-05-26,0.8283365088,1
2020-04-28,validation,1,2020-05-27,0.8395404904,1
2020-04-29,validation,1,2020-05-28,0.7946976354,1
2020-04-30,validation,1,2020-05-29,0.8006410994,1
2020-05-01,validation,1,2020-06-01,0.8401829943,1
2020-05-04,validation,1,2020-06-02,0.8412645807,1
2020-05-05,validation,1,2020-06-03,0.8272412614,1
2020-05-06,validation,1,2020-06-04,0.8282749138,1
2020-05-07,validation,1,2020-06-05,0.8034870898,1
2020-05-08,validation,1,2020-06-08,0.80396798,1
2020-05-11,validation,1,2020-06-09,0.8062449302,1
2020-05-12,validation,1,2020-06-10,0.8101224572,1
2020-05-13,validation,1,2020-06-11,0.8282184543,1
2020-05-14,validation,1,2020-06-12,0.8118849934,1
2020-05-15,validation,1,2020-06-15,0.8104718857,1
2020-05-18,validation,1,2020-06-16,0.7956160885,1
2020-05-19,validation,1,2020-06-17,0.7991063813,1
2020-05-20,validation,1,2020-06-18,0.7812525619,1
2020-05-21,validation,1,2020-06-19,0.7972135669,1
2020-05-22,validation,1,2020-06-22,0.7667528049,1
2020-05-26,validation,1,2020-06-23,0.7456954031,1
2020-05-27,validation,1,2020-06-24,0.7606014136,1
2020-05-28,validation,1,2020-06-25,0.7481565634,1
2020-05-29,validation,0,2020-06-26,0.7618862248,1
2020-06-01,validation,1,2020-06-29,0.7501421887,1
2020-06-02,validation,1,2020-06-30,0.7501421887,1
2020-06-03,validation,0,2020-07-01,0.7270441473,1
2020-06-04,validation,1,2020-07-02,0.743770873,1
2020-06-05,validation,0,2020-07-06,0.724555318,1
2020-06-08,validation,0,2020-07-07,0.7217106085,1
2020-06-09,validation,0,2020-07-08,0.7277776248,1
2020-06-10,validation,0,2020-07-09,0.7282425901,1
2020-06-11,validation,1,2020-07-10,0.7262130781,1
2020-06-12,validation,1,2020-07-13,0.7169534067,1
2020-06-15,validation,1,2020-07-14,0.7222098454,1
2020-06-16,validation,1,2020-07-15,0.7201584822,1
2020-06-17,validation,1,2020-07-16,0.7259793126,1
2020-06-18,validation,1,2020-07-17,0.7266749023,1
2020-06-19,validation,1,2020-07-20,0.7304746829,1
2020-06-22,validation,1,2020-07-21,0.725826298,1
2020-06-23,validation,1,2020-07-22,0.7246080524,1
2020-06-24,validation,1,2020-07-23,0.7312169287,1
2020-06-25,validation,1,2020-07-24,0.7242522548,1
2020-06-26,validation,1,2020-07-27,0.7264688436,1
2020-06-29,validation,1,2020-07-28,0.7003860036,1
2020-06-30,validation,1,2020-07-29,0.7091874753,1
2020-07-01,validation,1,2020-07-30,0.6593957588,1
2020-07-02,validation,1,2020-07-31,0.6467750493,1
2020-07-06,validation,1,2020-08-03,0.5538089516,1
2020-07-07,validation,1,2020-08-04,0.5738250974,1
2020-07-08,validation,1,2020-08-05,0.5598919337,1
2020-07-09,validation,1,2020-08-06,0.5713912359,1
2020-07-10,validation,1,2020-08-07,0.5600421421,1
2020-07-13,validation,1,2020-08-10,0.5766220577,1
2020-07-14,validation,1,2020-08-11,0.5600421421,1
2020-07-15,validation,1,2020-08-12,0.5640640861,1
2020-07-16,validation,1,2020-08-13,0.5692790609,1
2020-07-17,validation,1,2020-08-14,0.5608336202,1
2020-07-20,validation,1,2020-08-17,0.5619628387,1
2020-07-21,validation,1,2020-08-18,0.5619865579,1
2020-07-22,validation,1,2020-08-19,0.5612490579,1
2020-07-23,validation,1,2020-08-20,0.5661488227,1
2020-07-24,validation,1,2020-08-21,0.5685277282,1
2020-07-27,validation,1,2020-08-24,0.5562700772,1
2020-07-28,validation,1,2020-08-25,0.5667515712,1
2020-07-29,validation,1,2020-08-26,0.5592833713,1
2020-07-30,validation,1,2020-08-27,0.569948862,1
2020-07-31,validation,1,2020-08-28,0.5642386459,1
2020-08-03,validation,1,2020-08-31,0.5706134233,1
2020-08-04,validation,1,2020-09-01,0.5707752722,1
2020-08-05,validation,1,2020-09-02,0.5691017771,1
2020-08-06,validation,1,2020-09-03,0.4859108221,0
2020-08-07,validation,1,2020-09-04,0.4740446102,0
2020-08-10,validation,0,2020-09-08,0.4341572718,0
2020-08-11,validation,1,2020-09-09,0.5694107434,1
2020-08-12,validation,0,2020-09-10,0.4212727758,0
2020-08-13,validation,0,2020-09-11,0.4159137506,0
2020-08-14,validation,1,2020-09-14,0.4173809737,0
2020-08-17,validation,1,2020-09-15,0.3896294362,0
2020-08-18,validation,1,2020-09-16,0.4028229797,0
2020-08-19,validation,0,2020-09-17,0.4168879167,0
2020-08-20,validation,0,2020-09-18,0.3920205187,0
2020-08-21,validation,0,2020-09-21,0.3812528421,0
2020-08-24,validation,0,2020-09-22,0.3446995005,0
2020-08-25,validation,0,2020-09-23,0.3460014958,0
2020-08-26,validation,0,2020-09-24,0.2908056903,0
2020-08-27,validation,0,2020-09-25,0.3210117725,0
2020-08-28,validation,0,2020-09-28,0.3410719053,0
2020-08-31,validation,0,2020-09-29,0.3408662533,0
2020-09-01,validation,0,2020-09-30,0.281308639,0
2020-09-02,validation,0,2020-10-01,0.2991103814,0
2020-09-03,validation,0,2020-10-02,0.4309627689,0
2020-09-04,validation,0,2020-10-05,0.3932890242,0
2020-09-08,validation,1,2020-10-06,0.5266422311,1
2020-09-09,validation,1,2020-10-07,0.4416961185,0
2020-09-10,validation,1,2020-10-08,0.6619601544,1
2020-09-11,validation,1,2020-10-09,0.6740058671,1
2020-09-14,validation,1,2020-10-12,0.6765845361,1
2020-09-15,validation,1,2020-10-13,0.5200206325,1
2020-09-16,validation,1,2020-10-14,0.6737682364,1
2020-09-17,validation,1,2020-10-15,0.6972019796,1
2020-09-18,validation,1,2020-10-16,0.6942869972,1
2020-09-21,validation,1,2020-10-19,0.7163332245,1
2020-09-22,validation,1,2020-10-20,0.6909588662,1
2020-09-23,validation,1,2020-10-21,0.7175014346,1
2020-09-24,validation,1,2020-10-22,0.7171016066,1
2020-09-25,validation,1,2020-10-23,0.7156195336,1
2020-09-28,validation,1,2020-10-26,0.6889292958,1
2020-09-29,validation,1,2020-10-27,0.7174053598,1
2020-09-30,validation,0,2020-10-28,0.6948299297,1
2020-10-01,validation,0,2020-10-29,0.6951567644,1
2020-10-02,validation,0,2020-10-30,0.704442755,1
2020-10-05,validation,0,2020-11-02,0.647912298,1
2020-10-06,validation,1,2020-11-03,0.6982212881,1
2020-10-07,validation,1,2020-11-04,0.5239080698,1
2020-10-08,validation,1,2020-11-05,0.4739226528,0
2020-10-09,validation,1,2020-11-06,0.3960876341,0
2020-10-12,validation,1,2020-11-09,0.390325863,0
2020-10-13,validation,1,2020-11-10,0.4278445153,0
2020-10-14,validation,1,2020-11-11,0.4431281031,0
2020-10-15,validation,1,2020-11-12,0.4357097293,0
2020-10-16,validation,1,2020-11-13,0.3790666291,0
2020-10-19,validation,1,2020-11-16,0.4885656493,0
2020-10-20,validation,1,2020-11-17,0.4617687976,0
2020-10-21,validation,1,2020-11-18,0.4580217379,0
2020-10-22,validation,1,2020-11-19,0.4243297739,0
2020-10-23,validation,1,2020-11-20,0.412617793,0
2020-10-26,validation,1,2020-11-23,0.6909841106,1
2020-10-27,validation,1,2020-11-24,0.6933834027,1
2020-10-28,validation,1,2020-11-25,0.75930776,1
2020-10-29,validation,1,2020-11-27,0.7647869857,1
2020-10-30,validation,1,2020-11-30,0.7654360511,1
2020-11-02,validation,1,2020-12-01,0.8019901007,1
2020-11-03,validation,1,2020-12-02,0.7773416345,1
2020-11-04,validation,1,2020-12-03,0.5728814562,1
2020-11-05,validation,1,2020-12-04,0.5115546708,1
2020-11-06,validation,1,2020-12-07,0.5152633808,1
2020-11-09,validation,1,2020-12-08,0.5147131515,1
2020-11-10,validation,1,2020-12-09,0.5134938374,1
2020-11-11,validation,1,2020-12-10,0.5161405273,1
2020-11-12,validation,1,2020-12-11,0.5056484883,1
2020-11-13,validation,1,2020-12-14,0.5041016161,1
2020-11-16,validation,1,2020-12-15,0.4668540277,0
2020-11-17,validation,1,2020-12-16,0.4768914481,0
2020-11-18,validation,1,2020-12-17,0.4807662723,0
2020-11-19,validation,1,2020-12-18,0.4988367382,0
2020-11-20,validation,1,2020-12-21,0.5092776687,1
2020-11-23,validation,1,2020-12-22,0.4635591516,0
2020-11-24,validation,1,2020-12-23,0.4679083325,0
2020-11-25,validation,1,2020-12-24,0.4821129559,0
2020-11-27,validation,1,2020-12-28,0.4770220093,0
2020-11-30,validation,1,2020-12-29,0.4755676127,0
2020-12-01,validation,1,2020-12-30,0.4651432397,0
2020-12-02,validation,1,2020-12-31,0.4126935802,0
2020-12-03,validation,1,2021-01-04,0.415263358,0
2020-12-04,validation,1,2021-01-05,0.3883338285,0
2020-12-07,validation,1,2021-01-06,0.3895625905,0
2020-12-08,validation,1,2021-01-07,0.3909878368,0
2020-12-09,validation,1,2021-01-08,0.4176480737,0
2020-12-10,validation,1,2021-01-11,0.4301556874,0
2020-12-11,validation,1,2021-01-12,0.4102461416,0
2020-12-14,validation,1,2021-01-13,0.4099278302,0
2020-12-15,validation,1,2021-01-14,0.4123408823,0
2020-12-16,validation,1,2021-01-15,0.4180521978,0
2020-12-17,validation,1,2021-01-19,0.348207729,0
2020-12-18,validation,1,2021-01-20,0.3713930122,0
2020-12-21,validation,1,2021-01-21,0.357823281,0
2020-12-22,validation,1,2021-01-22,0.3667448121,0
2020-12-23,validation,1,2021-01-25,0.3657689923,0
2020-12-24,validation,1,2021-01-26,0.3664794482,0
2020-12-28,validation,1,2021-01-27,0.3832484405,0
2020-12-29,validation,1,2021-01-28,0.3685130622,0
2020-12-30,validation,0,2021-01-29,0.3731979614,0
2020-12-31,validation,1,2021-02-01,0.3738026121,0
2021-01-04,validation,1,2021-02-02,0.3789194455,0
2021-01-05,validation,1,2021-02-03,0.3785755318,0
2021-01-06,validation,1,2021-02-04,0.3792021023,0
2021-01-07,validation,1,2021-02-05,0.3951071867,0
2021-01-08,validation,1,2021-02-08,0.3502238958,0
2021-01-11,validation,1,2021-02-09,0.3732091596,0
2021-01-12,validation,1,2021-02-10,0.3726303748,0
2021-01-13,validation,1,2021-02-11,0.3517695427,0
2021-01-14,validation,1,2021-02-12,0.3733989075,0
2021-01-15,validation,1,2021-02-16,0.3703995794,0
2021-01-19,validation,1,2021-02-17,0.3702192032,0
2021-01-20,validation,1,2021-02-18,0.360152454,0
2021-01-21,validation,1,2021-02-19,0.3422315416,0
2021-01-22,validation,1,2021-02-22,0.3473567279,0
2021-01-25,validation,1,2021-02-23,0.3541231362,0
2021-01-26,validation,1,2021-02-24,0.3627170948,0
2021-01-27,validation,1,2021-02-25,0.406261108,0
2021-01-28,validation,1,2021-02-26,0.4068933173,0
2021-01-29,validation,1,2021-03-01,0.4673274338,0
2021-02-01,validation,1,2021-03-02,0.4167599683,0
2021-02-02,validation,0,2021-03-03,0.3972738537,0
2021-02-03,validation,0,2021-03-04,0.430857515,0
2021-02-04,validation,0,2021-03-05,0.4140887503,0
2021-02-05,validation,0,2021-03-08,0.4290639852,0
2021-02-08,validation,0,2021-03-09,0.4257586103,0
2021-02-09,validation,0,2021-03-10,0.4219793274,0
2021-02-10,validation,1,2021-03-11,0.4243826836,0
2021-02-11,validation,1,2021-03-12,0.4212201251,0
2021-02-12,validation,1,2021-03-15,0.3890725504,0
2021-02-16,validation,1,2021-03-16,0.3566057501,0
2021-02-17,validation,1,2021-03-17,0.3586245387,0
2021-02-18,validation,1,2021-03-18,0.373956241,0
2021-02-19,validation,1,2021-03-19,0.3736841941,0
2021-02-22,validation,1,2021-03-22,0.4107574605,0
2021-02-23,validation,1,2021-03-23,0.4364280333,0
2021-02-24,validation,0,2021-03-24,0.361448361,0
2021-02-25,validation,1,2021-03-25,0.4394380727,0
2021-02-26,validation,1,2021-03-26,0.4806380762,0
2021-03-01,validation,1,2021-03-29,0.3646399823,0
2021-03-02,validation,1,2021-03-30,0.4193825857,0
2021-03-03,validation,1,2021-03-31,0.4791204579,0
2021-03-04,validation,1,2021-04-01,0.7004681442,1
2021-03-05,validation,1,2021-04-05,0.4733284398,0
2021-03-08,validation,1,2021-04-06,0.5065939797,1
2021-03-09,validation,1,2021-04-07,0.4352313791,0
2021-03-10,validation,1,2021-04-08,0.4406931187,0
2021-03-11,validation,1,2021-04-09,0.4094132428,0
2021-03-12,validation,1,2021-04-12,0.4059903627,0
2021-03-15,validation,1,2021-04-13,0.4149544266,0
2021-03-16,validation,1,2021-04-14,0.4258186365,0
2021-03-17,validation,1,2021-04-15,0.4343706213,0
2021-03-18,validation,1,2021-04-16,0.4269608913,0
2021-03-19,validation,1,2021-04-19,0.4339625616,0
2021-03-22,validation,1,2021-04-20,0.4152063533,0
2021-03-23,validation,1,2021-04-21,0.4476446822,0
2021-03-24,validation,1,2021-04-22,0.465526562,0
2021-03-25,validation,1,2021-04-23,0.4629223957,0
2021-03-26,validation,1,2021-04-26,0.3795605031,0
2021-03-29,validation,1,2021-04-27,0.4262605289,0
2021-03-30,validation,1,2021-04-28,0.425478687,0
2021-03-31,validation,1,2021-04-29,0.3555447503,0
2021-04-01,validation,1,2021-04-30,0.339898163,0
2021-04-05,validation,1,2021-05-03,0.3166761487,0
2021-04-06,validation,1,2021-05-04,0.3505052356,0
2021-04-07,validation,1,2021-05-05,0.3480388894,0
2021-04-08,validation,1,2021-05-06,0.3142759458,0
2021-04-09,validation,1,2021-05-07,0.2955068169,0
2021-04-12,validation,1,2021-05-10,0.2942669245,0
2021-04-13,validation,1,2021-05-11,0.2987400975,0
2021-04-14,validation,0,2021-05-12,0.2936796337,0
2021-04-15,validation,0,2021-05-13,0.2991828458,0
2021-04-16,validation,0,2021-05-14,0.2497009082,0
2021-04-19,validation,1,2021-05-17,0.2528982579,0
2021-04-20,validation,0,2021-05-18,0.2593576357,0
2021-04-21,validation,0,2021-05-19,0.2569648866,0
2021-04-22,validation,1,2021-05-20,0.2604008409,0
2021-04-23,validation,0,2021-05-21,0.2523855785,0
2021-04-26,validation,1,2021-05-24,0.2371485932,0
2021-04-27,validation,1,2021-05-25,0.2410405257,0
2021-04-28,validation,1,2021-05-26,0.2346628917,0
2021-04-29,validation,0,2021-05-27,0.2488052443,0
2021-04-30,validation,1,2021-05-28,0.2490857642,0
2021-05-03,validation,1,2021-06-01,0.3062463695,0
2021-05-04,validation,1,2021-06-02,0.331340711,0
2021-05-05,validation,1,2021-06-03,0.3567736783,0
2021-05-06,validation,1,2021-06-04,0.3231224221,0
2021-05-07,validation,1,2021-06-07,0.3220727879,0
2021-05-10,validation,1,2021-06-08,0.3577455226,0
2021-05-11,validation,1,2021-06-09,0.3807871132,0
2021-05-12,validation,1,2021-06-10,0.5021545896,1
2021-05-13,validation,1,2021-06-11,0.4371872138,0
2021-05-14,validation,1,2021-06-14,0.4219857567,0
2021-05-17,validation,1,2021-06-15,0.4244334708,0
2021-05-18,validation,1,2021-06-16,0.4298266494,0
2021-05-19,validation,1,2021-06-17,0.4702988381,0
2021-05-20,validation,1,2021-06-18,0.4341239661,0
2021-05-21,validation,1,2021-06-21,0.3732470816,0
2021-05-24,validation,1,2021-06-22,0.3744879789,0
2021-05-25,validation,1,2021-06-23,0.4107499026,0
2021-05-26,validation,1,2021-06-24,0.3896273699,0
2021-05-27,validation,1,2021-06-25,0.3755014731,0
2021-05-28,validation,1,2021-06-28,0.346689267,0
2021-06-01,validation,1,2021-06-29,0.3368760609,0
2021-06-02,validation,1,2021-06-30,0.3326831221,0
2021-06-03,validation,1,2021-07-01,0.3402556791,0
2021-06-04,validation,1,2021-07-02,0.3252655213,0
2021-06-07,validation,1,2021-07-06,0.3559245004,0
2021-06-08,validation,1,2021-07-07,0.3494518439,0
2021-06-09,validation,1,2021-07-08,0.3571710658,0
2021-06-10,validation,1,2021-07-09,0.2407585229,0
2021-06-11,validation,1,2021-07-12,0.2798465556,0
2021-06-14,validation,1,2021-07-13,0.2208479242,0
2021-06-15,validation,1,2021-07-14,0.2205480694,0
2021-06-16,validation,1,2021-07-15,0.2557075712,0
2021-06-17,validation,1,2021-07-16,0.2409177831,0
2021-06-18,validation,1,2021-07-19,0.5674267092,1
2021-06-21,validation,1,2021-07-20,0.2930316473,0
2021-06-22,validation,1,2021-07-21,0.2877757245,0
2021-06-23,validation,1,2021-07-22,0.297505104,0
2021-06-24,validation,1,2021-07-23,0.2575674011,0
2021-06-25,validation,1,2021-07-26,0.2562659351,0
2021-06-28,validation,1,2021-07-27,0.2974870791,0
2021-06-29,validation,1,2021-07-28,0.2907872059,0
2021-06-30,validation,1,2021-07-29,0.3004000417,0
2021-07-01,validation,1,2021-07-30,0.2823652104,0
2021-07-02,validation,1,2021-08-02,0.2887966408,0
2021-07-06,validation,1,2021-08-03,0.2855084004,0
2021-07-07,validation,1,2021-08-04,0.280216035,0
2021-07-08,validation,1,2021-08-05,0.3124380147,0
2021-07-09,validation,1,2021-08-06,0.2911549021,0
2021-07-12,validation,1,2021-08-09,0.2909434615,0
2021-07-13,validation,1,2021-08-10,0.3127633846,0
2021-07-14,validation,1,2021-08-11,0.2970020531,0
2021-07-15,validation,1,2021-08-12,0.2926583775,0
2021-07-16,validation,1,2021-08-13,0.32037008,0
2021-07-19,validation,1,2021-08-16,0.6491411551,1
2021-07-20,validation,1,2021-08-17,0.3415717549,0
2021-07-21,validation,1,2021-08-18,0.3104952447,0
2021-07-22,validation,1,2021-08-19,0.3010809991,0
2021-07-23,validation,1,2021-08-20,0.3006317238,0
2021-07-26,validation,1,2021-08-23,0.3102359145,0
2021-07-27,validation,1,2021-08-24,0.3306840166,0
2021-07-28,validation,1,2021-08-25,0.3346140639,0
2021-07-29,validation,1,2021-08-26,0.3296684432,0
2021-07-30,validation,1,2021-08-27,0.343568727,0
2021-08-02,validation,1,2021-08-30,0.3446305301,0
2021-08-03,validation,1,2021-08-31,0.349896106,0
2021-08-04,validation,1,2021-09-01,0.3586200397,0
2021-08-05,validation,1,2021-09-02,0.3309899221,0
2021-08-06,validation,1,2021-09-03,0.2533410404,0
2021-08-09,validation,1,2021-09-07,0.2786614496,0
2021-08-10,validation,1,2021-09-08,0.3191399408,0
2021-08-11,validation,1,2021-09-09,0.3189900174,0
2021-08-12,validation,1,2021-09-10,0.2562191083,0
2021-08-13,validation,1,2021-09-13,0.2199533856,0
2021-08-16,validation,0,2021-09-14,0.1759760557,0
2021-08-17,validation,1,2021-09-15,0.2590643516,0
2021-08-18,validation,1,2021-09-16,0.4009568291,0
2021-08-19,validation,1,2021-09-17,0.4098988265,0
2021-08-20,validation,0,2021-09-20,0.3266500353,0
2021-08-23,validation,0,2021-09-21,0.2889339746,0
2021-08-24,validation,0,2021-09-22,0.2866468012,0
2021-08-25,validation,0,2021-09-23,0.2814512408,0
2021-08-26,validation,0,2021-09-24,0.3328011341,0
2021-08-27,validation,0,2021-09-27,0.2533268029,0
2021-08-30,validation,0,2021-09-28,0.2501937782,0
2021-08-31,validation,0,2021-09-29,0.2696275332,0
2021-09-01,validation,0,2021-09-30,0.2564276277,0
2021-09-02,validation,0,2021-10-01,0.2533828542,0
2021-09-03,validation,0,2021-10-04,0.2689672292,0
2021-09-07,validation,0,2021-10-05,0.3107333689,0
2021-09-08,validation,0,2021-10-06,0.3200955064,0
2021-09-09,validation,0,2021-10-07,0.3390821144,0
2021-09-10,validation,0,2021-10-08,0.6410339585,1
2021-09-13,validation,0,2021-10-11,0.6340139741,1
2021-09-14,validation,0,2021-10-12,0.6451800958,1
2021-09-15,validation,0,2021-10-13,0.6248918352,1
2021-09-16,validation,0,2021-10-14,0.6348055038,1
2021-09-17,validation,1,2021-10-15,0.6593684492,1
2021-09-20,validation,1,2021-10-18,0.6944256555,1
2021-09-21,validation,1,2021-10-19,0.7070919085,1
2021-09-22,validation,1,2021-10-20,0.7005379012,1
2021-09-23,validation,1,2021-10-21,0.6928025731,1
2021-09-24,validation,1,2021-10-22,0.6921860401,1
2021-09-27,validation,1,2021-10-25,0.698019299,1
2021-09-28,validation,1,2021-10-26,0.7421779971,1
2021-09-29,validation,1,2021-10-27,0.7220518254,1
2021-09-30,validation,1,2021-10-28,0.7433683321,1
2021-10-01,validation,1,2021-10-29,0.7234046496,1
2021-10-04,validation,1,2021-11-01,0.7462561525,1
2021-10-05,validation,1,2021-11-02,0.7453569305,1
2021-10-06,validation,1,2021-11-03,0.7453569305,1
2021-10-07,validation,1,2021-11-04,0.7212841908,1
2021-10-08,validation,1,2021-11-05,0.7221252048,1
2021-10-11,validation,1,2021-11-08,0.7292975846,1
2021-10-12,validation,1,2021-11-09,0.7259002884,1
2021-10-13,validation,1,2021-11-10,0.7272259222,1
2021-10-14,validation,1,2021-11-11,0.7179175627,1
2021-10-15,validation,1,2021-11-12,0.7182627283,1
2021-10-18,validation,1,2021-11-15,0.7058531148,1
2021-10-19,validation,1,2021-11-16,0.6973906366,1
2021-10-20,validation,1,2021-11-17,0.6976523063,1
2021-10-21,validation,1,2021-11-18,0.6980236677,1
2021-10-22,validation,1,2021-11-19,0.6984099199,1
2021-10-25,validation,1,2021-11-22,0.6935263072,1
2021-10-26,validation,1,2021-11-23,0.6766426033,1
2021-10-27,validation,1,2021-11-24,0.6816959246,1
2021-10-28,validation,1,2021-11-26,0.6471537266,1
2021-10-29,validation,1,2021-11-29,0.6399816135,1
2021-11-01,validation,0,2021-11-30,0.6012387409,1
2021-11-02,validation,0,2021-12-01,0.5467639921,1
2021-11-03,validation,0,2021-12-02,0.2941138782,0
2021-11-04,validation,0,2021-12-03,0.2823063492,0
2021-11-05,validation,0,2021-12-06,0.2765643652,0
2021-11-08,validation,0,2021-12-07,0.2705601293,0
2021-11-09,validation,1,2021-12-08,0.2767238422,0
2021-11-10,validation,1,2021-12-09,0.5933445291,1
2021-11-11,validation,1,2021-12-10,0.6308955476,1
2021-11-12,validation,0,2021-12-13,0.3088947369,0
2021-11-15,validation,0,2021-12-14,0.3105243618,0
2021-11-16,validation,1,2021-12-15,0.2902461752,0
2021-11-17,validation,0,2021-12-16,0.3854443382,0
2021-11-18,validation,0,2021-12-17,0.3330457267,0
2021-11-19,validation,0,2021-12-20,0.3859751492,0
2021-11-22,validation,0,2021-12-21,0.6170542037,1
2021-11-23,validation,1,2021-12-22,0.6388878097,1
2021-11-24,validation,1,2021-12-23,0.6122874852,1
2021-11-26,validation,1,2021-12-27,0.6953200933,1
2021-11-29,validation,1,2021-12-28,0.6779416433,1
2021-11-30,validation,1,2021-12-29,0.7186681272,1
2021-12-01,validation,1,2021-12-30,0.7491328715,1
2021-12-02,validation,1,2021-12-31,0.7195164568,1
2021-12-03,validation,1,2022-01-03,0.7258183436,1
2021-12-06,validation,1,2022-01-04,0.7181204329,1
2021-12-07,validation,1,2022-01-05,0.7088286548,1
2021-12-08,validation,0,2022-01-06,0.7092016016,1
2021-12-09,validation,1,2022-01-07,0.7109190413,1
2021-12-10,validation,0,2022-01-10,0.7026986602,1
2021-12-13,validation,1,2022-01-11,0.7067708935,1
2021-12-14,validation,1,2022-01-12,0.7149410621,1
2021-12-15,validation,0,2022-01-13,0.6766094777,1
2021-12-16,validation,0,2022-01-14,0.709169272,1
2021-12-17,validation,0,2022-01-18,0.7166051528,1
2021-12-20,validation,0,2022-01-19,0.7251078081,1
2021-12-21,validation,0,2022-01-20,0.7183742723,1
2021-12-22,validation,0,2022-01-21,0.6812117386,1
2021-12-23,validation,0,2022-01-24,0.6765516535,1
2021-12-27,validation,0,2022-01-25,0.6064159547,1
2021-12-28,validation,0,2022-01-26,0.6437999697,1
2021-12-29,validation,0,2022-01-27,0.6292923059,1
2021-12-30,validation,0,2022-01-28,0.6407425422,1
2021-12-31,validation,0,2022-01-31,0.644890347,1
2022-01-03,validation,0,2022-02-01,0.6304194856,1
2022-01-04,validation,0,2022-02-02,0.6320725114,1
2022-01-05,validation,0,2022-02-03,0.6948250108,1
2022-01-06,validation,0,2022-02-04,0.6905051479,1
2022-01-07,validation,0,2022-02-07,0.710758653,1
2022-01-10,validation,0,2022-02-08,0.7232175416,1
2022-01-11,validation,0,2022-02-09,0.7168679909,1
2022-01-12,validation,0,2022-02-10,0.7090310585,1
2022-01-13,validation,0,2022-02-11,0.7269416584,1
2022-01-14,validation,0,2022-02-14,0.7223371589,1
2022-01-18,validation,0,2022-02-15,0.7240773158,1
2022-01-19,validation,0,2022-02-16,0.7454053622,1
2022-01-20,validation,0,2022-02-17,0.7301635321,1
2022-01-21,validation,0,2022-02-18,0.7145497043,1
2022-01-24,validation,0,2022-02-22,0.7123666164,1
2022-01-25,validation,0,2022-02-23,0.7088420795,1
2022-01-26,validation,0,2022-02-24,0.711966488,1
2022-01-27,validation,1,2022-02-25,0.7080557534,1
2022-01-28,validation,0,2022-02-28,0.7142688169,1
2022-01-31,validation,0,2022-03-01,0.7312297803,1
2022-02-01,validation,0,2022-03-02,0.7461837188,1
2022-02-02,validation,0,2022-03-03,0.7461837188,1
2022-02-03,validation,0,2022-03-04,0.7175421696,1
2022-02-04,validation,0,2022-03-07,0.7242142179,1
2022-02-07,validation,0,2022-03-08,0.712993766,1
2022-02-08,validation,0,2022-03-09,0.7302451357,1
2022-02-09,validation,0,2022-03-10,0.7430911442,1
2022-02-10,validation,0,2022-03-11,0.7286116505,1
2022-02-11,validation,0,2022-03-14,0.7147573172,1
2022-02-14,validation,0,2022-03-15,0.7158463954,1
2022-02-15,validation,0,2022-03-16,0.7363329454,1
2022-02-16,validation,0,2022-03-17,0.7419637589,1
2022-02-17,validation,1,2022-03-18,0.7327486084,1
2022-02-18,validation,1,2022-03-21,0.7345645377,1
2022-02-22,validation,1,2022-03-22,0.7346857326,1
2022-02-23,validation,1,2022-03-23,0.7336845155,1
2022-02-24,validation,1,2022-03-24,0.7354564044,1
2022-02-25,validation,1,2022-03-25,0.7355699803,1
2022-02-28,validation,1,2022-03-28,0.734623997,1
2022-03-01,validation,1,2022-03-29,0.7355976009,1
2022-03-02,validation,1,2022-03-30,0.783026648,1
2022-03-03,validation,1,2022-03-31,0.74137373,1
2022-03-04,validation,1,2022-04-01,0.7355807309,1
2022-03-07,validation,1,2022-04-04,0.8020051338,1
2022-03-08,validation,1,2022-04-05,0.8034673263,1
2022-03-09,validation,1,2022-04-06,0.7949841196,1
2022-03-10,validation,1,2022-04-07,0.797340728,1
2022-03-11,validation,1,2022-04-08,0.7986281271,1
2022-03-14,validation,1,2022-04-11,0.8093191423,1
2022-03-15,validation,1,2022-04-12,0.7988912779,1
2022-03-16,validation,1,2022-04-13,0.7935681768,1
2022-03-17,validation,0,2022-04-14,0.7947228762,1
2022-03-18,validation,0,2022-04-18,0.8008555592,1
2022-03-21,validation,1,2022-04-19,0.8049594986,1
2022-03-22,validation,0,2022-04-20,0.8028347434,1
2022-03-23,validation,0,2022-04-21,0.8050419726,1
2022-03-24,validation,0,2022-04-22,0.8085464171,1
2022-03-25,validation,0,2022-04-25,0.8108008699,1
2022-03-28,validation,0,2022-04-26,0.8132288352,1
2022-03-29,validation,0,2022-04-27,0.8098201563,1
2022-03-30,validation,0,2022-04-28,0.8092215969,1
2022-03-31,validation,0,2022-04-29,0.8022216593,1
2022-04-01,validation,0,2022-05-02,0.7985590799,1
2022-04-04,validation,0,2022-05-03,0.8017306756,1
2022-04-05,validation,0,2022-05-04,0.7929859671,1
2022-04-06,validation,0,2022-05-05,0.7902457912,1
2022-04-07,validation,0,2022-05-06,0.7917169474,1
2022-04-08,validation,0,2022-05-09,0.7908431969,1
2022-04-11,validation,0,2022-05-10,0.7295488223,1
2022-04-12,validation,0,2022-05-11,0.7487971646,1
2022-04-13,validation,0,2022-05-12,0.6084703282,1
2022-04-14,validation,0,2022-05-13,0.6174453569,1
2022-04-18,validation,0,2022-05-16,0.6119480665,1
2022-04-19,validation,0,2022-05-17,0.576807408,1
2022-04-20,validation,0,2022-05-18,0.5831578826,1
2022-04-21,validation,0,2022-05-19,0.5850141627,1
2022-04-22,validation,0,2022-05-20,0.6656537529,1
2022-04-25,validation,0,2022-05-23,0.7875399103,1
2022-04-26,validation,0,2022-05-24,0.8368217965,1
2022-04-27,validation,0,2022-05-25,0.8377629837,1
2022-04-28,validation,0,2022-05-26,0.8172770412,1
2022-04-29,validation,1,2022-05-27,0.8619259844,1
2022-05-02,validation,0,2022-05-31,0.8593267726,1
2022-05-03,validation,0,2022-06-01,0.8432574568,1
2022-05-04,validation,0,2022-06-02,0.8187056641,1
2022-05-05,validation,0,2022-06-03,0.8625915491,1
2022-05-06,validation,1,2022-06-06,0.8833457036,1
2022-05-09,validation,1,2022-06-07,0.8777073131,1
2022-05-10,validation,1,2022-06-08,0.8775106629,1
2022-05-11,validation,1,2022-06-09,0.8763819284,1
2022-05-12,validation,0,2022-06-10,0.8785984741,1
2022-05-13,validation,0,2022-06-13,0.8800707525,1
2022-05-16,validation,0,2022-06-14,0.8827499283,1
2022-05-17,validation,0,2022-06-15,0.8644247114,1
2022-05-18,validation,0,2022-06-16,0.8819214034,1
2022-05-19,validation,0,2022-06-17,0.8822411359,1
2022-05-20,validation,0,2022-06-21,0.8807787702,1
2022-05-23,validation,0,2022-06-22,0.8810908837,1
2022-05-24,validation,0,2022-06-23,0.8809384565,1
2022-05-25,validation,0,2022-06-24,0.8836017543,1
2022-05-26,validation,0,2022-06-27,0.8816749261,1
2022-05-27,validation,0,2022-06-28,0.8643864354,1
2022-05-31,validation,0,2022-06-29,0.8702389458,1
2022-06-01,validation,0,2022-06-30,0.8748159229,1
2022-06-02,validation,0,2022-07-01,0.8355334691,1
2022-06-03,validation,0,2022-07-05,0.8697720097,1
2022-06-06,validation,0,2022-07-06,0.8654979715,1
2022-06-07,validation,0,2022-07-07,0.856765439,1
2022-06-08,validation,0,2022-07-08,0.8393922706,1
2022-06-09,validation,0,2022-07-11,0.6937438395,1
2022-06-10,validation,0,2022-07-12,0.7023247941,1
2022-06-13,validation,1,2022-07-13,0.8523367578,1
2022-06-14,validation,1,2022-07-14,0.8721629729,1
2022-06-15,validation,1,2022-07-15,0.8718383392,1
2022-06-16,validation,1,2022-07-18,0.8723049129,1
2022-06-17,validation,1,2022-07-19,0.873196074,1
2022-06-21,validation,1,2022-07-20,0.8772520105,1
2022-06-22,validation,1,2022-07-21,0.8800223734,1
2022-06-23,validation,1,2022-07-22,0.8782423412,1
2022-06-24,validation,1,2022-07-25,0.877882619,1
2022-06-27,validation,1,2022-07-26,0.8797324709,1
2022-06-28,validation,1,2022-07-27,0.8798203952,1
2022-06-29,validation,1,2022-07-28,0.8811134638,1
2022-06-30,validation,1,2022-07-29,0.8778086729,1
2022-07-01,validation,1,2022-08-01,0.875081889,1
2022-07-05,validation,1,2022-08-02,0.8777172433,1
2022-07-06,validation,1,2022-08-03,0.883301594,1
2022-07-07,validation,1,2022-08-04,0.8833511058,1
2022-07-08,validation,1,2022-08-05,0.8862097333,1
2022-07-11,validation,1,2022-08-08,0.8816769857,1
2022-07-12,validation,1,2022-08-09,0.8803342027,1
2022-07-13,validation,1,2022-08-10,0.877197807,1
2022-07-14,validation,1,2022-08-11,0.8744264389,1
2022-07-15,validation,1,2022-08-12,0.8745624006,1
2022-07-18,validation,1,2022-08-15,0.8731282054,1
2022-07-19,validation,1,2022-08-16,0.8611652888,1
2022-07-20,validation,1,2022-08-17,0.8709809315,1
2022-07-21,validation,1,2022-08-18,0.8594648785,1
2022-07-22,validation,1,2022-08-19,0.8728538196,1
2022-07-25,validation,1,2022-08-22,0.8740529142,1
2022-07-26,validation,1,2022-08-23,0.8748467526,1
2022-07-27,validation,1,2022-08-24,0.8641578002,1
2022-07-28,validation,1,2022-08-25,0.8601234892,1
2022-07-29,validation,0,2022-08-26,0.8491768359,1
2022-08-01,validation,0,2022-08-29,0.8530314988,1
2022-08-02,validation,0,2022-08-30,0.8217490334,1
2022-08-03,validation,0,2022-08-31,0.7246354639,1
2022-08-04,validation,0,2022-09-01,0.7773146776,1
2022-08-05,validation,0,2022-09-02,0.7107090185,1
2022-08-08,validation,0,2022-09-06,0.7211386664,1
2022-08-09,validation,0,2022-09-07,0.6784737057,1
2022-08-10,validation,0,2022-09-08,0.6451933215,1
2022-08-11,validation,0,2022-09-09,0.639811949,1
2022-08-12,validation,0,2022-09-12,0.6367609426,1
2022-08-15,validation,0,2022-09-13,0.6246369169,1
2022-08-16,validation,0,2022-09-14,0.6260915109,1
2022-08-17,validation,0,2022-09-15,0.6876480908,1
2022-08-18,validation,0,2022-09-16,0.6561986418,1
2022-08-19,validation,0,2022-09-19,0.6373718887,1
2022-08-22,validation,0,2022-09-20,0.6798583459,1
2022-08-23,validation,0,2022-09-21,0.7123129152,1
2022-08-24,validation,0,2022-09-22,0.6678208609,1
2022-08-25,validation,0,2022-09-23,0.6369342334,1
2022-08-26,validation,0,2022-09-26,0.669574695,1
2022-08-29,validation,0,2022-09-27,0.6750521596,1
2022-08-30,validation,0,2022-09-28,0.7131383507,1
2022-08-31,validation,0,2022-09-29,0.7408264938,1
2022-09-01,validation,0,2022-09-30,0.8373310258,1
2022-09-02,validation,0,2022-10-03,0.8561433735,1
2022-09-06,validation,0,2022-10-04,0.8554931524,1
2022-09-07,validation,0,2022-10-05,0.849096154,1
2022-09-08,validation,0,2022-10-06,0.838881155,1
2022-09-09,validation,0,2022-10-07,0.8147540327,1
2022-09-12,validation,0,2022-10-10,0.8112319231,1
2022-09-13,validation,0,2022-10-11,0.8402106777,1
2022-09-14,validation,0,2022-10-12,0.837153661,1
2022-09-15,validation,0,2022-10-13,0.8500372875,1
2022-09-16,validation,0,2022-10-14,0.8470010024,1
2022-09-19,validation,0,2022-10-17,0.8467842033,1
2022-09-20,validation,0,2022-10-18,0.86666322,1
2022-09-21,validation,0,2022-10-19,0.8614188071,1
2022-09-22,validation,0,2022-10-20,0.864837595,1
2022-09-23,validation,1,2022-10-21,0.8672021597,1
2022-09-26,validation,1,2022-10-24,0.8672021597,1
2022-09-27,validation,1,2022-10-25,0.8717393517,1
2022-09-28,validation,1,2022-10-26,0.8707442394,1
2022-09-29,validation,1,2022-10-27,0.8757960851,1
2022-09-30,validation,1,2022-10-28,0.8800223259,1
2022-10-03,validation,1,2022-10-31,0.876787796,1
2022-10-04,validation,1,2022-11-01,0.8752556037,1
2022-10-05,validation,0,2022-11-02,0.874658115,1
2022-10-06,validation,0,2022-11-03,0.8744791315,1
2022-10-07,validation,1,2022-11-04,0.8771409664,1
2022-10-10,validation,1,2022-11-07,0.8764786425,1
2022-10-11,validation,1,2022-11-08,0.8734220932,1
2022-10-12,validation,1,2022-11-09,0.8766747668,1
2022-10-13,validation,1,2022-11-10,0.8764421055,1
2022-10-14,validation,1,2022-11-11,0.8789469397,1
2022-10-17,validation,1,2022-11-14,0.8805511212,1
2022-10-18,validation,1,2022-11-15,0.8775267958,1
2022-10-19,validation,1,2022-11-16,0.878074946,1
2022-10-20,validation,1,2022-11-17,0.8801317714,1
2022-10-21,validation,1,2022-11-18,0.8827440594,1
2022-10-24,validation,1,2022-11-21,0.8818186191,1
2022-10-25,validation,1,2022-11-22,0.8774099718,1
2022-10-26,validation,1,2022-11-23,0.8699291368,1
2022-10-27,validation,1,2022-11-25,0.872058352,1
2022-10-28,validation,1,2022-11-28,0.8573871773,1
2022-10-31,validation,1,2022-11-29,0.8640875179,1
2022-11-01,validation,1,2022-11-30,0.8630009463,1
2022-11-02,validation,1,2022-12-01,0.8650904014,1
2022-11-03,validation,1,2022-12-02,0.8691903695,1
2022-11-04,validation,1,2022-12-05,0.8670148529,1
2022-11-07,validation,1,2022-12-06,0.8693620506,1
2022-11-08,validation,1,2022-12-07,0.863521866,1
2022-11-09,validation,1,2022-12-08,0.8675691852,1
2022-11-10,validation,0,2022-12-09,0.8626714762,1
2022-11-11,validation,1,2022-12-12,0.861366375,1
2022-11-14,validation,1,2022-12-13,0.8612224361,1
2022-11-15,validation,1,2022-12-14,0.8565316696,1
2022-11-16,validation,0,2022-12-15,0.8535817954,1
2022-11-17,validation,0,2022-12-16,0.8537621402,1
2022-11-18,validation,0,2022-12-19,0.8566977441,1
2022-11-21,validation,0,2022-12-20,0.8527360505,1
2022-11-22,validation,0,2022-12-21,0.8528137856,1
2022-11-23,validation,0,2022-12-22,0.83909249,1
2022-11-25,validation,0,2022-12-23,0.837713571,1
2022-11-28,validation,0,2022-12-27,0.8508387182,1
2022-11-29,validation,0,2022-12-28,0.8339001661,1
2022-11-30,validation,0,2022-12-29,0.8328241507,1
2022-12-01,validation,0,2022-12-30,0.8334593661,1
2022-12-02,validation,0,2023-01-03,0.8288476959,1
2022-12-05,validation,0,2023-01-04,0.8538212208,1
2022-12-06,validation,0,2023-01-05,0.8550687285,1
2022-12-07,validation,0,2023-01-06,0.84908554,1
2022-12-08,validation,0,2023-01-09,0.8339935241,1
2022-12-09,validation,0,2023-01-10,0.8296908135,1
2022-12-12,validation,0,2023-01-11,0.8323112357,1
2022-12-13,validation,0,2023-01-12,0.8356375406,1
2022-12-14,validation,1,2023-01-13,0.8356397639,1
2022-12-15,validation,1,2023-01-17,0.8327206959,1
2022-12-16,validation,1,2023-01-18,0.8335911676,1
2022-12-19,validation,1,2023-01-19,0.8368302031,1
2022-12-20,validation,1,2023-01-20,0.8365756437,1
2022-12-21,validation,1,2023-01-23,0.8370385981,1
2022-12-22,validation,1,2023-01-24,0.8399626656,1
2022-12-23,validation,1,2023-01-25,0.8386194784,1
2022-12-27,validation,1,2023-01-26,0.832008924,1
2022-12-28,validation,1,2023-01-27,0.8415345401,1
2022-12-29,validation,1,2023-01-30,0.8360946161,1
2022-12-30,validation,1,2023-01-31,0.838165732,1
2023-01-03,test,1,2023-02-01,0.6651135621,1
2023-01-04,test,1,2023-02-02,0.6740443273,1
2023-01-05,test,1,2023-02-03,0.6736177422,1
2023-01-06,test,1,2023-02-06,0.6662170561,1
2023-01-09,test,1,2023-02-07,0.6705100182,1
2023-01-10,test,1,2023-02-08,0.6699843133,1
2023-01-11,test,1,2023-02-09,0.6685008984,1
2023-01-12,test,1,2023-02-10,0.669213399,1
2023-01-13,test,1,2023-02-13,0.6694433611,1
2023-01-17,test,1,2023-02-14,0.6751253832,1
2023-01-18,test,1,2023-02-15,0.6721857057,1
2023-01-19,test,1,2023-02-16,0.671040366,1
2023-01-20,test,1,2023-02-17,0.6713939174,1
2023-01-23,test,0,2023-02-21,0.6821967944,1
2023-01-24,test,0,2023-02-22,0.6821896366,1
2023-01-25,test,1,2023-02-23,0.6842203006,1
2023-01-26,test,0,2023-02-24,0.7062559541,1
2023-01-27,test,0,2023-02-27,0.711967654,1
2023-01-30,test,0,2023-02-28,0.7052629151,1
2023-01-31,test,0,2023-03-01,0.7038923237,1
2023-02-01,test,0,2023-03-02,0.6989438314,1
2023-02-02,test,0,2023-03-03,0.6994328742,1
2023-02-03,test,0,2023-03-06,0.7053246318,1
2023-02-06,test,0,2023-03-07,0.712444028,1
2023-02-07,test,0,2023-03-08,0.7037105058,1
2023-02-08,test,0,2023-03-09,0.7084318847,1
2023-02-09,test,0,2023-03-10,0.7073523452,1
2023-02-10,test,0,2023-03-13,0.7034902111,1
2023-02-13,test,0,2023-03-14,0.6993105361,1
2023-02-14,test,0,2023-03-15,0.7005414738,1
2023-02-15,test,0,2023-03-16,0.7015820995,1
2023-02-16,test,0,2023-03-17,0.7054804604,1
2023-02-17,test,0,2023-03-20,0.7011341725,1
2023-02-21,test,1,2023-03-21,0.6721602118,1
2023-02-22,test,0,2023-03-22,0.6701600509,1
2023-02-23,test,0,2023-03-23,0.7054536639,1
2023-02-24,test,1,2023-03-24,0.6647902339,1
2023-02-27,test,1,2023-03-27,0.668952973,1
2023-02-28,test,1,2023-03-28,0.6613253281,1
2023-03-01,test,1,2023-03-29,0.656408724,1
2023-03-02,test,1,2023-03-30,0.6581850658,1
2023-03-03,test,1,2023-03-31,0.701019986,1
2023-03-06,test,1,2023-04-03,0.7018677013,1
2023-03-07,test,1,2023-04-04,0.6633906781,1
2023-03-08,test,1,2023-04-05,0.6698141845,1
2023-03-09,test,1,2023-04-06,0.6517425484,1
2023-03-10,test,1,2023-04-10,0.645482023,1
2023-03-13,test,1,2023-04-11,0.6493423167,1
2023-03-14,test,1,2023-04-12,0.6623441435,1
2023-03-15,test,1,2023-04-13,0.6631118989,1
2023-03-16,test,1,2023-04-14,0.669016092,1
2023-03-17,test,1,2023-04-17,0.6690748303,1
2023-03-20,test,1,2023-04-18,0.6709331639,1
2023-03-21,test,1,2023-04-19,0.7097217134,1
2023-03-22,test,1,2023-04-20,0.66944772,1
2023-03-23,test,1,2023-04-21,0.6687875798,1
2023-03-24,test,1,2023-04-24,0.673025054,1
2023-03-27,test,1,2023-04-25,0.674332185,1
2023-03-28,test,1,2023-04-26,0.6695492011,1
2023-03-29,test,1,2023-04-27,0.707622157,1
2023-03-30,test,1,2023-04-28,0.707622157,1
2023-03-31,test,1,2023-05-01,0.7075222027,1
2023-04-03,test,0,2023-05-02,0.70349392,1
2023-04-04,test,0,2023-05-03,0.7118216071,1
2023-04-05,test,0,2023-05-04,0.7124925788,1
2023-04-06,test,1,2023-05-05,0.7094573675,1
2023-04-10,test,1,2023-05-08,0.7059971379,1
2023-04-11,test,1,2023-05-09,0.7050478447,1
2023-04-12,test,1,2023-05-10,0.7078341418,1
2023-04-13,test,0,2023-05-11,0.703802053,1
2023-04-14,test,0,2023-05-12,0.7058796834,1
2023-04-17,test,0,2023-05-15,0.7020071037,1
2023-04-18,test,0,2023-05-16,0.704409179,1
2023-04-19,test,1,2023-05-17,0.7051856796,1
2023-04-20,test,1,2023-05-18,0.7011606357,1
2023-04-21,test,1,2023-05-19,0.7007673685,1
2023-04-24,test,1,2023-05-22,0.7017622964,1
2023-04-25,test,1,2023-05-23,0.7077318659,1
2023-04-26,test,1,2023-05-24,0.7032905752,1
2023-04-27,test,1,2023-05-25,0.7077648739,1
2023-04-28,test,1,2023-05-26,0.7101827891,1
2023-05-01,test,1,2023-05-30,0.7119002419,1
2023-05-02,test,1,2023-05-31,0.7120356277,1
2023-05-03,test,1,2023-06-01,0.7120356277,1
2023-05-04,test,1,2023-06-02,0.7103440384,1
2023-05-05,test,1,2023-06-05,0.7035095536,1
2023-05-08,test,1,2023-06-06,0.7070861653,1
2023-05-09,test,1,2023-06-07,0.7077571371,1
2023-05-10,test,1,2023-06-08,0.7113346003,1
2023-05-11,test,1,2023-06-09,0.7130977307,1
2023-05-12,test,1,2023-06-12,0.7111800634,1
2023-05-15,test,1,2023-06-13,0.7070356911,1
2023-05-16,test,1,2023-06-14,0.7077066629,1
2023-05-17,test,1,2023-06-15,0.7073524399,1
2023-05-18,test,1,2023-06-16,0.7087128119,1
2023-05-19,test,1,2023-06-20,0.7083228864,1
2023-05-22,test,1,2023-06-21,0.7088468653,1
2023-05-23,test,1,2023-06-22,0.7083623038,1
2023-05-24,test,1,2023-06-23,0.7062135761,1
2023-05-25,test,1,2023-06-26,0.7058331832,1
2023-05-26,test,1,2023-06-27,0.7065447259,1
2023-05-30,test,1,2023-06-28,0.7067954115,1
2023-05-31,test,1,2023-06-29,0.7076507089,1
2023-06-01,test,1,2023-06-30,0.7071813036,1
2023-06-02,test,1,2023-07-03,0.6849497082,1
2023-06-05,test,1,2023-07-05,0.6818685633,1
2023-06-06,test,1,2023-07-06,0.6810952561,1
2023-06-07,test,1,2023-07-07,0.6843437051,1
2023-06-08,test,1,2023-07-10,0.6801527194,1
2023-06-09,test,1,2023-07-11,0.6745421167,1
2023-06-12,test,1,2023-07-12,0.6517584933,1
2023-06-13,test,1,2023-07-13,0.6338371356,1
2023-06-14,test,1,2023-07-14,0.6302334799,1
2023-06-15,test,1,2023-07-17,0.6284482078,1
2023-06-16,test,1,2023-07-18,0.6428391775,1
2023-06-20,test,1,2023-07-19,0.635662573,1
2023-06-21,test,1,2023-07-20,0.6531237023,1
2023-06-22,test,1,2023-07-21,0.6299383789,1
2023-06-23,test,1,2023-07-24,0.6430322773,1
2023-06-26,test,1,2023-07-25,0.6734001306,1
2023-06-27,test,1,2023-07-26,0.6509004939,1
2023-06-28,test,1,2023-07-27,0.6584174933,1
2023-06-29,test,1,2023-07-28,0.6467100786,1
2023-06-30,test,1,2023-07-31,0.6375067543,1
2023-07-03,test,1,2023-08-01,0.64777562,1
2023-07-05,test,1,2023-08-02,0.6472457419,1
2023-07-06,test,1,2023-08-03,0.6557274512,1
2023-07-07,test,1,2023-08-04,0.6603015205,1
2023-07-10,test,1,2023-08-07,0.6501491497,1
2023-07-11,test,1,2023-08-08,0.6496242102,1
2023-07-12,test,0,2023-08-09,0.6487178465,1
2023-07-13,test,0,2023-08-10,0.6626624077,1
2023-07-14,test,0,2023-08-11,0.6576882475,1
2023-07-17,test,0,2023-08-14,0.6591421123,1
2023-07-18,test,0,2023-08-15,0.6656920978,1
2023-07-19,test,0,2023-08-16,0.6644242401,1
2023-07-20,test,0,2023-08-17,0.6620175108,1
2023-07-21,test,0,2023-08-18,0.6594053774,1
2023-07-24,test,0,2023-08-21,0.6453084532,1
2023-07-25,test,0,2023-08-22,0.631829032,1
2023-07-26,test,0,2023-08-23,0.6501931467,1
2023-07-27,test,0,2023-08-24,0.6549891613,1
2023-07-28,test,0,2023-08-25,0.6562629271,1
2023-07-31,test,0,2023-08-28,0.6480058192,1
2023-08-01,test,0,2023-08-29,0.6497076194,1
2023-08-02,test,1,2023-08-30,0.649928136,1
2023-08-03,test,1,2023-08-31,0.6466985818,1
2023-08-04,test,1,2023-09-01,0.6580296888,1
2023-08-07,test,0,2023-09-05,0.6464722823,1
2023-08-08,test,0,2023-09-06,0.6558447132,1
2023-08-09,test,0,2023-09-07,0.6726786523,1
2023-08-10,test,0,2023-09-08,0.6702917159,1
2023-08-11,test,1,2023-09-11,0.6728931273,1
2023-08-14,test,0,2023-09-12,0.6487490276,1
2023-08-15,test,1,2023-09-13,0.6799276968,1
2023-08-16,test,1,2023-09-14,0.6986581848,1
2023-08-17,test,1,2023-09-15,0.7022174324,1
2023-08-18,test,1,2023-09-18,0.7022174324,1
2023-08-21,test,1,2023-09-19,0.6935685191,1
2023-08-22,test,1,2023-09-20,0.7008649998,1
2023-08-23,test,0,2023-09-21,0.6963563186,1
2023-08-24,test,0,2023-09-22,0.7099704133,1
2023-08-25,test,0,2023-09-25,0.7081051896,1
2023-08-28,test,0,2023-09-26,0.6970258788,1
2023-08-29,test,0,2023-09-27,0.6838665592,1
2023-08-30,test,0,2023-09-28,0.6807276007,1
2023-08-31,test,0,2023-09-29,0.685807843,1
2023-09-01,test,0,2023-10-02,0.6807276007,1
2023-09-05,test,0,2023-10-03,0.6859388534,1
2023-09-06,test,0,2023-10-04,0.7004640576,1
2023-09-07,test,0,2023-10-05,0.700012466,1
2023-09-08,test,0,2023-10-06,0.700368177,1
2023-09-11,test,0,2023-10-09,0.6880612941,1
2023-09-12,test,0,2023-10-10,0.699536867,1
2023-09-13,test,0,2023-10-11,0.6975949215,1
2023-09-14,test,0,2023-10-12,0.6860537242,1
2023-09-15,test,0,2023-10-13,0.7015434745,1
2023-09-18,test,0,2023-10-16,0.7018991855,1
2023-09-19,test,0,2023-10-17,0.702567106,1
2023-09-20,test,0,2023-10-18,0.7094301254,1
2023-09-21,test,0,2023-10-19,0.7143246976,1
2023-09-22,test,0,2023-10-20,0.7140514043,1
2023-09-25,test,0,2023-10-23,0.7155901307,1
2023-09-26,test,0,2023-10-24,0.7153394452,1
2023-09-27,test,0,2023-10-25,0.7120747271,1
2023-09-28,test,0,2023-10-26,0.7147332363,1
2023-09-29,test,0,2023-10-27,0.713389749,1
2023-10-02,test,0,2023-10-30,0.7127416222,1
2023-10-03,test,0,2023-10-31,0.6764921084,1
2023-10-04,test,0,2023-11-01,0.6856848693,1
2023-10-05,test,1,2023-11-02,0.6837933633,1
2023-10-06,test,1,2023-11-03,0.7146667995,1
2023-10-09,test,1,2023-11-06,0.7170310345,1
2023-10-10,test,1,2023-11-07,0.7193512686,1
2023-10-11,test,1,2023-11-08,0.7124028906,1
2023-10-12,test,1,2023-11-09,0.7109696996,1
2023-10-13,test,1,2023-11-10,0.7130252257,1
2023-10-16,test,1,2023-11-13,0.7185324032,1
2023-10-17,test,1,2023-11-14,0.7093993992,1
2023-10-18,test,1,2023-11-15,0.7164742161,1
2023-10-19,test,1,2023-11-16,0.6874089033,1
2023-10-20,test,1,2023-11-17,0.679771459,1
2023-10-23,test,1,2023-11-20,0.6900616771,1
2023-10-24,test,1,2023-11-21,0.6850789728,1
2023-10-25,test,1,2023-11-22,0.6909303688,1
2023-10-26,test,1,2023-11-24,0.6826864881,1
2023-10-27,test,1,2023-11-27,0.6835063525,1
2023-10-30,test,1,2023-11-28,0.6796034405,1
2023-10-31,test,1,2023-11-29,0.6778127831,1
2023-11-01,test,1,2023-11-30,0.6804475544,1
2023-11-02,test,1,2023-12-01,0.7149118232,1
2023-11-03,test,1,2023-12-04,0.7200134423,1
2023-11-06,test,1,2023-12-05,0.7212641255,1
2023-11-07,test,1,2023-12-06,0.7200134423,1
2023-11-08,test,1,2023-12-07,0.7197627568,1
2023-11-09,test,1,2023-12-08,0.7166231119,1
2023-11-10,test,1,2023-12-11,0.7181719972,1
2023-11-13,test,1,2023-12-12,0.7147268473,1
2023-11-14,test,1,2023-12-13,0.7091335185,1
2023-11-15,test,1,2023-12-14,0.7100504429,1
2023-11-16,test,1,2023-12-15,0.7083479545,1
2023-11-17,test,1,2023-12-18,0.700526314,1
2023-11-20,test,1,2023-12-19,0.6987947555,1
2023-11-21,test,1,2023-12-20,0.6974128827,1
2023-11-22,test,1,2023-12-21,0.7035876171,1
2023-11-24,test,1,2023-12-22,0.7009334828,1
2023-11-27,test,1,2023-12-26,0.7005777718,1
2023-11-28,test,1,2023-12-27,0.7006526397,1
2023-11-29,test,1,2023-12-28,0.702951063,1
2023-11-30,test,1,2023-12-29,0.6993124479,1
2023-12-01,test,1,2024-01-02,0.7012935428,1
2023-12-04,test,1,2024-01-03,0.70725411,1
2023-12-05,test,1,2024-01-04,0.70725411,1
2023-12-06,test,1,2024-01-05,0.7119417423,1
2023-12-07,test,1,2024-01-08,0.706898257,1
2023-12-08,test,1,2024-01-09,0.7017420515,1
2023-12-11,test,1,2024-01-10,0.6943811894,1
2023-12-12,test,1,2024-01-11,0.6874716635,1
2023-12-13,test,1,2024-01-12,0.6617088922,1
2023-12-14,test,1,2024-01-16,0.6535292643,1
2023-12-15,test,1,2024-01-17,0.6579773092,1
2023-12-18,test,1,2024-01-18,0.5981906698,1
2023-12-19,test,1,2024-01-19,0.5917842876,1
2023-12-20,test,1,2024-01-22,0.6458652466,1
2023-12-21,test,1,2024-01-23,0.6180770591,1
2023-12-22,test,1,2024-01-24,0.6182941628,1
2023-12-26,test,1,2024-01-25,0.6018603233,1
2023-12-27,test,1,2024-01-26,0.6001012399,1
2023-12-28,test,1,2024-01-29,0.598042245,1
2023-12-29,test,1,2024-01-30,0.6186005766,1
2024-01-02,test,1,2024-01-31,0.6473586412,1
2024-01-03,test,1,2024-02-01,0.6550371434,1
2024-01-04,test,1,2024-02-02,0.6593448745,1
2024-01-05,test,1,2024-02-05,0.6592737491,1
2024-01-08,test,1,2024-02-06,0.6362373576,1
2024-01-09,test,1,2024-02-07,0.6537593546,1
2024-01-10,test,1,2024-02-08,0.6332041085,1
2024-01-11,test,1,2024-02-09,0.6386702994,1
2024-01-12,test,1,2024-02-12,0.6611657862,1
2024-01-16,test,1,2024-02-13,0.6820884189,1
2024-01-17,test,1,2024-02-14,0.6857831543,1
2024-01-18,test,1,2024-02-15,0.6758947256,1
2024-01-19,test,1,2024-02-16,0.6231717023,1
2024-01-22,test,1,2024-02-20,0.622113841,1
2024-01-23,test,1,2024-02-21,0.6179901841,1
2024-01-24,test,1,2024-02-22,0.633087211,1
2024-01-25,test,1,2024-02-23,0.6186134532,1
2024-01-26,test,1,2024-02-26,0.6167731142,1
2024-01-29,test,1,2024-02-27,0.6177315037,1
2024-01-30,test,1,2024-02-28,0.6349631127,1
2024-01-31,test,1,2024-02-29,0.6569582784,1
2024-02-01,test,1,2024-03-01,0.6306741346,1
2024-02-02,test,1,2024-03-04,0.6190363368,1
2024-02-05,test,1,2024-03-05,0.636609846,1
2024-02-06,test,1,2024-03-06,0.6366504781,1
2024-02-07,test,1,2024-03-07,0.5995327277,1
2024-02-08,test,1,2024-03-08,0.6387259761,1
2024-02-09,test,1,2024-03-11,0.6023801502,1
2024-02-12,test,1,2024-03-12,0.5962811813,1
2024-02-13,test,1,2024-03-13,0.6228075207,1
2024-02-14,test,1,2024-03-14,0.6195324334,1
2024-02-15,test,1,2024-03-15,0.604498198,1
2024-02-16,test,1,2024-03-18,0.632350346,1
2024-02-20,test,1,2024-03-19,0.6098959406,1
2024-02-21,test,1,2024-03-20,0.6150749492,1
2024-02-22,test,1,2024-03-21,0.6193402024,1
2024-02-23,test,1,2024-03-22,0.627942553,1
2024-02-26,test,1,2024-03-25,0.6336637769,1
2024-02-27,test,1,2024-03-26,0.6305364993,1
2024-02-28,test,1,2024-03-27,0.6335266521,1
2024-02-29,test,1,2024-03-28,0.6130296994,1
2024-03-01,test,1,2024-04-01,0.6143645126,1
2024-03-04,test,1,2024-04-02,0.6285059572,1
2024-03-05,test,1,2024-04-03,0.6290930787,1
2024-03-06,test,1,2024-04-04,0.6339813144,1
2024-03-07,test,1,2024-04-05,0.6344550689,1
2024-03-08,test,1,2024-04-08,0.6352239665,1
2024-03-11,test,1,2024-04-09,0.6360005101,1
2024-03-12,test,0,2024-04-10,0.7036006927,1
2024-03-13,test,1,2024-04-11,0.6876121671,1
2024-03-14,test,0,2024-04-12,0.6336145989,1
2024-03-15,test,0,2024-04-15,0.6288674981,1
2024-03-18,test,0,2024-04-16,0.6322129101,1
2024-03-19,test,0,2024-04-17,0.6317793369,1
2024-03-20,test,0,2024-04-18,0.6130018991,1
2024-03-21,test,0,2024-04-19,0.6267059363,1
2024-03-22,test,0,2024-04-22,0.6430080829,1
2024-03-25,test,0,2024-04-23,0.6387157635,1
2024-03-26,test,0,2024-04-24,0.6246053189,1
2024-03-27,test,0,2024-04-25,0.6282836964,1
2024-03-28,test,0,2024-04-26,0.6307756967,1
2024-04-01,test,0,2024-04-29,0.6226179224,1
2024-04-02,test,0,2024-04-30,0.6222457765,1
2024-04-03,test,0,2024-05-01,0.6160901663,1
2024-04-04,test,0,2024-05-02,0.6084658842,1
2024-04-05,test,0,2024-05-03,0.6243039477,1
2024-04-08,test,0,2024-05-06,0.6218978876,1
2024-04-09,test,0,2024-05-07,0.6235050092,1
2024-04-10,test,1,2024-05-08,0.612734365,1
2024-04-11,test,1,2024-05-09,0.611658303,1
2024-04-12,test,1,2024-05-10,0.615197991,1
2024-04-15,test,1,2024-05-13,0.664809987,1
2024-04-16,test,1,2024-05-14,0.6701779078,1
2024-04-17,test,1,2024-05-15,0.6919140608,1
2024-04-18,test,1,2024-05-16,0.7018274356,1
2024-04-19,test,1,2024-05-17,0.6993502766,1
2024-04-22,test,1,2024-05-20,0.6975838325,1
2024-04-23,test,1,2024-05-21,0.6734566192,1
2024-04-24,test,1,2024-05-22,0.6739264169,1
2024-04-25,test,1,2024-05-23,0.6801255361,1
2024-04-26,test,1,2024-05-24,0.6617004711,1
2024-04-29,test,1,2024-05-28,0.6591229692,1
2024-04-30,test,1,2024-05-29,0.7031085591,1
2024-05-01,test,1,2024-05-30,0.702726389,1
2024-05-02,test,1,2024-05-31,0.6787680986,1
2024-05-03,test,1,2024-06-03,0.6575495482,1
2024-05-06,test,1,2024-06-04,0.6445132197,1
2024-05-07,test,1,2024-06-05,0.6437243604,1
2024-05-08,test,1,2024-06-06,0.6450338842,1
2024-05-09,test,1,2024-06-07,0.6385995411,1
2024-05-10,test,1,2024-06-10,0.6437883036,1
2024-05-13,test,1,2024-06-11,0.6397330315,1
2024-05-14,test,1,2024-06-12,0.6358582031,1
2024-05-15,test,1,2024-06-13,0.617993996,1
2024-05-16,test,1,2024-06-14,0.6162211998,1
2024-05-17,test,1,2024-06-17,0.6165693685,1
2024-05-20,test,1,2024-06-18,0.6228565008,1
2024-05-21,test,1,2024-06-20,0.6365426002,1
2024-05-22,test,1,2024-06-21,0.6228446137,1
2024-05-23,test,1,2024-06-24,0.6237178321,1
2024-05-24,test,1,2024-06-25,0.6157879294,1
2024-05-28,test,1,2024-06-26,0.6289643687,1
2024-05-29,test,1,2024-06-27,0.6050830852,1
2024-05-30,test,1,2024-06-28,0.5867173062,1
2024-05-31,test,1,2024-07-01,0.6164187343,1
2024-06-03,test,1,2024-07-02,0.6188918199,1
2024-06-04,test,1,2024-07-03,0.525599959,1
2024-06-05,test,1,2024-07-05,0.5467278036,1
2024-06-06,test,1,2024-07-08,0.6334699304,1
2024-06-07,test,1,2024-07-09,0.6276762132,1
2024-06-10,test,1,2024-07-10,0.6346145007,1
2024-06-11,test,1,2024-07-11,0.6362813699,1
2024-06-12,test,1,2024-07-12,0.6423442495,1
2024-06-13,test,1,2024-07-15,0.6360113706,1
2024-06-14,test,1,2024-07-16,0.6391795665,1
2024-06-17,test,1,2024-07-17,0.6394552295,1
2024-06-18,test,1,2024-07-18,0.6334690053,1
2024-06-20,test,1,2024-07-19,0.6415391265,1
2024-06-21,test,1,2024-07-22,0.6425437069,1
2024-06-24,test,1,2024-07-23,0.6376859151,1
2024-06-25,test,0,2024-07-24,0.6424493863,1
2024-06-26,test,0,2024-07-25,0.6428861202,1
2024-06-27,test,0,2024-07-26,0.6347420063,1
2024-06-28,test,1,2024-07-29,0.6256405505,1
2024-07-01,test,0,2024-07-30,0.614455004,1
2024-07-02,test,1,2024-07-31,0.6125405901,1
2024-07-03,test,0,2024-08-01,0.6190404018,1
2024-07-05,test,0,2024-08-02,0.6120885744,1
2024-07-08,test,0,2024-08-05,0.577768832,1
2024-07-09,test,0,2024-08-06,0.583881211,1
2024-07-10,test,0,2024-08-07,0.5544791235,1
2024-07-11,test,0,2024-08-08,0.5955427207,1
2024-07-12,test,0,2024-08-09,0.6007973779,1
2024-07-15,test,0,2024-08-12,0.5999323689,1
2024-07-16,test,0,2024-08-13,0.5918250439,1
2024-07-17,test,0,2024-08-14,0.6036346536,1
2024-07-18,test,1,2024-08-15,0.6095643326,1
2024-07-19,test,1,2024-08-16,0.6295994861,1
2024-07-22,test,1,2024-08-19,0.6125788467,1
2024-07-23,test,1,2024-08-20,0.6049908428,1
2024-07-24,test,1,2024-08-21,0.662767828,1
2024-07-25,test,1,2024-08-22,0.683959538,1
2024-07-26,test,1,2024-08-23,0.6499860171,1
2024-07-29,test,1,2024-08-26,0.6443326688,1
2024-07-30,test,1,2024-08-27,0.6711268375,1
2024-07-31,test,1,2024-08-28,0.6401797798,1
2024-08-01,test,1,2024-08-29,0.6880556741,1
2024-08-02,test,1,2024-08-30,0.7111056823,1
2024-08-05,test,1,2024-09-03,0.709925412,1
2024-08-06,test,1,2024-09-04,0.7082199929,1
2024-08-07,test,1,2024-09-05,0.707084735,1
2024-08-08,test,1,2024-09-06,0.7037150958,1
2024-08-09,test,1,2024-09-09,0.7022577583,1
2024-08-12,test,1,2024-09-10,0.7064327214,1
2024-08-13,test,1,2024-09-11,0.6943803612,1
2024-08-14,test,1,2024-09-12,0.698471235,1
2024-08-15,test,1,2024-09-13,0.6769967821,1
2024-08-16,test,1,2024-09-16,0.6782109568,1
2024-08-19,test,1,2024-09-17,0.6662410612,1
2024-08-20,test,1,2024-09-18,0.6669338048,1
2024-08-21,test,1,2024-09-19,0.6652914956,1
2024-08-22,test,1,2024-09-20,0.6808400487,1
2024-08-23,test,1,2024-09-23,0.6609183233,1
2024-08-26,test,1,2024-09-24,0.6552800905,1
2024-08-27,test,1,2024-09-25,0.664465987,1
2024-08-28,test,1,2024-09-26,0.6740889568,1
2024-08-29,test,1,2024-09-27,0.6725913803,1
2024-08-30,test,1,2024-09-30,0.6433154186,1
2024-09-03,test,1,2024-10-01,0.6626605965,1
2024-09-04,test,1,2024-10-02,0.6764176825,1
2024-09-05,test,1,2024-10-03,0.6711907027,1
2024-09-06,test,1,2024-10-04,0.7053948122,1
2024-09-09,test,1,2024-10-07,0.6905121363,1
2024-09-10,test,1,2024-10-08,0.691378217,1
2024-09-11,test,1,2024-10-09,0.6842000824,1
2024-09-12,test,1,2024-10-10,0.686628983,1
2024-09-13,test,1,2024-10-11,0.678998987,1
2024-09-16,test,1,2024-10-14,0.678064378,1
2024-09-17,test,1,2024-10-15,0.6802445676,1
2024-09-18,test,1,2024-10-16,0.6898772306,1
2024-09-19,test,1,2024-10-17,0.6659682317,1
2024-09-20,test,1,2024-10-18,0.6714382921,1
2024-09-23,test,1,2024-10-21,0.6768663094,1
2024-09-24,test,1,2024-10-22,0.6790493148,1
2024-09-25,test,1,2024-10-23,0.6757961923,1
2024-09-26,test,1,2024-10-24,0.7367903185,1
2024-09-27,test,1,2024-10-25,0.7417784784,1
2024-09-30,test,1,2024-10-28,0.6898341708,1
2024-10-01,test,1,2024-10-29,0.6935367104,1
2024-10-02,test,1,2024-10-30,0.69162038,1
2024-10-03,test,1,2024-10-31,0.7349525658,1
2024-10-04,test,0,2024-11-01,0.6918040593,1
2024-10-07,test,1,2024-11-04,0.6949727044,1
2024-10-08,test,1,2024-11-05,0.6693393927,1
2024-10-09,test,1,2024-11-06,0.6743330727,1
2024-10-10,test,1,2024-11-07,0.6765269983,1
2024-10-11,test,1,2024-11-08,0.6702201172,1
2024-10-14,test,1,2024-11-11,0.7219229244,1
2024-10-15,test,1,2024-11-12,0.7364690805,1
2024-10-16,test,1,2024-11-13,0.6802237687,1
2024-10-17,test,1,2024-11-14,0.652596589,1
2024-10-18,test,1,2024-11-15,0.7118896343,1
2024-10-21,test,1,2024-11-18,0.7342861813,1
2024-10-22,test,1,2024-11-19,0.7346191423,1
2024-10-23,test,1,2024-11-20,0.731658817,1
2024-10-24,test,1,2024-11-21,0.7333189388,1
2024-10-25,test,1,2024-11-22,0.7293764716,1
2024-10-28,test,1,2024-11-25,0.711088701,1
2024-10-29,test,1,2024-11-26,0.6953439306,1
2024-10-30,test,1,2024-11-27,0.6983999604,1
2024-10-31,test,1,2024-11-29,0.7236624873,1
2024-11-01,test,1,2024-12-02,0.7170236707,1
2024-11-04,test,1,2024-12-03,0.6850855602,1
2024-11-05,test,1,2024-12-04,0.6629979314,1
2024-11-06,test,1,2024-12-05,0.6943984808,1
2024-11-07,test,1,2024-12-06,0.7000850811,1
2024-11-08,test,1,2024-12-09,0.6938767155,1
2024-11-11,test,1,2024-12-10,0.6981766517,1
2024-11-12,test,1,2024-12-11,0.7014785835,1
2024-11-13,test,1,2024-12-12,0.7082386479,1
2024-11-14,test,1,2024-12-13,0.6351640959,1
2024-11-15,test,1,2024-12-16,0.6679011517,1
2024-11-18,test,1,2024-12-17,0.6557155682,1
2024-11-19,test,0,2024-12-18,0.6476675007,1
2024-11-20,test,0,2024-12-19,0.6508940991,1
2024-11-21,test,0,2024-12-20,0.6401559527,1
2024-11-22,test,1,2024-12-23,0.6367482088,1
2024-11-25,test,1,2024-12-24,0.6326102666,1
2024-11-26,test,1,2024-12-26,0.6218347636,1
2024-11-27,test,0,2024-12-27,0.6201046971,1
2024-11-29,test,0,2024-12-30,0.5918298404,1
2024-12-02,test,0,2024-12-31,0.5950934298,1
2024-12-03,test,0,2025-01-02,0.5818284537,1
2024-12-04,test,0,2025-01-03,0.6059556143,1
2024-12-05,test,0,2025-01-06,0.6139865432,1
2024-12-06,test,0,2025-01-07,0.6248284086,1
2024-12-09,test,0,2025-01-08,0.6142040692,1
2024-12-10,test,0,2025-01-10,0.6207972174,1
2024-12-11,test,0,2025-01-13,0.6025657082,1
2024-12-12,test,0,2025-01-14,0.6084205605,1
2024-12-13,test,0,2025-01-15,0.6318960942,1
2024-12-16,test,0,2025-01-16,0.6164988334,1
2024-12-17,test,0,2025-01-17,0.6307314965,1
2024-12-18,test,1,2025-01-21,0.7018735011,1
2024-12-19,test,1,2025-01-22,0.7018735011,1
2024-12-20,test,1,2025-01-23,0.6999100536,1
2024-12-23,test,1,2025-01-24,0.6842587816,1
2024-12-24,test,0,2025-01-27,0.6687236709,1
2024-12-26,test,1,2025-01-28,0.6644213987,1
2024-12-27,test,1,2025-01-29,0.687808419,1
2024-12-30,test,1,2025-01-30,0.7030953494,1
2024-12-31,test,1,2025-01-31,0.703958708,1
2025-01-02,test,1,2025-02-03,0.7034227089,1
2025-01-03,test,1,2025-02-04,0.700255855,1
2025-01-06,test,1,2025-02-05,0.6993862761,1
2025-01-07,test,1,2025-02-06,0.703964981,1
2025-01-08,test,1,2025-02-07,0.7054491719,1
2025-01-10,test,1,2025-02-10,0.7102379701,1
2025-01-13,test,1,2025-02-11,0.7057599041,1
2025-01-14,test,1,2025-02-12,0.7085518649,1
2025-01-15,test,1,2025-02-13,0.7047907946,1
2025-01-16,test,1,2025-02-14,0.7044694843,1
2025-01-17,test,1,2025-02-18,0.7052274813,1
2025-01-21,test,1,2025-02-19,0.6852877298,1
2025-01-22,test,1,2025-02-20,0.6755806554,1
2025-01-23,test,0,2025-02-21,0.6597633902,1
2025-01-24,test,0,2025-02-24,0.6716857136,1
2025-01-27,test,0,2025-02-25,0.6986588471,1
2025-01-28,test,0,2025-02-26,0.6909127421,1
2025-01-29,test,0,2025-02-27,0.6979318745,1
2025-01-30,test,0,2025-02-28,0.6768562041,1
2025-01-31,test,0,2025-03-03,0.6939240992,1
2025-02-03,test,0,2025-03-04,0.7010431775,1
2025-02-04,test,0,2025-03-05,0.6979969175,1
2025-02-05,test,0,2025-03-06,0.6871319725,1
2025-02-06,test,0,2025-03-07,0.6733552793,1
2025-02-07,test,0,2025-03-10,0.6990380602,1
2025-02-10,test,0,2025-03-11,0.7056653759,1
2025-02-11,test,0,2025-03-12,0.6999780964,1
2025-02-12,test,0,2025-03-13,0.7123522025,1
2025-02-13,test,0,2025-03-14,0.6796525391,1
2025-02-14,test,0,2025-03-17,0.6780711966,1
2025-02-18,test,0,2025-03-18,0.6756100189,1
2025-02-19,test,0,2025-03-19,0.6728747478,1
2025-02-20,test,0,2025-03-20,0.691469694,1
2025-02-21,test,0,2025-03-21,0.7151203879,1
2025-02-24,test,0,2025-03-24,0.7156489338,1
2025-02-25,test,0,2025-03-25,0.7172711184,1
2025-02-26,test,0,2025-03-26,0.7175444117,1
2025-02-27,test,0,2025-03-27,0.7177309043,1
2025-02-28,test,0,2025-03-28,0.7186508729,1
2025-03-03,test,0,2025-03-31,0.711623291,1
2025-03-04,test,0,2025-04-01,0.6731825723,1
2025-03-05,test,0,2025-04-02,0.7113793913,1
2025-03-06,test,0,2025-04-03,0.6657174047,1
2025-03-07,test,0,2025-04-04,0.6674051193,1
2025-03-10,test,0,2025-04-07,0.6669644985,1
2025-03-11,test,0,2025-04-08,0.6621947613,1
2025-03-12,test,0,2025-04-09,0.6692477711,1
2025-03-13,test,0,2025-04-10,0.6832913311,1
2025-03-14,test,0,2025-04-11,0.658754465,1
2025-03-17,test,0,2025-04-14,0.665711292,1
2025-03-18,test,0,2025-04-15,0.6619780888,1
2025-03-19,test,0,2025-04-16,0.6578317994,1
2025-03-20,test,0,2025-04-17,0.6578317994,1
2025-03-21,test,0,2025-04-21,0.6593033314,1
2025-03-24,test,0,2025-04-22,0.6673473038,1
2025-03-25,test,0,2025-04-23,0.6680652921,1
2025-03-26,test,0,2025-04-24,0.6632125245,1
2025-03-27,test,0,2025-04-25,0.6640374378,1
2025-03-28,test,0,2025-04-28,0.6558764958,1
2025-03-31,test,0,2025-04-29,0.6618982257,1
2025-04-01,test,0,2025-04-30,0.6618982257,1
2025-04-02,test,0,2025-05-01,0.6627643064,1
2025-04-03,test,1,2025-05-02,0.727096699,1
2025-04-04,test,1,2025-05-05,0.8108031573,1
2025-04-07,test,1,2025-05-06,0.8121417523,1
2025-04-08,test,1,2025-05-07,0.8163364046,1
2025-04-09,test,1,2025-05-08,0.7178261404,1
2025-04-10,test,1,2025-05-09,0.8204484893,1
2025-04-11,test,1,2025-05-12,0.805486346,1
2025-04-14,test,1,2025-05-13,0.7735201205,1
2025-04-15,test,1,2025-05-14,0.7957038406,1
2025-04-16,test,1,2025-05-15,0.8702856943,1
2025-04-17,test,1,2025-05-16,0.8691412998,1
2025-04-21,test,1,2025-05-19,0.8796750883,1
2025-04-22,test,1,2025-05-20,0.863703424,1
2025-04-23,test,1,2025-05-21,0.8445374124,1
2025-04-24,test,1,2025-05-22,0.7659217022,1
2025-04-25,test,1,2025-05-23,0.7303552045,1
2025-04-28,test,1,2025-05-27,0.7485098274,1
2025-04-29,test,1,2025-05-28,0.7150990828,1
2025-04-30,test,1,2025-05-29,0.7054743095,1
2025-05-01,test,1,2025-05-30,0.7058955594,1
2025-05-02,test,1,2025-06-02,0.6932591507,1
2025-05-05,test,1,2025-06-03,0.694701028,1
2025-05-06,test,1,2025-06-04,0.6946360364,1
2025-05-07,test,1,2025-06-05,0.6946360364,1
2025-05-08,test,1,2025-06-06,0.7098279245,1
2025-05-09,test,1,2025-06-09,0.6955879817,1
2025-05-12,test,1,2025-06-10,0.685305618,1
2025-05-13,test,1,2025-06-11,0.7005868893,1
2025-05-14,test,1,2025-06-12,0.6985430302,1
2025-05-15,test,1,2025-06-13,0.7000326536,1
2025-05-16,test,1,2025-06-16,0.7000326536,1
2025-05-19,test,1,2025-06-17,0.7076118858,1
2025-05-20,test,1,2025-06-18,0.7099683762,1
2025-05-21,test,1,2025-06-20,0.6924900775,1
2025-05-22,test,1,2025-06-23,0.7033213513,1
2025-05-23,test,1,2025-06-24,0.6986594467,1
2025-05-27,test,1,2025-06-25,0.7116268756,1
2025-05-28,test,1,2025-06-26,0.7223051393,1
2025-05-29,test,1,2025-06-27,0.7176755941,1
2025-05-30,test,1,2025-06-30,0.7219831163,1
2025-06-02,test,1,2025-07-01,0.7240637242,1
2025-06-03,test,1,2025-07-02,0.7190012677,1
2025-06-04,test,1,2025-07-03,0.7164761511,1
2025-06-05,test,1,2025-07-07,0.7209157742,1
2025-06-06,test,1,2025-07-08,0.7118149733,1
2025-06-09,test,1,2025-07-09,0.7094655979,1
2025-06-10,test,1,2025-07-10,0.71674341,1
2025-06-11,test,1,2025-07-11,0.7270492392,1
2025-06-12,test,1,2025-07-14,0.717789681,1
2025-06-13,test,1,2025-07-15,0.7263705204,1
2025-06-16,test,1,2025-07-16,0.7266352813,1
2025-06-17,test,1,2025-07-17,0.7256901868,1
2025-06-18,test,1,2025-07-18,0.7254856002,1
2025-06-20,test,1,2025-07-21,0.7273316591,1
2025-06-23,test,1,2025-07-22,0.7236910645,1
2025-06-24,test,1,2025-07-23,0.7122310504,1
2025-06-25,test,1,2025-07-24,0.7186573798,1
2025-06-26,test,1,2025-07-25,0.7127747452,1
2025-06-27,test,1,2025-07-28,0.7147548642,1
2025-06-30,test,1,2025-07-29,0.7096568747,1
2025-07-01,test,1,2025-07-30,0.7134075179,1
2025-07-02,test,1,2025-07-31,0.6974878134,1
2025-07-03,test,0,2025-08-01,0.6896078532,1
2025-07-07,test,1,2025-08-04,0.7015367059,1
2025-07-08,test,1,2025-08-05,0.7046691566,1
2025-07-09,test,1,2025-08-06,0.6988166212,1
2025-07-10,test,1,2025-08-07,0.6994077659,1
2025-07-11,test,1,2025-08-08,0.6997253525,1
2025-07-14,test,1,2025-08-11,0.6997485468,1
2025-07-15,test,1,2025-08-12,0.6983336584,1
2025-07-16,test,1,2025-08-13,0.6993793505,1
2025-07-17,test,1,2025-08-14,0.6920738823,1
2025-07-18,test,1,2025-08-15,0.6928127766,1
2025-07-21,test,1,2025-08-18,0.6812763842,1
2025-07-22,test,1,2025-08-19,0.6974814244,1
2025-07-23,test,1,2025-08-20,0.6833502983,1
2025-07-24,test,1,2025-08-21,0.6803785526,1
2025-07-25,test,1,2025-08-22,0.6792924348,1
2025-07-28,test,1,2025-08-25,0.6799771169,1
2025-07-29,test,1,2025-08-26,0.6815858648,1
2025-07-30,test,1,2025-08-27,0.6836685571,1
2025-07-31,test,1,2025-08-28,0.6991759456,1
2025-08-01,test,1,2025-08-29,0.7026006914,1
2025-08-04,test,1,2025-09-02,0.6973116769,1
2025-08-05,test,1,2025-09-03,0.7003643847,1
2025-08-06,test,1,2025-09-04,0.6986832893,1
2025-08-07,test,1,2025-09-05,0.6390383077,1
2025-08-08,test,1,2025-09-08,0.6273227642,1
2025-08-11,test,1,2025-09-09,0.6340074137,1
2025-08-12,test,1,2025-09-10,0.6655006477,1
2025-08-13,test,1,2025-09-11,0.6373969658,1
2025-08-14,test,1,2025-09-12,0.6283855227,1
2025-08-15,test,1,2025-09-15,0.6760400204,1
2025-08-18,test,1,2025-09-16,0.67464519,1
2025-08-19,test,1,2025-09-17,0.6800434092,1
2025-08-20,test,1,2025-09-18,0.6829407958,1
2025-08-21,test,1,2025-09-19,0.6967947857,1
2025-08-22,test,1,2025-09-22,0.6645932879,1
2025-08-25,test,1,2025-09-23,0.6649401831,1
2025-08-26,test,1,2025-09-24,0.6700587129,1
2025-08-27,test,1,2025-09-25,0.6617613168,1
2025-08-28,test,1,2025-09-26,0.6483100231,1
2025-08-29,test,1,2025-09-29,0.6716183857,1
2025-09-02,test,1,2025-09-30,0.6793710411,1
2025-09-03,test,1,2025-10-01,0.67180253,1
2025-09-04,test,1,2025-10-02,0.6562397454,1
2025-09-05,test,1,2025-10-03,0.6743546203,1
2025-09-08,test,1,2025-10-06,0.6663279298,1
2025-09-09,test,1,2025-10-07,0.6554199079,1
2025-09-10,test,1,2025-10-08,0.6378251862,1
2025-09-11,test,1,2025-10-09,0.6283541549,1
2025-09-12,test,0,2025-10-10,0.6345210501,1
2025-09-15,test,1,2025-10-13,0.6362086816,1
2025-09-16,test,1,2025-10-14,0.6374653628,1
2025-09-17,test,1,2025-10-15,0.6359206369,1
2025-09-18,test,1,2025-10-16,0.6319953059,1
2025-09-19,test,1,2025-10-17,0.6272598792,1
2025-09-22,test,1,2025-10-20,0.630071225,1
2025-09-23,test,1,2025-10-21,0.6309172829,1
2025-09-24,test,1,2025-10-22,0.6332950521,1
2025-09-25,test,1,2025-10-23,0.6459923839,1
2025-09-26,test,1,2025-10-24,0.6380068375,1
2025-09-29,test,1,2025-10-27,0.6409247385,1
2025-09-30,test,1,2025-10-28,0.6110083262,1
2025-10-01,test,1,2025-10-29,0.6045922388,1
2025-10-02,test,1,2025-10-30,0.6129932994,1
2025-10-03,test,1,2025-10-31,0.6174775502,1
2025-10-06,test,1,2025-11-03,0.6066309759,1
2025-10-07,test,1,2025-11-04,0.616461251,1
2025-10-08,test,1,2025-11-05,0.6087766723,1
2025-10-09,test,0,2025-11-06,0.6088932814,1
2025-10-10,test,1,2025-11-07,0.6816878896,1
2025-10-13,test,1,2025-11-10,0.6544479983,1
2025-10-14,test,1,2025-11-11,0.6552404755,1
2025-10-15,test,1,2025-11-12,0.6493569321,1
2025-10-16,test,1,2025-11-13,0.6632993345,1
2025-10-17,test,1,2025-11-14,0.6582837588,1
2025-10-20,test,0,2025-11-17,0.656048516,1
2025-10-21,test,0,2025-11-18,0.6568064903,1
2025-10-22,test,0,2025-11-19,0.6569170558,1
2025-10-23,test,0,2025-11-20,0.6572376543,1
2025-10-24,test,0,2025-11-21,0.6511337176,1
2025-10-27,test,0,2025-11-24,0.6608662176,1
2025-10-28,test,0,2025-11-25,0.6600895346,1
2025-10-29,test,0,2025-11-26,0.6600895346,1
2025-10-30,test,1,2025-11-28,0.6442235643,1
2025-10-31,test,0,2025-12-01,0.649884736,1
2025-11-03,test,0,2025-12-02,0.6564006159,1
2025-11-04,test,1,2025-12-03,0.6587259642,1
2025-11-05,test,1,2025-12-04,0.658491304,1
2025-11-06,test,1,2025-12-05,0.6681824583,1
2025-11-07,test,1,2025-12-08,0.6603975817,1
2025-11-10,test,1,2025-12-09,0.6579876735,1
2025-11-11,test,1,2025-12-10,0.65713856,1
2025-11-12,test,1,2025-12-11,0.6533269166,1
2025-11-13,test,1,2025-12-12,0.6653191123,1
2025-11-14,test,1,2025-12-15,0.6639511048,1
2025-11-17,test,1,2025-12-16,0.682121349,1
2025-11-18,test,1,2025-12-17,0.6965500787,1
2025-11-19,test,1,2025-12-18,0.6846883036,1
2025-11-20,test,1,2025-12-19,0.7037457262,1
2025-11-21,test,1,2025-12-22,0.7009530911,1
2025-11-24,test,1,2025-12-23,0.6827377512,1
2025-11-25,test,1,2025-12-24,0.6683313651,1
2025-11-26,test,1,2025-12-26,0.6618620627,1
2025-11-28,test,1,2025-12-29,0.6635454933,1
2025-12-01,test,1,2025-12-30,0.6635964443,1
2025-12-02,test,1,2025-12-31,0.662384203,1
2025-12-03,test,1,2026-01-02,0.6581247605,1
2025-12-04,test,1,2026-01-05,0.658777291,1
2025-12-05,test,1,2026-01-06,0.6587109608,1
2025-12-08,test,1,2026-01-07,0.6583552498,1
2025-12-09,test,1,2026-01-08,0.6581048313,1
2025-12-10,test,1,2026-01-09,0.6583214548,1
2025-12-11,test,1,2026-01-12,0.6558643939,1
2025-12-12,test,1,2026-01-13,0.6608276259,1
2025-12-15,test,1,2026-01-14,0.6608218451,1
2025-12-16,test,1,2026-01-15,0.670329646,1
2025-12-17,test,1,2026-01-16,0.6917257156,1
2025-12-18,test,1,2026-01-20,0.6899268229,1
2025-12-19,test,1,2026-01-21,0.6685839963,1
2025-12-22,test,1,2026-01-22,0.6626990666,1
2025-12-23,test,1,2026-01-23,0.6648541467,1
2025-12-24,test,1,2026-01-26,0.6622550651,1
2025-12-26,test,1,2026-01-27,0.6611998917,1
2025-12-29,test,1,2026-01-28,0.6617901873,1
2025-12-30,test,1,2026-01-29,0.6656983681,1
2025-12-31,test,1,2026-01-30,0.686523796,1
2026-01-02,test,1,2026-02-02,0.6775962538,1
2026-01-05,test,1,2026-02-03,0.6706441096,1
2026-01-06,test,0,2026-02-04,0.6646269438,1
2026-01-07,test,0,2026-02-05,0.6601212369,1
2026-01-08,test,1,2026-02-06,0.6633258476,1
2026-01-09,test,0,2026-02-09,0.656439285,1
2026-01-12,test,0,2026-02-10,0.6569901401,1
2026-01-13,test,0,2026-02-11,0.6637196211,1
2026-01-14,test,0,2026-02-12,0.6714346474,1
2026-01-15,test,0,2026-02-13,0.671097996,1
2026-01-16,test,0,2026-02-17,0.6747581552,1
2026-01-20,test,1,2026-02-18,0.7082247885,1
2026-01-21,test,0,2026-02-19,0.6932465127,1
2026-01-22,test,1,2026-02-20,0.690297896,1
2026-01-23,test,0,2026-02-23,0.684678195,1
2026-01-26,test,0,2026-02-24,0.6876188834,1
2026-01-27,test,0,2026-02-25,0.6798241787,1
2026-01-28,test,0,2026-02-26,0.6844429178,1
2026-01-29,test,0,2026-02-27,0.6880886811,1
2026-01-30,test,0,2026-03-02,0.6942804658,1
2026-02-02,test,0,2026-03-03,0.6912372143,1
2026-02-03,test,0,2026-03-04,0.7080259062,1
2026-02-04,test,0,2026-03-05,0.7089557391,1
2026-02-05,test,0,2026-03-06,0.7101883809,1
2026-02-06,test,0,2026-03-09,0.7069665023,1
2026-02-09,test,0,2026-03-10,0.7076078784,1
2026-02-10,test,0,2026-03-11,0.7095172584,1
2026-02-11,test,0,2026-03-12,0.7104233239,1
2026-02-12,test,0,2026-03-13,0.7116445037,1
2026-02-13,test,0,2026-03-16,0.7109647081,1
2026-02-17,test,0,2026-03-17,0.7107367913,1
2026-02-18,test,0,2026-03-18,0.7113277549,1
2026-02-19,test,0,2026-03-19,0.7109647081,1
2026-02-20,test,0,2026-03-20,0.7121532636,1
2026-02-23,test,0,2026-03-23,0.7118187201,1
2026-02-24,test,0,2026-03-24,0.71205783,1
2026-02-25,test,0,2026-03-25,0.7133140265,1
2026-02-26,test,0,2026-03-26,0.7129553134,1
2026-02-27,test,0,2026-03-27,0.7131295297,1
2026-03-02,test,0,2026-03-30,0.7139141544,1
2026-03-03,test,0,2026-03-31,0.7146667995,1
2026-03-04,test,0,2026-04-01,0.7158900686,1
2026-03-05,test,0,2026-04-02,0.7164742161,1
2026-03-06,test,0,2026-04-06,0.7153394452,1
2026-03-09,test,0,2026-04-07,0.7164742161,1
2026-03-10,test,1,2026-04-08,0.7168372629,1
2026-03-11,test,1,2026-04-09,0.7164742161,1
2026-03-12,test,1,2026-04-10,0.6756791787,1
2026-03-13,test,1,2026-04-13,0.6743193366,1
2026-03-16,test,1,2026-04-14,0.6797765865,1
2026-03-17,test,1,2026-04-15,0.6833362526,1
2026-03-18,test,1,2026-04-16,0.6731845657,1
2026-03-19,test,1,2026-04-17,0.6738143316,1
2026-03-20,test,1,2026-04-20,0.6647526296,1
2026-03-23,test,1,2026-04-21,0.6723165138,1
2026-03-24,test,1,2026-04-22,0.6695007369,1
2026-03-25,test,1,2026-04-23,0.6675014038,1
2026-03-26,test,1,2026-04-24,0.6727947248,1
2026-03-27,test,1,2026-04-27,0.6769482256,1
2026-03-30,test,1,2026-04-28,0.6742545719,1
2026-03-31,test,1,2026-04-29,0.6613769414,1
2026-04-01,test,1,2026-04-30,0.6646212164,1
2026-04-02,test,1,2026-05-01,0.6673637969,1
2026-04-06,test,1,2026-05-04,0.6696552414,1
2026-04-07,test,1,2026-05-05,0.6652606007,1
2026-04-08,test,1,2026-05-06,0.7128917795,1
2026-04-09,test,1,2026-05-07,0.7463765614,1
2026-04-10,test,1,2026-05-08,0.7543319717,1
2026-04-13,test,1,2026-05-11,0.7004721416,1
2026-04-14,test,1,2026-05-12,0.6992928804,1
2026-04-15,test,1,2026-05-13,0.6949723702,1
2026-04-16,test,1,2026-05-14,0.6835946991,1
2026-04-17,test,1,2026-05-15,0.6749914101,1
2026-04-20,test,1,2026-05-18,0.7048025378,1
2026-04-21,test,1,2026-05-19,0.6844448613,1
2026-04-22,test,1,2026-05-20,0.7033903094,1
2026-04-23,test,1,2026-05-21,0.7009778383,1
2026-04-24,test,1,2026-05-22,0.6676936132,1
2026-04-27,test,1,2026-05-26,0.6598272091,1
2026-04-28,test,1,2026-05-27,0.6291466543,1
2026-04-29,test,1,2026-05-28,0.4824912177,0
2026-04-30,test,1,2026-05-29,0.494701562,0
2026-05-01,test,1,2026-06-01,0.4898789543,0
2026-05-04,test,1,2026-06-02,0.4938150244,0
2026-05-05,test,1,2026-06-03,0.5029972355,1
2026-05-06,test,1,2026-06-04,0.462475386,0
2026-05-07,test,1,2026-06-05,0.4765843177,0
2026-05-08,test,1,2026-06-08,0.4647805493,0
2026-05-11,test,0,2026-06-09,0.4443083379,0
2026-05-12,test,0,2026-06-10,0.4572046332,0
2026-05-13,test,0,2026-06-11,0.4413755938,0
2026-05-14,test,0,2026-06-12,0.4450342153,0
2026-05-15,test,1,2026-06-15,0.491211519,0
2026-05-18,test,1,2026-06-16,0.488553889,0
2026-05-19,test,1,2026-06-17,0.4916044827,0
2026-05-20,test,1,2026-06-18,0.4846682955,0
2026-05-21,test,1,2026-06-22,0.4681366167,0
2026-05-22,test,0,2026-06-23,0.4696983852,0
2026-05-26,test,0,2026-06-24,0.4612352074,0
2026-05-27,test,0,2026-06-25,0.4639531076,0
2026-05-28,test,0,2026-06-26,0.4531009183,0
2026-05-29,test,0,2026-06-29,0.4691855989,0
2026-06-01,test,0,2026-06-30,0.4763862373,0
2026-06-02,test,0,2026-07-01,0.4628876043,0
2026-06-03,test,0,2026-07-02,0.4757968313,0
2026-06-04,test,0,2026-07-06,0.4713862197,0
2026-06-05,test,1,2026-07-07,0.6202193859,1
2026-06-08,test,1,2026-07-08,0.662339122,1
2026-06-09,test,1,2026-07-09,0.6673113322,1
2026-06-10,test,1,2026-07-10,0.6945650298,1
2026-06-11,test,1,2026-07-13,0.6675257156,1
2026-06-12,test,1,2026-07-14,0.6687881535,1
2026-06-15,test,1,2026-07-15,0.6512735276,1
2026-06-16,test,1,2026-07-16,0.6600083573,1
2026-06-17,test,1,2026-07-17,0.6707505171,1
2026-06-18,test,0,2026-07-20,0.6691320535,1
2026-06-22,test,1,2026-07-21,0.6705871153,1
2026-06-23,test,1,2026-07-22,0.677099231,1
2026-06-24,test,1,2026-07-23,0.6759055683,1
2026-06-25,test,1,2026-07-24,0.6936392361,1
2026-06-26,test,1,2026-07-27,0.7047289865,1
2026-06-29,test,0,2026-07-28,0.6938429682,1
2026-06-30,test,0,2026-07-29,0.6771385916,1
2026-07-01,test,0,2026-07-30,0.6842997801,1
2026-07-02,test,1,2026-07-31,0.6858116497,1
2026-07-06,test,1,2026-08-03,0.6808365287,1
2026-07-07,test,1,2026-08-04,0.6892417265,1
2026-07-08,test,1,2026-08-05,0.6951694858,1
2026-07-09,test,1,2026-08-06,0.6802369167,1
2026-07-10,test,1,2026-08-07,0.668798906,1
2026-07-13,test,1,2026-08-10,0.6913267099,1
2026-07-14,test,1,2026-08-11,0.6849001206,1
2026-07-15,test,1,2026-08-12,0.6946531259,1
2026-07-16,test,1,2026-08-13,0.6972415152,1
2026-07-17,test,1,2026-08-14,0.7137758674,1
2026-07-20,test,1,2026-08-17,0.7134621622,1
2026-07-21,test,1,2026-08-18,0.71205117,1
2026-07-22,test,1,2026-08-19,0.7110565094,1
2026-07-23,test,1,2026-08-20,0.7110199607,1
2026-07-24,test,1,2026-08-21,0.4872509277,0
2026-07-27,test,1,2026-08-24,0.4862124662,0
2026-07-28,test,1,2026-08-25,0.4724564118,0
2026-07-29,test,1,2026-08-26,0.4681821813,0
2026-07-30,test,1,2026-08-27,0.4916070603,0
2026-07-31,test,1,2026-08-28,0.4972091538,0
2026-08-03,test,1,2026-08-31,0.5136177807,1
2026-08-04,test,0,2026-09-01,0.5059969402,1
2026-08-05,test,0,2026-09-02,0.5113106044,1
2026-08-06,test,1,2026-09-03,0.5081479867,1
2026-08-07,test,0,2026-09-04,0.5072736186,1
2026-08-10,test,0,2026-09-08,0.5086534406,1
2026-08-11,test,0,2026-09-09,0.4978597224,0
2026-08-12,test,0,2026-09-10,0.4939787773,0
2026-08-13,test,0,2026-09-11,0.4991802514,0
2026-08-14,test,0,2026-09-14,0.498422301,0
2026-08-17,test,0,2026-09-15,0.5033299416,1
2026-08-18,test,0,2026-09-16,0.5007611894,1
2026-08-19,test,0,2026-09-17,0.4952683421,0
2026-08-20,test,1,2026-09-18,0.6309353985,1
2026-08-21,test,1,2026-09-21,0.6932663317,1
2026-08-24,test,,,0.6971034085,1
2026-08-25,test,,,0.6923357145,1
2026-08-26,test,,,0.6876240631,1
2026-08-27,test,,,0.6951817082,1
2026-08-28,test,,,0.6943081809,1
2026-08-31,test,,,0.6970888299,1
2026-09-01,test,,,0.7071527208,1
2026-09-02,test,,,0.7088317107,1
2026-09-03,test,,,0.6944906306,1
2026-09-04,test,,,0.682861297,1
2026-09-08,test,,,0.7028954359,1
2026-09-09,test,,,0.7049222793,1
2026-09-10,test,,,0.7048634634,1
2026-09-11,test,,,0.7038515715,1
2026-09-14,test,,,0.7034958605,1
2026-09-15,test,,,0.7046406499,1
2026-09-16,test,,,0.7035618227,1
2026-09-17,test,,,0.7059235923,1
2026-09-18,test,,,0.7049179439,1
2026-09-21,test,,,0.6882099174,1
