ticker,horizon_years,start_price_drawdown,start,end,months,total_contributed,dca_final_value,lump_sum_final_value,dca_return,lump_sum_return,dca_vs_lump_sum,dca_max_drawdown,dca_days_to_recover,lump_sum_max_drawdown,lump_sum_days_to_recover,dca_worst_vs_contributed,lump_sum_worst_vs_contributed
VOO,1,0.0,2010-09-09,2011-08-31,12,120000.0,117415.275686,134847.587317,-0.021539,0.12373,-0.129274,-0.167452,,-0.173245,,-0.100391,0.0
VOO,1,-0.002857,2010-10-01,2011-09-30,12,120000.0,108385.599384,120959.312671,-0.096787,0.007994,-0.10395,-0.167103,,-0.173245,,-0.112533,-0.008404
VOO,1,-0.00129,2010-11-01,2011-10-31,12,120000.0,120290.706156,129452.948116,0.002423,0.078775,-0.070777,-0.16669,,-0.187546,,-0.123209,-0.05579
VOO,1,-0.01373,2010-12-01,2011-11-30,12,120000.0,119420.144474,126432.077692,-0.004832,0.053601,-0.05546,-0.16619,,-0.187546,,-0.132546,-0.075081
VOO,1,0.0,2011-01-03,2011-12-30,12,120000.0,120230.041169,121140.645215,0.001917,0.009505,-0.007517,-0.165563,,-0.187546,,-0.141765,-0.123659
VOO,1,0.0,2011-02-01,2012-01-31,12,120000.0,125356.889133,123044.909986,0.044641,0.025374,0.01879,-0.164786,146.0,-0.187546,,-0.146555,-0.147998
VOO,1,-0.027462,2011-03-01,2012-02-29,12,120000.0,130361.806644,128142.03832,0.086348,0.06785,0.017323,-0.163768,78.0,-0.187546,123.0,-0.148814,-0.149137
VOO,1,-0.005969,2011-04-01,2012-03-30,12,120000.0,133899.039631,129511.864337,0.115825,0.079266,0.033875,-0.162333,78.0,-0.187546,123.0,-0.151744,-0.167534
VOO,1,-0.002244,2011-05-02,2012-04-30,12,120000.0,132178.989235,125875.962811,0.101492,0.048966,0.050073,-0.16021,78.0,-0.185719,123.0,-0.15146,-0.185719
VOO,1,-0.033654,2011-06-01,2012-05-31,12,120000.0,123721.699496,122164.527008,0.031014,0.018038,0.012747,-0.156754,75.0,-0.185076,123.0,-0.144818,-0.159251
VOO,1,-0.013659,2011-07-01,2012-06-29,12,120000.0,128911.759736,124638.164098,0.074265,0.038651,0.034288,-0.149582,69.0,-0.185076,123.0,-0.145,-0.176294
VOO,1,-0.051664,2011-08-01,2012-07-31,12,120000.0,130045.443399,131194.074876,0.083712,0.093284,-0.008755,-0.128205,61.0,-0.143285,24.0,-0.128205,-0.143285
VOO,1,-0.109475,2011-09-01,2012-08-31,12,120000.0,132360.509378,143213.119102,0.103004,0.193443,-0.075779,-0.090209,28.0,-0.096652,11.0,-0.061664,-0.087668
VOO,1,-0.187546,2011-10-03,2012-09-28,12,120000.0,133781.206365,160980.333925,0.114843,0.341503,-0.168959,-0.090209,28.0,-0.096549,41.0,0.0,0.0
VOO,1,-0.096373,2011-11-01,2012-10-31,12,120000.0,127797.212057,141905.698333,0.064977,0.182547,-0.099422,-0.090209,12.0,-0.096471,73.0,-0.047491,-0.047491
VOO,1,-0.075159,2011-12-01,2012-11-30,12,120000.0,126575.992781,139444.30705,0.0548,0.162036,-0.092283,-0.084085,70.0,-0.096471,73.0,-0.033123,-0.031168
VOO,1,-0.050241,2012-01-03,2012-12-31,12,120000.0,126257.83678,137161.998716,0.052149,0.143017,-0.079498,-0.083835,70.0,-0.096471,73.0,-0.044871,0.0
VOO,1,-0.012935,2012-02-01,2013-01-31,12,120000.0,131027.174252,138800.542868,0.091893,0.156671,-0.056004,-0.083458,70.0,-0.096471,73.0,-0.058175,-0.028032
VOO,1,0.0,2012-03-01,2013-02-28,12,120000.0,131082.164028,135262.692786,0.092351,0.127189,-0.030907,-0.082833,46.0,-0.096471,73.0,-0.072257,-0.065214
VOO,1,0.0,2012-04-02,2013-03-28,12,120000.0,134472.783866,135462.714221,0.120607,0.128856,-0.007308,-0.081598,42.0,-0.096471,73.0,-0.081598,-0.096471
VOO,1,-0.007859,2012-05-01,2013-04-30,12,120000.0,136001.492043,139394.686269,0.133346,0.161622,-0.024342,-0.077975,28.0,-0.089313,64.0,-0.077975,-0.089313
VOO,1,-0.096163,2012-06-01,2013-05-31,12,120000.0,137601.912861,156569.697479,0.146683,0.304747,-0.121146,-0.069177,33.0,-0.074074,48.0,-0.013907,-0.000341
VOO,1,-0.032558,2012-07-02,2013-06-28,12,120000.0,132474.604273,144070.435961,0.103955,0.200587,-0.080487,-0.068415,33.0,-0.074074,48.0,-0.030553,-0.022418
VOO,1,-0.024657,2012-08-01,2013-07-31,12,120000.0,137310.493841,150483.08813,0.144254,0.254026,-0.087535,-0.06732,33.0,-0.074074,48.0,-0.037947,-0.009071
VOO,1,-0.009834,2012-09-04,2013-08-30,12,120000.0,130500.529421,142496.067102,0.087504,0.187467,-0.084182,-0.06547,33.0,-0.074074,48.0,-0.047572,-0.03183
VOO,1,-0.014852,2012-10-01,2013-09-30,12,120000.0,132925.433827,143022.085996,0.107712,0.191851,-0.070595,-0.061766,27.0,-0.072613,48.0,-0.055444,-0.060115
VOO,1,-0.024548,2012-11-01,2013-10-31,12,120000.0,136780.305644,150896.895904,0.139836,0.257474,-0.093551,-0.053878,17.0,-0.055731,17.0,-0.050772,-0.050772
VOO,1,-0.033798,2012-12-03,2013-11-29,12,120000.0,138197.003959,156905.551196,0.151642,0.307546,-0.119234,-0.053593,17.0,-0.055731,17.0,-0.003384,-0.003384
VOO,1,0.0,2013-01-02,2013-12-31,12,120000.0,138701.19519,155034.806932,0.155843,0.291957,-0.105354,-0.053199,17.0,-0.055731,17.0,-0.002395,-0.002395
VOO,1,0.0,2013-02-01,2014-01-31,12,120000.0,131076.817811,144334.157541,0.092307,0.202785,-0.091852,-0.052653,15.0,-0.055731,17.0,-0.014302,-0.014302
VOO,1,-0.006986,2013-03-01,2014-02-28,12,120000.0,135174.602955,149991.983772,0.126455,0.249933,-0.098788,-0.052431,11.0,-0.056678,21.0,0.0,0.0
VOO,1,-0.002791,2013-04-01,2014-03-31,12,120000.0,133913.044643,146825.332435,0.115942,0.223544,-0.087943,-0.051996,11.0,-0.056678,21.0,-0.014138,-0.014138
VOO,1,-0.009024,2013-05-01,2014-04-30,12,120000.0,132563.338534,145765.840887,0.104694,0.214715,-0.090573,-0.051479,11.0,-0.056678,21.0,-0.021063,-0.002838
VOO,1,-0.017115,2013-06-03,2014-05-30,12,120000.0,133407.951597,143659.722224,0.111733,0.197164,-0.071361,-0.050845,11.0,-0.056678,21.0,-0.039288,-0.039288
VOO,1,-0.029731,2013-07-01,2014-06-30,12,120000.0,134168.044506,148567.646486,0.118067,0.238064,-0.096923,-0.050068,11.0,-0.056678,21.0,-0.015266,-0.001489
VOO,1,0.0,2013-08-01,2014-07-31,12,120000.0,129904.503507,138500.062502,0.082538,0.154167,-0.062062,-0.049037,11.0,-0.056678,21.0,-0.042983,-0.042983
VOO,1,-0.038319,2013-09-03,2014-08-29,12,120000.0,133487.546373,149510.534333,0.112396,0.245921,-0.10717,-0.047715,10.0,-0.056678,21.0,-0.005486,0.0
VOO,1,-0.016644,2013-10-01,2014-09-30,12,120000.0,129222.068513,142359.834435,0.076851,0.186332,-0.092286,-0.045754,10.0,-0.056678,21.0,-0.022941,-0.022941
VOO,1,-0.006466,2013-11-01,2014-10-31,12,120000.0,130555.638678,140215.151635,0.087964,0.16846,-0.068891,-0.070612,15.0,-0.072996,15.0,-0.020794,-0.006756
VOO,1,-0.003013,2013-12-02,2014-11-28,12,120000.0,132418.953227,140511.276598,0.103491,0.170927,-0.057592,-0.070377,15.0,-0.072996,15.0,-0.025945,-0.029991
VOO,1,-0.008986,2014-01-02,2014-12-31,12,120000.0,129656.803099,136742.266123,0.080473,0.139519,-0.051816,-0.070099,15.0,-0.072996,15.0,-0.031319,-0.047843
VOO,1,-0.056678,2014-02-03,2015-01-30,12,120000.0,124578.507879,139489.242231,0.038154,0.16241,-0.106895,-0.069761,15.0,-0.072996,15.0,-0.012314,0.0
VOO,1,-0.006857,2014-03-03,2015-02-27,12,120000.0,129694.879822,138711.835295,0.080791,0.155932,-0.065005,-0.06931,15.0,-0.072996,15.0,-0.025289,-0.014405
VOO,1,0.0,2014-04-01,2015-03-31,12,120000.0,126058.645195,133517.403174,0.050489,0.112645,-0.055864,-0.068752,15.0,-0.072996,15.0,-0.036174,-0.036174
VOO,1,-0.002831,2014-05-01,2015-04-30,12,120000.0,126219.41019,134780.003384,0.051828,0.123167,-0.063515,-0.068015,15.0,-0.072996,15.0,-0.035933,-0.008227
VOO,1,0.0,2014-06-02,2015-05-29,12,120000.0,126446.06347,133231.363813,0.053717,0.110261,-0.050929,-0.06697,15.0,-0.072996,15.0,-0.042778,-0.025367
VOO,1,0.0,2014-07-01,2015-06-30,12,120000.0,122880.240632,127244.622218,0.024002,0.060372,-0.034299,-0.065416,14.0,-0.072996,15.0,-0.04713,-0.050679
VOO,1,-0.030854,2014-08-01,2015-07-31,12,120000.0,124861.055087,133077.960718,0.040509,0.108983,-0.061745,-0.062874,14.0,-0.072996,15.0,-0.045948,-0.028308
VOO,1,-0.000272,2014-09-02,2015-08-31,12,120000.0,116205.544363,119879.834337,-0.03162,-0.001001,-0.03065,-0.119037,,-0.119986,,-0.082737,-0.067452
VOO,1,-0.032271,2014-10-01,2015-09-30,12,120000.0,113657.361107,120104.963276,-0.052855,0.000875,-0.053683,-0.118948,,-0.119986,,-0.085374,-0.042083
VOO,1,0.0,2014-11-03,2015-10-30,12,120000.0,123223.330214,125454.628675,0.026861,0.045455,-0.017786,-0.118837,64.0,-0.119986,,-0.091112,-0.063817
VOO,1,-0.00898,2014-12-01,2015-11-30,12,120000.0,123172.925749,123524.697991,0.026441,0.029372,-0.002848,-0.118705,59.0,-0.119986,,-0.094145,-0.082121
VOO,1,-0.015777,2015-01-02,2015-12-31,12,120000.0,120649.209721,121590.110031,0.00541,0.013251,-0.007738,-0.118542,59.0,-0.119986,,-0.095648,-0.080513
VOO,1,-0.033068,2015-02-02,2016-01-29,12,120000.0,114733.359781,117686.518106,-0.043889,-0.019279,-0.025093,-0.118331,59.0,-0.119986,,-0.09781,-0.06407
VOO,1,0.0,2015-03-02,2016-02-29,12,120000.0,114695.940237,111776.957507,-0.0442,-0.068525,0.026114,-0.118847,,-0.130008,,-0.103433,-0.119358
VOO,1,-0.025288,2015-04-01,2016-03-31,12,120000.0,123054.785806,122559.047414,0.025457,0.021325,0.004045,-0.118042,48.0,-0.130008,,-0.102277,-0.09651
VOO,1,-0.004537,2015-05-01,2016-04-29,12,120000.0,123207.504146,120115.595552,0.026729,0.000963,0.025741,-0.117059,58.0,-0.130008,67.0,-0.106321,-0.117612
VOO,1,-0.008943,2015-06-01,2016-05-31,12,120000.0,125278.913697,121693.68684,0.043991,0.014114,0.029461,-0.116081,52.0,-0.130008,67.0,-0.105946,-0.121434
VOO,1,-0.023151,2015-07-01,2016-06-30,12,120000.0,125522.347394,123861.692715,0.04602,0.032181,0.013407,-0.114405,39.0,-0.130008,67.0,-0.103262,-0.108655
VOO,1,-0.013286,2015-08-03,2016-07-29,12,120000.0,129790.964175,127035.623996,0.081591,0.05863,0.02169,-0.112501,36.0,-0.127855,67.0,-0.108136,-0.118293
VOO,1,-0.099312,2015-09-01,2016-08-31,12,120000.0,129371.861015,139336.682705,0.078099,0.161139,-0.071516,-0.110001,35.0,-0.127855,67.0,-0.079077,-0.03408
VOO,1,-0.091325,2015-10-01,2016-09-30,12,120000.0,127799.559855,138151.901952,0.064996,0.151266,-0.074934,-0.106124,35.0,-0.127855,67.0,-0.088077,-0.042571
VOO,1,-0.005614,2015-11-02,2016-10-31,12,120000.0,124055.39212,123981.992471,0.033795,0.033183,0.000592,-0.101147,51.0,-0.127855,67.0,-0.100199,-0.125096
VOO,1,-0.003551,2015-12-01,2016-11-30,12,120000.0,128405.98243,128335.038699,0.07005,0.069459,0.000553,-0.094586,47.0,-0.126907,67.0,-0.094586,-0.126907
VOO,1,-0.043838,2016-01-04,2016-12-30,12,120000.0,130397.53811,136513.409372,0.086646,0.137612,-0.044801,-0.077556,41.0,-0.091746,29.0,-0.075905,-0.09012
VOO,1,-0.0787,2016-02-01,2017-01-31,12,120000.0,131251.040128,144204.772394,0.093759,0.201706,-0.089829,-0.055816,11.0,-0.055816,11.0,-0.05569,-0.05569
VOO,1,-0.057119,2016-03-01,2017-02-28,12,120000.0,134241.791618,146365.785584,0.118682,0.219715,-0.082834,-0.055816,11.0,-0.055816,11.0,-0.023691,0.0
VOO,1,-0.010229,2016-04-01,2017-03-31,12,120000.0,132078.667752,139615.660922,0.100656,0.163464,-0.053984,-0.055816,11.0,-0.055816,11.0,-0.03746,-0.030591
VOO,1,-0.01012,2016-05-02,2017-04-28,12,120000.0,131813.268643,140357.616729,0.098444,0.169647,-0.060876,-0.055816,11.0,-0.055816,11.0,-0.040895,-0.03547
VOO,1,0.0,2016-06-01,2017-05-31,12,120000.0,131919.581135,140727.650856,0.09933,0.17273,-0.062589,-0.055816,11.0,-0.055816,11.0,-0.04632,-0.04632
VOO,1,-0.006556,2016-07-01,2017-06-30,12,120000.0,130934.127149,141129.021872,0.091118,0.176075,-0.072238,-0.034971,5.0,-0.043344,11.0,-0.023192,-0.00701
VOO,1,-0.001405,2016-08-01,2017-07-31,12,120000.0,131815.146293,139372.447146,0.09846,0.161437,-0.054224,-0.032858,5.0,-0.043344,11.0,-0.028647,-0.033732
VOO,1,-0.007809,2016-09-01,2017-08-31,12,120000.0,130557.419802,139477.026231,0.087978,0.162309,-0.06395,-0.029417,5.0,-0.043106,11.0,-0.026952,-0.035815
VOO,1,-0.01047,2016-10-03,2017-09-29,12,120000.0,131549.949327,142708.081629,0.09625,0.189234,-0.078189,-0.023994,12.0,-0.034733,5.0,-0.022521,-0.033223
VOO,1,-0.031903,2016-11-01,2017-10-31,12,120000.0,132632.055101,149262.057498,0.105267,0.24385,-0.111415,-0.023671,12.0,-0.025833,19.0,-0.011819,-0.011819
VOO,1,-0.009288,2016-12-01,2017-11-30,12,120000.0,134156.533207,147844.183891,0.117971,0.232035,-0.092582,-0.023197,12.0,-0.025833,19.0,0.0,0.0
VOO,1,-0.005532,2017-01-03,2017-12-29,12,120000.0,133546.000992,145117.532747,0.112883,0.209313,-0.079739,-0.022493,12.0,-0.025833,19.0,0.0,0.0
VOO,1,-0.008116,2017-02-01,2018-01-31,12,120000.0,138717.875153,151565.831468,0.155982,0.263049,-0.084768,-0.02168,29.0,-0.025833,19.0,-0.003925,0.0
VOO,1,0.0,2017-03-01,2018-02-28,12,120000.0,131026.421603,138528.079415,0.091887,0.154401,-0.054153,-0.099724,,-0.100889,,-0.02168,-0.025833
VOO,1,-0.013922,2017-04-03,2018-03-29,12,120000.0,126417.70223,137017.357706,0.053481,0.141811,-0.07736,-0.099612,,-0.100889,,-0.012079,-0.012079
VOO,1,-4e-06,2017-05-01,2018-04-30,12,120000.0,125670.933953,135579.027038,0.047258,0.129825,-0.07308,-0.099473,,-0.100889,,-0.011683,-0.011683
VOO,1,0.0,2017-06-01,2018-05-31,12,120000.0,127356.193905,136201.212955,0.061302,0.13501,-0.064941,-0.099303,,-0.100889,,-0.006883,-0.006532
VOO,1,-0.009491,2017-07-03,2018-06-29,12,120000.0,126856.817386,137137.247237,0.05714,0.14281,-0.074965,-0.099091,124.0,-0.100889,,-0.008702,-0.007235
VOO,1,-0.00066,2017-08-01,2018-07-31,12,120000.0,129885.693012,139147.300462,0.082381,0.159561,-0.06656,-0.098814,120.0,-0.100889,167.0,-0.018842,-0.018842
VOO,1,0.0,2017-09-01,2018-08-31,12,120000.0,132433.580526,143286.951342,0.103613,0.194058,-0.075746,-0.098445,118.0,-0.100889,167.0,-0.010663,-0.007378
VOO,1,0.0,2017-10-02,2018-09-28,12,120000.0,131258.802279,140878.476283,0.093823,0.173987,-0.068283,-0.097918,118.0,-0.100889,167.0,-0.022862,0.0
VOO,1,-0.000761,2017-11-01,2018-10-31,12,120000.0,120628.407166,128576.784761,0.005237,0.071473,-0.061818,-0.097124,116.0,-0.100889,167.0,-0.035266,-0.00427
VOO,1,-0.001849,2017-12-01,2018-11-30,12,120000.0,122069.667742,127570.552856,0.017247,0.063088,-0.04312,-0.096816,,-0.100889,167.0,-0.048981,-0.020459
VOO,1,0.0,2018-01-02,2018-12-31,12,120000.0,110583.670511,113764.331323,-0.078469,-0.051964,-0.027958,-0.187394,,-0.194768,,-0.137576,-0.112771
VOO,1,-0.01758,2018-02-01,2019-01-31,12,120000.0,119893.803282,117250.530671,-0.000885,-0.022912,0.022544,-0.186696,,-0.194768,,-0.139831,-0.152686
VOO,1,-0.065728,2018-03-01,2019-02-28,12,120000.0,124018.040362,127299.847713,0.033484,0.060832,-0.02578,-0.185893,,-0.194768,,-0.138546,-0.109021
VOO,1,-0.097959,2018-04-02,2019-03-29,12,120000.0,125716.556989,134387.364663,0.047638,0.119895,-0.064521,-0.184857,81.0,-0.194768,,-0.141826,-0.077185
VOO,1,-0.07141,2018-05-01,2019-04-30,12,120000.0,129422.225103,135811.426378,0.078519,0.131762,-0.047045,-0.183493,79.0,-0.194768,109.0,-0.149907,-0.103568
VOO,1,-0.041009,2018-06-01,2019-05-31,12,120000.0,120041.466421,123158.146197,0.000346,0.026318,-0.025306,-0.181754,67.0,-0.194768,109.0,-0.156526,-0.131986
VOO,1,-0.042694,2018-07-02,2019-06-28,12,120000.0,128184.041019,132000.276108,0.0682,0.100002,-0.028911,-0.179468,58.0,-0.194768,109.0,-0.160616,-0.130459
VOO,1,-0.011377,2018-08-01,2019-07-31,12,120000.0,128955.513363,129630.861827,0.074629,0.080257,-0.00521,-0.176201,53.0,-0.194768,109.0,-0.166648,-0.158356
VOO,1,-0.005414,2018-09-04,2019-08-30,12,120000.0,126133.687127,123545.239733,0.051114,0.029544,0.020951,-0.171365,51.0,-0.194768,109.0,-0.168721,-0.184489
VOO,1,-0.001849,2018-10-01,2019-09-30,12,120000.0,128376.990254,124624.435725,0.069808,0.038537,0.030111,-0.163673,42.0,-0.193877,109.0,-0.163465,-0.193276
VOO,1,-0.063927,2018-11-01,2019-10-31,12,120000.0,130909.730481,135789.692792,0.090914,0.131581,-0.035938,-0.159906,38.0,-0.162402,63.0,-0.148559,-0.139776
VOO,1,-0.044414,2018-12-03,2019-11-29,12,120000.0,134195.237443,137839.956474,0.118294,0.148666,-0.026442,-0.157342,25.0,-0.157342,57.0,-0.157342,-0.157342
VOO,1,-0.138907,2019-01-02,2019-12-31,12,120000.0,136739.413244,157514.630906,0.139495,0.312622,-0.131894,-0.063618,18.0,-0.066395,17.0,-0.023871,-0.023871
VOO,1,-0.070653,2019-02-01,2020-01-31,12,120000.0,133475.722271,145892.050919,0.112298,0.215767,-0.085106,-0.063618,18.0,-0.066395,17.0,-0.02066,0.0
VOO,1,-0.034672,2019-03-01,2020-02-28,12,120000.0,120615.381618,129077.901247,0.005128,0.075649,-0.065561,-0.126013,,-0.126013,,-0.035703,-0.021293
VOO,1,-0.011542,2019-04-01,2020-03-31,12,120000.0,104572.626693,110374.148891,-0.128561,-0.080215,-0.052562,-0.335295,,-0.33993,,-0.248337,-0.206636
VOO,1,-0.007296,2019-05-01,2020-04-30,12,120000.0,119380.202296,121927.632478,-0.005165,0.016064,-0.020893,-0.334844,,-0.33993,,-0.252128,-0.222945
VOO,1,-0.066395,2019-06-03,2020-05-29,12,120000.0,125159.364846,135765.922953,0.042995,0.131383,-0.078124,-0.334309,,-0.33993,,-0.255047,-0.173878
VOO,1,0.0,2019-07-01,2020-06-30,12,120000.0,126082.661776,127761.71529,0.050689,0.064681,-0.013142,-0.333601,74.0,-0.33993,,-0.264065,-0.236645
VOO,1,-0.023758,2019-08-01,2020-07-31,12,120000.0,132741.436555,135600.816166,0.106179,0.130007,-0.021087,-0.332768,74.0,-0.33993,,-0.267493,-0.234812
VOO,1,-0.037025,2019-09-03,2020-08-31,12,120000.0,140537.176744,147051.944385,0.171143,0.225433,-0.044302,-0.331679,74.0,-0.33993,140.0,-0.272161,-0.22427
VOO,1,-0.024436,2019-10-01,2020-09-30,12,120000.0,132999.460481,139701.925996,0.108329,0.164183,-0.047977,-0.330175,72.0,-0.33993,140.0,-0.280143,-0.234281
VOO,1,0.0,2019-11-01,2020-10-30,12,120000.0,127953.075537,130394.520248,0.066276,0.086621,-0.018724,-0.328036,72.0,-0.33993,140.0,-0.289316,-0.26663
VOO,1,-0.011941,2019-12-02,2020-11-30,12,120000.0,140870.841061,142091.262078,0.173924,0.184094,-0.008589,-0.324872,70.0,-0.33993,140.0,-0.294987,-0.279694
VOO,1,0.0,2020-01-02,2020-12-31,12,120000.0,144122.834566,140742.63799,0.201024,0.172855,0.024017,-0.319547,64.0,-0.33993,140.0,-0.300085,-0.312281
VOO,1,-0.023667,2020-02-03,2021-01-29,12,120000.0,141076.130978,139576.597436,0.175634,0.163138,0.010743,-0.309157,37.0,-0.33993,140.0,-0.293987,-0.310942
VOO,1,-0.087,2020-03-02,2021-02-26,12,120000.0,143135.878423,150496.437502,0.192799,0.254137,-0.048909,-0.286111,17.0,-0.286111,72.0,-0.277032,-0.277032
VOO,1,-0.269228,2020-04-01,2021-03-31,12,120000.0,146777.974922,196627.408466,0.22315,0.638562,-0.253522,-0.094482,47.0,-0.094482,49.0,0.0,0.0
VOO,1,-0.160428,2020-05-01,2021-04-30,12,120000.0,147708.174564,180199.452415,0.230901,0.501662,-0.180307,-0.094482,43.0,-0.094482,49.0,-0.004157,-0.004157
VOO,1,-0.092085,2020-06-01,2021-05-28,12,120000.0,143621.097296,167747.142774,0.196842,0.397893,-0.143824,-0.094482,43.0,-0.094482,49.0,-0.01655,-0.01655
VOO,1,-0.073073,2020-07-01,2021-06-30,12,120000.0,142805.391163,168019.167385,0.190045,0.40016,-0.150065,-0.094482,19.0,-0.094482,49.0,-0.017476,0.0
VOO,1,-0.019089,2020-08-03,2021-07-30,12,120000.0,142143.062588,162657.624511,0.184526,0.35548,-0.126121,-0.094482,19.0,-0.094482,49.0,-0.047782,-0.014272
VOO,1,0.0,2020-09-01,2021-08-31,12,120000.0,142700.006665,156073.439467,0.189167,0.300612,-0.085687,-0.094482,16.0,-0.094482,49.0,-0.081291,-0.081291
VOO,1,-0.054207,2020-10-01,2021-09-30,12,120000.0,133168.953067,155063.923582,0.109741,0.292199,-0.1412,-0.073829,5.0,-0.073829,10.0,-0.031589,-0.031589
VOO,1,-0.073423,2020-11-02,2021-10-29,12,120000.0,139287.872014,169420.235779,0.160732,0.411835,-0.177856,-0.05048,19.0,-0.050937,16.0,0.0,0.0
VOO,1,0.0,2020-12-01,2021-11-30,12,120000.0,134156.054988,151678.576244,0.117967,0.263988,-0.115524,-0.05048,19.0,-0.050937,16.0,-0.003836,-0.003836
VOO,1,-0.013559,2021-01-04,2021-12-31,12,120000.0,137635.288278,156677.689392,0.146961,0.305647,-0.121539,-0.05048,19.0,-0.050937,16.0,-0.003228,0.0
VOO,1,-0.021397,2021-02-01,2022-01-31,12,120000.0,127467.894413,145572.427925,0.062232,0.213104,-0.124368,-0.097234,,-0.097234,,-0.015623,0.0
VOO,1,-0.008115,2021-03-01,2022-02-28,12,120000.0,121538.298314,136363.090753,0.012819,0.136359,-0.108716,-0.11345,,-0.117109,,-0.032894,-0.032894
VOO,1,0.0,2021-04-01,2022-03-31,12,120000.0,124886.378695,137186.758747,0.04072,0.143223,-0.089662,-0.117621,,-0.128742,,-0.043894,0.0
VOO,1,-0.004351,2021-05-03,2022-04-29,12,120000.0,112584.327433,119836.650771,-0.061797,-0.001361,-0.060518,-0.120242,,-0.134945,,-0.061797,-0.03046
VOO,1,-0.005669,2021-06-01,2022-05-31,12,120000.0,112826.681639,119713.878083,-0.059778,-0.002384,-0.05753,-0.158702,,-0.182389,,-0.113638,-0.059533
VOO,1,0.0,2021-07-01,2022-06-30,12,120000.0,103601.518546,106708.137198,-0.136654,-0.110766,-0.029113,-0.197433,,-0.230039,,-0.164494,-0.13944
VOO,1,-0.007597,2021-08-02,2022-07-29,12,120000.0,114230.589185,114615.761285,-0.048078,-0.044869,-0.003361,-0.194229,,-0.230039,,-0.166771,-0.153535
VOO,1,-0.000649,2021-09-01,2022-08-31,12,120000.0,109973.17318,106402.959071,-0.083557,-0.113309,0.033554,-0.190398,,-0.230039,,-0.168095,-0.180346
VOO,1,-0.039117,2021-10-01,2022-09-30,12,120000.0,100857.796665,100248.988848,-0.159518,-0.164592,0.006073,-0.185816,,-0.243687,,-0.166734,-0.164592
VOO,1,0.0,2021-11-01,2022-10-31,12,120000.0,110546.061669,102255.847707,-0.078783,-0.147868,0.081073,-0.18015,,-0.245207,,-0.168886,-0.213431
VOO,1,-0.0408,2021-12-01,2022-11-30,12,120000.0,118234.35814,110179.50218,-0.014714,-0.081837,0.073107,-0.176535,,-0.245207,,-0.16478,-0.196703
VOO,1,0.0,2022-01-03,2022-12-30,12,120000.0,112226.85918,97592.066142,-0.064776,-0.186733,0.149959,-0.1716,60.0,-0.245207,,-0.16215,-0.245207
VOO,1,-0.052043,2022-02-01,2023-01-31,12,120000.0,121311.922146,109425.647863,0.010933,-0.08812,0.108624,-0.165144,57.0,-0.221217,,-0.148572,-0.203769
VOO,1,-0.099966,2022-03-01,2023-02-28,12,120000.0,119034.615116,112372.607333,-0.008045,-0.063562,0.059285,-0.155533,124.0,-0.221217,,-0.138773,-0.161373
VOO,1,-0.04901,2022-04-01,2023-03-31,12,120000.0,124148.023452,110297.163826,0.034567,-0.080857,0.125578,-0.153954,119.0,-0.212981,,-0.136858,-0.206308
VOO,1,-0.129508,2022-05-02,2023-04-28,12,120000.0,126903.483791,122412.852921,0.057529,0.020107,0.036684,-0.151904,118.0,-0.166967,,-0.110107,-0.132912
VOO,1,-0.13997,2022-06-01,2023-05-31,12,120000.0,127319.449774,124498.682285,0.060995,0.037489,0.022657,-0.148608,61.0,-0.166967,,-0.104727,-0.122364
VOO,1,-0.196218,2022-07-01,2023-06-30,12,120000.0,135107.384812,141882.907491,0.125895,0.182358,-0.047754,-0.14307,53.0,-0.166967,233.0,-0.093563,-0.060948
VOO,1,-0.133809,2022-08-01,2023-07-31,12,120000.0,137649.241726,135991.860009,0.147077,0.133266,0.012187,-0.130828,41.0,-0.166967,233.0,-0.110816,-0.128607
VOO,1,-0.164498,2022-09-01,2023-08-31,12,120000.0,134127.433342,138691.310623,0.117729,0.155761,-0.032907,-0.127338,28.0,-0.129092,112.0,-0.094781,-0.0966
VOO,1,-0.22369,2022-10-03,2023-09-29,12,120000.0,126260.573507,142185.290327,0.052171,0.184877,-0.112,-0.07132,26.0,-0.075364,46.0,-0.027717,-0.027717
VOO,1,-0.185587,2022-11-01,2023-10-31,12,120000.0,121710.150132,132588.963201,0.014251,0.104908,-0.082049,-0.093865,,-0.099649,,-0.043711,-0.035896
VOO,1,-0.137162,2022-12-01,2023-11-30,12,120000.0,131607.293678,136624.321538,0.096727,0.138536,-0.036721,-0.093283,21.0,-0.099649,34.0,-0.07132,-0.07132
VOO,1,-0.189858,2023-01-03,2023-12-29,12,120000.0,136123.320192,152173.412143,0.134361,0.268112,-0.105472,-0.092616,20.0,-0.099649,34.0,-0.024803,-0.0038
VOO,1,-0.126109,2023-02-01,2024-01-31,12,120000.0,135652.126809,143339.909995,0.130434,0.194499,-0.053633,-0.091731,19.0,-0.099649,34.0,-0.043048,-0.062114
VOO,1,-0.160252,2023-03-01,2024-02-29,12,120000.0,140532.704201,156935.094184,0.171106,0.307792,-0.104517,-0.090687,18.0,-0.099649,34.0,-0.032223,-0.023982
VOO,1,-0.122441,2023-04-03,2024-03-28,12,120000.0,141864.884793,155099.283701,0.182207,0.292494,-0.085329,-0.089261,18.0,-0.099649,34.0,-0.044322,-0.016209
VOO,1,-0.11261,2023-05-01,2024-04-30,12,120000.0,133382.790169,147232.219612,0.111523,0.226935,-0.094065,-0.087394,18.0,-0.099649,34.0,-0.052895,-0.025276
VOO,1,-0.099175,2023-06-01,2024-05-31,12,120000.0,137737.035474,152325.548279,0.147809,0.26938,-0.095772,-0.084747,18.0,-0.099649,34.0,-0.062667,-0.018892
VOO,1,-0.047823,2023-07-03,2024-06-28,12,120000.0,139849.127683,149251.02014,0.165409,0.243759,-0.062994,-0.080718,18.0,-0.099649,34.0,-0.073611,-0.071804
VOO,1,-0.021408,2023-08-01,2024-07-31,12,120000.0,138981.897915,146906.543,0.158182,0.224221,-0.053943,-0.074213,14.0,-0.096859,26.0,-0.074213,-0.096859
VOO,1,-0.032306,2023-09-01,2024-08-30,12,120000.0,140154.271927,152116.812075,0.167952,0.26764,-0.07864,-0.081842,25.0,-0.086688,20.0,-0.06289,-0.086688
VOO,1,-0.080239,2023-10-02,2024-09-30,12,120000.0,140680.757451,163527.386442,0.17234,0.362728,-0.139711,-0.08158,25.0,-0.084463,45.0,-0.039091,-0.039091
VOO,1,-0.090241,2023-11-01,2024-10-31,12,120000.0,135848.244999,163758.64374,0.132069,0.364655,-0.170436,-0.081242,25.0,-0.084463,45.0,0.0,0.0
VOO,1,-0.011866,2023-12-01,2024-11-29,12,120000.0,139941.244253,159648.869337,0.166177,0.330407,-0.123444,-0.080809,25.0,-0.084463,45.0,-0.009482,-0.009482
VOO,1,-0.009042,2024-01-02,2024-12-31,12,120000.0,133421.132424,150935.305813,0.111843,0.257794,-0.116038,-0.080292,25.0,-0.084463,45.0,-0.010553,-0.010553
VOO,1,-0.004053,2024-02-01,2025-01-31,12,120000.0,134394.994122,149608.048845,0.119958,0.246734,-0.101686,-0.079631,18.0,-0.084463,45.0,-0.022732,0.0
VOO,1,0.0,2024-03-01,2025-02-28,12,120000.0,130323.870226,140894.102653,0.086032,0.174118,-0.075023,-0.078759,18.0,-0.084463,45.0,-0.041774,-0.031535
VOO,1,-0.001435,2024-04-01,2025-03-31,12,120000.0,121537.17809,130180.556216,0.01281,0.084838,-0.066395,-0.097063,,-0.100449,,-0.052013,-0.052013
VOO,1,-0.043327,2024-05-01,2025-04-30,12,120000.0,119673.146051,134778.489116,-0.002724,0.123154,-0.112075,-0.178242,,-0.186894,,-0.106415,0.0
VOO,1,-0.006817,2024-06-03,2025-05-30,12,120000.0,125806.952232,135798.378176,0.048391,0.131653,-0.073575,-0.177335,,-0.186894,,-0.116669,-0.045941
VOO,1,-0.002417,2024-07-01,2025-06-30,12,120000.0,130869.154724,137737.709392,0.090576,0.147814,-0.049867,-0.176281,59.0,-0.186894,79.0,-0.123741,-0.079909
VOO,1,-0.038552,2024-08-01,2025-07-31,12,120000.0,132354.677367,141522.793237,0.102956,0.179357,-0.064782,-0.175017,59.0,-0.186894,79.0,-0.128612,-0.075761
VOO,1,-0.022118,2024-09-03,2025-08-29,12,120000.0,133442.052423,142032.524844,0.112017,0.183604,-0.060482,-0.173404,56.0,-0.186894,79.0,-0.135218,-0.091294
VOO,1,-0.009343,2024-10-01,2025-09-30,12,120000.0,136354.231964,142359.534276,0.136285,0.186329,-0.042184,-0.171325,41.0,-0.186894,79.0,-0.141493,-0.120422
VOO,1,-0.023113,2024-11-01,2025-10-31,12,120000.0,137674.057455,145156.583499,0.147284,0.209638,-0.051548,-0.168596,38.0,-0.186894,79.0,-0.145005,-0.124108
VOO,1,0.0,2024-12-02,2025-11-28,12,120000.0,135854.292396,137592.084709,0.132119,0.146601,-0.01263,-0.164726,37.0,-0.186894,79.0,-0.149184,-0.171564
VOO,1,-0.035145,2025-01-02,2025-12-31,12,120000.0,134540.337387,141743.157338,0.121169,0.181193,-0.050816,-0.159182,35.0,-0.186894,79.0,-0.143589,-0.147242
VOO,1,-0.019618,2025-02-03,2026-01-30,12,120000.0,134633.35091,140595.768317,0.121945,0.171631,-0.042408,-0.149576,34.0,-0.186894,79.0,-0.142372,-0.16623
VOO,1,-0.047457,2025-03-03,2026-02-27,12,120000.0,131781.20418,142770.345336,0.098177,0.189753,-0.076971,-0.130443,34.0,-0.146384,34.0,-0.130443,-0.146384
VOO,1,-0.081753,2025-04-01,2026-03-31,12,120000.0,123375.22509,140685.48122,0.028127,0.172379,-0.123042,-0.119809,24.0,-0.119809,24.0,-0.114502,-0.114502
VOO,1,-0.086115,2025-05-01,2026-04-30,12,120000.0,134396.132105,156267.328718,0.119968,0.302228,-0.13996,-0.087981,15.0,-0.089005,15.0,-0.013218,0.0
VOO,1,-0.02993,2025-06-02,2026-05-29,12,120000.0,138285.7961,154996.696389,0.152382,0.291639,-0.107815,-0.08786,15.0,-0.089005,15.0,-0.029061,0.0
VOO,1,-0.000458,2025-07-01,2026-06-30,12,120000.0,134043.524709,146873.885453,0.117029,0.223949,-0.087356,-0.087717,15.0,-0.089005,15.0,-0.041055,0.0
VOO,1,-0.02413,2025-08-01,2026-07-31,12,120000.0,131793.024057,145894.068635,0.098275,0.215784,-0.096653,-0.087542,15.0,-0.089005,15.0,-0.050219,0.0
VOO,1,-0.013093,2025-09-02,2026-08-31,12,120000.0,132935.05507,145378.564639,0.107792,0.211488,-0.085594,-0.087313,15.0,-0.089005,15.0,-0.061051,-0.00446
VOO,3,0.0,2010-09-09,2013-08-30,36,360000.0,451615.971156,566269.759782,0.254489,0.572972,-0.202472,-0.167452,155.0,-0.187546,123.0,-0.105649,0.0
VOO,3,-0.002857,2010-10-01,2013-09-30,36,360000.0,460939.923065,563395.978783,0.280389,0.564989,-0.181854,-0.167103,153.0,-0.187546,123.0,-0.114953,-0.02297
VOO,3,-0.00129,2010-11-01,2013-10-31,36,360000.0,475550.965374,568795.13735,0.320975,0.579986,-0.163933,-0.16669,153.0,-0.187546,123.0,-0.123209,-0.05579
VOO,3,-0.01373,2010-12-01,2013-11-29,36,360000.0,483795.482556,573867.293652,0.343876,0.594076,-0.156956,-0.16619,153.0,-0.187546,123.0,-0.132546,-0.075081
VOO,3,0.0,2011-01-03,2013-12-31,36,360000.0,490473.183992,558066.154502,0.362426,0.550184,-0.12112,-0.165563,148.0,-0.187546,123.0,-0.141765,-0.123659
VOO,3,0.0,2011-02-01,2014-01-31,36,360000.0,467942.22616,523417.622491,0.29984,0.453938,-0.105987,-0.164786,146.0,-0.187546,123.0,-0.146555,-0.147998
VOO,3,-0.027462,2011-03-01,2014-02-28,36,360000.0,484793.47649,546582.830049,0.346649,0.518286,-0.113047,-0.163768,78.0,-0.187546,123.0,-0.148814,-0.149137
VOO,3,-0.005969,2011-04-01,2014-03-31,36,360000.0,483902.94748,539472.705774,0.344175,0.498535,-0.103008,-0.162333,78.0,-0.187546,123.0,-0.151744,-0.167534
VOO,3,-0.002244,2011-05-02,2014-04-30,36,360000.0,482316.137673,531507.136736,0.339767,0.476409,-0.09255,-0.16021,78.0,-0.185719,123.0,-0.15146,-0.185719
VOO,3,-0.033654,2011-06-01,2014-05-30,36,360000.0,488508.746958,561375.013412,0.356969,0.559375,-0.1298,-0.156754,75.0,-0.185076,123.0,-0.144818,-0.159251
VOO,3,-0.013659,2011-07-01,2014-06-30,36,360000.0,492988.832087,561484.162159,0.369413,0.559678,-0.12199,-0.149582,69.0,-0.185076,123.0,-0.145,-0.176294
VOO,3,-0.051664,2011-08-01,2014-07-31,36,360000.0,480614.050683,575946.537829,0.335039,0.599851,-0.165523,-0.128205,61.0,-0.143285,24.0,-0.128205,-0.143285
VOO,3,-0.109475,2011-09-01,2014-08-29,36,360000.0,493495.606992,637701.463953,0.370821,0.771393,-0.226134,-0.090209,28.0,-0.096652,11.0,-0.061664,-0.087668
VOO,3,-0.187546,2011-10-03,2014-09-30,36,360000.0,479077.77012,689329.833116,0.330772,0.914805,-0.305009,-0.090209,28.0,-0.096549,41.0,0.0,0.0
VOO,3,-0.096373,2011-11-01,2014-10-31,36,360000.0,481359.339615,634674.005715,0.337109,0.762983,-0.241564,-0.090209,12.0,-0.096471,73.0,-0.047491,-0.047491
VOO,3,-0.075159,2011-12-01,2014-11-28,36,360000.0,486787.966672,637217.087297,0.352189,0.770047,-0.236072,-0.084085,70.0,-0.096471,73.0,-0.033123,-0.031168
VOO,3,-0.050241,2012-01-03,2014-12-31,36,360000.0,475046.37657,615176.97887,0.319573,0.708825,-0.227789,-0.083835,70.0,-0.096471,73.0,-0.044871,0.0
VOO,3,-0.012935,2012-02-01,2015-01-30,36,360000.0,454520.439099,574928.709415,0.262557,0.597024,-0.209432,-0.083458,70.0,-0.096471,73.0,-0.058175,-0.028032
VOO,3,0.0,2012-03-01,2015-02-27,36,360000.0,473457.354392,583786.599044,0.315159,0.621629,-0.188989,-0.082833,46.0,-0.096471,73.0,-0.072257,-0.065214
VOO,3,0.0,2012-04-02,2015-03-31,36,360000.0,459837.791977,555403.259978,0.277327,0.542787,-0.172065,-0.081598,42.0,-0.096471,73.0,-0.081598,-0.096471
VOO,3,-0.007859,2012-05-01,2015-04-30,36,360000.0,459005.690964,565424.466171,0.275016,0.570624,-0.18821,-0.077975,28.0,-0.089313,64.0,-0.077975,-0.089313
VOO,3,-0.096163,2012-06-01,2015-05-29,36,360000.0,458863.883648,628427.796767,0.274622,0.745633,-0.269822,-0.072151,15.0,-0.074074,48.0,-0.013907,-0.000341
VOO,3,-0.032558,2012-07-02,2015-06-30,36,360000.0,442595.830006,575680.332695,0.229433,0.599112,-0.231178,-0.072112,15.0,-0.074074,48.0,-0.030553,-0.022418
VOO,3,-0.024657,2012-08-01,2015-07-31,36,360000.0,446030.55139,583445.172765,0.238974,0.620681,-0.235523,-0.072071,15.0,-0.074074,48.0,-0.037947,-0.009071
VOO,3,-0.009834,2012-09-04,2015-08-31,36,360000.0,412864.166857,535065.551317,0.146845,0.486293,-0.228386,-0.119719,,-0.119986,,-0.047572,-0.03183
VOO,3,-0.014852,2012-10-01,2015-09-30,36,360000.0,398248.825617,506626.566572,0.106247,0.407296,-0.21392,-0.119709,,-0.119986,,-0.055444,-0.060115
VOO,3,-0.024548,2012-11-01,2015-10-30,36,360000.0,427458.996077,554905.160706,0.187386,0.541403,-0.229672,-0.119699,,-0.119986,,-0.050772,-0.050772
VOO,3,-0.033798,2012-12-03,2015-11-30,36,360000.0,423721.252736,562598.493131,0.177003,0.562774,-0.24685,-0.119687,70.0,-0.119986,,-0.003384,-0.003384
VOO,3,0.0,2013-01-02,2015-12-31,36,360000.0,410732.053971,532192.806177,0.140922,0.478313,-0.228227,-0.119675,70.0,-0.119986,,-0.002395,-0.002395
VOO,3,0.0,2013-02-01,2016-01-29,36,360000.0,386148.160437,488364.93198,0.072634,0.356569,-0.209304,-0.119662,69.0,-0.119986,,-0.014302,-0.014302
VOO,3,-0.006986,2013-03-01,2016-02-29,36,360000.0,381795.179404,484339.672329,0.060542,0.345388,-0.21172,-0.125168,,-0.130008,,0.0,0.0
VOO,3,-0.002791,2013-04-01,2016-03-31,36,360000.0,404089.071764,502279.513856,0.12247,0.395221,-0.19549,-0.12507,,-0.130008,,-0.014138,-0.014138
VOO,3,-0.009024,2013-05-01,2016-04-29,36,360000.0,401473.397635,496805.274125,0.115204,0.380015,-0.19189,-0.124967,62.0,-0.130008,67.0,-0.021063,-0.002838
VOO,3,-0.017115,2013-06-03,2016-05-31,36,360000.0,404570.181082,487042.949751,0.123806,0.352897,-0.169334,-0.124858,62.0,-0.130008,67.0,-0.039288,-0.039288
VOO,3,-0.029731,2013-07-01,2016-06-30,36,360000.0,402314.97485,494965.913637,0.117542,0.374905,-0.187187,-0.124745,62.0,-0.130008,67.0,-0.024964,-0.001489
VOO,3,0.0,2013-08-01,2016-07-29,36,360000.0,413226.195625,485099.880486,0.147851,0.3475,-0.148163,-0.124622,62.0,-0.130008,67.0,-0.042983,-0.042983
VOO,3,-0.038319,2013-09-03,2016-08-31,36,360000.0,410256.323346,504262.584041,0.139601,0.400729,-0.186423,-0.124496,62.0,-0.130008,67.0,-0.036948,0.0
VOO,3,-0.016644,2013-10-01,2016-09-30,36,360000.0,406368.945832,487007.8875,0.128803,0.3528,-0.16558,-0.124354,62.0,-0.130008,67.0,-0.04392,-0.022941
VOO,3,-0.006466,2013-11-01,2016-10-31,36,360000.0,395654.274138,460021.168497,0.09904,0.277837,-0.139922,-0.124205,62.0,-0.130008,67.0,-0.049954,-0.006756
VOO,3,-0.003013,2013-12-02,2016-11-30,36,360000.0,407586.261604,465335.046523,0.132184,0.292597,-0.124102,-0.12405,62.0,-0.130008,67.0,-0.054844,-0.029991
VOO,3,-0.008986,2014-01-02,2016-12-30,36,360000.0,413084.728167,466235.261645,0.147458,0.295098,-0.113999,-0.123885,62.0,-0.130008,67.0,-0.059078,-0.047843
VOO,3,-0.056678,2014-02-03,2017-01-31,36,360000.0,417374.667407,498391.314782,0.159374,0.38442,-0.162556,-0.123709,62.0,-0.130008,67.0,-0.062875,0.0
VOO,3,-0.006857,2014-03-03,2017-02-28,36,360000.0,429558.046516,487617.678743,0.193217,0.354494,-0.119068,-0.123506,62.0,-0.130008,67.0,-0.069157,-0.014405
VOO,3,0.0,2014-04-01,2017-03-31,36,360000.0,426434.763131,477476.189265,0.184541,0.326323,-0.106898,-0.123296,62.0,-0.130008,67.0,-0.073236,-0.036174
VOO,3,-0.002831,2014-05-01,2017-04-28,36,360000.0,427585.132672,482162.332885,0.187736,0.33934,-0.113193,-0.123069,62.0,-0.130008,67.0,-0.076656,-0.008227
VOO,3,0.0,2014-06-02,2017-05-31,36,360000.0,430124.383519,477345.67786,0.19479,0.32596,-0.098925,-0.12282,50.0,-0.130008,67.0,-0.080375,-0.025367
VOO,3,0.0,2014-07-01,2017-06-30,36,360000.0,429474.681763,467876.438561,0.192985,0.299657,-0.082077,-0.12255,50.0,-0.130008,67.0,-0.08328,-0.050679
VOO,3,-0.030854,2014-08-01,2017-07-31,36,360000.0,435251.898564,488779.816072,0.209033,0.357722,-0.109513,-0.122257,50.0,-0.130008,67.0,-0.085153,-0.028308
VOO,3,-0.000272,2014-09-02,2017-08-31,36,360000.0,432909.259607,470455.364351,0.202526,0.30682,-0.079808,-0.121922,50.0,-0.130008,67.0,-0.088481,-0.067452
VOO,3,-0.032271,2014-10-01,2017-09-29,36,360000.0,438601.779984,493122.87319,0.218338,0.369786,-0.110563,-0.121561,50.0,-0.130008,67.0,-0.089891,-0.042083
VOO,3,0.0,2014-11-03,2017-10-31,36,360000.0,444981.794816,486000.29631,0.236061,0.350001,-0.0844,-0.121141,50.0,-0.130008,67.0,-0.093068,-0.074479
VOO,3,-0.00898,2014-12-01,2017-11-30,36,360000.0,454962.826867,491068.031163,0.263786,0.364078,-0.073524,-0.12068,50.0,-0.130008,67.0,-0.094308,-0.092574
VOO,3,-0.015777,2015-01-02,2017-12-29,36,360000.0,457129.887231,498237.855783,0.269805,0.383994,-0.082507,-0.120162,48.0,-0.130008,67.0,-0.095648,-0.090985
VOO,3,-0.033068,2015-02-02,2018-01-31,36,360000.0,478530.220562,535473.194371,0.329251,0.487426,-0.106341,-0.119562,48.0,-0.130008,67.0,-0.09781,-0.074729
VOO,3,0.0,2015-03-02,2018-02-28,36,360000.0,456017.129805,490655.968679,0.266714,0.362933,-0.070597,-0.118847,48.0,-0.130008,67.0,-0.103433,-0.119358
VOO,3,-0.025288,2015-04-01,2018-03-29,36,360000.0,441355.024663,490963.927731,0.225986,0.363789,-0.101044,-0.118042,48.0,-0.130008,67.0,-0.102277,-0.09651
VOO,3,-0.004537,2015-05-01,2018-04-30,36,360000.0,439473.525054,481161.042829,0.22076,0.336558,-0.086639,-0.117059,58.0,-0.130008,67.0,-0.106321,-0.117612
VOO,3,-0.008943,2015-06-01,2018-05-31,36,360000.0,446624.346284,490653.406509,0.240623,0.362926,-0.089736,-0.116081,52.0,-0.130008,67.0,-0.105946,-0.121434
VOO,3,-0.023151,2015-07-01,2018-06-29,36,360000.0,446250.101592,501565.865093,0.239584,0.393239,-0.110286,-0.114405,39.0,-0.130008,67.0,-0.103262,-0.108655
VOO,3,-0.013286,2015-08-03,2018-07-31,36,360000.0,458065.390145,513819.653317,0.272404,0.427277,-0.108509,-0.112501,36.0,-0.127855,67.0,-0.108136,-0.118293
VOO,3,-0.099312,2015-09-01,2018-08-31,36,360000.0,468416.682379,581019.764675,0.301157,0.613944,-0.193802,-0.110001,35.0,-0.127855,67.0,-0.079077,-0.03408
VOO,3,-0.091325,2015-10-01,2018-09-28,36,360000.0,464954.609078,579230.297653,0.291541,0.608973,-0.197289,-0.106124,35.0,-0.127855,67.0,-0.088077,-0.042571
VOO,3,-0.005614,2015-11-02,2018-10-31,36,360000.0,427454.676874,493111.656075,0.187374,0.369755,-0.133148,-0.101147,51.0,-0.127855,67.0,-0.100199,-0.125096
VOO,3,-0.003551,2015-12-01,2018-11-30,36,360000.0,431641.062695,501367.614115,0.199003,0.392688,-0.139073,-0.100427,166.0,-0.126907,67.0,-0.094586,-0.126907
VOO,3,-0.043838,2016-01-04,2018-12-31,36,360000.0,389762.256988,476266.288053,0.082673,0.322962,-0.18163,-0.192689,,-0.194768,,-0.075905,-0.09012
VOO,3,-0.0787,2016-02-01,2019-01-31,36,360000.0,417136.044594,533433.978635,0.158711,0.481761,-0.218017,-0.192616,,-0.194768,,-0.05569,-0.05569
VOO,3,-0.057119,2016-03-01,2019-02-28,36,360000.0,425709.542496,538163.569865,0.182527,0.494899,-0.208959,-0.192535,,-0.194768,,-0.023691,0.0
VOO,3,-0.010229,2016-04-01,2019-03-29,36,360000.0,428793.265345,522540.528091,0.191092,0.451501,-0.179407,-0.192449,,-0.194768,,-0.03746,-0.030591
VOO,3,-0.01012,2016-05-02,2019-04-30,36,360000.0,441275.359536,540883.842712,0.225765,0.502455,-0.184159,-0.19236,101.0,-0.194768,109.0,-0.040895,-0.03547
VOO,3,0.0,2016-06-01,2019-05-31,36,360000.0,408626.815094,500850.711609,0.135074,0.391252,-0.184135,-0.192265,100.0,-0.194768,109.0,-0.04632,-0.04632
VOO,3,-0.006556,2016-07-01,2019-06-28,36,360000.0,433040.467216,534031.863282,0.20289,0.483422,-0.189111,-0.192164,100.0,-0.194768,109.0,-0.028836,-0.00701
VOO,3,-0.001405,2016-08-01,2019-07-31,36,360000.0,434373.150407,524272.354173,0.206592,0.456312,-0.171474,-0.192054,100.0,-0.194768,109.0,-0.035783,-0.033732
VOO,3,-0.007809,2016-09-01,2019-08-30,36,360000.0,422841.879308,514559.766884,0.174561,0.429333,-0.178245,-0.191939,100.0,-0.194768,109.0,-0.04187,-0.035815
VOO,3,-0.01047,2016-10-03,2019-09-30,36,360000.0,426860.295644,526118.955594,0.185723,0.461442,-0.188662,-0.191814,100.0,-0.194768,109.0,-0.048316,-0.033223
VOO,3,-0.031903,2016-11-01,2019-10-31,36,360000.0,431586.660136,549504.726502,0.198852,0.526402,-0.21459,-0.191677,98.0,-0.194768,109.0,-0.055376,-0.011819
VOO,3,-0.009288,2016-12-01,2019-11-29,36,360000.0,441683.102667,547286.183152,0.226898,0.520239,-0.192958,-0.191523,98.0,-0.194768,109.0,-0.064005,0.0
VOO,3,-0.005532,2017-01-03,2019-12-31,36,360000.0,449544.72256,546161.483041,0.248735,0.517115,-0.176901,-0.19136,98.0,-0.194768,109.0,-0.071474,0.0
VOO,3,-0.008116,2017-02-01,2020-01-31,36,360000.0,444120.48737,540054.772109,0.233668,0.500152,-0.177638,-0.191186,98.0,-0.194768,109.0,-0.078095,0.0
VOO,3,0.0,2017-03-01,2020-02-28,36,360000.0,403485.438389,471175.232886,0.120793,0.30882,-0.143662,-0.190995,98.0,-0.194768,109.0,-0.084787,-0.025833
VOO,3,-0.013922,2017-04-03,2020-03-31,36,360000.0,350208.08982,418379.325049,-0.0272,0.162165,-0.162941,-0.338553,,-0.33993,,-0.160907,-0.012079
VOO,3,-4e-06,2017-05-01,2020-04-30,36,360000.0,393689.053853,465305.617659,0.093581,0.292516,-0.153913,-0.338505,,-0.33993,,-0.165574,-0.011683
VOO,3,0.0,2017-06-01,2020-05-29,36,360000.0,409564.263144,478028.088033,0.137679,0.327856,-0.143221,-0.338455,,-0.33993,,-0.170105,-0.030416
VOO,3,-0.009491,2017-07-03,2020-06-30,36,360000.0,413725.619762,486489.594108,0.149238,0.35136,-0.149569,-0.338403,,-0.33993,,-0.174338,-0.031102
VOO,3,-0.00066,2017-08-01,2020-07-31,36,360000.0,434266.843541,504671.339897,0.206297,0.401865,-0.139506,-0.338346,,-0.33993,,-0.178814,-0.050723
VOO,3,0.0,2017-09-01,2020-08-31,36,360000.0,460173.779084,538571.580368,0.27826,0.496032,-0.145566,-0.338287,133.0,-0.33993,140.0,-0.182946,-0.052974
VOO,3,0.0,2017-10-02,2020-09-30,36,360000.0,438025.29688,506709.310847,0.216737,0.407526,-0.135549,-0.338223,133.0,-0.33993,140.0,-0.187279,-0.074226
VOO,3,-0.000761,2017-11-01,2020-10-30,36,360000.0,422844.216495,483771.510845,0.174567,0.34381,-0.125942,-0.338155,133.0,-0.33993,140.0,-0.191177,-0.093052
VOO,3,-0.001849,2017-12-01,2020-11-30,36,360000.0,465188.978998,522674.178408,0.292192,0.451873,-0.109983,-0.338083,133.0,-0.33993,140.0,-0.194681,-0.116799
VOO,3,0.0,2018-01-02,2020-12-31,36,360000.0,477806.689187,530495.129615,0.327241,0.473598,-0.099319,-0.338008,133.0,-0.33993,140.0,-0.197566,-0.135937
VOO,3,-0.01758,2018-02-01,2021-01-29,36,360000.0,468375.544141,501454.737787,0.301043,0.39293,-0.065966,-0.337928,133.0,-0.33993,140.0,-0.199936,-0.174811
VOO,3,-0.065728,2018-03-01,2021-02-26,36,360000.0,477127.445916,541882.846606,0.325354,0.50523,-0.119501,-0.337845,133.0,-0.33993,140.0,-0.200941,-0.132285
VOO,3,-0.097959,2018-04-02,2021-03-31,36,360000.0,493424.688876,586923.476527,0.370624,0.630343,-0.159303,-0.33775,121.0,-0.33993,140.0,-0.203802,-0.10128
VOO,3,-0.07141,2018-05-01,2021-04-30,36,360000.0,512777.684202,600301.416458,0.424382,0.667504,-0.1458,-0.337642,121.0,-0.33993,140.0,-0.208259,-0.126975
VOO,3,-0.041009,2018-06-01,2021-05-28,36,360000.0,509457.595824,585150.520497,0.41516,0.625418,-0.129356,-0.337526,121.0,-0.33993,140.0,-0.211954,-0.154651
VOO,3,-0.042694,2018-07-02,2021-06-30,36,360000.0,514581.455065,599425.363161,0.429393,0.66507,-0.141542,-0.337403,121.0,-0.33993,140.0,-0.214683,-0.153163
VOO,3,-0.011377,2018-08-01,2021-07-30,36,360000.0,520303.121883,594392.110348,0.445286,0.651089,-0.124647,-0.337265,121.0,-0.33993,140.0,-0.217759,-0.180333
VOO,3,-0.005414,2018-09-04,2021-08-31,36,360000.0,528979.018192,592936.694831,0.469386,0.647046,-0.107866,-0.337117,120.0,-0.33993,140.0,-0.219729,-0.205783
VOO,3,-0.001849,2018-10-01,2021-09-30,36,360000.0,498130.479358,559193.344128,0.383696,0.553315,-0.109198,-0.336958,119.0,-0.33993,140.0,-0.220503,-0.21434
VOO,3,-0.063927,2018-11-01,2021-10-29,36,360000.0,527142.452203,638246.525783,0.464285,0.772907,-0.174077,-0.33678,119.0,-0.33993,140.0,-0.220866,-0.162238
VOO,3,-0.044414,2018-12-03,2021-11-30,36,360000.0,515578.325624,620622.456637,0.432162,0.723951,-0.169256,-0.336567,119.0,-0.33993,140.0,-0.22453,-0.179345
VOO,3,-0.138907,2019-01-02,2021-12-31,36,360000.0,531641.935428,720134.532336,0.476783,1.000374,-0.261746,-0.336327,119.0,-0.33993,140.0,-0.227543,-0.08929
VOO,3,-0.070653,2019-02-01,2022-01-31,36,360000.0,494241.987063,632276.463986,0.372894,0.756324,-0.218313,-0.336018,114.0,-0.33993,140.0,-0.237418,-0.156175
VOO,3,-0.034672,2019-03-01,2022-02-28,36,360000.0,472110.444481,590567.171371,0.311418,0.640464,-0.200581,-0.33568,77.0,-0.33993,140.0,-0.243667,-0.187627
VOO,3,-0.011542,2019-04-01,2022-03-31,36,360000.0,483510.241816,598601.762561,0.343084,0.662783,-0.192267,-0.335295,77.0,-0.33993,140.0,-0.248337,-0.206636
VOO,3,-0.007296,2019-05-01,2022-04-29,36,360000.0,434966.278682,534794.307153,0.20824,0.48554,-0.186666,-0.334844,77.0,-0.33993,140.0,-0.252128,-0.222945
VOO,3,-0.066395,2019-06-03,2022-05-31,36,360000.0,431161.214811,570034.843582,0.19767,0.58343,-0.243623,-0.334309,77.0,-0.33993,140.0,-0.255047,-0.173878
VOO,3,0.0,2019-07-01,2022-06-30,36,360000.0,390253.417172,483194.175198,0.084037,0.342206,-0.192347,-0.333601,74.0,-0.33993,140.0,-0.264065,-0.236645
VOO,3,-0.023758,2019-08-01,2022-07-29,36,360000.0,422305.589074,528910.526356,0.173071,0.469196,-0.201556,-0.332768,74.0,-0.33993,140.0,-0.267493,-0.234812
VOO,3,-0.037025,2019-09-03,2022-08-31,36,360000.0,400399.536808,514058.089529,0.112221,0.427939,-0.221101,-0.331679,74.0,-0.33993,140.0,-0.272161,-0.22427
VOO,3,-0.024436,2019-10-01,2022-09-30,36,360000.0,359653.557769,460747.002939,-0.000962,0.279853,-0.219412,-0.330175,72.0,-0.33993,140.0,-0.280143,-0.234281
VOO,3,0.0,2019-11-01,2022-10-31,36,360000.0,385544.597892,477103.010756,0.070957,0.325286,-0.191905,-0.328036,72.0,-0.33993,140.0,-0.289316,-0.26663
VOO,3,-0.011941,2019-12-02,2022-11-30,36,360000.0,403379.4966,494400.986948,0.120499,0.373336,-0.184105,-0.324872,70.0,-0.33993,140.0,-0.294987,-0.279694
VOO,3,0.0,2020-01-02,2022-12-30,36,360000.0,376735.447044,444974.676989,0.046487,0.236041,-0.153355,-0.319547,64.0,-0.33993,140.0,-0.300085,-0.312281
VOO,3,-0.023667,2020-02-03,2023-01-31,36,360000.0,397964.918821,473885.468418,0.105458,0.316349,-0.160209,-0.309157,37.0,-0.33993,140.0,-0.293987,-0.310942
VOO,3,-0.087,2020-03-02,2023-02-28,36,360000.0,384832.084544,484784.368011,0.068978,0.346623,-0.206179,-0.286111,17.0,-0.286111,72.0,-0.277032,-0.277032
VOO,3,-0.269228,2020-04-01,2023-03-31,36,360000.0,395552.570842,628142.506937,0.098757,0.74484,-0.370282,-0.220628,,-0.245207,,-0.043204,0.0
VOO,3,-0.160428,2020-05-01,2023-04-28,36,360000.0,394235.465783,555435.485904,0.095099,0.542876,-0.290223,-0.219309,,-0.245207,,-0.061534,-0.004157
VOO,3,-0.092085,2020-06-01,2023-05-31,36,360000.0,390686.02149,516098.926127,0.085239,0.433608,-0.243002,-0.218031,,-0.245207,,-0.074395,-0.01655
VOO,3,-0.073073,2020-07-01,2023-06-30,36,360000.0,411399.78393,538421.963608,0.142777,0.495617,-0.235916,-0.216725,258.0,-0.245207,,-0.084918,0.0
VOO,3,-0.019089,2020-08-03,2023-07-31,36,360000.0,419796.292218,525529.601506,0.166101,0.459804,-0.201194,-0.215309,258.0,-0.245207,,-0.095501,-0.014272
VOO,3,0.0,2020-09-01,2023-08-31,36,360000.0,408468.059181,481823.791515,0.134633,0.338399,-0.152246,-0.214054,362.0,-0.245207,,-0.104311,-0.081291
VOO,3,-0.054207,2020-10-01,2023-09-29,36,360000.0,385846.890733,478304.083433,0.071797,0.328622,-0.193302,-0.213135,362.0,-0.245207,,-0.110668,-0.031589
VOO,3,-0.073423,2020-11-02,2023-10-31,36,360000.0,374251.662475,477618.28184,0.039588,0.326717,-0.216421,-0.212057,361.0,-0.245207,,-0.119499,0.0
VOO,3,0.0,2020-12-01,2023-11-30,36,360000.0,404886.400365,470268.343912,0.124684,0.306301,-0.139031,-0.210805,361.0,-0.245207,,-0.130162,-0.003836
VOO,3,-0.013559,2021-01-04,2023-12-29,36,360000.0,420160.380236,485853.137137,0.167112,0.349592,-0.135211,-0.209516,361.0,-0.245207,427.0,-0.136631,-0.008457
VOO,3,-0.021397,2021-02-01,2024-01-31,36,360000.0,423426.170807,484038.79231,0.176184,0.344552,-0.125223,-0.208062,358.0,-0.245207,427.0,-0.14314,-0.027785
VOO,3,-0.008115,2021-03-01,2024-02-29,36,360000.0,441712.645967,491681.268134,0.22698,0.365781,-0.101628,-0.206421,357.0,-0.245207,427.0,-0.149314,-0.061312
VOO,3,0.0,2021-04-01,2024-03-28,36,360000.0,452324.99784,492225.070871,0.256458,0.367292,-0.081061,-0.204585,351.0,-0.245207,427.0,-0.154308,-0.090119
VOO,3,-0.004351,2021-05-03,2024-04-30,36,360000.0,430679.346597,452484.196416,0.196332,0.256901,-0.048189,-0.202511,351.0,-0.245207,427.0,-0.158192,-0.12865
VOO,3,-0.005669,2021-06-01,2024-05-31,36,360000.0,449660.05773,473512.491211,0.249056,0.315312,-0.050373,-0.200182,351.0,-0.245207,427.0,-0.160636,-0.13179
VOO,3,0.0,2021-07-01,2024-06-28,36,360000.0,462423.214159,476506.588361,0.284509,0.323629,-0.029555,-0.197433,350.0,-0.245207,427.0,-0.164494,-0.156393
VOO,3,-0.007597,2021-08-02,2024-07-31,36,360000.0,464488.905237,474137.19616,0.290247,0.317048,-0.020349,-0.194229,336.0,-0.245207,427.0,-0.166771,-0.170211
VOO,3,-0.000649,2021-09-01,2024-08-30,36,360000.0,472502.145155,470109.158066,0.312506,0.305859,0.00509,-0.190398,336.0,-0.245207,427.0,-0.168095,-0.196493
VOO,3,-0.039117,2021-10-01,2024-09-30,36,360000.0,479870.975752,498406.836566,0.332975,0.384463,-0.03719,-0.185816,316.0,-0.245207,427.0,-0.166734,-0.166271
VOO,3,0.0,2021-11-01,2024-10-31,36,360000.0,471609.176599,465758.699348,0.310025,0.293774,0.012561,-0.18015,231.0,-0.245207,427.0,-0.168886,-0.213431
VOO,3,-0.0408,2021-12-01,2024-11-29,36,360000.0,496225.648477,503676.240589,0.378405,0.399101,-0.014792,-0.176535,231.0,-0.245207,427.0,-0.16478,-0.196703
VOO,3,0.0,2022-01-03,2024-12-31,36,360000.0,480720.321221,462219.174121,0.335334,0.283942,0.040027,-0.1716,60.0,-0.245207,427.0,-0.16215,-0.245207
VOO,3,-0.052043,2022-02-01,2025-01-31,36,360000.0,490784.798016,500735.076793,0.363291,0.390931,-0.019871,-0.165144,57.0,-0.221217,279.0,-0.148572,-0.203769
VOO,3,-0.099966,2022-03-01,2025-02-28,36,360000.0,480781.333617,520724.949843,0.335504,0.446458,-0.076708,-0.155533,124.0,-0.221217,279.0,-0.138773,-0.161373
VOO,3,-0.04901,2022-04-01,2025-03-31,36,360000.0,449770.225583,465186.055363,0.249362,0.292183,-0.033139,-0.153954,119.0,-0.212981,274.0,-0.136858,-0.206308
VOO,3,-0.129508,2022-05-02,2025-04-30,36,360000.0,443186.172988,504079.961162,0.231073,0.400222,-0.120802,-0.184575,,-0.186894,,-0.110107,-0.132912
VOO,3,-0.13997,2022-06-01,2025-05-30,36,360000.0,466697.211411,542261.705781,0.296381,0.506283,-0.139351,-0.1845,,-0.186894,,-0.104727,-0.122364
VOO,3,-0.196218,2022-07-01,2025-06-30,36,360000.0,485452.605532,610221.316681,0.348479,0.695059,-0.204465,-0.184418,77.0,-0.186894,79.0,-0.093563,-0.060948
VOO,3,-0.133809,2022-08-01,2025-07-31,36,360000.0,489449.331021,579203.674624,0.359581,0.608899,-0.154962,-0.184323,77.0,-0.186894,79.0,-0.110816,-0.128607
VOO,3,-0.164498,2022-09-01,2025-08-29,36,360000.0,493564.170025,612942.374426,0.371012,0.702618,-0.194763,-0.184229,77.0,-0.186894,79.0,-0.094781,-0.0966
VOO,3,-0.22369,2022-10-03,2025-09-30,36,360000.0,503884.536386,683094.023559,0.399679,0.897483,-0.26235,-0.184124,77.0,-0.186894,79.0,-0.027717,-0.027717
VOO,3,-0.185587,2022-11-01,2025-10-31,36,360000.0,506720.963961,666722.040786,0.407558,0.852006,-0.239982,-0.184001,77.0,-0.186894,79.0,-0.043711,-0.035896
VOO,3,-0.137162,2022-12-01,2025-11-28,36,360000.0,499269.861123,630679.059964,0.386861,0.751886,-0.208361,-0.183874,77.0,-0.186894,79.0,-0.07132,-0.07132
VOO,3,-0.189858,2023-01-03,2025-12-31,36,360000.0,492184.428957,672230.289805,0.367179,0.867306,-0.267834,-0.183743,77.0,-0.186894,79.0,-0.024803,-0.0038
VOO,3,-0.126109,2023-02-01,2026-01-30,36,360000.0,490500.73888,632225.328621,0.362502,0.756181,-0.224168,-0.18359,77.0,-0.186894,79.0,-0.043048,-0.062114
VOO,3,-0.160252,2023-03-01,2026-02-27,36,360000.0,478953.283878,652573.673704,0.330426,0.812705,-0.266055,-0.183434,77.0,-0.186894,79.0,-0.032223,-0.023982
VOO,3,-0.122441,2023-04-03,2026-03-31,36,360000.0,447242.690837,593182.887448,0.242341,0.64773,-0.246029,-0.183256,77.0,-0.186894,79.0,-0.044322,-0.016209
VOO,3,-0.11261,2023-05-01,2026-04-30,36,360000.0,487170.452873,648486.879685,0.353251,0.801352,-0.248758,-0.183067,77.0,-0.186894,79.0,-0.052895,-0.025276
VOO,3,-0.099175,2023-06-01,2026-05-29,36,360000.0,504448.313427,672575.461047,0.401245,0.868265,-0.249975,-0.18286,77.0,-0.186894,79.0,-0.062667,-0.018892
VOO,3,-0.047823,2023-07-03,2026-06-30,36,360000.0,490978.311759,630190.909114,0.363829,0.75053,-0.220905,-0.182633,77.0,-0.186894,79.0,-0.073611,-0.071804
VOO,3,-0.021408,2023-08-01,2026-07-31,36,360000.0,483380.087097,613037.811696,0.342722,0.702883,-0.2115,-0.182394,77.0,-0.186894,79.0,-0.074213,-0.096859
VOO,3,-0.032306,2023-09-01,2026-08-31,36,360000.0,488861.203449,636409.164936,0.357948,0.767803,-0.231844,-0.182133,77.0,-0.186894,79.0,-0.06289,-0.086688
VOO,5,0.0,2010-09-09,2015-08-31,60,600000.0,814788.267554,1181285.784754,0.35798,0.96881,-0.310253,-0.167452,155.0,-0.187546,123.0,-0.105649,0.0
VOO,5,-0.002857,2010-10-01,2015-09-30,60,600000.0,785556.965969,1108730.742001,0.309262,0.847885,-0.291481,-0.167103,153.0,-0.187546,123.0,-0.114953,-0.02297
VOO,5,-0.00129,2010-11-01,2015-10-30,60,600000.0,842721.762648,1162042.006706,0.404536,0.936737,-0.274792,-0.16669,153.0,-0.187546,123.0,-0.123209,-0.05579
VOO,5,-0.01373,2010-12-01,2015-11-30,60,600000.0,836779.048345,1143139.481065,0.394632,0.905232,-0.267999,-0.16619,153.0,-0.187546,123.0,-0.132546,-0.075081
VOO,5,0.0,2011-01-03,2015-12-31,60,600000.0,813244.93814,1064272.808128,0.355408,0.773788,-0.235868,-0.165563,148.0,-0.187546,123.0,-0.141765,-0.123659
VOO,5,0.0,2011-02-01,2016-01-29,60,600000.0,766084.217702,983900.507758,0.276807,0.639834,-0.22138,-0.164786,146.0,-0.187546,123.0,-0.146555,-0.147998
VOO,5,-0.027462,2011-03-01,2016-02-29,60,600000.0,758113.714102,980540.360113,0.263523,0.634234,-0.226841,-0.163768,78.0,-0.187546,123.0,-0.148814,-0.149137
VOO,5,-0.005969,2011-04-01,2016-03-31,60,600000.0,803186.319576,1025277.540858,0.338644,0.708796,-0.216616,-0.162333,78.0,-0.187546,123.0,-0.151744,-0.167534
VOO,5,-0.002244,2011-05-02,2016-04-29,60,600000.0,798820.801287,1006391.663502,0.331368,0.677319,-0.206253,-0.16021,78.0,-0.185719,123.0,-0.15146,-0.185719
VOO,5,-0.033654,2011-06-01,2016-05-31,60,600000.0,805864.146559,1057335.49551,0.343107,0.762226,-0.237835,-0.156754,75.0,-0.185076,123.0,-0.144818,-0.159251
VOO,5,-0.013659,2011-07-01,2016-06-30,60,600000.0,800795.763807,1039240.477274,0.33466,0.732067,-0.229441,-0.149582,69.0,-0.185076,123.0,-0.145,-0.176294
VOO,5,-0.051664,2011-08-01,2016-07-29,60,600000.0,822682.471546,1120703.853126,0.371137,0.86784,-0.265923,-0.128205,61.0,-0.143285,24.0,-0.128205,-0.143285
VOO,5,-0.109475,2011-09-01,2016-08-31,60,600000.0,814996.131444,1194895.320306,0.358327,0.991492,-0.317935,-0.126307,62.0,-0.130008,67.0,-0.061664,-0.087668
VOO,5,-0.187546,2011-10-03,2016-09-30,60,600000.0,805316.881406,1310095.908054,0.342195,1.183493,-0.385299,-0.126265,62.0,-0.130008,67.0,0.0,0.0
VOO,5,-0.096373,2011-11-01,2016-10-31,60,600000.0,779295.952745,1156807.450387,0.298827,0.928012,-0.326339,-0.126216,62.0,-0.130008,67.0,-0.047491,-0.047491
VOO,5,-0.075159,2011-12-01,2016-11-30,60,600000.0,798777.453632,1172382.942183,0.331296,0.953972,-0.318672,-0.126169,62.0,-0.130008,67.0,-0.033123,-0.031168
VOO,5,-0.050241,2012-01-03,2016-12-30,60,600000.0,805630.507225,1165278.982426,0.342718,0.942132,-0.308637,-0.126121,62.0,-0.130008,67.0,-0.044871,0.0
VOO,5,-0.012935,2012-02-01,2017-01-31,60,600000.0,810332.5526,1141224.906621,0.350554,0.902042,-0.289945,-0.126071,62.0,-0.130008,67.0,-0.058175,-0.028032
VOO,5,0.0,2012-03-01,2017-02-28,60,600000.0,832370.730169,1140112.063984,0.387285,0.900187,-0.269922,-0.12602,62.0,-0.130008,67.0,-0.072257,-0.065214
VOO,5,0.0,2012-04-02,2017-03-31,60,600000.0,824314.46838,1103442.638168,0.373857,0.839071,-0.252961,-0.125969,62.0,-0.130008,67.0,-0.081598,-0.096471
VOO,5,-0.007859,2012-05-01,2017-04-28,60,600000.0,824421.966675,1123750.526924,0.374037,0.872918,-0.266366,-0.125916,62.0,-0.130008,67.0,-0.077975,-0.089313
VOO,5,-0.096163,2012-06-01,2017-05-31,60,600000.0,827123.52137,1250862.009465,0.378539,1.08477,-0.338757,-0.12586,62.0,-0.130008,67.0,-0.013907,-0.000341
VOO,5,-0.032558,2012-07-02,2017-06-30,60,600000.0,821337.716134,1175981.870006,0.368896,0.95997,-0.301573,-0.125795,62.0,-0.130008,67.0,-0.030553,-0.022418
VOO,5,-0.024657,2012-08-01,2017-07-31,60,600000.0,828457.922272,1190514.453557,0.380763,0.984191,-0.304118,-0.12573,62.0,-0.130008,67.0,-0.037947,-0.009071
VOO,5,-0.009834,2012-09-04,2017-08-31,60,600000.0,820977.419987,1166559.183056,0.368296,0.944265,-0.29624,-0.125661,62.0,-0.130008,67.0,-0.047572,-0.03183
VOO,5,-0.014852,2012-10-01,2017-09-29,60,600000.0,828090.431789,1155605.625316,0.380151,0.926009,-0.283414,-0.12559,62.0,-0.130008,67.0,-0.055444,-0.060115
VOO,5,-0.024548,2012-11-01,2017-10-31,60,600000.0,837842.611826,1194252.346998,0.396404,0.990421,-0.298438,-0.125516,62.0,-0.130008,67.0,-0.050772,-0.050772
VOO,5,-0.033798,2012-12-03,2017-11-30,60,600000.0,853235.878338,1242550.135272,0.42206,1.070917,-0.313319,-0.125436,62.0,-0.130008,67.0,-0.003384,-0.003384
VOO,5,0.0,2013-01-02,2017-12-29,60,600000.0,853352.502929,1211532.210535,0.422254,1.01922,-0.295642,-0.12535,62.0,-0.130008,67.0,-0.002395,-0.002395
VOO,5,0.0,2013-02-01,2018-01-31,60,600000.0,890175.645617,1234476.955087,0.483626,1.057462,-0.278905,-0.12526,62.0,-0.130008,67.0,-0.014302,-0.014302
VOO,5,-0.006986,2013-03-01,2018-02-28,60,600000.0,846836.60593,1181142.619476,0.411394,0.968571,-0.283036,-0.125168,62.0,-0.130008,67.0,0.0,0.0
VOO,5,-0.002791,2013-04-01,2018-03-29,60,600000.0,816623.653057,1117833.621809,0.361039,0.863056,-0.269459,-0.12507,62.0,-0.130008,67.0,-0.014138,-0.014138
VOO,5,-0.009024,2013-05-01,2018-04-30,60,600000.0,811034.233941,1105617.110298,0.351724,0.842695,-0.266442,-0.124967,62.0,-0.130008,67.0,-0.021063,-0.002838
VOO,5,-0.017115,2013-06-03,2018-05-31,60,600000.0,821979.922262,1090941.657682,0.369967,0.818236,-0.246541,-0.124858,62.0,-0.130008,67.0,-0.039288,-0.039288
VOO,5,-0.029731,2013-07-01,2018-06-29,60,600000.0,819865.033426,1113509.04215,0.366442,0.855848,-0.26371,-0.124745,62.0,-0.130008,67.0,-0.024964,-0.001489
VOO,5,0.0,2013-08-01,2018-07-31,60,600000.0,840201.224121,1090043.54918,0.400335,0.816739,-0.229204,-0.124622,62.0,-0.130008,67.0,-0.042983,-0.042983
VOO,5,-0.038319,2013-09-03,2018-08-31,60,600000.0,858836.541759,1168179.765194,0.431394,0.946966,-0.264808,-0.124496,62.0,-0.130008,67.0,-0.036948,0.0
VOO,5,-0.016644,2013-10-01,2018-09-28,60,600000.0,854274.447307,1134378.252612,0.423791,0.89063,-0.246923,-0.124354,62.0,-0.130008,67.0,-0.04392,-0.022941
VOO,5,-0.006466,2013-11-01,2018-10-31,60,600000.0,787530.017469,1016463.922195,0.31255,0.694107,-0.225226,-0.124205,62.0,-0.130008,67.0,-0.049954,-0.006756
VOO,5,-0.003013,2013-12-02,2018-11-30,60,600000.0,795199.739256,1009960.267562,0.325333,0.683267,-0.212643,-0.12405,62.0,-0.130008,67.0,-0.054844,-0.029991
VOO,5,-0.008986,2014-01-02,2018-12-31,60,600000.0,718507.44353,903664.32965,0.197512,0.506107,-0.204896,-0.193642,,-0.194768,,-0.059078,-0.047843
VOO,5,-0.056678,2014-02-03,2019-01-31,60,600000.0,769940.052273,1024233.562484,0.283233,0.707056,-0.248277,-0.193618,,-0.194768,,-0.062875,0.0
VOO,5,-0.006857,2014-03-03,2019-02-28,60,600000.0,787653.07855,996051.204764,0.312755,0.660085,-0.209224,-0.193591,,-0.194768,,-0.069157,-0.014405
VOO,5,0.0,2014-04-01,2019-03-29,60,600000.0,796022.8166,992807.518239,0.326705,0.654679,-0.19821,-0.193565,,-0.194768,,-0.073236,-0.036174
VOO,5,-0.002831,2014-05-01,2019-04-30,60,600000.0,821205.393757,1032259.284449,0.368676,0.720432,-0.204458,-0.193538,102.0,-0.194768,109.0,-0.076656,-0.008227
VOO,5,0.0,2014-06-02,2019-05-31,60,600000.0,762397.820223,943820.370548,0.270663,0.573034,-0.192221,-0.19351,102.0,-0.194768,109.0,-0.080375,-0.025367
VOO,5,0.0,2014-07-01,2019-06-28,60,600000.0,809599.369444,983579.591673,0.349332,0.639299,-0.176885,-0.193482,102.0,-0.194768,109.0,-0.08328,-0.050679
VOO,5,-0.030854,2014-08-01,2019-07-31,60,600000.0,814848.879798,1021458.649071,0.358081,0.702431,-0.202269,-0.193453,102.0,-0.194768,109.0,-0.085153,-0.028308
VOO,5,-0.000272,2014-09-02,2019-08-30,60,600000.0,794654.825642,964226.507608,0.324425,0.607044,-0.175863,-0.193422,102.0,-0.194768,109.0,-0.088481,-0.067452
VOO,5,-0.032271,2014-10-01,2019-09-30,60,600000.0,804194.189691,1009992.208731,0.340324,0.68332,-0.203762,-0.193391,102.0,-0.194768,109.0,-0.089891,-0.042083
VOO,5,0.0,2014-11-03,2019-10-31,60,600000.0,814889.381029,993999.205826,0.358149,0.656665,-0.180191,-0.193357,102.0,-0.194768,109.0,-0.093068,-0.074479
VOO,5,-0.00898,2014-12-01,2019-11-29,60,600000.0,837534.21061,1009902.382698,0.39589,0.683171,-0.170678,-0.193323,102.0,-0.194768,109.0,-0.094308,-0.092574
VOO,5,-0.015777,2015-01-02,2019-12-31,60,600000.0,855489.365844,1041754.535366,0.425816,0.736258,-0.178799,-0.193288,102.0,-0.194768,109.0,-0.095648,-0.090985
VOO,5,-0.033068,2015-02-02,2020-01-31,60,600000.0,847723.500401,1059989.910929,0.412873,0.76665,-0.200253,-0.193252,102.0,-0.194768,109.0,-0.09781,-0.074729
VOO,5,0.0,2015-03-02,2020-02-28,60,600000.0,771948.817245,927148.333336,0.286581,0.545247,-0.167394,-0.193212,102.0,-0.194768,109.0,-0.103433,-0.119358
VOO,5,-0.025288,2015-04-01,2020-03-31,60,600000.0,670759.360594,832859.428043,0.117932,0.388099,-0.194631,-0.339211,,-0.33993,,-0.102277,-0.09651
VOO,5,-0.004537,2015-05-01,2020-04-30,60,600000.0,752677.981234,917410.56087,0.254463,0.529018,-0.179563,-0.339196,,-0.33993,,-0.106321,-0.117612
VOO,5,-0.008943,2015-06-01,2020-05-29,60,600000.0,783078.177204,956697.752587,0.30513,0.594496,-0.181478,-0.339181,,-0.33993,,-0.105946,-0.121434
VOO,5,-0.023151,2015-07-01,2020-06-30,60,600000.0,791404.459331,988492.992094,0.319007,0.647488,-0.199383,-0.339165,,-0.33993,,-0.103262,-0.108655
VOO,5,-0.013286,2015-08-03,2020-07-31,60,600000.0,831023.582453,1035313.944462,0.385039,0.725523,-0.197322,-0.339148,,-0.33993,,-0.108136,-0.118293
VOO,5,-0.099312,2015-09-01,2020-08-31,60,600000.0,881126.160413,1213263.664104,0.468544,1.022106,-0.273755,-0.33913,135.0,-0.33993,140.0,-0.079077,-0.03408
VOO,5,-0.091325,2015-10-01,2020-09-30,60,600000.0,838102.433707,1157425.387268,0.396837,0.929042,-0.275891,-0.33911,135.0,-0.33993,140.0,-0.088077,-0.042571
VOO,5,-0.005614,2015-11-02,2020-10-30,60,600000.0,807656.576776,1030743.230453,0.346094,0.717905,-0.216433,-0.339089,135.0,-0.33993,140.0,-0.100199,-0.125096
VOO,5,-0.003551,2015-12-01,2020-11-30,60,600000.0,887974.569386,1141206.876079,0.479958,0.902011,-0.221899,-0.339069,135.0,-0.33993,140.0,-0.094586,-0.126907
VOO,5,-0.043838,2016-01-04,2020-12-31,60,600000.0,911753.131204,1233822.310429,0.519589,1.056371,-0.261034,-0.339047,135.0,-0.33993,140.0,-0.07626,-0.09012
VOO,5,-0.0787,2016-02-01,2021-01-29,60,600000.0,892122.112914,1267433.239618,0.48687,1.112389,-0.296119,-0.339024,135.0,-0.33993,140.0,-0.081901,-0.05569
VOO,5,-0.057119,2016-03-01,2021-02-26,60,600000.0,905201.930189,1272680.265517,0.50867,1.121134,-0.288744,-0.338999,135.0,-0.33993,140.0,-0.088703,0.0
VOO,5,-0.010229,2016-04-01,2021-03-31,60,600000.0,934643.83615,1267857.717554,0.55774,1.113096,-0.262816,-0.338972,135.0,-0.33993,140.0,-0.095192,-0.030591
VOO,5,-0.01012,2016-05-02,2021-04-30,60,600000.0,972252.715917,1328203.318292,0.620421,1.213672,-0.267994,-0.338946,135.0,-0.33993,140.0,-0.100725,-0.03547
VOO,5,0.0,2016-06-01,2021-05-28,60,600000.0,966501.031976,1322026.749255,0.610835,1.203378,-0.268925,-0.338918,135.0,-0.33993,140.0,-0.10637,-0.04632
VOO,5,-0.006556,2016-07-01,2021-06-30,60,600000.0,976041.787758,1347270.934351,0.626736,1.245452,-0.275542,-0.338889,135.0,-0.33993,140.0,-0.111977,-0.00701
VOO,5,-0.001405,2016-08-01,2021-07-30,60,600000.0,987110.257318,1335515.952342,0.645184,1.22586,-0.260877,-0.338859,135.0,-0.33993,140.0,-0.11775,-0.033732
VOO,5,-0.007809,2016-09-01,2021-08-31,60,600000.0,1003647.717638,1371973.214595,0.672746,1.286622,-0.268464,-0.338827,135.0,-0.33993,140.0,-0.12293,-0.035815
VOO,5,-0.01047,2016-10-03,2021-09-30,60,600000.0,944564.804849,1311505.852124,0.574275,1.185843,-0.279786,-0.338794,135.0,-0.33993,140.0,-0.1283,-0.033223
VOO,5,-0.031903,2016-11-01,2021-10-29,60,600000.0,998228.786246,1434896.515254,0.663715,1.391494,-0.30432,-0.338758,135.0,-0.33993,140.0,-0.134005,-0.011819
VOO,5,-0.009288,2016-12-01,2021-11-30,60,600000.0,977064.915296,1368971.282025,0.628442,1.281619,-0.286278,-0.33872,135.0,-0.33993,140.0,-0.140607,0.0
VOO,5,-0.005532,2017-01-03,2021-12-31,60,600000.0,1008342.425282,1387207.094166,0.680571,1.312012,-0.273113,-0.33868,134.0,-0.33993,140.0,-0.14642,0.0
VOO,5,-0.008116,2017-02-01,2022-01-31,60,600000.0,943006.152978,1300291.397026,0.571677,1.167152,-0.274773,-0.338639,134.0,-0.33993,140.0,-0.151657,0.0
VOO,5,0.0,2017-03-01,2022-02-28,60,600000.0,903513.41297,1197642.929914,0.505856,0.996072,-0.24559,-0.338596,134.0,-0.33993,140.0,-0.15687,-0.025833
VOO,5,-0.013922,2017-04-03,2022-03-31,60,600000.0,927568.99607,1260573.965459,0.545948,1.100957,-0.264169,-0.338553,134.0,-0.33993,140.0,-0.160907,-0.012079
VOO,5,-4e-06,2017-05-01,2022-04-29,60,600000.0,836020.601459,1133836.478578,0.393368,0.889727,-0.262662,-0.338505,134.0,-0.33993,140.0,-0.165574,-0.011683
VOO,5,0.0,2017-06-01,2022-05-31,60,600000.0,829200.963884,1115042.798428,0.382002,0.858405,-0.256351,-0.338455,134.0,-0.33993,140.0,-0.170105,-0.030416
VOO,5,-0.009491,2017-07-03,2022-06-30,60,600000.0,752874.83189,1022167.354604,0.254791,0.703612,-0.263452,-0.338403,134.0,-0.33993,140.0,-0.174338,-0.031102
VOO,5,-0.00066,2017-08-01,2022-07-29,60,600000.0,814338.533583,1093593.811143,0.357231,0.822656,-0.255356,-0.338346,134.0,-0.33993,140.0,-0.178814,-0.050723
VOO,5,0.0,2017-09-01,2022-08-31,60,600000.0,772856.996946,1045953.443471,0.288095,0.743256,-0.261098,-0.338287,133.0,-0.33993,140.0,-0.182946,-0.052974
VOO,5,0.0,2017-10-02,2022-09-30,60,600000.0,694985.942387,928424.312729,0.15831,0.547374,-0.251435,-0.338223,133.0,-0.33993,140.0,-0.187279,-0.074226
VOO,5,-0.000761,2017-11-01,2022-10-31,60,600000.0,745205.548187,983378.254716,0.242009,0.638964,-0.242198,-0.338155,133.0,-0.33993,140.0,-0.191177,-0.093052
VOO,5,-0.001849,2017-12-01,2022-11-30,60,600000.0,779530.253835,1010346.863145,0.299217,0.683911,-0.228453,-0.338083,133.0,-0.33993,140.0,-0.194681,-0.116799
VOO,5,0.0,2018-01-02,2022-12-30,60,600000.0,728395.91409,931790.987498,0.213993,0.552985,-0.218284,-0.338008,133.0,-0.33993,140.0,-0.197566,-0.135937
VOO,5,-0.01758,2018-02-01,2023-01-31,60,600000.0,768376.670189,945845.099756,0.280628,0.576408,-0.187629,-0.337928,133.0,-0.33993,140.0,-0.199936,-0.174811
VOO,5,-0.065728,2018-03-01,2023-02-28,60,600000.0,743453.842543,969739.947514,0.23909,0.616233,-0.233347,-0.337845,133.0,-0.33993,140.0,-0.200941,-0.132285
VOO,5,-0.097959,2018-04-02,2023-03-31,60,600000.0,764683.096479,1041653.085008,0.274472,0.736088,-0.265895,-0.33775,121.0,-0.33993,140.0,-0.203802,-0.10128
VOO,5,-0.07141,2018-05-01,2023-04-28,60,600000.0,769324.58279,1027961.900832,0.282208,0.71327,-0.251602,-0.337642,121.0,-0.33993,140.0,-0.208259,-0.126975
VOO,5,-0.041009,2018-06-01,2023-05-31,60,600000.0,765869.409429,1000167.905689,0.276449,0.666947,-0.234259,-0.337526,121.0,-0.33993,140.0,-0.211954,-0.154651
VOO,5,-0.042694,2018-07-02,2023-06-30,60,600000.0,808521.932677,1067152.655167,0.347537,0.778588,-0.242356,-0.337403,121.0,-0.33993,140.0,-0.214683,-0.153163
VOO,5,-0.011377,2018-08-01,2023-07-31,60,600000.0,827061.359695,1066898.953582,0.378436,0.778165,-0.224799,-0.337265,121.0,-0.33993,140.0,-0.217759,-0.180333
VOO,5,-0.005414,2018-09-04,2023-08-31,60,600000.0,805969.856097,1016939.373782,0.343283,0.694899,-0.207455,-0.337117,120.0,-0.33993,140.0,-0.219729,-0.205783
VOO,5,-0.001849,2018-10-01,2023-09-29,60,600000.0,761095.5501,958258.782524,0.268493,0.597098,-0.205752,-0.336958,119.0,-0.33993,140.0,-0.220503,-0.21434
VOO,5,-0.063927,2018-11-01,2023-10-31,60,600000.0,738722.957462,999612.353248,0.231205,0.666021,-0.260991,-0.33678,119.0,-0.33993,140.0,-0.220866,-0.162238
VOO,5,-0.044414,2018-12-03,2023-11-30,60,600000.0,799077.028083,1068996.990964,0.331795,0.781662,-0.252498,-0.336567,119.0,-0.33993,140.0,-0.22453,-0.179345
VOO,5,-0.138907,2019-01-02,2023-12-29,60,600000.0,827428.248247,1240620.590996,0.379047,1.067701,-0.333053,-0.336327,119.0,-0.33993,140.0,-0.227543,-0.08929
VOO,5,-0.070653,2019-02-01,2024-01-31,60,600000.0,829942.916199,1167980.397554,0.383238,0.946634,-0.289421,-0.336018,114.0,-0.33993,140.0,-0.237418,-0.156175
VOO,5,-0.034672,2019-03-01,2024-02-29,60,600000.0,863062.627714,1182996.945604,0.438438,0.971662,-0.270444,-0.33568,77.0,-0.33993,140.0,-0.243667,-0.187627
VOO,5,-0.011542,2019-04-01,2024-03-28,60,600000.0,881238.249752,1193210.375286,0.46873,0.988684,-0.261456,-0.335295,77.0,-0.33993,140.0,-0.248337,-0.206636
VOO,5,-0.007296,2019-05-01,2024-04-30,60,600000.0,836433.727557,1121832.514707,0.394056,0.869721,-0.254404,-0.334844,77.0,-0.33993,140.0,-0.252128,-0.222945
VOO,5,-0.066395,2019-06-03,2024-05-31,60,600000.0,869370.17615,1252609.895004,0.44895,1.087683,-0.305953,-0.334309,77.0,-0.33993,140.0,-0.255047,-0.173878
VOO,5,0.0,2019-07-01,2024-06-28,60,600000.0,889105.820402,1198727.742506,0.481843,0.99788,-0.258292,-0.333601,74.0,-0.33993,140.0,-0.264065,-0.236645
VOO,5,-0.023758,2019-08-01,2024-07-31,60,600000.0,889299.056465,1215540.375819,0.482165,1.025901,-0.268392,-0.332768,74.0,-0.33993,140.0,-0.267493,-0.234812
VOO,5,-0.037025,2019-09-03,2024-08-30,60,600000.0,900222.371728,1261783.077465,0.500371,1.102972,-0.286547,-0.331679,74.0,-0.33993,140.0,-0.272161,-0.22427
VOO,5,-0.024436,2019-10-01,2024-09-30,60,600000.0,908755.02433,1272606.109333,0.514592,1.12101,-0.28591,-0.330175,72.0,-0.33993,140.0,-0.280143,-0.234281
VOO,5,0.0,2019-11-01,2024-10-31,60,600000.0,889133.661918,1207292.420207,0.481889,1.012154,-0.263531,-0.328036,72.0,-0.33993,140.0,-0.289316,-0.26663
VOO,5,-0.011941,2019-12-02,2024-11-29,60,600000.0,930731.246223,1255617.855523,0.551219,1.092696,-0.258746,-0.324872,70.0,-0.33993,140.0,-0.294987,-0.279694
VOO,5,0.0,2020-01-02,2024-12-31,60,600000.0,898312.125773,1170836.454646,0.497187,0.951394,-0.23276,-0.319547,64.0,-0.33993,140.0,-0.300085,-0.312281
VOO,5,-0.023667,2020-02-03,2025-01-31,60,600000.0,912775.626917,1204730.137427,0.521293,1.007884,-0.24234,-0.309157,37.0,-0.33993,140.0,-0.293987,-0.310942
VOO,5,-0.087,2020-03-02,2025-02-28,60,600000.0,891342.166963,1248027.144827,0.48557,1.080045,-0.285799,-0.286111,17.0,-0.286111,72.0,-0.277032,-0.277032
VOO,5,-0.269228,2020-04-01,2025-03-31,60,600000.0,831326.155729,1471797.364259,0.385544,1.452996,-0.435163,-0.220628,258.0,-0.245207,427.0,-0.043204,0.0
VOO,5,-0.160428,2020-05-01,2025-04-30,60,600000.0,810132.104683,1270672.207848,0.35022,1.117787,-0.362438,-0.219309,258.0,-0.245207,427.0,-0.061534,-0.004157
VOO,5,-0.092085,2020-06-01,2025-05-30,60,600000.0,849067.00522,1248833.762276,0.415112,1.08139,-0.320112,-0.218031,258.0,-0.245207,427.0,-0.074395,-0.01655
VOO,5,-0.073073,2020-07-01,2025-06-30,60,600000.0,881552.729124,1286493.385336,0.469255,1.144156,-0.314763,-0.216725,258.0,-0.245207,427.0,-0.084918,0.0
VOO,5,-0.019089,2020-08-03,2025-07-31,60,600000.0,890014.012904,1243492.221991,0.483357,1.072487,-0.284263,-0.215309,258.0,-0.245207,427.0,-0.095501,-0.014272
VOO,5,0.0,2020-09-01,2025-08-29,60,600000.0,897711.081725,1183003.773312,0.496185,0.971673,-0.24116,-0.214054,362.0,-0.245207,427.0,-0.104311,-0.081291
VOO,5,-0.054207,2020-10-01,2025-09-30,60,600000.0,919590.599664,1276607.524998,0.532651,1.127679,-0.279661,-0.213135,362.0,-0.245207,427.0,-0.110668,-0.031589
VOO,5,-0.073423,2020-11-02,2025-10-31,60,600000.0,930021.638033,1334276.615728,0.550036,1.223794,-0.302977,-0.212057,361.0,-0.245207,427.0,-0.119499,0.0
VOO,5,0.0,2020-12-01,2025-11-28,60,600000.0,919769.442683,1206017.565908,0.532949,1.010029,-0.23735,-0.210805,361.0,-0.245207,427.0,-0.130162,-0.003836
VOO,5,-0.013559,2021-01-04,2025-12-31,60,600000.0,910431.638943,1192372.09773,0.517386,0.987287,-0.236453,-0.209516,361.0,-0.245207,427.0,-0.136631,-0.008457
VOO,5,-0.021397,2021-02-01,2026-01-30,60,600000.0,913593.045697,1186075.751086,0.522655,0.976793,-0.229735,-0.208062,358.0,-0.245207,427.0,-0.14314,-0.027785
VOO,5,-0.008115,2021-03-01,2026-02-27,60,600000.0,896412.705699,1135849.091361,0.494021,0.893082,-0.210799,-0.206421,357.0,-0.245207,427.0,-0.149314,-0.061312
VOO,5,0.0,2021-04-01,2026-03-31,60,600000.0,843031.379433,1045851.555519,0.405052,0.743086,-0.193928,-0.204585,351.0,-0.245207,427.0,-0.154308,-0.090119
VOO,5,-0.004351,2021-05-03,2026-04-30,60,600000.0,923653.075874,1107208.07584,0.539422,0.845347,-0.165782,-0.202511,351.0,-0.245207,427.0,-0.158192,-0.12865
VOO,5,-0.005669,2021-06-01,2026-05-29,60,600000.0,963534.73037,1161521.366157,0.605891,0.935869,-0.170455,-0.200182,351.0,-0.245207,427.0,-0.160636,-0.13179
VOO,5,0.0,2021-07-01,2026-06-30,60,600000.0,944985.832385,1117766.862524,0.574976,0.862945,-0.154577,-0.197433,350.0,-0.245207,427.0,-0.164494,-0.156393
VOO,5,-0.007597,2021-08-02,2026-07-31,60,600000.0,936157.976552,1099202.342605,0.560263,0.832004,-0.14833,-0.194229,336.0,-0.245207,427.0,-0.166771,-0.170211
VOO,5,-0.000649,2021-09-01,2026-08-31,60,600000.0,952341.055071,1092660.935415,0.587235,0.821102,-0.12842,-0.190398,336.0,-0.245207,427.0,-0.168095,-0.196493
VOO,10,0.0,2010-09-09,2020-08-31,120,1200000.0,2478406.985269,4631498.041392,1.065339,2.859582,-0.46488,-0.339659,136.0,-0.33993,140.0,-0.105649,0.0
VOO,10,-0.002857,2010-10-01,2020-09-30,120,1200000.0,2357700.50988,4289504.582167,0.96475,2.574587,-0.450356,-0.339654,136.0,-0.33993,140.0,-0.114953,-0.02297
VOO,10,-0.00129,2010-11-01,2020-10-30,120,1200000.0,2272542.797661,4039908.304648,0.893786,2.36659,-0.437477,-0.33965,136.0,-0.33993,140.0,-0.123209,-0.05579
VOO,10,-0.01373,2010-12-01,2020-11-30,120,1200000.0,2494923.758747,4390566.580406,1.079103,2.658805,-0.431754,-0.339645,136.0,-0.33993,140.0,-0.132546,-0.075081
VOO,10,0.0,2011-01-03,2020-12-31,120,1200000.0,2560647.192175,4315730.797139,1.133873,2.596442,-0.406671,-0.339641,136.0,-0.33993,140.0,-0.141765,-0.123659
VOO,10,0.0,2011-02-01,2021-01-29,120,1200000.0,2508933.475424,4153019.952024,1.090778,2.46085,-0.395877,-0.339637,136.0,-0.33993,140.0,-0.146555,-0.147998
VOO,10,-0.027462,2011-03-01,2021-02-26,120,1200000.0,2552879.303355,4262194.799489,1.127399,2.551829,-0.401041,-0.339632,136.0,-0.33993,140.0,-0.148814,-0.149137
VOO,10,-0.005969,2011-04-01,2021-03-31,120,1200000.0,2642745.08735,4360825.894769,1.202288,2.634022,-0.393981,-0.339628,136.0,-0.33993,140.0,-0.151744,-0.167534
VOO,10,-0.002244,2011-05-02,2021-04-30,120,1200000.0,2754692.105347,4491200.377684,1.295577,2.742667,-0.386647,-0.339623,136.0,-0.33993,140.0,-0.15146,-0.185719
VOO,10,-0.033654,2011-06-01,2021-05-28,120,1200000.0,2745444.436607,4668131.754595,1.28787,2.89011,-0.411875,-0.339619,136.0,-0.33993,140.0,-0.144818,-0.159251
VOO,10,-0.013659,2011-07-01,2021-06-30,120,1200000.0,2777932.717421,4676842.896459,1.314944,2.897369,-0.406024,-0.339614,136.0,-0.33993,140.0,-0.145,-0.176294
VOO,10,-0.051664,2011-08-01,2021-07-30,120,1200000.0,2816172.796245,4983301.591758,1.346811,3.152751,-0.434878,-0.339609,136.0,-0.33993,140.0,-0.128205,-0.143285
VOO,10,-0.109475,2011-09-01,2021-08-31,120,1200000.0,2866861.727957,5463450.968083,1.389051,3.552876,-0.475265,-0.339604,136.0,-0.33993,140.0,-0.061664,-0.087668
VOO,10,-0.187546,2011-10-03,2021-09-30,120,1200000.0,2699279.373625,5709167.2345,1.249399,3.757639,-0.527203,-0.339598,136.0,-0.33993,140.0,0.0,0.0
VOO,10,-0.096373,2011-11-01,2021-10-29,120,1200000.0,2848921.666863,5494434.572993,1.374101,3.578695,-0.48149,-0.339592,136.0,-0.33993,140.0,-0.047491,-0.047491
VOO,10,-0.075159,2011-12-01,2021-11-30,120,1200000.0,2792456.324549,5328978.458055,1.327047,3.440815,-0.475987,-0.339586,136.0,-0.33993,140.0,-0.033123,-0.031168
VOO,10,-0.050241,2012-01-03,2021-12-31,120,1200000.0,2883943.386214,5425808.381362,1.403286,3.521507,-0.468477,-0.33958,136.0,-0.33993,140.0,-0.044871,0.0
VOO,10,-0.012935,2012-02-01,2022-01-31,120,1200000.0,2699372.262267,4947126.319027,1.249477,3.122605,-0.454356,-0.339574,136.0,-0.33993,140.0,-0.058175,-0.028032
VOO,10,0.0,2012-03-01,2022-02-28,120,1200000.0,2588559.554913,4616071.577649,1.157133,2.846726,-0.439229,-0.339567,136.0,-0.33993,140.0,-0.072257,-0.065214
VOO,10,0.0,2012-04-02,2022-03-31,120,1200000.0,2657256.652961,4630783.965436,1.214381,2.858987,-0.426176,-0.339561,136.0,-0.33993,140.0,-0.081598,-0.096471
VOO,10,-0.007859,2012-05-01,2022-04-29,120,1200000.0,2397730.750399,4257462.012691,0.998109,2.547885,-0.436817,-0.339555,136.0,-0.33993,140.0,-0.077975,-0.089313
VOO,10,-0.096163,2012-06-01,2022-05-31,120,1200000.0,2378327.689149,4685500.335601,0.98194,2.904584,-0.492407,-0.339549,136.0,-0.33993,140.0,-0.013907,-0.000341
VOO,10,-0.032558,2012-07-02,2022-06-30,120,1200000.0,2155203.847373,4015677.024438,0.796003,2.346398,-0.463302,-0.339542,136.0,-0.33993,140.0,-0.030553,-0.022418
VOO,10,-0.024657,2012-08-01,2022-07-29,120,1200000.0,2327730.69615,4349563.677285,0.939776,2.624636,-0.464836,-0.339535,136.0,-0.33993,140.0,-0.037947,-0.009071
VOO,10,-0.009834,2012-09-04,2022-08-31,120,1200000.0,2206486.267723,4074200.703227,0.838739,2.395167,-0.458425,-0.339527,136.0,-0.33993,140.0,-0.047572,-0.03183
VOO,10,-0.014852,2012-10-01,2022-09-30,120,1200000.0,1981737.640973,3591340.858891,0.651448,1.992784,-0.44819,-0.33952,136.0,-0.33993,140.0,-0.055444,-0.060115
VOO,10,-0.024548,2012-11-01,2022-10-31,120,1200000.0,2120783.165401,3921468.721329,0.767319,2.267891,-0.459187,-0.339513,136.0,-0.33993,140.0,-0.050772,-0.050772
VOO,10,-0.033798,2012-12-03,2022-11-30,120,1200000.0,2213647.149126,4176950.799845,0.844706,2.480792,-0.470033,-0.339505,136.0,-0.33993,140.0,-0.003384,-0.003384
VOO,10,0.0,2013-01-02,2022-12-30,120,1200000.0,2063364.329824,3790595.867843,0.71947,2.15883,-0.455662,-0.339497,136.0,-0.33993,140.0,-0.002395,-0.002395
VOO,10,0.0,2013-02-01,2023-01-31,120,1200000.0,2170248.499478,3888173.026893,0.80854,2.240144,-0.441833,-0.339489,136.0,-0.33993,140.0,-0.014302,-0.014302
VOO,10,-0.006986,2013-03-01,2023-02-28,120,1200000.0,2094079.617648,3767625.666553,0.745066,2.139688,-0.444191,-0.339481,136.0,-0.33993,140.0,0.0,0.0
VOO,10,-0.002791,2013-04-01,2023-03-31,120,1200000.0,2149617.434586,3791529.087702,0.791348,2.159608,-0.433047,-0.339472,136.0,-0.33993,140.0,-0.014138,-0.014138
VOO,10,-0.009024,2013-05-01,2023-04-28,120,1200000.0,2161819.725791,3796551.099027,0.801516,2.163793,-0.430583,-0.339464,136.0,-0.33993,140.0,-0.021063,-0.002838
VOO,10,-0.017115,2013-06-03,2023-05-31,120,1200000.0,2150495.660698,3675385.290852,0.79208,2.062821,-0.414892,-0.339455,136.0,-0.33993,140.0,-0.039288,-0.039288
VOO,10,-0.029731,2013-07-01,2023-06-30,120,1200000.0,2268418.45681,3965550.216069,0.890349,2.304625,-0.427969,-0.339447,136.0,-0.33993,140.0,-0.024964,-0.001489
VOO,10,0.0,2013-08-01,2023-07-31,120,1200000.0,2319227.53926,3871753.745754,0.93269,2.226461,-0.400988,-0.339438,136.0,-0.33993,140.0,-0.042983,-0.042983
VOO,10,-0.038319,2013-09-03,2023-08-31,120,1200000.0,2259591.927634,3954400.651681,0.882993,2.295334,-0.428588,-0.339429,136.0,-0.33993,140.0,-0.036948,0.0
VOO,10,-0.016644,2013-10-01,2023-09-29,120,1200000.0,2130513.489351,3636859.170773,0.775428,2.030716,-0.414189,-0.339419,136.0,-0.33993,140.0,-0.04392,-0.022941
VOO,10,-0.006466,2013-11-01,2023-10-31,120,1200000.0,2064370.445111,3422022.817804,0.720309,1.851686,-0.39674,-0.33941,136.0,-0.33993,140.0,-0.049954,-0.006756
VOO,10,-0.003013,2013-12-02,2023-11-30,120,1200000.0,2233347.896292,3643252.17503,0.861123,2.036043,-0.386991,-0.3394,136.0,-0.33993,140.0,-0.054844,-0.029991
VOO,10,-0.008986,2014-01-02,2023-12-29,120,1200000.0,2314250.798907,3739943.171497,0.928542,2.116619,-0.381207,-0.339391,136.0,-0.33993,140.0,-0.059078,-0.047843
VOO,10,-0.056678,2014-02-03,2024-01-31,120,1200000.0,2330003.072346,3990991.12492,0.941669,2.325826,-0.416184,-0.339381,136.0,-0.33993,140.0,-0.062875,0.0
VOO,10,-0.006857,2014-03-03,2024-02-29,120,1200000.0,2426721.710139,3954747.477801,1.022268,2.295623,-0.386378,-0.33937,136.0,-0.33993,140.0,-0.069157,-0.014405
VOO,10,0.0,2014-04-01,2024-03-28,120,1200000.0,2482513.427281,3994252.430628,1.068761,2.328544,-0.378479,-0.33936,136.0,-0.33993,140.0,-0.073236,-0.036174
VOO,10,-0.002831,2014-05-01,2024-04-30,120,1200000.0,2360656.340766,3831910.886149,0.967214,2.193259,-0.383948,-0.339349,136.0,-0.33993,140.0,-0.076656,-0.008227
VOO,10,0.0,2014-06-02,2024-05-31,120,1200000.0,2456294.819366,3929108.308189,1.046912,2.274257,-0.374847,-0.339338,136.0,-0.33993,140.0,-0.080375,-0.025367
VOO,10,0.0,2014-07-01,2024-06-28,120,1200000.0,2520349.521411,3963585.135842,1.100291,2.302988,-0.364124,-0.339327,136.0,-0.33993,140.0,-0.08328,-0.050679
VOO,10,-0.030854,2014-08-01,2024-07-31,120,1200000.0,2526257.861415,4104038.849271,1.105215,2.420032,-0.384446,-0.339316,136.0,-0.33993,140.0,-0.085153,-0.028308
VOO,10,-0.000272,2014-09-02,2024-08-30,120,1200000.0,2562088.480294,4032984.642556,1.135074,2.360821,-0.364717,-0.339304,136.0,-0.33993,140.0,-0.088481,-0.067452
VOO,10,-0.032271,2014-10-01,2024-09-30,120,1200000.0,2593935.905968,4232857.144644,1.161613,2.527381,-0.38719,-0.339292,136.0,-0.33993,140.0,-0.089891,-0.042083
VOO,10,0.0,2014-11-03,2024-10-31,120,1200000.0,2544416.179047,4038215.605084,1.120347,2.36518,-0.369916,-0.339279,136.0,-0.33993,140.0,-0.093068,-0.074479
VOO,10,-0.00898,2014-12-01,2024-11-29,120,1200000.0,2669166.089888,4192424.544673,1.224305,2.493687,-0.363336,-0.339267,136.0,-0.33993,140.0,-0.094308,-0.092574
VOO,10,-0.015777,2015-01-02,2024-12-31,120,1200000.0,2582495.597852,4101759.391702,1.15208,2.418133,-0.370393,-0.339254,136.0,-0.33993,140.0,-0.095648,-0.090985
VOO,10,-0.033068,2015-02-02,2025-01-31,120,1200000.0,2627282.419231,4287624.210518,1.189402,2.57302,-0.387241,-0.33924,136.0,-0.33993,140.0,-0.09781,-0.074729
VOO,10,0.0,2015-03-02,2025-02-28,120,1200000.0,2568705.73128,4029191.568955,1.140588,2.35766,-0.362476,-0.339226,135.0,-0.33993,140.0,-0.103433,-0.119358
VOO,10,-0.025288,2015-04-01,2025-03-31,120,1200000.0,2402563.114863,3901904.593461,1.002136,2.251587,-0.384259,-0.339211,135.0,-0.33993,140.0,-0.102277,-0.09651
VOO,10,-0.004537,2015-05-01,2025-04-30,120,1200000.0,2360698.419157,3779852.600168,0.967249,2.149877,-0.375452,-0.339196,135.0,-0.33993,140.0,-0.106321,-0.117612
VOO,10,-0.008943,2015-06-01,2025-05-30,120,1200000.0,2486065.24901,3999888.099073,1.071721,2.33324,-0.378466,-0.339181,135.0,-0.33993,140.0,-0.105946,-0.121434
VOO,10,-0.023151,2015-07-01,2025-06-30,120,1200000.0,2590062.121281,4267980.907013,1.158385,2.556651,-0.393141,-0.339165,135.0,-0.33993,140.0,-0.103262,-0.108655
VOO,10,-0.013286,2015-08-03,2025-07-31,120,1200000.0,2623146.521391,4318376.256764,1.185955,2.598647,-0.392562,-0.339148,135.0,-0.33993,140.0,-0.108136,-0.118293
VOO,10,-0.099312,2015-09-01,2025-08-29,120,1200000.0,2651239.035865,4829028.682459,1.209366,3.024191,-0.450979,-0.33913,135.0,-0.33993,140.0,-0.079077,-0.03408
VOO,10,-0.091325,2015-10-01,2025-09-30,120,1200000.0,2714106.357022,4956477.900277,1.261755,3.130398,-0.452412,-0.33911,135.0,-0.33993,140.0,-0.088077,-0.042571
VOO,10,-0.005614,2015-11-02,2025-10-31,120,1200000.0,2746990.064572,4637683.786534,1.289158,2.864736,-0.407681,-0.339089,135.0,-0.33993,140.0,-0.100199,-0.125096
VOO,10,-0.003551,2015-12-01,2025-11-28,120,1200000.0,2724262.695125,4638196.134265,1.270219,2.865163,-0.412646,-0.339069,135.0,-0.33993,140.0,-0.094586,-0.126907
VOO,10,-0.043838,2016-01-04,2025-12-31,120,1200000.0,2697779.75618,4837427.825749,1.24815,3.03119,-0.442311,-0.339047,135.0,-0.33993,140.0,-0.07626,-0.09012
VOO,10,-0.0787,2016-02-01,2026-01-30,120,1200000.0,2706112.629927,5093246.475639,1.255094,3.244372,-0.468686,-0.339024,135.0,-0.33993,140.0,-0.081901,-0.05569
VOO,10,-0.057119,2016-03-01,2026-02-27,120,1200000.0,2651846.787261,4936150.130726,1.209872,3.113458,-0.46277,-0.338999,135.0,-0.33993,140.0,-0.088703,0.0
VOO,10,-0.010229,2016-04-01,2026-03-31,120,1200000.0,2489457.998957,4466802.465737,1.074548,2.722335,-0.442676,-0.338972,135.0,-0.33993,140.0,-0.095192,-0.030591
VOO,10,-0.01012,2016-05-02,2026-04-30,120,1200000.0,2721865.728137,4913109.467589,1.268221,3.094258,-0.445999,-0.338946,135.0,-0.33993,140.0,-0.100725,-0.03547
VOO,10,0.0,2016-06-01,2026-05-29,120,1200000.0,2833100.707211,5114565.115006,1.360917,3.262138,-0.446072,-0.338918,135.0,-0.33993,140.0,-0.10637,-0.04632
VOO,10,-0.006556,2016-07-01,2026-06-30,120,1200000.0,2773556.076842,5048102.596991,1.311297,3.206752,-0.450575,-0.338889,135.0,-0.33993,140.0,-0.111977,-0.00701
VOO,10,-0.001405,2016-08-01,2026-07-31,120,1200000.0,2740869.692117,4883388.188193,1.284058,3.06949,-0.438736,-0.338859,135.0,-0.33993,140.0,-0.11775,-0.033732
VOO,10,-0.007809,2016-09-01,2026-08-31,120,1200000.0,2782023.434416,5002303.440868,1.318353,3.168586,-0.443852,-0.338827,135.0,-0.33993,140.0,-0.12293,-0.035815
VTI,1,0.0,2010-09-09,2011-08-31,12,120000.0,117074.616782,136006.409475,-0.024378,0.133387,-0.139198,-0.180258,,-0.185373,,-0.108762,0.0
VTI,1,0.0,2010-10-01,2011-09-30,12,120000.0,107082.560042,120409.762611,-0.107645,0.003415,-0.110682,-0.179883,,-0.185373,,-0.121864,-0.008869
VTI,1,-0.000658,2010-11-01,2011-10-31,12,120000.0,119595.818074,129457.74263,-0.003368,0.078815,-0.076179,-0.179438,,-0.203041,,-0.134691,-0.063338
VTI,1,-0.009533,2010-12-01,2011-11-30,12,120000.0,118636.342595,125643.463909,-0.011364,0.047029,-0.05577,-0.1789,,-0.203041,,-0.143294,-0.087528
VTI,1,0.0,2011-01-03,2011-12-30,12,120000.0,119320.698722,119924.843611,-0.005661,-0.000626,-0.005038,-0.178229,,-0.203041,,-0.152794,-0.137487
VTI,1,0.0,2011-02-01,2012-01-31,12,120000.0,125230.172137,122730.862118,0.043585,0.022757,0.020364,-0.177397,155.0,-0.203041,,-0.157712,-0.159898
VTI,1,-0.028617,2011-03-01,2012-02-29,12,120000.0,130156.835352,127529.5309,0.08464,0.062746,0.020602,-0.176305,150.0,-0.203041,128.0,-0.160452,-0.162385
VTI,1,-0.003035,2011-04-01,2012-03-30,12,120000.0,133424.506125,128068.985702,0.111871,0.067242,0.041817,-0.174765,80.0,-0.203041,128.0,-0.163779,-0.183879
VTI,1,-0.001698,2011-05-02,2012-04-30,12,120000.0,131823.874552,124477.207478,0.098532,0.03731,0.05902,-0.172495,80.0,-0.201686,127.0,-0.163277,-0.201686
VTI,1,-0.033098,2011-06-01,2012-05-31,12,120000.0,123207.448808,120518.438307,0.026729,0.00432,0.022312,-0.168801,77.0,-0.201449,127.0,-0.156374,-0.17576
VTI,1,-0.014493,2011-07-01,2012-06-29,12,120000.0,128420.771699,123026.34366,0.070173,0.02522,0.043848,-0.161137,74.0,-0.201449,127.0,-0.155817,-0.191321
VTI,1,-0.054692,2011-08-01,2012-07-31,12,120000.0,129262.875378,129380.475791,0.077191,0.078171,-0.000909,-0.138242,63.0,-0.156932,99.0,-0.138242,-0.156932
VTI,1,-0.118328,2011-09-01,2012-08-31,12,120000.0,131994.10418,142467.200911,0.099951,0.187227,-0.073512,-0.093598,39.0,-0.105165,11.0,-0.066055,-0.096082
VTI,1,-0.203041,2011-10-03,2012-09-28,12,120000.0,133370.758985,161537.484741,0.111423,0.346146,-0.174366,-0.093598,28.0,-0.10059,74.0,-0.001843,0.0
VTI,1,-0.106509,2011-11-01,2012-10-31,12,120000.0,127546.063197,141483.267598,0.062884,0.179027,-0.098508,-0.093598,12.0,-0.10059,74.0,-0.049704,-0.049704
VTI,1,-0.085518,2011-12-01,2012-11-30,12,120000.0,126604.34845,139306.049803,0.055036,0.160884,-0.091178,-0.087307,80.0,-0.10059,74.0,-0.037231,-0.033572
VTI,1,-0.063514,2012-01-03,2012-12-31,12,120000.0,126656.141025,137791.504671,0.055468,0.148263,-0.080813,-0.087041,77.0,-0.10059,74.0,-0.049046,0.0
VTI,1,-0.018564,2012-02-01,2013-01-31,12,120000.0,131693.959052,138603.699417,0.09745,0.155031,-0.049852,-0.086638,70.0,-0.10059,74.0,-0.063273,-0.036857
VTI,1,0.0,2012-03-01,2013-02-28,12,120000.0,131714.090218,135215.825015,0.097617,0.126799,-0.025897,-0.085976,46.0,-0.10059,74.0,-0.076388,-0.072288
VTI,1,0.0,2012-04-02,2013-03-28,12,120000.0,135573.003231,136266.953147,0.129775,0.135558,-0.005093,-0.084666,45.0,-0.10059,74.0,-0.084666,-0.10059
VTI,1,-0.008372,2012-05-01,2013-04-30,12,120000.0,136426.822323,139623.873134,0.13689,0.163532,-0.022898,-0.080819,28.0,-0.092997,72.0,-0.080819,-0.092997
VTI,1,-0.099767,2012-06-01,2013-05-31,12,120000.0,138190.751442,157557.098068,0.15159,0.312976,-0.122916,-0.070277,33.0,-0.076714,48.0,-0.014274,-0.000914
VTI,1,-0.03603,2012-07-02,2013-06-28,12,120000.0,133080.931898,145025.485874,0.109008,0.208546,-0.082362,-0.068847,33.0,-0.076714,48.0,-0.030732,-0.022035
VTI,1,-0.034099,2012-08-01,2013-07-31,12,120000.0,138434.609751,153051.681626,0.153622,0.275431,-0.095504,-0.067116,33.0,-0.076714,48.0,-0.037764,-0.006854
VTI,1,-0.006471,2012-09-04,2013-08-30,12,120000.0,131445.736303,144031.307914,0.095381,0.200261,-0.087381,-0.065498,33.0,-0.076714,48.0,-0.048821,-0.033978
VTI,1,-0.018018,2012-10-01,2013-09-30,12,120000.0,134435.321094,145648.789043,0.120294,0.21374,-0.07699,-0.062279,26.0,-0.071725,48.0,-0.056242,-0.059772
VTI,1,-0.025338,2012-11-01,2013-10-31,12,120000.0,137853.386941,153004.087338,0.148778,0.275034,-0.099022,-0.054936,17.0,-0.056942,17.0,-0.052711,-0.052711
VTI,1,-0.034256,2012-12-03,2013-11-29,12,120000.0,138741.054504,158590.486162,0.156175,0.321587,-0.125162,-0.054626,16.0,-0.056942,17.0,-0.001378,-0.001378
VTI,1,0.0,2013-01-02,2013-12-31,12,120000.0,139251.665608,156175.672059,0.160431,0.301464,-0.108365,-0.054197,15.0,-0.056942,17.0,-0.00173,-0.00173
VTI,1,0.0,2013-02-01,2014-01-31,12,120000.0,132004.828895,145681.036818,0.10004,0.214009,-0.093878,-0.053605,15.0,-0.056942,17.0,-0.014487,-0.014487
VTI,1,-0.009098,2013-03-01,2014-02-28,12,120000.0,136436.604299,151952.33961,0.136972,0.266269,-0.102109,-0.053002,11.0,-0.057271,21.0,-0.000729,0.0
VTI,1,-0.005312,2013-04-01,2014-03-31,12,120000.0,134529.114257,148049.354054,0.121076,0.233745,-0.091323,-0.052563,11.0,-0.057271,21.0,-0.016267,-0.016267
VTI,1,-0.010212,2013-05-01,2014-04-30,12,120000.0,132195.627601,146521.142293,0.10163,0.22101,-0.097771,-0.052042,11.0,-0.057271,21.0,-0.020285,-0.001462
VTI,1,-0.018559,2013-06-03,2014-05-30,12,120000.0,132714.656087,143960.644826,0.105955,0.199672,-0.078118,-0.051399,11.0,-0.057271,21.0,-0.039109,-0.039109
VTI,1,-0.028506,2013-07-01,2014-06-30,12,120000.0,134131.907577,149246.649381,0.117766,0.243722,-0.101274,-0.050611,11.0,-0.057271,21.0,-0.013244,-0.001079
VTI,1,0.0,2013-08-01,2014-07-31,12,120000.0,128997.95189,137727.66158,0.074983,0.147731,-0.063384,-0.049567,10.0,-0.057271,21.0,-0.042923,-0.042923
VTI,1,-0.038158,2013-09-03,2014-08-29,12,120000.0,132839.943255,149050.9443,0.107,0.242091,-0.108761,-0.048232,10.0,-0.057271,21.0,-0.004878,0.0
VTI,1,-0.012261,2013-10-01,2014-09-30,12,120000.0,127677.135379,139951.328422,0.063976,0.166261,-0.087703,-0.046247,10.0,-0.057271,21.0,-0.025675,-0.025675
VTI,1,-0.007484,2013-11-01,2014-10-31,12,120000.0,129611.565169,138923.103896,0.080096,0.157693,-0.067027,-0.072936,16.0,-0.075663,16.0,-0.019048,-0.00907
VTI,1,-0.003511,2013-12-02,2014-11-28,12,120000.0,131204.360213,139100.675683,0.09337,0.159172,-0.056767,-0.072668,16.0,-0.075663,16.0,-0.024188,-0.026498
VTI,1,-0.008757,2014-01-02,2014-12-31,12,120000.0,129648.074572,136252.403005,0.080401,0.135437,-0.048471,-0.07235,16.0,-0.075663,16.0,-0.028082,-0.046067
VTI,1,-0.057271,2014-02-03,2015-01-30,12,120000.0,124791.145682,138924.525488,0.039926,0.157704,-0.101734,-0.071964,16.0,-0.075663,16.0,-0.020699,0.0
VTI,1,-0.007289,2014-03-03,2015-02-27,12,120000.0,130171.384102,137800.897166,0.084762,0.148341,-0.055366,-0.07145,16.0,-0.075663,16.0,-0.032132,-0.020974
VTI,1,0.0,2014-04-01,2015-03-31,12,120000.0,127131.163687,133479.688839,0.059426,0.112331,-0.047562,-0.070819,16.0,-0.075663,16.0,-0.040517,-0.040517
VTI,1,-0.009945,2014-05-01,2015-04-30,12,120000.0,126802.065696,135223.442852,0.056684,0.126862,-0.062277,-0.069985,16.0,-0.075663,16.0,-0.040975,-0.008866
VTI,1,0.0,2014-06-02,2015-05-29,12,120000.0,127070.030044,134037.681614,0.058917,0.116981,-0.051983,-0.068795,16.0,-0.075663,16.0,-0.047397,-0.03014
VTI,1,0.0,2014-07-01,2015-06-30,12,120000.0,123767.32119,127665.390594,0.031394,0.063878,-0.030533,-0.067023,15.0,-0.075663,16.0,-0.051711,-0.060513
VTI,1,-0.03389,2014-08-01,2015-07-31,12,120000.0,125156.373382,133764.573406,0.04297,0.114705,-0.064353,-0.064143,15.0,-0.075663,16.0,-0.048778,-0.032089
VTI,1,0.0,2014-09-02,2015-08-31,12,120000.0,116489.049858,120215.128893,-0.029258,0.001793,-0.030995,-0.1178,,-0.12061,,-0.079215,-0.073707
VTI,1,-0.03661,2014-10-01,2015-09-30,12,120000.0,113360.251211,120880.231643,-0.055331,0.007335,-0.06221,-0.117535,,-0.12061,,-0.081892,-0.040537
VTI,1,0.0,2014-11-03,2015-10-30,12,120000.0,122227.524649,125217.185749,0.018563,0.043477,-0.023876,-0.117201,,-0.12061,,-0.088508,-0.05517
VTI,1,-0.011965,2014-12-01,2015-11-30,12,120000.0,122393.984108,124038.84759,0.01995,0.033657,-0.013261,-0.11706,69.0,-0.12061,,-0.092212,-0.06965
VTI,1,-0.015522,2015-01-02,2015-12-31,12,120000.0,119374.195816,120517.058501,-0.005215,0.004309,-0.009483,-0.116889,64.0,-0.12061,,-0.095033,-0.076454
VTI,1,-0.030951,2015-02-02,2016-01-29,12,120000.0,112643.901889,115427.759923,-0.061301,-0.038102,-0.024118,-0.118999,,-0.134295,,-0.098628,-0.076351
VTI,1,0.0,2015-03-02,2016-02-29,12,120000.0,113011.3704,109702.552729,-0.058239,-0.085812,0.030162,-0.12973,,-0.151349,,-0.113411,-0.139369
VTI,1,-0.020123,2015-04-01,2016-03-31,12,120000.0,121716.49188,119838.855797,0.014304,-0.001343,0.015668,-0.128844,,-0.151349,,-0.111051,-0.122255
VTI,1,-0.008648,2015-05-01,2016-04-29,12,120000.0,122468.251111,118578.509879,0.020569,-0.011846,0.032803,-0.127761,50.0,-0.151349,,-0.109931,-0.137166
VTI,1,-0.008416,2015-06-01,2016-05-31,12,120000.0,124634.417096,119886.564388,0.03862,-0.000945,0.039603,-0.126463,48.0,-0.151349,,-0.106904,-0.14252
VTI,1,-0.022921,2015-07-01,2016-06-30,12,120000.0,124957.705869,121767.668183,0.041314,0.014731,0.026198,-0.124858,48.0,-0.149212,117.0,-0.103011,-0.131441
VTI,1,-0.016299,2015-08-03,2016-07-29,12,120000.0,129751.70291,125756.103724,0.081264,0.047968,0.031773,-0.12278,47.0,-0.140458,106.0,-0.10604,-0.137287
VTI,1,-0.100111,2015-09-01,2016-08-31,12,120000.0,129552.445845,137752.35955,0.079604,0.147936,-0.059526,-0.120044,36.0,-0.139673,69.0,-0.091815,-0.056938
VTI,1,-0.098175,2015-10-01,2016-09-30,12,120000.0,128322.705002,137730.284555,0.069356,0.147752,-0.068304,-0.115822,35.0,-0.139673,69.0,-0.098791,-0.058963
VTI,1,-0.016033,2015-11-02,2016-10-31,12,120000.0,124095.061547,123465.890326,0.034126,0.028882,0.005096,-0.109305,34.0,-0.139673,69.0,-0.108748,-0.137521
VTI,1,-0.013754,2015-12-01,2016-11-30,12,120000.0,129444.41639,128712.344185,0.078703,0.072603,0.005688,-0.101602,47.0,-0.139514,68.0,-0.101602,-0.139514
VTI,1,-0.058012,2016-01-04,2016-12-30,12,120000.0,131317.878299,137436.894042,0.094316,0.145307,-0.044522,-0.083034,41.0,-0.101097,29.0,-0.080981,-0.099085
VTI,1,-0.098263,2016-02-01,2017-01-31,12,120000.0,132197.566776,146235.931544,0.101646,0.218633,-0.095998,-0.058888,11.0,-0.058888,11.0,-0.058871,-0.058871
VTI,1,-0.077083,2016-03-01,2017-02-28,12,120000.0,134815.906852,148159.267092,0.123466,0.234661,-0.090061,-0.058888,11.0,-0.058888,11.0,-0.022885,0.0
VTI,1,-0.028365,2016-04-01,2017-03-31,12,120000.0,132409.564413,140808.282935,0.103413,0.173402,-0.059646,-0.058888,11.0,-0.058888,11.0,-0.037963,-0.02891
VTI,1,-0.020535,2016-05-02,2017-04-28,12,120000.0,132090.036439,141167.877672,0.10075,0.176399,-0.064305,-0.058888,11.0,-0.058888,11.0,-0.04249,-0.036672
VTI,1,-0.00856,2016-06-01,2017-05-31,12,120000.0,131617.794019,140873.26657,0.096815,0.173944,-0.065701,-0.058888,11.0,-0.058888,11.0,-0.048308,-0.048308
VTI,1,-0.009147,2016-07-01,2017-06-30,12,120000.0,131015.812796,141924.957582,0.091798,0.182708,-0.076866,-0.039037,6.0,-0.048247,11.0,-0.025061,-0.007451
VTI,1,-0.001346,2016-08-01,2017-07-31,12,120000.0,131593.317681,139525.568847,0.096611,0.162713,-0.056852,-0.036633,5.0,-0.048247,11.0,-0.031188,-0.035587
VTI,1,-0.006758,2016-09-01,2017-08-31,12,120000.0,130140.456449,139184.236096,0.084504,0.159869,-0.064977,-0.032723,5.0,-0.048247,11.0,-0.029721,-0.039386
VTI,1,-0.010815,2016-10-03,2017-09-29,12,120000.0,131654.953908,142809.7433,0.097125,0.190081,-0.078109,-0.025547,4.0,-0.03914,6.0,-0.024889,-0.037841
VTI,1,-0.03675,2016-11-01,2017-10-31,12,120000.0,132515.858803,149836.5411,0.104299,0.248638,-0.115597,-0.024786,12.0,-0.027144,13.0,-0.011936,-0.011936
VTI,1,-0.010825,2016-12-01,2017-11-30,12,120000.0,133961.173242,147251.515318,0.116343,0.227096,-0.090256,-0.02462,24.0,-0.027144,13.0,0.0,0.0
VTI,1,-0.005733,2017-01-03,2017-12-29,12,120000.0,133239.278897,144354.574339,0.110327,0.202955,-0.077,-0.024584,24.0,-0.027144,13.0,0.0,0.0
VTI,1,-0.009028,2017-02-01,2018-01-31,12,120000.0,137999.921815,150289.58034,0.149999,0.252413,-0.081773,-0.024538,24.0,-0.027144,13.0,-0.005606,0.0
VTI,1,0.0,2017-03-01,2018-02-28,12,120000.0,130386.42911,137620.548407,0.086554,0.146838,-0.052566,-0.097263,,-0.098393,,-0.02332,-0.027144
VTI,1,-0.015182,2017-04-03,2018-03-29,12,120000.0,126504.947963,136998.752978,0.054208,0.141656,-0.076598,-0.097154,,-0.098393,,-0.012147,-0.012147
VTI,1,-0.000732,2017-05-01,2018-04-30,12,120000.0,125884.61788,135476.313345,0.049038,0.128969,-0.0708,-0.097019,,-0.098393,,-0.014561,-0.014561
VTI,1,0.0,2017-06-01,2018-05-31,12,120000.0,127969.774186,136858.541918,0.066415,0.140488,-0.064949,-0.096854,,-0.098393,,-0.009475,-0.006163
VTI,1,-0.007487,2017-07-03,2018-06-29,12,120000.0,127351.454828,137464.44875,0.061262,0.145537,-0.073568,-0.096649,118.0,-0.098393,,-0.013341,-0.008738
VTI,1,-0.002591,2017-08-01,2018-07-31,12,120000.0,130048.841491,139454.978408,0.08374,0.162125,-0.067449,-0.09638,118.0,-0.098393,167.0,-0.022353,-0.022353
VTI,1,-0.000863,2017-09-01,2018-08-31,12,120000.0,132847.844005,143992.218206,0.107065,0.199935,-0.077396,-0.096022,117.0,-0.098393,167.0,-0.011729,-0.0077
VTI,1,0.0,2017-10-02,2018-09-28,12,120000.0,131119.145395,140422.466097,0.09266,0.170187,-0.066252,-0.095511,116.0,-0.098393,167.0,-0.024074,0.0
VTI,1,-0.001508,2017-11-01,2018-10-31,12,120000.0,119812.395596,127817.230418,-0.001563,0.065144,-0.062627,-0.103074,,-0.1034,,-0.035582,-0.005663
VTI,1,-0.00198,2017-12-01,2018-11-30,12,120000.0,121446.122657,126912.53478,0.012051,0.057604,-0.043072,-0.103042,,-0.1034,,-0.049001,-0.022126
VTI,1,0.0,2018-01-02,2018-12-31,12,120000.0,109674.052581,112920.173495,-0.08605,-0.058999,-0.028747,-0.192145,,-0.200464,,-0.142836,-0.117466
VTI,1,-0.016955,2018-02-01,2019-01-31,12,120000.0,119672.419444,117342.808441,-0.00273,-0.022143,0.019853,-0.191355,,-0.200464,,-0.145142,-0.155061
VTI,1,-0.064755,2018-03-01,2019-02-28,12,120000.0,124145.715153,127729.665517,0.034548,0.064414,-0.028059,-0.190445,,-0.200464,,-0.14415,-0.111876
VTI,1,-0.093227,2018-04-02,2019-03-29,12,120000.0,125183.806747,133606.629996,0.043198,0.113389,-0.063042,-0.189269,81.0,-0.200464,,-0.147736,-0.083989
VTI,1,-0.066495,2018-05-01,2019-04-30,12,120000.0,128799.682642,134874.596455,0.073331,0.123955,-0.045041,-0.187726,67.0,-0.200464,120.0,-0.155705,-0.11022
VTI,1,-0.032584,2018-06-01,2019-05-31,12,120000.0,119402.90015,121752.547144,-0.004976,0.014605,-0.019299,-0.185758,60.0,-0.200464,120.0,-0.162203,-0.14141
VTI,1,-0.033495,2018-07-02,2019-06-28,12,120000.0,127719.314711,130493.220166,0.064328,0.087444,-0.021257,-0.183181,57.0,-0.200464,120.0,-0.165668,-0.140601
VTI,1,-0.011662,2018-08-01,2019-07-31,12,120000.0,128565.427023,128546.754637,0.071379,0.071223,0.000145,-0.179505,53.0,-0.200464,120.0,-0.170682,-0.165211
VTI,1,-0.005112,2018-09-04,2019-08-30,12,120000.0,125281.979957,121720.372213,0.044016,0.014336,0.029261,-0.174047,50.0,-0.200464,120.0,-0.172049,-0.192729
VTI,1,-0.004722,2018-10-01,2019-09-30,12,120000.0,127431.869981,123281.177535,0.061932,0.027343,0.033669,-0.165156,42.0,-0.196671,109.0,-0.165156,-0.196671
VTI,1,-0.069467,2018-11-01,2019-10-31,12,120000.0,129971.37843,134635.825783,0.083095,0.121965,-0.034645,-0.160748,38.0,-0.163404,58.0,-0.149399,-0.140777
VTI,1,-0.050409,2018-12-03,2019-11-29,12,120000.0,133518.66753,136931.07666,0.112656,0.141092,-0.024921,-0.158021,24.0,-0.158021,53.0,-0.158021,-0.158021
VTI,1,-0.146828,2019-01-02,2019-12-31,12,120000.0,135906.166311,156679.552914,0.132551,0.305663,-0.132585,-0.065989,18.0,-0.067848,17.0,-0.023174,-0.023174
VTI,1,-0.073353,2019-02-01,2020-01-31,12,120000.0,132685.977453,144168.161403,0.105716,0.201401,-0.079644,-0.065989,18.0,-0.067848,17.0,-0.024341,0.0
VTI,1,-0.035347,2019-03-01,2020-02-28,12,120000.0,120139.179491,127410.398079,0.00116,0.061753,-0.057069,-0.126213,,-0.126213,,-0.038992,-0.02375
VTI,1,-0.016902,2019-04-01,2020-03-31,12,120000.0,102582.79781,107659.991499,-0.145143,-0.102833,-0.04716,-0.345251,,-0.350003,,-0.261546,-0.224997
VTI,1,-0.007447,2019-05-01,2020-04-30,12,120000.0,117766.038804,119449.237428,-0.018616,-0.00459,-0.014091,-0.344792,,-0.350003,,-0.264868,-0.23995
VTI,1,-0.067848,2019-06-03,2020-05-29,12,120000.0,124468.960254,133839.154978,0.037241,0.115326,-0.070011,-0.344247,,-0.350003,,-0.26736,-0.19199
VTI,1,0.0,2019-07-01,2020-06-30,12,120000.0,126080.945822,126715.265927,0.050675,0.055961,-0.005006,-0.343526,74.0,-0.350003,,-0.275735,-0.252184
VTI,1,-0.023379,2019-08-01,2020-07-31,12,120000.0,132669.285588,134303.88983,0.105577,0.119199,-0.012171,-0.342678,74.0,-0.350003,,-0.278678,-0.250448
VTI,1,-0.04106,2019-09-03,2020-08-31,12,120000.0,140726.253804,146498.159374,0.172719,0.220818,-0.039399,-0.34157,74.0,-0.350003,142.0,-0.282711,-0.236629
VTI,1,-0.03042,2019-10-01,2020-09-30,12,120000.0,133533.211232,139764.901967,0.112777,0.164708,-0.044587,-0.340035,72.0,-0.350003,142.0,-0.290392,-0.245006
VTI,1,0.0,2019-11-01,2020-10-30,12,120000.0,129234.095696,131060.347371,0.076951,0.09217,-0.013934,-0.337846,72.0,-0.350003,142.0,-0.299469,-0.277951
VTI,1,-0.0135,2019-12-02,2020-11-30,12,120000.0,143341.927252,143997.51257,0.194516,0.199979,-0.004553,-0.334615,70.0,-0.350003,142.0,-0.304848,-0.290428
VTI,1,0.0,2020-01-02,2020-12-31,12,120000.0,147820.539058,144093.606021,0.231838,0.20078,0.025865,-0.329173,64.0,-0.350003,142.0,-0.309655,-0.321675
VTI,1,-0.022517,2020-02-03,2021-01-29,12,120000.0,145469.708098,143629.90134,0.212248,0.196916,0.012809,-0.318537,37.0,-0.350003,142.0,-0.303644,-0.321593
VTI,1,-0.090027,2020-03-02,2021-02-26,12,120000.0,147832.464388,155977.449704,0.231937,0.299812,-0.052219,-0.294966,17.0,-0.294966,72.0,-0.285696,-0.285696
VTI,1,-0.282275,2020-04-01,2021-03-31,12,120000.0,149858.227484,204971.136686,0.248819,0.708093,-0.268881,-0.091591,19.0,-0.091591,47.0,0.0,0.0
VTI,1,-0.172246,2020-05-01,2021-04-30,12,120000.0,149838.286683,186676.601617,0.248652,0.555638,-0.197338,-0.091591,19.0,-0.091591,47.0,-0.002539,-0.002539
VTI,1,-0.096714,2020-06-01,2021-05-28,12,120000.0,144922.307542,171847.038632,0.207686,0.432059,-0.156678,-0.091591,19.0,-0.091591,47.0,-0.018611,-0.018611
VTI,1,-0.076829,2020-07-01,2021-06-30,12,120000.0,144087.206948,172318.801736,0.200727,0.43599,-0.163834,-0.091591,19.0,-0.091591,47.0,-0.015872,0.0
VTI,1,-0.021008,2020-08-03,2021-07-30,12,120000.0,142099.167331,165315.5174,0.18416,0.377629,-0.140437,-0.091591,19.0,-0.091591,47.0,-0.046674,-0.013895
VTI,1,0.0,2020-09-01,2021-08-31,12,120000.0,142291.424855,158736.709766,0.185762,0.322806,-0.103601,-0.091591,16.0,-0.091591,47.0,-0.079452,-0.079452
VTI,1,-0.048585,2020-10-01,2021-09-30,12,120000.0,132838.578372,157292.750445,0.106988,0.310773,-0.155469,-0.07202,5.0,-0.07202,10.0,-0.027601,-0.027601
VTI,1,-0.065206,2020-11-02,2021-10-29,12,120000.0,138261.449915,170795.233734,0.152179,0.423294,-0.190484,-0.049533,19.0,-0.050945,16.0,0.0,0.0
VTI,1,0.0,2020-12-01,2021-11-30,12,120000.0,132022.216153,150195.104648,0.100185,0.251626,-0.120995,-0.049533,19.0,-0.050945,16.0,0.0,0.0
VTI,1,-0.014231,2021-01-04,2021-12-31,12,120000.0,134566.534605,152995.58021,0.121388,0.274963,-0.120455,-0.049533,19.0,-0.05202,26.0,-0.003986,0.0
VTI,1,-0.020649,2021-02-01,2022-01-31,12,120000.0,123770.346174,139769.316003,0.03142,0.164744,-0.114467,-0.107915,,-0.107915,,-0.019843,-0.000558
VTI,1,-0.01094,2021-03-01,2022-02-28,12,120000.0,119012.289376,131033.778642,-0.008231,0.091948,-0.091743,-0.119673,,-0.123925,,-0.045495,-0.039129
VTI,1,0.0,2021-04-01,2022-03-31,12,120000.0,122106.172632,132239.812143,0.017551,0.101998,-0.076631,-0.12403,,-0.136107,,-0.064786,0.0
VTI,1,-0.005578,2021-05-03,2022-04-29,12,120000.0,109992.885893,115633.429138,-0.083393,-0.036388,-0.04878,-0.129746,,-0.145881,,-0.083393,-0.036388
VTI,1,-0.002606,2021-06-01,2022-05-31,12,120000.0,110004.722508,114972.722842,-0.083294,-0.041894,-0.04321,-0.167774,,-0.193608,,-0.132336,-0.093151
VTI,1,0.0,2021-07-01,2022-06-30,12,120000.0,101395.283112,102439.918614,-0.155039,-0.146334,-0.010198,-0.208865,,-0.244389,,-0.18339,-0.174977
VTI,1,-0.007323,2021-08-02,2022-07-29,12,120000.0,112358.457068,110856.871827,-0.06368,-0.076193,0.013545,-0.205431,,-0.244389,,-0.184155,-0.183505
VTI,1,-0.000129,2021-09-01,2022-08-31,12,120000.0,108925.171802,103429.333916,-0.09229,-0.138089,0.053136,-0.201309,,-0.244389,,-0.18422,-0.208708
VTI,1,-0.036435,2021-10-01,2022-09-30,12,120000.0,100118.814036,97103.876788,-0.165677,-0.190801,0.031049,-0.196388,,-0.252925,,-0.181499,-0.190801
VTI,1,0.0,2021-11-01,2022-10-31,12,120000.0,110036.126231,99262.802658,-0.083032,-0.17281,0.108533,-0.189956,,-0.253633,,-0.181492,-0.235607
VTI,1,-0.05202,2021-12-01,2022-11-30,12,120000.0,117574.281392,107990.806118,-0.020214,-0.100077,0.088743,-0.184224,,-0.253633,,-0.175113,-0.20927
VTI,1,0.0,2022-01-03,2022-12-30,12,120000.0,111626.628893,95963.738054,-0.069778,-0.200302,0.163217,-0.179101,60.0,-0.253633,,-0.171053,-0.253633
VTI,1,-0.05939,2022-02-01,2023-01-31,12,120000.0,121542.350021,109088.011414,0.012853,-0.090933,0.114168,-0.172386,57.0,-0.224283,,-0.156386,-0.206508
VTI,1,-0.103922,2022-03-01,2023-02-28,12,120000.0,119393.213424,111759.064106,-0.005057,-0.068674,0.068309,-0.161767,55.0,-0.224283,,-0.146312,-0.167074
VTI,1,-0.056291,2022-04-01,2023-03-31,12,120000.0,123305.996286,108991.103494,0.02755,-0.091741,0.13134,-0.154705,119.0,-0.215769,,-0.14283,-0.209113
VTI,1,-0.139441,2022-05-02,2023-04-28,12,120000.0,125535.759881,120810.460923,0.046131,0.006754,0.039113,-0.152583,118.0,-0.167308,,-0.114586,-0.132695
VTI,1,-0.153643,2022-06-01,2023-05-31,12,120000.0,126008.266175,123361.674666,0.050069,0.028014,0.021454,-0.149163,61.0,-0.167308,,-0.107219,-0.118142
VTI,1,-0.209908,2022-07-01,2023-06-30,12,120000.0,134082.427545,141038.347396,0.117354,0.17532,-0.049319,-0.143392,54.0,-0.167308,239.0,-0.09047,-0.055342
VTI,1,-0.147068,2022-08-01,2023-07-31,12,120000.0,137146.181356,135433.712559,0.142885,0.128614,0.012644,-0.1306,41.0,-0.167308,239.0,-0.108481,-0.124939
VTI,1,-0.176457,2022-09-01,2023-08-31,12,120000.0,133262.954985,137557.863312,0.110525,0.146316,-0.031223,-0.127839,28.0,-0.128666,112.0,-0.092853,-0.093712
VTI,1,-0.233944,2022-10-03,2023-09-29,12,120000.0,125440.637084,140780.686081,0.045339,0.173172,-0.108964,-0.076388,66.0,-0.083567,80.0,-0.025702,-0.025702
VTI,1,-0.194815,2022-11-01,2023-10-31,12,120000.0,120448.615457,130395.427906,0.003738,0.086629,-0.076282,-0.101015,,-0.107228,,-0.047983,-0.03562
VTI,1,-0.150066,2022-12-01,2023-11-30,12,120000.0,130732.980307,135160.949292,0.089442,0.126341,-0.032761,-0.100394,24.0,-0.107228,,-0.073722,-0.073722
VTI,1,-0.203565,2023-01-03,2023-12-29,12,120000.0,136235.410744,151875.998231,0.135295,0.265633,-0.102983,-0.09968,24.0,-0.107228,35.0,-0.032272,-0.002941
VTI,1,-0.134508,2023-02-01,2024-01-31,12,120000.0,135139.512081,141319.140113,0.126163,0.17766,-0.043728,-0.098732,24.0,-0.107228,35.0,-0.053791,-0.069882
VTI,1,-0.163452,2023-03-01,2024-02-29,12,120000.0,140289.522278,153955.953644,0.169079,0.282966,-0.088768,-0.097621,24.0,-0.107228,35.0,-0.03993,-0.0377
VTI,1,-0.1406,2023-04-03,2024-03-28,12,120000.0,141846.631754,154747.206602,0.182055,0.28956,-0.083365,-0.09612,19.0,-0.107228,35.0,-0.049538,-0.019009
VTI,1,-0.134049,2023-05-01,2024-04-30,12,120000.0,132922.425273,146905.181621,0.107687,0.22421,-0.095182,-0.094126,18.0,-0.107228,35.0,-0.057796,-0.025315
VTI,1,-0.12124,2023-06-01,2024-05-31,12,120000.0,136924.879935,151652.423978,0.141041,0.26377,-0.097114,-0.091286,18.0,-0.107228,35.0,-0.067844,-0.02202
VTI,1,-0.068607,2023-07-03,2024-06-28,12,120000.0,138418.620693,147487.90976,0.153489,0.229066,-0.061492,-0.086956,18.0,-0.107228,35.0,-0.079301,-0.077286
VTI,1,-0.039983,2023-08-01,2024-07-31,12,120000.0,138682.340094,145797.007004,0.155686,0.214975,-0.048798,-0.079972,18.0,-0.104798,35.0,-0.079972,-0.104798
VTI,1,-0.052841,2023-09-01,2024-08-30,12,120000.0,139605.380821,150926.084194,0.163378,0.257717,-0.075008,-0.083067,25.0,-0.092645,24.0,-0.06756,-0.092645
VTI,1,-0.102469,2023-10-02,2024-09-30,12,120000.0,140035.446242,162506.022329,0.166962,0.354217,-0.138275,-0.082805,25.0,-0.085704,45.0,-0.042474,-0.042474
VTI,1,-0.116304,2023-11-01,2024-10-31,12,120000.0,135557.811751,163808.74587,0.129648,0.365073,-0.172463,-0.082466,25.0,-0.085704,45.0,0.0,0.0
VTI,1,-0.034603,2023-12-01,2024-11-29,12,120000.0,140699.945316,159992.514609,0.1725,0.333271,-0.120584,-0.082029,25.0,-0.085704,45.0,-0.00973,-0.00973
VTI,1,-0.010997,2024-01-02,2024-12-31,12,120000.0,133172.247223,149574.849005,0.109769,0.246457,-0.109661,-0.08151,25.0,-0.085704,45.0,-0.012138,-0.012138
VTI,1,-0.004993,2024-02-01,2025-01-31,12,120000.0,134691.646827,149375.900083,0.12243,0.244799,-0.098304,-0.080851,25.0,-0.085704,45.0,-0.025989,0.0
VTI,1,0.0,2024-03-01,2025-02-28,12,120000.0,129817.979534,139770.096878,0.081816,0.164751,-0.071203,-0.079978,18.0,-0.085704,45.0,-0.045137,-0.034556
VTI,1,-0.000769,2024-04-01,2025-03-31,12,120000.0,120837.447455,128701.691208,0.006979,0.072514,-0.061104,-0.101748,,-0.105371,,-0.055718,-0.055718
VTI,1,-0.045825,2024-05-01,2025-04-30,12,120000.0,119196.043293,133788.356255,-0.0067,0.114903,-0.10907,-0.183828,,-0.193036,,-0.11254,-0.003894
VTI,1,-0.009844,2024-06-03,2025-05-30,12,120000.0,125362.95773,135317.384583,0.044691,0.127645,-0.073564,-0.182866,,-0.193036,,-0.122416,-0.051803
VTI,1,-0.001483,2024-07-01,2025-06-30,12,120000.0,130440.142292,137818.005123,0.087001,0.148483,-0.053533,-0.181743,63.0,-0.193036,80.0,-0.129478,-0.081696
VTI,1,-0.038696,2024-08-01,2025-07-31,12,120000.0,131908.386539,140842.636321,0.099237,0.173689,-0.063434,-0.18039,59.0,-0.193036,80.0,-0.134787,-0.082552
VTI,1,-0.024041,2024-09-03,2025-08-29,12,120000.0,133404.653393,141989.754418,0.111705,0.183248,-0.060463,-0.178671,59.0,-0.193036,80.0,-0.141316,-0.096328
VTI,1,-0.009111,2024-10-01,2025-09-30,12,120000.0,136144.196408,142120.93673,0.134535,0.184341,-0.042054,-0.17645,56.0,-0.193036,80.0,-0.147743,-0.125404
VTI,1,-0.023054,2024-11-01,2025-10-31,12,120000.0,137232.405643,144411.471913,0.143603,0.203429,-0.049713,-0.173532,38.0,-0.193036,80.0,-0.151466,-0.130517
VTI,1,0.0,2024-12-02,2025-11-28,12,120000.0,135545.502957,136023.040568,0.129546,0.133525,-0.003511,-0.169398,37.0,-0.193036,80.0,-0.155656,-0.18319
VTI,1,-0.040532,2025-01-02,2025-12-31,12,120000.0,134224.019959,140785.095036,0.118533,0.173209,-0.046603,-0.16352,35.0,-0.193036,80.0,-0.148773,-0.15437
VTI,1,-0.019061,2025-02-03,2026-01-30,12,120000.0,134554.963674,139556.230245,0.121291,0.162969,-0.035837,-0.153287,34.0,-0.193036,80.0,-0.146907,-0.174796
VTI,1,-0.050838,2025-03-03,2026-02-27,12,120000.0,132167.264572,143021.169182,0.101394,0.191843,-0.07589,-0.132963,34.0,-0.149814,34.0,-0.132963,-0.149814
VTI,1,-0.08703,2025-04-01,2026-03-31,12,120000.0,123720.275863,141249.086073,0.031002,0.177076,-0.124099,-0.123044,24.0,-0.123044,24.0,-0.116111,-0.116111
VTI,1,-0.091168,2025-05-01,2026-04-30,12,120000.0,134551.453708,156651.574155,0.121262,0.30543,-0.141078,-0.088071,15.0,-0.089182,15.0,-0.011241,0.0
VTI,1,-0.035417,2025-06-02,2026-05-29,12,120000.0,138280.862703,155248.607005,0.152341,0.293738,-0.109294,-0.08794,15.0,-0.089182,15.0,-0.027243,0.0
VTI,1,0.0,2025-07-01,2026-06-30,12,120000.0,134798.993204,147808.043107,0.123325,0.231734,-0.088013,-0.087784,15.0,-0.089182,15.0,-0.039424,0.0
VTI,1,-0.025344,2025-08-01,2026-07-31,12,120000.0,131847.22325,146206.367133,0.098727,0.218386,-0.098211,-0.087594,15.0,-0.089182,15.0,-0.048665,0.0
VTI,1,-0.01284,2025-09-02,2026-08-31,12,120000.0,133009.018064,145282.636232,0.108408,0.210689,-0.084481,-0.087345,15.0,-0.089182,15.0,-0.05967,-0.004985
VTI,3,0.0,2010-09-09,2013-08-30,36,360000.0,454591.834991,574446.782449,0.262755,0.595686,-0.208644,-0.180258,163.0,-0.203041,128.0,-0.116656,0.0
VTI,3,0.0,2010-10-01,2013-09-30,36,360000.0,466066.662993,571679.266649,0.29463,0.587998,-0.184741,-0.179883,163.0,-0.203041,128.0,-0.126622,-0.029789
VTI,3,-0.000658,2010-11-01,2013-10-31,36,360000.0,479733.014828,575461.009247,0.332592,0.598503,-0.16635,-0.179438,157.0,-0.203041,128.0,-0.134691,-0.063338
VTI,3,-0.009533,2010-12-01,2013-11-29,36,360000.0,486538.663122,575750.569102,0.351496,0.599307,-0.154949,-0.1789,156.0,-0.203041,128.0,-0.143294,-0.087528
VTI,3,0.0,2011-01-03,2013-12-31,36,360000.0,493703.112199,559103.930576,0.371398,0.553066,-0.116974,-0.178229,155.0,-0.203041,128.0,-0.152794,-0.137487
VTI,3,0.0,2011-02-01,2014-01-31,36,360000.0,472786.402887,527316.936729,0.313296,0.464769,-0.103411,-0.177397,155.0,-0.203041,128.0,-0.157712,-0.159898
VTI,3,-0.028617,2011-03-01,2014-02-28,36,360000.0,491172.524248,551341.448248,0.364368,0.531504,-0.109132,-0.176305,150.0,-0.203041,128.0,-0.160452,-0.162385
VTI,3,-0.003035,2011-04-01,2014-03-31,36,360000.0,488406.094818,539930.419594,0.356684,0.499807,-0.095428,-0.174765,80.0,-0.203041,128.0,-0.163779,-0.183879
VTI,3,-0.001698,2011-05-02,2014-04-30,36,360000.0,483628.201215,528474.791826,0.343412,0.467986,-0.08486,-0.172495,80.0,-0.201686,127.0,-0.163277,-0.201686
VTI,3,-0.033098,2011-06-01,2014-05-30,36,360000.0,489012.578463,557106.081997,0.358368,0.547517,-0.122227,-0.168801,77.0,-0.201449,127.0,-0.156374,-0.17576
VTI,3,-0.014493,2011-07-01,2014-06-30,36,360000.0,496199.320912,560915.860251,0.378331,0.5581,-0.115377,-0.161137,74.0,-0.201449,127.0,-0.155817,-0.191321
VTI,3,-0.054692,2011-08-01,2014-07-31,36,360000.0,480762.080922,573104.035174,0.33545,0.591956,-0.161126,-0.138242,63.0,-0.156932,99.0,-0.138242,-0.156932
VTI,3,-0.118328,2011-09-01,2014-08-29,36,360000.0,494578.46128,639973.978109,0.373829,0.777705,-0.22719,-0.093598,39.0,-0.105165,11.0,-0.066055,-0.096082
VTI,3,-0.203041,2011-10-03,2014-09-30,36,360000.0,476587.61178,693156.347872,0.323854,0.925434,-0.312439,-0.093598,28.0,-0.10059,74.0,-0.001843,0.0
VTI,3,-0.106509,2011-11-01,2014-10-31,36,360000.0,480302.674688,635245.900182,0.334174,0.764572,-0.243911,-0.093598,12.0,-0.10059,74.0,-0.049704,-0.049704
VTI,3,-0.085518,2011-12-01,2014-11-28,36,360000.0,484374.306323,636058.575199,0.345484,0.766829,-0.238475,-0.087307,80.0,-0.10059,74.0,-0.037231,-0.033572
VTI,3,-0.063514,2012-01-03,2014-12-31,36,360000.0,476608.41787,620875.44308,0.323912,0.724654,-0.232361,-0.087041,77.0,-0.10059,74.0,-0.049046,0.0
VTI,3,-0.018564,2012-02-01,2015-01-30,36,360000.0,456528.239785,576230.991351,0.268134,0.600642,-0.207734,-0.086638,70.0,-0.10059,74.0,-0.063273,-0.036857
VTI,3,0.0,2012-03-01,2015-02-27,36,360000.0,476273.065871,586903.276058,0.322981,0.630287,-0.188498,-0.085976,46.0,-0.10059,74.0,-0.076388,-0.072288
VTI,3,0.0,2012-04-02,2015-03-31,36,360000.0,464444.812173,562381.820419,0.290124,0.562172,-0.174147,-0.084666,45.0,-0.10059,74.0,-0.084666,-0.10059
VTI,3,-0.008372,2012-05-01,2015-04-30,36,360000.0,461665.344626,570619.522518,0.282404,0.585054,-0.19094,-0.080819,28.0,-0.092997,72.0,-0.080819,-0.092997
VTI,3,-0.099767,2012-06-01,2015-05-29,36,360000.0,461636.465743,636706.137388,0.282324,0.768628,-0.274961,-0.074701,16.0,-0.076714,48.0,-0.014274,-0.000914
VTI,3,-0.03603,2012-07-02,2015-06-30,36,360000.0,446322.838987,584648.366137,0.239786,0.624023,-0.236596,-0.074656,16.0,-0.076714,48.0,-0.030732,-0.022035
VTI,3,-0.034099,2012-08-01,2015-07-31,36,360000.0,447500.556816,593402.166815,0.243057,0.648339,-0.245873,-0.074609,16.0,-0.076714,48.0,-0.037764,-0.006854
VTI,3,-0.006471,2012-09-04,2015-08-31,36,360000.0,414186.312452,540806.056176,0.150518,0.502239,-0.234132,-0.119822,,-0.12061,,-0.048821,-0.033978
VTI,3,-0.018018,2012-10-01,2015-09-30,36,360000.0,397497.713872,510980.360755,0.10416,0.41939,-0.222088,-0.119792,,-0.12061,,-0.056242,-0.059772
VTI,3,-0.025338,2012-11-01,2015-10-30,36,360000.0,424397.368758,555546.637654,0.178882,0.543185,-0.236072,-0.119761,,-0.12061,,-0.052711,-0.052711
VTI,3,-0.034256,2012-12-03,2015-11-30,36,360000.0,421352.126917,564045.335793,0.170423,0.566793,-0.252982,-0.119727,,-0.12061,,-0.001378,-0.001378
VTI,3,0.0,2013-01-02,2015-12-31,36,360000.0,406765.939446,529196.440373,0.129905,0.46999,-0.231352,-0.11969,,-0.12061,,-0.00173,-0.00173
VTI,3,0.0,2013-02-01,2016-01-29,36,360000.0,379195.460986,480612.641057,0.053321,0.335035,-0.211016,-0.12699,,-0.134295,,-0.014487,-0.014487
VTI,3,-0.009098,2013-03-01,2016-02-29,36,360000.0,375804.761333,477989.861597,0.043902,0.32775,-0.213781,-0.141861,,-0.151349,,-0.017254,0.0
VTI,3,-0.005312,2013-04-01,2016-03-31,36,360000.0,398764.545379,496296.062727,0.107679,0.3786,-0.196519,-0.141509,,-0.151349,,-0.024889,-0.016267
VTI,3,-0.010212,2013-05-01,2016-04-29,36,360000.0,397515.592435,494102.216267,0.10421,0.372506,-0.195479,-0.141143,68.0,-0.151349,,-0.031847,-0.001462
VTI,3,-0.018559,2013-06-03,2016-05-31,36,360000.0,400542.043382,483720.004194,0.112617,0.343667,-0.171955,-0.140752,68.0,-0.151349,,-0.039109,-0.039109
VTI,3,-0.028506,2013-07-01,2016-06-30,36,360000.0,398164.289972,490008.903093,0.106012,0.361136,-0.187435,-0.140347,68.0,-0.151349,118.0,-0.044828,-0.001079
VTI,3,0.0,2013-08-01,2016-07-29,36,360000.0,410217.417303,479735.011782,0.139493,0.332597,-0.144908,-0.139905,68.0,-0.151349,118.0,-0.051599,-0.042923
VTI,3,-0.038158,2013-09-03,2016-08-31,36,360000.0,407745.065068,499514.527632,0.132625,0.38754,-0.183717,-0.139456,68.0,-0.151349,118.0,-0.056553,0.0
VTI,3,-0.012261,2013-10-01,2016-09-30,36,360000.0,404668.412039,480016.838729,0.124079,0.33338,-0.15697,-0.138949,67.0,-0.151349,118.0,-0.063327,-0.025675
VTI,3,-0.007484,2013-11-01,2016-10-31,36,360000.0,392568.464887,453591.545936,0.090468,0.259977,-0.134533,-0.138421,67.0,-0.151349,118.0,-0.068918,-0.00907
VTI,3,-0.003511,2013-12-02,2016-11-30,36,360000.0,407559.660746,463081.422692,0.13211,0.286337,-0.119896,-0.137867,67.0,-0.151349,118.0,-0.073552,-0.026498
VTI,3,-0.008757,2014-01-02,2016-12-30,36,360000.0,412778.498603,462788.022239,0.146607,0.285522,-0.108061,-0.137277,67.0,-0.151349,118.0,-0.07761,-0.046067
VTI,3,-0.057271,2014-02-03,2017-01-31,36,360000.0,417453.080628,494139.247851,0.159592,0.372609,-0.155191,-0.136647,67.0,-0.151349,118.0,-0.081163,0.0
VTI,3,-0.007289,2014-03-03,2017-02-28,36,360000.0,429014.668144,480653.828997,0.191707,0.33515,-0.107435,-0.135923,67.0,-0.151349,118.0,-0.087047,-0.020974
VTI,3,0.0,2014-04-01,2017-03-31,36,360000.0,425765.43384,471319.263986,0.182682,0.30922,-0.096652,-0.135175,67.0,-0.151349,118.0,-0.090587,-0.040517
VTI,3,-0.009945,2014-05-01,2017-04-28,36,360000.0,427192.464488,479602.057166,0.186646,0.332228,-0.109277,-0.134397,62.0,-0.151349,118.0,-0.093546,-0.018785
VTI,3,0.0,2014-06-02,2017-05-31,36,360000.0,428130.669706,474053.972368,0.189252,0.316817,-0.096874,-0.134122,62.0,-0.151349,118.0,-0.097106,-0.039846
VTI,3,0.0,2014-07-01,2017-06-30,36,360000.0,428895.275361,463558.188117,0.191376,0.287662,-0.074776,-0.133824,62.0,-0.151349,118.0,-0.099969,-0.069915
VTI,3,-0.03389,2014-08-01,2017-07-31,36,360000.0,434004.422865,486562.608281,0.205568,0.351563,-0.108019,-0.133503,62.0,-0.151349,118.0,-0.101551,-0.041776
VTI,3,0.0,2014-09-02,2017-08-31,36,360000.0,431113.418893,466339.541229,0.197537,0.295388,-0.075537,-0.133133,62.0,-0.151349,118.0,-0.104872,-0.082977
VTI,3,-0.03661,2014-10-01,2017-09-29,36,360000.0,438583.653563,494825.266564,0.218288,0.374515,-0.11366,-0.132735,62.0,-0.151349,118.0,-0.10616,-0.050139
VTI,3,0.0,2014-11-03,2017-10-31,36,360000.0,444219.174726,485305.419549,0.233942,0.348071,-0.084661,-0.132269,62.0,-0.151349,118.0,-0.109661,-0.088195
VTI,3,-0.011965,2014-12-01,2017-11-30,36,360000.0,454085.498843,492348.244359,0.261349,0.367634,-0.077715,-0.131758,62.0,-0.151349,118.0,-0.111092,-0.10217
VTI,3,-0.015522,2015-01-02,2017-12-29,36,360000.0,455658.718706,494422.151525,0.265719,0.373395,-0.078401,-0.131181,62.0,-0.151349,118.0,-0.111729,-0.108736
VTI,3,-0.030951,2015-02-02,2018-01-31,36,360000.0,475492.690868,528570.658491,0.320813,0.468252,-0.100418,-0.130518,62.0,-0.151349,118.0,-0.11196,-0.094546
VTI,3,0.0,2015-03-02,2018-02-28,36,360000.0,453113.547972,483516.363289,0.258649,0.343101,-0.062879,-0.12973,50.0,-0.151349,118.0,-0.113411,-0.139369
VTI,3,-0.020123,2015-04-01,2018-03-29,36,360000.0,440972.301445,483450.277575,0.224923,0.342917,-0.087864,-0.128844,50.0,-0.151349,118.0,-0.111051,-0.122255
VTI,3,-0.008648,2015-05-01,2018-04-30,36,360000.0,439743.677671,477373.414446,0.22151,0.326037,-0.078827,-0.127761,50.0,-0.151349,118.0,-0.109931,-0.137166
VTI,3,-0.008416,2015-06-01,2018-05-31,36,360000.0,448345.687574,487321.440382,0.245405,0.353671,-0.07998,-0.126463,48.0,-0.151349,118.0,-0.106904,-0.14252
VTI,3,-0.022921,2015-07-01,2018-06-29,36,360000.0,447834.597454,497090.926752,0.243985,0.380808,-0.099089,-0.124858,48.0,-0.149212,117.0,-0.103011,-0.131441
VTI,3,-0.016299,2015-08-03,2018-07-31,36,360000.0,458736.05924,510129.184483,0.274267,0.417026,-0.100745,-0.12278,47.0,-0.140458,106.0,-0.10604,-0.137287
VTI,3,-0.100111,2015-09-01,2018-08-31,36,360000.0,470180.350752,576780.922697,0.306057,0.602169,-0.18482,-0.120044,36.0,-0.139673,69.0,-0.091815,-0.056938
VTI,3,-0.098175,2015-10-01,2018-09-28,36,360000.0,465082.977888,576671.269106,0.291897,0.601865,-0.193504,-0.115822,35.0,-0.139673,69.0,-0.098791,-0.058963
VTI,3,-0.016033,2015-11-02,2018-10-31,36,360000.0,425030.438156,489363.098295,0.18064,0.359342,-0.131462,-0.109305,34.0,-0.139673,69.0,-0.108748,-0.137521
VTI,3,-0.013754,2015-12-01,2018-11-30,36,360000.0,429808.900079,498063.40478,0.193914,0.383509,-0.13704,-0.103305,,-0.139514,68.0,-0.101602,-0.139514
VTI,3,-0.058012,2016-01-04,2018-12-31,36,360000.0,386780.968163,473613.727147,0.074392,0.315594,-0.183341,-0.198123,,-0.200464,,-0.080981,-0.099085
VTI,3,-0.098263,2016-02-01,2019-01-31,36,360000.0,416379.263392,537007.97193,0.156609,0.491689,-0.224631,-0.19804,,-0.200464,,-0.058871,-0.058871
VTI,3,-0.077083,2016-03-01,2019-02-28,36,360000.0,426090.613095,543356.821907,0.183585,0.509325,-0.215818,-0.197947,,-0.200464,,-0.022885,0.0
VTI,3,-0.028365,2016-04-01,2019-03-29,36,360000.0,426894.22172,523424.549108,0.185817,0.453957,-0.184421,-0.197849,,-0.200464,,-0.037963,-0.02891
VTI,3,-0.020535,2016-05-02,2019-04-30,36,360000.0,438813.043742,539620.794825,0.218925,0.498947,-0.186812,-0.197749,102.0,-0.200464,120.0,-0.04249,-0.036672
VTI,3,-0.00856,2016-06-01,2019-05-31,36,360000.0,405912.847785,498718.841181,0.127536,0.38533,-0.186089,-0.197642,102.0,-0.200464,120.0,-0.048308,-0.048308
VTI,3,-0.009147,2016-07-01,2019-06-28,36,360000.0,430539.033955,532956.662845,0.195942,0.480435,-0.192169,-0.197527,102.0,-0.200464,120.0,-0.035412,-0.007451
VTI,3,-0.001346,2016-08-01,2019-07-31,36,360000.0,431677.001043,521540.807305,0.199103,0.448724,-0.172304,-0.197403,102.0,-0.200464,120.0,-0.042495,-0.035587
VTI,3,-0.006758,2016-09-01,2019-08-30,36,360000.0,418384.314234,508667.188673,0.162179,0.412964,-0.177489,-0.197273,102.0,-0.200464,120.0,-0.048618,-0.039386
VTI,3,-0.010815,2016-10-03,2019-09-30,36,360000.0,421692.142574,518550.442294,0.171367,0.440418,-0.186787,-0.197131,102.0,-0.200464,120.0,-0.055031,-0.037841
VTI,3,-0.03675,2016-11-01,2019-10-31,36,360000.0,426211.075057,543726.833209,0.18392,0.510352,-0.21613,-0.196977,101.0,-0.200464,120.0,-0.062007,-0.011936
VTI,3,-0.010825,2016-12-01,2019-11-29,36,360000.0,436948.291983,538274.947694,0.213745,0.495208,-0.188243,-0.196802,101.0,-0.200464,120.0,-0.070753,0.0
VTI,3,-0.005733,2017-01-03,2019-12-31,36,360000.0,444203.765162,536255.779157,0.233899,0.489599,-0.171657,-0.196619,101.0,-0.200464,120.0,-0.078004,0.0
VTI,3,-0.009028,2017-02-01,2020-01-31,36,360000.0,438956.96802,530224.422782,0.219325,0.472846,-0.17213,-0.196422,101.0,-0.200464,120.0,-0.084402,0.0
VTI,3,0.0,2017-03-01,2020-02-28,36,360000.0,399414.185042,464140.246088,0.109484,0.289278,-0.139454,-0.196208,100.0,-0.200464,120.0,-0.090865,-0.027144
VTI,3,-0.015182,2017-04-03,2020-03-31,36,360000.0,341119.208701,405852.822177,-0.052447,0.127369,-0.1595,-0.348581,,-0.350003,,-0.181471,-0.02614
VTI,3,-0.000732,2017-05-01,2020-04-30,36,360000.0,385025.557093,452020.199046,0.069515,0.255612,-0.148212,-0.348532,,-0.350003,,-0.185909,-0.041271
VTI,3,0.0,2017-06-01,2020-05-29,36,360000.0,403408.22008,468523.251712,0.120578,0.301453,-0.138979,-0.348481,,-0.350003,,-0.190163,-0.057148
VTI,3,-0.007487,2017-07-03,2020-06-30,36,360000.0,409526.641638,478049.23351,0.137574,0.327915,-0.143338,-0.348427,,-0.350003,,-0.194194,-0.05959
VTI,3,-0.002591,2017-08-01,2020-07-31,36,360000.0,429518.385878,496353.984328,0.193107,0.378761,-0.134653,-0.348369,,-0.350003,,-0.1984,-0.076614
VTI,3,-0.000863,2017-09-01,2020-08-31,36,360000.0,455886.158125,530700.325539,0.26635,0.474168,-0.140973,-0.348308,134.0,-0.350003,142.0,-0.202329,-0.078211
VTI,3,0.0,2017-10-02,2020-09-30,36,360000.0,435100.214273,498257.919072,0.208612,0.38405,-0.126757,-0.348242,133.0,-0.350003,142.0,-0.206466,-0.102823
VTI,3,-0.001508,2017-11-01,2020-10-30,36,360000.0,422771.739062,480282.044255,0.174366,0.334117,-0.119743,-0.348173,133.0,-0.350003,142.0,-0.21004,-0.117997
VTI,3,-0.00198,2017-12-01,2020-11-30,36,360000.0,468821.018009,522645.298983,0.302281,0.451792,-0.102984,-0.3481,133.0,-0.350003,142.0,-0.213327,-0.141526
VTI,3,0.0,2018-01-02,2020-12-31,36,360000.0,485884.201964,535948.035543,0.349678,0.488745,-0.093412,-0.348022,133.0,-0.350003,142.0,-0.215987,-0.159003
VTI,3,-0.016955,2018-02-01,2021-01-29,36,360000.0,479534.437238,511403.771696,0.33204,0.420566,-0.062317,-0.34794,133.0,-0.350003,142.0,-0.218178,-0.194829
VTI,3,-0.064755,2018-03-01,2021-02-26,36,360000.0,490077.853082,554416.878459,0.361327,0.540047,-0.116048,-0.347855,133.0,-0.350003,142.0,-0.219112,-0.153676
VTI,3,-0.093227,2018-04-02,2021-03-31,36,360000.0,502098.570848,592684.974945,0.394718,0.646347,-0.152841,-0.347757,133.0,-0.350003,142.0,-0.221839,-0.127103
VTI,3,-0.066495,2018-05-01,2021-04-30,36,360000.0,520467.761702,604708.435225,0.445744,0.679746,-0.139308,-0.347646,133.0,-0.350003,142.0,-0.225958,-0.152099
VTI,3,-0.032584,2018-06-01,2021-05-28,36,360000.0,515995.204091,586172.39244,0.43332,0.628257,-0.119721,-0.347528,121.0,-0.350003,142.0,-0.229315,-0.181821
VTI,3,-0.033495,2018-07-02,2021-06-30,36,360000.0,522359.39841,601287.485755,0.450998,0.670243,-0.131265,-0.347402,121.0,-0.350003,142.0,-0.231576,-0.181049
VTI,3,-0.011662,2018-08-01,2021-07-30,36,360000.0,524558.041485,594212.879106,0.457106,0.650591,-0.117222,-0.347263,121.0,-0.350003,142.0,-0.234103,-0.204501
VTI,3,-0.005112,2018-09-04,2021-08-31,36,360000.0,532875.380599,591051.118841,0.480209,0.641809,-0.098428,-0.347112,121.0,-0.350003,142.0,-0.235661,-0.230724
VTI,3,-0.004722,2018-10-01,2021-09-30,36,360000.0,502938.59832,561908.265491,0.397052,0.560856,-0.104945,-0.346949,120.0,-0.350003,142.0,-0.235935,-0.234481
VTI,3,-0.069467,2018-11-01,2021-10-29,36,360000.0,530443.465796,641196.423173,0.473454,0.781101,-0.172729,-0.346768,119.0,-0.350003,142.0,-0.236021,-0.181217
VTI,3,-0.050409,2018-12-03,2021-11-30,36,360000.0,514950.668473,619151.151319,0.430419,0.719864,-0.168296,-0.34655,119.0,-0.350003,142.0,-0.239446,-0.19765
VTI,3,-0.146828,2019-01-02,2021-12-31,36,360000.0,527159.62673,715261.480144,0.464332,0.986837,-0.262983,-0.346304,119.0,-0.350003,142.0,-0.242232,-0.106975
VTI,3,-0.073353,2019-02-01,2022-01-31,36,360000.0,485887.005804,618643.318471,0.349686,0.718454,-0.214593,-0.345987,114.0,-0.350003,142.0,-0.251893,-0.177783
VTI,3,-0.035347,2019-03-01,2022-02-28,36,360000.0,466724.88166,579491.863245,0.296458,0.6097,-0.194596,-0.345643,77.0,-0.350003,142.0,-0.257594,-0.210178
VTI,3,-0.016902,2019-04-01,2022-03-31,36,360000.0,475807.646245,587155.766929,0.321688,0.630988,-0.18964,-0.345251,77.0,-0.350003,142.0,-0.261546,-0.224997
VTI,3,-0.007447,2019-05-01,2022-04-29,36,360000.0,426588.858151,523245.034394,0.184969,0.453458,-0.184724,-0.344792,77.0,-0.350003,142.0,-0.264868,-0.23995
VTI,3,-0.067848,2019-06-03,2022-05-31,36,360000.0,420918.750424,554863.909719,0.169219,0.541289,-0.241402,-0.344247,77.0,-0.350003,142.0,-0.26736,-0.19199
VTI,3,0.0,2019-07-01,2022-06-30,36,360000.0,381365.37135,471258.451666,0.059348,0.309051,-0.190751,-0.343526,74.0,-0.350003,142.0,-0.275735,-0.252184
VTI,3,-0.023379,2019-08-01,2022-07-29,36,360000.0,413517.303321,516502.029638,0.148659,0.434728,-0.199389,-0.342678,74.0,-0.350003,142.0,-0.278678,-0.250448
VTI,3,-0.04106,2019-09-03,2022-08-31,36,360000.0,393936.668286,506412.128573,0.094269,0.4067,-0.222103,-0.34157,74.0,-0.350003,142.0,-0.282711,-0.236629
VTI,3,-0.03042,2019-10-01,2022-09-30,36,360000.0,353877.392779,454623.622931,-0.017007,0.262843,-0.221604,-0.340035,72.0,-0.350003,142.0,-0.290392,-0.245006
VTI,3,0.0,2019-11-01,2022-10-31,36,360000.0,379477.044979,470058.376955,0.054103,0.305718,-0.192702,-0.337846,72.0,-0.350003,142.0,-0.299469,-0.277951
VTI,3,-0.0135,2019-12-02,2022-11-30,36,360000.0,395910.777249,485814.743869,0.099752,0.349485,-0.185058,-0.334615,70.0,-0.350003,142.0,-0.304848,-0.290428
VTI,3,0.0,2020-01-02,2022-12-30,36,360000.0,369433.389423,437228.003966,0.026204,0.214522,-0.155056,-0.329173,64.0,-0.350003,142.0,-0.309655,-0.321675
VTI,3,-0.022517,2020-02-03,2023-01-31,36,360000.0,392766.817873,467563.087863,0.091019,0.298786,-0.15997,-0.318537,37.0,-0.350003,142.0,-0.303644,-0.321593
VTI,3,-0.090027,2020-03-02,2023-02-28,36,360000.0,380299.867713,480479.41049,0.056389,0.334665,-0.208499,-0.294966,17.0,-0.294966,72.0,-0.285696,-0.285696
VTI,3,-0.282275,2020-04-01,2023-03-31,36,360000.0,387133.077409,625670.152795,0.07537,0.737973,-0.381251,-0.231294,,-0.253633,,-0.057794,0.0
VTI,3,-0.172246,2020-05-01,2023-04-28,36,360000.0,383820.112005,548351.042217,0.066167,0.523197,-0.300047,-0.230453,,-0.253633,,-0.07754,-0.002539
VTI,3,-0.096714,2020-06-01,2023-05-31,36,360000.0,380207.841331,504641.963506,0.056133,0.401783,-0.246579,-0.229631,,-0.253633,,-0.091504,-0.018611
VTI,3,-0.076829,2020-07-01,2023-06-30,36,360000.0,401397.16774,526996.482152,0.114992,0.463879,-0.23833,-0.228788,,-0.253633,,-0.102435,0.0
VTI,3,-0.021008,2020-08-03,2023-07-31,36,360000.0,411262.755609,515153.313602,0.142397,0.430981,-0.201669,-0.227864,379.0,-0.253633,,-0.113209,-0.013895
VTI,3,0.0,2020-09-01,2023-08-31,36,360000.0,399120.400909,471618.234407,0.108668,0.310051,-0.153721,-0.226887,379.0,-0.253633,,-0.122159,-0.079452
VTI,3,-0.048585,2020-10-01,2023-09-29,36,360000.0,376975.321896,465680.076245,0.047154,0.293556,-0.190484,-0.225865,364.0,-0.253633,,-0.128779,-0.027601
VTI,3,-0.065206,2020-11-02,2023-10-31,36,360000.0,364156.094104,461419.607388,0.011545,0.281721,-0.210792,-0.22467,364.0,-0.253633,,-0.137652,0.0
VTI,3,0.0,2020-12-01,2023-11-30,36,360000.0,395251.754646,450550.925855,0.097922,0.25153,-0.122737,-0.223284,364.0,-0.253633,,-0.1482,-0.02425
VTI,3,-0.014231,2021-01-04,2023-12-29,36,360000.0,413439.369789,465588.193152,0.148443,0.293301,-0.112006,-0.221872,362.0,-0.253633,433.0,-0.155216,-0.04238
VTI,3,-0.020649,2021-02-01,2024-01-31,36,360000.0,415160.33121,457832.335833,0.153223,0.271756,-0.093204,-0.22029,362.0,-0.253633,433.0,-0.162551,-0.068735
VTI,3,-0.01094,2021-03-01,2024-02-29,36,360000.0,434157.003817,463486.375851,0.205992,0.287462,-0.06328,-0.218523,361.0,-0.253633,433.0,-0.169136,-0.104675
VTI,3,0.0,2021-04-01,2024-03-28,36,360000.0,445246.835799,467751.1885,0.236797,0.299309,-0.048112,-0.21656,361.0,-0.253633,433.0,-0.174172,-0.12496
VTI,3,-0.005578,2021-05-03,2024-04-30,36,360000.0,423049.808674,430561.995142,0.175138,0.196006,-0.017447,-0.214332,358.0,-0.253633,433.0,-0.178461,-0.157953
VTI,3,-0.002606,2021-06-01,2024-05-31,36,360000.0,441153.304643,449602.995284,0.225426,0.248897,-0.018794,-0.211822,355.0,-0.253633,433.0,-0.180841,-0.160655
VTI,3,0.0,2021-07-01,2024-06-28,36,360000.0,452167.332751,449965.006922,0.25602,0.249903,0.004894,-0.208865,351.0,-0.253633,433.0,-0.18339,-0.18507
VTI,3,-0.007323,2021-08-02,2024-07-31,36,360000.0,458153.391708,453736.932445,0.272648,0.26038,0.009734,-0.205431,351.0,-0.253633,433.0,-0.184155,-0.193494
VTI,3,-0.000129,2021-09-01,2024-08-30,36,360000.0,465422.353237,449104.366325,0.29284,0.247512,0.036335,-0.201309,351.0,-0.253633,433.0,-0.18422,-0.218389
VTI,3,-0.036435,2021-10-01,2024-09-30,36,360000.0,472573.475353,473949.012115,0.312704,0.316525,-0.002902,-0.196388,344.0,-0.253633,433.0,-0.181499,-0.191568
VTI,3,0.0,2021-11-01,2024-10-31,36,360000.0,465968.516101,444759.733373,0.294357,0.235444,0.047686,-0.189956,231.0,-0.253633,433.0,-0.181492,-0.235607
VTI,3,-0.05202,2021-12-01,2024-11-29,36,360000.0,494632.454642,490910.742727,0.373979,0.363641,0.007581,-0.184224,230.0,-0.253633,433.0,-0.175113,-0.20927
VTI,3,0.0,2022-01-03,2024-12-31,36,360000.0,476049.119175,449280.361511,0.322359,0.248001,0.059581,-0.179101,60.0,-0.253633,433.0,-0.171053,-0.253633
VTI,3,-0.05939,2022-02-01,2025-01-31,36,360000.0,487952.106844,492135.031919,0.355423,0.367042,-0.0085,-0.172386,57.0,-0.224283,292.0,-0.156386,-0.206508
VTI,3,-0.103922,2022-03-01,2025-02-28,36,360000.0,475206.687246,506835.08424,0.320019,0.407875,-0.062404,-0.161767,55.0,-0.224283,292.0,-0.146312,-0.167074
VTI,3,-0.056291,2022-04-01,2025-03-31,36,360000.0,443713.592564,453075.092931,0.232538,0.258542,-0.020662,-0.154705,119.0,-0.215769,279.0,-0.14283,-0.209113
VTI,3,-0.139441,2022-05-02,2025-04-30,36,360000.0,437852.545837,493200.689139,0.216257,0.370002,-0.112222,-0.19055,,-0.193036,,-0.114586,-0.132695
VTI,3,-0.153643,2022-06-01,2025-05-30,36,360000.0,461235.25317,532835.315187,0.281209,0.480098,-0.134376,-0.190469,,-0.193036,,-0.107219,-0.118142
VTI,3,-0.209908,2022-07-01,2025-06-30,36,360000.0,479948.266469,600251.43018,0.33319,0.667365,-0.200421,-0.190382,79.0,-0.193036,80.0,-0.09047,-0.055342
VTI,3,-0.147068,2022-08-01,2025-07-31,36,360000.0,484112.609622,568761.22975,0.344757,0.579892,-0.14883,-0.190281,79.0,-0.193036,80.0,-0.108481,-0.124939
VTI,3,-0.176457,2022-09-01,2025-08-29,36,360000.0,489732.77583,602908.475082,0.360369,0.674746,-0.187716,-0.190181,79.0,-0.193036,80.0,-0.092853,-0.093712
VTI,3,-0.233944,2022-10-03,2025-09-30,36,360000.0,499575.464236,670318.640107,0.38771,0.861996,-0.254719,-0.19007,79.0,-0.193036,80.0,-0.025702,-0.025702
VTI,3,-0.194815,2022-11-01,2025-10-31,36,360000.0,501766.419103,651832.764957,0.393796,0.810647,-0.230222,-0.189939,79.0,-0.193036,80.0,-0.047983,-0.03562
VTI,3,-0.150066,2022-12-01,2025-11-28,36,360000.0,494958.477212,619152.504011,0.374885,0.719868,-0.200587,-0.189804,79.0,-0.193036,80.0,-0.073722,-0.073722
VTI,3,-0.203565,2023-01-03,2025-12-31,36,360000.0,487679.995176,660567.788074,0.354667,0.834911,-0.261726,-0.189665,79.0,-0.193036,80.0,-0.032272,-0.002941
VTI,3,-0.134508,2023-02-01,2026-01-30,36,360000.0,486876.795536,617470.679943,0.352436,0.715196,-0.211498,-0.189503,77.0,-0.193036,80.0,-0.053791,-0.069882
VTI,3,-0.163452,2023-03-01,2026-02-27,36,360000.0,477133.910928,635458.754022,0.325372,0.765163,-0.24915,-0.189339,77.0,-0.193036,80.0,-0.03993,-0.0377
VTI,3,-0.1406,2023-04-03,2026-03-31,36,360000.0,445975.608723,587603.483571,0.238821,0.632232,-0.241026,-0.189152,77.0,-0.193036,80.0,-0.049538,-0.019009
VTI,3,-0.134049,2023-05-01,2026-04-30,36,360000.0,485302.096853,643816.855354,0.348061,0.78838,-0.246211,-0.188951,77.0,-0.193036,80.0,-0.057796,-0.025315
VTI,3,-0.12124,2023-06-01,2026-05-29,36,360000.0,502133.913893,667320.43339,0.394816,0.853668,-0.247537,-0.188731,77.0,-0.193036,80.0,-0.067844,-0.02202
VTI,3,-0.068607,2023-07-03,2026-06-30,36,360000.0,491672.226254,627183.769775,0.365756,0.742177,-0.216064,-0.188489,77.0,-0.193036,80.0,-0.079301,-0.077286
VTI,3,-0.039983,2023-08-01,2026-07-31,36,360000.0,481876.364243,605474.425617,0.338545,0.681873,-0.204134,-0.188234,77.0,-0.193036,80.0,-0.079972,-0.104798
VTI,3,-0.052841,2023-09-01,2026-08-31,36,360000.0,487727.37024,630260.586351,0.354798,0.750724,-0.22615,-0.187958,77.0,-0.193036,80.0,-0.06756,-0.092645
VTI,5,0.0,2010-09-09,2015-08-31,60,600000.0,818633.951259,1198290.008375,0.36439,0.99715,-0.316832,-0.180258,163.0,-0.203041,128.0,-0.116656,0.0
VTI,5,0.0,2010-10-01,2015-09-30,60,600000.0,785319.001494,1114236.207937,0.308865,0.85706,-0.295195,-0.179883,163.0,-0.203041,128.0,-0.126622,-0.029789
VTI,5,-0.000658,2010-11-01,2015-10-30,60,600000.0,838177.333855,1160809.326334,0.396962,0.934682,-0.277937,-0.179438,157.0,-0.203041,128.0,-0.134691,-0.063338
VTI,5,-0.009533,2010-12-01,2015-11-30,60,600000.0,833679.548921,1137624.018456,0.389466,0.89604,-0.267175,-0.1789,156.0,-0.203041,128.0,-0.143294,-0.087528
VTI,5,0.0,2011-01-03,2015-12-31,60,600000.0,807115.198602,1052503.554201,0.345192,0.754173,-0.233147,-0.178229,155.0,-0.203041,128.0,-0.152794,-0.137487
VTI,5,0.0,2011-02-01,2016-01-29,60,600000.0,753950.098188,966476.683777,0.256583,0.610794,-0.219898,-0.177397,155.0,-0.203041,128.0,-0.157712,-0.159898
VTI,5,-0.028617,2011-03-01,2016-02-29,60,600000.0,747763.87631,963517.110464,0.246273,0.605862,-0.223923,-0.176305,150.0,-0.203041,128.0,-0.160452,-0.162385
VTI,5,-0.003035,2011-04-01,2016-03-31,60,600000.0,794190.681626,1005540.58515,0.323651,0.675901,-0.210185,-0.174765,80.0,-0.203041,128.0,-0.163779,-0.183879
VTI,5,-0.001698,2011-05-02,2016-04-29,60,600000.0,792552.1284,990075.416938,0.32092,0.650126,-0.199503,-0.172495,80.0,-0.201686,127.0,-0.163277,-0.201686
VTI,5,-0.033098,2011-06-01,2016-05-31,60,600000.0,799605.812312,1039957.662835,0.332676,0.733263,-0.231117,-0.168801,77.0,-0.201449,127.0,-0.156374,-0.17576
VTI,5,-0.014493,2011-07-01,2016-06-30,60,600000.0,794412.730142,1023115.339415,0.324021,0.705192,-0.223536,-0.161137,74.0,-0.201449,127.0,-0.155817,-0.191321
VTI,5,-0.054692,2011-08-01,2016-07-29,60,600000.0,818640.742605,1109024.658249,0.364401,0.848374,-0.261837,-0.146048,112.0,-0.156932,99.0,-0.138242,-0.156932
VTI,5,-0.118328,2011-09-01,2016-08-31,60,600000.0,811843.242834,1191525.118676,0.353072,0.985875,-0.318652,-0.145917,112.0,-0.151349,118.0,-0.066055,-0.096082
VTI,5,-0.203041,2011-10-03,2016-09-30,60,600000.0,803575.912642,1320803.305139,0.339293,1.201339,-0.391601,-0.145768,112.0,-0.151349,118.0,-0.001843,0.0
VTI,5,-0.106509,2011-11-01,2016-10-31,60,600000.0,774243.69397,1152284.816538,0.290406,0.920475,-0.32808,-0.145593,112.0,-0.151349,118.0,-0.049704,-0.049704
VTI,5,-0.085518,2011-12-01,2016-11-30,60,600000.0,799473.50371,1176393.798047,0.332456,0.960656,-0.320403,-0.145428,112.0,-0.151349,118.0,-0.037231,-0.033572
VTI,5,-0.063514,2012-01-03,2016-12-30,60,600000.0,805601.151096,1171574.51915,0.342669,0.952624,-0.312377,-0.145257,111.0,-0.151349,118.0,-0.049046,0.0
VTI,5,-0.018564,2012-02-01,2017-01-31,60,600000.0,810770.525449,1138661.232916,0.351284,0.897769,-0.287962,-0.14508,111.0,-0.151349,118.0,-0.063273,-0.036857
VTI,5,0.0,2012-03-01,2017-02-28,60,600000.0,831419.156516,1137298.299731,0.385699,0.895497,-0.268952,-0.144901,111.0,-0.151349,118.0,-0.076388,-0.072288
VTI,5,0.0,2012-04-02,2017-03-31,60,600000.0,822785.689429,1103211.482272,0.371309,0.838686,-0.25419,-0.14472,111.0,-0.151349,118.0,-0.084666,-0.10059
VTI,5,-0.008372,2012-05-01,2017-04-28,60,600000.0,823083.181997,1124354.258429,0.371805,0.873924,-0.26795,-0.144533,111.0,-0.151349,118.0,-0.080819,-0.092997
VTI,5,-0.099767,2012-06-01,2017-05-31,60,600000.0,822553.456776,1251029.105418,0.370922,1.085049,-0.342499,-0.144335,111.0,-0.151349,118.0,-0.014274,-0.000914
VTI,5,-0.03603,2012-07-02,2017-06-30,60,600000.0,819299.311781,1179378.791314,0.365499,0.965631,-0.305313,-0.144102,111.0,-0.151349,118.0,-0.030732,-0.022035
VTI,5,-0.034099,2012-08-01,2017-07-31,60,600000.0,824841.903629,1199152.023813,0.374737,0.998587,-0.312146,-0.14387,111.0,-0.151349,118.0,-0.037764,-0.006854
VTI,5,-0.006471,2012-09-04,2017-08-31,60,600000.0,816056.662289,1165499.672935,0.360094,0.942499,-0.299822,-0.143624,106.0,-0.151349,118.0,-0.048821,-0.033978
VTI,5,-0.018018,2012-10-01,2017-09-29,60,600000.0,826290.818447,1162059.290626,0.377151,0.936765,-0.288943,-0.143368,106.0,-0.151349,118.0,-0.056242,-0.059772
VTI,5,-0.025338,2012-11-01,2017-10-31,60,600000.0,834593.339669,1196187.392561,0.390989,0.993646,-0.302289,-0.143103,106.0,-0.151349,118.0,-0.052711,-0.052711
VTI,5,-0.034256,2012-12-03,2017-11-30,60,600000.0,849637.697765,1243816.111788,0.416063,1.073027,-0.316911,-0.142817,106.0,-0.151349,118.0,-0.001378,-0.001378
VTI,5,0.0,2013-01-02,2017-12-29,60,600000.0,848667.658639,1206129.128953,0.414446,1.010215,-0.296371,-0.142508,106.0,-0.151349,118.0,-0.00173,-0.00173
VTI,5,0.0,2013-02-01,2018-01-31,60,600000.0,882359.962103,1222687.488367,0.4706,1.037812,-0.278344,-0.14219,106.0,-0.151349,118.0,-0.014487,-0.014487
VTI,5,-0.009098,2013-03-01,2018-02-28,60,600000.0,839202.724322,1170417.003972,0.398671,0.950695,-0.282988,-0.141861,69.0,-0.151349,118.0,-0.017254,0.0
VTI,5,-0.005312,2013-04-01,2018-03-29,60,600000.0,813525.253141,1112301.402526,0.355875,0.853836,-0.268611,-0.141509,69.0,-0.151349,118.0,-0.024889,-0.016267
VTI,5,-0.010212,2013-05-01,2018-04-30,60,600000.0,808838.911414,1105087.171107,0.348065,0.841812,-0.268077,-0.141143,68.0,-0.151349,118.0,-0.031847,-0.001462
VTI,5,-0.018559,2013-06-03,2018-05-31,60,600000.0,822187.139395,1092361.907962,0.370312,0.820603,-0.247331,-0.140752,68.0,-0.151349,118.0,-0.039109,-0.039109
VTI,5,-0.028506,2013-07-01,2018-06-29,60,600000.0,819604.093997,1111310.230698,0.366007,0.852184,-0.262488,-0.140347,68.0,-0.151349,118.0,-0.044828,-0.001079
VTI,5,0.0,2013-08-01,2018-07-31,60,600000.0,837972.114647,1081135.198663,0.39662,0.801892,-0.224915,-0.139905,68.0,-0.151349,118.0,-0.051599,-0.042923
VTI,5,-0.038158,2013-09-03,2018-08-31,60,600000.0,858452.455195,1161950.05092,0.430754,0.936583,-0.261197,-0.139456,68.0,-0.151349,118.0,-0.056553,0.0
VTI,5,-0.012261,2013-10-01,2018-09-28,60,600000.0,850765.836485,1116561.983909,0.417943,0.860937,-0.238049,-0.138949,67.0,-0.151349,118.0,-0.063327,-0.025675
VTI,5,-0.007484,2013-11-01,2018-10-31,60,600000.0,779732.928917,998795.716386,0.299555,0.66466,-0.219327,-0.138421,67.0,-0.151349,118.0,-0.068918,-0.00907
VTI,5,-0.003511,2013-12-02,2018-11-30,60,600000.0,788539.127553,995518.389547,0.314232,0.659197,-0.207911,-0.137867,67.0,-0.151349,118.0,-0.073552,-0.026498
VTI,5,-0.008757,2014-01-02,2018-12-31,60,600000.0,710089.626431,885993.538343,0.183483,0.476656,-0.198539,-0.199191,,-0.200464,,-0.07761,-0.046067
VTI,5,-0.057271,2014-02-03,2019-01-31,60,600000.0,765551.279138,1008099.691056,0.275919,0.680166,-0.2406,-0.199164,,-0.200464,,-0.081163,0.0
VTI,5,-0.007289,2014-03-03,2019-02-28,60,600000.0,785737.154465,979301.014253,0.309562,0.632168,-0.197655,-0.199134,,-0.200464,,-0.087047,-0.020974
VTI,5,0.0,2014-04-01,2019-03-29,60,600000.0,790390.03433,973348.963471,0.317317,0.622248,-0.187968,-0.199105,,-0.200464,,-0.090587,-0.040517
VTI,5,-0.009945,2014-05-01,2019-04-30,60,600000.0,814827.307527,1018500.681425,0.358046,0.697501,-0.199974,-0.199075,109.0,-0.200464,120.0,-0.093546,-0.018785
VTI,5,0.0,2014-06-02,2019-05-31,60,600000.0,755817.319511,932357.515035,0.259696,0.553929,-0.189348,-0.199044,109.0,-0.200464,120.0,-0.097106,-0.039846
VTI,5,0.0,2014-07-01,2019-06-28,60,600000.0,803404.730034,967085.506088,0.339008,0.611809,-0.169252,-0.199012,109.0,-0.200464,120.0,-0.099969,-0.069915
VTI,5,-0.03389,2014-08-01,2019-07-31,60,600000.0,808477.070112,1010417.17309,0.347462,0.684029,-0.199858,-0.198979,109.0,-0.200464,120.0,-0.101551,-0.041776
VTI,5,0.0,2014-09-02,2019-08-30,60,600000.0,785032.805874,946833.053234,0.308388,0.578055,-0.170886,-0.198944,109.0,-0.200464,120.0,-0.104872,-0.082977
VTI,5,-0.03661,2014-10-01,2019-09-30,60,600000.0,793184.099358,998188.432409,0.321973,0.663647,-0.205376,-0.198909,109.0,-0.200464,120.0,-0.10616,-0.050139
VTI,5,0.0,2014-11-03,2019-10-31,60,600000.0,803247.401052,978375.712975,0.338746,0.630626,-0.178999,-0.198871,109.0,-0.200464,120.0,-0.109661,-0.088195
VTI,5,-0.011965,2014-12-01,2019-11-29,60,600000.0,827017.63297,999871.715744,0.378363,0.666453,-0.172876,-0.198833,109.0,-0.200464,120.0,-0.111092,-0.10217
VTI,5,-0.015522,2015-01-02,2019-12-31,60,600000.0,843450.52429,1020391.542116,0.405751,0.700653,-0.173405,-0.198793,109.0,-0.200464,120.0,-0.111729,-0.108736
VTI,5,-0.030951,2015-02-02,2020-01-31,60,600000.0,835850.547866,1036003.929005,0.393084,0.726673,-0.193198,-0.198752,109.0,-0.200464,120.0,-0.11196,-0.094546
VTI,5,0.0,2015-03-02,2020-02-28,60,600000.0,762224.937995,905950.804756,0.270375,0.509918,-0.158646,-0.198708,105.0,-0.200464,120.0,-0.113411,-0.139369
VTI,5,-0.020123,2015-04-01,2020-03-31,60,600000.0,651651.142068,795666.851265,0.086085,0.326111,-0.181,-0.349259,,-0.350003,,-0.111051,-0.122255
VTI,5,-0.008648,2015-05-01,2020-04-30,60,600000.0,734091.828474,884871.476748,0.223486,0.474786,-0.170397,-0.349244,,-0.350003,,-0.109931,-0.137166
VTI,5,-0.008416,2015-06-01,2020-05-29,60,600000.0,769001.195636,926834.633923,0.281669,0.544724,-0.170293,-0.349228,,-0.350003,,-0.106904,-0.14252
VTI,5,-0.022921,2015-07-01,2020-06-30,60,600000.0,781032.928239,960385.429263,0.301722,0.600642,-0.186751,-0.349212,,-0.350003,,-0.103011,-0.131441
VTI,5,-0.016299,2015-08-03,2020-07-31,60,600000.0,819477.477551,1008707.27891,0.365796,0.681179,-0.187596,-0.349194,,-0.350003,,-0.10604,-0.137287
VTI,5,-0.100111,2015-09-01,2020-08-31,60,600000.0,870312.42221,1180996.782147,0.450521,0.968328,-0.26307,-0.349176,135.0,-0.350003,142.0,-0.091815,-0.056938
VTI,5,-0.098175,2015-10-01,2020-09-30,60,600000.0,830099.031886,1136772.145593,0.383498,0.89462,-0.269775,-0.349156,135.0,-0.350003,142.0,-0.098791,-0.058963
VTI,5,-0.016033,2015-11-02,2020-10-30,60,600000.0,805064.342715,1021564.187412,0.341774,0.702607,-0.21193,-0.349134,135.0,-0.350003,142.0,-0.108748,-0.137521
VTI,5,-0.013754,2015-12-01,2020-11-30,60,600000.0,892116.101455,1139500.862431,0.48686,0.899168,-0.217099,-0.349113,135.0,-0.350003,142.0,-0.101602,-0.139514
VTI,5,-0.058012,2016-01-04,2020-12-31,60,600000.0,924290.976253,1248828.849696,0.540485,1.081381,-0.259874,-0.349092,135.0,-0.350003,142.0,-0.099331,-0.099085
VTI,5,-0.098263,2016-02-01,2021-01-29,60,600000.0,910570.649566,1300216.50962,0.517618,1.167028,-0.299678,-0.349068,135.0,-0.350003,142.0,-0.104834,-0.058871
VTI,5,-0.077083,2016-03-01,2021-02-26,60,600000.0,926946.733165,1310259.409857,0.544911,1.183766,-0.292547,-0.349041,135.0,-0.350003,142.0,-0.111631,0.0
VTI,5,-0.028365,2016-04-01,2021-03-31,60,600000.0,948232.193968,1289963.703243,0.580387,1.14994,-0.264916,-0.349014,135.0,-0.350003,142.0,-0.118125,-0.02891
VTI,5,-0.020535,2016-05-02,2021-04-30,60,600000.0,983781.336973,1344101.42224,0.639636,1.240169,-0.268075,-0.348986,135.0,-0.350003,142.0,-0.123615,-0.036672
VTI,5,-0.00856,2016-06-01,2021-05-28,60,600000.0,975791.803566,1333922.42958,0.62632,1.223204,-0.268479,-0.348958,135.0,-0.350003,142.0,-0.129146,-0.048308
VTI,5,-0.009147,2016-07-01,2021-06-30,60,600000.0,987470.938023,1364311.713374,0.645785,1.273853,-0.276213,-0.348928,135.0,-0.350003,142.0,-0.134619,-0.007451
VTI,5,-0.001346,2016-08-01,2021-07-30,60,600000.0,991606.785987,1339358.177735,0.652678,1.232264,-0.25964,-0.348896,135.0,-0.350003,142.0,-0.14029,-0.035587
VTI,5,-0.006758,2016-09-01,2021-08-31,60,600000.0,1007291.890781,1372217.61977,0.67882,1.287029,-0.265939,-0.348863,135.0,-0.350003,142.0,-0.145316,-0.039386
VTI,5,-0.010815,2016-10-03,2021-09-30,60,600000.0,950012.197825,1313067.797193,0.583354,1.188446,-0.276494,-0.348829,135.0,-0.350003,142.0,-0.150481,-0.037841
VTI,5,-0.03675,2016-11-01,2021-10-29,60,600000.0,1000719.072291,1438595.553796,0.667865,1.397659,-0.304378,-0.348793,135.0,-0.350003,142.0,-0.155939,-0.011936
VTI,5,-0.010825,2016-12-01,2021-11-30,60,600000.0,972282.453938,1352154.519871,0.620471,1.253591,-0.280938,-0.348753,135.0,-0.350003,142.0,-0.162393,0.0
VTI,5,-0.005733,2017-01-03,2021-12-31,60,600000.0,996298.478987,1360040.978196,0.660497,1.266735,-0.26745,-0.348712,135.0,-0.350003,142.0,-0.167873,0.0
VTI,5,-0.009028,2017-02-01,2022-01-31,60,600000.0,923969.173441,1264032.352723,0.539949,1.106721,-0.26903,-0.34867,135.0,-0.350003,142.0,-0.172787,0.0
VTI,5,0.0,2017-03-01,2022-02-28,60,600000.0,890127.251129,1172787.133668,0.483545,0.954645,-0.241016,-0.348626,134.0,-0.350003,142.0,-0.177673,-0.040925
VTI,5,-0.015182,2017-04-03,2022-03-31,60,600000.0,909450.721161,1229688.339228,0.515751,1.049481,-0.260422,-0.348581,134.0,-0.350003,142.0,-0.181471,-0.02614
VTI,5,-0.000732,2017-05-01,2022-04-29,60,600000.0,816830.545334,1100036.438024,0.361384,0.833394,-0.257451,-0.348532,134.0,-0.350003,142.0,-0.185909,-0.041271
VTI,5,0.0,2017-06-01,2022-05-31,60,600000.0,806389.724413,1079100.603517,0.343983,0.798501,-0.252721,-0.348481,134.0,-0.350003,142.0,-0.190163,-0.057148
VTI,5,-0.007487,2017-07-03,2022-06-30,60,600000.0,732746.816368,987712.008214,0.221245,0.646187,-0.258137,-0.348427,134.0,-0.350003,142.0,-0.194194,-0.05959
VTI,5,-0.002591,2017-08-01,2022-07-29,60,600000.0,794055.208787,1060479.917134,0.323425,0.767467,-0.25123,-0.348369,134.0,-0.350003,142.0,-0.1984,-0.076614
VTI,5,-0.000863,2017-09-01,2022-08-31,60,600000.0,757082.978267,1019175.040371,0.261805,0.698625,-0.257161,-0.348308,134.0,-0.350003,142.0,-0.202329,-0.078211
VTI,5,0.0,2017-10-02,2022-09-30,60,600000.0,680853.81664,900400.192415,0.134756,0.500667,-0.243832,-0.348242,133.0,-0.350003,142.0,-0.206466,-0.102823
VTI,5,-0.001508,2017-11-01,2022-10-31,60,600000.0,730409.092652,956983.230037,0.217348,0.594972,-0.236759,-0.348173,133.0,-0.350003,142.0,-0.21004,-0.117997
VTI,5,-0.00198,2017-12-01,2022-11-30,60,600000.0,761941.500716,979603.310611,0.269903,0.632672,-0.222194,-0.3481,133.0,-0.350003,142.0,-0.213327,-0.141526
VTI,5,0.0,2018-01-02,2022-12-30,60,600000.0,711365.981315,903469.380774,0.18561,0.505782,-0.212629,-0.348022,133.0,-0.350003,142.0,-0.215987,-0.159003
VTI,5,-0.016955,2018-02-01,2023-01-31,60,600000.0,755264.076094,924882.958865,0.258773,0.541472,-0.183395,-0.34794,133.0,-0.350003,142.0,-0.218178,-0.194829
VTI,5,-0.064755,2018-03-01,2023-02-28,60,600000.0,731722.168211,948804.869741,0.219537,0.581341,-0.228796,-0.347855,133.0,-0.350003,142.0,-0.219112,-0.153676
VTI,5,-0.093227,2018-04-02,2023-03-31,60,600000.0,745535.196876,1005088.122351,0.242559,0.675147,-0.258239,-0.347757,133.0,-0.350003,142.0,-0.221839,-0.127103
VTI,5,-0.066495,2018-05-01,2023-04-28,60,600000.0,746720.545416,986829.920542,0.244534,0.644717,-0.243314,-0.347646,133.0,-0.350003,142.0,-0.225958,-0.152099
VTI,5,-0.032584,2018-06-01,2023-05-31,60,600000.0,743435.815482,956300.018091,0.23906,0.593833,-0.222591,-0.347528,121.0,-0.350003,142.0,-0.229315,-0.181821
VTI,5,-0.033495,2018-07-02,2023-06-30,60,600000.0,787015.978512,1021609.000176,0.311693,0.702682,-0.229631,-0.347402,121.0,-0.350003,142.0,-0.231576,-0.181049
VTI,5,-0.011662,2018-08-01,2023-07-31,60,600000.0,808533.299105,1028708.746601,0.347555,0.714515,-0.214031,-0.347263,121.0,-0.350003,142.0,-0.234103,-0.204501
VTI,5,-0.005112,2018-09-04,2023-08-31,60,600000.0,785938.119103,975586.433952,0.309897,0.625977,-0.194394,-0.347112,121.0,-0.350003,142.0,-0.235661,-0.230724
VTI,5,-0.004722,2018-10-01,2023-09-29,60,600000.0,742214.035525,924212.559686,0.237023,0.540354,-0.196923,-0.346949,120.0,-0.350003,142.0,-0.235935,-0.234481
VTI,5,-0.069467,2018-11-01,2023-10-31,60,600000.0,717328.462826,962362.926813,0.195547,0.603938,-0.254618,-0.346768,119.0,-0.350003,142.0,-0.236021,-0.181217
VTI,5,-0.050409,2018-12-03,2023-11-30,60,600000.0,778150.982361,1031839.830836,0.296918,0.719733,-0.245861,-0.34655,119.0,-0.350003,142.0,-0.239446,-0.19765
VTI,5,-0.146828,2019-01-02,2023-12-29,60,600000.0,811678.996833,1209248.077314,0.352798,1.015413,-0.328774,-0.346304,119.0,-0.350003,142.0,-0.242232,-0.106975
VTI,5,-0.073353,2019-02-01,2024-01-31,60,600000.0,810546.864926,1125803.111565,0.350911,0.876339,-0.280028,-0.345987,114.0,-0.350003,142.0,-0.251893,-0.177783
VTI,5,-0.035347,2019-03-01,2024-02-29,60,600000.0,844127.753103,1138750.405995,0.40688,0.897917,-0.258725,-0.345643,77.0,-0.350003,142.0,-0.257594,-0.210178
VTI,5,-0.016902,2019-04-01,2024-03-28,60,600000.0,862277.788822,1153807.882837,0.43713,0.923013,-0.252668,-0.345251,77.0,-0.350003,142.0,-0.261546,-0.224997
VTI,5,-0.007447,2019-05-01,2024-04-30,60,600000.0,815999.017466,1082392.809166,0.359998,0.803988,-0.246116,-0.344792,77.0,-0.350003,142.0,-0.264868,-0.23995
VTI,5,-0.067848,2019-06-03,2024-05-31,60,600000.0,846431.689438,1205447.64212,0.410719,1.009079,-0.297828,-0.344247,77.0,-0.350003,142.0,-0.26736,-0.19199
VTI,5,0.0,2019-07-01,2024-06-28,60,600000.0,862088.075876,1149995.55802,0.436813,0.916659,-0.250355,-0.343526,74.0,-0.350003,142.0,-0.275735,-0.252184
VTI,5,-0.023379,2019-08-01,2024-07-31,60,600000.0,869034.223376,1174467.594854,0.44839,0.957446,-0.260061,-0.342678,74.0,-0.350003,142.0,-0.278678,-0.250448
VTI,5,-0.04106,2019-09-03,2024-08-30,60,600000.0,877942.034316,1221617.21165,0.463237,1.036029,-0.281328,-0.34157,74.0,-0.350003,142.0,-0.282711,-0.236629
VTI,5,-0.03042,2019-10-01,2024-09-30,60,600000.0,885425.607487,1232748.681675,0.475709,1.054581,-0.281747,-0.340035,72.0,-0.350003,142.0,-0.290392,-0.245006
VTI,5,0.0,2019-11-01,2024-10-31,60,600000.0,868390.060972,1170087.176021,0.447317,0.950145,-0.257842,-0.337846,72.0,-0.350003,142.0,-0.299469,-0.277951
VTI,5,-0.0135,2019-12-02,2024-11-29,60,600000.0,916391.740829,1226913.482083,0.52732,1.044856,-0.253092,-0.334615,70.0,-0.350003,142.0,-0.304848,-0.290428
VTI,5,0.0,2020-01-02,2024-12-31,60,600000.0,878379.961082,1137223.286797,0.463967,0.895372,-0.22761,-0.329173,64.0,-0.350003,142.0,-0.309655,-0.321675
VTI,5,-0.022517,2020-02-03,2025-01-31,60,600000.0,895815.630416,1171857.944934,0.493026,0.953097,-0.23556,-0.318537,37.0,-0.350003,142.0,-0.303644,-0.321593
VTI,5,-0.090027,2020-03-02,2025-02-28,60,600000.0,869616.593841,1210559.640757,0.449361,1.017599,-0.281641,-0.294966,17.0,-0.294966,72.0,-0.285696,-0.285696
VTI,5,-0.282275,2020-04-01,2025-03-31,60,600000.0,809289.238849,1444947.51067,0.348815,1.408246,-0.439918,-0.231294,392.0,-0.253633,433.0,-0.057794,0.0
VTI,5,-0.172246,2020-05-01,2025-04-30,60,600000.0,789328.78801,1243670.410311,0.315548,1.072784,-0.365323,-0.230453,391.0,-0.253633,433.0,-0.07754,-0.002539
VTI,5,-0.096714,2020-06-01,2025-05-30,60,600000.0,827222.801883,1210942.72147,0.378705,1.018238,-0.316877,-0.229631,391.0,-0.253633,433.0,-0.091504,-0.018611
VTI,5,-0.076829,2020-07-01,2025-06-30,60,600000.0,859173.864973,1246037.761881,0.431956,1.07673,-0.310475,-0.228788,382.0,-0.253633,433.0,-0.102435,0.0
VTI,5,-0.021008,2020-08-03,2025-07-31,60,600000.0,867835.08886,1201896.84031,0.446392,1.003161,-0.277945,-0.227864,379.0,-0.253633,433.0,-0.113209,-0.013895
VTI,5,0.0,2020-09-01,2025-08-29,60,600000.0,878145.582513,1148375.849022,0.463576,0.91396,-0.235315,-0.226887,379.0,-0.253633,433.0,-0.122159,-0.079452
VTI,5,-0.048585,2020-10-01,2025-09-30,60,600000.0,898797.811553,1231837.359237,0.497996,1.053062,-0.27036,-0.225865,364.0,-0.253633,433.0,-0.128779,-0.027601
VTI,5,-0.065206,2020-11-02,2025-10-31,60,600000.0,907855.605405,1281437.305823,0.513093,1.135729,-0.291533,-0.22467,364.0,-0.253633,433.0,-0.137652,0.0
VTI,5,0.0,2020-12-01,2025-11-28,60,600000.0,898865.725935,1146615.429766,0.49811,0.911026,-0.21607,-0.223284,364.0,-0.253633,433.0,-0.1482,-0.02425
VTI,5,-0.014231,2021-01-04,2025-12-31,60,600000.0,889569.27372,1125013.411839,0.482615,0.875022,-0.209281,-0.221872,362.0,-0.253633,433.0,-0.155216,-0.04238
VTI,5,-0.020649,2021-02-01,2026-01-30,60,600000.0,894711.727278,1111346.054047,0.491186,0.852243,-0.19493,-0.22029,362.0,-0.253633,433.0,-0.162551,-0.068735
VTI,5,-0.01094,2021-03-01,2026-02-27,60,600000.0,881450.122256,1062809.300444,0.469084,0.771349,-0.170641,-0.218523,361.0,-0.253633,433.0,-0.169136,-0.104675
VTI,5,0.0,2021-04-01,2026-03-31,60,600000.0,829997.655015,986742.736542,0.383329,0.644571,-0.158851,-0.21656,361.0,-0.253633,433.0,-0.174172,-0.12496
VTI,5,-0.005578,2021-05-03,2026-04-30,60,600000.0,909133.073116,1048306.831089,0.515222,0.747178,-0.132761,-0.214332,358.0,-0.253633,433.0,-0.178461,-0.157953
VTI,5,-0.002606,2021-06-01,2026-05-29,60,600000.0,948368.883087,1099111.514331,0.580615,0.831853,-0.13715,-0.211822,355.0,-0.253633,433.0,-0.180841,-0.160655
VTI,5,0.0,2021-07-01,2026-06-30,60,600000.0,936404.95115,1063027.809335,0.560675,0.771713,-0.119115,-0.208865,351.0,-0.253633,433.0,-0.18339,-0.18507
VTI,5,-0.007323,2021-08-02,2026-07-31,60,600000.0,924115.784316,1046836.41317,0.540193,0.744727,-0.11723,-0.205431,351.0,-0.253633,433.0,-0.184155,-0.193494
VTI,5,-0.000129,2021-09-01,2026-08-31,60,600000.0,941259.744878,1041910.985635,0.568766,0.736518,-0.096603,-0.201309,351.0,-0.253633,433.0,-0.18422,-0.218389
VTI,10,0.0,2010-09-09,2020-08-31,120,1200000.0,2434357.503515,4578797.619358,1.028631,2.815665,-0.468341,-0.349721,140.0,-0.350003,142.0,-0.116656,0.0
VTI,10,0.0,2010-10-01,2020-09-30,120,1200000.0,2320994.928939,4230663.431293,0.934162,2.525553,-0.451387,-0.349716,140.0,-0.350003,142.0,-0.126622,-0.029789
VTI,10,-0.000658,2010-11-01,2020-10-30,120,1200000.0,2250905.576604,4004751.550552,0.875755,2.337293,-0.437941,-0.349712,140.0,-0.350003,142.0,-0.134691,-0.063338
VTI,10,-0.009533,2010-12-01,2020-11-30,120,1200000.0,2490334.88453,4361800.830371,1.075279,2.634834,-0.429058,-0.349707,140.0,-0.350003,142.0,-0.143294,-0.087528
VTI,10,0.0,2011-01-03,2020-12-31,120,1200000.0,2579079.352616,4315791.972666,1.149233,2.596493,-0.402409,-0.349703,140.0,-0.350003,142.0,-0.152794,-0.137487
VTI,10,0.0,2011-02-01,2021-01-29,120,1200000.0,2544732.623024,4189612.6777,1.120611,2.491344,-0.392609,-0.349698,140.0,-0.350003,142.0,-0.157712,-0.159898
VTI,10,-0.028617,2011-03-01,2021-02-26,120,1200000.0,2598751.427493,4308345.132392,1.165626,2.590288,-0.39681,-0.349694,140.0,-0.350003,142.0,-0.160452,-0.162385
VTI,10,-0.003035,2011-04-01,2021-03-31,120,1200000.0,2666445.168921,4350927.101562,1.222038,2.625773,-0.387155,-0.349689,140.0,-0.350003,142.0,-0.163779,-0.183879
VTI,10,-0.001698,2011-05-02,2021-04-30,120,1200000.0,2773030.43582,4470347.082713,1.310859,2.725289,-0.379683,-0.349685,137.0,-0.350003,142.0,-0.163277,-0.201686
VTI,10,-0.033098,2011-06-01,2021-05-28,120,1200000.0,2758281.355856,4636568.769971,1.298568,2.863807,-0.405103,-0.34968,137.0,-0.350003,142.0,-0.156374,-0.17576
VTI,10,-0.014493,2011-07-01,2021-06-30,120,1200000.0,2797388.372533,4661945.15788,1.331157,2.884954,-0.399953,-0.349675,137.0,-0.350003,142.0,-0.155817,-0.191321
VTI,10,-0.054692,2011-08-01,2021-07-30,120,1200000.0,2816568.352561,4944604.567925,1.34714,3.120504,-0.430375,-0.34967,137.0,-0.350003,142.0,-0.138242,-0.156932
VTI,10,-0.118328,2011-09-01,2021-08-31,120,1200000.0,2864998.499411,5453033.222487,1.387499,3.544194,-0.474605,-0.349665,137.0,-0.350003,142.0,-0.066055,-0.096082
VTI,10,-0.203041,2011-10-03,2021-09-30,120,1200000.0,2703223.684399,5763357.237675,1.252686,3.802798,-0.530964,-0.349659,137.0,-0.350003,142.0,-0.001843,0.0
VTI,10,-0.106509,2011-11-01,2021-10-29,120,1200000.0,2843282.996681,5484470.716674,1.369402,3.570392,-0.481576,-0.349652,137.0,-0.350003,142.0,-0.049704,-0.049704
VTI,10,-0.085518,2011-12-01,2021-11-30,120,1200000.0,2766526.06995,5280317.739779,1.305438,3.400265,-0.476068,-0.349646,137.0,-0.350003,142.0,-0.037231,-0.033572
VTI,10,-0.063514,2012-01-03,2021-12-31,120,1200000.0,2836317.489639,5351827.972683,1.363598,3.459857,-0.470028,-0.34964,137.0,-0.350003,142.0,-0.049046,0.0
VTI,10,-0.018564,2012-02-01,2022-01-31,120,1200000.0,2631890.543342,4797273.190702,1.193242,2.997728,-0.451378,-0.349633,137.0,-0.350003,142.0,-0.063273,-0.036857
VTI,10,0.0,2012-03-01,2022-02-28,120,1200000.0,2537138.334286,4505893.062079,1.114282,2.754911,-0.436929,-0.349627,137.0,-0.350003,142.0,-0.076388,-0.072288
VTI,10,0.0,2012-04-02,2022-03-31,120,1200000.0,2591563.645097,4510837.551028,1.159636,2.759031,-0.425481,-0.34962,136.0,-0.350003,142.0,-0.084666,-0.10059
VTI,10,-0.008372,2012-05-01,2022-04-29,120,1200000.0,2329804.983774,4133529.36851,0.941504,2.444608,-0.436364,-0.349614,136.0,-0.350003,142.0,-0.080819,-0.092997
VTI,10,-0.099767,2012-06-01,2022-05-31,120,1200000.0,2299489.530132,4541738.40949,0.916241,2.784782,-0.493698,-0.349608,136.0,-0.350003,142.0,-0.014274,-0.000914
VTI,10,-0.03603,2012-07-02,2022-06-30,120,1200000.0,2084717.823807,3892316.055237,0.737265,2.243597,-0.464402,-0.3496,136.0,-0.350003,142.0,-0.030732,-0.022035
VTI,10,-0.034099,2012-08-01,2022-07-29,120,1200000.0,2254925.103775,4247614.199508,0.879104,2.539678,-0.469131,-0.349593,136.0,-0.350003,142.0,-0.037764,-0.006854
VTI,10,-0.006471,2012-09-04,2022-08-31,120,1200000.0,2146423.315438,3968537.439611,0.788686,2.307115,-0.45914,-0.349585,136.0,-0.350003,142.0,-0.048821,-0.033978
VTI,10,-0.018018,2012-10-01,2022-09-30,120,1200000.0,1927351.373074,3506039.360133,0.606126,1.921699,-0.450277,-0.349577,136.0,-0.350003,142.0,-0.056242,-0.059772
VTI,10,-0.025338,2012-11-01,2022-10-31,120,1200000.0,2062668.783446,3818943.118759,0.718891,2.182453,-0.459885,-0.34957,136.0,-0.350003,142.0,-0.052711,-0.052711
VTI,10,-0.034256,2012-12-03,2022-11-30,120,1200000.0,2146374.319297,4053445.015368,0.788645,2.377871,-0.470481,-0.349562,136.0,-0.350003,142.0,-0.001378,-0.001378
VTI,10,0.0,2013-01-02,2022-12-30,120,1200000.0,1998306.432001,3658007.581643,0.665255,2.04834,-0.453717,-0.349553,136.0,-0.350003,142.0,-0.00173,-0.00173
VTI,10,0.0,2013-02-01,2023-01-31,120,1200000.0,2114831.855914,3767910.116887,0.76236,2.139925,-0.438726,-0.349545,136.0,-0.350003,142.0,-0.014487,-0.014487
VTI,10,-0.009098,2013-03-01,2023-02-28,120,1200000.0,2043035.475867,3657717.851323,0.70253,2.048098,-0.441445,-0.349536,136.0,-0.350003,142.0,-0.017254,0.0
VTI,10,-0.005312,2013-04-01,2023-03-31,120,1200000.0,2077282.462935,3641692.365734,0.731069,2.034744,-0.429583,-0.349528,136.0,-0.350003,142.0,-0.024889,-0.016267
VTI,10,-0.010212,2013-05-01,2023-04-28,120,1200000.0,2079080.445369,3640709.693753,0.732567,2.033925,-0.428935,-0.349519,136.0,-0.350003,142.0,-0.031847,-0.001462
VTI,10,-0.018559,2013-06-03,2023-05-31,120,1200000.0,2067527.427634,3518389.355569,0.72294,1.931991,-0.412365,-0.34951,136.0,-0.350003,142.0,-0.039109,-0.039109
VTI,10,-0.028506,2013-07-01,2023-06-30,120,1200000.0,2185919.911495,3793578.543285,0.8216,2.161315,-0.423784,-0.349501,136.0,-0.350003,142.0,-0.044828,-0.001079
VTI,10,0.0,2013-08-01,2023-07-31,120,1200000.0,2243565.724788,3702901.420012,0.869638,2.085751,-0.394106,-0.349492,136.0,-0.350003,142.0,-0.051599,-0.042923
VTI,10,-0.038158,2013-09-03,2023-08-31,120,1200000.0,2179809.065664,3773321.184025,0.816508,2.144434,-0.42231,-0.349483,136.0,-0.350003,142.0,-0.056553,0.0
VTI,10,-0.012261,2013-10-01,2023-09-29,120,1200000.0,2054708.61989,3445087.929348,0.712257,1.870907,-0.403583,-0.349473,136.0,-0.350003,142.0,-0.063327,-0.025675
VTI,10,-0.007484,2013-11-01,2023-10-31,120,1200000.0,1982142.963683,3240317.956646,0.651786,1.700265,-0.388288,-0.349463,136.0,-0.350003,142.0,-0.068918,-0.00907
VTI,10,-0.003511,2013-12-02,2023-11-30,120,1200000.0,2150056.675682,3464019.219094,0.791714,1.886683,-0.379317,-0.349454,136.0,-0.350003,142.0,-0.073552,-0.026498
VTI,10,-0.008757,2014-01-02,2023-12-29,120,1200000.0,2243924.687381,3574085.241955,0.869937,1.978404,-0.372168,-0.349444,136.0,-0.350003,142.0,-0.07761,-0.046067
VTI,10,-0.057271,2014-02-03,2024-01-31,120,1200000.0,2249054.571938,3788535.698494,0.874212,2.157113,-0.406353,-0.349434,136.0,-0.350003,142.0,-0.081163,0.0
VTI,10,-0.007289,2014-03-03,2024-02-29,120,1200000.0,2345371.422975,3742140.587835,0.954476,2.11845,-0.373254,-0.349423,136.0,-0.350003,142.0,-0.087047,-0.020974
VTI,10,0.0,2014-04-01,2024-03-28,120,1200000.0,2399854.048842,3786986.662145,0.999878,2.155822,-0.366289,-0.349412,136.0,-0.350003,142.0,-0.090587,-0.040517
VTI,10,-0.009945,2014-05-01,2024-04-30,120,1200000.0,2274991.096963,3647360.400015,0.895826,2.039467,-0.376264,-0.349401,136.0,-0.350003,142.0,-0.093546,-0.018785
VTI,10,0.0,2014-06-02,2024-05-31,120,1200000.0,2361906.545528,3738904.453357,0.968255,2.115754,-0.368289,-0.34939,136.0,-0.350003,142.0,-0.097106,-0.039846
VTI,10,0.0,2014-07-01,2024-06-28,120,1200000.0,2412815.851308,3733327.174821,1.01068,2.111106,-0.353709,-0.349379,136.0,-0.350003,142.0,-0.099969,-0.069915
VTI,10,-0.03389,2014-08-01,2024-07-31,120,1200000.0,2436924.073304,3919029.712647,1.03077,2.265858,-0.378182,-0.349367,136.0,-0.350003,142.0,-0.101551,-0.041776
VTI,10,0.0,2014-09-02,2024-08-30,120,1200000.0,2465889.064219,3830465.996957,1.054908,2.192055,-0.356243,-0.349355,136.0,-0.350003,142.0,-0.104872,-0.082977
VTI,10,-0.03661,2014-10-01,2024-09-30,120,1200000.0,2493826.801151,4048208.902545,1.078189,2.373507,-0.383968,-0.349342,136.0,-0.350003,142.0,-0.10616,-0.050139
VTI,10,0.0,2014-11-03,2024-10-31,120,1200000.0,2451602.535889,3856785.921527,1.043002,2.213988,-0.364341,-0.349329,136.0,-0.350003,142.0,-0.109661,-0.088195
VTI,10,-0.011965,2014-12-01,2024-11-29,120,1200000.0,2592199.6658,4052133.542015,1.160166,2.376778,-0.360288,-0.349316,136.0,-0.350003,142.0,-0.111092,-0.10217
VTI,10,-0.015522,2015-01-02,2024-12-31,120,1200000.0,2490321.384478,3900196.50816,1.075268,2.250164,-0.361488,-0.349303,136.0,-0.350003,142.0,-0.111729,-0.108736
VTI,10,-0.030951,2015-02-02,2025-01-31,120,1200000.0,2542688.599727,4082468.740698,1.118907,2.402057,-0.377169,-0.349289,136.0,-0.350003,142.0,-0.11196,-0.094546
VTI,10,0.0,2015-03-02,2025-02-28,120,1200000.0,2471167.350568,3807081.412816,1.059306,2.172568,-0.350902,-0.349274,136.0,-0.350003,142.0,-0.113411,-0.139369
VTI,10,-0.020123,2015-04-01,2025-03-31,120,1200000.0,2306190.375758,3655436.282913,0.921825,2.046197,-0.369107,-0.349259,136.0,-0.350003,142.0,-0.111051,-0.122255
VTI,10,-0.008648,2015-05-01,2025-04-30,120,1200000.0,2268895.555771,3566928.223292,0.890746,1.97244,-0.363908,-0.349244,135.0,-0.350003,142.0,-0.109931,-0.137166
VTI,10,-0.008416,2015-06-01,2025-05-30,120,1200000.0,2389751.040924,3766457.832949,0.991459,2.138715,-0.365518,-0.349228,135.0,-0.350003,142.0,-0.106904,-0.14252
VTI,10,-0.022921,2015-07-01,2025-06-30,120,1200000.0,2490597.98079,4012112.404302,1.075498,2.343427,-0.37923,-0.349212,135.0,-0.350003,142.0,-0.103011,-0.131441
VTI,10,-0.016299,2015-08-03,2025-07-31,120,1200000.0,2523661.787323,4076364.486171,1.103051,2.39697,-0.380904,-0.349194,135.0,-0.350003,142.0,-0.10604,-0.137287
VTI,10,-0.100111,2015-09-01,2025-08-29,120,1200000.0,2558640.242315,4560796.180763,1.1322,2.800663,-0.438993,-0.349176,135.0,-0.350003,142.0,-0.091815,-0.056938
VTI,10,-0.098175,2015-10-01,2025-09-30,120,1200000.0,2617252.124453,4706645.644292,1.181043,2.922205,-0.443924,-0.349156,135.0,-0.350003,142.0,-0.098791,-0.058963
VTI,10,-0.016033,2015-11-02,2025-10-31,120,1200000.0,2645170.039093,4409034.442503,1.204308,2.674195,-0.400057,-0.349134,135.0,-0.350003,142.0,-0.108748,-0.137521
VTI,10,-0.013754,2015-12-01,2025-11-28,120,1200000.0,2625364.436502,4410517.34515,1.187804,2.675431,-0.404749,-0.349113,135.0,-0.350003,142.0,-0.101602,-0.139514
VTI,10,-0.058012,2016-01-04,2025-12-31,120,1200000.0,2597971.658352,4616516.312789,1.164976,2.847097,-0.437244,-0.349092,135.0,-0.350003,142.0,-0.099331,-0.099085
VTI,10,-0.098263,2016-02-01,2026-01-30,120,1200000.0,2610088.241806,4898820.021192,1.175074,3.08235,-0.467201,-0.349068,135.0,-0.350003,142.0,-0.104834,-0.058871
VTI,10,-0.077083,2016-03-01,2026-02-27,120,1200000.0,2565577.313721,4761100.980372,1.137981,2.967584,-0.461138,-0.349041,135.0,-0.350003,142.0,-0.111631,0.0
VTI,10,-0.028365,2016-04-01,2026-03-31,120,1200000.0,2408973.69947,4296040.144162,1.007478,2.580033,-0.439257,-0.349014,135.0,-0.350003,142.0,-0.118125,-0.02891
VTI,10,-0.020535,2016-05-02,2026-04-30,120,1200000.0,2630983.006149,4704990.543926,1.192486,2.920825,-0.44081,-0.348986,135.0,-0.350003,142.0,-0.123615,-0.036672
VTI,10,-0.00856,2016-06-01,2026-05-29,120,1200000.0,2736613.077737,4889114.731431,1.280511,3.074262,-0.440264,-0.348958,135.0,-0.350003,142.0,-0.129146,-0.048308
VTI,10,-0.009147,2016-07-01,2026-06-30,120,1200000.0,2695420.497493,4860589.656816,1.246184,3.050491,-0.445454,-0.348928,135.0,-0.350003,142.0,-0.134619,-0.007451
VTI,10,-0.001346,2016-08-01,2026-07-31,120,1200000.0,2651757.10661,4667032.468734,1.209798,2.889194,-0.431811,-0.348896,135.0,-0.350003,142.0,-0.14029,-0.035587
VTI,10,-0.006758,2016-09-01,2026-08-31,120,1200000.0,2693515.987272,4774141.26366,1.244597,2.978451,-0.435811,-0.348863,135.0,-0.350003,142.0,-0.145316,-0.039386
VT,1,0.0,2010-09-09,2011-08-31,12,120000.0,114292.979978,129887.772579,-0.047559,0.082398,-0.120064,-0.188987,,-0.197771,,-0.126841,-0.007703
VT,1,0.0,2010-10-01,2011-09-30,12,120000.0,101370.367549,110111.395999,-0.155247,-0.082405,-0.079384,-0.208381,,-0.226215,,-0.163351,-0.091208
VT,1,-0.004926,2010-11-01,2011-10-31,12,120000.0,113994.987002,119089.387601,-0.050042,-0.007588,-0.042778,-0.206561,,-0.238324,,-0.16991,-0.130461
VT,1,-0.038327,2010-12-01,2011-11-30,12,120000.0,112950.773803,117716.281545,-0.058744,-0.019031,-0.040483,-0.204397,,-0.238324,,-0.175237,-0.129711
VT,1,0.0,2011-01-03,2011-12-30,12,120000.0,112022.688221,110000.06016,-0.066478,-0.083333,0.018388,-0.201694,,-0.238324,,-0.181833,-0.178312
VT,1,0.0,2011-02-01,2012-01-31,12,120000.0,118829.917604,113241.509116,-0.009751,-0.056321,0.049349,-0.198447,,-0.238324,,-0.183906,-0.197936
VT,1,-0.02186,2011-03-01,2012-02-29,12,120000.0,124939.308241,119095.486241,0.041161,-0.007538,0.049068,-0.194323,133.0,-0.238324,,-0.183723,-0.194839
VT,1,-0.000994,2011-04-01,2012-03-30,12,120000.0,126385.402835,117976.553864,0.053212,-0.016862,0.071276,-0.188737,125.0,-0.238324,,-0.184003,-0.211657
VT,1,-0.002883,2011-05-02,2012-04-30,12,120000.0,124958.316409,112965.503785,0.041319,-0.058621,0.106163,-0.182761,119.0,-0.236122,,-0.180979,-0.236122
VT,1,-0.043244,2011-06-01,2012-05-31,12,120000.0,114286.752741,107216.666634,-0.04761,-0.106528,0.065942,-0.176087,35.0,-0.222484,,-0.170229,-0.203897
VT,1,-0.024794,2011-07-01,2012-06-29,12,120000.0,121518.869712,110588.019266,0.012657,-0.078433,0.098843,-0.164488,35.0,-0.222484,,-0.163225,-0.218959
VT,1,-0.063617,2011-08-01,2012-07-31,12,120000.0,123149.590315,116005.364349,0.026247,-0.033289,0.061585,-0.143268,67.0,-0.186576,143.0,-0.143268,-0.186576
VT,1,-0.131078,2011-09-01,2012-08-31,12,120000.0,126573.931846,128109.831871,0.054783,0.067582,-0.011989,-0.116719,,-0.130301,,-0.109489,-0.123424
VT,1,-0.238324,2011-10-03,2012-09-28,12,120000.0,129821.242048,150689.415307,0.081844,0.255745,-0.138485,-0.115171,76.0,-0.130301,104.0,-0.046106,0.0
VT,1,-0.15568,2011-11-01,2012-10-31,12,120000.0,126446.004611,135118.756218,0.053717,0.12599,-0.064186,-0.112911,76.0,-0.130301,104.0,-0.066242,-0.066242
VT,1,-0.145301,2011-12-01,2012-11-30,12,120000.0,126951.559327,135519.087969,0.05793,0.129326,-0.06322,-0.110202,76.0,-0.130301,104.0,-0.071581,-0.048796
VT,1,-0.134342,2012-01-03,2012-12-31,12,120000.0,129589.21442,137961.825839,0.07991,0.149682,-0.060688,-0.109227,81.0,-0.130301,104.0,-0.079739,-0.035008
VT,1,-0.091443,2012-02-01,2013-01-31,12,120000.0,133001.98519,136714.226528,0.10835,0.139285,-0.027153,-0.108341,81.0,-0.130301,104.0,-0.092633,-0.080572
VT,1,-0.052086,2012-03-01,2013-02-28,12,120000.0,131107.23216,130629.994862,0.09256,0.088583,0.003653,-0.10689,77.0,-0.130301,104.0,-0.102935,-0.118746
VT,1,-0.040279,2012-04-02,2013-03-28,12,120000.0,133260.057701,132059.264867,0.1105,0.100494,0.009093,-0.104059,46.0,-0.129588,104.0,-0.104059,-0.129588
VT,1,-0.056612,2012-05-01,2013-04-30,12,120000.0,135885.85287,137943.263025,0.132382,0.149527,-0.014915,-0.09637,32.0,-0.114518,97.0,-0.09637,-0.114518
VT,1,-0.164647,2012-06-01,2013-05-31,12,120000.0,133736.812702,154912.617732,0.114473,0.290938,-0.136695,-0.05912,26.0,-0.064223,32.0,0.0,0.0
VT,1,-0.097937,2012-07-02,2013-06-28,12,120000.0,127272.631085,139624.038717,0.060605,0.163534,-0.088462,-0.085053,,-0.087162,,-0.034686,-0.034686
VT,1,-0.097543,2012-08-01,2013-07-31,12,120000.0,132038.175316,146770.181019,0.100318,0.223085,-0.100375,-0.08484,28.0,-0.087162,,-0.019678,-0.010031
VT,1,-0.073339,2012-09-04,2013-08-30,12,120000.0,126492.397476,139427.232447,0.054103,0.161894,-0.092771,-0.08458,28.0,-0.087162,39.0,-0.03258,-0.007588
VT,1,-0.03875,2012-10-01,2013-09-30,12,120000.0,131755.752961,141920.418063,0.097965,0.18267,-0.071622,-0.084263,28.0,-0.087162,39.0,-0.045076,-0.043298
VT,1,-0.035165,2012-11-01,2013-10-31,12,120000.0,134665.819252,146636.485792,0.122215,0.221971,-0.081635,-0.083875,28.0,-0.087162,39.0,-0.046853,-0.046853
VT,1,-0.037157,2012-12-03,2013-11-29,12,120000.0,134497.514517,149209.844592,0.120813,0.243415,-0.098602,-0.083368,24.0,-0.087162,39.0,-0.01451,0.0
VT,1,0.0,2013-01-02,2013-12-31,12,120000.0,135034.909783,144370.24592,0.125291,0.203085,-0.064662,-0.082675,24.0,-0.087162,39.0,-0.027076,-0.009703
VT,1,0.0,2013-02-01,2014-01-31,12,120000.0,127236.383966,134284.138129,0.060303,0.119034,-0.052484,-0.081737,24.0,-0.087162,39.0,-0.033372,-0.027371
VT,1,-0.012495,2013-03-01,2014-02-28,12,120000.0,132833.039918,142689.726986,0.106942,0.189081,-0.069078,-0.080351,21.0,-0.087162,39.0,-0.036137,-0.012605
VT,1,-0.012826,2013-04-01,2014-03-31,12,120000.0,131717.537344,141662.031005,0.097646,0.180517,-0.070199,-0.077983,17.0,-0.087162,39.0,-0.043981,-0.024463
VT,1,-0.009687,2013-05-01,2014-04-30,12,120000.0,130796.605618,139136.378314,0.089972,0.15947,-0.05994,-0.073179,17.0,-0.087162,39.0,-0.05374,-0.04887
VT,1,-0.03033,2013-06-03,2014-05-30,12,120000.0,131825.34159,140529.432082,0.098545,0.171079,-0.061938,-0.060708,15.0,-0.063468,21.0,-0.05861,-0.05861
VT,1,-0.054203,2013-07-01,2014-06-30,12,120000.0,132945.720677,147255.563537,0.107881,0.22713,-0.097177,-0.054357,11.0,-0.063468,21.0,-0.01001,-0.005583
VT,1,-0.000485,2013-08-01,2014-07-31,12,120000.0,128302.613489,136900.825267,0.069188,0.14084,-0.062806,-0.052924,11.0,-0.063468,21.0,-0.037347,-0.037347
VT,1,-0.031426,2013-09-03,2014-08-29,12,120000.0,130291.82673,144666.06676,0.085765,0.205551,-0.099362,-0.051342,11.0,-0.063468,21.0,-0.009768,0.0
VT,1,-0.014469,2013-10-01,2014-09-30,12,120000.0,123943.121426,132592.785663,0.032859,0.10494,-0.065235,-0.04921,10.0,-0.063468,21.0,-0.022656,-0.02179
VT,1,-0.009632,2013-11-01,2014-10-31,12,120000.0,124206.582699,130148.540913,0.035055,0.084571,-0.045655,-0.088705,,-0.093995,,-0.033892,-0.027602
VT,1,-0.006837,2013-12-02,2014-11-28,12,120000.0,124956.053931,130613.164334,0.0413,0.088443,-0.043312,-0.088334,,-0.093995,,-0.038094,-0.036306
VT,1,-0.014815,2014-01-02,2014-12-31,12,120000.0,121686.283286,126287.005664,0.014052,0.052392,-0.036431,-0.08789,,-0.093995,,-0.04223,-0.049385
VT,1,-0.063468,2014-02-03,2015-01-30,12,120000.0,119213.566216,130682.155905,-0.006554,0.089018,-0.087759,-0.087349,,-0.093995,,-0.045772,0.0
VT,1,-0.013563,2014-03-03,2015-02-27,12,120000.0,125226.30723,130751.115029,0.043553,0.089593,-0.042254,-0.086625,119.0,-0.093995,127.0,-0.056626,-0.016903
VT,1,0.0,2014-04-01,2015-03-31,12,120000.0,122786.747308,125867.099032,0.023223,0.048892,-0.024473,-0.08573,41.0,-0.093995,127.0,-0.062301,-0.041998
VT,1,0.0,2014-05-01,2015-04-30,12,120000.0,125408.665255,128818.419088,0.045072,0.073487,-0.026469,-0.084553,41.0,-0.093995,127.0,-0.065684,-0.043906
VT,1,0.0,2014-06-02,2015-05-29,12,120000.0,124989.208822,126413.3126,0.041577,0.053444,-0.011265,-0.08289,39.0,-0.093995,127.0,-0.07004,-0.064866
VT,1,0.0,2014-07-01,2015-06-30,12,120000.0,121691.543899,120385.961338,0.014096,0.003216,0.010845,-0.080424,36.0,-0.093995,127.0,-0.071333,-0.089232
VT,1,-0.034237,2014-08-01,2015-07-31,12,120000.0,122218.812483,124626.522369,0.01849,0.038554,-0.019319,-0.076413,36.0,-0.092557,125.0,-0.065367,-0.061877
VT,1,-0.003646,2014-09-02,2015-08-31,12,120000.0,113793.822634,112789.763871,-0.051718,-0.060085,0.008902,-0.131541,,-0.138089,,-0.092783,-0.100788
VT,1,-0.052748,2014-10-01,2015-09-30,12,120000.0,110461.260005,114233.943044,-0.079489,-0.04805,-0.033026,-0.131589,,-0.148035,,-0.095966,-0.06509
VT,1,-0.032841,2014-11-03,2015-10-30,12,120000.0,118978.865337,120034.693042,-0.008509,0.000289,-0.008796,-0.130192,,-0.148035,,-0.098773,-0.084333
VT,1,-0.024401,2014-12-01,2015-11-30,12,120000.0,118750.991158,118895.877517,-0.010408,-0.009201,-0.001219,-0.129281,,-0.148035,,-0.100217,-0.092255
VT,1,-0.039119,2015-01-02,2015-12-31,12,120000.0,116144.586498,118080.582067,-0.032128,-0.015995,-0.016396,-0.128145,,-0.148035,,-0.101101,-0.07835
VT,1,-0.0396,2015-02-02,2016-01-29,12,120000.0,109643.265875,111209.607449,-0.086306,-0.073253,-0.014085,-0.141959,,-0.184322,,-0.129599,-0.117164
VT,1,0.0,2015-03-02,2016-02-29,12,120000.0,109142.084971,104819.748849,-0.090483,-0.126502,0.041236,-0.144919,,-0.197898,,-0.138468,-0.172587
VT,1,-0.016987,2015-04-01,2016-03-31,12,120000.0,118942.311845,114894.693541,-0.008814,-0.042544,0.035229,-0.139977,,-0.197898,,-0.135366,-0.160025
VT,1,-0.006696,2015-05-01,2016-04-29,12,120000.0,120585.369423,112120.229117,0.004878,-0.065665,0.075501,-0.137711,62.0,-0.197898,,-0.1329,-0.188468
VT,1,-0.018129,2015-06-01,2016-05-31,12,120000.0,121962.361918,113599.390505,0.016353,-0.053338,0.073618,-0.136234,62.0,-0.190751,,-0.126726,-0.183089
VT,1,-0.034779,2015-07-01,2016-06-30,12,120000.0,122250.277973,115345.038129,0.018752,-0.038791,0.059866,-0.134397,62.0,-0.180916,,-0.119681,-0.168997
VT,1,-0.039148,2015-08-03,2016-07-29,12,120000.0,127679.684347,120678.376475,0.063997,0.005653,0.058016,-0.132021,62.0,-0.171676,,-0.112635,-0.165218
VT,1,-0.127321,2015-09-01,2016-08-31,12,120000.0,128104.550339,133332.702728,0.067538,0.111106,-0.039211,-0.128875,48.0,-0.151754,117.0,-0.103871,-0.080874
VT,1,-0.128743,2015-10-01,2016-09-30,12,120000.0,127947.430507,134590.038458,0.066229,0.121584,-0.049354,-0.124004,36.0,-0.151754,117.0,-0.108471,-0.079374
VT,1,-0.057537,2015-11-02,2016-10-31,12,120000.0,124248.523205,121967.658044,0.035404,0.016397,0.018701,-0.119145,57.0,-0.151754,117.0,-0.118168,-0.148931
VT,1,-0.060203,2015-12-01,2016-11-30,12,120000.0,125622.940991,123769.570858,0.046858,0.031413,0.014974,-0.109989,51.0,-0.146516,68.0,-0.109989,-0.146516
VT,1,-0.105707,2016-01-04,2016-12-30,12,120000.0,127627.401082,132426.378249,0.063562,0.103553,-0.036239,-0.088069,42.0,-0.103247,29.0,-0.087908,-0.103089
VT,1,-0.142647,2016-02-01,2017-01-31,12,120000.0,130305.908223,142276.091808,0.085883,0.185634,-0.084133,-0.073458,15.0,-0.073458,15.0,-0.064445,-0.064445
VT,1,-0.131754,2016-03-01,2017-02-28,12,120000.0,131889.888198,144270.03706,0.099082,0.20225,-0.085812,-0.073458,15.0,-0.073458,15.0,-0.032053,0.0
VT,1,-0.087299,2016-04-01,2017-03-31,12,120000.0,131662.099431,139269.442708,0.097184,0.160579,-0.054623,-0.073458,15.0,-0.073458,15.0,-0.047498,-0.03512
VT,1,-0.070024,2016-05-02,2017-04-28,12,120000.0,132179.45615,138903.95154,0.101495,0.157533,-0.048411,-0.073458,15.0,-0.073458,15.0,-0.053687,-0.053043
VT,1,-0.068757,2016-06-01,2017-05-31,12,120000.0,133124.542624,141414.596238,0.109371,0.178455,-0.058622,-0.073458,14.0,-0.073458,15.0,-0.054332,-0.054332
VT,1,-0.067907,2016-07-01,2017-06-30,12,120000.0,132095.157479,142177.589347,0.100793,0.184813,-0.070914,-0.041986,32.0,-0.051841,33.0,-0.021708,-0.013884
VT,1,-0.037391,2016-08-01,2017-07-31,12,120000.0,133682.760892,141319.6052,0.114023,0.177663,-0.05404,-0.039399,32.0,-0.051841,33.0,-0.028721,-0.025561
VT,1,-0.027006,2016-09-01,2017-08-31,12,120000.0,132414.674495,140396.130712,0.103456,0.169968,-0.05685,-0.035771,72.0,-0.051841,33.0,-0.029774,-0.035961
VT,1,-0.024418,2016-10-03,2017-09-29,12,120000.0,133439.215,142974.830046,0.111993,0.191457,-0.066694,-0.027801,17.0,-0.040729,32.0,-0.026681,-0.038519
VT,1,-0.047864,2016-11-01,2017-10-31,12,120000.0,134272.732237,149582.075936,0.118939,0.246517,-0.102347,-0.021356,15.0,-0.021356,15.0,-0.014843,-0.014843
VT,1,-0.035017,2016-12-01,2017-11-30,12,120000.0,134285.720211,150390.783646,0.119048,0.253257,-0.107088,-0.021356,15.0,-0.021356,15.0,0.0,0.0
VT,1,-0.008028,2017-01-03,2017-12-29,12,120000.0,133876.143759,148181.052942,0.115635,0.234842,-0.096537,-0.021356,15.0,-0.021356,15.0,0.0,0.0
VT,1,-0.007258,2017-02-01,2018-01-31,12,120000.0,138644.910226,152774.977819,0.155374,0.273125,-0.092489,-0.021356,15.0,-0.021356,15.0,0.0,0.0
VT,1,0.0,2017-03-01,2018-02-28,12,120000.0,129882.638651,140645.157605,0.082355,0.172043,-0.076522,-0.097617,,-0.098834,,-0.012556,-0.012556
VT,1,-0.004226,2017-04-03,2018-03-29,12,120000.0,126641.830961,138629.004917,0.055349,0.155242,-0.086469,-0.097496,,-0.098834,,-0.010129,-0.010129
VT,1,-0.000151,2017-05-01,2018-04-30,12,120000.0,125819.252139,136571.819751,0.048494,0.138098,-0.078732,-0.097349,,-0.098834,,-0.00015,-0.00015
VT,1,0.0,2017-06-01,2018-05-31,12,120000.0,125150.575956,134018.25694,0.042921,0.116819,-0.066168,-0.097169,,-0.098834,,-0.008156,-0.007884
VT,1,-0.006023,2017-07-03,2018-06-29,12,120000.0,123148.873101,133147.459016,0.026241,0.109562,-0.075094,-0.096946,,-0.098834,,-0.008427,-0.008427
VT,1,0.0,2017-08-01,2018-07-31,12,120000.0,125599.833909,133080.81929,0.046665,0.109007,-0.056214,-0.096654,,-0.098834,,-0.019248,-0.019248
VT,1,0.0,2017-09-01,2018-08-31,12,120000.0,125618.251894,133842.453572,0.046819,0.115354,-0.061447,-0.096269,200.0,-0.098834,,-0.012798,-0.006732
VT,1,0.0,2017-10-02,2018-09-28,12,120000.0,124626.87028,131282.464205,0.038557,0.094021,-0.050697,-0.09572,167.0,-0.098834,,-0.023586,0.0
VT,1,0.0,2017-11-01,2018-10-31,12,120000.0,113985.1512,118524.456577,-0.050124,-0.012296,-0.038298,-0.106498,,-0.130157,,-0.072274,-0.035329
VT,1,-0.002174,2017-12-01,2018-11-30,12,120000.0,115925.739368,118851.738832,-0.033952,-0.009569,-0.024619,-0.106465,,-0.130157,,-0.075633,-0.049125
VT,1,0.0,2018-01-02,2018-12-31,12,120000.0,107500.362733,107344.707282,-0.104164,-0.105461,0.00145,-0.168813,,-0.199726,,-0.146998,-0.148233
VT,1,-0.018312,2018-02-01,2019-01-31,12,120000.0,117241.335901,110944.873237,-0.022989,-0.075459,0.056753,-0.167943,,-0.184798,,-0.146886,-0.184798
VT,1,-0.07237,2018-03-01,2019-02-28,12,120000.0,121316.161192,120715.401435,0.010968,0.005962,0.004977,-0.166947,,-0.178277,,-0.143095,-0.137292
VT,1,-0.091591,2018-04-02,2019-03-29,12,120000.0,122496.424211,124582.166071,0.020804,0.038185,-0.016742,-0.165659,81.0,-0.178277,,-0.14374,-0.119038
VT,1,-0.069815,2018-05-01,2019-04-30,12,120000.0,126222.388415,125889.152526,0.051853,0.049076,0.002647,-0.164002,81.0,-0.178277,120.0,-0.146827,-0.139661
VT,1,-0.054963,2018-06-01,2019-05-31,12,120000.0,118286.459214,116512.926902,-0.01428,-0.029059,0.015222,-0.161902,63.0,-0.178277,120.0,-0.147851,-0.153183
VT,1,-0.072895,2018-07-02,2019-06-28,12,120000.0,126114.054542,126332.067981,0.05095,0.052767,-0.001726,-0.159129,58.0,-0.178277,120.0,-0.146962,-0.136803
VT,1,-0.046265,2018-08-01,2019-07-31,12,120000.0,125500.638243,122804.634124,0.045839,0.023372,0.021954,-0.155135,53.0,-0.178277,120.0,-0.148994,-0.160905
VT,1,-0.040685,2018-09-04,2019-08-30,12,120000.0,122712.353628,119523.799558,0.022603,-0.003968,0.026677,-0.14925,43.0,-0.178277,120.0,-0.146016,-0.165786
VT,1,-0.030775,2018-10-01,2019-09-30,12,120000.0,125596.069534,120990.082602,0.046634,0.008251,0.038069,-0.139426,38.0,-0.174316,109.0,-0.139426,-0.174316
VT,1,-0.095373,2018-11-01,2019-10-31,12,120000.0,129130.681887,133250.794446,0.076089,0.110423,-0.03092,-0.131946,25.0,-0.135208,53.0,-0.121982,-0.115355
VT,1,-0.081613,2018-12-03,2019-11-29,12,120000.0,131205.417987,134616.311181,0.093378,0.121803,-0.025338,-0.128609,17.0,-0.128609,43.0,-0.128609,-0.128609
VT,1,-0.160566,2019-01-02,2019-12-31,12,120000.0,134549.522273,152362.841405,0.121246,0.26969,-0.116914,-0.064393,29.0,-0.067294,68.0,-0.015601,-0.015601
VT,1,-0.092261,2019-02-01,2020-01-31,12,120000.0,129702.647554,138705.862226,0.080855,0.155882,-0.064909,-0.063923,29.0,-0.067294,68.0,-0.025956,-0.003678
VT,1,-0.062089,2019-03-01,2020-02-28,12,120000.0,118835.27621,124545.443069,-0.009706,0.037879,-0.045848,-0.110617,,-0.110617,,-0.03822,-0.021682
VT,1,-0.044788,2019-04-01,2020-03-31,12,120000.0,100739.301358,104234.198915,-0.160506,-0.131382,-0.033529,-0.33766,,-0.342362,,-0.271725,-0.24646
VT,1,-0.030481,2019-05-01,2020-04-30,12,120000.0,113141.475688,113341.831317,-0.057154,-0.055485,-0.001768,-0.337213,,-0.342362,,-0.274022,-0.257579
VT,1,-0.081006,2019-06-03,2020-05-29,12,120000.0,119898.679741,125801.10652,-0.000844,0.048343,-0.046919,-0.33668,,-0.342362,,-0.275667,-0.216762
VT,1,-0.015533,2019-07-01,2020-06-30,12,120000.0,122951.562947,121041.240492,0.024596,0.008677,0.015782,-0.335985,77.0,-0.342362,,-0.282212,-0.268852
VT,1,-0.031766,2019-08-01,2020-07-31,12,120000.0,129299.474405,129586.007294,0.077496,0.079883,-0.002211,-0.335162,74.0,-0.342362,,-0.283882,-0.256594
VT,1,-0.049556,2019-09-03,2020-08-31,12,120000.0,136095.438787,139939.67653,0.134129,0.166164,-0.027471,-0.334075,74.0,-0.342362,154.0,-0.28778,-0.242679
VT,1,-0.033227,2019-10-01,2020-09-30,12,120000.0,130420.189309,133543.029729,0.086835,0.112859,-0.023385,-0.332569,74.0,-0.342362,154.0,-0.295296,-0.25547
VT,1,0.0,2019-11-01,2020-10-30,12,120000.0,126567.759722,124663.229614,0.054731,0.03886,0.015277,-0.330438,72.0,-0.342362,154.0,-0.303262,-0.290459
VT,1,-0.013229,2019-12-02,2020-11-30,12,120000.0,141648.113706,138919.793878,0.180401,0.157665,0.01964,-0.327318,71.0,-0.342362,154.0,-0.306462,-0.296347
VT,1,0.0,2020-01-02,2020-12-31,12,120000.0,146825.451433,138503.043641,0.223545,0.154192,0.060088,-0.322047,66.0,-0.342362,154.0,-0.309834,-0.33143
VT,1,-0.035026,2020-02-03,2021-01-29,12,120000.0,145011.431036,141015.722741,0.208429,0.175131,0.028335,-0.311911,56.0,-0.342362,154.0,-0.299036,-0.317753
VT,1,-0.086209,2020-03-02,2021-02-26,12,120000.0,146918.27026,152730.695411,0.224319,0.272756,-0.038057,-0.28985,22.0,-0.28985,74.0,-0.280319,-0.280319
VT,1,-0.275367,2020-04-01,2021-03-31,12,120000.0,148063.054749,198090.353215,0.233859,0.650753,-0.252548,-0.073806,19.0,-0.073806,43.0,0.0,0.0
VT,1,-0.185075,2020-05-01,2021-04-30,12,120000.0,147269.352394,183420.434499,0.227245,0.528504,-0.197094,-0.073806,19.0,-0.073806,43.0,0.0,0.0
VT,1,-0.108422,2020-06-01,2021-05-28,12,120000.0,144179.77932,170298.800416,0.201498,0.419157,-0.153372,-0.073806,19.0,-0.073806,43.0,-0.01205,-0.01205
VT,1,-0.086672,2020-07-01,2021-06-30,12,120000.0,141604.726172,168208.189408,0.180039,0.401735,-0.158158,-0.073806,19.0,-0.073806,43.0,-0.009378,0.0
VT,1,-0.033546,2020-08-03,2021-07-30,12,120000.0,138400.522051,159943.741465,0.153338,0.332865,-0.134692,-0.073806,16.0,-0.073806,43.0,-0.03725,-0.011154
VT,1,0.0,2020-09-01,2021-08-31,12,120000.0,138121.771143,154931.270172,0.151015,0.291094,-0.108496,-0.073806,15.0,-0.073806,43.0,-0.063347,-0.063347
VT,1,-0.039665,2020-10-01,2021-09-30,12,120000.0,129610.214505,152975.816187,0.080085,0.274798,-0.15274,-0.066753,5.0,-0.066753,6.0,-0.028294,-0.028294
VT,1,-0.055259,2020-11-02,2021-10-29,12,120000.0,133306.331331,163502.682177,0.110886,0.362522,-0.184684,-0.050714,21.0,-0.053885,24.0,0.0,0.0
VT,1,0.0,2020-12-01,2021-11-30,12,120000.0,126230.125356,141356.242641,0.051918,0.177969,-0.107007,-0.050352,21.0,-0.053885,24.0,0.0,0.0
VT,1,-0.005725,2021-01-04,2021-12-31,12,120000.0,129297.618057,142736.691813,0.07748,0.189472,-0.094153,-0.051208,,-0.055479,,-0.00284,0.0
VT,1,-0.0242,2021-02-01,2022-01-31,12,120000.0,121513.424585,133445.276759,0.012612,0.112044,-0.089414,-0.086132,,-0.088865,,-0.024234,0.0
VT,1,-0.016412,2021-03-01,2022-02-28,12,120000.0,116981.320045,125552.029881,-0.025156,0.046267,-0.068264,-0.092729,,-0.098734,,-0.044326,-0.031311
VT,1,0.0,2021-04-01,2022-03-31,12,120000.0,118888.100606,125670.725223,-0.009266,0.047256,-0.053971,-0.121864,,-0.134799,,-0.084868,-0.03266
VT,1,-0.005958,2021-05-03,2022-04-29,12,120000.0,108770.548617,111854.371642,-0.093579,-0.06788,-0.02757,-0.12217,,-0.139151,,-0.093579,-0.06788
VT,1,0.0,2021-06-01,2022-05-31,12,120000.0,109957.899879,110753.093836,-0.083684,-0.077058,-0.00718,-0.160509,,-0.186868,,-0.138732,-0.132503
VT,1,-1.6e-05,2021-07-01,2022-06-30,12,120000.0,101804.645085,100581.462683,-0.151628,-0.161821,0.012161,-0.188819,,-0.224321,,-0.17208,-0.182028
VT,1,-0.004865,2021-08-02,2022-07-29,12,120000.0,110579.705063,107255.230212,-0.078502,-0.106206,0.030996,-0.185704,,-0.224321,,-0.171176,-0.184693
VT,1,0.0,2021-09-01,2022-08-31,12,120000.0,107140.604963,100218.987341,-0.107162,-0.164842,0.069065,-0.181957,,-0.224321,,-0.169824,-0.206003
VT,1,-0.042694,2021-10-01,2022-09-30,12,120000.0,98455.724119,94255.31026,-0.179536,-0.214539,0.044564,-0.188178,,-0.261855,,-0.179536,-0.214539
VT,1,0.0,2021-11-01,2022-10-31,12,120000.0,106759.610959,95537.777063,-0.110337,-0.203852,0.11746,-0.181328,,-0.26382,,-0.176354,-0.25357
VT,1,-0.055479,2021-12-01,2022-11-30,12,120000.0,117787.63174,108023.275224,-0.018436,-0.099806,0.090391,-0.173455,,-0.261612,,-0.168831,-0.220578
VT,1,-0.003359,2022-01-03,2022-12-30,12,120000.0,113492.663763,97831.320713,-0.054228,-0.184739,0.160085,-0.165236,,-0.261612,,-0.163313,-0.261339
VT,1,-0.046988,2022-02-01,2023-01-31,12,120000.0,124152.614745,110132.598789,0.034605,-0.082228,0.127301,-0.157752,104.0,-0.237778,,-0.151306,-0.227523
VT,1,-0.095967,2022-03-01,2023-02-28,12,120000.0,120896.998367,112407.949521,0.007475,-0.063267,0.07552,-0.151408,61.0,-0.230165,,-0.140712,-0.185672
VT,1,-0.057311,2022-04-01,2023-03-31,12,120000.0,124972.886894,110870.938081,0.041441,-0.076076,0.127192,-0.149854,61.0,-0.225371,,-0.133581,-0.219064
VT,1,-0.136377,2022-05-02,2023-04-28,12,120000.0,127475.075706,122742.887276,0.062292,0.022857,0.038554,-0.147815,56.0,-0.171951,113.0,-0.116901,-0.147568
VT,1,-0.14137,2022-06-01,2023-05-31,12,120000.0,125718.693007,121963.125568,0.047656,0.016359,0.030793,-0.144546,42.0,-0.163403,112.0,-0.109804,-0.142611
VT,1,-0.200222,2022-07-01,2023-06-30,12,120000.0,132717.005264,138542.58553,0.105975,0.154522,-0.042049,-0.139116,42.0,-0.163403,112.0,-0.099631,-0.07952
VT,1,-0.151697,2022-08-01,2023-07-31,12,120000.0,136021.503621,135479.73369,0.133513,0.128998,0.003999,-0.127205,41.0,-0.163403,112.0,-0.110915,-0.132174
VT,1,-0.18709,2022-09-01,2023-08-31,12,120000.0,130960.096812,137358.578724,0.091334,0.144655,-0.046582,-0.124377,41.0,-0.126708,49.0,-0.091973,-0.09439
VT,1,-0.243607,2022-10-03,2023-09-29,12,120000.0,123969.837236,141341.047612,0.033082,0.177842,-0.122903,-0.071448,,-0.07689,79.0,-0.026723,-0.026723
VT,1,-0.213194,2022-11-01,2023-10-31,12,120000.0,118676.917716,131911.294341,-0.011026,0.099261,-0.100328,-0.104123,,-0.111799,,-0.028544,-0.028544
VT,1,-0.147783,2022-12-01,2023-11-30,12,120000.0,128180.877164,132758.926561,0.068174,0.106324,-0.034484,-0.103332,34.0,-0.111799,,-0.057307,-0.057307
VT,1,-0.187006,2023-01-03,2023-12-29,12,120000.0,133583.896742,146341.245978,0.113199,0.21951,-0.087175,-0.102442,34.0,-0.111799,47.0,-0.040711,0.0
VT,1,-0.115831,2023-02-01,2024-01-31,12,120000.0,131474.078818,134560.911908,0.095617,0.121341,-0.02294,-0.101282,28.0,-0.111799,47.0,-0.050382,-0.06941
VT,1,-0.151466,2023-03-01,2024-02-29,12,120000.0,135989.768268,146508.287187,0.133248,0.220902,-0.071795,-0.099931,24.0,-0.111799,47.0,-0.051942,-0.03033
VT,1,-0.124959,2023-04-03,2024-03-28,12,120000.0,137955.810443,146601.098039,0.149632,0.221676,-0.058972,-0.098095,24.0,-0.111799,47.0,-0.05972,-0.027864
VT,1,-0.117677,2023-05-01,2024-04-30,12,120000.0,130899.939088,140180.695748,0.090833,0.168172,-0.066206,-0.095677,21.0,-0.111799,47.0,-0.065029,-0.035888
VT,1,-0.116447,2023-06-01,2024-05-31,12,120000.0,135180.918605,146423.881213,0.126508,0.220199,-0.076784,-0.092258,18.0,-0.111799,47.0,-0.070858,-0.03723
VT,1,-0.073687,2023-07-03,2024-06-28,12,120000.0,135077.990241,141879.890556,0.12565,0.182332,-0.047941,-0.087007,18.0,-0.111799,47.0,-0.079265,-0.081672
VT,1,-0.048076,2023-08-01,2024-07-31,12,120000.0,135879.44646,140796.093337,0.132329,0.173301,-0.03492,-0.078462,18.0,-0.10638,45.0,-0.078462,-0.10638
VT,1,-0.066261,2023-09-01,2024-08-30,12,120000.0,137465.206126,146887.409483,0.145543,0.224062,-0.064146,-0.078616,18.0,-0.088976,24.0,-0.064503,-0.088976
VT,1,-0.113869,2023-10-02,2024-09-30,12,120000.0,138399.665695,158178.810726,0.153331,0.318157,-0.125043,-0.078355,18.0,-0.081279,18.0,-0.04003,-0.04003
VT,1,-0.126586,2023-11-01,2024-10-31,12,120000.0,132332.237675,156982.607189,0.102769,0.308188,-0.157026,-0.078018,18.0,-0.081279,18.0,0.0,0.0
VT,1,-0.049045,2023-12-01,2024-11-29,12,120000.0,134562.414968,150154.377768,0.121353,0.251286,-0.10384,-0.077586,18.0,-0.081279,18.0,-0.010155,-0.010155
VT,1,-0.016929,2024-01-02,2024-12-31,12,120000.0,128151.41465,140984.000683,0.067928,0.174867,-0.091022,-0.077075,18.0,-0.081279,18.0,-0.013038,-0.013038
VT,1,-0.00297,2024-02-01,2025-01-31,12,120000.0,130286.500147,142402.582511,0.085721,0.186688,-0.085083,-0.076425,16.0,-0.081279,18.0,-0.02145,-0.001057
VT,1,0.0,2024-03-01,2025-02-28,12,120000.0,127968.04521,136087.511103,0.0664,0.134063,-0.059664,-0.075558,16.0,-0.081279,18.0,-0.038261,-0.028704
VT,1,-0.002624,2024-04-01,2025-03-31,12,120000.0,122276.590891,128716.607488,0.018972,0.072638,-0.050033,-0.074375,16.0,-0.081279,18.0,-0.047818,-0.047818
VT,1,-0.037647,2024-05-01,2025-04-30,12,120000.0,122198.752265,134148.775842,0.018323,0.117906,-0.08908,-0.158554,,-0.165145,,-0.099055,-0.01095
VT,1,-0.008885,2024-06-03,2025-05-30,12,120000.0,128008.335364,135308.418931,0.066736,0.12757,-0.053951,-0.157885,35.0,-0.165145,38.0,-0.107064,-0.057144
VT,1,-0.001337,2024-07-01,2025-06-30,12,120000.0,132585.937231,139372.369563,0.104883,0.161436,-0.048693,-0.157106,35.0,-0.165145,38.0,-0.112056,-0.072184
VT,1,-0.038124,2024-08-01,2025-07-31,12,120000.0,132407.680068,140901.427987,0.103397,0.174179,-0.060281,-0.156158,34.0,-0.165145,38.0,-0.116487,-0.072184
VT,1,-0.019653,2024-09-03,2025-08-29,12,120000.0,134649.491372,141981.287164,0.122079,0.183177,-0.051639,-0.154956,34.0,-0.165145,38.0,-0.122025,-0.091911
VT,1,-0.008503,2024-10-01,2025-09-30,12,120000.0,137370.162108,141690.664458,0.144751,0.180756,-0.030492,-0.153422,34.0,-0.165145,38.0,-0.126326,-0.123325
VT,1,-0.025934,2024-11-01,2025-10-31,12,120000.0,138255.019934,146256.388257,0.152125,0.218803,-0.054708,-0.151428,34.0,-0.165145,38.0,-0.126827,-0.113034
VT,1,0.0,2024-12-02,2025-11-28,12,120000.0,136345.214861,141003.172132,0.13621,0.175026,-0.033034,-0.148577,34.0,-0.165145,38.0,-0.129585,-0.146713
VT,1,-0.040241,2025-01-02,2025-12-31,12,120000.0,135884.027203,147221.448332,0.132367,0.226845,-0.077009,-0.144437,34.0,-0.165145,38.0,-0.125303,-0.117221
VT,1,-0.016664,2025-02-03,2026-01-30,12,120000.0,137698.427098,148163.563878,0.147487,0.234696,-0.070632,-0.137215,24.0,-0.165145,38.0,-0.127997,-0.138387
VT,1,-0.037751,2025-03-03,2026-02-27,12,120000.0,137526.85112,151646.00915,0.146057,0.263717,-0.093106,-0.126792,24.0,-0.140248,34.0,-0.122802,-0.132392
VT,1,-0.058563,2025-04-01,2026-03-31,12,120000.0,126556.816058,145357.956303,0.05464,0.211316,-0.129344,-0.118441,23.0,-0.118441,23.0,-0.113212,-0.113212
VT,1,-0.052979,2025-05-01,2026-04-30,12,120000.0,135924.315306,157956.42491,0.132703,0.316304,-0.139482,-0.095754,15.0,-0.096735,16.0,0.0,0.0
VT,1,0.0,2025-06-02,2026-05-29,12,120000.0,138820.807603,155648.774406,0.15684,0.297073,-0.108115,-0.095638,15.0,-0.096735,16.0,-0.006556,0.0
VT,1,0.0,2025-07-01,2026-06-30,12,120000.0,135301.854219,149105.721492,0.127515,0.242548,-0.092578,-0.095501,15.0,-0.096735,16.0,-0.018482,-0.000934
VT,1,-0.027565,2025-08-01,2026-07-31,12,120000.0,132006.364012,148208.5589,0.100053,0.235071,-0.10932,-0.095333,15.0,-0.096735,16.0,-0.028109,0.0
VT,1,-0.012638,2025-09-02,2026-08-31,12,120000.0,133442.755306,147610.426417,0.112023,0.230087,-0.09598,-0.095112,15.0,-0.096735,16.0,-0.040628,0.0
VT,3,0.0,2010-09-09,2013-08-30,36,360000.0,414027.08941,479438.775396,0.150075,0.331774,-0.136434,-0.209966,155.0,-0.238324,457.0,-0.155371,-0.057864
VT,3,0.0,2010-10-01,2013-09-30,36,360000.0,433562.797157,480669.762324,0.204341,0.335194,-0.098003,-0.208381,148.0,-0.238324,457.0,-0.163351,-0.10543
VT,3,-0.004926,2010-11-01,2013-10-31,36,360000.0,446083.23664,484546.327827,0.23912,0.345962,-0.07938,-0.206561,147.0,-0.238324,457.0,-0.16991,-0.130461
VT,3,-0.038327,2010-12-01,2013-11-29,36,360000.0,449466.838456,492456.081021,0.248519,0.367934,-0.087296,-0.204397,139.0,-0.238324,457.0,-0.175237,-0.129711
VT,3,0.0,2011-01-03,2013-12-31,36,360000.0,455651.010953,475169.159626,0.265697,0.319914,-0.041076,-0.201694,134.0,-0.238324,457.0,-0.181833,-0.178312
VT,3,0.0,2011-02-01,2014-01-31,36,360000.0,432486.337165,443206.803712,0.201351,0.23113,-0.024188,-0.198447,134.0,-0.238324,457.0,-0.183906,-0.197936
VT,3,-0.02186,2011-03-01,2014-02-28,36,360000.0,452822.322582,468120.080892,0.25784,0.300334,-0.032679,-0.194323,133.0,-0.238324,457.0,-0.183723,-0.194839
VT,3,-0.000994,2011-04-01,2014-03-31,36,360000.0,452145.889027,460572.482653,0.255961,0.279368,-0.018296,-0.188737,125.0,-0.238324,457.0,-0.184003,-0.211657
VT,3,-0.002883,2011-05-02,2014-04-30,36,360000.0,452592.00578,449570.384505,0.2572,0.248807,0.006721,-0.182761,119.0,-0.236122,444.0,-0.180979,-0.236122
VT,3,-0.043244,2011-06-01,2014-05-30,36,360000.0,459293.76005,478123.167611,0.275816,0.32812,-0.039382,-0.176087,35.0,-0.222484,347.0,-0.170229,-0.203897
VT,3,-0.024794,2011-07-01,2014-06-30,36,360000.0,466034.713106,479427.360037,0.294541,0.331743,-0.027935,-0.164488,35.0,-0.222484,347.0,-0.163225,-0.218959
VT,3,-0.063617,2011-08-01,2014-07-31,36,360000.0,454529.543789,490559.420862,0.262582,0.362665,-0.073447,-0.143268,67.0,-0.186576,143.0,-0.143268,-0.186576
VT,3,-0.131078,2011-09-01,2014-08-29,36,360000.0,462885.564387,542652.542945,0.285793,0.507368,-0.146995,-0.116719,97.0,-0.130301,104.0,-0.109489,-0.123424
VT,3,-0.238324,2011-10-03,2014-09-30,36,360000.0,442524.404602,598408.101381,0.229234,0.662245,-0.260497,-0.115171,76.0,-0.130301,104.0,-0.046106,0.0
VT,3,-0.15568,2011-11-01,2014-10-31,36,360000.0,440169.619403,544930.249363,0.222693,0.513695,-0.192246,-0.112911,76.0,-0.130301,104.0,-0.066242,-0.066242
VT,3,-0.145301,2011-12-01,2014-11-28,36,360000.0,440565.405073,545114.231306,0.223793,0.514206,-0.191793,-0.110202,76.0,-0.130301,104.0,-0.071581,-0.048796
VT,3,-0.134342,2012-01-03,2014-12-31,36,360000.0,426867.402174,527546.184731,0.185743,0.465406,-0.190844,-0.109227,81.0,-0.130301,104.0,-0.079739,-0.035008
VT,3,-0.091443,2012-02-01,2015-01-30,36,360000.0,415357.155197,494443.974505,0.15377,0.373455,-0.159951,-0.108341,81.0,-0.130301,104.0,-0.092633,-0.080572
VT,3,-0.052086,2012-03-01,2015-02-27,36,360000.0,435982.636391,502122.103094,0.211063,0.394784,-0.13172,-0.10689,77.0,-0.130301,104.0,-0.102935,-0.118746
VT,3,-0.040279,2012-04-02,2015-03-31,36,360000.0,426756.376468,489925.138243,0.185434,0.360903,-0.128936,-0.104059,46.0,-0.129588,104.0,-0.104059,-0.129588
VT,3,-0.056612,2012-05-01,2015-04-30,36,360000.0,433927.153232,511112.457323,0.205353,0.419757,-0.151014,-0.09637,32.0,-0.114518,97.0,-0.09637,-0.114518
VT,3,-0.164647,2012-06-01,2015-05-29,36,360000.0,431059.21337,579132.746143,0.197387,0.608702,-0.255682,-0.091543,120.0,-0.093995,127.0,0.0,0.0
VT,3,-0.097937,2012-07-02,2015-06-30,36,360000.0,415536.695422,524396.9565,0.154269,0.456658,-0.207591,-0.091428,120.0,-0.093995,127.0,-0.034686,-0.034686
VT,3,-0.097543,2012-08-01,2015-07-31,36,360000.0,412987.419531,526809.436034,0.147187,0.46336,-0.216059,-0.091311,120.0,-0.093995,127.0,-0.019678,-0.010031
VT,3,-0.073339,2012-09-04,2015-08-31,36,360000.0,381314.940615,479028.433098,0.059208,0.330635,-0.203983,-0.136145,,-0.138089,,-0.03258,-0.007588
VT,3,-0.03875,2012-10-01,2015-09-30,36,360000.0,364292.709691,444654.852613,0.011924,0.235152,-0.180729,-0.143114,,-0.148035,,-0.045076,-0.043298
VT,3,-0.035165,2012-11-01,2015-10-30,36,360000.0,388266.633858,475280.754705,0.078518,0.320224,-0.183079,-0.14294,,-0.148035,,-0.046853,-0.046853
VT,3,-0.037157,2012-12-03,2015-11-30,36,360000.0,384615.139071,475862.530092,0.068375,0.32184,-0.191752,-0.142755,,-0.148035,,-0.018952,0.0
VT,3,0.0,2013-01-02,2015-12-31,36,360000.0,372964.060042,440690.908814,0.036011,0.224141,-0.153683,-0.142555,,-0.148035,,-0.027076,-0.009703
VT,3,0.0,2013-02-01,2016-01-29,36,360000.0,349137.139397,403805.111738,-0.030175,0.121681,-0.135382,-0.171476,,-0.184322,,-0.076127,-0.027371
VT,3,-0.012495,2013-03-01,2016-02-29,36,360000.0,344058.920548,403302.863293,-0.044281,0.120286,-0.146897,-0.181817,,-0.197898,,-0.094703,-0.012605
VT,3,-0.012826,2013-04-01,2016-03-31,36,360000.0,369923.237871,430226.449971,0.027565,0.195073,-0.140166,-0.181265,,-0.197898,,-0.099157,-0.024463
VT,3,-0.009687,2013-05-01,2016-04-29,36,360000.0,371689.496302,423680.05145,0.032471,0.176889,-0.122712,-0.180681,,-0.197898,,-0.103498,-0.04887
VT,3,-0.03033,2013-06-03,2016-05-31,36,360000.0,372262.695173,422076.031994,0.034063,0.172433,-0.11802,-0.18007,,-0.197898,,-0.107308,-0.05861
VT,3,-0.054203,2013-07-01,2016-06-30,36,360000.0,369833.682342,431928.402187,0.027316,0.199801,-0.143762,-0.179421,,-0.197898,,-0.111028,-0.005583
VT,3,-0.000485,2013-08-01,2016-07-29,36,360000.0,383053.276928,425677.25076,0.064037,0.182437,-0.100132,-0.178705,,-0.197898,,-0.115812,-0.037347
VT,3,-0.031426,2013-09-03,2016-08-31,36,360000.0,382590.786316,439732.758736,0.062752,0.22148,-0.129947,-0.177975,176.0,-0.197898,,-0.119056,0.0
VT,3,-0.014469,2013-10-01,2016-09-30,36,360000.0,383302.606456,420189.156539,0.064729,0.167192,-0.087786,-0.177162,169.0,-0.197898,,-0.123521,-0.041938
VT,3,-0.009632,2013-11-01,2016-10-31,36,360000.0,374120.88835,400528.730106,0.039225,0.11258,-0.065932,-0.176328,169.0,-0.197898,,-0.126435,-0.068393
VT,3,-0.006837,2013-12-02,2016-11-30,36,360000.0,377496.206614,401668.479577,0.048601,0.115746,-0.06018,-0.17545,169.0,-0.197898,,-0.128585,-0.076732
VT,3,-0.014815,2014-01-02,2016-12-30,36,360000.0,383210.508358,403403.535875,0.064474,0.120565,-0.050057,-0.174507,169.0,-0.197898,306.0,-0.130579,-0.089262
VT,3,-0.063468,2014-02-03,2017-01-31,36,360000.0,393381.329468,437091.468914,0.092726,0.214143,-0.100002,-0.173495,169.0,-0.197898,306.0,-0.132232,-0.041949
VT,3,-0.013563,2014-03-03,2017-02-28,36,360000.0,401748.702502,423857.215004,0.115969,0.177381,-0.05216,-0.172331,167.0,-0.197898,306.0,-0.135994,-0.095291
VT,3,0.0,2014-04-01,2017-03-31,36,360000.0,405757.684847,419136.352704,0.127105,0.164268,-0.03192,-0.171126,162.0,-0.197898,306.0,-0.137763,-0.118385
VT,3,0.0,2014-05-01,2017-04-28,36,360000.0,410692.389858,425099.883121,0.140812,0.180833,-0.033892,-0.169837,154.0,-0.197898,306.0,-0.138644,-0.120141
VT,3,0.0,2014-06-02,2017-05-31,36,360000.0,416820.541506,423872.90157,0.157835,0.177425,-0.016638,-0.16842,154.0,-0.197898,306.0,-0.139525,-0.13943
VT,3,0.0,2014-07-01,2017-06-30,36,360000.0,417592.366855,415434.637396,0.159979,0.153985,0.005194,-0.166889,154.0,-0.197898,306.0,-0.13953,-0.161853
VT,3,-0.034237,2014-08-01,2017-07-31,36,360000.0,427064.034409,439254.465975,0.186289,0.220151,-0.027753,-0.165237,154.0,-0.197898,306.0,-0.138355,-0.136679
VT,3,-0.003646,2014-09-02,2017-08-31,36,360000.0,426596.635588,427549.267746,0.184991,0.187637,-0.002228,-0.16334,118.0,-0.197898,306.0,-0.138448,-0.163186
VT,3,-0.052748,2014-10-01,2017-09-29,36,360000.0,433640.898171,459190.149767,0.204558,0.275528,-0.05564,-0.161279,117.0,-0.197898,306.0,-0.136993,-0.119808
VT,3,-0.032841,2014-11-03,2017-10-31,36,360000.0,439941.039677,459214.411026,0.222058,0.275596,-0.04197,-0.158828,117.0,-0.197898,306.0,-0.138067,-0.137925
VT,3,-0.024401,2014-12-01,2017-11-30,36,360000.0,445456.95135,463878.324123,0.23738,0.288551,-0.039712,-0.156087,117.0,-0.197898,306.0,-0.138077,-0.145383
VT,3,-0.039119,2015-01-02,2017-12-29,36,360000.0,449650.541438,478493.858932,0.249029,0.32915,-0.060279,-0.152962,68.0,-0.197898,306.0,-0.137555,-0.132293
VT,3,-0.0396,2015-02-02,2018-01-31,36,360000.0,470731.380154,504971.710514,0.307587,0.402699,-0.067806,-0.149272,68.0,-0.197898,306.0,-0.137959,-0.131858
VT,3,0.0,2015-03-02,2018-02-28,36,360000.0,445977.05512,459898.773107,0.238825,0.277497,-0.030271,-0.144919,68.0,-0.197898,306.0,-0.138468,-0.172587
VT,3,-0.016987,2015-04-01,2018-03-29,36,360000.0,437652.405799,460909.45209,0.215701,0.280304,-0.050459,-0.139977,62.0,-0.197898,306.0,-0.135366,-0.160025
VT,3,-0.006696,2015-05-01,2018-04-30,36,360000.0,436883.44882,447177.506052,0.213565,0.24216,-0.02302,-0.137711,62.0,-0.197898,306.0,-0.1329,-0.188468
VT,3,-0.018129,2015-06-01,2018-05-31,36,360000.0,436935.237166,452698.393621,0.213709,0.257496,-0.03482,-0.136234,62.0,-0.190751,300.0,-0.126726,-0.183089
VT,3,-0.034779,2015-07-01,2018-06-29,36,360000.0,431678.77837,457765.568834,0.199108,0.271571,-0.056987,-0.134397,62.0,-0.180916,182.0,-0.119681,-0.168997
VT,3,-0.039148,2015-08-03,2018-07-31,36,360000.0,441335.731097,473071.585046,0.225933,0.314088,-0.067085,-0.132021,62.0,-0.171676,179.0,-0.112635,-0.165218
VT,3,-0.127321,2015-09-01,2018-08-31,36,360000.0,442004.803356,525355.200461,0.227791,0.45932,-0.158655,-0.128875,48.0,-0.151754,117.0,-0.103871,-0.080874
VT,3,-0.128743,2015-10-01,2018-09-28,36,360000.0,437821.811538,526629.658902,0.216172,0.46286,-0.168634,-0.124004,36.0,-0.151754,117.0,-0.108471,-0.079374
VT,3,-0.057537,2015-11-02,2018-10-31,36,360000.0,399287.954035,448769.509985,0.109133,0.246582,-0.110261,-0.119711,,-0.151754,117.0,-0.118168,-0.148931
VT,3,-0.060203,2015-12-01,2018-11-30,36,360000.0,403533.605934,457833.078525,0.120927,0.271759,-0.118601,-0.11937,,-0.146516,68.0,-0.109989,-0.146516
VT,3,-0.105707,2016-01-04,2018-12-31,36,360000.0,371684.95509,446310.294541,0.032458,0.239751,-0.167205,-0.186364,,-0.199726,,-0.087908,-0.103089
VT,3,-0.142647,2016-02-01,2019-01-31,36,360000.0,398805.40529,502735.011819,0.107793,0.396486,-0.206728,-0.185894,,-0.199726,,-0.064445,-0.064445
VT,3,-0.131754,2016-03-01,2019-02-28,36,360000.0,405954.189796,510402.706558,0.127651,0.417785,-0.204639,-0.185369,,-0.199726,,-0.032053,0.0
VT,3,-0.087299,2016-04-01,2019-03-29,36,360000.0,406003.031771,490712.308323,0.127786,0.36309,-0.172625,-0.184809,,-0.199726,,-0.047498,-0.03512
VT,3,-0.070024,2016-05-02,2019-04-30,36,360000.0,416208.732498,498315.214825,0.156135,0.384209,-0.164768,-0.184234,120.0,-0.199726,,-0.053687,-0.053043
VT,3,-0.068757,2016-06-01,2019-05-31,36,360000.0,387808.804691,467926.881471,0.077247,0.299797,-0.171219,-0.183626,120.0,-0.199726,,-0.054332,-0.054332
VT,3,-0.067907,2016-07-01,2019-06-28,36,360000.0,409307.079717,497280.46737,0.136964,0.381335,-0.176909,-0.182968,120.0,-0.199726,,-0.055396,-0.013884
VT,3,-0.037391,2016-08-01,2019-07-31,36,360000.0,405407.989434,481516.139743,0.126133,0.337545,-0.158059,-0.182255,120.0,-0.199726,,-0.061879,-0.025561
VT,3,-0.027006,2016-09-01,2019-08-30,36,360000.0,393659.847118,466362.378168,0.0935,0.295451,-0.155893,-0.181505,113.0,-0.199726,,-0.067542,-0.035961
VT,3,-0.024418,2016-10-03,2019-09-30,36,360000.0,399638.606605,475695.256634,0.110107,0.321376,-0.159885,-0.180696,109.0,-0.199726,,-0.073192,-0.038519
VT,3,-0.047864,2016-11-01,2019-10-31,36,360000.0,407609.438257,501023.994948,0.132248,0.391733,-0.186447,-0.179814,109.0,-0.199726,308.0,-0.079165,-0.014843
VT,3,-0.035017,2016-12-01,2019-11-29,36,360000.0,413932.098975,507016.340241,0.149811,0.408379,-0.183592,-0.178822,109.0,-0.199726,308.0,-0.086682,0.0
VT,3,-0.008028,2017-01-03,2019-12-31,36,360000.0,424073.388035,508704.020355,0.177982,0.413067,-0.166365,-0.177741,102.0,-0.199726,308.0,-0.09421,0.0
VT,3,-0.007258,2017-02-01,2020-01-31,36,360000.0,413310.776928,489487.733738,0.148085,0.359688,-0.155626,-0.17658,102.0,-0.199726,308.0,-0.100958,0.0
VT,3,0.0,2017-03-01,2020-02-28,36,360000.0,380063.574894,437506.59334,0.055732,0.215296,-0.131296,-0.175321,102.0,-0.199726,308.0,-0.107232,-0.012556
VT,3,-0.004226,2017-04-03,2020-03-31,36,360000.0,321886.303537,372327.212828,-0.105871,0.034242,-0.135475,-0.340898,,-0.342362,,-0.224329,-0.102778
VT,3,-0.000151,2017-05-01,2020-04-30,36,360000.0,355385.20917,403128.324765,-0.012819,0.119801,-0.118432,-0.340849,,-0.342362,,-0.227802,-0.119799
VT,3,0.0,2017-06-01,2020-05-29,36,360000.0,372915.451458,413844.20114,0.035876,0.149567,-0.098899,-0.340798,,-0.342362,,-0.230979,-0.141135
VT,3,-0.006023,2017-07-03,2020-06-30,36,360000.0,382695.664055,426320.937362,0.063044,0.184225,-0.10233,-0.340745,,-0.342362,,-0.233701,-0.141605
VT,3,0.0,2017-08-01,2020-07-31,36,360000.0,400946.294204,436124.148378,0.11374,0.211456,-0.08066,-0.340688,,-0.342362,,-0.236579,-0.166018
VT,3,0.0,2017-09-01,2020-08-31,36,360000.0,422661.450351,460991.687214,0.17406,0.280532,-0.083147,-0.340628,135.0,-0.342362,154.0,-0.238855,-0.168407
VT,3,0.0,2017-10-02,2020-09-30,36,360000.0,407475.396882,438571.29228,0.131876,0.218254,-0.070903,-0.340565,135.0,-0.342362,154.0,-0.241204,-0.184959
VT,3,0.0,2017-11-01,2020-10-30,36,360000.0,396921.572686,420752.48604,0.10256,0.168757,-0.056639,-0.340498,135.0,-0.342362,154.0,-0.243143,-0.201739
VT,3,-0.002174,2017-12-01,2020-11-30,36,360000.0,443981.414436,466032.29286,0.233282,0.294534,-0.047316,-0.340427,135.0,-0.342362,154.0,-0.244622,-0.213156
VT,3,0.0,2018-01-02,2020-12-31,36,360000.0,462632.406648,476125.698813,0.28509,0.322571,-0.02834,-0.340352,135.0,-0.342362,154.0,-0.245787,-0.233895
VT,3,-0.018312,2018-02-01,2021-01-29,36,360000.0,458422.06006,454652.813182,0.273395,0.262924,0.00829,-0.340274,135.0,-0.342362,154.0,-0.246245,-0.266783
VT,3,-0.07237,2018-03-01,2021-02-26,36,360000.0,467808.184058,494013.814638,0.299467,0.372261,-0.053046,-0.340192,135.0,-0.342362,154.0,-0.245423,-0.224054
VT,3,-0.091591,2018-04-02,2021-03-31,36,360000.0,477077.70906,518848.522029,0.325216,0.441246,-0.080507,-0.340099,135.0,-0.342362,154.0,-0.246313,-0.207636
VT,3,-0.069815,2018-05-01,2021-04-30,36,360000.0,492060.476863,527639.066652,0.366835,0.465664,-0.06743,-0.339995,134.0,-0.342362,154.0,-0.247995,-0.226185
VT,3,-0.054963,2018-06-01,2021-05-28,36,360000.0,495054.541508,527548.593376,0.375152,0.465413,-0.061594,-0.339883,134.0,-0.342362,154.0,-0.248986,-0.238347
VT,3,-0.072895,2018-07-02,2021-06-30,36,360000.0,496158.932565,544109.115821,0.378219,0.511414,-0.088126,-0.339763,134.0,-0.342362,154.0,-0.249493,-0.223614
VT,3,-0.046265,2018-08-01,2021-07-30,36,360000.0,494041.333688,532183.799638,0.372337,0.478288,-0.071672,-0.339628,134.0,-0.342362,154.0,-0.250787,-0.245293
VT,3,-0.040685,2018-09-04,2021-08-31,36,360000.0,500326.358496,541065.875468,0.389795,0.502961,-0.075295,-0.339482,128.0,-0.342362,154.0,-0.251076,-0.249682
VT,3,-0.030775,2018-10-01,2021-09-30,36,360000.0,474904.836281,513535.335509,0.31918,0.426487,-0.075225,-0.339321,121.0,-0.342362,154.0,-0.251154,-0.257354
VT,3,-0.095373,2018-11-01,2021-10-29,36,360000.0,494774.229954,578518.672986,0.374373,0.606996,-0.144757,-0.339143,121.0,-0.342362,154.0,-0.250789,-0.204323
VT,3,-0.081613,2018-12-03,2021-11-30,36,360000.0,475864.382482,554948.449114,0.321846,0.541523,-0.142507,-0.338927,120.0,-0.342362,154.0,-0.253693,-0.216245
VT,3,-0.160566,2019-01-02,2021-12-31,36,360000.0,488464.807586,630251.786343,0.356847,0.750699,-0.224969,-0.338685,120.0,-0.342362,154.0,-0.25619,-0.142528
VT,3,-0.092261,2019-02-01,2022-01-31,36,360000.0,458876.464938,556134.85845,0.274657,0.544819,-0.174883,-0.338377,119.0,-0.342362,154.0,-0.264308,-0.207051
VT,3,-0.062089,2019-03-01,2022-02-28,36,360000.0,440790.002784,523332.425258,0.224417,0.453701,-0.157725,-0.338042,119.0,-0.342362,154.0,-0.268713,-0.23256
VT,3,-0.044788,2019-04-01,2022-03-31,36,360000.0,444650.831788,523542.17452,0.235141,0.454284,-0.150688,-0.33766,114.0,-0.342362,154.0,-0.271725,-0.24646
VT,3,-0.030481,2019-05-01,2022-04-29,36,360000.0,404420.227219,474058.458384,0.12339,0.316829,-0.146898,-0.337213,114.0,-0.342362,154.0,-0.274022,-0.257579
VT,3,-0.081006,2019-06-03,2022-05-31,36,360000.0,403202.390136,502592.677102,0.120007,0.396091,-0.197755,-0.33668,77.0,-0.342362,154.0,-0.275667,-0.216762
VT,3,-0.015533,2019-07-01,2022-06-30,36,360000.0,366885.327352,431062.645109,0.019126,0.197396,-0.148882,-0.335985,77.0,-0.342362,154.0,-0.282212,-0.268852
VT,3,-0.031766,2019-08-01,2022-07-29,36,360000.0,390330.14219,468898.914946,0.08425,0.302497,-0.16756,-0.335162,74.0,-0.342362,154.0,-0.283882,-0.256594
VT,3,-0.049556,2019-09-03,2022-08-31,36,360000.0,371632.61331,458317.825177,0.032313,0.273105,-0.189138,-0.334075,74.0,-0.342362,154.0,-0.28778,-0.242679
VT,3,-0.033227,2019-10-01,2022-09-30,36,360000.0,333782.228146,407641.400704,-0.072827,0.132337,-0.181187,-0.332569,74.0,-0.342362,154.0,-0.295296,-0.25547
VT,3,0.0,2019-11-01,2022-10-31,36,360000.0,353402.442086,413257.641181,-0.018327,0.147938,-0.144837,-0.330438,72.0,-0.342362,154.0,-0.303262,-0.290459
VT,3,-0.013229,2019-12-02,2022-11-30,36,360000.0,381049.810314,443772.568785,0.058472,0.232702,-0.14134,-0.327318,71.0,-0.342362,154.0,-0.306462,-0.296347
VT,3,0.0,2020-01-02,2022-12-30,36,360000.0,361895.323507,402937.183937,0.005265,0.11927,-0.101857,-0.322047,66.0,-0.342362,154.0,-0.309834,-0.33143
VT,3,-0.035026,2020-02-03,2023-01-31,36,360000.0,388275.402874,442618.301148,0.078543,0.229495,-0.122776,-0.311911,56.0,-0.342362,154.0,-0.299036,-0.317753
VT,3,-0.086209,2020-03-02,2023-02-28,36,360000.0,373603.757295,452058.521699,0.037788,0.255718,-0.17355,-0.28985,22.0,-0.28985,74.0,-0.280319,-0.280319
VT,3,-0.275367,2020-04-01,2023-03-31,36,360000.0,381601.414638,586311.807046,0.060004,0.628644,-0.349149,-0.235463,,-0.26382,,-0.101746,0.0
VT,3,-0.185075,2020-05-01,2023-04-28,36,360000.0,380606.725495,528765.655393,0.057241,0.468793,-0.280198,-0.233984,,-0.26382,,-0.118367,0.0
VT,3,-0.108422,2020-06-01,2023-05-31,36,360000.0,371382.491487,477458.496035,0.031618,0.326274,-0.222168,-0.232523,,-0.26382,,-0.130714,-0.01205
VT,3,-0.086672,2020-07-01,2023-06-30,36,360000.0,389369.650629,493157.877631,0.081582,0.369883,-0.210456,-0.231047,,-0.26382,,-0.140066,0.0
VT,3,-0.033546,2020-08-03,2023-07-31,36,360000.0,399994.057695,483397.314709,0.111095,0.34277,-0.172536,-0.229455,258.0,-0.26382,,-0.149111,-0.011154
VT,3,0.0,2020-09-01,2023-08-31,36,360000.0,385350.401895,444864.092304,0.070418,0.235734,-0.133779,-0.22791,258.0,-0.26382,,-0.156472,-0.063347
VT,3,-0.039665,2020-10-01,2023-09-29,36,360000.0,366664.355809,438575.604806,0.018512,0.218266,-0.163965,-0.226293,258.0,-0.26382,,-0.16217,-0.028294
VT,3,-0.055259,2020-11-02,2023-10-31,36,360000.0,353894.542781,432801.19255,-0.01696,0.202226,-0.182316,-0.224447,258.0,-0.26382,,-0.169628,0.0
VT,3,0.0,2020-12-01,2023-11-30,36,360000.0,383468.030388,418843.14327,0.065189,0.163453,-0.084459,-0.222348,257.0,-0.26382,,-0.178521,-0.091552
VT,3,-0.005725,2021-01-04,2023-12-29,36,360000.0,401436.816764,428440.241574,0.115102,0.190112,-0.063027,-0.220264,256.0,-0.26382,,-0.182778,-0.116313
VT,3,-0.0242,2021-02-01,2024-01-31,36,360000.0,399620.98485,419775.626287,0.110058,0.166043,-0.048013,-0.217999,256.0,-0.26382,474.0,-0.186219,-0.134184
VT,3,-0.016412,2021-03-01,2024-02-29,36,360000.0,415711.158283,424440.692672,0.154753,0.179002,-0.020567,-0.215513,255.0,-0.26382,474.0,-0.18908,-0.162185
VT,3,0.0,2021-04-01,2024-03-28,36,360000.0,427030.163754,430277.968255,0.186195,0.195217,-0.007548,-0.212808,255.0,-0.26382,474.0,-0.190698,-0.176912
VT,3,-0.005958,2021-05-03,2024-04-30,36,360000.0,409869.840245,401774.034397,0.138527,0.116039,0.02015,-0.209806,251.0,-0.26382,474.0,-0.191638,-0.202871
VT,3,0.0,2021-06-01,2024-05-31,36,360000.0,427526.576036,414068.791054,0.187574,0.150191,0.032501,-0.206507,245.0,-0.26382,474.0,-0.191069,-0.2146
VT,3,-1.6e-05,2021-07-01,2024-06-28,36,360000.0,432771.505792,415772.59806,0.202143,0.154924,0.040885,-0.202801,245.0,-0.26382,474.0,-0.18964,-0.223681
VT,3,-0.004865,2021-08-02,2024-07-31,36,360000.0,439746.583904,422622.797172,0.221518,0.173952,0.040518,-0.198591,125.0,-0.26382,474.0,-0.187357,-0.226211
VT,3,0.0,2021-09-01,2024-08-30,36,360000.0,448415.798766,421180.227325,0.245599,0.169945,0.064665,-0.193725,125.0,-0.26382,474.0,-0.184527,-0.246435
VT,3,-0.042694,2021-10-01,2024-09-30,36,360000.0,456733.331703,447455.909091,0.268704,0.242933,0.020734,-0.188178,124.0,-0.26382,474.0,-0.179536,-0.21663
VT,3,0.0,2021-11-01,2024-10-31,36,360000.0,444460.627841,417059.78092,0.234613,0.158499,0.0657,-0.181328,118.0,-0.26382,474.0,-0.176354,-0.25357
VT,3,-0.055479,2021-12-01,2024-11-29,36,360000.0,461178.411849,453532.003025,0.281051,0.259811,0.01686,-0.173455,115.0,-0.261612,470.0,-0.168831,-0.220578
VT,3,-0.003359,2022-01-03,2024-12-31,36,360000.0,445093.96475,417192.994188,0.236372,0.158869,0.066878,-0.165236,105.0,-0.261612,470.0,-0.163313,-0.261339
VT,3,-0.046988,2022-02-01,2025-01-31,36,360000.0,457079.142971,449624.523588,0.269664,0.248957,0.01658,-0.157752,104.0,-0.237778,427.0,-0.151306,-0.227523
VT,3,-0.095967,2022-03-01,2025-02-28,36,360000.0,452791.018644,472026.956542,0.257753,0.311186,-0.040752,-0.151408,61.0,-0.230165,292.0,-0.140712,-0.185672
VT,3,-0.057311,2022-04-01,2025-03-31,36,360000.0,433964.379327,436747.318007,0.205457,0.213187,-0.006372,-0.149854,61.0,-0.225371,286.0,-0.133581,-0.219064
VT,3,-0.136377,2022-05-02,2025-04-30,36,360000.0,434220.458727,479404.728124,0.206168,0.33168,-0.094251,-0.163301,,-0.171951,113.0,-0.116901,-0.147568
VT,3,-0.14137,2022-06-01,2025-05-30,36,360000.0,455884.735098,510189.827055,0.266346,0.417194,-0.106441,-0.163242,38.0,-0.165145,38.0,-0.109804,-0.142611
VT,3,-0.200222,2022-07-01,2025-06-30,36,360000.0,472752.937785,573328.648556,0.313203,0.59258,-0.175424,-0.163179,38.0,-0.165145,38.0,-0.099631,-0.07952
VT,3,-0.151697,2022-08-01,2025-07-31,36,360000.0,471947.930423,546462.995755,0.310966,0.517953,-0.136359,-0.163107,38.0,-0.165145,38.0,-0.110915,-0.132174
VT,3,-0.18709,2022-09-01,2025-08-29,36,360000.0,480685.247266,587108.400901,0.335237,0.630857,-0.181267,-0.163034,38.0,-0.165145,38.0,-0.091973,-0.09439
VT,3,-0.243607,2022-10-03,2025-09-30,36,360000.0,490444.209205,652249.606002,0.362345,0.811804,-0.248073,-0.162953,38.0,-0.165145,38.0,-0.026723,-0.026723
VT,3,-0.213194,2022-11-01,2025-10-31,36,360000.0,492039.436154,639733.196368,0.366776,0.777037,-0.230868,-0.162857,38.0,-0.165145,38.0,-0.028544,-0.028544
VT,3,-0.147783,2022-12-01,2025-11-28,36,360000.0,485290.263832,591891.291865,0.348029,0.644142,-0.180102,-0.162757,38.0,-0.165145,38.0,-0.057307,-0.057307
VT,3,-0.187006,2023-01-03,2025-12-31,36,360000.0,483311.654861,626166.853421,0.342532,0.739352,-0.228142,-0.162657,37.0,-0.165145,38.0,-0.040711,0.0
VT,3,-0.115831,2023-02-01,2026-01-30,36,360000.0,490653.962308,593679.564481,0.362928,0.64911,-0.173537,-0.162542,37.0,-0.165145,38.0,-0.050382,-0.06941
VT,3,-0.151466,2023-03-01,2026-02-27,36,360000.0,492069.853582,628776.234351,0.366861,0.746601,-0.217417,-0.162427,37.0,-0.165145,38.0,-0.051942,-0.03033
VT,3,-0.124959,2023-04-03,2026-03-31,36,360000.0,454519.982546,571806.61251,0.262556,0.588352,-0.205116,-0.162296,37.0,-0.165145,38.0,-0.05972,-0.027864
VT,3,-0.117677,2023-05-01,2026-04-30,36,360000.0,490305.118849,619892.688295,0.361959,0.721924,-0.209048,-0.162156,37.0,-0.165145,38.0,-0.065029,-0.035888
VT,3,-0.116447,2023-06-01,2026-05-29,36,360000.0,505178.752033,647361.318928,0.403274,0.798226,-0.219634,-0.162002,37.0,-0.165145,38.0,-0.070858,-0.03723
VT,3,-0.073687,2023-07-03,2026-06-30,36,360000.0,495270.257031,615123.526374,0.375751,0.708676,-0.194844,-0.161833,37.0,-0.165145,38.0,-0.079265,-0.081672
VT,3,-0.048076,2023-08-01,2026-07-31,36,360000.0,484845.91792,594416.378111,0.346794,0.651157,-0.184333,-0.161653,37.0,-0.165145,38.0,-0.078462,-0.10638
VT,3,-0.066261,2023-09-01,2026-08-31,36,360000.0,492613.576545,624228.218951,0.368371,0.733967,-0.210844,-0.161458,37.0,-0.165145,38.0,-0.064503,-0.088976
VT,5,0.0,2010-09-09,2015-08-31,60,600000.0,710608.079219,915112.1792,0.184347,0.525187,-0.223474,-0.209966,155.0,-0.238324,457.0,-0.155371,-0.057864
VT,5,0.0,2010-10-01,2015-09-30,60,600000.0,679492.755337,836666.638164,0.132488,0.394444,-0.187857,-0.208381,148.0,-0.238324,457.0,-0.163351,-0.10543
VT,5,-0.004926,2010-11-01,2015-10-30,60,600000.0,724723.835862,872511.151698,0.207873,0.454185,-0.169382,-0.206561,147.0,-0.238324,457.0,-0.16991,-0.130461
VT,5,-0.038327,2010-12-01,2015-11-30,60,600000.0,719450.28305,872527.313297,0.199084,0.454212,-0.175441,-0.204397,139.0,-0.238324,457.0,-0.175237,-0.129711
VT,5,0.0,2011-01-03,2015-12-31,60,600000.0,699191.485702,805809.040429,0.165319,0.343015,-0.132311,-0.201694,134.0,-0.238324,457.0,-0.181833,-0.178312
VT,5,0.0,2011-02-01,2016-01-29,60,600000.0,655108.971904,740424.890541,0.091848,0.234041,-0.115226,-0.198447,134.0,-0.238324,457.0,-0.183906,-0.197936
VT,5,-0.02186,2011-03-01,2016-02-29,60,600000.0,645534.942796,735060.972182,0.075892,0.225102,-0.121794,-0.194323,133.0,-0.238324,457.0,-0.183723,-0.194839
VT,5,-0.000994,2011-04-01,2016-03-31,60,600000.0,694302.681059,777086.071848,0.157171,0.295143,-0.106531,-0.189241,,-0.238324,457.0,-0.184003,-0.211657
VT,5,-0.002883,2011-05-02,2016-04-29,60,600000.0,698319.366816,760540.788771,0.163866,0.267568,-0.081812,-0.189072,,-0.236122,444.0,-0.180979,-0.236122
VT,5,-0.043244,2011-06-01,2016-05-31,60,600000.0,700109.962038,797793.847642,0.16685,0.329656,-0.122443,-0.188902,,-0.222484,347.0,-0.170229,-0.203897
VT,5,-0.024794,2011-07-01,2016-06-30,60,600000.0,695504.674164,781250.59368,0.159174,0.302084,-0.109755,-0.188717,,-0.222484,347.0,-0.163225,-0.218959
VT,5,-0.063617,2011-08-01,2016-07-29,60,600000.0,721174.888059,847409.815744,0.201958,0.41235,-0.148966,-0.188529,,-0.197898,,-0.143268,-0.186576
VT,5,-0.131078,2011-09-01,2016-08-31,60,600000.0,719579.192498,916371.310564,0.199299,0.527286,-0.214752,-0.188324,,-0.197898,,-0.109489,-0.123424
VT,5,-0.238324,2011-10-03,2016-09-30,60,600000.0,719832.73263,1053537.27341,0.199721,0.755895,-0.316747,-0.188093,186.0,-0.197898,,-0.046106,0.0
VT,5,-0.15568,2011-11-01,2016-10-31,60,600000.0,698243.548412,931671.437554,0.163739,0.552786,-0.250547,-0.187816,186.0,-0.197898,,-0.066242,-0.066242
VT,5,-0.145301,2011-12-01,2016-11-30,60,600000.0,701022.370968,931313.32427,0.168371,0.552189,-0.247275,-0.187552,186.0,-0.197898,,-0.071581,-0.048796
VT,5,-0.134342,2012-01-03,2016-12-30,60,600000.0,708161.181349,936200.817329,0.180269,0.560335,-0.24358,-0.187277,186.0,-0.197898,306.0,-0.079739,-0.035008
VT,5,-0.091443,2012-02-01,2017-01-31,60,600000.0,723550.957247,918756.920034,0.205918,0.531262,-0.212467,-0.186992,186.0,-0.197898,306.0,-0.092633,-0.080572
VT,5,-0.052086,2012-03-01,2017-02-28,60,600000.0,737542.683288,904296.839763,0.229238,0.507161,-0.184402,-0.186704,186.0,-0.197898,306.0,-0.102935,-0.118746
VT,5,-0.040279,2012-04-02,2017-03-31,60,600000.0,743163.098119,906359.155014,0.238605,0.510599,-0.180057,-0.186415,182.0,-0.197898,306.0,-0.104059,-0.129588
VT,5,-0.056612,2012-05-01,2017-04-28,60,600000.0,750062.008241,937037.521534,0.250103,0.561729,-0.199539,-0.186113,182.0,-0.197898,306.0,-0.09637,-0.114518
VT,5,-0.164647,2012-06-01,2017-05-31,60,600000.0,758912.098802,1078818.680179,0.264853,0.798031,-0.296534,-0.18579,182.0,-0.197898,306.0,-0.042819,0.0
VT,5,-0.097937,2012-07-02,2017-06-30,60,600000.0,755598.151519,1005343.59587,0.25933,0.675573,-0.248418,-0.185403,182.0,-0.197898,306.0,-0.050932,-0.034686
VT,5,-0.097543,2012-08-01,2017-07-31,60,600000.0,768675.1318,1031541.606151,0.281125,0.719236,-0.254829,-0.185022,182.0,-0.197898,306.0,-0.057162,-0.010031
VT,5,-0.073339,2012-09-04,2017-08-31,60,600000.0,764625.117883,1008800.448093,0.274375,0.681334,-0.242045,-0.184617,182.0,-0.197898,306.0,-0.063677,-0.007588
VT,5,-0.03875,2012-10-01,2017-09-29,60,600000.0,773752.597288,992996.977783,0.289588,0.654995,-0.220791,-0.184198,182.0,-0.197898,306.0,-0.069734,-0.043298
VT,5,-0.035165,2012-11-01,2017-10-31,60,600000.0,783344.047825,1010151.344642,0.305573,0.683586,-0.224528,-0.183767,182.0,-0.197898,306.0,-0.075029,-0.046853
VT,5,-0.037157,2012-12-03,2017-11-30,60,600000.0,791217.791152,1031445.504073,0.318696,0.719076,-0.232904,-0.183311,182.0,-0.197898,306.0,-0.080486,0.0
VT,5,0.0,2013-01-02,2017-12-29,60,600000.0,796550.76498,992109.182578,0.327585,0.653515,-0.197114,-0.182823,182.0,-0.197898,306.0,-0.086292,-0.009703
VT,5,0.0,2013-02-01,2018-01-31,60,600000.0,833222.936247,1018647.792249,0.388705,0.697746,-0.18203,-0.18233,182.0,-0.197898,306.0,-0.090772,-0.027371
VT,5,-0.012495,2013-03-01,2018-02-28,60,600000.0,789544.514657,983055.271632,0.315908,0.638425,-0.196846,-0.181817,180.0,-0.197898,306.0,-0.094703,-0.012605
VT,5,-0.012826,2013-04-01,2018-03-29,60,600000.0,773262.570594,958826.978477,0.288771,0.598045,-0.193533,-0.181265,180.0,-0.197898,306.0,-0.099157,-0.024463
VT,5,-0.009687,2013-05-01,2018-04-30,60,600000.0,770715.913314,938774.931673,0.284527,0.564625,-0.179019,-0.180681,180.0,-0.197898,306.0,-0.103498,-0.04887
VT,5,-0.03033,2013-06-03,2018-05-31,60,600000.0,769421.055043,934439.391795,0.282368,0.557399,-0.176596,-0.18007,180.0,-0.197898,306.0,-0.107308,-0.05861
VT,5,-0.054203,2013-07-01,2018-06-29,60,600000.0,759203.798875,952321.226481,0.26534,0.587202,-0.202786,-0.179421,179.0,-0.197898,306.0,-0.111028,-0.005583
VT,5,-0.000485,2013-08-01,2018-07-31,60,600000.0,775032.603036,927054.657443,0.291721,0.545091,-0.163984,-0.178705,179.0,-0.197898,306.0,-0.115812,-0.037347
VT,5,-0.031426,2013-09-03,2018-08-31,60,600000.0,776245.55295,962570.767578,0.293743,0.604285,-0.19357,-0.177975,176.0,-0.197898,306.0,-0.119056,0.0
VT,5,-0.014469,2013-10-01,2018-09-28,60,600000.0,770876.696207,913407.835126,0.284794,0.522346,-0.156043,-0.177162,169.0,-0.197898,306.0,-0.123521,-0.041938
VT,5,-0.009632,2013-11-01,2018-10-31,60,600000.0,705749.247854,818728.345361,0.176249,0.364547,-0.137993,-0.176328,169.0,-0.197898,306.0,-0.126435,-0.068393
VT,5,-0.006837,2013-12-02,2018-11-30,60,600000.0,714099.743203,825445.737936,0.190166,0.375743,-0.134892,-0.17545,169.0,-0.197898,306.0,-0.128585,-0.076732
VT,5,-0.014815,2014-01-02,2018-12-31,60,600000.0,658811.466178,755317.588937,0.098019,0.258863,-0.127769,-0.192242,,-0.199726,,-0.130579,-0.089262
VT,5,-0.063468,2014-02-03,2019-01-31,60,600000.0,708665.910378,858039.003203,0.18111,0.430065,-0.174087,-0.192095,,-0.199726,,-0.132232,-0.041949
VT,5,-0.013563,2014-03-03,2019-02-28,60,600000.0,724192.293877,833074.613797,0.206987,0.388458,-0.130699,-0.191933,,-0.199726,,-0.135994,-0.095291
VT,5,0.0,2014-04-01,2019-03-29,60,600000.0,727925.952802,820453.436393,0.21321,0.367422,-0.112776,-0.191775,,-0.199726,,-0.137763,-0.118385
VT,5,0.0,2014-05-01,2019-04-30,60,600000.0,749261.970252,847243.073884,0.24877,0.412072,-0.115647,-0.191614,,-0.199726,,-0.138644,-0.120141
VT,5,0.0,2014-06-02,2019-05-31,60,600000.0,700716.11783,779196.342008,0.16786,0.298661,-0.100719,-0.191447,,-0.199726,,-0.139525,-0.13943
VT,5,0.0,2014-07-01,2019-06-28,60,600000.0,742158.847152,807235.872306,0.236931,0.345393,-0.080617,-0.191276,,-0.199726,,-0.13953,-0.161853
VT,5,-0.034237,2014-08-01,2019-07-31,60,600000.0,738619.17198,831480.586628,0.231032,0.385801,-0.111682,-0.191103,189.0,-0.199726,,-0.138355,-0.136679
VT,5,-0.003646,2014-09-02,2019-08-30,60,600000.0,719393.892858,789009.134677,0.19899,0.315015,-0.088231,-0.190918,189.0,-0.199726,,-0.138448,-0.163186
VT,5,-0.052748,2014-10-01,2019-09-30,60,600000.0,732574.869284,848768.571778,0.220958,0.414614,-0.136897,-0.19073,189.0,-0.199726,,-0.136993,-0.119808
VT,5,-0.032841,2014-11-03,2019-10-31,60,600000.0,748887.307646,854519.490426,0.248146,0.424199,-0.123616,-0.190524,189.0,-0.199726,308.0,-0.138067,-0.137925
VT,5,-0.024401,2014-12-01,2019-11-29,60,600000.0,763618.639989,868824.998272,0.272698,0.448042,-0.12109,-0.190313,189.0,-0.199726,308.0,-0.138077,-0.145383
VT,5,-0.039119,2015-01-02,2019-12-31,60,600000.0,785423.467178,912591.36832,0.309039,0.520986,-0.139348,-0.190094,189.0,-0.199726,308.0,-0.137555,-0.132293
VT,5,-0.0396,2015-02-02,2020-01-31,60,600000.0,767976.739227,898843.593771,0.279961,0.498073,-0.145595,-0.18986,189.0,-0.199726,308.0,-0.137959,-0.131858
VT,5,0.0,2015-03-02,2020-02-28,60,600000.0,707823.150075,794784.820854,0.179705,0.324641,-0.109415,-0.189615,189.0,-0.199726,308.0,-0.138468,-0.172587
VT,5,-0.016987,2015-04-01,2020-03-31,60,600000.0,600321.783323,687723.370274,0.000536,0.146206,-0.127088,-0.341578,,-0.342362,,-0.135366,-0.160025
VT,5,-0.006696,2015-05-01,2020-04-30,60,600000.0,661448.321192,733313.469206,0.102414,0.222189,-0.098001,-0.341562,,-0.342362,,-0.134161,-0.188468
VT,5,-0.018129,2015-06-01,2020-05-29,60,600000.0,693842.557442,776621.406926,0.156404,0.294369,-0.106588,-0.341547,,-0.342362,,-0.135796,-0.183089
VT,5,-0.034779,2015-07-01,2020-06-30,60,600000.0,711986.610576,814281.181347,0.186644,0.357135,-0.125626,-0.341531,,-0.342362,,-0.1376,-0.168997
VT,5,-0.039148,2015-08-03,2020-07-31,60,600000.0,745849.614377,861289.249521,0.243083,0.435482,-0.134031,-0.341514,,-0.342362,,-0.139767,-0.165218
VT,5,-0.127321,2015-09-01,2020-08-31,60,600000.0,785903.372172,1005263.085994,0.309839,0.675438,-0.218211,-0.341496,142.0,-0.342362,154.0,-0.142094,-0.080874
VT,5,-0.128743,2015-10-01,2020-09-30,60,600000.0,756235.63422,977386.395463,0.260393,0.628977,-0.226267,-0.341476,142.0,-0.342362,154.0,-0.146356,-0.079374
VT,5,-0.057537,2015-11-02,2020-10-30,60,600000.0,734522.399368,885053.564468,0.224204,0.475089,-0.170081,-0.341454,142.0,-0.342362,154.0,-0.150812,-0.148931
VT,5,-0.060203,2015-12-01,2020-11-30,60,600000.0,819896.692909,997344.354445,0.366494,0.662241,-0.17792,-0.341434,142.0,-0.342362,154.0,-0.153856,-0.146516
VT,5,-0.105707,2016-01-04,2020-12-31,60,600000.0,853227.890537,1099778.907782,0.422046,0.832965,-0.224182,-0.341412,142.0,-0.342362,154.0,-0.157076,-0.103089
VT,5,-0.142647,2016-02-01,2021-01-29,60,600000.0,843039.190184,1144561.862822,0.405065,0.907603,-0.263439,-0.341388,142.0,-0.342362,154.0,-0.161452,-0.064445
VT,5,-0.131754,2016-03-01,2021-02-26,60,600000.0,856090.918022,1160424.45966,0.426818,0.934041,-0.262261,-0.341361,142.0,-0.342362,154.0,-0.166941,0.0
VT,5,-0.087299,2016-04-01,2021-03-31,60,600000.0,870651.923189,1135374.543672,0.451087,0.892291,-0.233159,-0.341333,142.0,-0.342362,154.0,-0.172369,-0.03512
VT,5,-0.070024,2016-05-02,2021-04-30,60,600000.0,897200.291966,1160326.673518,0.495334,0.933878,-0.226769,-0.341306,142.0,-0.342362,154.0,-0.176895,-0.053043
VT,5,-0.068757,2016-06-01,2021-05-28,60,600000.0,901836.684403,1177047.115369,0.503061,0.961745,-0.233814,-0.341277,142.0,-0.342362,154.0,-0.181197,-0.054332
VT,5,-0.067907,2016-07-01,2021-06-30,60,600000.0,902727.401938,1189874.870346,0.504546,0.983125,-0.241326,-0.341247,142.0,-0.342362,154.0,-0.18566,-0.013884
VT,5,-0.037391,2016-08-01,2021-07-30,60,600000.0,898375.03756,1159271.71037,0.497292,0.93212,-0.225052,-0.341215,142.0,-0.342362,154.0,-0.190304,-0.025561
VT,5,-0.027006,2016-09-01,2021-08-31,60,600000.0,909172.248919,1172861.571233,0.515287,0.954769,-0.224826,-0.341182,142.0,-0.342362,154.0,-0.194414,-0.035961
VT,5,-0.024418,2016-10-03,2021-09-30,60,600000.0,862624.014558,1121700.399648,0.437707,0.869501,-0.230968,-0.341148,142.0,-0.342362,154.0,-0.198468,-0.038519
VT,5,-0.047864,2016-11-01,2021-10-29,60,600000.0,897786.612879,1208463.658887,0.496311,1.014106,-0.257084,-0.341112,142.0,-0.342362,154.0,-0.202657,-0.014843
VT,5,-0.035017,2016-12-01,2021-11-30,60,600000.0,864372.857076,1161192.995373,0.440621,0.935322,-0.255617,-0.341072,142.0,-0.342362,154.0,-0.207655,-0.016026
VT,5,-0.008028,2017-01-03,2021-12-31,60,600000.0,887671.796865,1169035.466014,0.479453,0.948392,-0.24068,-0.341031,136.0,-0.342362,154.0,-0.212568,-0.045701
VT,5,-0.007258,2017-02-01,2022-01-31,60,600000.0,837914.43866,1090321.583092,0.396524,0.817203,-0.231498,-0.340988,136.0,-0.342362,154.0,-0.216959,-0.067238
VT,5,0.0,2017-03-01,2022-02-28,60,600000.0,806678.510967,1021320.1477,0.344464,0.7022,-0.210161,-0.340943,136.0,-0.342362,154.0,-0.221006,-0.101372
VT,5,-0.004226,2017-04-03,2022-03-31,60,600000.0,814906.095461,1038947.766268,0.358177,0.73158,-0.215643,-0.340898,136.0,-0.342362,154.0,-0.224329,-0.102778
VT,5,-0.000151,2017-05-01,2022-04-29,60,600000.0,742152.817543,936725.802279,0.236921,0.56121,-0.207716,-0.340849,136.0,-0.342362,154.0,-0.227802,-0.119799
VT,5,0.0,2017-06-01,2022-05-31,60,600000.0,740147.96019,918535.751075,0.23358,0.530893,-0.194209,-0.340798,136.0,-0.342362,154.0,-0.230979,-0.141135
VT,5,-0.006023,2017-07-03,2022-06-30,60,600000.0,675226.459185,843472.991234,0.125377,0.405788,-0.199469,-0.340745,136.0,-0.342362,154.0,-0.233701,-0.141605
VT,5,0.0,2017-08-01,2022-07-29,60,600000.0,717975.854645,876715.627912,0.196626,0.461193,-0.181062,-0.340688,135.0,-0.342362,154.0,-0.236579,-0.166018
VT,5,0.0,2017-09-01,2022-08-31,60,600000.0,684477.677334,838776.919807,0.140796,0.397962,-0.183957,-0.340628,135.0,-0.342362,154.0,-0.238855,-0.168407
VT,5,0.0,2017-10-02,2022-09-30,60,600000.0,615686.802566,743746.19284,0.026145,0.239577,-0.172182,-0.340565,135.0,-0.342362,154.0,-0.241204,-0.184959
VT,5,0.0,2017-11-01,2022-10-31,60,600000.0,652142.707829,774884.019044,0.086905,0.291473,-0.1584,-0.340498,135.0,-0.342362,154.0,-0.243143,-0.201739
VT,5,-0.002174,2017-12-01,2022-11-30,60,600000.0,702979.517015,827065.355747,0.171633,0.378442,-0.150031,-0.340427,135.0,-0.342362,154.0,-0.244622,-0.213156
VT,5,0.0,2018-01-02,2022-12-30,60,600000.0,668146.993402,769532.821309,0.113578,0.282555,-0.13175,-0.340352,135.0,-0.342362,154.0,-0.245787,-0.233895
VT,5,-0.018312,2018-02-01,2023-01-31,60,600000.0,716185.126897,792810.159636,0.193642,0.32135,-0.09665,-0.340274,135.0,-0.342362,154.0,-0.246245,-0.266783
VT,5,-0.07237,2018-03-01,2023-02-28,60,600000.0,690198.094949,812334.540665,0.15033,0.353891,-0.150352,-0.340192,135.0,-0.342362,154.0,-0.245423,-0.224054
VT,5,-0.091591,2018-04-02,2023-03-31,60,600000.0,706209.475863,853165.710598,0.177016,0.421943,-0.172248,-0.340099,135.0,-0.342362,154.0,-0.246313,-0.207636
VT,5,-0.069815,2018-05-01,2023-04-28,60,600000.0,711928.778753,845045.239161,0.186548,0.408409,-0.157526,-0.339995,134.0,-0.342362,154.0,-0.247995,-0.226185
VT,5,-0.054963,2018-06-01,2023-05-31,60,600000.0,699292.681971,821701.351334,0.165488,0.369502,-0.14897,-0.339883,134.0,-0.342362,154.0,-0.248986,-0.238347
VT,5,-0.072895,2018-07-02,2023-06-30,60,600000.0,735867.246943,886242.015864,0.226445,0.47707,-0.169677,-0.339763,134.0,-0.342362,154.0,-0.249493,-0.223614
VT,5,-0.046265,2018-08-01,2023-07-31,60,600000.0,758277.980471,893564.954362,0.263797,0.489275,-0.151401,-0.339628,134.0,-0.342362,154.0,-0.250787,-0.245293
VT,5,-0.040685,2018-09-04,2023-08-31,60,600000.0,732024.15558,863109.526996,0.22004,0.438516,-0.151876,-0.339482,128.0,-0.342362,154.0,-0.251076,-0.249682
VT,5,-0.030775,2018-10-01,2023-09-29,60,600000.0,696646.356356,817936.368323,0.161077,0.363227,-0.148288,-0.339321,121.0,-0.342362,154.0,-0.251154,-0.257354
VT,5,-0.095373,2018-11-01,2023-10-31,60,600000.0,672836.787866,850762.705295,0.121395,0.417938,-0.209137,-0.339143,121.0,-0.342362,154.0,-0.250789,-0.204323
VT,5,-0.081613,2018-12-03,2023-11-30,60,600000.0,728793.921232,913516.832981,0.214657,0.522528,-0.202211,-0.338927,120.0,-0.342362,154.0,-0.253693,-0.216245
VT,5,-0.160566,2019-01-02,2023-12-29,60,600000.0,760797.061357,1050984.252357,0.267995,0.75164,-0.27611,-0.338685,120.0,-0.342362,154.0,-0.25619,-0.142528
VT,5,-0.092261,2019-02-01,2024-01-31,60,600000.0,753365.943058,971900.093416,0.25561,0.619833,-0.224852,-0.338377,119.0,-0.342362,154.0,-0.264308,-0.207051
VT,5,-0.062089,2019-03-01,2024-02-29,60,600000.0,780599.939785,982875.285893,0.301,0.638125,-0.2058,-0.338042,119.0,-0.342362,154.0,-0.268713,-0.23256
VT,5,-0.044788,2019-04-01,2024-03-28,60,600000.0,798817.960412,995850.521926,0.331363,0.659751,-0.197854,-0.33766,114.0,-0.342362,154.0,-0.271725,-0.24646
VT,5,-0.030481,2019-05-01,2024-04-30,60,600000.0,763855.003859,945993.818018,0.273092,0.576656,-0.192537,-0.337213,114.0,-0.342362,154.0,-0.274022,-0.257579
VT,5,-0.081006,2019-06-03,2024-05-31,60,600000.0,792974.280048,1043903.329829,0.321624,0.739839,-0.240376,-0.33668,77.0,-0.342362,154.0,-0.275667,-0.216762
VT,5,-0.015533,2019-07-01,2024-06-28,60,600000.0,798025.30446,989932.997274,0.330042,0.649888,-0.193859,-0.335985,77.0,-0.342362,154.0,-0.282212,-0.268852
VT,5,-0.031766,2019-08-01,2024-07-31,60,600000.0,807184.491949,1026457.951606,0.345307,0.710763,-0.213621,-0.335162,74.0,-0.342362,154.0,-0.283882,-0.256594
VT,5,-0.049556,2019-09-03,2024-08-30,60,600000.0,818933.758676,1070070.047588,0.36489,0.78345,-0.234691,-0.334075,74.0,-0.342362,154.0,-0.28778,-0.242679
VT,5,-0.033227,2019-10-01,2024-09-30,60,600000.0,829119.900701,1075103.313853,0.381867,0.791839,-0.2288,-0.332569,74.0,-0.342362,154.0,-0.295296,-0.25547
VT,5,0.0,2019-11-01,2024-10-31,60,600000.0,803358.11767,1002239.61774,0.33893,0.670399,-0.198437,-0.330438,72.0,-0.342362,154.0,-0.303262,-0.290459
VT,5,-0.013229,2019-12-02,2024-11-29,60,600000.0,829610.810396,1035091.031131,0.382685,0.725152,-0.198514,-0.327318,71.0,-0.342362,154.0,-0.306462,-0.296347
VT,5,0.0,2020-01-02,2024-12-31,60,600000.0,798191.005068,954605.499721,0.330318,0.591009,-0.163852,-0.322047,66.0,-0.342362,154.0,-0.309834,-0.33143
VT,5,-0.035026,2020-02-03,2025-01-31,60,600000.0,816512.783533,1003901.181011,0.360855,0.673169,-0.18666,-0.311911,56.0,-0.342362,154.0,-0.299036,-0.317753
VT,5,-0.086209,2020-03-02,2025-02-28,60,600000.0,806515.711672,1054610.110789,0.344193,0.757684,-0.235248,-0.28985,22.0,-0.28985,74.0,-0.280319,-0.280319
VT,5,-0.275367,2020-04-01,2025-03-31,60,600000.0,770938.231255,1283124.092424,0.284897,1.13854,-0.399171,-0.235463,286.0,-0.26382,474.0,-0.101746,0.0
VT,5,-0.185075,2020-05-01,2025-04-30,60,600000.0,763777.938431,1147352.091888,0.272963,0.912253,-0.334313,-0.233984,286.0,-0.26382,474.0,-0.118367,0.0
VT,5,-0.108422,2020-06-01,2025-05-30,60,600000.0,798434.092475,1109599.799958,0.330723,0.849333,-0.280431,-0.232523,285.0,-0.26382,474.0,-0.130714,-0.01205
VT,5,-0.086672,2020-07-01,2025-06-30,60,600000.0,826786.834661,1133793.139911,0.377978,0.889655,-0.270778,-0.231047,285.0,-0.26382,474.0,-0.140066,0.0
VT,5,-0.033546,2020-08-03,2025-07-31,60,600000.0,826862.594944,1083223.698405,0.378104,0.805373,-0.236665,-0.229455,258.0,-0.26382,474.0,-0.149111,-0.011154
VT,5,0.0,2020-09-01,2025-08-29,60,600000.0,843129.992521,1056373.149095,0.405217,0.760622,-0.201863,-0.22791,258.0,-0.26382,474.0,-0.156472,-0.063347
VT,5,-0.039665,2020-10-01,2025-09-30,60,600000.0,863766.766696,1124391.322623,0.439611,0.873986,-0.231792,-0.226293,258.0,-0.26382,474.0,-0.16217,-0.028294
VT,5,-0.055259,2020-11-02,2025-10-31,60,600000.0,872286.186762,1166092.089404,0.45381,0.943487,-0.251958,-0.224447,258.0,-0.26382,474.0,-0.169628,0.0
VT,5,0.0,2020-12-01,2025-11-28,60,600000.0,864680.302687,1037425.988684,0.441134,0.729043,-0.166514,-0.222348,257.0,-0.26382,474.0,-0.178521,-0.091552
VT,5,-0.005725,2021-01-04,2025-12-31,60,600000.0,865342.52385,1018453.198025,0.442238,0.697422,-0.150336,-0.220264,256.0,-0.26382,474.0,-0.182778,-0.116313
VT,5,-0.0242,2021-02-01,2026-01-30,60,600000.0,885006.567219,1028911.192459,0.475011,0.714852,-0.139861,-0.217999,256.0,-0.26382,474.0,-0.186219,-0.134184
VT,5,-0.016412,2021-03-01,2026-02-27,60,600000.0,892234.16205,1011995.163351,0.487057,0.686659,-0.118341,-0.215513,255.0,-0.26382,474.0,-0.18908,-0.162185
VT,5,0.0,2021-04-01,2026-03-31,60,600000.0,830357.610279,932370.564889,0.383929,0.553951,-0.109412,-0.212808,255.0,-0.26382,474.0,-0.190698,-0.176912
VT,5,-0.005958,2021-05-03,2026-04-30,60,600000.0,901515.809116,987046.615247,0.502526,0.645078,-0.086653,-0.209806,251.0,-0.26382,474.0,-0.191638,-0.202871
VT,5,0.0,2021-06-01,2026-05-29,60,600000.0,936013.004864,1017032.484665,0.560022,0.695054,-0.079663,-0.206507,245.0,-0.26382,474.0,-0.191069,-0.2146
VT,5,-1.6e-05,2021-07-01,2026-06-30,60,600000.0,925489.283247,1001439.808175,0.542482,0.669066,-0.075841,-0.202801,245.0,-0.26382,474.0,-0.18964,-0.223681
VT,5,-0.004865,2021-08-02,2026-07-31,60,600000.0,912470.479997,991244.013661,0.520784,0.652073,-0.079469,-0.198591,125.0,-0.26382,474.0,-0.187357,-0.226211
VT,5,0.0,2021-09-01,2026-08-31,60,600000.0,933096.381956,994384.384031,0.555161,0.657307,-0.061634,-0.193725,125.0,-0.26382,474.0,-0.184527,-0.246435
VT,10,0.0,2010-09-09,2020-08-31,120,1200000.0,1939155.393878,2970287.002396,0.615963,1.475239,-0.347149,-0.342028,148.0,-0.342362,154.0,-0.155371,-0.057864
VT,10,0.0,2010-10-01,2020-09-30,120,1200000.0,1867916.673807,2737649.315012,0.556597,1.281374,-0.317693,-0.342023,148.0,-0.342362,154.0,-0.163351,-0.10543
VT,10,-0.004926,2010-11-01,2020-10-30,120,1200000.0,1817066.117202,2606596.938783,0.514222,1.172164,-0.302897,-0.342019,148.0,-0.342362,154.0,-0.16991,-0.130461
VT,10,-0.038327,2010-12-01,2020-11-30,120,1200000.0,2028503.526804,2931522.8542,0.69042,1.442936,-0.308038,-0.342015,148.0,-0.342362,154.0,-0.175237,-0.129711
VT,10,0.0,2011-01-03,2020-12-31,120,1200000.0,2113246.323755,2904309.521374,0.761039,1.420258,-0.272376,-0.34201,148.0,-0.342362,154.0,-0.181833,-0.178312
VT,10,0.0,2011-02-01,2021-01-29,120,1200000.0,2094339.886044,2828519.286109,0.745283,1.357099,-0.259563,-0.342006,148.0,-0.342362,154.0,-0.183906,-0.197936
VT,10,-0.02186,2011-03-01,2021-02-26,120,1200000.0,2136236.61559,2915365.470112,0.780197,1.429471,-0.267249,-0.342002,148.0,-0.342362,154.0,-0.183723,-0.194839
VT,10,-0.000994,2011-04-01,2021-03-31,120,1200000.0,2182197.372064,2935848.380599,0.818498,1.44654,-0.256706,-0.341997,147.0,-0.342362,154.0,-0.184003,-0.211657
VT,10,-0.002883,2011-05-02,2021-04-30,120,1200000.0,2257167.075197,2962284.19022,0.880973,1.46857,-0.238032,-0.341993,147.0,-0.342362,154.0,-0.180979,-0.236122
VT,10,-0.043244,2011-06-01,2021-05-28,120,1200000.0,2277850.179987,3136007.65758,0.898208,1.61334,-0.273646,-0.341988,147.0,-0.342362,154.0,-0.170229,-0.203897
VT,10,-0.024794,2011-07-01,2021-06-30,120,1200000.0,2288412.932664,3113042.036231,0.907011,1.594202,-0.264895,-0.341984,147.0,-0.342362,154.0,-0.163225,-0.218959
VT,10,-0.063617,2011-08-01,2021-07-30,120,1200000.0,2286471.790725,3262140.247285,0.905393,1.71845,-0.299088,-0.341979,147.0,-0.342362,154.0,-0.143268,-0.186576
VT,10,-0.131078,2011-09-01,2021-08-31,120,1200000.0,2320651.179382,3594986.655612,0.933876,1.995822,-0.354476,-0.341974,147.0,-0.342362,154.0,-0.109489,-0.123424
VT,10,-0.238324,2011-10-03,2021-09-30,120,1200000.0,2206140.542985,3932704.574212,0.83845,2.277254,-0.439027,-0.341968,147.0,-0.342362,154.0,-0.046106,0.0
VT,10,-0.15568,2011-11-01,2021-10-29,120,1200000.0,2295636.066813,3730321.356182,0.91303,2.108601,-0.384601,-0.341961,147.0,-0.342362,154.0,-0.066242,-0.066242
VT,10,-0.145301,2011-12-01,2021-11-30,120,1200000.0,2215008.083999,3588657.467024,0.84584,1.990548,-0.382775,-0.341955,147.0,-0.342362,154.0,-0.071581,-0.048796
VT,10,-0.134342,2012-01-03,2021-12-31,120,1200000.0,2278757.425744,3678076.508657,0.898965,2.065064,-0.380449,-0.341949,147.0,-0.342362,154.0,-0.079739,-0.035008
VT,10,-0.091443,2012-02-01,2022-01-31,120,1200000.0,2154636.720851,3343918.479852,0.795531,1.786599,-0.355655,-0.341943,147.0,-0.342362,154.0,-0.092633,-0.080572
VT,10,-0.052086,2012-03-01,2022-02-28,120,1200000.0,2077496.145791,3116284.378183,0.731247,1.596904,-0.333342,-0.341936,147.0,-0.342362,154.0,-0.102935,-0.118746
VT,10,-0.040279,2012-04-02,2022-03-31,120,1200000.0,2100568.477574,3135978.826812,0.750474,1.613316,-0.330171,-0.34193,147.0,-0.342362,154.0,-0.104059,-0.129588
VT,10,-0.056612,2012-05-01,2022-04-29,120,1200000.0,1915630.206108,2932003.838819,0.596359,1.443337,-0.346648,-0.341924,147.0,-0.342362,154.0,-0.09637,-0.114518
VT,10,-0.164647,2012-06-01,2022-05-31,120,1200000.0,1910559.076895,3327556.322224,0.592133,1.772964,-0.425837,-0.341917,147.0,-0.342362,154.0,-0.042819,0.0
VT,10,-0.097937,2012-07-02,2022-06-30,120,1200000.0,1739167.704158,2831204.694891,0.449306,1.359337,-0.385715,-0.34191,147.0,-0.342362,154.0,-0.050932,-0.034686
VT,10,-0.097543,2012-08-01,2022-07-29,120,1200000.0,1846019.57941,3027609.421753,0.53835,1.523008,-0.390272,-0.341902,147.0,-0.342362,154.0,-0.057162,-0.010031
VT,10,-0.073339,2012-09-04,2022-08-31,120,1200000.0,1756619.030663,2829037.792147,0.463849,1.357531,-0.379075,-0.341895,147.0,-0.342362,154.0,-0.063677,-0.007588
VT,10,-0.03875,2012-10-01,2022-09-30,120,1200000.0,1576982.840547,2467362.471714,0.314152,1.056135,-0.360863,-0.341887,147.0,-0.342362,154.0,-0.069734,-0.043298
VT,10,-0.035165,2012-11-01,2022-10-31,120,1200000.0,1666052.325873,2614948.481084,0.388377,1.179124,-0.362874,-0.34188,142.0,-0.342362,154.0,-0.075029,-0.046853
VT,10,-0.037157,2012-12-03,2022-11-30,120,1200000.0,1791256.244852,2837393.573976,0.492714,1.364495,-0.368697,-0.341872,142.0,-0.342362,154.0,-0.080486,0.0
VT,10,0.0,2013-01-02,2022-12-30,120,1200000.0,1698709.583087,2567144.878639,0.415591,1.139287,-0.338288,-0.341864,142.0,-0.342362,154.0,-0.086292,-0.009703
VT,10,0.0,2013-02-01,2023-01-31,120,1200000.0,1816321.296686,2689919.424389,0.513601,1.2416,-0.324767,-0.341856,142.0,-0.342362,154.0,-0.090772,-0.027371
VT,10,-0.012495,2013-03-01,2023-02-28,120,1200000.0,1746445.028363,2630248.445177,0.455371,1.191874,-0.336015,-0.341848,142.0,-0.342362,154.0,-0.094703,-0.012605
VT,10,-0.012826,2013-04-01,2023-03-31,120,1200000.0,1783942.427387,2672725.84711,0.486619,1.227272,-0.332538,-0.34184,142.0,-0.342362,154.0,-0.099157,-0.024463
VT,10,-0.009687,2013-05-01,2023-04-28,120,1200000.0,1796824.730149,2642927.452386,0.497354,1.20244,-0.320138,-0.341831,142.0,-0.342362,154.0,-0.103498,-0.04887
VT,10,-0.03033,2013-06-03,2023-05-31,120,1200000.0,1763219.08623,2584215.068185,0.469349,1.153513,-0.317696,-0.341823,142.0,-0.342362,154.0,-0.107308,-0.05861
VT,10,-0.054203,2013-07-01,2023-06-30,120,1200000.0,1853290.317148,2803320.295005,0.544409,1.3361,-0.338895,-0.341814,142.0,-0.342362,154.0,-0.111028,-0.005583
VT,10,-0.000485,2013-08-01,2023-07-31,120,1200000.0,1908386.162756,2751402.05141,0.590322,1.292835,-0.306395,-0.341805,142.0,-0.342362,154.0,-0.115812,-0.037347
VT,10,-0.031426,2013-09-03,2023-08-31,120,1200000.0,1841625.173064,2751885.660524,0.534688,1.293238,-0.330777,-0.341796,142.0,-0.342362,154.0,-0.119056,0.0
VT,10,-0.014469,2013-10-01,2023-09-29,120,1200000.0,1750852.722271,2498247.408966,0.459044,1.081873,-0.299168,-0.341786,142.0,-0.342362,154.0,-0.123521,-0.041938
VT,10,-0.009632,2013-11-01,2023-10-31,120,1200000.0,1689293.300789,2358349.687192,0.407744,0.965291,-0.283697,-0.341777,142.0,-0.342362,154.0,-0.126435,-0.068393
VT,10,-0.006837,2013-12-02,2023-11-30,120,1200000.0,1830861.452186,2547814.797586,0.525718,1.123179,-0.281399,-0.341767,142.0,-0.342362,154.0,-0.128585,-0.076732
VT,10,-0.014815,2014-01-02,2023-12-29,120,1200000.0,1913387.791179,2642856.403612,0.59449,1.20238,-0.276015,-0.341758,142.0,-0.342362,154.0,-0.130579,-0.089262
VT,10,-0.063468,2014-02-03,2024-01-31,120,1200000.0,1901449.273723,2780154.26511,0.584541,1.316795,-0.316063,-0.341748,142.0,-0.342362,154.0,-0.132232,-0.041949
VT,10,-0.013563,2014-03-03,2024-02-29,120,1200000.0,1972957.263662,2743256.523152,0.644131,1.286047,-0.280797,-0.341737,142.0,-0.342362,154.0,-0.135994,-0.095291
VT,10,0.0,2014-04-01,2024-03-28,120,1200000.0,2022514.912161,2758484.885177,0.685429,1.298737,-0.266802,-0.341727,142.0,-0.342362,154.0,-0.137763,-0.118385
VT,10,0.0,2014-05-01,2024-04-30,120,1200000.0,1937537.436259,2654330.130905,0.614615,1.211942,-0.270047,-0.341716,142.0,-0.342362,154.0,-0.138644,-0.120141
VT,10,0.0,2014-06-02,2024-05-31,120,1200000.0,2013991.933173,2715543.326699,0.678327,1.262953,-0.258347,-0.341706,142.0,-0.342362,154.0,-0.139525,-0.13943
VT,10,0.0,2014-07-01,2024-06-28,120,1200000.0,2033094.497738,2686735.222303,0.694245,1.238946,-0.243284,-0.341695,142.0,-0.342362,154.0,-0.13953,-0.161853
VT,10,-0.034237,2014-08-01,2024-07-31,120,1200000.0,2060699.929208,2822222.305241,0.71725,1.351852,-0.269831,-0.341684,142.0,-0.342362,154.0,-0.138355,-0.136679
VT,10,-0.003646,2014-09-02,2024-08-30,120,1200000.0,2095136.957223,2799400.971721,0.745947,1.332834,-0.251577,-0.341672,142.0,-0.342362,154.0,-0.138448,-0.163186
VT,10,-0.052748,2014-10-01,2024-09-30,120,1200000.0,2127740.349578,3009189.285327,0.773117,1.507658,-0.292919,-0.34166,142.0,-0.342362,154.0,-0.136993,-0.119808
VT,10,-0.032841,2014-11-03,2024-10-31,120,1200000.0,2066660.672588,2882988.253267,0.722217,1.40249,-0.283153,-0.341647,142.0,-0.342362,154.0,-0.138067,-0.137925
VT,10,-0.024401,2014-12-01,2024-11-29,120,1200000.0,2137616.648679,2976428.574874,0.781347,1.480357,-0.281818,-0.341634,142.0,-0.342362,154.0,-0.138077,-0.145383
VT,10,-0.039119,2015-01-02,2024-12-31,120,1200000.0,2060458.457558,2933282.311498,0.717049,1.444402,-0.297559,-0.341621,142.0,-0.342362,154.0,-0.137555,-0.132293
VT,10,-0.0396,2015-02-02,2025-01-31,120,1200000.0,2108558.298375,3024432.315609,0.757132,1.52036,-0.302825,-0.341607,142.0,-0.342362,154.0,-0.137959,-0.131858
VT,10,0.0,2015-03-02,2025-02-28,120,1200000.0,2084788.547742,2870637.522695,0.737324,1.392198,-0.273754,-0.341592,142.0,-0.342362,154.0,-0.138468,-0.172587
VT,10,-0.016987,2015-04-01,2025-03-31,120,1200000.0,1998123.4803,2811705.31828,0.665103,1.343088,-0.289355,-0.341578,142.0,-0.342362,154.0,-0.135366,-0.160025
VT,10,-0.006696,2015-05-01,2025-04-30,120,1200000.0,1995785.69262,2731726.278133,0.663155,1.276439,-0.269405,-0.341562,142.0,-0.342362,154.0,-0.134161,-0.188468
VT,10,-0.018129,2015-06-01,2025-05-30,120,1200000.0,2098121.1525,2909492.311459,0.748434,1.424577,-0.27887,-0.341547,142.0,-0.342362,154.0,-0.135796,-0.183089
VT,10,-0.034779,2015-07-01,2025-06-30,120,1200000.0,2181189.07446,3097991.561809,0.817658,1.58166,-0.295934,-0.341531,142.0,-0.342362,154.0,-0.1376,-0.168997
VT,10,-0.039148,2015-08-03,2025-07-31,120,1200000.0,2189128.058088,3146222.980567,0.824273,1.621852,-0.304204,-0.341514,142.0,-0.342362,154.0,-0.139767,-0.165218
VT,10,-0.127321,2015-09-01,2025-08-29,120,1200000.0,2237250.048376,3566487.889528,0.864375,1.972073,-0.372702,-0.341496,142.0,-0.342362,154.0,-0.142094,-0.080874
VT,10,-0.128743,2015-10-01,2025-09-30,120,1200000.0,2292364.293632,3692742.643265,0.910304,2.077286,-0.379224,-0.341476,142.0,-0.342362,154.0,-0.146356,-0.079374
VT,10,-0.057537,2015-11-02,2025-10-31,120,1200000.0,2317531.636723,3482860.803479,0.931276,1.902384,-0.33459,-0.341454,142.0,-0.342362,154.0,-0.150812,-0.148931
VT,10,-0.060203,2015-12-01,2025-11-28,120,1200000.0,2303400.074726,3500194.731069,0.9195,1.916829,-0.341922,-0.341434,142.0,-0.342362,154.0,-0.153856,-0.146516
VT,10,-0.105707,2016-01-04,2025-12-31,120,1200000.0,2305338.754352,3712202.798701,0.921116,2.093502,-0.378984,-0.341412,142.0,-0.342362,154.0,-0.157076,-0.103089
VT,10,-0.142647,2016-02-01,2026-01-30,120,1200000.0,2355422.389959,3992653.942534,0.962852,2.327212,-0.410061,-0.341388,142.0,-0.342362,154.0,-0.161452,-0.064445
VT,10,-0.131754,2016-03-01,2026-02-27,120,1200000.0,2370423.041863,4007346.640462,0.975353,2.339456,-0.408481,-0.341361,142.0,-0.342362,154.0,-0.166941,0.0
VT,10,-0.087299,2016-04-01,2026-03-31,120,1200000.0,2201108.328273,3575057.791708,0.834257,1.979215,-0.384315,-0.341333,142.0,-0.342362,154.0,-0.172369,-0.03512
VT,10,-0.070024,2016-05-02,2026-04-30,120,1200000.0,2384327.459338,3835366.361254,0.98694,2.196139,-0.378331,-0.341306,142.0,-0.342362,154.0,-0.176895,-0.053043
VT,10,-0.068757,2016-06-01,2026-05-29,120,1200000.0,2470468.18396,4005439.285081,1.058723,2.337866,-0.383222,-0.341277,142.0,-0.342362,154.0,-0.181197,-0.054332
VT,10,-0.067907,2016-07-01,2026-06-30,120,1200000.0,2437727.265357,3986527.868837,1.031439,2.322107,-0.388509,-0.341247,142.0,-0.342362,154.0,-0.18566,-0.013884
VT,10,-0.037391,2016-08-01,2026-07-31,120,1200000.0,2397790.568038,3833342.394704,0.998159,2.194452,-0.374491,-0.341215,142.0,-0.342362,154.0,-0.190304,-0.025561
VT,10,-0.027006,2016-09-01,2026-08-31,120,1200000.0,2447223.456959,3906545.678986,1.039353,2.255455,-0.373558,-0.341182,142.0,-0.342362,154.0,-0.194414,-0.035961
EWJ,1,0.0,2010-09-09,2011-08-31,12,120000.0,114075.688188,123378.614785,-0.049369,0.028155,-0.075401,-0.167029,,-0.184162,,-0.093764,-0.01986
EWJ,1,-0.00999,2010-10-01,2011-09-30,12,120000.0,109377.164918,116341.338436,-0.088524,-0.030489,-0.05986,-0.166858,,-0.198063,,-0.110685,-0.054061
EWJ,1,-0.030303,2010-11-01,2011-10-31,12,120000.0,109146.451459,115486.895438,-0.090446,-0.037609,-0.054902,-0.166618,,-0.198063,,-0.115832,-0.055014
EWJ,1,-0.000953,2010-12-01,2011-11-30,12,120000.0,110001.810293,109664.701704,-0.083318,-0.086127,0.003074,-0.166242,,-0.231948,,-0.140671,-0.143305
EWJ,1,0.0,2011-01-03,2011-12-30,12,120000.0,108525.700682,101361.850602,-0.095619,-0.155318,0.070676,-0.165624,127.0,-0.231948,,-0.140432,-0.190092
EWJ,1,-0.002684,2011-02-01,2012-01-31,12,120000.0,115192.476374,104923.356818,-0.040063,-0.125639,0.097873,-0.164417,119.0,-0.231948,,-0.147181,-0.200262
EWJ,1,-0.008613,2011-03-01,2012-02-29,12,120000.0,121748.66955,106324.564894,0.014572,-0.113962,0.145066,-0.161458,107.0,-0.225947,,-0.16073,-0.225275
EWJ,1,-0.112834,2011-04-01,2012-03-30,12,120000.0,125164.709302,121074.937253,0.043039,0.008958,0.033779,-0.139939,85.0,-0.1875,,-0.11614,-0.134264
EWJ,1,-0.090439,2011-05-02,2012-04-30,12,120000.0,119659.713284,112989.634727,-0.002836,-0.05842,0.059033,-0.132857,84.0,-0.1875,,-0.113551,-0.155579
EWJ,1,-0.126615,2011-06-01,2012-05-31,12,120000.0,109845.036304,107400.764865,-0.084625,-0.104994,0.022758,-0.132477,,-0.1875,,-0.106547,-0.120603
EWJ,1,-0.085984,2011-07-01,2012-06-29,12,120000.0,118809.175236,109676.082778,-0.009924,-0.086033,0.083273,-0.135174,,-0.195402,,-0.1112,-0.167868
EWJ,1,-0.078164,2011-08-01,2012-07-31,12,120000.0,114358.787152,103892.054178,-0.04701,-0.134233,0.100746,-0.133817,,-0.174927,,-0.114986,-0.174927
EWJ,1,-0.152015,2011-09-01,2012-08-31,12,120000.0,116635.809953,113819.465058,-0.028035,-0.051504,0.024744,-0.132223,,-0.151129,,-0.084009,-0.103071
EWJ,1,-0.191113,2011-10-03,2012-09-28,12,120000.0,118709.027072,120769.629079,-0.010758,0.006414,-0.017062,-0.130611,,-0.151129,,-0.081891,-0.059718
EWJ,1,-0.193719,2011-11-01,2012-10-31,12,120000.0,117254.147179,119706.687539,-0.022882,-0.002444,-0.020488,-0.129742,,-0.151129,,-0.084663,-0.056678
EWJ,1,-0.191982,2011-12-01,2012-11-30,12,120000.0,120672.329976,123008.976118,0.005603,0.025075,-0.018996,-0.128563,,-0.151129,,-0.08866,-0.058707
EWJ,1,-0.183144,2012-01-03,2012-12-31,12,120000.0,127243.117633,128524.809715,0.060359,0.07104,-0.009972,-0.12688,201.0,-0.151129,,-0.096991,-0.068891
EWJ,1,-0.155006,2012-02-01,2013-01-31,12,120000.0,129142.203077,127048.652957,0.076185,0.058739,0.016478,-0.124315,107.0,-0.151129,215.0,-0.108053,-0.099896
EWJ,1,-0.116318,2012-03-01,2013-02-28,12,120000.0,131680.256345,124410.664243,0.097335,0.036756,0.058432,-0.120061,106.0,-0.151129,215.0,-0.115975,-0.139304
EWJ,1,-0.104007,2012-04-02,2013-03-28,12,120000.0,138798.224932,129791.872209,0.156652,0.081599,0.069391,-0.111773,30.0,-0.151129,215.0,-0.111773,-0.151129
EWJ,1,-0.152368,2012-05-01,2013-04-30,12,120000.0,149919.107959,148630.128056,0.249326,0.238584,0.008672,-0.087137,20.0,-0.102697,200.0,-0.087137,-0.102697
EWJ,1,-0.239418,2012-06-01,2013-05-31,12,120000.0,136793.086618,153465.732699,0.139942,0.278881,-0.108641,-0.115823,,-0.115823,,-0.02838,0.0
EWJ,1,-0.167282,2012-07-02,2013-06-28,12,120000.0,139428.080791,145712.873907,0.161901,0.214274,-0.043131,-0.127895,,-0.136215,,-0.066098,-0.066098
EWJ,1,-0.204568,2012-08-01,2013-07-31,12,120000.0,137162.101385,152543.203161,0.143018,0.271193,-0.100831,-0.127093,42.0,-0.136215,,-0.031664,-0.022322
EWJ,1,-0.206343,2012-09-04,2013-08-30,12,120000.0,129995.603425,148115.33913,0.083297,0.234294,-0.122335,-0.126069,42.0,-0.136215,,-0.034778,-0.020134
EWJ,1,-0.188588,2012-10-01,2013-09-30,12,120000.0,139717.625525,158868.574156,0.164314,0.323905,-0.120546,-0.124782,42.0,-0.136215,,-0.042099,-0.041576
EWJ,1,-0.187701,2012-11-01,2013-10-31,12,120000.0,136406.177278,158561.877399,0.136718,0.321349,-0.139729,-0.123164,39.0,-0.136215,,-0.042623,-0.042623
EWJ,1,-0.175272,2012-12-03,2013-11-29,12,120000.0,134981.96021,158139.278563,0.12485,0.317827,-0.146436,-0.121015,39.0,-0.136215,162.0,0.0,0.0
EWJ,1,-0.103578,2013-01-02,2013-12-31,12,120000.0,133706.187683,147563.833459,0.114218,0.229699,-0.093909,-0.118073,35.0,-0.136215,162.0,-0.035035,-0.035035
EWJ,1,-0.108065,2013-02-01,2014-01-31,12,120000.0,122797.695028,138410.891462,0.023314,0.153424,-0.112803,-0.115823,41.0,-0.136215,162.0,-0.003018,-0.003018
EWJ,1,-0.074864,2013-03-01,2014-02-28,12,120000.0,124472.586007,136741.467091,0.037272,0.139512,-0.089723,-0.115823,41.0,-0.136215,162.0,-0.012129,0.0
EWJ,1,-0.068583,2013-04-01,2014-03-31,12,120000.0,120341.539907,132543.732739,0.002846,0.104531,-0.092062,-0.115823,41.0,-0.136215,162.0,-0.036984,0.0
EWJ,1,-0.011111,2013-05-01,2014-04-30,12,120000.0,116638.106624,116287.525887,-0.028016,-0.030937,0.003015,-0.115823,32.0,-0.136215,162.0,-0.063094,-0.084702
EWJ,1,-0.126427,2013-06-03,2014-05-30,12,120000.0,122094.429261,131294.234432,0.017454,0.094119,-0.07007,-0.091013,,-0.110379,,-0.05232,-0.011204
EWJ,1,-0.0694,2013-07-01,2014-06-30,12,120000.0,126701.085528,129019.539911,0.055842,0.075163,-0.01797,-0.08886,55.0,-0.110379,69.0,-0.059594,-0.043134
EWJ,1,-0.055474,2013-08-01,2014-07-31,12,120000.0,125360.149381,126694.934242,0.044668,0.055791,-0.010535,-0.086354,54.0,-0.110379,69.0,-0.061537,-0.057242
EWJ,1,-0.087422,2013-09-03,2014-08-29,12,120000.0,122730.444274,128944.89325,0.022754,0.074541,-0.048195,-0.08324,52.0,-0.110379,69.0,-0.0622,-0.023193
EWJ,1,-0.027622,2013-10-01,2014-09-30,12,120000.0,121574.471488,120707.185258,0.013121,0.005893,0.007185,-0.079454,52.0,-0.110379,69.0,-0.067772,-0.083266
EWJ,1,-0.034994,2013-11-01,2014-10-31,12,120000.0,124677.674853,124626.20005,0.038981,0.038552,0.000413,-0.103429,,-0.11102,,-0.06519,-0.076262
EWJ,1,-0.014742,2013-12-02,2014-11-28,12,120000.0,119693.951538,117583.897728,-0.00255,-0.020134,0.017945,-0.102733,18.0,-0.11102,,-0.062975,-0.095458
EWJ,1,-0.016475,2014-01-02,2014-12-31,12,120000.0,116615.035493,114413.516063,-0.028208,-0.046554,0.019242,-0.101915,18.0,-0.11102,,-0.05979,-0.095477
EWJ,1,-0.085667,2014-02-03,2015-01-30,12,120000.0,119666.491244,125809.122391,-0.002779,0.048409,-0.048825,-0.100918,18.0,-0.11102,,-0.057354,-0.027027
EWJ,1,-0.065898,2014-03-03,2015-02-27,12,120000.0,127991.84635,132363.78615,0.066599,0.103032,-0.03303,-0.09957,18.0,-0.11102,126.0,-0.062996,-0.047619
EWJ,1,-0.064251,2014-04-01,2015-03-31,12,120000.0,128787.405044,134056.553427,0.073228,0.117138,-0.039305,-0.097849,18.0,-0.11102,126.0,-0.067263,-0.049296
EWJ,1,-0.075783,2014-05-01,2015-04-30,12,120000.0,130936.223107,139303.94165,0.091135,0.160866,-0.060068,-0.095525,15.0,-0.11102,126.0,-0.072669,-0.022784
EWJ,1,-0.034597,2014-06-02,2015-05-29,12,120000.0,131113.658676,135331.311819,0.092614,0.127761,-0.031165,-0.092153,15.0,-0.11102,126.0,-0.082647,-0.064474
EWJ,1,0.0,2014-07-01,2015-06-30,12,120000.0,128050.410175,126874.084082,0.067087,0.057284,0.009272,-0.08719,15.0,-0.11102,126.0,-0.08719,-0.11102
EWJ,1,-0.021225,2014-08-01,2015-07-31,12,120000.0,128601.322988,130839.617939,0.071678,0.09033,-0.017107,-0.080013,15.0,-0.09401,15.0,-0.079246,-0.091743
EWJ,1,-0.026939,2014-09-02,2015-08-31,12,120000.0,119734.735967,123363.351242,-0.002211,0.028028,-0.029414,-0.126929,,-0.132251,,-0.072998,-0.086409
EWJ,1,-0.054694,2014-10-01,2015-09-30,12,120000.0,113102.150356,119756.051747,-0.057482,-0.002033,-0.055562,-0.140943,,-0.155643,,-0.077273,-0.059586
EWJ,1,-0.00898,2014-11-03,2015-10-30,12,120000.0,121855.860339,123126.616965,0.015466,0.026055,-0.010321,-0.139556,,-0.155643,,-0.082208,-0.092652
EWJ,1,-0.046531,2014-12-01,2015-11-30,12,120000.0,122114.647678,128599.013748,0.017622,0.071658,-0.050423,-0.137953,,-0.155643,,-0.083623,-0.056918
EWJ,1,-0.075343,2015-01-02,2015-12-31,12,120000.0,119570.095807,130772.268674,-0.003583,0.089769,-0.085662,-0.135892,,-0.155643,,-0.089431,-0.027531
EWJ,1,-0.046601,2015-02-02,2016-01-29,12,120000.0,112752.833739,120341.976813,-0.060393,0.00285,-0.063063,-0.139744,,-0.179101,,-0.117586,-0.058193
EWJ,1,-0.001613,2015-03-02,2016-02-29,12,120000.0,106803.036415,106870.723779,-0.109975,-0.109411,-0.000633,-0.168506,,-0.215585,,-0.15656,-0.156025
EWJ,1,-0.022533,2015-04-01,2016-03-31,12,120000.0,112795.776341,110193.651326,-0.060035,-0.08172,0.023614,-0.165125,,-0.215585,,-0.156608,-0.169443
EWJ,1,-0.022523,2015-05-01,2016-04-29,12,120000.0,113964.319996,106563.069912,-0.050297,-0.111974,0.069454,-0.164014,71.0,-0.214996,,-0.155325,-0.197511
EWJ,1,-0.015766,2015-06-01,2016-05-31,12,120000.0,118626.310816,109260.369926,-0.011447,-0.089497,0.085721,-0.162707,69.0,-0.208454,,-0.150638,-0.20302
EWJ,1,-0.026613,2015-07-01,2016-06-30,12,120000.0,117508.177207,108609.416624,-0.020765,-0.094922,0.081934,-0.161101,69.0,-0.208255,,-0.14409,-0.194139
EWJ,1,-0.028122,2015-08-03,2016-07-29,12,120000.0,124244.052469,114075.103026,0.035367,-0.049374,0.089143,-0.159036,68.0,-0.208255,,-0.13694,-0.192888
EWJ,1,-0.126969,2015-09-01,2016-08-31,12,120000.0,126979.560551,129307.640553,0.058163,0.077564,-0.018004,-0.156316,68.0,-0.17626,,-0.127615,-0.101503
EWJ,1,-0.131497,2015-10-01,2016-09-30,12,120000.0,128801.705663,132733.806038,0.073348,0.106115,-0.029624,-0.152062,63.0,-0.17626,204.0,-0.132838,-0.096819
EWJ,1,-0.063586,2015-11-02,2016-10-31,12,120000.0,128689.592131,123991.192955,0.072413,0.03326,0.037893,-0.145457,62.0,-0.17626,204.0,-0.141842,-0.16232
EWJ,1,-0.051513,2015-12-01,2016-11-30,12,120000.0,126795.601855,120886.430769,0.05663,0.007387,0.048882,-0.135016,62.0,-0.172983,182.0,-0.135016,-0.172983
EWJ,1,-0.09321,2016-01-04,2016-12-30,12,120000.0,125636.199516,125278.098074,0.046968,0.043984,0.002858,-0.121556,32.0,-0.145695,69.0,-0.116033,-0.134954
EWJ,1,-0.131215,2016-02-01,2017-01-31,12,120000.0,129493.944641,135334.614242,0.079116,0.127788,-0.043157,-0.097113,20.0,-0.097113,22.0,-0.097113,-0.097113
EWJ,1,-0.151737,2016-03-01,2017-02-28,12,120000.0,129835.636369,140417.854206,0.081964,0.170149,-0.075362,-0.064701,40.0,-0.068889,42.0,-0.022879,-0.024194
EWJ,1,-0.154018,2016-04-01,2017-03-31,12,120000.0,128693.091325,141538.369132,0.072442,0.179486,-0.090755,-0.064701,39.0,-0.068889,42.0,-0.021564,-0.021564
EWJ,1,-0.116013,2016-05-02,2017-04-28,12,120000.0,127734.681377,136400.172122,0.064456,0.136668,-0.06353,-0.052595,14.0,-0.052595,15.0,-0.028677,-0.022454
EWJ,1,-0.104612,2016-06-01,2017-05-31,12,120000.0,129813.019844,138376.562819,0.081775,0.153138,-0.061886,-0.052595,14.0,-0.052595,15.0,-0.034901,-0.034901
EWJ,1,-0.12054,2016-07-01,2017-06-30,12,120000.0,129889.449425,142747.870088,0.082412,0.189566,-0.090078,-0.039714,5.0,-0.039714,5.0,0.0,0.0
EWJ,1,-0.073043,2016-08-01,2017-07-31,12,120000.0,130691.635492,138235.590265,0.089097,0.151963,-0.054573,-0.039714,5.0,-0.039714,5.0,-0.017355,-0.017355
EWJ,1,-0.052359,2016-09-01,2017-08-31,12,120000.0,128996.014912,135094.841998,0.074967,0.12579,-0.045145,-0.039714,5.0,-0.039714,5.0,-0.022635,-0.022635
EWJ,1,-0.0424,2016-10-03,2017-09-29,12,120000.0,130114.055083,136133.492783,0.084284,0.134446,-0.044217,-0.0374,6.0,-0.0374,14.0,-0.015341,-0.0128
EWJ,1,-0.036271,2016-11-01,2017-10-31,12,120000.0,135565.211881,142406.320095,0.12971,0.186719,-0.048039,-0.0374,6.0,-0.0374,14.0,-0.018482,-0.018482
EWJ,1,-0.052551,2016-12-01,2017-11-30,12,120000.0,136513.135839,147965.073753,0.137609,0.233042,-0.077396,-0.0374,5.0,-0.0374,14.0,-0.000818,-0.000818
EWJ,1,-0.045576,2017-01-03,2017-12-29,12,120000.0,135162.414821,147906.292256,0.126353,0.232552,-0.086162,-0.032322,9.0,-0.033053,20.0,-0.005719,0.0
EWJ,1,-0.014963,2017-02-01,2018-01-31,12,120000.0,139445.96027,150507.459261,0.16205,0.254229,-0.073495,-0.032322,9.0,-0.033053,20.0,-0.01676,-0.004524
EWJ,1,0.0,2017-03-01,2018-02-28,12,120000.0,132788.594546,143246.371346,0.106572,0.19372,-0.073006,-0.094271,,-0.095717,,-0.022878,-0.023538
EWJ,1,-0.011081,2017-04-03,2018-03-29,12,120000.0,130312.333246,142524.049289,0.085936,0.1877,-0.085682,-0.094128,,-0.098809,,-0.022218,-0.022218
EWJ,1,-0.00535,2017-05-01,2018-04-30,12,120000.0,128555.70701,141609.33112,0.071298,0.180078,-0.092181,-0.093953,,-0.098809,,0.0,0.0
EWJ,1,0.0,2017-06-01,2018-05-31,12,120000.0,124881.812988,135070.981477,0.040682,0.125592,-0.075436,-0.093736,,-0.098809,,-0.010635,-0.010968
EWJ,1,-0.021242,2017-07-03,2018-06-29,12,120000.0,120700.033571,132035.877614,0.005834,0.100299,-0.085854,-0.093469,,-0.098809,,-0.010302,-0.010302
EWJ,1,0.0,2017-08-01,2018-07-31,12,120000.0,121141.709193,129354.894185,0.009514,0.077957,-0.063493,-0.093118,,-0.114428,,-0.019807,-0.018337
EWJ,1,-0.012684,2017-09-01,2018-08-31,12,120000.0,119660.482685,130063.008639,-0.002829,0.083858,-0.079981,-0.092655,,-0.116609,,-0.029034,-0.004404
EWJ,1,0.0,2017-10-02,2018-09-28,12,120000.0,123053.669483,131606.705198,0.025447,0.096723,-0.064989,-0.091982,,-0.116921,,-0.036708,0.0
EWJ,1,0.0,2017-11-01,2018-10-31,12,120000.0,111099.329394,113185.552321,-0.074172,-0.056787,-0.018432,-0.118239,,-0.166786,,-0.097301,-0.08035
EWJ,1,-0.006828,2017-12-01,2018-11-30,12,120000.0,112709.309857,112953.5466,-0.060756,-0.05872,-0.002162,-0.118239,,-0.166942,,-0.098842,-0.090697
EWJ,1,0.0,2018-01-02,2018-12-31,12,120000.0,104459.391024,102463.223173,-0.129505,-0.14614,0.019482,-0.171012,,-0.228625,,-0.156466,-0.172586
EWJ,1,-0.021957,2018-02-01,2019-01-31,12,120000.0,113348.95787,104585.235489,-0.055425,-0.128456,0.083795,-0.169865,,-0.211308,,-0.155001,-0.211308
EWJ,1,-0.083037,2018-03-01,2019-02-28,12,120000.0,114843.259376,111716.157053,-0.042973,-0.069032,0.027991,-0.16856,,-0.190445,,-0.14937,-0.158772
EWJ,1,-0.080563,2018-04-02,2019-03-29,12,120000.0,116269.130199,112153.358728,-0.031091,-0.065389,0.036698,-0.166866,,-0.190445,,-0.148326,-0.161036
EWJ,1,-0.063089,2018-05-01,2019-04-30,12,120000.0,118292.627061,111469.649367,-0.014228,-0.071086,0.061209,-0.164752,,-0.190445,,-0.146737,-0.176683
EWJ,1,-0.069893,2018-06-01,2019-05-31,12,120000.0,113238.496537,106814.65976,-0.056346,-0.109878,0.06014,-0.162087,,-0.183681,,-0.142459,-0.17066
EWJ,1,-0.111934,2018-07-02,2019-06-28,12,120000.0,119387.356067,116872.208833,-0.005105,-0.026065,0.02152,-0.158518,,-0.183681,,-0.137759,-0.131399
EWJ,1,-0.082016,2018-08-01,2019-07-31,12,120000.0,119003.494856,112586.655316,-0.008304,-0.061778,0.056995,-0.153252,130.0,-0.183681,,-0.139031,-0.159708
EWJ,1,-0.103987,2018-09-04,2019-08-30,12,120000.0,118676.702118,114434.893343,-0.011027,-0.046376,0.037067,-0.145527,126.0,-0.183681,,-0.133861,-0.139103
EWJ,1,-0.055057,2018-10-01,2019-09-30,12,120000.0,125365.639568,114184.373287,0.044714,-0.048464,0.097923,-0.132114,63.0,-0.183681,,-0.132114,-0.183681
EWJ,1,-0.147463,2018-11-01,2019-10-31,12,120000.0,130198.96118,130887.989804,0.084991,0.090733,-0.005264,-0.117462,25.0,-0.117462,130.0,-0.106331,-0.0952
EWJ,1,-0.125959,2018-12-03,2019-11-29,12,120000.0,130845.01297,129299.445542,0.090375,0.077495,0.011953,-0.117462,17.0,-0.117462,130.0,-0.117462,-0.117462
EWJ,1,-0.198474,2019-01-02,2019-12-31,12,120000.0,131221.499011,142223.348752,0.093512,0.185195,-0.077356,-0.057899,20.0,-0.059795,28.0,-0.025296,-0.005682
EWJ,1,-0.151048,2019-02-01,2020-01-31,12,120000.0,126014.660575,130900.798738,0.050122,0.09084,-0.037327,-0.057899,20.0,-0.059795,28.0,-0.037949,-0.024787
EWJ,1,-0.143824,2019-03-01,2020-02-28,12,120000.0,114660.145794,119030.575762,-0.044499,-0.008079,-0.036717,-0.118657,,-0.121579,,-0.044499,-0.033015
EWJ,1,-0.129848,2019-04-01,2020-03-31,12,120000.0,106889.801462,109223.797329,-0.109252,-0.089802,-0.021369,-0.273812,,-0.283132,,-0.220527,-0.203507
EWJ,1,-0.132675,2019-05-01,2020-04-30,12,120000.0,113483.604679,114838.008862,-0.054303,-0.043017,-0.011794,-0.272946,,-0.283132,,-0.222075,-0.200911
EWJ,1,-0.167223,2019-06-03,2020-05-29,12,120000.0,122138.301122,128036.240982,0.017819,0.066969,-0.046065,-0.272184,,-0.283132,,-0.224191,-0.167761
EWJ,1,-0.122721,2019-07-01,2020-06-30,12,120000.0,121200.673495,121422.499698,0.010006,0.011854,-0.001827,-0.2712,84.0,-0.283132,,-0.230461,-0.209978
EWJ,1,-0.138885,2019-08-01,2020-07-31,12,120000.0,119801.217661,122372.774758,-0.001657,0.019773,-0.021014,-0.270016,79.0,-0.283132,,-0.233022,-0.195148
EWJ,1,-0.145065,2019-09-03,2020-08-31,12,120000.0,127512.938641,131628.843197,0.062608,0.096907,-0.031269,-0.268443,79.0,-0.283132,,-0.238432,-0.18933
EWJ,1,-0.104814,2019-10-01,2020-09-30,12,120000.0,128805.967092,127985.337141,0.073383,0.066544,0.006412,-0.266281,77.0,-0.283132,,-0.246616,-0.225781
EWJ,1,-0.060919,2019-11-01,2020-10-30,12,120000.0,126338.336928,120288.621857,0.052819,0.002405,0.050293,-0.263323,73.0,-0.283132,,-0.250783,-0.26197
EWJ,1,-0.060126,2019-12-02,2020-11-30,12,120000.0,139538.16222,132878.664515,0.162818,0.107322,0.050117,-0.259043,72.0,-0.283132,232.0,-0.247986,-0.262593
EWJ,1,-0.040093,2020-01-02,2020-12-31,12,120000.0,145640.712875,137046.912314,0.213673,0.142058,0.062707,-0.251879,71.0,-0.280266,196.0,-0.243117,-0.277982
EWJ,1,-0.066873,2020-02-03,2021-01-29,12,120000.0,143122.170407,139790.584971,0.192685,0.164922,0.023833,-0.237865,44.0,-0.280266,196.0,-0.225684,-0.257261
EWJ,1,-0.139997,2020-03-02,2021-02-26,12,120000.0,143965.238761,154461.533939,0.19971,0.287179,-0.067954,-0.200961,24.0,-0.200961,71.0,-0.194108,-0.194108
EWJ,1,-0.245673,2020-04-01,2021-03-31,12,120000.0,141550.213149,176874.928665,0.179585,0.473958,-0.199716,-0.059773,,-0.062065,,-0.009992,-0.009992
EWJ,1,-0.184577,2020-05-01,2021-04-30,12,120000.0,134526.123067,160995.653537,0.121051,0.34163,-0.164411,-0.059506,,-0.062065,,-0.004917,-0.004917
EWJ,1,-0.097983,2020-06-01,2021-05-28,12,120000.0,133246.332032,148044.177676,0.110386,0.233701,-0.099956,-0.080995,,-0.089479,,-0.019555,-0.026468
EWJ,1,-0.1141,2020-07-01,2021-06-30,12,120000.0,129937.388088,149546.238599,0.082812,0.246219,-0.131122,-0.080121,,-0.089479,,-0.008758,-0.008758
EWJ,1,-0.103917,2020-08-03,2021-07-30,12,120000.0,126670.982266,146905.582469,0.055592,0.224213,-0.137739,-0.079023,,-0.089479,,0.0,0.0
EWJ,1,-0.05963,2020-09-01,2021-08-31,12,120000.0,126722.865798,142677.870837,0.056024,0.188982,-0.111825,-0.077652,,-0.089479,,-0.010485,-0.010485
EWJ,1,-0.045083,2020-10-01,2021-09-30,12,120000.0,128045.373031,144304.579422,0.067045,0.202538,-0.112673,-0.075963,113.0,-0.089479,114.0,-0.015911,-0.015911
EWJ,1,-0.048801,2020-11-02,2021-10-29,12,120000.0,122745.862954,141053.50524,0.022882,0.175446,-0.129792,-0.082754,,-0.089479,114.0,-0.012652,0.0
EWJ,1,-0.007851,2020-12-01,2021-11-30,12,120000.0,117185.967747,122504.705817,-0.02345,0.020873,-0.043417,-0.096303,,-0.1051,,-0.034123,-0.009436
EWJ,1,-0.011842,2021-01-04,2021-12-31,12,120000.0,119695.092701,122841.125029,-0.002541,0.023676,-0.025611,-0.095455,,-0.109822,,-0.040878,-0.019922
EWJ,1,-0.031894,2021-02-01,2022-01-31,12,120000.0,114310.352273,115942.480982,-0.047414,-0.033813,-0.014077,-0.122538,,-0.14555,,-0.070753,-0.057485
EWJ,1,-0.034929,2021-03-01,2022-02-28,12,120000.0,112605.775946,111153.942714,-0.061619,-0.073717,0.013061,-0.12035,,-0.151018,,-0.073993,-0.085932
EWJ,1,-0.037851,2021-04-01,2022-03-31,12,120000.0,111083.479264,109135.600373,-0.074304,-0.090537,0.017848,-0.162714,,-0.204737,,-0.12584,-0.141169
EWJ,1,-0.050654,2021-05-03,2022-04-29,12,120000.0,102871.007093,101648.901984,-0.142742,-0.152926,0.012023,-0.181949,,-0.233852,,-0.151372,-0.161453
EWJ,1,-0.051628,2021-06-01,2022-05-31,12,120000.0,106210.851639,103514.504451,-0.11491,-0.137379,0.026048,-0.185499,,-0.254082,,-0.161469,-0.182757
EWJ,1,-0.053887,2021-07-01,2022-06-30,12,120000.0,99629.074866,96093.442454,-0.169758,-0.199221,0.036794,-0.199106,,-0.281478,,-0.181859,-0.210893
EWJ,1,-0.050102,2021-08-02,2022-07-29,12,120000.0,107963.40501,101725.281944,-0.100305,-0.152289,0.061323,-0.191,,-0.281478,,-0.179219,-0.214037
EWJ,1,-0.025569,2021-09-01,2022-08-31,12,120000.0,104373.738897,94643.084544,-0.130219,-0.211308,0.102814,-0.181168,,-0.281478,,-0.175737,-0.233825
EWJ,1,-0.05653,2021-10-01,2022-09-30,12,120000.0,97178.301569,85753.82888,-0.190181,-0.285385,0.133224,-0.193066,,-0.290188,,-0.190678,-0.285824
EWJ,1,-0.063276,2021-11-01,2022-10-31,12,120000.0,102185.505353,88387.025875,-0.148454,-0.263441,0.156114,-0.185764,,-0.295713,,-0.182028,-0.286279
EWJ,1,-0.109822,2021-12-01,2022-11-30,12,120000.0,116918.199352,103818.390391,-0.025682,-0.134847,0.12618,-0.176964,,-0.281519,,-0.172163,-0.24896
EWJ,1,-0.083766,2022-01-03,2022-12-30,12,120000.0,115577.602684,98628.99798,-0.036853,-0.178092,0.171842,-0.165613,,-0.280621,,-0.164285,-0.270318
EWJ,1,-0.123816,2022-02-01,2023-01-31,12,120000.0,126426.070935,111151.090116,0.053551,-0.073741,0.137425,-0.154089,65.0,-0.253502,,-0.151746,-0.236965
EWJ,1,-0.151428,2022-03-01,2023-02-28,12,120000.0,121213.988433,109427.484326,0.010117,-0.088104,0.107711,-0.142283,57.0,-0.223888,,-0.140427,-0.212136
EWJ,1,-0.153478,2022-04-01,2023-03-31,12,120000.0,128080.344738,115085.003258,0.067336,-0.040958,0.11292,-0.135916,45.0,-0.216553,,-0.129506,-0.210228
EWJ,1,-0.226334,2022-05-02,2023-04-28,12,120000.0,128772.418544,126244.340678,0.073103,0.052036,0.020025,-0.133819,45.0,-0.161629,92.0,-0.114601,-0.135856
EWJ,1,-0.212255,2022-06-01,2023-05-31,12,120000.0,129353.892547,125041.61384,0.077949,0.042013,0.034487,-0.130427,45.0,-0.159901,92.0,-0.110982,-0.1513
EWJ,1,-0.267814,2022-07-01,2023-06-30,12,120000.0,135164.732926,141299.884296,0.126373,0.177499,-0.043419,-0.124911,44.0,-0.154034,89.0,-0.099762,-0.086899
EWJ,1,-0.215092,2022-08-01,2023-07-31,12,120000.0,136633.867217,135045.317301,0.138616,0.125378,0.011763,-0.112817,44.0,-0.154034,89.0,-0.109774,-0.148233
EWJ,1,-0.269194,2022-09-01,2023-08-31,12,120000.0,131696.706735,140972.066055,0.097473,0.174767,-0.065796,-0.080429,41.0,-0.087587,21.0,-0.077998,-0.085175
EWJ,1,-0.313636,2022-10-03,2023-09-29,12,120000.0,127039.920073,146812.606594,0.058666,0.223438,-0.13468,-0.069881,,-0.072571,,-0.02594,-0.02594
EWJ,1,-0.304803,2022-11-01,2023-10-31,12,120000.0,122137.40358,141749.674339,0.017812,0.181247,-0.138358,-0.092349,,-0.101254,,-0.010154,-0.009331
EWJ,1,-0.224615,2022-12-01,2023-11-30,12,120000.0,127594.963533,134957.944083,0.063291,0.12465,-0.054558,-0.091585,,-0.101254,,-0.038961,-0.04681
EWJ,1,-0.243343,2023-01-03,2023-12-29,12,120000.0,131153.476786,143665.761252,0.092946,0.197215,-0.087093,-0.091082,36.0,-0.101254,48.0,-0.030062,-0.023217
EWJ,1,-0.18566,2023-02-01,2024-01-31,12,120000.0,133444.610884,137797.45502,0.112038,0.148312,-0.031589,-0.090442,36.0,-0.101254,48.0,-0.055206,-0.066757
EWJ,1,-0.224945,2023-03-01,2024-02-29,12,120000.0,137650.586497,151145.332943,0.147088,0.259544,-0.089283,-0.089687,36.0,-0.101254,48.0,-0.042102,-0.019454
EWJ,1,-0.184415,2023-04-03,2024-03-28,12,120000.0,139234.77122,148268.231216,0.16029,0.235569,-0.060926,-0.088651,29.0,-0.101254,48.0,-0.052464,-0.02154
EWJ,1,-0.187043,2023-05-01,2024-04-30,12,120000.0,129195.491539,140241.759535,0.076629,0.168681,-0.078766,-0.087314,27.0,-0.101254,48.0,-0.057744,-0.017616
EWJ,1,-0.158548,2023-06-01,2024-05-31,12,120000.0,130755.431563,138916.574702,0.089629,0.157638,-0.058749,-0.085402,22.0,-0.101254,48.0,-0.06577,-0.050884
EWJ,1,-0.135206,2023-07-03,2024-06-28,12,120000.0,128695.18783,134725.361016,0.07246,0.122711,-0.044759,-0.082582,8.0,-0.099843,48.0,-0.069491,-0.076502
EWJ,1,-0.127128,2023-08-01,2024-07-31,12,120000.0,132636.583831,138818.424474,0.105305,0.15682,-0.044532,-0.077964,8.0,-0.096296,48.0,-0.067154,-0.085049
EWJ,1,-0.135902,2023-09-01,2024-08-30,12,120000.0,133428.625965,142203.95741,0.111905,0.185033,-0.061709,-0.117852,17.0,-0.122114,17.0,-0.058207,-0.075758
EWJ,1,-0.167519,2023-10-02,2024-09-30,12,120000.0,130943.582865,146722.81061,0.091197,0.22269,-0.107544,-0.117435,17.0,-0.122114,17.0,-0.040656,-0.040656
EWJ,1,-0.164733,2023-11-01,2024-10-31,12,120000.0,122460.086856,139140.521393,0.020501,0.159504,-0.119882,-0.116905,17.0,-0.122114,17.0,-0.041598,-0.005503
EWJ,1,-0.119607,2023-12-01,2024-11-29,12,120000.0,123755.078523,135150.203137,0.031292,0.126252,-0.084315,-0.116242,17.0,-0.122114,17.0,-0.054574,-0.018826
EWJ,1,-0.102311,2024-01-02,2024-12-31,12,120000.0,119664.611306,129613.744547,-0.002795,0.080115,-0.07676,-0.115436,17.0,-0.122114,17.0,-0.063905,-0.007867
EWJ,1,-0.054856,2024-02-01,2025-01-31,12,120000.0,121020.580461,125325.886748,0.008505,0.044382,-0.034353,-0.114398,17.0,-0.122114,17.0,-0.073094,-0.049809
EWJ,1,-0.006695,2024-03-01,2025-02-28,12,120000.0,120955.46583,119528.676333,0.007962,-0.003928,0.011937,-0.11306,17.0,-0.122114,17.0,-0.076975,-0.09588
EWJ,1,-0.021579,2024-04-01,2025-03-31,12,120000.0,121046.725728,119770.960513,0.008723,-0.001909,0.010652,-0.111272,17.0,-0.122114,17.0,-0.073194,-0.095237
EWJ,1,-0.065711,2024-05-01,2025-04-30,12,120000.0,126188.766648,130679.016468,0.051573,0.088992,-0.034361,-0.141291,21.0,-0.146762,22.0,-0.097264,-0.065141
EWJ,1,-0.03383,2024-06-03,2025-05-30,12,120000.0,130055.416607,131125.891539,0.083795,0.092716,-0.008164,-0.140961,21.0,-0.146762,22.0,-0.100184,-0.095989
EWJ,1,-0.049265,2024-07-01,2025-06-30,12,120000.0,131541.336986,135873.864367,0.096178,0.132282,-0.031886,-0.140576,21.0,-0.146762,22.0,-0.100603,-0.081312
EWJ,1,-0.060501,2024-08-01,2025-07-31,12,120000.0,127946.21238,133901.204993,0.066218,0.115843,-0.044473,-0.140096,21.0,-0.146762,22.0,-0.102747,-0.078048
EWJ,1,-0.015006,2024-09-03,2025-08-29,12,120000.0,134748.603773,135668.781815,0.122905,0.130573,-0.006783,-0.13949,21.0,-0.146762,22.0,-0.105834,-0.121486
EWJ,1,-0.018496,2024-10-01,2025-09-30,12,120000.0,136749.957195,137558.376582,0.139583,0.14632,-0.005877,-0.138746,21.0,-0.14477,21.0,-0.103598,-0.130683
EWJ,1,-0.068639,2024-11-01,2025-10-31,12,120000.0,140751.521495,150820.087804,0.172929,0.256834,-0.066759,-0.137769,21.0,-0.14477,21.0,-0.099084,-0.08388
EWJ,1,-0.033566,2024-12-02,2025-11-28,12,120000.0,137431.999744,144580.273077,0.145267,0.204836,-0.049442,-0.136326,21.0,-0.14477,21.0,-0.102125,-0.117127
EWJ,1,-0.067588,2025-01-02,2025-12-31,12,120000.0,136667.159684,151211.525508,0.138893,0.260096,-0.096186,-0.134234,21.0,-0.14477,21.0,-0.098374,-0.084913
EWJ,1,-0.058544,2025-02-03,2026-01-30,12,120000.0,142258.321561,158995.894124,0.185486,0.324966,-0.10527,-0.130592,18.0,-0.14477,21.0,-0.102861,-0.093704
EWJ,1,-0.036976,2025-03-03,2026-02-27,12,120000.0,149771.377131,167493.475884,0.248095,0.395779,-0.105808,-0.123213,17.0,-0.14477,21.0,-0.10744,-0.114001
EWJ,1,-0.05103,2025-04-01,2026-03-31,12,120000.0,133515.360217,155381.617661,0.112628,0.294847,-0.140726,-0.133457,,-0.135894,,-0.10088,-0.10088
EWJ,1,-0.011802,2025-05-01,2026-04-30,12,120000.0,137523.581127,157114.598242,0.14603,0.309288,-0.124693,-0.133194,,-0.135894,,-0.019377,0.0
EWJ,1,0.0,2025-06-02,2026-05-29,12,120000.0,140349.045472,155467.304287,0.169575,0.295561,-0.097244,-0.132883,54.0,-0.135894,,-0.036796,-0.036909
EWJ,1,-0.011424,2025-07-01,2026-06-30,12,120000.0,138603.853748,156870.025266,0.155032,0.30725,-0.116441,-0.132514,54.0,-0.135894,76.0,-0.036684,-0.036684
EWJ,1,-0.032397,2025-08-01,2026-07-31,12,120000.0,134276.040292,156124.212285,0.118967,0.301035,-0.139941,-0.132042,54.0,-0.135894,76.0,0.0,0.0
EWJ,1,-0.026775,2025-09-02,2026-08-31,12,120000.0,136166.119066,153563.036411,0.134718,0.279692,-0.113288,-0.131413,49.0,-0.135894,76.0,-0.013816,-0.002815
EWJ,3,0.0,2010-09-09,2013-08-30,36,360000.0,402629.651788,423679.96125,0.118416,0.176889,-0.049684,-0.172778,393.0,-0.239418,313.0,-0.130287,-0.086244
EWJ,3,-0.00999,2010-10-01,2013-09-30,36,360000.0,439316.577041,456166.948634,0.220324,0.26713,-0.036939,-0.167899,393.0,-0.239418,313.0,-0.134074,-0.102841
EWJ,3,-0.030303,2010-11-01,2013-10-31,36,360000.0,436321.073425,455324.961449,0.212003,0.264792,-0.041737,-0.166618,645.0,-0.239418,313.0,-0.137154,-0.103745
EWJ,3,-0.000953,2010-12-01,2013-11-29,36,360000.0,439246.906279,436422.797858,0.22013,0.212286,0.006471,-0.166242,349.0,-0.239418,313.0,-0.140671,-0.151637
EWJ,3,0.0,2011-01-03,2013-12-31,36,360000.0,443375.057367,418464.371935,0.231597,0.162401,0.059529,-0.165624,127.0,-0.239418,313.0,-0.140432,-0.197969
EWJ,3,-0.002684,2011-02-01,2014-01-31,36,360000.0,412433.02329,385640.030383,0.145647,0.071222,0.069477,-0.164417,119.0,-0.239418,313.0,-0.147181,-0.208039
EWJ,3,-0.008613,2011-03-01,2014-02-28,36,360000.0,422108.055249,382810.641619,0.172522,0.063363,0.102655,-0.161458,107.0,-0.233476,311.0,-0.16073,-0.23281
EWJ,3,-0.112834,2011-04-01,2014-03-31,36,360000.0,411542.014323,417464.808184,0.143172,0.159624,-0.014188,-0.139939,85.0,-0.195402,286.0,-0.11614,-0.142683
EWJ,3,-0.090439,2011-05-02,2014-04-30,36,360000.0,400874.398968,398201.633346,0.11354,0.106116,0.006712,-0.137384,201.0,-0.195402,286.0,-0.113551,-0.163792
EWJ,3,-0.126615,2011-06-01,2014-05-30,36,360000.0,417724.750347,433408.620316,0.160347,0.203913,-0.036187,-0.136383,201.0,-0.195402,286.0,-0.106547,-0.129156
EWJ,3,-0.085984,2011-07-01,2014-06-30,36,360000.0,435024.681692,433533.770313,0.208402,0.20426,0.003439,-0.135174,201.0,-0.195402,286.0,-0.1112,-0.167868
EWJ,3,-0.078164,2011-08-01,2014-07-31,36,360000.0,431372.699586,428428.192487,0.198257,0.190078,0.006873,-0.133817,200.0,-0.174927,273.0,-0.114986,-0.174927
EWJ,3,-0.152015,2011-09-01,2014-08-29,36,360000.0,422322.399199,457977.829286,0.173118,0.272161,-0.077854,-0.132223,200.0,-0.151129,215.0,-0.084009,-0.103071
EWJ,3,-0.191113,2011-10-03,2014-09-30,36,360000.0,418433.527161,478893.647061,0.162315,0.33026,-0.12625,-0.131581,104.0,-0.151129,215.0,-0.081891,-0.059718
EWJ,3,-0.193719,2011-11-01,2014-10-31,36,360000.0,425527.441644,492279.30426,0.182021,0.367443,-0.135598,-0.131335,104.0,-0.151129,215.0,-0.084663,-0.056678
EWJ,3,-0.191982,2011-12-01,2014-11-28,36,360000.0,406398.499269,473298.810252,0.128885,0.314719,-0.141349,-0.13106,104.0,-0.151129,215.0,-0.08866,-0.058707
EWJ,3,-0.183144,2012-01-03,2014-12-31,36,360000.0,392336.752141,455564.003003,0.089824,0.265456,-0.138789,-0.130754,104.0,-0.151129,215.0,-0.096991,-0.068891
EWJ,3,-0.155006,2012-02-01,2015-01-30,36,360000.0,398331.240597,450189.522461,0.106476,0.250526,-0.115192,-0.130413,104.0,-0.151129,215.0,-0.108053,-0.099896
EWJ,3,-0.116318,2012-03-01,2015-02-27,36,360000.0,425341.603089,462700.073806,0.181504,0.285278,-0.08074,-0.130039,104.0,-0.151129,215.0,-0.115975,-0.139304
EWJ,3,-0.104007,2012-04-02,2015-03-31,36,360000.0,428622.000344,462994.155573,0.190617,0.286095,-0.074239,-0.129635,104.0,-0.151129,215.0,-0.111773,-0.151129
EWJ,3,-0.152368,2012-05-01,2015-04-30,36,360000.0,436933.416463,502299.329533,0.213704,0.395276,-0.130133,-0.12918,104.0,-0.136215,162.0,-0.087137,-0.102697
EWJ,3,-0.239418,2012-06-01,2015-05-29,36,360000.0,439253.19249,568058.811938,0.220148,0.577941,-0.226747,-0.128626,104.0,-0.136215,162.0,-0.02838,0.0
EWJ,3,-0.167282,2012-07-02,2015-06-30,36,360000.0,427617.79314,511894.218939,0.187827,0.421928,-0.164636,-0.127895,104.0,-0.136215,162.0,-0.066098,-0.066098
EWJ,3,-0.204568,2012-08-01,2015-07-31,36,360000.0,427294.36136,540909.446668,0.186929,0.502526,-0.210045,-0.127093,42.0,-0.136215,162.0,-0.031664,-0.022322
EWJ,3,-0.206343,2012-09-04,2015-08-31,36,360000.0,395852.332859,508158.350859,0.09959,0.411551,-0.221006,-0.130336,,-0.136215,162.0,-0.034778,-0.020134
EWJ,3,-0.188588,2012-10-01,2015-09-30,36,360000.0,369883.329666,468742.131708,0.027454,0.302061,-0.210902,-0.150876,,-0.155643,,-0.042099,-0.041576
EWJ,3,-0.187701,2012-11-01,2015-10-30,36,360000.0,395353.609535,504688.788545,0.098204,0.401913,-0.216639,-0.150701,,-0.155643,,-0.042623,-0.042623
EWJ,3,-0.175272,2012-12-03,2015-11-30,36,360000.0,393167.547781,499504.041011,0.092132,0.387511,-0.212884,-0.150513,,-0.155643,,-0.013692,0.0
EWJ,3,-0.103578,2013-01-02,2015-12-31,36,360000.0,383759.554073,453199.370459,0.065999,0.258887,-0.153221,-0.150313,,-0.155643,,-0.035035,-0.035035
EWJ,3,-0.108065,2013-02-01,2016-01-29,36,360000.0,361823.01101,432179.053352,0.005064,0.200497,-0.162794,-0.166676,,-0.179101,,-0.056114,-0.003018
EWJ,3,-0.074864,2013-03-01,2016-02-29,36,360000.0,340790.025568,394567.578887,-0.053361,0.096021,-0.136295,-0.20067,,-0.215585,,-0.102909,0.0
EWJ,3,-0.068583,2013-04-01,2016-03-31,36,360000.0,355803.30692,410620.359823,-0.011657,0.140612,-0.133498,-0.200174,,-0.215585,,-0.106954,0.0
EWJ,3,-0.011111,2013-05-01,2016-04-29,36,360000.0,354959.527996,368710.003863,-0.014001,0.024194,-0.037293,-0.199658,,-0.215585,,-0.111031,-0.084702
EWJ,3,-0.126427,2013-06-03,2016-05-31,36,360000.0,366023.83585,411222.283721,0.016733,0.142284,-0.109912,-0.199164,,-0.215585,,-0.112139,-0.011204
EWJ,3,-0.0694,2013-07-01,2016-06-30,36,360000.0,358442.888691,379493.869098,-0.004325,0.05415,-0.055471,-0.198593,,-0.215585,,-0.115639,-0.061409
EWJ,3,-0.055474,2013-08-01,2016-07-29,36,360000.0,375347.995096,392105.901468,0.042633,0.089183,-0.042738,-0.198018,,-0.215585,,-0.117388,-0.075248
EWJ,3,-0.087422,2013-09-03,2016-08-31,36,360000.0,381253.208529,413236.070921,0.059037,0.147878,-0.077396,-0.197411,,-0.215585,,-0.118793,-0.042874
EWJ,3,-0.027622,2013-10-01,2016-09-30,36,360000.0,387740.990471,396033.593413,0.077058,0.100093,-0.020939,-0.196735,208.0,-0.215585,,-0.121411,-0.101736
EWJ,3,-0.034994,2013-11-01,2016-10-31,36,360000.0,389547.961368,401923.346387,0.082078,0.116454,-0.03079,-0.196051,208.0,-0.215585,,-0.122114,-0.094874
EWJ,3,-0.014742,2013-12-02,2016-11-30,36,360000.0,383579.444255,388662.957722,0.065498,0.079619,-0.013079,-0.195309,208.0,-0.215585,,-0.123122,-0.113683
EWJ,3,-0.016475,2014-01-02,2016-12-30,36,360000.0,379334.25348,385067.54466,0.053706,0.069632,-0.014889,-0.194523,208.0,-0.215585,,-0.123485,-0.113702
EWJ,3,-0.085667,2014-02-03,2017-01-31,36,360000.0,391805.487203,428704.120918,0.088349,0.190845,-0.08607,-0.193672,204.0,-0.215585,,-0.123877,-0.046631
EWJ,3,-0.065898,2014-03-03,2017-02-28,36,360000.0,394931.8744,425107.846382,0.097033,0.180855,-0.070984,-0.192674,204.0,-0.215585,376.0,-0.127095,-0.066808
EWJ,3,-0.064251,2014-04-01,2017-03-31,36,360000.0,395078.856209,426595.946211,0.097441,0.184989,-0.07388,-0.191603,204.0,-0.215585,376.0,-0.129717,-0.068451
EWJ,3,-0.075783,2014-05-01,2017-04-28,36,360000.0,395927.11113,434938.068491,0.099798,0.208161,-0.089693,-0.190425,186.0,-0.215585,376.0,-0.132501,-0.056827
EWJ,3,-0.034597,2014-06-02,2017-05-31,36,360000.0,404665.995053,427864.043418,0.124072,0.188511,-0.054218,-0.189106,182.0,-0.215585,376.0,-0.136105,-0.097065
EWJ,3,0.0,2014-07-01,2017-06-30,36,360000.0,408022.661751,411958.371683,0.133396,0.144329,-0.009554,-0.187703,182.0,-0.215585,376.0,-0.138057,-0.14199
EWJ,3,-0.021225,2014-08-01,2017-07-31,36,360000.0,415041.030914,429599.683435,0.152892,0.193332,-0.033889,-0.186221,182.0,-0.215585,376.0,-0.13785,-0.123384
EWJ,3,-0.026939,2014-09-02,2017-08-31,36,360000.0,412672.4675,431727.928039,0.146312,0.199244,-0.044138,-0.18453,181.0,-0.215585,376.0,-0.138654,-0.118236
EWJ,3,-0.054694,2014-10-01,2017-09-29,36,360000.0,418227.653768,452526.745278,0.161743,0.257019,-0.075795,-0.182618,180.0,-0.215585,376.0,-0.139855,-0.092347
EWJ,3,-0.00898,2014-11-03,2017-10-31,36,360000.0,437593.140473,454432.340581,0.215537,0.262312,-0.037055,-0.18038,180.0,-0.215585,376.0,-0.142824,-0.134215
EWJ,3,-0.046531,2014-12-01,2017-11-30,36,360000.0,444257.440561,482476.459704,0.234048,0.340212,-0.079214,-0.177938,180.0,-0.215585,376.0,-0.143398,-0.100118
EWJ,3,-0.075343,2015-01-02,2017-12-29,36,360000.0,443969.923923,500973.930661,0.23325,0.391594,-0.113786,-0.175005,179.0,-0.215585,376.0,-0.146489,-0.072078
EWJ,3,-0.046601,2015-02-02,2018-01-31,36,360000.0,462093.144113,510274.471862,0.283592,0.417429,-0.094422,-0.171901,172.0,-0.215585,376.0,-0.152213,-0.100051
EWJ,3,-0.001613,2015-03-02,2018-02-28,36,360000.0,444266.148672,464319.156875,0.234073,0.289775,-0.043188,-0.168506,169.0,-0.215585,376.0,-0.15656,-0.156025
EWJ,3,-0.022533,2015-04-01,2018-03-29,36,360000.0,438846.312824,454019.230156,0.219018,0.261165,-0.033419,-0.165125,71.0,-0.215585,376.0,-0.156608,-0.169443
EWJ,3,-0.022523,2015-05-01,2018-04-30,36,360000.0,436152.138524,438386.944,0.211534,0.217742,-0.005098,-0.164014,71.0,-0.214996,368.0,-0.155325,-0.197511
EWJ,3,-0.015766,2015-06-01,2018-05-31,36,360000.0,427541.976171,428915.596215,0.187617,0.191432,-0.003203,-0.162707,69.0,-0.208454,349.0,-0.150638,-0.20302
EWJ,3,-0.026613,2015-07-01,2018-06-29,36,360000.0,415716.949489,423664.520208,0.154769,0.176846,-0.018759,-0.161101,69.0,-0.208255,349.0,-0.14409,-0.194139
EWJ,3,-0.028122,2015-08-03,2018-07-31,36,360000.0,418543.485378,428865.254394,0.162621,0.191292,-0.024068,-0.159036,68.0,-0.208255,349.0,-0.13694,-0.192888
EWJ,3,-0.126969,2015-09-01,2018-08-31,36,360000.0,414359.747666,474894.346742,0.150999,0.319151,-0.12747,-0.156316,68.0,-0.17626,204.0,-0.127615,-0.101503
EWJ,3,-0.131497,2015-10-01,2018-09-28,36,360000.0,425493.030911,493850.847625,0.181925,0.371808,-0.138418,-0.152062,63.0,-0.17626,204.0,-0.132838,-0.096819
EWJ,3,-0.063586,2015-11-02,2018-10-31,36,360000.0,383968.619724,417045.866281,0.066579,0.158461,-0.079313,-0.152971,,-0.17626,204.0,-0.141842,-0.16232
EWJ,3,-0.051513,2015-12-01,2018-11-30,36,360000.0,385894.396063,415491.457128,0.071929,0.154143,-0.071234,-0.152534,,-0.172983,182.0,-0.135016,-0.172983
EWJ,3,-0.09321,2016-01-04,2018-12-31,36,360000.0,354668.751472,401172.059982,-0.014809,0.114367,-0.115919,-0.21001,,-0.228625,,-0.116033,-0.134954
EWJ,3,-0.131215,2016-02-01,2019-01-31,36,360000.0,378489.262268,448376.096703,0.051359,0.245489,-0.155867,-0.209391,,-0.228625,,-0.097113,-0.097113
EWJ,3,-0.151737,2016-03-01,2019-02-28,36,360000.0,376629.442937,459900.852002,0.046193,0.277502,-0.181064,-0.208699,,-0.228625,,-0.054075,-0.024194
EWJ,3,-0.154018,2016-04-01,2019-03-29,36,360000.0,376300.628172,464194.192264,0.04528,0.289428,-0.189347,-0.207938,,-0.228625,,-0.060392,-0.021564
EWJ,3,-0.116013,2016-05-02,2019-04-30,36,360000.0,378056.998993,449920.375853,0.050158,0.249779,-0.159725,-0.207113,,-0.228625,,-0.0672,-0.022454
EWJ,3,-0.104612,2016-06-01,2019-05-31,36,360000.0,357295.102777,422550.826559,-0.007514,0.173752,-0.154433,-0.20626,,-0.228625,,-0.072842,-0.034901
EWJ,3,-0.12054,2016-07-01,2019-06-28,36,360000.0,371390.791123,449435.063652,0.031641,0.248431,-0.17365,-0.205349,,-0.228625,,-0.07839,0.0
EWJ,3,-0.073043,2016-08-01,2019-07-31,36,360000.0,367211.576107,424609.285945,0.020032,0.17947,-0.135178,-0.204341,,-0.228625,,-0.085004,-0.017355
EWJ,3,-0.052359,2016-09-01,2019-08-30,36,360000.0,362527.666964,412055.273536,0.007021,0.144598,-0.120197,-0.203301,,-0.228625,,-0.090052,-0.022635
EWJ,3,-0.0424,2016-10-03,2019-09-30,36,360000.0,379960.35986,429096.272249,0.055445,0.191934,-0.11451,-0.202194,,-0.228625,,-0.094621,-0.0128
EWJ,3,-0.036271,2016-11-01,2019-10-31,36,360000.0,391012.296469,440945.331778,0.086145,0.224848,-0.113241,-0.200999,,-0.228625,,-0.099128,-0.018482
EWJ,3,-0.052551,2016-12-01,2019-11-29,36,360000.0,393633.581219,454254.361312,0.093427,0.261818,-0.133451,-0.199699,312.0,-0.228625,,-0.103735,-0.000818
EWJ,3,-0.045576,2017-01-03,2019-12-31,36,360000.0,394435.912824,454855.847711,0.095655,0.263488,-0.132833,-0.198245,312.0,-0.228625,,-0.109454,0.0
EWJ,3,-0.014963,2017-02-01,2020-01-31,36,360000.0,381845.41889,429634.835309,0.060682,0.19343,-0.111233,-0.19665,310.0,-0.228625,,-0.115341,-0.005927
EWJ,3,0.0,2017-03-01,2020-02-28,36,360000.0,348330.557227,386473.685304,-0.032415,0.073538,-0.098695,-0.194936,309.0,-0.228625,,-0.120314,-0.024915
EWJ,3,-0.011081,2017-04-03,2020-03-31,36,360000.0,324047.474301,360909.111516,-0.099868,0.002525,-0.102136,-0.280084,,-0.30693,,-0.212316,-0.122714
EWJ,3,-0.00535,2017-05-01,2020-04-30,36,360000.0,340094.10178,376047.916237,-0.055294,0.044578,-0.09561,-0.279986,,-0.30693,,-0.214876,-0.12777
EWJ,3,0.0,2017-06-01,2020-05-29,36,360000.0,363791.175515,389763.5491,0.010531,0.082677,-0.066636,-0.279883,,-0.30693,,-0.217438,-0.155508
EWJ,3,-0.021242,2017-07-03,2020-06-30,36,360000.0,362460.370741,389644.791892,0.006834,0.082347,-0.069767,-0.279776,,-0.30693,,-0.219315,-0.154939
EWJ,3,0.0,2017-08-01,2020-07-31,36,360000.0,357771.745792,373631.970439,-0.00619,0.037867,-0.042449,-0.279661,,-0.30693,,-0.221327,-0.180868
EWJ,3,-0.012684,2017-09-01,2020-08-31,36,360000.0,381452.798603,403328.871669,0.059591,0.120358,-0.054239,-0.279543,,-0.30693,,-0.222632,-0.171999
EWJ,3,0.0,2017-10-02,2020-09-30,36,360000.0,387102.688204,401635.550152,0.075285,0.115654,-0.036184,-0.279414,170.0,-0.30693,,-0.224319,-0.190131
EWJ,3,0.0,2017-11-01,2020-10-30,36,360000.0,380521.502258,374037.332315,0.057004,0.038993,0.017336,-0.27928,170.0,-0.30693,,-0.225498,-0.235032
EWJ,3,-0.006828,2017-12-01,2020-11-30,36,360000.0,420157.928541,408958.39044,0.167105,0.135996,0.027386,-0.279143,170.0,-0.30693,238.0,-0.225158,-0.243498
EWJ,3,0.0,2018-01-02,2020-12-31,36,360000.0,440930.055509,423327.964761,0.224806,0.175911,0.04158,-0.278998,163.0,-0.30693,238.0,-0.224479,-0.25658
EWJ,3,-0.021957,2018-02-01,2021-01-29,36,360000.0,435584.469379,400112.430514,0.209957,0.111423,0.088655,-0.278845,155.0,-0.29137,234.0,-0.223244,-0.29137
EWJ,3,-0.083037,2018-03-01,2021-02-26,36,360000.0,442342.264576,434599.99519,0.228729,0.207222,0.017815,-0.278688,155.0,-0.283132,232.0,-0.220519,-0.244168
EWJ,3,-0.080563,2018-04-02,2021-03-31,36,360000.0,442042.370351,435336.439555,0.227895,0.209268,0.015404,-0.278508,155.0,-0.283132,232.0,-0.219533,-0.246202
EWJ,3,-0.063089,2018-05-01,2021-04-30,36,360000.0,432798.761987,420359.096915,0.202219,0.167664,0.029593,-0.278312,155.0,-0.283132,232.0,-0.218374,-0.26026
EWJ,3,-0.069893,2018-06-01,2021-05-28,36,360000.0,438420.469112,430719.441353,0.217835,0.196443,0.017879,-0.278104,154.0,-0.283132,232.0,-0.21647,-0.254849
EWJ,3,-0.111934,2018-07-02,2021-06-30,36,360000.0,433069.490766,447544.854977,0.202971,0.24318,-0.032344,-0.277875,154.0,-0.283132,232.0,-0.214642,-0.219574
EWJ,3,-0.082016,2018-08-01,2021-07-30,36,360000.0,427903.361931,430202.021701,0.18862,0.195006,-0.005343,-0.277612,149.0,-0.283132,232.0,-0.214396,-0.245009
EWJ,3,-0.103987,2018-09-04,2021-08-31,36,360000.0,434043.259599,449223.496948,0.205676,0.247843,-0.033792,-0.277331,149.0,-0.283132,232.0,-0.212785,-0.226496
EWJ,3,-0.055057,2018-10-01,2021-09-30,36,360000.0,443073.28675,437483.225689,0.230759,0.215231,0.012778,-0.277012,149.0,-0.283132,232.0,-0.212023,-0.266548
EWJ,3,-0.147463,2018-11-01,2021-10-29,36,360000.0,429354.061301,472132.206337,0.19265,0.311478,-0.090606,-0.276676,149.0,-0.283132,232.0,-0.208816,-0.18705
EWJ,3,-0.125959,2018-12-03,2021-11-30,36,360000.0,413196.095275,446579.472808,0.147767,0.240499,-0.074753,-0.276257,149.0,-0.283132,232.0,-0.210176,-0.207051
EWJ,3,-0.198474,2019-01-02,2021-12-31,36,360000.0,420199.166447,498070.654583,0.16722,0.38353,-0.156346,-0.275792,149.0,-0.283132,232.0,-0.210384,-0.135312
EWJ,3,-0.151048,2019-02-01,2022-01-31,36,360000.0,398445.774966,450020.808261,0.106794,0.250058,-0.114606,-0.275207,149.0,-0.283132,232.0,-0.215747,-0.183617
EWJ,3,-0.143824,2019-03-01,2022-02-28,36,360000.0,388898.121827,438285.397071,0.080273,0.217459,-0.112683,-0.274563,84.0,-0.283132,232.0,-0.218218,-0.190505
EWJ,3,-0.129848,2019-04-01,2022-03-31,36,360000.0,378687.203786,422132.911774,0.051909,0.172591,-0.102919,-0.273812,84.0,-0.283132,232.0,-0.220527,-0.203507
EWJ,3,-0.132675,2019-05-01,2022-04-29,36,360000.0,346382.441382,389207.330537,-0.037827,0.081131,-0.110031,-0.272946,84.0,-0.283132,232.0,-0.222075,-0.200911
EWJ,3,-0.167223,2019-06-03,2022-05-31,36,360000.0,351555.972887,412369.888939,-0.023456,0.145472,-0.147474,-0.272184,84.0,-0.283132,232.0,-0.224191,-0.167761
EWJ,3,-0.122721,2019-07-01,2022-06-30,36,360000.0,324223.164298,362522.385155,-0.09938,0.007007,-0.105646,-0.2712,84.0,-0.283132,232.0,-0.230461,-0.209978
EWJ,3,-0.138885,2019-08-01,2022-07-29,36,360000.0,344479.792426,392536.825924,-0.043112,0.09038,-0.122427,-0.270016,79.0,-0.283132,232.0,-0.233022,-0.195148
EWJ,3,-0.145065,2019-09-03,2022-08-31,36,360000.0,327790.753122,377348.460586,-0.08947,0.04819,-0.131331,-0.268443,79.0,-0.283132,232.0,-0.238432,-0.18933
EWJ,3,-0.104814,2019-10-01,2022-09-30,36,360000.0,298468.771716,328505.974084,-0.17092,-0.087483,-0.091436,-0.287343,,-0.326196,,-0.246616,-0.225781
EWJ,3,-0.060919,2019-11-01,2022-10-31,36,360000.0,306148.275583,320458.536314,-0.149588,-0.109837,-0.044656,-0.286044,,-0.331441,,-0.250783,-0.26197
EWJ,3,-0.060126,2019-12-02,2022-11-30,36,360000.0,342871.573857,357401.580928,-0.047579,-0.007218,-0.040655,-0.284723,,-0.331441,,-0.247986,-0.262593
EWJ,3,-0.040093,2020-01-02,2022-12-30,36,360000.0,335271.789767,342181.682586,-0.068689,-0.049495,-0.020194,-0.283314,,-0.331441,,-0.243117,-0.277982
EWJ,3,-0.066873,2020-02-03,2023-01-31,36,360000.0,361804.649582,379352.609221,0.005013,0.053757,-0.046258,-0.281837,,-0.331441,,-0.225684,-0.257261
EWJ,3,-0.139997,2020-03-02,2023-02-28,36,360000.0,344424.408934,392455.196522,-0.043266,0.090153,-0.122385,-0.280208,,-0.331441,,-0.194108,-0.194108
EWJ,3,-0.245673,2020-04-01,2023-03-31,36,360000.0,360393.536298,469431.399817,0.001093,0.303976,-0.232276,-0.2783,,-0.331441,,-0.184278,-0.009992
EWJ,3,-0.184577,2020-05-01,2023-04-28,36,360000.0,358221.208792,435368.560624,-0.004941,0.209357,-0.1772,-0.275922,,-0.331441,,-0.192881,-0.006632
EWJ,3,-0.097983,2020-06-01,2023-05-31,36,360000.0,359165.849182,396917.652549,-0.002317,0.102549,-0.095112,-0.273502,,-0.331441,,-0.199304,-0.101995
EWJ,3,-0.1141,2020-07-01,2023-06-30,36,360000.0,375905.541979,424475.735722,0.044182,0.179099,-0.114424,-0.271104,259.0,-0.331441,,-0.203126,-0.085658
EWJ,3,-0.103917,2020-08-03,2023-07-31,36,360000.0,383269.835076,429957.025375,0.064638,0.194325,-0.108586,-0.268427,259.0,-0.331441,,-0.20792,-0.096048
EWJ,3,-0.05963,2020-09-01,2023-08-31,36,360000.0,370740.243712,398208.844209,0.029834,0.106136,-0.06898,-0.265513,259.0,-0.331441,,-0.212678,-0.13862
EWJ,3,-0.045083,2020-10-01,2023-09-29,36,360000.0,361519.380638,383554.276728,0.004221,0.065429,-0.057449,-0.262448,252.0,-0.331441,,-0.216046,-0.151742
EWJ,3,-0.048801,2020-11-02,2023-10-31,36,360000.0,352989.482103,376559.016341,-0.019474,0.045997,-0.062592,-0.259111,252.0,-0.331441,,-0.219131,-0.148427
EWJ,3,-0.007851,2020-12-01,2023-11-30,36,360000.0,374174.480161,358124.666255,0.039374,-0.005209,0.044816,-0.255391,252.0,-0.331441,,-0.222648,-0.23733
EWJ,3,-0.011842,2021-01-04,2023-12-29,36,360000.0,388651.788787,364740.000338,0.079588,0.013167,0.065558,-0.25169,252.0,-0.331441,,-0.222234,-0.252261
EWJ,3,-0.031894,2021-02-01,2024-01-31,36,360000.0,401153.073148,371338.289621,0.114314,0.031495,0.08029,-0.247666,248.0,-0.331441,,-0.221026,-0.262535
EWJ,3,-0.034929,2021-03-01,2024-02-29,36,360000.0,418344.650633,378379.847363,0.162068,0.051055,0.105621,-0.243248,248.0,-0.331441,,-0.219146,-0.280187
EWJ,3,-0.037851,2021-04-01,2024-03-28,36,360000.0,431136.904148,391773.678434,0.197603,0.08826,0.100474,-0.238428,237.0,-0.331441,503.0,-0.216068,-0.278001
EWJ,3,-0.050654,2021-05-03,2024-04-30,36,360000.0,405794.678074,374352.149832,0.127207,0.039867,0.083992,-0.232995,232.0,-0.331441,503.0,-0.212758,-0.268264
EWJ,3,-0.051628,2021-06-01,2024-05-31,36,360000.0,415665.334598,384206.807786,0.154626,0.067241,0.081879,-0.226758,227.0,-0.331441,503.0,-0.209648,-0.267512
EWJ,3,-0.053887,2021-07-01,2024-06-28,36,360000.0,413575.133317,383865.728798,0.14882,0.066294,0.077395,-0.219618,224.0,-0.331441,503.0,-0.206173,-0.265764
EWJ,3,-0.050102,2021-08-02,2024-07-31,36,360000.0,429500.150213,397631.838011,0.193056,0.104533,0.080145,-0.211352,212.0,-0.331441,503.0,-0.202328,-0.268689
EWJ,3,-0.025569,2021-09-01,2024-08-30,36,360000.0,435005.389498,393082.671301,0.208348,0.091896,0.106651,-0.201737,122.0,-0.331441,503.0,-0.197665,-0.287101
EWJ,3,-0.05653,2021-10-01,2024-09-30,36,360000.0,431644.291323,388387.397209,0.199012,0.078854,0.111376,-0.193066,120.0,-0.295713,483.0,-0.190678,-0.291383
EWJ,3,-0.063276,2021-11-01,2024-10-31,36,360000.0,409944.109627,372210.238295,0.138734,0.033917,0.101378,-0.185764,115.0,-0.295713,483.0,-0.182028,-0.286279
EWJ,3,-0.109822,2021-12-01,2024-11-29,36,360000.0,419366.726927,400993.991291,0.164908,0.113872,0.045818,-0.176964,112.0,-0.281519,449.0,-0.172163,-0.24896
EWJ,3,-0.083766,2022-01-03,2024-12-31,36,360000.0,408856.978403,380970.948299,0.135714,0.058253,0.073197,-0.165613,107.0,-0.280621,449.0,-0.164285,-0.270318
EWJ,3,-0.123816,2022-02-01,2025-01-31,36,360000.0,415650.455783,405569.029704,0.154585,0.126581,0.024857,-0.154089,65.0,-0.253502,433.0,-0.151746,-0.236965
EWJ,3,-0.151428,2022-03-01,2025-02-28,36,360000.0,415451.518447,419746.528538,0.154032,0.165963,-0.010232,-0.142283,57.0,-0.223888,229.0,-0.140427,-0.212136
EWJ,3,-0.153478,2022-04-01,2025-03-31,36,360000.0,414228.749547,421316.324191,0.150635,0.170323,-0.016822,-0.135916,45.0,-0.216553,225.0,-0.129506,-0.210228
EWJ,3,-0.226334,2022-05-02,2025-04-30,36,360000.0,429849.322122,480289.124392,0.194026,0.334136,-0.10502,-0.143751,21.0,-0.161629,92.0,-0.114601,-0.135856
EWJ,3,-0.212255,2022-06-01,2025-05-30,36,360000.0,442607.829469,489469.153046,0.229466,0.359637,-0.095739,-0.143719,21.0,-0.159901,92.0,-0.110982,-0.1513
EWJ,3,-0.267814,2022-07-01,2025-06-30,36,360000.0,447515.470496,536961.88607,0.243099,0.491561,-0.166579,-0.143685,21.0,-0.154034,89.0,-0.099762,-0.086899
EWJ,3,-0.215092,2022-08-01,2025-07-31,36,360000.0,434702.430267,491874.03669,0.207507,0.366317,-0.116232,-0.143645,21.0,-0.154034,89.0,-0.109774,-0.148233
EWJ,3,-0.269194,2022-09-01,2025-08-29,36,360000.0,458258.625561,561728.032126,0.272941,0.560356,-0.184198,-0.143606,21.0,-0.146762,22.0,-0.077998,-0.085175
EWJ,3,-0.313636,2022-10-03,2025-09-30,36,360000.0,463832.34406,612846.026188,0.288423,0.70235,-0.24315,-0.14356,21.0,-0.146762,22.0,-0.02594,-0.02594
EWJ,3,-0.304803,2022-11-01,2025-10-31,36,360000.0,475261.142606,629499.952977,0.32017,0.748611,-0.245018,-0.143508,21.0,-0.146762,22.0,-0.010154,-0.009331
EWJ,3,-0.224615,2022-12-01,2025-11-28,36,360000.0,465286.046653,561422.67637,0.292461,0.559507,-0.171238,-0.143451,21.0,-0.146762,22.0,-0.038961,-0.04681
EWJ,3,-0.243343,2023-01-03,2025-12-31,36,360000.0,463908.528017,580523.750215,0.288635,0.612566,-0.200879,-0.143396,21.0,-0.146762,22.0,-0.030062,-0.023217
EWJ,3,-0.18566,2023-02-01,2026-01-30,36,360000.0,485941.687532,572673.048808,0.349838,0.590758,-0.15145,-0.143335,21.0,-0.146762,22.0,-0.055206,-0.066757
EWJ,3,-0.224945,2023-03-01,2026-02-27,36,360000.0,517252.955749,648378.962927,0.436814,0.801053,-0.202237,-0.143272,21.0,-0.146762,22.0,-0.042102,-0.019454
EWJ,3,-0.184415,2023-04-03,2026-03-31,36,360000.0,465743.70036,563260.618094,0.293733,0.564613,-0.173129,-0.143201,21.0,-0.146762,22.0,-0.052464,-0.02154
EWJ,3,-0.187043,2023-05-01,2026-04-30,36,360000.0,485240.083208,596266.767814,0.347889,0.656297,-0.186203,-0.143126,21.0,-0.146762,22.0,-0.057744,-0.017616
EWJ,3,-0.158548,2023-06-01,2026-05-29,36,360000.0,499508.950574,601031.086663,0.387525,0.669531,-0.168913,-0.143044,21.0,-0.146762,22.0,-0.06577,-0.050884
EWJ,3,-0.135206,2023-07-03,2026-06-30,36,360000.0,497146.837268,589946.68667,0.380963,0.638741,-0.157302,-0.142956,21.0,-0.146762,22.0,-0.069491,-0.076502
EWJ,3,-0.127128,2023-08-01,2026-07-31,36,360000.0,486152.560713,578972.222726,0.350424,0.608256,-0.160318,-0.142862,21.0,-0.146762,22.0,-0.067154,-0.085049
EWJ,3,-0.135902,2023-09-01,2026-08-31,36,360000.0,498146.381835,606944.015538,0.38374,0.685956,-0.179255,-0.142758,21.0,-0.146762,22.0,-0.065034,-0.075758
EWJ,5,0.0,2010-09-09,2015-08-31,60,600000.0,707639.235368,807540.752683,0.179399,0.345901,-0.123711,-0.172778,393.0,-0.239418,313.0,-0.130287,-0.086244
EWJ,5,-0.00999,2010-10-01,2015-09-30,60,600000.0,664539.152227,747734.300551,0.107565,0.246224,-0.111263,-0.167899,393.0,-0.239418,313.0,-0.134074,-0.102841
EWJ,5,-0.030303,2010-11-01,2015-10-30,60,600000.0,713554.697307,805144.503125,0.189258,0.341908,-0.113756,-0.166618,645.0,-0.239418,313.0,-0.137154,-0.103745
EWJ,5,-0.000953,2010-12-01,2015-11-30,60,600000.0,713521.37655,765833.177423,0.189202,0.276389,-0.068307,-0.166242,349.0,-0.239418,313.0,-0.140671,-0.151637
EWJ,5,0.0,2011-01-03,2015-12-31,60,600000.0,700778.825217,713995.298301,0.167965,0.189992,-0.018511,-0.165624,127.0,-0.239418,313.0,-0.140432,-0.197969
EWJ,5,-0.002684,2011-02-01,2016-01-29,60,600000.0,663278.868669,668964.468783,0.105465,0.114941,-0.008499,-0.172369,,-0.239418,313.0,-0.147181,-0.208039
EWJ,5,-0.008613,2011-03-01,2016-02-29,60,600000.0,627065.795915,613666.843348,0.04511,0.022778,0.021834,-0.207549,,-0.233476,311.0,-0.16073,-0.23281
EWJ,5,-0.112834,2011-04-01,2016-03-31,60,600000.0,656516.239208,718503.102535,0.094194,0.197505,-0.086272,-0.207414,,-0.215585,,-0.11614,-0.142683
EWJ,5,-0.090439,2011-05-02,2016-04-29,60,600000.0,655366.539694,701426.746857,0.092278,0.169045,-0.065666,-0.207259,,-0.215585,,-0.113551,-0.163792
EWJ,5,-0.126615,2011-06-01,2016-05-31,60,600000.0,674668.452018,754147.030487,0.124447,0.256912,-0.105389,-0.207101,,-0.215585,,-0.106547,-0.129156
EWJ,5,-0.085984,2011-07-01,2016-06-30,60,600000.0,660740.547178,708434.500155,0.101234,0.180724,-0.067323,-0.20693,,-0.215585,,-0.1112,-0.167868
EWJ,5,-0.078164,2011-08-01,2016-07-29,60,600000.0,691038.930376,736630.445908,0.151732,0.227717,-0.061892,-0.20676,,-0.215585,,-0.114986,-0.174927
EWJ,5,-0.152015,2011-09-01,2016-08-31,60,600000.0,701292.255732,815391.21081,0.16882,0.358985,-0.139932,-0.206585,,-0.215585,,-0.084009,-0.103071
EWJ,5,-0.191113,2011-10-03,2016-09-30,60,600000.0,712400.367085,872901.971195,0.187334,0.454837,-0.183871,-0.206386,224.0,-0.215585,,-0.081891,-0.059718
EWJ,5,-0.193719,2011-11-01,2016-10-31,60,600000.0,712964.559644,882008.871536,0.188274,0.470015,-0.191658,-0.206169,224.0,-0.215585,,-0.084663,-0.056678
EWJ,5,-0.191982,2011-12-01,2016-11-30,60,600000.0,699471.443263,869136.936043,0.165786,0.448562,-0.195211,-0.20594,224.0,-0.215585,,-0.08866,-0.058707
EWJ,5,-0.183144,2012-01-03,2016-12-30,60,600000.0,688655.180156,851797.730954,0.147759,0.419663,-0.191527,-0.2057,224.0,-0.215585,,-0.096991,-0.068891
EWJ,5,-0.155006,2012-02-01,2017-01-31,60,600000.0,708329.239302,852252.73461,0.180549,0.420421,-0.168874,-0.20545,224.0,-0.215585,,-0.108053,-0.099896
EWJ,5,-0.116318,2012-03-01,2017-02-28,60,600000.0,713260.923925,825575.893772,0.188768,0.37596,-0.136044,-0.205197,224.0,-0.215585,376.0,-0.115975,-0.139304
EWJ,5,-0.104007,2012-04-02,2017-03-31,60,600000.0,713124.287085,818524.491003,0.18854,0.364207,-0.128769,-0.204943,224.0,-0.215585,376.0,-0.111773,-0.151129
EWJ,5,-0.152368,2012-05-01,2017-04-28,60,600000.0,714391.00781,871272.706941,0.190652,0.452121,-0.18006,-0.204679,224.0,-0.215585,376.0,-0.087137,-0.102697
EWJ,5,-0.239418,2012-06-01,2017-05-31,60,600000.0,729404.409498,997765.068836,0.215674,0.662942,-0.268962,-0.204387,224.0,-0.215585,376.0,-0.048604,0.0
EWJ,5,-0.167282,2012-07-02,2017-06-30,60,600000.0,732253.025497,923396.305494,0.220422,0.538994,-0.207,-0.204041,224.0,-0.215585,376.0,-0.066098,-0.066098
EWJ,5,-0.204568,2012-08-01,2017-07-31,60,600000.0,741951.276069,986680.957262,0.236585,0.644468,-0.248033,-0.203706,224.0,-0.215585,376.0,-0.06057,-0.022322
EWJ,5,-0.206343,2012-09-04,2017-08-31,60,600000.0,734776.984499,987985.445359,0.224628,0.646642,-0.256288,-0.203334,224.0,-0.215585,376.0,-0.066965,-0.020134
EWJ,5,-0.188588,2012-10-01,2017-09-29,60,600000.0,741663.921711,984029.840211,0.236107,0.64005,-0.246299,-0.202938,224.0,-0.215585,376.0,-0.073737,-0.041576
EWJ,5,-0.187701,2012-11-01,2017-10-31,60,600000.0,774065.804073,1034828.631861,0.29011,0.724714,-0.251986,-0.202524,224.0,-0.215585,376.0,-0.080186,-0.042623
EWJ,5,-0.175272,2012-12-03,2017-11-30,60,600000.0,783235.269972,1041130.074237,0.305392,0.735217,-0.247707,-0.202082,223.0,-0.215585,376.0,-0.086933,0.0
EWJ,5,-0.103578,2013-01-02,2017-12-29,60,600000.0,781330.009739,964531.158264,0.302217,0.607552,-0.189938,-0.201617,223.0,-0.215585,376.0,-0.093566,-0.035035
EWJ,5,-0.108065,2013-02-01,2018-01-31,60,600000.0,814129.223651,1018070.631522,0.356882,0.696784,-0.200321,-0.201161,223.0,-0.215585,376.0,-0.098038,-0.003018
EWJ,5,-0.074864,2013-03-01,2018-02-28,60,600000.0,783132.390306,952372.273716,0.305221,0.587287,-0.177703,-0.20067,223.0,-0.215585,376.0,-0.102909,0.0
EWJ,5,-0.068583,2013-04-01,2018-03-29,60,600000.0,772592.376011,939908.653785,0.287654,0.566514,-0.178013,-0.200174,223.0,-0.215585,376.0,-0.106954,0.0
EWJ,5,-0.011111,2013-05-01,2018-04-30,60,600000.0,766626.704246,842681.198346,0.277711,0.404469,-0.090253,-0.199658,223.0,-0.215585,376.0,-0.111031,-0.084702
EWJ,5,-0.126427,2013-06-03,2018-05-31,60,600000.0,751272.214999,896836.566324,0.25212,0.494728,-0.162309,-0.199164,209.0,-0.215585,376.0,-0.112139,-0.011204
EWJ,5,-0.0694,2013-07-01,2018-06-29,60,600000.0,728996.994981,822407.142597,0.214995,0.370679,-0.113581,-0.198593,209.0,-0.215585,376.0,-0.115639,-0.061409
EWJ,5,-0.055474,2013-08-01,2018-07-31,60,600000.0,733218.506126,818956.560304,0.222031,0.364928,-0.104692,-0.198018,209.0,-0.215585,376.0,-0.117388,-0.075248
EWJ,5,-0.087422,2013-09-03,2018-08-31,60,600000.0,725640.961556,843137.74289,0.209402,0.40523,-0.139357,-0.197411,209.0,-0.215585,376.0,-0.118793,-0.042874
EWJ,5,-0.027622,2013-10-01,2018-09-28,60,600000.0,746630.474097,818603.839238,0.244384,0.36434,-0.087922,-0.196735,208.0,-0.215585,376.0,-0.121411,-0.101736
EWJ,5,-0.034994,2013-11-01,2018-10-31,60,600000.0,676435.372086,751041.111951,0.127392,0.251735,-0.099336,-0.196051,208.0,-0.215585,376.0,-0.122114,-0.094874
EWJ,5,-0.014742,2013-12-02,2018-11-30,60,600000.0,680086.479678,742138.889317,0.133477,0.236898,-0.083613,-0.195309,208.0,-0.215585,376.0,-0.123122,-0.113683
EWJ,5,-0.016475,2014-01-02,2018-12-31,60,600000.0,625470.465119,685046.32005,0.042451,0.141744,-0.086966,-0.218179,,-0.228625,,-0.123485,-0.113702
EWJ,5,-0.085667,2014-02-03,2019-01-31,60,600000.0,668176.731195,789075.784305,0.113628,0.315126,-0.153216,-0.217982,,-0.228625,,-0.123877,-0.046631
EWJ,5,-0.065898,2014-03-03,2019-02-28,60,600000.0,666046.545965,773514.568947,0.110078,0.289191,-0.138935,-0.217761,,-0.228625,,-0.127095,-0.066808
EWJ,5,-0.064251,2014-04-01,2019-03-29,60,600000.0,667516.656068,777266.113964,0.112528,0.295444,-0.141199,-0.217537,,-0.228625,,-0.129717,-0.068451
EWJ,5,-0.075783,2014-05-01,2019-04-30,60,600000.0,672937.464607,797031.819452,0.121562,0.328386,-0.155696,-0.217303,,-0.228625,,-0.132501,-0.056827
EWJ,5,-0.034597,2014-06-02,2019-05-31,60,600000.0,637061.535018,725854.715721,0.061769,0.209758,-0.122329,-0.217056,,-0.228625,,-0.136105,-0.097065
EWJ,5,0.0,2014-07-01,2019-06-28,60,600000.0,663287.307474,720573.261581,0.105479,0.200955,-0.079501,-0.21681,,-0.228625,,-0.138057,-0.14199
EWJ,5,-0.021225,2014-08-01,2019-07-31,60,600000.0,658350.7671,733096.361378,0.097251,0.221827,-0.101959,-0.216565,,-0.228625,,-0.13785,-0.123384
EWJ,5,-0.026939,2014-09-02,2019-08-30,60,600000.0,650943.263341,731567.405413,0.084905,0.219279,-0.110207,-0.216305,,-0.228625,,-0.138654,-0.118236
EWJ,5,-0.054694,2014-10-01,2019-09-30,60,600000.0,682674.185466,792431.080874,0.13779,0.320718,-0.138507,-0.216032,,-0.228625,,-0.139855,-0.092347
EWJ,5,-0.00898,2014-11-03,2019-10-31,60,600000.0,702744.259607,781721.778197,0.17124,0.30287,-0.10103,-0.215737,,-0.228625,,-0.142824,-0.134215
EWJ,5,-0.046531,2014-12-01,2019-11-29,60,600000.0,708559.68516,822893.277344,0.180933,0.371489,-0.138941,-0.215443,,-0.228625,,-0.143398,-0.100118
EWJ,5,-0.075343,2015-01-02,2019-12-31,60,600000.0,710994.23091,855913.258908,0.18499,0.426522,-0.169315,-0.215123,354.0,-0.228625,,-0.146489,-0.072078
EWJ,5,-0.046601,2015-02-02,2020-01-31,60,600000.0,688852.283918,809231.537084,0.148087,0.348719,-0.148757,-0.214777,347.0,-0.228625,,-0.152213,-0.100051
EWJ,5,-0.001613,2015-03-02,2020-02-28,60,600000.0,628449.062384,695953.776963,0.047415,0.159923,-0.096996,-0.214423,347.0,-0.228625,,-0.15656,-0.156025
EWJ,5,-0.022533,2015-04-01,2020-03-31,60,600000.0,584477.731505,638721.354919,-0.02587,0.064536,-0.084925,-0.281445,,-0.30693,,-0.156608,-0.169443
EWJ,5,-0.022523,2015-05-01,2020-04-30,60,600000.0,612371.350269,646749.976356,0.020619,0.077917,-0.053156,-0.281414,,-0.30693,,-0.155325,-0.197511
EWJ,5,-0.015766,2015-06-01,2020-05-29,60,600000.0,654911.933118,687604.165261,0.09152,0.146007,-0.047545,-0.281382,,-0.30693,,-0.150638,-0.20302
EWJ,5,-0.026613,2015-07-01,2020-06-30,60,600000.0,652663.828783,694586.774407,0.087773,0.157645,-0.060357,-0.28135,,-0.30693,,-0.150513,-0.194139
EWJ,5,-0.028122,2015-08-03,2020-07-31,60,600000.0,644112.700389,688191.845567,0.073521,0.146986,-0.064051,-0.281316,,-0.30693,,-0.151484,-0.192888
EWJ,5,-0.126969,2015-09-01,2020-08-31,60,600000.0,686076.235275,818144.490284,0.14346,0.363574,-0.161424,-0.281281,,-0.30693,,-0.152516,-0.101503
EWJ,5,-0.131497,2015-10-01,2020-09-30,60,600000.0,694762.795977,837292.938583,0.157938,0.395488,-0.170227,-0.28124,183.0,-0.30693,,-0.155484,-0.096819
EWJ,5,-0.063586,2015-11-02,2020-10-30,60,600000.0,681099.621794,765658.789081,0.135166,0.276098,-0.11044,-0.281196,183.0,-0.30693,,-0.158663,-0.16232
EWJ,5,-0.051513,2015-12-01,2020-11-30,60,600000.0,749854.91906,835735.489224,0.249758,0.392892,-0.10276,-0.281155,183.0,-0.30693,238.0,-0.160551,-0.172983
EWJ,5,-0.09321,2016-01-04,2020-12-31,60,600000.0,785510.989178,920803.833659,0.309185,0.534673,-0.146929,-0.281112,183.0,-0.30693,238.0,-0.162279,-0.134954
EWJ,5,-0.131215,2016-02-01,2021-01-29,60,600000.0,773700.810956,952975.22955,0.289501,0.588292,-0.188121,-0.281065,183.0,-0.30693,238.0,-0.164929,-0.097113
EWJ,5,-0.151737,2016-03-01,2021-02-26,60,600000.0,781810.541793,993952.060392,0.303018,0.656587,-0.213432,-0.281013,182.0,-0.30693,238.0,-0.168554,-0.024194
EWJ,5,-0.154018,2016-04-01,2021-03-31,60,600000.0,778489.974427,1001013.499202,0.297483,0.668356,-0.222298,-0.280958,182.0,-0.30693,238.0,-0.17284,-0.021564
EWJ,5,-0.116013,2016-05-02,2021-04-30,60,600000.0,759328.053193,942598.994193,0.265547,0.570998,-0.194432,-0.280899,182.0,-0.30693,238.0,-0.177368,-0.022454
EWJ,5,-0.104612,2016-06-01,2021-05-28,60,600000.0,766465.094366,946607.767797,0.277442,0.57768,-0.190303,-0.28084,182.0,-0.30693,238.0,-0.181121,-0.034901
EWJ,5,-0.12054,2016-07-01,2021-06-30,60,600000.0,754739.463813,956136.204909,0.257899,0.59356,-0.210636,-0.280778,182.0,-0.30693,238.0,-0.184759,0.0
EWJ,5,-0.073043,2016-08-01,2021-07-30,60,600000.0,744043.902912,901368.780901,0.240073,0.502281,-0.17454,-0.280712,182.0,-0.30693,238.0,-0.188966,-0.050876
EWJ,5,-0.052359,2016-09-01,2021-08-31,60,600000.0,753128.869364,898642.526019,0.255215,0.497738,-0.161926,-0.280646,182.0,-0.30693,238.0,-0.192178,-0.071593
EWJ,5,-0.0424,2016-10-03,2021-09-30,60,600000.0,768222.622778,913349.445828,0.280371,0.522249,-0.158895,-0.280577,182.0,-0.30693,238.0,-0.195049,-0.081248
EWJ,5,-0.036271,2016-11-01,2021-10-29,60,600000.0,742951.399037,883641.436378,0.238252,0.472736,-0.159216,-0.280505,182.0,-0.30693,238.0,-0.197825,-0.087091
EWJ,5,-0.052551,2016-12-01,2021-11-30,60,600000.0,715739.234,871623.026107,0.192899,0.452705,-0.178843,-0.28043,182.0,-0.30693,238.0,-0.200593,-0.071405
EWJ,5,-0.045576,2017-01-03,2021-12-31,60,600000.0,727460.893709,884955.294292,0.212435,0.474925,-0.177969,-0.280349,170.0,-0.30693,238.0,-0.203905,-0.078191
EWJ,5,-0.014963,2017-02-01,2022-01-31,60,600000.0,691617.310828,820573.109591,0.152696,0.367622,-0.157153,-0.280264,170.0,-0.30693,238.0,-0.207214,-0.106839
EWJ,5,0.0,2017-03-01,2022-02-28,60,600000.0,675699.30268,790580.121194,0.126166,0.317634,-0.145312,-0.280176,170.0,-0.30693,238.0,-0.209926,-0.123899
EWJ,5,-0.011081,2017-04-03,2022-03-31,60,600000.0,658447.362871,774920.73795,0.097412,0.291535,-0.150304,-0.280084,170.0,-0.30693,238.0,-0.212316,-0.122714
EWJ,5,-0.00535,2017-05-01,2022-04-29,60,600000.0,602390.788916,708053.443102,0.003985,0.180089,-0.14923,-0.279986,170.0,-0.30693,238.0,-0.214876,-0.12777
EWJ,5,0.0,2017-06-01,2022-05-31,60,600000.0,610988.688214,697401.290541,0.018314,0.162335,-0.123907,-0.279883,170.0,-0.30693,238.0,-0.217438,-0.155508
EWJ,5,-0.021242,2017-07-03,2022-06-30,60,600000.0,564327.047036,646296.836215,-0.059455,0.077161,-0.12683,-0.279776,170.0,-0.30693,238.0,-0.219315,-0.154939
EWJ,5,0.0,2017-08-01,2022-07-29,60,600000.0,598926.900073,665835.772112,-0.001788,0.109726,-0.100489,-0.279661,170.0,-0.30693,238.0,-0.221327,-0.180868
EWJ,5,-0.012684,2017-09-01,2022-08-31,60,600000.0,570452.399082,642359.755818,-0.049246,0.0706,-0.111942,-0.279543,170.0,-0.30693,238.0,-0.222632,-0.171999
EWJ,5,0.0,2017-10-02,2022-09-30,60,600000.0,519462.878978,572720.458007,-0.134229,-0.045466,-0.092991,-0.304407,,-0.326196,,-0.224319,-0.190131
EWJ,5,0.0,2017-11-01,2022-10-31,60,600000.0,531869.721939,553591.918197,-0.11355,-0.077347,-0.039239,-0.305584,,-0.331441,,-0.225498,-0.235032
EWJ,5,-0.006828,2017-12-01,2022-11-30,60,600000.0,594464.379692,611093.73649,-0.009226,0.01849,-0.027212,-0.305109,,-0.331441,,-0.225158,-0.243498
EWJ,5,0.0,2018-01-02,2022-12-30,60,600000.0,581033.386789,587207.989267,-0.031611,-0.02132,-0.010515,-0.304622,,-0.331441,,-0.224479,-0.25658
EWJ,5,-0.021957,2018-02-01,2023-01-31,60,600000.0,626358.31805,603218.555372,0.043931,0.005364,0.03836,-0.304126,,-0.331441,,-0.223244,-0.29137
EWJ,5,-0.083037,2018-03-01,2023-02-28,60,600000.0,597129.427282,613460.992058,-0.004784,0.022435,-0.026622,-0.303636,,-0.331441,,-0.220519,-0.244168
EWJ,5,-0.080563,2018-04-02,2023-03-31,60,600000.0,626231.954919,641886.695351,0.04372,0.069811,-0.024389,-0.303093,,-0.331441,,-0.219533,-0.246202
EWJ,5,-0.063089,2018-05-01,2023-04-28,60,600000.0,627086.706353,631525.451322,0.045145,0.052542,-0.007029,-0.302531,,-0.331441,,-0.218374,-0.26026
EWJ,5,-0.069893,2018-06-01,2023-05-31,60,600000.0,631897.507191,641550.801679,0.053163,0.069251,-0.015047,-0.301956,,-0.331441,,-0.21647,-0.254849
EWJ,5,-0.111934,2018-07-02,2023-06-30,60,600000.0,662711.423358,705734.647559,0.104519,0.176224,-0.060962,-0.301354,,-0.331441,,-0.214642,-0.219574
EWJ,5,-0.082016,2018-08-01,2023-07-31,60,600000.0,677147.884115,699498.346155,0.12858,0.165831,-0.031952,-0.300697,,-0.331441,,-0.214396,-0.245009
EWJ,5,-0.103987,2018-09-04,2023-08-31,60,600000.0,656646.993183,696537.079808,0.094412,0.160895,-0.057269,-0.300032,,-0.331441,,-0.212785,-0.226496
EWJ,5,-0.055057,2018-10-01,2023-09-29,60,600000.0,640628.803405,646004.609299,0.067715,0.076674,-0.008322,-0.299322,,-0.331441,,-0.212023,-0.266548
EWJ,5,-0.147463,2018-11-01,2023-10-31,60,600000.0,625831.766017,700229.316442,0.043053,0.167049,-0.106247,-0.298617,,-0.331441,,-0.208816,-0.18705
EWJ,5,-0.125959,2018-12-03,2023-11-30,60,600000.0,662621.979443,725283.361292,0.10437,0.208806,-0.086396,-0.2978,,-0.331441,,-0.210176,-0.207051
EWJ,5,-0.198474,2019-01-02,2023-12-29,60,600000.0,686070.794934,821595.512446,0.143451,0.369326,-0.164953,-0.296962,,-0.331441,,-0.210384,-0.135312
EWJ,5,-0.151048,2019-02-01,2024-01-31,60,600000.0,704494.180995,800732.09011,0.174157,0.334553,-0.120187,-0.295999,447.0,-0.331441,,-0.215747,-0.183617
EWJ,5,-0.143824,2019-03-01,2024-02-29,60,600000.0,731854.164585,828872.290867,0.219757,0.381454,-0.117048,-0.29504,447.0,-0.331441,,-0.218218,-0.190505
EWJ,5,-0.129848,2019-04-01,2024-03-28,60,600000.0,751350.458539,841870.943978,0.252251,0.403118,-0.107523,-0.294036,447.0,-0.331441,503.0,-0.220527,-0.203507
EWJ,5,-0.132675,2019-05-01,2024-04-30,60,600000.0,704728.974316,796317.291257,0.174548,0.327195,-0.115015,-0.292992,447.0,-0.331441,503.0,-0.222075,-0.200911
EWJ,5,-0.167223,2019-06-03,2024-05-31,60,600000.0,719208.193447,850311.96297,0.19868,0.417187,-0.154183,-0.291971,470.0,-0.331441,503.0,-0.224191,-0.167761
EWJ,5,-0.122721,2019-07-01,2024-06-28,60,600000.0,712638.113482,804540.502048,0.18773,0.340901,-0.11423,-0.29089,468.0,-0.331441,503.0,-0.230461,-0.209978
EWJ,5,-0.138885,2019-08-01,2024-07-31,60,600000.0,737671.478752,852432.795228,0.229452,0.420721,-0.134628,-0.289799,468.0,-0.331441,503.0,-0.233022,-0.195148
EWJ,5,-0.145065,2019-09-03,2024-08-30,60,600000.0,744312.569516,870693.074658,0.240521,0.451155,-0.145149,-0.288615,458.0,-0.331441,503.0,-0.238432,-0.18933
EWJ,5,-0.104814,2019-10-01,2024-09-30,60,600000.0,735532.303493,826575.208932,0.225887,0.377625,-0.110145,-0.287343,457.0,-0.331441,503.0,-0.246616,-0.225781
EWJ,5,-0.060919,2019-11-01,2024-10-31,60,600000.0,696249.4452,749720.064707,0.160416,0.249533,-0.071321,-0.286044,457.0,-0.331441,503.0,-0.250783,-0.26197
EWJ,5,-0.060126,2019-12-02,2024-11-29,60,600000.0,710278.401782,766915.539776,0.183797,0.278193,-0.073851,-0.284723,457.0,-0.331441,503.0,-0.247986,-0.262593
EWJ,5,-0.040093,2020-01-02,2024-12-31,60,600000.0,691725.45354,734296.554514,0.152876,0.223828,-0.057975,-0.283314,456.0,-0.331441,503.0,-0.243117,-0.277982
EWJ,5,-0.066873,2020-02-03,2025-01-31,60,600000.0,701934.232983,768991.656497,0.16989,0.281653,-0.087202,-0.281837,456.0,-0.331441,503.0,-0.225684,-0.257261
EWJ,5,-0.139997,2020-03-02,2025-02-28,60,600000.0,700851.479027,836331.157577,0.168086,0.393885,-0.161993,-0.280208,451.0,-0.331441,503.0,-0.194108,-0.194108
EWJ,5,-0.245673,2020-04-01,2025-03-31,60,600000.0,697721.637871,954748.935484,0.162869,0.591248,-0.269209,-0.2783,442.0,-0.331441,503.0,-0.184278,-0.009992
EWJ,5,-0.184577,2020-05-01,2025-04-30,60,600000.0,720824.104224,920185.515939,0.201374,0.533643,-0.216653,-0.275922,442.0,-0.331441,503.0,-0.192881,-0.006632
EWJ,5,-0.097983,2020-06-01,2025-05-30,60,600000.0,742470.305435,863174.627569,0.237451,0.438624,-0.139838,-0.273502,260.0,-0.331441,503.0,-0.199304,-0.101995
EWJ,5,-0.1141,2020-07-01,2025-06-30,60,600000.0,752466.507853,896152.702225,0.254111,0.493588,-0.160337,-0.271104,259.0,-0.331441,503.0,-0.203126,-0.085658
EWJ,5,-0.103917,2020-08-03,2025-07-31,60,600000.0,734142.231978,870015.347857,0.22357,0.450026,-0.156173,-0.268427,259.0,-0.331441,503.0,-0.20792,-0.096048
EWJ,5,-0.05963,2020-09-01,2025-08-29,60,600000.0,775762.320624,881518.495484,0.292937,0.469197,-0.11997,-0.265513,259.0,-0.331441,503.0,-0.212678,-0.13862
EWJ,5,-0.045083,2020-10-01,2025-09-30,60,600000.0,790098.162242,889492.62061,0.31683,0.482488,-0.111743,-0.262448,252.0,-0.331441,503.0,-0.216046,-0.151742
EWJ,5,-0.048801,2020-11-02,2025-10-31,60,600000.0,816993.550464,929039.497052,0.361656,0.548399,-0.120604,-0.259111,252.0,-0.331441,503.0,-0.219131,-0.148427
EWJ,5,-0.007851,2020-12-01,2025-11-28,60,600000.0,807208.199028,827662.399936,0.345347,0.379437,-0.024713,-0.255391,252.0,-0.331441,503.0,-0.222648,-0.23733
EWJ,5,-0.011842,2021-01-04,2025-12-31,60,600000.0,810741.075206,818799.564134,0.351235,0.364666,-0.009842,-0.25169,252.0,-0.331441,503.0,-0.222234,-0.252261
EWJ,5,-0.031894,2021-02-01,2026-01-30,60,600000.0,856798.612415,857359.127509,0.427998,0.428932,-0.000654,-0.247666,248.0,-0.331441,503.0,-0.221026,-0.262535
EWJ,5,-0.034929,2021-03-01,2026-02-27,60,600000.0,918624.101125,901757.299303,0.53104,0.502929,0.018704,-0.243248,248.0,-0.331441,503.0,-0.219146,-0.280187
EWJ,5,-0.037851,2021-04-01,2026-03-31,60,600000.0,835382.281435,826844.858048,0.392304,0.378075,0.010325,-0.238428,237.0,-0.331441,503.0,-0.216068,-0.278001
EWJ,5,-0.050654,2021-05-03,2026-04-30,60,600000.0,877246.248092,884241.878476,0.462077,0.473736,-0.007911,-0.232995,232.0,-0.331441,503.0,-0.212758,-0.268264
EWJ,5,-0.051628,2021-06-01,2026-05-29,60,600000.0,910402.344658,923496.852866,0.517337,0.539161,-0.014179,-0.226758,227.0,-0.331441,503.0,-0.209648,-0.267512
EWJ,5,-0.053887,2021-07-01,2026-06-30,60,600000.0,912965.553386,933835.211632,0.521609,0.556392,-0.022348,-0.219618,224.0,-0.331441,503.0,-0.206173,-0.265764
EWJ,5,-0.050102,2021-08-02,2026-07-31,60,600000.0,898863.768478,921338.591728,0.498106,0.535564,-0.024394,-0.211352,212.0,-0.331441,503.0,-0.202328,-0.268689
EWJ,5,-0.025569,2021-09-01,2026-08-31,60,600000.0,927201.979596,932069.602714,0.545337,0.553449,-0.005222,-0.201737,122.0,-0.331441,503.0,-0.197665,-0.287101
EWJ,10,0.0,2010-09-09,2020-08-31,120,1200000.0,1607207.417544,2102345.181195,0.33934,0.751954,-0.235517,-0.293527,,-0.30693,,-0.130287,-0.086244
EWJ,10,-0.00999,2010-10-01,2020-09-30,120,1200000.0,1628609.837155,2101514.897406,0.357175,0.751262,-0.225031,-0.293371,,-0.30693,,-0.134074,-0.102841
EWJ,10,-0.030303,2010-11-01,2020-10-30,120,1200000.0,1598317.31549,2069898.178894,0.331931,0.724915,-0.227828,-0.293214,,-0.30693,,-0.137154,-0.103745
EWJ,10,-0.000953,2010-12-01,2020-11-30,120,1200000.0,1758966.409923,2166188.946316,0.465805,0.805157,-0.18799,-0.293054,234.0,-0.30693,238.0,-0.140671,-0.151637
EWJ,10,0.0,2011-01-03,2020-12-31,120,1200000.0,1844117.928925,2157143.882005,0.536765,0.79762,-0.145111,-0.292899,234.0,-0.30693,238.0,-0.140432,-0.197969
EWJ,10,-0.002684,2011-02-01,2021-01-29,120,1200000.0,1820768.966011,2112087.16337,0.517307,0.760073,-0.137929,-0.292749,234.0,-0.30693,238.0,-0.147181,-0.208039
EWJ,10,-0.008613,2011-03-01,2021-02-26,120,1200000.0,1846354.649183,2083594.500746,0.538629,0.736329,-0.113861,-0.292598,234.0,-0.30693,238.0,-0.16073,-0.23281
EWJ,10,-0.112834,2011-04-01,2021-03-31,120,1200000.0,1846914.238762,2338605.210052,0.539095,0.948838,-0.21025,-0.292448,234.0,-0.30693,238.0,-0.11614,-0.142683
EWJ,10,-0.090439,2011-05-02,2021-04-30,120,1200000.0,1807840.668846,2244407.513941,0.506534,0.87034,-0.194513,-0.292277,234.0,-0.30693,238.0,-0.113551,-0.163792
EWJ,10,-0.126615,2011-06-01,2021-05-28,120,1200000.0,1829972.886025,2377586.325786,0.524977,0.981322,-0.230323,-0.292106,234.0,-0.30693,238.0,-0.106547,-0.129156
EWJ,10,-0.085984,2011-07-01,2021-06-30,120,1200000.0,1805838.230384,2253939.560661,0.504865,0.878283,-0.198808,-0.291924,234.0,-0.30693,238.0,-0.1112,-0.167868
EWJ,10,-0.078164,2011-08-01,2021-07-30,120,1200000.0,1785621.666608,2220592.382837,0.488018,0.850494,-0.19588,-0.291746,234.0,-0.30693,238.0,-0.114986,-0.174927
EWJ,10,-0.152015,2011-09-01,2021-08-31,120,1200000.0,1811178.905619,2460385.646948,0.509316,1.050321,-0.263864,-0.291565,234.0,-0.30693,238.0,-0.084009,-0.103071
EWJ,10,-0.191113,2011-10-03,2021-09-30,120,1200000.0,1849214.282156,2649071.488209,0.541012,1.20756,-0.301939,-0.291364,234.0,-0.30693,238.0,-0.081891,-0.059718
EWJ,10,-0.193719,2011-11-01,2021-10-29,120,1200000.0,1788802.965671,2587647.163112,0.490669,1.156373,-0.308714,-0.291147,234.0,-0.30693,238.0,-0.084663,-0.056678
EWJ,10,-0.191982,2011-12-01,2021-11-30,120,1200000.0,1723310.613596,2503940.683046,0.436092,1.086617,-0.311761,-0.290923,234.0,-0.30693,238.0,-0.08866,-0.058707
EWJ,10,-0.183144,2012-01-03,2021-12-31,120,1200000.0,1751491.429082,2533247.150658,0.459576,1.111039,-0.308598,-0.290693,232.0,-0.30693,238.0,-0.096991,-0.068891
EWJ,10,-0.155006,2012-02-01,2022-01-31,120,1200000.0,1665516.033389,2343565.120516,0.38793,0.952971,-0.289324,-0.290459,232.0,-0.30693,238.0,-0.108053,-0.099896
EWJ,10,-0.116318,2012-03-01,2022-02-28,120,1200000.0,1626522.653183,2201093.067291,0.355436,0.834244,-0.261039,-0.290226,232.0,-0.30693,238.0,-0.115975,-0.139304
EWJ,10,-0.104007,2012-04-02,2022-03-31,120,1200000.0,1584121.748534,2124979.247185,0.320101,0.770816,-0.254524,-0.289997,232.0,-0.30693,238.0,-0.111773,-0.151129
EWJ,10,-0.152368,2012-05-01,2022-04-29,120,1200000.0,1448687.064242,2064289.271886,0.207239,0.720241,-0.298215,-0.289765,232.0,-0.30693,238.0,-0.087137,-0.102697
EWJ,10,-0.239418,2012-06-01,2022-05-31,120,1200000.0,1466437.910176,2340367.9515,0.222032,0.950307,-0.373416,-0.289513,232.0,-0.30693,238.0,-0.05575,0.0
EWJ,10,-0.167282,2012-07-02,2022-06-30,120,1200000.0,1349259.270072,1979653.178827,0.124383,0.649711,-0.318437,-0.289224,232.0,-0.30693,238.0,-0.066098,-0.066098
EWJ,10,-0.204568,2012-08-01,2022-07-29,120,1200000.0,1427101.353493,2202689.014324,0.189251,0.835574,-0.352109,-0.28895,232.0,-0.30693,238.0,-0.064692,-0.022322
EWJ,10,-0.206343,2012-09-04,2022-08-31,120,1200000.0,1353940.955075,2106966.620504,0.128284,0.755806,-0.357398,-0.288655,232.0,-0.30693,238.0,-0.069303,-0.020134
EWJ,10,-0.188588,2012-10-01,2022-09-30,120,1200000.0,1227406.380527,1878580.06926,0.022839,0.565483,-0.346631,-0.317143,,-0.326196,,-0.074051,-0.041576
EWJ,10,-0.187701,2012-11-01,2022-10-31,120,1200000.0,1250082.367985,1920319.967585,0.041735,0.600267,-0.349024,-0.320678,,-0.331441,,-0.080186,-0.042623
EWJ,10,-0.175272,2012-12-03,2022-11-30,120,1200000.0,1388586.187499,2111202.414941,0.157155,0.759335,-0.342277,-0.320537,,-0.331441,,-0.086933,0.0
EWJ,10,-0.103578,2013-01-02,2022-12-30,120,1200000.0,1350298.973534,1899275.896605,0.125249,0.58273,-0.289045,-0.320393,,-0.331441,,-0.093566,-0.035035
EWJ,10,-0.108065,2013-02-01,2023-01-31,120,1200000.0,1448886.12117,2057146.15233,0.207405,0.714288,-0.295681,-0.320258,,-0.331441,,-0.098038,-0.003018
EWJ,10,-0.074864,2013-03-01,2023-02-28,120,1200000.0,1374624.46128,1891033.297812,0.14552,0.575861,-0.273083,-0.320119,,-0.331441,,-0.102909,0.0
EWJ,10,-0.068583,2013-04-01,2023-03-31,120,1200000.0,1436142.160746,1970616.420465,0.196785,0.64218,-0.271222,-0.319981,,-0.331441,,-0.106954,0.0
EWJ,10,-0.011111,2013-05-01,2023-04-28,120,1200000.0,1433328.604555,1772452.968754,0.194441,0.477044,-0.191331,-0.319841,,-0.331441,,-0.111031,-0.084702
EWJ,10,-0.126427,2013-06-03,2023-05-31,120,1200000.0,1440709.367389,1931049.856547,0.200591,0.609208,-0.253924,-0.319712,,-0.331441,,-0.112139,-0.011204
EWJ,10,-0.0694,2013-07-01,2023-06-30,120,1200000.0,1506553.286494,1903935.352939,0.255461,0.586613,-0.208716,-0.31957,,-0.331441,,-0.115639,-0.061409
EWJ,10,-0.055474,2013-08-01,2023-07-31,120,1200000.0,1537506.199784,1921926.631537,0.281255,0.601606,-0.200018,-0.319433,,-0.331441,,-0.117388,-0.075248
EWJ,10,-0.087422,2013-09-03,2023-08-31,120,1200000.0,1488622.273668,1933379.721629,0.240519,0.61115,-0.230041,-0.319295,,-0.331441,,-0.118793,-0.042874
EWJ,10,-0.027622,2013-10-01,2023-09-29,120,1200000.0,1449978.821425,1774738.789869,0.208316,0.478949,-0.18299,-0.319149,,-0.331441,,-0.121411,-0.101736
EWJ,10,-0.034994,2013-11-01,2023-10-31,120,1200000.0,1413393.495523,1748847.74353,0.177828,0.457373,-0.191814,-0.319009,,-0.331441,,-0.122114,-0.094874
EWJ,10,-0.014742,2013-12-02,2023-11-30,120,1200000.0,1495855.809277,1818519.401553,0.246547,0.515433,-0.177432,-0.318865,,-0.331441,,-0.123122,-0.113683
EWJ,10,-0.016475,2014-01-02,2023-12-29,120,1200000.0,1548457.350235,1889057.178928,0.290381,0.574214,-0.180301,-0.31872,,-0.331441,,-0.123485,-0.113702
EWJ,10,-0.085667,2014-02-03,2024-01-31,120,1200000.0,1592597.626625,2097591.520885,0.327165,0.747993,-0.240749,-0.318571,,-0.331441,,-0.123877,-0.046631
EWJ,10,-0.065898,2014-03-03,2024-02-29,120,1200000.0,1654674.658817,2143439.076851,0.378896,0.786199,-0.228028,-0.318408,490.0,-0.331441,,-0.127095,-0.066808
EWJ,10,-0.064251,2014-04-01,2024-03-28,120,1200000.0,1699765.477493,2208696.515679,0.416471,0.84058,-0.230421,-0.318244,490.0,-0.331441,503.0,-0.129717,-0.068451
EWJ,10,-0.075783,2014-05-01,2024-04-30,120,1200000.0,1594786.453723,2108380.55403,0.328989,0.756984,-0.243596,-0.318076,490.0,-0.331441,503.0,-0.132501,-0.056827
EWJ,10,-0.034597,2014-06-02,2024-05-31,120,1200000.0,1627352.086169,2069440.676766,0.356127,0.724534,-0.213627,-0.317902,490.0,-0.331441,503.0,-0.136105,-0.097065
EWJ,10,0.0,2014-07-01,2024-06-28,120,1200000.0,1614751.118736,1960051.106619,0.345626,0.633376,-0.176169,-0.317731,490.0,-0.331441,503.0,-0.138057,-0.14199
EWJ,10,-0.021225,2014-08-01,2024-07-31,120,1200000.0,1672832.554009,2082668.437049,0.394027,0.735557,-0.196784,-0.317564,490.0,-0.331441,503.0,-0.13785,-0.123384
EWJ,10,-0.026939,2014-09-02,2024-08-30,120,1200000.0,1689457.81392,2124416.959594,0.407882,0.770347,-0.204743,-0.317389,490.0,-0.331441,503.0,-0.138654,-0.118236
EWJ,10,-0.054694,2014-10-01,2024-09-30,120,1200000.0,1671857.653636,2173725.988355,0.393215,0.811438,-0.230879,-0.317209,490.0,-0.331441,503.0,-0.139855,-0.092347
EWJ,10,-0.00898,2014-11-03,2024-10-31,120,1200000.0,1583031.266623,1972884.595895,0.319193,0.64407,-0.197606,-0.317019,490.0,-0.331441,503.0,-0.142824,-0.134215
EWJ,10,-0.046531,2014-12-01,2024-11-29,120,1200000.0,1614125.583621,2099384.950226,0.345105,0.749487,-0.231144,-0.316832,488.0,-0.331441,503.0,-0.143398,-0.100118
EWJ,10,-0.075343,2015-01-02,2024-12-31,120,1200000.0,1570966.555682,2116906.39497,0.309139,0.764089,-0.257895,-0.316634,488.0,-0.331441,503.0,-0.146489,-0.072078
EWJ,10,-0.046601,2015-02-02,2025-01-31,120,1200000.0,1591530.475404,2090112.354839,0.326275,0.74176,-0.238543,-0.316423,488.0,-0.331441,503.0,-0.152213,-0.100051
EWJ,10,-0.001613,2015-03-02,2025-02-28,120,1200000.0,1587919.490615,1964704.444766,0.323266,0.637254,-0.191777,-0.316212,488.0,-0.331441,503.0,-0.15656,-0.156025
EWJ,10,-0.022533,2015-04-01,2025-03-31,120,1200000.0,1583518.793041,1936010.659214,0.319599,0.613342,-0.182071,-0.31601,488.0,-0.331441,503.0,-0.156608,-0.169443
EWJ,10,-0.022523,2015-05-01,2025-04-30,120,1200000.0,1643471.591807,1948890.131839,0.36956,0.624075,-0.156714,-0.315805,488.0,-0.331441,503.0,-0.155325,-0.197511
EWJ,10,-0.015766,2015-06-01,2025-05-30,120,1200000.0,1698925.60737,2008400.263424,0.415771,0.673667,-0.15409,-0.315602,488.0,-0.331441,503.0,-0.150638,-0.20302
EWJ,10,-0.026613,2015-07-01,2025-06-30,120,1200000.0,1725324.851764,2070697.070227,0.437771,0.725581,-0.16679,-0.315395,488.0,-0.331441,503.0,-0.150513,-0.194139
EWJ,10,-0.028122,2015-08-03,2025-07-31,120,1200000.0,1687203.915365,2036566.825755,0.406003,0.697139,-0.171545,-0.31518,488.0,-0.331441,503.0,-0.151484,-0.192888
EWJ,10,-0.126969,2015-09-01,2025-08-29,120,1200000.0,1786523.435792,2410661.074822,0.48877,1.008884,-0.258907,-0.314959,483.0,-0.331441,503.0,-0.152516,-0.101503
EWJ,10,-0.131497,2015-10-01,2025-09-30,120,1200000.0,1820249.706471,2482972.947451,0.516875,1.069144,-0.266907,-0.314706,483.0,-0.331441,503.0,-0.155484,-0.096819
EWJ,10,-0.063586,2015-11-02,2025-10-31,120,1200000.0,1882653.41467,2395925.104324,0.568878,0.996604,-0.214227,-0.314444,483.0,-0.331441,503.0,-0.158663,-0.16232
EWJ,10,-0.051513,2015-12-01,2025-11-28,120,1200000.0,1862790.84924,2352956.179037,0.552326,0.960797,-0.208319,-0.314193,483.0,-0.331441,503.0,-0.160551,-0.172983
EWJ,10,-0.09321,2016-01-04,2025-12-31,120,1200000.0,1870007.492475,2483419.306223,0.55834,1.069516,-0.247003,-0.313938,483.0,-0.331441,503.0,-0.162279,-0.134954
EWJ,10,-0.131215,2016-02-01,2026-01-30,120,1200000.0,1973916.850648,2751931.998623,0.644931,1.293277,-0.282716,-0.313663,483.0,-0.331441,503.0,-0.164929,-0.097113
EWJ,10,-0.151737,2016-03-01,2026-02-27,120,1200000.0,2113092.369735,3037165.9966,0.76091,1.530972,-0.304255,-0.313366,483.0,-0.331441,503.0,-0.168554,-0.024194
EWJ,10,-0.154018,2016-04-01,2026-03-31,120,1200000.0,1917907.154656,2783907.42826,0.598256,1.319923,-0.311074,-0.313052,483.0,-0.331441,503.0,-0.17284,-0.021564
EWJ,10,-0.116013,2016-05-02,2026-04-30,120,1200000.0,2009574.203368,2811251.835756,0.674645,1.34271,-0.285167,-0.312726,483.0,-0.331441,503.0,-0.177368,-0.022454
EWJ,10,-0.104612,2016-06-01,2026-05-29,120,1200000.0,2082718.958777,2895693.545341,0.735599,1.413078,-0.280753,-0.312403,483.0,-0.331441,503.0,-0.181121,-0.034901
EWJ,10,-0.12054,2016-07-01,2026-06-30,120,1200000.0,2086766.376197,2974042.084329,0.738972,1.478368,-0.29834,-0.312073,483.0,-0.331441,503.0,-0.184759,0.0
EWJ,10,-0.073043,2016-08-01,2026-07-31,120,1200000.0,2052457.069646,2795031.270223,0.710381,1.329193,-0.265677,-0.311725,483.0,-0.331441,503.0,-0.188966,-0.050876
EWJ,10,-0.052359,2016-09-01,2026-08-31,120,1200000.0,2116135.764417,2837300.502274,0.763446,1.364417,-0.254173,-0.311383,483.0,-0.331441,503.0,-0.192178,-0.071593
BND,1,0.0,2010-09-09,2011-08-31,12,120000.0,125384.404982,126500.090763,0.04487,0.054167,-0.00882,-0.031309,91.0,-0.035863,145.0,-0.022983,-0.018035
BND,1,-0.002381,2010-10-01,2011-09-30,12,120000.0,125629.95732,126272.598371,0.046916,0.052272,-0.005089,-0.029771,91.0,-0.035863,145.0,-0.024633,-0.026273
BND,1,-0.002798,2010-11-01,2011-10-31,12,120000.0,125191.638982,125913.409629,0.043264,0.049278,-0.005732,-0.026704,85.0,-0.035863,145.0,-0.023813,-0.030135
BND,1,-0.018699,2010-12-01,2011-11-30,12,120000.0,124550.285811,127478.382703,0.037919,0.06232,-0.022969,-0.021467,72.0,-0.021467,91.0,-0.017491,-0.017491
BND,1,-0.02395,2011-01-03,2011-12-30,12,120000.0,125393.228212,129677.051407,0.044944,0.080642,-0.033035,-0.014905,18.0,-0.015033,18.0,-0.011541,-0.011451
BND,1,-0.023773,2011-02-01,2012-01-31,12,120000.0,125408.576685,130476.010527,0.045071,0.0873,-0.038838,-0.01489,18.0,-0.015033,18.0,-0.011631,-0.011631
BND,1,-0.019477,2011-03-01,2012-02-29,12,120000.0,124596.361773,129957.026852,0.038303,0.082975,-0.04125,-0.014872,18.0,-0.015033,18.0,-0.005992,-0.005992
BND,1,-0.019253,2011-04-01,2012-03-30,12,120000.0,123154.305773,129267.717778,0.026286,0.077231,-0.047293,-0.014848,18.0,-0.015033,18.0,-0.003379,-0.003379
BND,1,-0.005834,2011-05-02,2012-04-30,12,120000.0,123733.028985,128930.160698,0.031109,0.074418,-0.04031,-0.014816,18.0,-0.015033,18.0,-0.000418,0.0
BND,1,0.0,2011-06-01,2012-05-31,12,120000.0,124148.959457,128030.437554,0.034575,0.06692,-0.030317,-0.014771,18.0,-0.015033,18.0,-0.008552,-0.008552
BND,1,-0.010396,2011-07-01,2012-06-29,12,120000.0,123526.888074,129161.700493,0.029391,0.076348,-0.043626,-0.014704,18.0,-0.015033,18.0,0.0,0.0
BND,1,0.0,2011-08-01,2012-07-31,12,120000.0,124254.237133,128309.684931,0.035452,0.069247,-0.031607,-0.014591,18.0,-0.015033,18.0,-0.002521,0.0
BND,1,-0.003049,2011-09-01,2012-08-31,12,120000.0,123772.974652,126285.558172,0.031441,0.05238,-0.019896,-0.014365,18.0,-0.015033,18.0,-0.009704,-0.005718
BND,1,-0.001362,2011-10-03,2012-09-28,12,120000.0,123479.115864,125500.016073,0.028993,0.045833,-0.016103,-0.01369,18.0,-0.0139,22.0,-0.01369,-0.01369
BND,1,0.0,2011-11-01,2012-10-31,12,120000.0,122888.7551,125013.402868,0.024073,0.041778,-0.016995,-0.013374,22.0,-0.0139,22.0,-0.007974,-0.008296
BND,1,-0.008296,2011-12-01,2012-11-30,12,120000.0,122558.470544,126133.431575,0.021321,0.051112,-0.028343,-0.013255,22.0,-0.0139,22.0,-0.004967,0.0
BND,1,-0.003113,2012-01-03,2012-12-31,12,120000.0,120969.790434,123914.886078,0.008082,0.032624,-0.023767,-0.013255,21.0,-0.0139,22.0,-0.008583,-0.003074
BND,1,-0.001025,2012-02-01,2013-01-31,12,120000.0,119826.129176,122028.254544,-0.001449,0.016902,-0.018046,-0.018628,,-0.019654,,-0.011338,-0.011428
BND,1,-0.002682,2012-03-01,2013-02-28,12,120000.0,120326.230788,122704.176089,0.002719,0.022535,-0.019379,-0.018533,,-0.020648,,-0.011248,-0.011248
BND,1,-0.006191,2012-04-02,2013-03-28,12,120000.0,120190.398185,123234.771188,0.001587,0.026956,-0.024704,-0.018418,,-0.020648,,-0.007211,-0.003735
BND,1,-0.001433,2012-05-01,2013-04-30,12,120000.0,121128.916292,123297.701799,0.009408,0.027481,-0.01759,-0.018277,65.0,-0.020648,,-0.009789,0.0
BND,1,0.0,2012-06-01,2013-05-31,12,120000.0,118510.191741,119216.918322,-0.012415,-0.006526,-0.005928,-0.021145,,-0.021145,,-0.012415,-0.006526
BND,1,-0.00074,2012-07-02,2013-06-28,12,120000.0,116630.591765,117339.362327,-0.028078,-0.022172,-0.00604,-0.045378,,-0.047154,,-0.038052,-0.032206
BND,1,-0.002732,2012-08-01,2013-07-31,12,120000.0,117279.856921,116738.740825,-0.022668,-0.027177,0.004635,-0.045215,,-0.047154,,-0.038584,-0.040809
BND,1,-0.000659,2012-09-04,2013-08-30,12,120000.0,116591.134407,115486.565413,-0.028407,-0.037612,0.009564,-0.045021,,-0.047644,,-0.038361,-0.043375
BND,1,0.0,2012-10-01,2013-09-30,12,120000.0,118292.829843,116397.375749,-0.014226,-0.030022,0.016284,-0.044785,,-0.051837,,-0.037859,-0.050649
BND,1,-0.003293,2012-11-01,2013-10-31,12,120000.0,119622.155146,117783.216432,-0.003149,-0.018473,0.015613,-0.044491,,-0.051837,,-0.036846,-0.047513
BND,1,-0.000386,2012-12-03,2013-11-29,12,120000.0,119481.237519,117095.048775,-0.004323,-0.024208,0.020378,-0.044112,,-0.051837,,-0.035994,-0.050283
BND,1,-0.012593,2013-01-02,2013-12-31,12,120000.0,118998.597573,117653.067145,-0.008345,-0.019558,0.011436,-0.043609,,-0.051837,,-0.034394,-0.039642
BND,1,-0.020648,2013-02-01,2014-01-31,12,120000.0,121031.640403,120458.240186,0.008597,0.003819,0.00476,-0.042898,214.0,-0.051837,,-0.034293,-0.031743
BND,1,-0.012086,2013-03-01,2014-02-28,12,120000.0,121529.548013,119975.177809,0.012746,-0.000207,0.012956,-0.041818,123.0,-0.051837,,-0.036127,-0.040134
BND,1,-0.010948,2013-04-01,2014-03-31,12,120000.0,121304.306765,119633.735702,0.010869,-0.003052,0.013964,-0.040024,120.0,-0.051837,,-0.036371,-0.041239
BND,1,-0.000131,2013-05-01,2014-04-30,12,120000.0,122319.765474,119289.195664,0.019331,-0.005923,0.025405,-0.036419,115.0,-0.051837,,-0.036305,-0.051611
BND,1,-0.022038,2013-06-03,2014-05-30,12,120000.0,123643.20692,123232.451237,0.03036,0.026937,0.003333,-0.026274,86.0,-0.03106,141.0,-0.025682,-0.030471
BND,1,-0.03564,2013-07-01,2014-06-30,12,120000.0,123502.081066,125075.756889,0.029184,0.042298,-0.012582,-0.016156,13.0,-0.021515,20.0,-0.012998,-0.016795
BND,1,-0.038322,2013-08-01,2014-07-31,12,120000.0,122756.332588,125075.945221,0.022969,0.0423,-0.018546,-0.01581,28.0,-0.020143,20.0,-0.011099,-0.014054
BND,1,-0.044052,2013-09-03,2014-08-29,12,120000.0,123696.172283,127261.921529,0.030801,0.060516,-0.028019,-0.009155,59.0,-0.011744,29.0,-0.008144,-0.008144
BND,1,-0.032411,2013-10-01,2014-09-30,12,120000.0,122421.501843,125012.303789,0.020179,0.041769,-0.020724,-0.011145,,-0.011744,29.0,-0.004179,-0.001364
BND,1,-0.025563,2013-11-01,2014-10-31,12,120000.0,122842.528079,125030.868367,0.023688,0.041924,-0.017502,-0.011119,20.0,-0.01142,20.0,-0.006544,-0.007855
BND,1,-0.029481,2013-12-02,2014-11-28,12,120000.0,123445.210675,126578.856993,0.02871,0.054824,-0.024756,-0.011089,20.0,-0.01142,20.0,-0.00385,-0.00385
BND,1,-0.031161,2014-01-02,2014-12-31,12,120000.0,122981.852362,126870.449249,0.024849,0.057254,-0.03065,-0.011051,19.0,-0.01142,20.0,-0.000998,-0.000998
BND,1,-0.01385,2014-02-03,2015-01-30,12,120000.0,125317.062368,127639.450308,0.044309,0.063662,-0.018195,-0.011004,19.0,-0.01142,20.0,-0.006563,-0.006021
BND,1,-0.010307,2014-03-03,2015-02-27,12,120000.0,123062.922908,125520.629335,0.025524,0.046005,-0.01958,-0.02022,,-0.020314,,-0.008344,-0.008344
BND,1,-0.015167,2014-04-01,2015-03-31,12,120000.0,123303.860264,126827.627032,0.027532,0.056897,-0.027784,-0.021171,,-0.022566,,-0.001979,-0.001979
BND,1,-0.003745,2014-05-01,2015-04-30,12,120000.0,122298.401,124968.067936,0.019153,0.041401,-0.021363,-0.02104,,-0.022566,,-0.001353,-0.000245
BND,1,-0.00426,2014-06-02,2015-05-29,12,120000.0,121309.257667,123653.013872,0.01091,0.030442,-0.018954,-0.020883,,-0.022566,,-0.004149,-0.004149
BND,1,-0.002903,2014-07-01,2015-06-30,12,120000.0,119692.011389,122111.332128,-0.002567,0.017594,-0.019812,-0.026954,,-0.031307,,-0.00723,-0.003907
BND,1,-0.00155,2014-08-01,2015-07-31,12,120000.0,120591.492155,122881.020552,0.004929,0.024009,-0.018632,-0.026547,,-0.031307,,-0.009055,-0.003455
BND,1,-0.003411,2014-09-02,2015-08-31,12,120000.0,120032.019852,122014.872574,0.000267,0.016791,-0.016251,-0.026121,,-0.031307,,-0.010994,-0.008037
BND,1,-0.001448,2014-10-01,2015-09-30,12,120000.0,120810.084007,122761.034077,0.006751,0.023009,-0.015892,-0.025813,,-0.031307,,-0.012848,-0.00134
BND,1,-0.009471,2014-11-03,2015-10-30,12,120000.0,120610.040332,122494.46486,0.005084,0.020787,-0.015384,-0.025427,114.0,-0.031307,,-0.014918,-0.001339
BND,1,-0.002288,2014-12-01,2015-11-30,12,120000.0,119948.237041,121134.126159,-0.000431,0.009451,-0.00979,-0.024929,114.0,-0.031307,,-0.017227,-0.005967
BND,1,0.0,2015-01-02,2015-12-31,12,120000.0,119605.061778,120262.12663,-0.003291,0.002184,-0.005464,-0.024266,114.0,-0.031307,,-0.019103,-0.011382
BND,1,-0.001188,2015-02-02,2016-01-29,12,120000.0,121024.473788,119395.402619,0.008537,-0.005038,0.013644,-0.023338,112.0,-0.030155,,-0.020647,-0.030155
BND,1,-0.016257,2015-03-02,2016-02-29,12,120000.0,122125.678776,122255.909015,0.017714,0.018799,-0.001065,-0.021971,72.0,-0.028835,243.0,-0.01827,-0.015299
BND,1,-0.003738,2015-04-01,2016-03-31,12,120000.0,123048.585213,121785.851533,0.025405,0.014882,0.010368,-0.019652,54.0,-0.028835,243.0,-0.019261,-0.027673
BND,1,-0.013896,2015-05-01,2016-04-29,12,120000.0,123383.782349,123536.298094,0.028198,0.029469,-0.001235,-0.015055,28.0,-0.017656,72.0,-0.015055,-0.017656
BND,1,-0.019091,2015-06-01,2016-05-31,12,120000.0,123097.891622,124181.545422,0.025816,0.034846,-0.008726,-0.014093,78.0,-0.015349,81.0,-0.012454,-0.012454
BND,1,-0.02912,2015-07-01,2016-06-30,12,120000.0,125225.108887,127998.399065,0.043543,0.066653,-0.021667,-0.013841,67.0,-0.015349,81.0,-0.004396,-0.000619
BND,1,-0.015926,2015-08-03,2016-07-29,12,120000.0,125276.839312,127038.832659,0.043974,0.058657,-0.01387,-0.013458,65.0,-0.015349,81.0,-0.006904,-0.007118
BND,1,-0.01823,2015-09-01,2016-08-31,12,120000.0,124330.483184,126937.523058,0.036087,0.057813,-0.020538,-0.012825,60.0,-0.015349,81.0,-0.007185,-0.004788
BND,1,-0.012156,2015-10-01,2016-09-30,12,120000.0,123879.743336,126300.858378,0.032331,0.052507,-0.019169,-0.01283,,-0.015349,81.0,-0.008834,-0.009933
BND,1,-0.014345,2015-11-02,2016-10-31,12,120000.0,122206.346635,125392.211499,0.018386,0.044935,-0.025407,-0.014012,,-0.015353,,-0.008066,-0.007734
BND,1,-0.012559,2015-12-01,2016-11-30,12,120000.0,118626.343751,121943.928863,-0.011447,0.016199,-0.027206,-0.037188,,-0.039657,,-0.011447,-0.008964
BND,1,-0.018501,2016-01-04,2016-12-30,12,120000.0,118892.584131,123086.835415,-0.009228,0.025724,-0.034076,-0.041538,,-0.047508,,-0.020559,0.0
BND,1,-0.008243,2016-02-01,2017-01-31,12,120000.0,118854.355649,122039.848449,-0.009547,0.016999,-0.026102,-0.04097,,-0.047508,,-0.023701,0.0
BND,1,-0.003714,2016-03-01,2017-02-28,12,120000.0,119433.8113,121916.788059,-0.004718,0.015973,-0.020366,-0.040291,,-0.047508,,-0.026421,-0.00365
BND,1,0.0,2016-04-01,2017-03-31,12,120000.0,119268.070528,120261.655119,-0.006099,0.00218,-0.008262,-0.039462,,-0.047508,,-0.028951,-0.016788
BND,1,-0.003445,2016-05-02,2017-04-28,12,120000.0,120158.962002,121081.715509,0.001325,0.009014,-0.007621,-0.038432,124.0,-0.047508,,-0.030472,-0.017901
BND,1,-0.004578,2016-06-01,2017-05-31,12,120000.0,120940.462752,121692.810965,0.007837,0.014107,-0.006182,-0.037102,124.0,-0.047508,,-0.032267,-0.019906
BND,1,0.0,2016-07-01,2017-06-30,12,120000.0,120858.709445,119055.588809,0.007156,-0.00787,0.015145,-0.035583,119.0,-0.047508,,-0.034328,-0.041637
BND,1,-0.006073,2016-08-01,2017-07-31,12,120000.0,121676.889623,119778.23483,0.013974,-0.001848,0.015851,-0.033776,118.0,-0.044598,,-0.032866,-0.041689
BND,1,-0.004701,2016-09-01,2017-08-31,12,120000.0,122954.102191,120890.591985,0.024618,0.007422,0.017069,-0.032007,139.0,-0.044598,231.0,-0.03147,-0.043009
BND,1,-0.005992,2016-10-03,2017-09-29,12,120000.0,122320.342885,120480.192718,0.019336,0.004002,0.015273,-0.029645,93.0,-0.041766,229.0,-0.029645,-0.041766
BND,1,-0.014607,2016-11-01,2017-10-31,12,120000.0,122251.411581,121500.89158,0.018762,0.012507,0.006177,-0.02753,43.0,-0.035481,169.0,-0.025421,-0.033389
BND,1,-0.043226,2016-12-01,2017-11-30,12,120000.0,121989.580232,125001.743139,0.01658,0.041681,-0.024097,-0.014308,20.0,-0.016001,20.0,-0.00456,-0.004475
BND,1,-0.03637,2017-01-03,2017-12-29,12,120000.0,122203.55207,124783.759839,0.018363,0.039865,-0.020677,-0.013737,15.0,-0.016001,20.0,-0.006652,-0.005412
BND,1,-0.036397,2017-02-01,2018-01-31,12,120000.0,120324.721079,123242.266998,0.002706,0.027019,-0.023673,-0.014543,,-0.017125,,-0.007272,-0.005384
BND,1,-0.032724,2017-03-01,2018-02-28,12,120000.0,118837.947397,121501.971963,-0.009684,0.012516,-0.021926,-0.026343,,-0.030494,,-0.01317,-0.009161
BND,1,-0.025604,2017-04-03,2018-03-29,12,120000.0,119510.736986,121442.237316,-0.004077,0.012019,-0.015905,-0.025955,,-0.030494,,-0.015181,-0.002094
BND,1,-0.023231,2017-05-01,2018-04-30,12,120000.0,118373.550313,120113.981602,-0.013554,0.00095,-0.01449,-0.02549,,-0.032676,,-0.017547,-0.003102
BND,1,-0.014189,2017-06-01,2018-05-31,12,120000.0,119187.042491,119824.004012,-0.006775,-0.001467,-0.005316,-0.024997,,-0.035418,,-0.020283,-0.015047
BND,1,-0.013839,2017-07-03,2018-06-29,12,120000.0,119420.177616,120007.248503,-0.004832,6e-05,-0.004892,-0.024213,,-0.035418,,-0.020759,-0.015396
BND,1,-0.003876,2017-08-01,2018-07-31,12,120000.0,119381.931525,118763.373774,-0.005151,-0.010305,0.005208,-0.023858,,-0.035418,,-0.021295,-0.025244
BND,1,-0.001651,2017-09-01,2018-08-31,12,120000.0,120289.695059,118971.792418,0.002414,-0.008568,0.011077,-0.023414,175.0,-0.035418,,-0.021177,-0.030021
BND,1,-0.008976,2017-10-02,2018-09-28,12,120000.0,119733.584832,118729.707113,-0.00222,-0.010586,0.008455,-0.022795,142.0,-0.031453,,-0.020398,-0.026681
BND,1,-0.008211,2017-11-01,2018-10-31,12,120000.0,118824.726321,117615.204877,-0.009794,-0.019873,0.010284,-0.021864,135.0,-0.031453,,-0.020069,-0.027432
BND,1,-0.007258,2017-12-01,2018-11-30,12,120000.0,119762.056957,118249.79615,-0.001983,-0.014585,0.012789,-0.020311,134.0,-0.031453,,-0.01927,-0.028366
BND,1,-0.007362,2018-01-02,2018-12-31,12,120000.0,122139.493353,120478.864428,0.017829,0.003991,0.013784,-0.017626,97.0,-0.0291,225.0,-0.017203,-0.028264
BND,1,-0.019608,2018-02-01,2019-01-31,12,120000.0,123435.658156,123338.928243,0.02863,0.027824,0.000784,-0.016169,60.0,-0.018367,39.0,-0.011735,-0.016126
BND,1,-0.025414,2018-03-01,2019-02-28,12,120000.0,123074.35432,123961.995972,0.02562,0.033017,-0.007161,-0.015983,60.0,-0.018367,39.0,-0.010272,-0.010265
BND,1,-0.020513,2018-04-02,2019-03-29,12,120000.0,125155.502879,125732.97113,0.042963,0.047775,-0.004593,-0.015743,60.0,-0.018367,39.0,-0.012418,-0.015217
BND,1,-0.030247,2018-05-01,2019-04-30,12,120000.0,124686.588561,126963.618856,0.039055,0.05803,-0.017935,-0.015424,59.0,-0.018367,39.0,-0.007621,-0.005333
BND,1,-0.021513,2018-06-01,2019-05-31,12,120000.0,126372.271397,128128.500203,0.053102,0.067738,-0.013707,-0.014972,59.0,-0.018367,39.0,-0.009256,-0.008545
BND,1,-0.020884,2018-07-02,2019-06-28,12,120000.0,127233.41095,129642.664068,0.060278,0.080356,-0.018584,-0.014298,59.0,-0.018367,39.0,-0.009614,-0.009182
BND,1,-0.02117,2018-08-01,2019-07-31,12,120000.0,126619.761115,129874.561488,0.055165,0.082288,-0.025061,-0.013172,57.0,-0.018367,39.0,-0.009998,-0.008893
BND,1,-0.015605,2018-09-04,2019-08-30,12,120000.0,129207.277765,132716.475879,0.076727,0.105971,-0.026441,-0.011785,56.0,-0.016239,32.0,-0.010909,-0.014496
BND,1,-0.021303,2018-10-01,2019-09-30,12,120000.0,127410.93851,132731.309086,0.061758,0.106094,-0.040084,-0.021727,,-0.021727,,-0.008039,-0.008758
BND,1,-0.026119,2018-11-01,2019-10-31,12,120000.0,126733.230165,133802.556625,0.05611,0.115021,-0.052834,-0.021727,21.0,-0.021727,,-0.003856,-0.003856
BND,1,-0.020206,2018-12-03,2019-11-29,12,120000.0,125539.767797,132939.815477,0.046165,0.107832,-0.055665,-0.021727,21.0,-0.021727,,0.0,0.0
BND,1,-0.001388,2019-01-02,2019-12-31,12,120000.0,124394.86332,130337.410542,0.036624,0.086145,-0.045594,-0.021727,21.0,-0.021727,,-0.002772,-0.002772
BND,1,-0.002778,2019-02-01,2020-01-31,12,120000.0,125965.318167,132089.495705,0.049711,0.100746,-0.046364,-0.021727,21.0,-0.021727,130.0,-0.000879,-0.001212
BND,1,-0.006201,2019-03-01,2020-02-28,12,120000.0,127050.755424,134455.112743,0.058756,0.120459,-0.055069,-0.021727,21.0,-0.021727,130.0,0.0,0.0
BND,1,-0.004687,2019-04-01,2020-03-31,12,120000.0,124054.746596,130126.050609,0.03379,0.084384,-0.046657,-0.086744,,-0.086744,,-0.027015,-0.002356
BND,1,-0.000924,2019-05-01,2020-04-30,12,120000.0,126558.119989,133213.234413,0.054651,0.11011,-0.049958,-0.086744,34.0,-0.086744,,-0.031344,-0.002228
BND,1,0.0,2019-06-03,2020-05-29,12,120000.0,126300.043016,131333.924555,0.0525,0.094449,-0.038329,-0.086744,34.0,-0.086744,70.0,-0.036154,-0.004243
BND,1,-7.2e-05,2019-07-01,2020-06-30,12,120000.0,126205.125522,130967.566513,0.051709,0.091396,-0.036364,-0.086744,34.0,-0.086744,70.0,-0.0397,-0.013641
BND,1,0.0,2019-08-01,2020-07-31,12,120000.0,127110.252172,131720.361334,0.059252,0.09767,-0.034999,-0.086744,34.0,-0.086744,70.0,-0.042957,-0.022188
BND,1,0.0,2019-09-03,2020-08-31,12,120000.0,124949.064353,127755.915828,0.041242,0.064633,-0.02197,-0.086744,34.0,-0.086744,70.0,-0.045924,-0.042601
BND,1,-0.007491,2019-10-01,2020-09-30,12,120000.0,124152.915103,128351.706464,0.034608,0.069598,-0.032713,-0.086744,28.0,-0.086744,70.0,-0.046478,-0.037188
BND,1,-0.006257,2019-11-01,2020-10-30,12,120000.0,122759.855537,127479.053996,0.022999,0.062325,-0.037019,-0.086744,28.0,-0.086744,70.0,-0.048336,-0.038384
BND,1,-0.008385,2019-12-02,2020-11-30,12,120000.0,123604.783355,129303.039101,0.03004,0.077525,-0.044069,-0.086744,28.0,-0.086744,70.0,-0.050824,-0.036319
BND,1,-0.005224,2020-01-02,2020-12-31,12,120000.0,123047.293726,129088.72537,0.025394,0.075739,-0.046801,-0.086744,28.0,-0.086744,70.0,-0.055659,-0.039382
BND,1,-0.000902,2020-02-03,2021-01-29,12,120000.0,121249.545752,125770.214542,0.010413,0.048085,-0.035944,-0.086744,28.0,-0.086744,70.0,-0.063797,-0.055941
BND,1,-0.000658,2020-03-02,2021-02-26,12,120000.0,118896.273999,121763.019979,-0.009198,0.014692,-0.023544,-0.086744,28.0,-0.086744,70.0,-0.071652,-0.071652
BND,1,-0.024659,2020-04-01,2021-03-31,12,120000.0,117252.389746,121250.553478,-0.022897,0.010421,-0.032974,-0.03765,,-0.044719,,-0.027049,0.0
BND,1,-0.003307,2020-05-01,2021-04-30,12,120000.0,118130.244468,119680.509194,-0.015581,-0.002662,-0.012953,-0.037384,,-0.044719,,-0.030065,-0.015426
BND,1,-0.000809,2020-06-01,2021-05-28,12,120000.0,118336.249111,119115.773281,-0.013865,-0.007369,-0.006544,-0.037069,,-0.044719,,-0.031529,-0.021578
BND,1,0.0,2020-07-01,2021-06-30,12,120000.0,119473.38915,119257.141834,-0.004388,-0.00619,0.001813,-0.036686,,-0.044719,,-0.032634,-0.02913
BND,1,-0.000347,2020-08-03,2021-07-30,12,120000.0,120932.896994,118992.606238,0.007774,-0.008395,0.016306,-0.03621,111.0,-0.044719,,-0.033072,-0.042472
BND,1,-0.008679,2020-09-01,2021-08-31,12,120000.0,120764.044108,119525.900881,0.006367,-0.003951,0.010359,-0.035606,110.0,-0.040465,,-0.03173,-0.036356
BND,1,-0.011364,2020-10-01,2021-09-30,12,120000.0,119577.318578,118635.745828,-0.003522,-0.011369,0.007937,-0.034795,110.0,-0.040465,,-0.030959,-0.033738
BND,1,-0.016509,2020-11-02,2021-10-29,12,120000.0,119741.296345,119340.160158,-0.002156,-0.005499,0.003361,-0.033657,110.0,-0.040465,,-0.030403,-0.028684
BND,1,-0.008953,2020-12-01,2021-11-30,12,120000.0,120048.574014,118672.119533,0.000405,-0.011066,0.011599,-0.031936,92.0,-0.040465,,-0.030832,-0.036089
BND,1,-0.005788,2021-01-04,2021-12-31,12,120000.0,119779.936155,117927.161784,-0.001834,-0.017274,0.015711,-0.02908,83.0,-0.039158,,-0.02908,-0.039158
BND,1,-0.012685,2021-02-01,2022-01-31,12,120000.0,117542.051976,116298.856384,-0.020483,-0.030843,0.01069,-0.033812,,-0.038885,,-0.024278,-0.034462
BND,1,-0.029545,2021-03-01,2022-02-28,12,120000.0,116513.290878,116972.910659,-0.029056,-0.025226,-0.003929,-0.048292,,-0.056157,,-0.039131,-0.03534
BND,1,-0.037555,2021-04-01,2022-03-31,12,120000.0,113501.247785,114700.404678,-0.054156,-0.044163,-0.010455,-0.071142,,-0.082071,,-0.063907,-0.054017
BND,1,-0.032096,2021-05-03,2022-04-29,12,120000.0,109437.114353,109522.468083,-0.088024,-0.087313,-0.000779,-0.092779,,-0.109356,,-0.088024,-0.087313
BND,1,-0.030914,2021-06-01,2022-05-31,12,120000.0,111277.376548,110296.466284,-0.072689,-0.080863,0.008893,-0.092865,,-0.118713,,-0.089982,-0.098004
BND,1,-0.022238,2021-07-01,2022-06-30,12,120000.0,110267.2638,107500.970877,-0.081106,-0.104159,0.025733,-0.106181,,-0.13989,,-0.105037,-0.127489
BND,1,-0.00837,2021-08-02,2022-07-29,12,120000.0,113878.98949,108522.120704,-0.051008,-0.095649,0.049362,-0.103433,,-0.13989,,-0.102996,-0.139692
BND,1,-0.012424,2021-09-01,2022-08-31,12,120000.0,111580.99704,105919.285009,-0.070158,-0.117339,0.053453,-0.100445,,-0.138854,,-0.099327,-0.13616
BND,1,-0.019281,2021-10-01,2022-09-30,12,120000.0,108090.115857,102198.270864,-0.099249,-0.148348,0.057651,-0.107468,,-0.15911,,-0.106321,-0.155034
BND,1,-0.022674,2021-11-01,2022-10-31,12,120000.0,108222.961837,101365.76301,-0.098142,-0.155285,0.067648,-0.111425,,-0.173819,,-0.110577,-0.166933
BND,1,-0.019288,2021-12-01,2022-11-30,12,120000.0,113789.316248,104718.93936,-0.051756,-0.127342,0.086616,-0.105778,,-0.173103,,-0.105454,-0.169809
BND,1,-0.029533,2022-01-03,2022-12-30,12,120000.0,114053.30594,104971.403144,-0.049556,-0.125238,0.086518,-0.099018,,-0.161045,,-0.099018,-0.161045
BND,1,-0.043517,2022-02-01,2023-01-31,12,120000.0,119071.288506,110034.654265,-0.007739,-0.083045,0.082125,-0.092273,,-0.15001,,-0.092127,-0.148778
BND,1,-0.049064,2022-03-01,2023-02-28,12,120000.0,116642.992498,107725.839959,-0.027975,-0.102285,0.082776,-0.085045,90.0,-0.143813,,-0.085045,-0.143813
BND,1,-0.082055,2022-04-01,2023-03-31,12,120000.0,120875.474465,114583.511255,0.007296,-0.045137,0.054912,-0.082133,84.0,-0.113715,,-0.07665,-0.113042
BND,1,-0.121125,2022-05-02,2023-04-28,12,120000.0,121997.552343,120380.894288,0.016646,0.003174,0.01343,-0.079883,84.0,-0.096033,,-0.070584,-0.073613
BND,1,-0.113257,2022-06-01,2023-05-31,12,120000.0,120649.214646,117924.352311,0.00541,-0.017297,0.023107,-0.076596,56.0,-0.096033,,-0.069978,-0.081832
BND,1,-0.117095,2022-07-01,2023-06-30,12,120000.0,120524.926817,118171.987131,0.004374,-0.015233,0.019911,-0.071686,43.0,-0.096033,,-0.067015,-0.077841
BND,1,-0.099327,2022-08-01,2023-07-31,12,120000.0,120562.624579,115703.354645,0.004689,-0.035805,0.041998,-0.063406,42.0,-0.096033,,-0.063406,-0.096033
BND,1,-0.133036,2022-09-01,2023-08-31,12,120000.0,120183.96205,119408.310938,0.001533,-0.004931,0.006496,-0.048314,27.0,-0.063289,48.0,-0.047093,-0.060885
BND,1,-0.157774,2022-10-03,2023-09-29,12,120000.0,117299.437536,119868.143949,-0.022505,-0.001099,-0.021429,-0.044378,,-0.052693,,-0.033301,-0.033301
BND,1,-0.173579,2022-11-01,2023-10-31,12,120000.0,115595.005702,120303.301649,-0.036708,0.002528,-0.039137,-0.059092,,-0.07177,,-0.043596,-0.008967
BND,1,-0.137041,2022-12-01,2023-11-30,12,120000.0,120717.793351,120441.802845,0.005982,0.003682,0.002291,-0.058003,,-0.07177,,-0.047137,-0.046784
BND,1,-0.146582,2023-01-03,2023-12-29,12,120000.0,124887.726243,126118.123703,0.040731,0.050984,-0.009756,-0.056744,41.0,-0.07177,55.0,-0.047173,-0.036128
BND,1,-0.11731,2023-02-01,2024-01-31,12,120000.0,124217.205075,121736.867148,0.035143,0.014474,0.020375,-0.055181,41.0,-0.07177,55.0,-0.0484,-0.068092
BND,1,-0.151388,2023-03-01,2024-02-29,12,120000.0,122322.121531,124899.498691,0.019351,0.040829,-0.020636,-0.053288,41.0,-0.07177,55.0,-0.045938,-0.030669
BND,1,-0.119763,2023-04-03,2024-03-28,12,120000.0,122907.747462,121435.455213,0.024231,0.011962,0.012124,-0.050746,40.0,-0.07177,55.0,-0.048119,-0.065495
BND,1,-0.127403,2023-05-01,2024-04-30,12,120000.0,119897.913323,119548.294434,-0.000851,-0.003764,0.002924,-0.047459,34.0,-0.070406,55.0,-0.045223,-0.057314
BND,1,-0.126239,2023-06-01,2024-05-31,12,120000.0,121914.550492,121395.43027,0.015955,0.011629,0.004276,-0.044535,32.0,-0.059149,47.0,-0.042805,-0.058569
BND,1,-0.133015,2023-07-03,2024-06-28,12,120000.0,122814.896211,123421.72209,0.023457,0.028514,-0.004917,-0.040887,26.0,-0.059149,47.0,-0.038864,-0.051211
BND,1,-0.136951,2023-08-01,2024-07-31,12,120000.0,125468.656662,126903.36787,0.045572,0.057528,-0.011306,-0.035152,20.0,-0.048078,40.0,-0.034749,-0.046885
BND,1,-0.141459,2023-09-01,2024-08-30,12,120000.0,126668.581004,129421.570187,0.055572,0.078513,-0.021271,-0.0327,50.0,-0.04188,33.0,-0.028681,-0.04188
BND,1,-0.164479,2023-10-02,2024-09-30,12,120000.0,127497.774938,134738.186925,0.062481,0.122818,-0.053737,-0.032121,50.0,-0.037018,86.0,-0.015482,-0.015482
BND,1,-0.163451,2023-11-01,2024-10-31,12,120000.0,123140.139325,131268.070421,0.026168,0.093901,-0.061919,-0.03132,49.0,-0.037018,86.0,-0.012394,0.0
BND,1,-0.1268,2023-12-01,2024-11-29,12,120000.0,123545.943489,127101.753171,0.02955,0.059181,-0.027976,-0.033769,,-0.037018,86.0,-0.022353,-0.006142
BND,1,-0.106851,2024-01-02,2024-12-31,12,120000.0,120881.566578,122174.144374,0.007346,0.018118,-0.01058,-0.034962,,-0.039681,,-0.026406,-0.02834
BND,1,-0.099129,2024-02-01,2025-01-31,12,120000.0,121417.89779,121851.068465,0.011816,0.015426,-0.003555,-0.039751,,-0.047404,,-0.025794,-0.03667
BND,1,-0.113036,2024-03-01,2025-02-28,12,120000.0,123869.634831,126430.714529,0.032247,0.053589,-0.020257,-0.039047,,-0.047404,,-0.020307,-0.021565
BND,1,-0.115311,2024-04-01,2025-03-31,12,120000.0,123325.848758,126771.285457,0.027715,0.056427,-0.027178,-0.038185,46.0,-0.047404,,-0.019049,-0.019049
BND,1,-0.127554,2024-05-01,2025-04-30,12,120000.0,123216.425235,129059.449904,0.026804,0.075495,-0.045274,-0.037121,46.0,-0.047404,,-0.009503,0.0
BND,1,-0.111141,2024-06-03,2025-05-30,12,120000.0,121663.480149,125822.219384,0.013862,0.048518,-0.033053,-0.035759,44.0,-0.047404,,-0.014635,-0.002924
BND,1,-0.112999,2024-07-01,2025-06-30,12,120000.0,123038.544715,127998.026569,0.025321,0.06665,-0.038747,-0.034019,43.0,-0.047404,168.0,-0.018512,0.0
BND,1,-0.083889,2024-08-01,2025-07-31,12,120000.0,122054.400248,123601.608868,0.01712,0.030013,-0.012518,-0.031661,43.0,-0.047404,168.0,-0.024035,-0.017616
BND,1,-0.070105,2024-09-03,2025-08-29,12,120000.0,123072.546715,123174.785912,0.025605,0.026457,-0.00083,-0.029425,117.0,-0.047404,168.0,-0.025318,-0.032178
BND,1,-0.059093,2024-10-01,2025-09-30,12,120000.0,124186.9587,123078.651594,0.034891,0.025655,0.009005,-0.027426,34.0,-0.043505,80.0,-0.027426,-0.043505
BND,1,-0.088443,2024-11-01,2025-10-31,12,120000.0,124652.36191,127807.455895,0.03877,0.065062,-0.024686,-0.024503,23.0,-0.031324,43.0,-0.01697,-0.012709
BND,1,-0.07458,2024-12-02,2025-11-28,12,120000.0,124754.034946,126644.885568,0.039617,0.055374,-0.01493,-0.024384,74.0,-0.031324,43.0,-0.019613,-0.027498
BND,1,-0.09029,2025-01-02,2025-12-31,12,120000.0,123866.588543,128445.27044,0.032222,0.070377,-0.035647,-0.024384,74.0,-0.024384,76.0,-0.010703,-0.010703
BND,1,-0.084408,2025-02-03,2026-01-30,12,120000.0,123432.922083,127895.681411,0.028608,0.065797,-0.034894,-0.024384,73.0,-0.024384,76.0,-0.011483,-0.004157
BND,1,-0.063354,2025-03-03,2026-02-27,12,120000.0,124751.697367,127023.319405,0.039597,0.058528,-0.017884,-0.024384,73.0,-0.024384,76.0,-0.018864,-0.018393
BND,1,-0.062454,2025-04-01,2026-03-31,12,120000.0,122048.977844,124696.592401,0.017075,0.039138,-0.021232,-0.024384,62.0,-0.024446,,-0.019336,-0.019336
BND,1,-0.0643,2025-05-01,2026-04-30,12,120000.0,121835.863428,125129.998933,0.015299,0.04275,-0.026326,-0.024098,,-0.024446,,-0.016151,-0.016151
BND,1,-0.07007,2025-06-02,2026-05-29,12,120000.0,121729.187885,126253.554435,0.01441,0.052113,-0.035836,-0.024062,,-0.026755,,-0.002262,-0.002211
BND,1,-0.054589,2025-07-01,2026-06-30,12,120000.0,121538.727168,124520.267536,0.012823,0.037669,-0.023944,-0.024018,,-0.026755,,-0.010499,-0.010499
BND,1,-0.04822,2025-08-01,2026-07-31,12,120000.0,119626.347651,122104.67254,-0.003114,0.017539,-0.020297,-0.023963,,-0.026755,,-0.005275,-0.003125
BND,1,-0.047541,2025-09-02,2026-08-31,12,120000.0,119861.826769,122461.791583,-0.001151,0.020515,-0.021231,-0.023893,,-0.026755,,-0.007397,0.0
BND,3,0.0,2010-09-09,2013-08-30,36,360000.0,363074.028369,385733.210168,0.008539,0.071481,-0.058743,-0.046554,,-0.047644,,-0.022983,-0.018035
BND,3,-0.002381,2010-10-01,2013-09-30,36,360000.0,366418.204817,386757.932684,0.017828,0.074328,-0.05259,-0.048177,,-0.051837,,-0.024633,-0.026273
BND,3,-0.002798,2010-11-01,2013-10-31,36,360000.0,368822.576589,388526.957784,0.024507,0.079242,-0.050716,-0.048066,,-0.051837,,-0.023813,-0.030135
BND,3,-0.018699,2010-12-01,2013-11-29,36,360000.0,366973.965094,392433.749713,0.019372,0.090094,-0.064877,-0.047949,,-0.051837,,-0.017491,-0.017491
BND,3,-0.02395,2011-01-03,2013-12-31,36,360000.0,363779.628693,392032.584295,0.010499,0.088979,-0.072068,-0.047822,,-0.051837,,-0.011541,-0.011451
BND,3,-0.023773,2011-02-01,2014-01-31,36,360000.0,368502.18544,398032.998582,0.023617,0.105647,-0.074192,-0.047686,,-0.051837,,-0.011631,-0.011631
BND,3,-0.019477,2011-03-01,2014-02-28,36,360000.0,369139.427938,398150.449705,0.025387,0.105973,-0.072864,-0.047541,,-0.051837,,-0.013881,-0.005992
BND,3,-0.019253,2011-04-01,2014-03-31,36,360000.0,367433.986398,397384.088459,0.02065,0.103845,-0.075368,-0.047385,,-0.051837,,-0.016404,-0.003379
BND,3,-0.005834,2011-05-02,2014-04-30,36,360000.0,369347.130538,395166.292891,0.025964,0.097684,-0.065337,-0.047219,217.0,-0.051837,,-0.019092,0.0
BND,3,0.0,2011-06-01,2014-05-30,36,360000.0,372224.890385,392881.271626,0.033958,0.091337,-0.052577,-0.047041,217.0,-0.051837,251.0,-0.021461,-0.008552
BND,3,-0.010396,2011-07-01,2014-06-30,36,360000.0,371648.17691,396422.157621,0.032356,0.101173,-0.062494,-0.046853,217.0,-0.051837,251.0,-0.023379,0.0
BND,3,0.0,2011-08-01,2014-07-31,36,360000.0,369625.764818,387934.696312,0.026738,0.077596,-0.047196,-0.046647,217.0,-0.051837,251.0,-0.025769,0.0
BND,3,-0.003049,2011-09-01,2014-08-29,36,360000.0,373026.579137,385552.124557,0.036185,0.070978,-0.032487,-0.046428,217.0,-0.051837,251.0,-0.027573,-0.005718
BND,3,-0.001362,2011-10-03,2014-09-30,36,360000.0,370222.815733,380274.821622,0.028397,0.056319,-0.026434,-0.046195,217.0,-0.051837,251.0,-0.02879,-0.01369
BND,3,0.0,2011-11-01,2014-10-31,36,360000.0,372288.235511,381924.622282,0.034134,0.060902,-0.025231,-0.046101,290.0,-0.051837,251.0,-0.029764,-0.00924
BND,3,-0.008296,2011-12-01,2014-11-28,36,360000.0,374772.526066,388319.968599,0.041035,0.078667,-0.034887,-0.046044,290.0,-0.051837,251.0,-0.030697,-0.000952
BND,3,-0.003113,2012-01-03,2014-12-31,36,360000.0,374213.449153,385081.877514,0.039482,0.069672,-0.028224,-0.04598,252.0,-0.051837,251.0,-0.032113,-0.009846
BND,3,-0.001025,2012-02-01,2015-01-30,36,360000.0,382460.517073,391033.796094,0.06239,0.086205,-0.021925,-0.045909,252.0,-0.051837,251.0,-0.033227,-0.018143
BND,3,-0.002682,2012-03-01,2015-02-27,36,360000.0,376623.689274,385994.518633,0.046177,0.072207,-0.024277,-0.045829,252.0,-0.051837,251.0,-0.034021,-0.017964
BND,3,-0.006191,2012-04-02,2015-03-31,36,360000.0,377983.50471,389468.893117,0.049954,0.081858,-0.02949,-0.045739,248.0,-0.051837,251.0,-0.034913,-0.014497
BND,3,-0.001433,2012-05-01,2015-04-30,36,360000.0,375905.491422,384504.424175,0.044182,0.068068,-0.022364,-0.045635,248.0,-0.051837,251.0,-0.036331,-0.023902
BND,3,0.0,2012-06-01,2015-05-29,36,360000.0,373391.319371,377195.747543,0.037198,0.047766,-0.010086,-0.045516,247.0,-0.051837,251.0,-0.037658,-0.037676
BND,3,-0.00074,2012-07-02,2015-06-30,36,360000.0,368798.91203,373276.561019,0.024441,0.036879,-0.011996,-0.045378,247.0,-0.051837,251.0,-0.038052,-0.036963
BND,3,-0.002732,2012-08-01,2015-07-31,36,360000.0,371694.173231,373211.347738,0.032484,0.036698,-0.004065,-0.045215,224.0,-0.051837,251.0,-0.038584,-0.045524
BND,3,-0.000659,2012-09-04,2015-08-31,36,360000.0,370389.808942,371487.848868,0.028861,0.031911,-0.002956,-0.045021,224.0,-0.051837,251.0,-0.038361,-0.047586
BND,3,0.0,2012-10-01,2015-09-30,36,360000.0,373042.451336,373291.039845,0.036229,0.03692,-0.000666,-0.044785,224.0,-0.051837,251.0,-0.037859,-0.050649
BND,3,-0.003293,2012-11-01,2015-10-30,36,360000.0,372777.353857,374634.244378,0.035493,0.040651,-0.004957,-0.044491,221.0,-0.051837,251.0,-0.036846,-0.047513
BND,3,-0.000386,2012-12-03,2015-11-30,36,360000.0,370925.771323,372075.386551,0.030349,0.033543,-0.00309,-0.044112,219.0,-0.051837,251.0,-0.035994,-0.050283
BND,3,-0.012593,2013-01-02,2015-12-31,36,360000.0,369900.196128,375581.856806,0.027501,0.043283,-0.015128,-0.043609,214.0,-0.051837,251.0,-0.034394,-0.039642
BND,3,-0.020648,2013-02-01,2016-01-29,36,360000.0,373909.819216,383219.058174,0.038638,0.064497,-0.024292,-0.042898,214.0,-0.051837,251.0,-0.034293,-0.031743
BND,3,-0.012086,2013-03-01,2016-02-29,36,360000.0,376461.608985,383130.474749,0.045727,0.064251,-0.017406,-0.041818,123.0,-0.051837,251.0,-0.036127,-0.040134
BND,3,-0.010948,2013-04-01,2016-03-31,36,360000.0,379172.354122,386069.573332,0.053257,0.072415,-0.017865,-0.040024,120.0,-0.051837,251.0,-0.036371,-0.041239
BND,3,-0.000131,2013-05-01,2016-04-29,36,360000.0,379962.123274,383432.04971,0.05545,0.065089,-0.00905,-0.036419,115.0,-0.051837,251.0,-0.036305,-0.051611
BND,3,-0.022038,2013-06-03,2016-05-31,36,360000.0,379301.596505,391950.967575,0.053616,0.088753,-0.032273,-0.029273,237.0,-0.031307,245.0,-0.025682,-0.030471
BND,3,-0.03564,2013-07-01,2016-06-30,36,360000.0,386053.591057,405507.823183,0.072371,0.126411,-0.047975,-0.029186,237.0,-0.031307,245.0,-0.012998,-0.016795
BND,3,-0.038322,2013-08-01,2016-07-29,36,360000.0,387066.647118,409074.352236,0.075185,0.136318,-0.053799,-0.029091,237.0,-0.031307,245.0,-0.011099,-0.014054
BND,3,-0.044052,2013-09-03,2016-08-31,36,360000.0,384524.877863,410235.351017,0.068125,0.139543,-0.062672,-0.028985,237.0,-0.031307,245.0,-0.008144,-0.008144
BND,3,-0.032411,2013-10-01,2016-09-30,36,360000.0,383552.750176,405762.509587,0.065424,0.127118,-0.054736,-0.028869,237.0,-0.031307,245.0,-0.004179,-0.001364
BND,3,-0.025563,2013-11-01,2016-10-31,36,360000.0,378700.824043,399125.756927,0.051947,0.108683,-0.051174,-0.028741,233.0,-0.031307,245.0,-0.006544,-0.007855
BND,3,-0.029481,2013-12-02,2016-11-30,36,360000.0,367898.01495,390422.737285,0.021939,0.084508,-0.057693,-0.038862,,-0.039657,,-0.00385,-0.00385
BND,3,-0.031161,2014-01-02,2016-12-30,36,360000.0,368301.25707,392390.067853,0.023059,0.089972,-0.06139,-0.045589,,-0.047508,,-0.000998,-0.000998
BND,3,-0.01385,2014-02-03,2017-01-31,36,360000.0,368082.373663,386217.576826,0.022451,0.072827,-0.046956,-0.04553,,-0.047508,,-0.006563,-0.006021
BND,3,-0.010307,2014-03-03,2017-02-28,36,360000.0,369636.671599,387207.774671,0.026769,0.075577,-0.045379,-0.045469,,-0.047508,,-0.008344,-0.008344
BND,3,-0.015167,2014-04-01,2017-03-31,36,360000.0,368776.346388,388964.658718,0.024379,0.080457,-0.051903,-0.045404,,-0.047508,,-0.001979,-0.001979
BND,3,-0.003745,2014-05-01,2017-04-28,36,360000.0,370864.310997,387565.928493,0.030179,0.076572,-0.043094,-0.045335,,-0.047508,,-0.00376,-0.000245
BND,3,-0.00426,2014-06-02,2017-05-31,36,360000.0,372746.109539,388139.213859,0.035406,0.078164,-0.039659,-0.045261,,-0.047508,,-0.005581,-0.004149
BND,3,-0.002903,2014-07-01,2017-06-30,36,360000.0,372152.700267,387810.231671,0.033758,0.077251,-0.040374,-0.045183,,-0.047508,,-0.00723,-0.003907
BND,3,-0.00155,2014-08-01,2017-07-31,36,360000.0,373653.32844,389222.178878,0.037926,0.081173,-0.04,-0.0451,218.0,-0.047508,,-0.009055,-0.003455
BND,3,-0.003411,2014-09-02,2017-08-31,36,360000.0,376782.472832,391570.3052,0.046618,0.087695,-0.037765,-0.04501,218.0,-0.047508,251.0,-0.010994,-0.008037
BND,3,-0.001448,2014-10-01,2017-09-29,36,360000.0,374159.912634,388968.909576,0.039333,0.080469,-0.038072,-0.044914,218.0,-0.047508,251.0,-0.012848,-0.00134
BND,3,-0.009471,2014-11-03,2017-10-31,36,360000.0,373258.905424,387906.141063,0.03683,0.077517,-0.03776,-0.044811,217.0,-0.047508,251.0,-0.014918,-0.001339
BND,3,-0.002288,2014-12-01,2017-11-30,36,360000.0,372079.908073,384702.385208,0.033555,0.068618,-0.032811,-0.044699,217.0,-0.047508,251.0,-0.017227,-0.005967
BND,3,0.0,2015-01-02,2017-12-29,36,360000.0,373375.948934,384676.482292,0.037155,0.068546,-0.029377,-0.044578,193.0,-0.047508,251.0,-0.019103,-0.011382
BND,3,-0.001188,2015-02-02,2018-01-31,36,360000.0,368104.0136,372699.409348,0.022511,0.035276,-0.01233,-0.044448,193.0,-0.047508,251.0,-0.020647,-0.030155
BND,3,-0.016257,2015-03-02,2018-02-28,36,360000.0,363967.806287,374487.255863,0.011022,0.040242,-0.02809,-0.044308,193.0,-0.047508,251.0,-0.01827,-0.015299
BND,3,-0.003738,2015-04-01,2018-03-29,36,360000.0,366044.423525,372320.190812,0.01679,0.034223,-0.016856,-0.044152,190.0,-0.047508,251.0,-0.019261,-0.027673
BND,3,-0.013896,2015-05-01,2018-04-30,36,360000.0,362584.464246,372947.492106,0.007179,0.035965,-0.027787,-0.043983,189.0,-0.047508,251.0,-0.015055,-0.017656
BND,3,-0.019091,2015-06-01,2018-05-31,36,360000.0,364711.23246,377479.859447,0.013087,0.048555,-0.033826,-0.043793,188.0,-0.047508,251.0,-0.012454,-0.012454
BND,3,-0.02912,2015-07-01,2018-06-29,36,360000.0,364905.967153,382097.939923,0.013628,0.061383,-0.044994,-0.043581,181.0,-0.047508,251.0,-0.009527,-0.000619
BND,3,-0.015926,2015-08-03,2018-07-31,36,360000.0,364164.572422,376836.783959,0.011568,0.046769,-0.033628,-0.04334,181.0,-0.047508,251.0,-0.011563,-0.007118
BND,3,-0.01823,2015-09-01,2018-08-31,36,360000.0,366135.089598,380247.707069,0.017042,0.056244,-0.037114,-0.043072,169.0,-0.047508,251.0,-0.012994,-0.004788
BND,3,-0.012156,2015-10-01,2018-09-28,36,360000.0,363592.269034,375846.309238,0.009979,0.044018,-0.032604,-0.042766,169.0,-0.047508,251.0,-0.014775,-0.009933
BND,3,-0.014345,2015-11-02,2018-10-31,36,360000.0,360039.41168,373433.050352,0.000109,0.037314,-0.035866,-0.042417,169.0,-0.047508,251.0,-0.016365,-0.007734
BND,3,-0.012559,2015-12-01,2018-11-30,36,360000.0,361935.831389,375129.286467,0.005377,0.042026,-0.03517,-0.042012,169.0,-0.047508,251.0,-0.018371,-0.008964
BND,3,-0.018501,2016-01-04,2018-12-31,36,360000.0,368275.761316,384473.96189,0.022988,0.067983,-0.042131,-0.041538,169.0,-0.047508,251.0,-0.020559,0.0
BND,3,-0.008243,2016-02-01,2019-01-31,36,360000.0,371659.320416,384724.305397,0.032387,0.068679,-0.033959,-0.04097,168.0,-0.047508,251.0,-0.023701,0.0
BND,3,-0.003714,2016-03-01,2019-02-28,36,360000.0,370666.33254,381637.388377,0.029629,0.060104,-0.028747,-0.040291,166.0,-0.047508,251.0,-0.026421,-0.00365
BND,3,0.0,2016-04-01,2019-03-29,36,360000.0,377271.589155,383906.486709,0.047977,0.066407,-0.017283,-0.039462,153.0,-0.047508,251.0,-0.028951,-0.016788
BND,3,-0.003445,2016-05-02,2019-04-30,36,360000.0,376554.063507,383377.102071,0.045984,0.064936,-0.017797,-0.038432,124.0,-0.047508,251.0,-0.030472,-0.017901
BND,3,-0.004578,2016-06-01,2019-05-31,36,360000.0,382769.404819,389582.073347,0.063248,0.082172,-0.017487,-0.037102,124.0,-0.047508,251.0,-0.032267,-0.019906
BND,3,0.0,2016-07-01,2019-06-28,36,360000.0,386681.192718,385693.513399,0.074114,0.071371,0.002561,-0.035583,119.0,-0.047508,251.0,-0.034328,-0.041637
BND,3,-0.006073,2016-08-01,2019-07-31,36,360000.0,386545.746128,386249.927686,0.073738,0.072916,0.000766,-0.033776,118.0,-0.044598,231.0,-0.032866,-0.041689
BND,3,-0.004701,2016-09-01,2019-08-30,36,360000.0,396427.236478,396398.633814,0.101187,0.101107,7.2e-05,-0.032007,139.0,-0.044598,231.0,-0.03147,-0.043009
BND,3,-0.005992,2016-10-03,2019-09-30,36,360000.0,393162.20951,394660.14905,0.092117,0.096278,-0.003796,-0.029645,93.0,-0.041766,229.0,-0.029645,-0.041766
BND,3,-0.014607,2016-11-01,2019-10-31,36,360000.0,393409.54435,399348.810431,0.092804,0.109302,-0.014872,-0.028916,214.0,-0.035481,169.0,-0.025421,-0.033389
BND,3,-0.043226,2016-12-01,2019-11-29,36,360000.0,392162.510858,411123.358946,0.08934,0.142009,-0.04612,-0.028553,214.0,-0.035418,231.0,-0.01216,-0.004475
BND,3,-0.03637,2017-01-03,2019-12-31,36,360000.0,390477.308743,407893.903859,0.084659,0.133039,-0.042699,-0.028134,214.0,-0.035418,231.0,-0.013748,-0.005412
BND,3,-0.036397,2017-02-01,2020-01-31,36,360000.0,396836.466336,415979.678638,0.102324,0.155499,-0.04602,-0.027665,214.0,-0.035418,231.0,-0.015084,-0.005384
BND,3,-0.032724,2017-03-01,2020-02-28,36,360000.0,401882.114848,421310.3257,0.116339,0.170306,-0.046114,-0.02713,211.0,-0.035418,231.0,-0.0166,-0.009161
BND,3,-0.025604,2017-04-03,2020-03-31,36,360000.0,394468.36118,412256.644277,0.095745,0.145157,-0.043149,-0.086744,,-0.086744,,-0.018059,-0.003508
BND,3,-0.023231,2017-05-01,2020-04-30,36,360000.0,403809.350153,422603.819557,0.121693,0.173899,-0.044473,-0.086744,,-0.086744,,-0.019178,-0.005928
BND,3,-0.014189,2017-06-01,2020-05-29,36,360000.0,404762.965038,421527.173667,0.124342,0.170909,-0.03977,-0.086744,69.0,-0.086744,70.0,-0.020283,-0.015047
BND,3,-0.013839,2017-07-03,2020-06-30,36,360000.0,405767.456679,424206.02729,0.127132,0.17835,-0.043466,-0.086744,69.0,-0.086744,70.0,-0.020759,-0.015396
BND,3,-0.003876,2017-08-01,2020-07-31,36,360000.0,409855.002856,426069.260568,0.138486,0.183526,-0.038055,-0.086744,69.0,-0.086744,70.0,-0.021295,-0.025244
BND,3,-0.001651,2017-09-01,2020-08-31,36,360000.0,404180.434546,419987.953941,0.122723,0.166633,-0.037638,-0.086744,69.0,-0.086744,70.0,-0.021177,-0.030021
BND,3,-0.008976,2017-10-02,2020-09-30,36,360000.0,402090.319335,421019.071203,0.116918,0.169497,-0.044959,-0.086744,69.0,-0.086744,70.0,-0.020398,-0.026681
BND,3,-0.008211,2017-11-01,2020-10-30,36,360000.0,398157.321501,418353.628959,0.105993,0.162093,-0.048276,-0.086744,69.0,-0.086744,70.0,-0.020069,-0.027432
BND,3,-0.007258,2017-12-01,2020-11-30,36,360000.0,401334.520546,423023.865818,0.114818,0.175066,-0.051272,-0.086744,69.0,-0.086744,70.0,-0.01927,-0.028366
BND,3,-0.007362,2018-01-02,2020-12-31,36,360000.0,400223.885255,423713.755018,0.111733,0.176983,-0.055438,-0.086744,69.0,-0.086744,70.0,-0.017203,-0.028264
BND,3,-0.019608,2018-02-01,2021-01-29,36,360000.0,395033.796887,425309.281961,0.097316,0.181415,-0.071185,-0.086744,69.0,-0.086744,70.0,-0.011735,-0.016126
BND,3,-0.025414,2018-03-01,2021-02-26,36,360000.0,387130.472841,421221.270958,0.075362,0.170059,-0.080933,-0.086744,69.0,-0.086744,70.0,-0.010272,-0.010265
BND,3,-0.020513,2018-04-02,2021-03-31,36,360000.0,380542.404068,413784.882508,0.057062,0.149402,-0.080338,-0.086744,69.0,-0.086744,70.0,-0.012418,-0.015217
BND,3,-0.030247,2018-05-01,2021-04-30,36,360000.0,382298.317785,421557.30703,0.06194,0.170993,-0.093128,-0.086744,69.0,-0.086744,70.0,-0.007621,-0.005333
BND,3,-0.021513,2018-06-01,2021-05-28,36,360000.0,381171.670215,418437.678798,0.05881,0.162327,-0.08906,-0.086744,35.0,-0.086744,70.0,-0.009256,-0.008545
BND,3,-0.020884,2018-07-02,2021-06-30,36,360000.0,382955.612012,421921.919567,0.063766,0.172005,-0.092354,-0.086744,35.0,-0.086744,70.0,-0.009614,-0.009182
BND,3,-0.02117,2018-08-01,2021-07-30,36,360000.0,385690.892625,426976.321799,0.071364,0.186045,-0.096693,-0.086744,35.0,-0.086744,70.0,-0.009998,-0.008893
BND,3,-0.015605,2018-09-04,2021-08-31,36,360000.0,383080.04547,423758.926604,0.064111,0.177108,-0.095995,-0.086744,35.0,-0.086744,70.0,-0.010909,-0.014496
BND,3,-0.021303,2018-10-01,2021-09-30,36,360000.0,377442.135675,421905.622735,0.04845,0.17196,-0.105387,-0.086744,35.0,-0.086744,70.0,-0.008039,-0.008758
BND,3,-0.026119,2018-11-01,2021-10-29,36,360000.0,375952.923731,424290.223761,0.044314,0.178584,-0.113925,-0.086744,35.0,-0.086744,70.0,-0.003861,-0.003856
BND,3,-0.020206,2018-12-03,2021-11-30,36,360000.0,374938.589607,422590.403129,0.041496,0.173862,-0.112761,-0.086744,35.0,-0.086744,70.0,-0.008557,0.0
BND,3,-0.001388,2019-01-02,2021-12-31,36,360000.0,372035.453246,413340.328899,0.033432,0.148168,-0.099929,-0.086744,35.0,-0.086744,70.0,-0.013448,-0.002772
BND,3,-0.002778,2019-02-01,2022-01-31,36,360000.0,362968.427919,402283.889095,0.008246,0.117455,-0.097731,-0.086744,34.0,-0.086744,70.0,-0.017604,-0.001212
BND,3,-0.006201,2019-03-01,2022-02-28,36,360000.0,357680.630925,398188.588594,-0.006443,0.106079,-0.101731,-0.086744,34.0,-0.086744,70.0,-0.021899,0.0
BND,3,-0.004687,2019-04-01,2022-03-31,36,360000.0,346754.385712,380193.831224,-0.036793,0.056094,-0.087954,-0.086744,34.0,-0.089544,,-0.046724,-0.002356
BND,3,-0.000924,2019-05-01,2022-04-29,36,360000.0,332461.016501,363714.61045,-0.076497,0.010318,-0.085929,-0.10417,,-0.116607,,-0.076497,-0.002228
BND,3,0.0,2019-06-03,2022-05-31,36,360000.0,335167.405798,359157.32239,-0.068979,-0.002341,-0.066795,-0.110296,,-0.125888,,-0.086342,-0.020946
BND,3,-7.2e-05,2019-07-01,2022-06-30,36,360000.0,329664.047267,349854.525742,-0.084267,-0.028182,-0.057711,-0.128885,,-0.146893,,-0.108115,-0.053491
BND,3,0.0,2019-08-01,2022-07-29,36,360000.0,337723.479119,355083.552755,-0.061879,-0.013657,-0.04889,-0.128546,,-0.146893,,-0.109676,-0.061693
BND,3,0.0,2019-09-03,2022-08-31,36,360000.0,328366.517776,337944.841147,-0.087871,-0.061264,-0.028343,-0.128189,,-0.146893,,-0.111087,-0.081281
BND,3,-0.007491,2019-10-01,2022-09-30,36,360000.0,315270.1167,325639.217253,-0.12425,-0.095447,-0.031842,-0.145341,,-0.171326,,-0.131125,-0.102548
BND,3,-0.006257,2019-11-01,2022-10-31,36,360000.0,312481.526077,321469.60768,-0.131996,-0.107029,-0.027959,-0.15626,,-0.185821,,-0.143964,-0.119341
BND,3,-0.008385,2019-12-02,2022-11-30,36,360000.0,325035.547166,333969.758623,-0.097123,-0.072306,-0.026752,-0.155568,,-0.185821,,-0.144668,-0.117451
BND,3,-0.005224,2020-01-02,2022-12-30,36,360000.0,323050.893236,330224.917335,-0.102636,-0.082709,-0.021725,-0.154831,,-0.185821,,-0.145468,-0.120256
BND,3,-0.000902,2020-02-03,2023-01-31,36,360000.0,334553.363058,335283.915596,-0.070685,-0.068656,-0.002179,-0.154048,,-0.185821,,-0.146232,-0.135421
BND,3,-0.000658,2020-03-02,2023-02-28,36,360000.0,326240.275751,320914.332296,-0.093777,-0.108571,0.016596,-0.153229,,-0.185821,,-0.14657,-0.149809
BND,3,-0.024659,2020-04-01,2023-03-31,36,360000.0,336145.599588,332339.697022,-0.066262,-0.076834,0.011452,-0.152369,,-0.185821,,-0.146465,-0.142485
BND,3,-0.003307,2020-05-01,2023-04-28,36,360000.0,338852.060787,327132.071213,-0.058744,-0.0913,0.035826,-0.151443,,-0.185821,,-0.146598,-0.160855
BND,3,-0.000809,2020-06-01,2023-05-31,36,360000.0,335913.963176,321305.10076,-0.066906,-0.107486,0.045467,-0.150471,,-0.185821,,-0.146107,-0.166098
BND,3,0.0,2020-07-01,2023-06-30,36,360000.0,336207.864135,318111.521067,-0.066089,-0.116357,0.056887,-0.149436,,-0.185821,,-0.145393,-0.172535
BND,3,-0.000347,2020-08-03,2023-07-31,36,360000.0,336999.84607,313368.093291,-0.063889,-0.129533,0.075412,-0.148332,,-0.185821,,-0.144387,-0.183906
BND,3,-0.008679,2020-09-01,2023-08-31,36,360000.0,336122.881931,313286.871284,-0.066325,-0.129759,0.072892,-0.14716,,-0.182196,,-0.142867,-0.178694
BND,3,-0.011364,2020-10-01,2023-09-29,36,360000.0,329101.912506,306349.516202,-0.085828,-0.149029,0.074269,-0.145887,,-0.182196,,-0.141434,-0.176462
BND,3,-0.016509,2020-11-02,2023-10-31,36,360000.0,325634.146306,303269.925225,-0.095461,-0.157584,0.073744,-0.144504,,-0.182196,,-0.139975,-0.172155
BND,3,-0.008953,2020-12-01,2023-11-30,36,360000.0,341969.552603,314625.794563,-0.050085,-0.126039,0.086909,-0.142993,,-0.182196,,-0.138576,-0.178466
BND,3,-0.005788,2021-01-04,2023-12-29,36,360000.0,355348.906614,324774.134388,-0.01292,-0.09785,0.094142,-0.141358,,-0.181082,,-0.136762,-0.181082
BND,3,-0.012685,2021-02-01,2024-01-31,36,360000.0,355788.275045,326509.33488,-0.011699,-0.09303,0.089673,-0.139573,,-0.179138,,-0.134652,-0.175361
BND,3,-0.029545,2021-03-01,2024-02-29,36,360000.0,351797.165797,327654.171039,-0.022786,-0.08985,0.073684,-0.137597,,-0.179138,,-0.132616,-0.161034
BND,3,-0.037555,2021-04-01,2024-03-28,36,360000.0,355650.777881,333188.817494,-0.012081,-0.074476,0.067415,-0.135374,,-0.179138,,-0.131121,-0.154052
BND,3,-0.032096,2021-05-03,2024-04-30,36,360000.0,347879.083801,323330.317778,-0.033669,-0.10186,0.075925,-0.132877,,-0.179138,,-0.129847,-0.158823
BND,3,-0.030914,2021-06-01,2024-05-31,36,360000.0,354724.390625,328362.681042,-0.014654,-0.087881,0.080282,-0.130094,433.0,-0.179138,,-0.128142,-0.159849
BND,3,-0.022238,2021-07-01,2024-06-28,36,360000.0,358678.946736,328315.45368,-0.00367,-0.088013,0.092483,-0.126998,433.0,-0.179138,,-0.126161,-0.167304
BND,3,-0.00837,2021-08-02,2024-07-31,36,360000.0,368078.151528,331344.844459,0.022439,-0.079598,0.110861,-0.123731,426.0,-0.179138,,-0.123418,-0.178949
BND,3,-0.012424,2021-09-01,2024-08-30,36,360000.0,374191.028633,337534.714518,0.03942,-0.062404,0.1086,-0.120232,420.0,-0.178149,,-0.119451,-0.175579
BND,3,-0.019281,2021-10-01,2024-09-30,36,360000.0,379706.713476,344369.743768,0.054741,-0.043417,0.102613,-0.116182,420.0,-0.173819,,-0.115134,-0.169814
BND,3,-0.022674,2021-11-01,2024-10-31,36,360000.0,370777.211781,337079.244181,0.029937,-0.063669,0.09997,-0.111425,419.0,-0.173819,,-0.110577,-0.166933
BND,3,-0.019288,2021-12-01,2024-11-29,36,360000.0,375421.140175,339504.186054,0.042837,-0.056933,0.105792,-0.105778,419.0,-0.173103,,-0.105454,-0.169809
BND,3,-0.029533,2022-01-03,2024-12-31,36,360000.0,369664.480936,337320.948014,0.026846,-0.062997,0.095884,-0.099018,412.0,-0.161045,,-0.099018,-0.161045
BND,3,-0.043517,2022-02-01,2025-01-31,36,360000.0,372504.358635,344299.420777,0.034734,-0.043613,0.08192,-0.092273,166.0,-0.15001,,-0.092127,-0.148778
BND,3,-0.049064,2022-03-01,2025-02-28,36,360000.0,380974.186803,353776.196057,0.058262,-0.017288,0.076879,-0.085045,90.0,-0.143813,,-0.085045,-0.143813
BND,3,-0.082055,2022-04-01,2025-03-31,36,360000.0,381170.666818,366535.476343,0.058807,0.018154,0.039928,-0.082133,84.0,-0.113715,652.0,-0.07665,-0.113042
BND,3,-0.121125,2022-05-02,2025-04-30,36,360000.0,382466.891822,384346.318426,0.062408,0.067629,-0.00489,-0.079883,84.0,-0.096033,433.0,-0.070584,-0.073613
BND,3,-0.113257,2022-06-01,2025-05-30,36,360000.0,379244.027587,378367.539406,0.053456,0.051021,0.002316,-0.076596,56.0,-0.096033,433.0,-0.069978,-0.081832
BND,3,-0.117095,2022-07-01,2025-06-30,36,360000.0,384500.191835,385775.737526,0.068056,0.071599,-0.003306,-0.071686,43.0,-0.096033,433.0,-0.067015,-0.077841
BND,3,-0.099327,2022-08-01,2025-07-31,36,360000.0,382772.030316,377160.517437,0.063256,0.047668,0.014878,-0.063406,42.0,-0.096033,433.0,-0.063406,-0.096033
BND,3,-0.133036,2022-09-01,2025-08-29,36,360000.0,386620.505299,396347.330812,0.073946,0.100965,-0.024541,-0.060734,43.0,-0.07177,55.0,-0.047093,-0.060885
BND,3,-0.157774,2022-10-03,2025-09-30,36,360000.0,389894.496871,412498.258872,0.08304,0.145828,-0.054797,-0.059989,43.0,-0.07177,55.0,-0.042036,-0.033301
BND,3,-0.173579,2022-11-01,2025-10-31,36,360000.0,390753.083704,422921.969924,0.085425,0.174783,-0.076063,-0.059092,43.0,-0.07177,55.0,-0.043596,-0.008967
BND,3,-0.137041,2022-12-01,2025-11-28,36,360000.0,391340.372307,407434.446805,0.087057,0.131762,-0.039501,-0.058003,43.0,-0.07177,55.0,-0.047137,-0.046784
BND,3,-0.146582,2023-01-03,2025-12-31,36,360000.0,388891.191389,410752.612476,0.080253,0.140979,-0.053223,-0.056744,41.0,-0.07177,55.0,-0.047173,-0.036128
BND,3,-0.11731,2023-02-01,2026-01-30,36,360000.0,388322.459002,397989.158235,0.078673,0.105525,-0.024289,-0.055181,41.0,-0.07177,55.0,-0.0484,-0.068092
BND,3,-0.151388,2023-03-01,2026-02-27,36,360000.0,393480.222485,420601.6258,0.093001,0.168338,-0.064482,-0.053288,41.0,-0.07177,55.0,-0.045938,-0.030669
BND,3,-0.119763,2023-04-03,2026-03-31,36,360000.0,385029.734551,398445.729865,0.069527,0.106794,-0.033671,-0.050746,40.0,-0.07177,55.0,-0.048119,-0.065495
BND,3,-0.127403,2023-05-01,2026-04-30,36,360000.0,384533.248723,402536.426745,0.068148,0.118157,-0.044724,-0.047459,34.0,-0.070406,55.0,-0.045223,-0.057314
BND,3,-0.126239,2023-06-01,2026-05-29,36,360000.0,384394.774843,403108.838076,0.067763,0.119747,-0.046424,-0.044535,32.0,-0.059149,47.0,-0.042805,-0.058569
BND,3,-0.133015,2023-07-03,2026-06-30,36,360000.0,384232.937736,407352.650486,0.067314,0.131535,-0.056756,-0.042673,80.0,-0.059149,47.0,-0.038864,-0.051211
BND,3,-0.136951,2023-08-01,2026-07-31,36,360000.0,378033.28082,403975.136419,0.050092,0.122153,-0.064216,-0.042403,80.0,-0.048078,40.0,-0.034749,-0.046885
BND,3,-0.141459,2023-09-01,2026-08-31,36,360000.0,378159.394977,407574.554416,0.050443,0.132152,-0.072171,-0.042097,80.0,-0.047404,168.0,-0.028681,-0.04188
BND,5,0.0,2010-09-09,2015-08-31,60,600000.0,634678.55899,689330.784304,0.057798,0.148885,-0.079283,-0.048283,237.0,-0.051837,251.0,-0.022983,-0.018035
BND,5,-0.002381,2010-10-01,2015-09-30,60,600000.0,638291.785467,689082.31121,0.06382,0.148471,-0.073707,-0.048177,237.0,-0.051837,251.0,-0.024633,-0.026273
BND,5,-0.002798,2010-11-01,2015-10-30,60,600000.0,636988.770995,686550.859464,0.061648,0.144251,-0.07219,-0.048066,237.0,-0.051837,251.0,-0.023813,-0.030135
BND,5,-0.018699,2010-12-01,2015-11-30,60,600000.0,633065.953578,692765.505212,0.05511,0.154609,-0.086176,-0.047949,222.0,-0.051837,251.0,-0.017491,-0.017491
BND,5,-0.02395,2011-01-03,2015-12-31,60,600000.0,630370.283904,695266.031408,0.050617,0.158777,-0.093339,-0.047822,218.0,-0.051837,251.0,-0.011541,-0.011451
BND,5,-0.023773,2011-02-01,2016-01-29,60,600000.0,636339.435345,703488.752631,0.060566,0.172481,-0.095452,-0.047686,218.0,-0.051837,251.0,-0.011631,-0.011631
BND,5,-0.019477,2011-03-01,2016-02-29,60,600000.0,640035.270862,706366.348268,0.066725,0.177277,-0.093905,-0.047541,218.0,-0.051837,251.0,-0.013881,-0.005992
BND,5,-0.019253,2011-04-01,2016-03-31,60,600000.0,643933.738367,712442.600002,0.073223,0.187404,-0.096161,-0.047385,217.0,-0.051837,251.0,-0.016404,-0.003379
BND,5,-0.005834,2011-05-02,2016-04-29,60,600000.0,644636.020446,705658.681065,0.074393,0.176098,-0.086476,-0.047219,217.0,-0.051837,251.0,-0.019092,0.0
BND,5,0.0,2011-06-01,2016-05-31,60,600000.0,642846.440357,694217.369111,0.071411,0.157029,-0.073998,-0.047041,217.0,-0.051837,251.0,-0.021461,-0.008552
BND,5,-0.010396,2011-07-01,2016-06-30,60,600000.0,654224.886224,714021.868721,0.090375,0.190036,-0.083747,-0.046853,217.0,-0.051837,251.0,-0.023379,0.0
BND,5,0.0,2011-08-01,2016-07-29,60,600000.0,656204.33755,704879.007368,0.093674,0.174798,-0.069054,-0.046647,217.0,-0.051837,251.0,-0.025769,0.0
BND,5,-0.003049,2011-09-01,2016-08-31,60,600000.0,652434.675614,690470.615652,0.087391,0.150784,-0.055087,-0.046428,217.0,-0.051837,251.0,-0.027573,-0.005718
BND,5,-0.001362,2011-10-03,2016-09-30,60,600000.0,651655.648732,685715.909011,0.086093,0.14286,-0.049671,-0.046195,217.0,-0.051837,251.0,-0.02879,-0.01369
BND,5,0.0,2011-11-01,2016-10-31,60,600000.0,644129.162103,677325.865152,0.073549,0.128876,-0.049011,-0.046101,290.0,-0.051837,251.0,-0.029764,-0.00924
BND,5,-0.008296,2011-12-01,2016-11-30,60,600000.0,626297.931968,665412.800478,0.04383,0.109021,-0.058783,-0.046044,290.0,-0.051837,251.0,-0.030697,-0.000952
BND,5,-0.003113,2012-01-03,2016-12-30,60,600000.0,627307.678961,661664.910679,0.045513,0.102775,-0.051925,-0.046382,,-0.051837,251.0,-0.032113,-0.009846
BND,5,-0.001025,2012-02-01,2017-01-31,60,600000.0,627441.377308,657338.24117,0.045736,0.095564,-0.045482,-0.046362,,-0.051837,251.0,-0.033227,-0.018143
BND,5,-0.002682,2012-03-01,2017-02-28,60,600000.0,630365.92545,661511.796405,0.05061,0.10252,-0.047083,-0.046341,,-0.051837,251.0,-0.034021,-0.017964
BND,5,-0.006191,2012-04-02,2017-03-31,60,600000.0,629133.345104,663584.980297,0.048556,0.105975,-0.051917,-0.04632,,-0.051837,251.0,-0.034913,-0.014497
BND,5,-0.001433,2012-05-01,2017-04-28,60,600000.0,633036.531189,662483.965466,0.055061,0.10414,-0.04445,-0.046298,,-0.051837,251.0,-0.036331,-0.023902
BND,5,0.0,2012-06-01,2017-05-31,60,600000.0,636502.811173,657774.599071,0.060838,0.096291,-0.032339,-0.046275,,-0.051837,251.0,-0.037658,-0.037676
BND,5,-0.00074,2012-07-02,2017-06-30,60,600000.0,635863.428186,658599.670585,0.059772,0.097666,-0.034522,-0.046251,,-0.051837,251.0,-0.038052,-0.036963
BND,5,-0.002732,2012-08-01,2017-07-31,60,600000.0,638773.556694,656742.474667,0.064623,0.094571,-0.027361,-0.046227,,-0.051837,251.0,-0.038584,-0.045524
BND,5,-0.000659,2012-09-04,2017-08-31,60,600000.0,644598.665549,662321.856027,0.074331,0.10387,-0.026759,-0.046201,229.0,-0.051837,251.0,-0.038361,-0.047586
BND,5,0.0,2012-10-01,2017-09-29,60,600000.0,640559.723773,657096.890245,0.0676,0.095161,-0.025167,-0.046175,229.0,-0.051837,251.0,-0.037859,-0.050649
BND,5,-0.003293,2012-11-01,2017-10-31,60,600000.0,639440.319153,659090.660918,0.065734,0.098484,-0.029814,-0.046148,229.0,-0.051837,251.0,-0.036846,-0.047513
BND,5,-0.000386,2012-12-03,2017-11-30,60,600000.0,637767.921666,656472.903324,0.062947,0.094122,-0.028493,-0.04612,229.0,-0.051837,251.0,-0.035994,-0.050283
BND,5,-0.012593,2013-01-02,2017-12-29,60,600000.0,640244.814234,667419.446068,0.067075,0.112366,-0.040716,-0.04609,229.0,-0.051837,251.0,-0.034394,-0.039642
BND,5,-0.020648,2013-02-01,2018-01-31,60,600000.0,631235.917638,664577.592602,0.05206,0.107629,-0.05017,-0.046059,229.0,-0.051837,251.0,-0.034293,-0.031743
BND,5,-0.012086,2013-03-01,2018-02-28,60,600000.0,623656.861642,651990.663054,0.039428,0.086651,-0.043457,-0.046026,229.0,-0.051837,251.0,-0.036127,-0.040134
BND,5,-0.010948,2013-04-01,2018-03-29,60,600000.0,627049.155221,655711.532441,0.045082,0.092853,-0.043712,-0.045992,229.0,-0.051837,251.0,-0.036371,-0.041239
BND,5,-0.000131,2013-05-01,2018-04-30,60,600000.0,620781.853065,643085.939285,0.034636,0.07181,-0.034683,-0.045956,229.0,-0.051837,251.0,-0.036305,-0.051611
BND,5,-0.022038,2013-06-03,2018-05-31,60,600000.0,624308.953363,661905.454845,0.040515,0.103176,-0.0568,-0.045919,229.0,-0.047508,251.0,-0.025682,-0.030471
BND,5,-0.03564,2013-07-01,2018-06-29,60,600000.0,624445.738583,672507.125925,0.040743,0.120845,-0.071466,-0.04588,229.0,-0.047508,251.0,-0.012998,-0.016795
BND,5,-0.038322,2013-08-01,2018-07-31,60,600000.0,623014.634726,674134.479943,0.038358,0.123557,-0.07583,-0.045838,229.0,-0.047508,251.0,-0.011099,-0.014054
BND,5,-0.044052,2013-09-03,2018-08-31,60,600000.0,625943.536004,682711.409806,0.043239,0.137852,-0.083151,-0.045793,229.0,-0.047508,251.0,-0.008144,-0.008144
BND,5,-0.032411,2013-10-01,2018-09-28,60,600000.0,621170.727545,670815.981306,0.035285,0.118027,-0.074007,-0.045746,229.0,-0.047508,251.0,-0.004179,-0.001364
BND,5,-0.025563,2013-11-01,2018-10-31,60,600000.0,614663.18762,660357.995041,0.024439,0.100597,-0.069197,-0.045696,229.0,-0.047508,251.0,-0.006544,-0.007855
BND,5,-0.029481,2013-12-02,2018-11-30,60,600000.0,617542.663767,667242.014076,0.029238,0.11207,-0.074485,-0.045644,229.0,-0.047508,251.0,-0.00385,-0.00385
BND,5,-0.031161,2014-01-02,2018-12-31,60,600000.0,627960.019427,680927.427665,0.0466,0.134879,-0.077787,-0.045589,229.0,-0.047508,251.0,-0.000998,-0.000998
BND,5,-0.01385,2014-02-03,2019-01-31,60,600000.0,633552.129295,676406.06675,0.05592,0.127343,-0.063355,-0.04553,229.0,-0.047508,251.0,-0.006563,-0.006021
BND,5,-0.010307,2014-03-03,2019-02-28,60,600000.0,631737.203607,673378.066747,0.052895,0.122297,-0.061839,-0.045469,229.0,-0.047508,251.0,-0.008344,-0.008344
BND,5,-0.015167,2014-04-01,2019-03-29,60,600000.0,642770.029466,689820.206499,0.071283,0.1497,-0.068206,-0.045404,229.0,-0.047508,251.0,-0.001979,-0.001979
BND,5,-0.003745,2014-05-01,2019-04-30,60,600000.0,641154.13068,681743.004452,0.06859,0.136238,-0.059537,-0.045335,229.0,-0.047508,251.0,-0.00376,-0.000245
BND,5,-0.00426,2014-06-02,2019-05-31,60,600000.0,651475.954197,690317.778579,0.085793,0.15053,-0.056267,-0.045261,218.0,-0.047508,251.0,-0.005581,-0.004149
BND,5,-0.002903,2014-07-01,2019-06-28,60,600000.0,658045.920142,697974.097096,0.096743,0.16329,-0.057206,-0.045183,218.0,-0.047508,251.0,-0.00723,-0.003907
BND,5,-0.00155,2014-08-01,2019-07-31,60,600000.0,657395.959189,697293.43593,0.09566,0.162156,-0.057218,-0.0451,218.0,-0.047508,251.0,-0.009055,-0.003455
BND,5,-0.003411,2014-09-02,2019-08-30,60,600000.0,673860.513661,713307.662347,0.123101,0.188846,-0.055302,-0.04501,218.0,-0.047508,251.0,-0.010994,-0.008037
BND,5,-0.001448,2014-10-01,2019-09-30,60,600000.0,668148.052665,707864.294104,0.11358,0.179774,-0.056107,-0.044914,218.0,-0.047508,251.0,-0.012848,-0.00134
BND,5,-0.009471,2014-11-03,2019-10-31,60,600000.0,668413.134233,708316.045981,0.114022,0.180527,-0.056335,-0.044811,217.0,-0.047508,251.0,-0.014918,-0.001339
BND,5,-0.002288,2014-12-01,2019-11-29,60,600000.0,666339.955748,702924.138982,0.110567,0.17154,-0.052046,-0.044699,217.0,-0.047508,251.0,-0.017227,-0.005967
BND,5,0.0,2015-01-02,2019-12-31,60,600000.0,664155.255378,698573.775801,0.106925,0.16429,-0.04927,-0.044578,193.0,-0.047508,251.0,-0.019103,-0.011382
BND,5,-0.001188,2015-02-02,2020-01-31,60,600000.0,675612.985104,698873.601231,0.126022,0.164789,-0.033283,-0.044448,193.0,-0.047508,251.0,-0.020647,-0.030155
BND,5,-0.016257,2015-03-02,2020-02-28,60,600000.0,685212.881746,721411.920723,0.142021,0.202353,-0.050178,-0.044308,193.0,-0.047508,251.0,-0.01827,-0.015299
BND,5,-0.003738,2015-04-01,2020-03-31,60,600000.0,673435.417345,702169.542828,0.122392,0.170283,-0.040922,-0.086744,,-0.086744,,-0.019261,-0.027673
BND,5,-0.013896,2015-05-01,2020-04-30,60,600000.0,690216.376847,728979.038427,0.150361,0.214965,-0.053174,-0.086744,,-0.086744,,-0.015055,-0.017656
BND,5,-0.019091,2015-06-01,2020-05-29,60,600000.0,692671.66001,737739.485231,0.154453,0.229566,-0.061089,-0.086744,70.0,-0.086744,70.0,-0.012454,-0.012454
BND,5,-0.02912,2015-07-01,2020-06-30,60,600000.0,695018.183431,750363.235701,0.158364,0.250605,-0.073758,-0.086744,70.0,-0.086744,70.0,-0.009527,-0.000619
BND,5,-0.015926,2015-08-03,2020-07-31,60,600000.0,702578.130905,751066.618127,0.170964,0.251778,-0.06456,-0.086744,70.0,-0.086744,70.0,-0.011563,-0.007118
BND,5,-0.01823,2015-09-01,2020-08-31,60,600000.0,693470.587952,745739.124083,0.155784,0.242899,-0.07009,-0.086744,70.0,-0.086744,70.0,-0.012994,-0.004788
BND,5,-0.012156,2015-10-01,2020-09-30,60,600000.0,690333.700664,740423.436832,0.150556,0.234039,-0.06765,-0.086744,70.0,-0.086744,70.0,-0.014775,-0.009933
BND,5,-0.014345,2015-11-02,2020-10-30,60,600000.0,684155.034931,737938.753332,0.140258,0.229898,-0.072884,-0.086744,70.0,-0.086744,70.0,-0.016365,-0.007734
BND,5,-0.012559,2015-12-01,2020-11-30,60,600000.0,690116.656881,745543.408529,0.150194,0.242572,-0.074344,-0.086744,70.0,-0.086744,70.0,-0.018371,-0.008964
BND,5,-0.018501,2016-01-04,2020-12-31,60,600000.0,688770.546779,751200.944261,0.147951,0.252002,-0.083107,-0.086744,70.0,-0.086744,70.0,-0.020559,0.0
BND,5,-0.008243,2016-02-01,2021-01-29,60,600000.0,680350.117438,737024.304634,0.133917,0.228374,-0.076896,-0.086744,70.0,-0.086744,70.0,-0.023701,0.0
BND,5,-0.003714,2016-03-01,2021-02-26,60,600000.0,667568.59402,720443.85914,0.112614,0.20074,-0.073393,-0.086744,70.0,-0.086744,70.0,-0.026421,-0.00365
BND,5,0.0,2016-04-01,2021-03-31,60,600000.0,657112.196383,701905.081809,0.095187,0.169842,-0.063816,-0.086744,70.0,-0.086744,70.0,-0.028951,-0.016788
BND,5,-0.003445,2016-05-02,2021-04-30,60,600000.0,661056.845684,707181.667835,0.101761,0.178636,-0.065223,-0.086744,70.0,-0.086744,70.0,-0.030472,-0.017901
BND,5,-0.004578,2016-06-01,2021-05-28,60,600000.0,660282.669952,706824.347841,0.100471,0.178041,-0.065846,-0.086744,70.0,-0.086744,70.0,-0.032267,-0.019906
BND,5,0.0,2016-07-01,2021-06-30,60,600000.0,664413.126784,697355.083716,0.107355,0.162258,-0.047238,-0.086744,70.0,-0.086744,70.0,-0.034328,-0.041637
BND,5,-0.006073,2016-08-01,2021-07-30,60,600000.0,670535.591359,705465.21338,0.117559,0.175775,-0.049513,-0.086744,70.0,-0.086744,70.0,-0.032866,-0.041689
BND,5,-0.004701,2016-09-01,2021-08-31,60,600000.0,667487.94615,703159.199003,0.11248,0.171932,-0.05073,-0.086744,70.0,-0.086744,70.0,-0.03147,-0.043009
BND,5,-0.005992,2016-10-03,2021-09-30,60,600000.0,659018.39239,696935.691195,0.098364,0.161559,-0.054406,-0.086744,70.0,-0.086744,70.0,-0.029645,-0.041766
BND,5,-0.014607,2016-11-01,2021-10-29,60,600000.0,657831.326933,703523.329077,0.096386,0.172539,-0.064947,-0.086744,70.0,-0.086744,70.0,-0.025421,-0.033389
BND,5,-0.043226,2016-12-01,2021-11-30,60,600000.0,657452.92907,726046.115801,0.095755,0.210077,-0.094475,-0.086744,70.0,-0.086744,70.0,-0.01216,-0.004475
BND,5,-0.03637,2017-01-03,2021-12-31,60,600000.0,653312.090163,718643.334487,0.088853,0.197739,-0.090909,-0.086744,70.0,-0.086744,70.0,-0.013748,-0.005412
BND,5,-0.036397,2017-02-01,2022-01-31,60,600000.0,637951.431797,703823.831353,0.063252,0.17304,-0.093592,-0.086744,70.0,-0.086744,70.0,-0.015084,-0.005384
BND,5,-0.032724,2017-03-01,2022-02-28,60,600000.0,628984.832696,693172.119873,0.048308,0.155287,-0.092599,-0.086744,70.0,-0.086744,70.0,-0.0166,-0.009161
BND,5,-0.025604,2017-04-03,2022-03-31,60,600000.0,610113.356143,669169.24996,0.016856,0.115282,-0.088253,-0.086744,70.0,-0.089544,,-0.018059,-0.003508
BND,5,-0.023231,2017-05-01,2022-04-29,60,600000.0,584789.106924,641023.995527,-0.025351,0.068373,-0.087727,-0.109579,,-0.116607,,-0.025351,-0.005928
BND,5,-0.014189,2017-06-01,2022-05-31,60,600000.0,589003.820106,640414.084098,-0.018327,0.067357,-0.080277,-0.117071,,-0.125888,,-0.036634,-0.015047
BND,5,-0.013839,2017-07-03,2022-06-30,60,600000.0,578596.281372,629546.868595,-0.035673,0.049245,-0.080932,-0.136593,,-0.146893,,-0.060787,-0.015396
BND,5,-0.003876,2017-08-01,2022-07-29,60,600000.0,591792.04675,638094.998418,-0.01368,0.063492,-0.072564,-0.1364,,-0.146893,,-0.062189,-0.025244
BND,5,-0.001651,2017-09-01,2022-08-31,60,600000.0,574577.689111,617204.566562,-0.042371,0.028674,-0.069064,-0.136202,,-0.146893,,-0.063463,-0.030021
BND,5,-0.008976,2017-10-02,2022-09-30,60,600000.0,550320.410026,593422.923503,-0.082799,-0.010962,-0.072634,-0.156157,,-0.171326,,-0.09,-0.026681
BND,5,-0.008211,2017-11-01,2022-10-31,60,600000.0,543975.544282,586100.542959,-0.093374,-0.023166,-0.071873,-0.168512,,-0.185821,,-0.105875,-0.036635
BND,5,-0.007258,2017-12-01,2022-11-30,60,600000.0,564146.537743,607002.912355,-0.059756,0.011672,-0.070603,-0.168189,,-0.185821,,-0.107049,-0.03756
BND,5,-0.007362,2018-01-02,2022-12-30,60,600000.0,559401.555057,602173.424704,-0.067664,0.003622,-0.071029,-0.167853,,-0.185821,,-0.108247,-0.037459
BND,5,-0.019608,2018-02-01,2023-01-31,60,600000.0,577842.168447,629893.713149,-0.03693,0.049823,-0.082635,-0.167505,,-0.185821,,-0.109489,-0.025436
BND,5,-0.025414,2018-03-01,2023-02-28,60,600000.0,561889.815419,616753.313761,-0.063517,0.027922,-0.088955,-0.167138,,-0.185821,,-0.110989,-0.01963
BND,5,-0.020513,2018-04-02,2023-03-31,60,600000.0,576699.068084,630087.123732,-0.038835,0.050145,-0.084731,-0.166754,,-0.185821,,-0.112651,-0.024536
BND,5,-0.030247,2018-05-01,2023-04-28,60,600000.0,579542.461016,640153.038897,-0.034096,0.066922,-0.094681,-0.166356,,-0.185821,,-0.114282,-0.014745
BND,5,-0.021513,2018-06-01,2023-05-31,60,600000.0,572239.679844,627056.428871,-0.046267,0.045094,-0.087419,-0.165936,,-0.185821,,-0.11616,-0.023539
BND,5,-0.020884,2018-07-02,2023-06-30,60,600000.0,570482.388914,625251.273289,-0.049196,0.042085,-0.087595,-0.165502,,-0.185821,,-0.117942,-0.024166
BND,5,-0.02117,2018-08-01,2023-07-31,60,600000.0,569414.029599,624692.202281,-0.050977,0.041154,-0.088489,-0.165049,,-0.185821,,-0.11978,-0.023881
BND,5,-0.015605,2018-09-04,2023-08-31,60,600000.0,565306.567221,617058.763535,-0.057822,0.028431,-0.083869,-0.164576,,-0.185821,,-0.121698,-0.029399
BND,5,-0.021303,2018-10-01,2023-09-29,60,600000.0,551060.764822,605263.44037,-0.081565,0.008772,-0.089552,-0.164083,,-0.185821,,-0.123582,-0.023748
BND,5,-0.026119,2018-11-01,2023-10-31,60,600000.0,542664.41501,599008.862393,-0.095559,-0.001652,-0.094063,-0.163563,,-0.185821,,-0.125662,-0.01892
BND,5,-0.020206,2018-12-03,2023-11-30,60,600000.0,567225.981823,622433.202613,-0.054623,0.037389,-0.088696,-0.163015,,-0.185821,,-0.127933,-0.024841
BND,5,-0.001388,2019-01-02,2023-12-29,60,600000.0,586921.418461,632416.02083,-0.021798,0.054027,-0.071938,-0.162444,,-0.185821,,-0.130174,-0.043218
BND,5,-0.002778,2019-02-01,2024-01-31,60,600000.0,585466.666454,627451.689481,-0.024222,0.045753,-0.066914,-0.161854,,-0.185821,,-0.132106,-0.049177
BND,5,-0.006201,2019-03-01,2024-02-29,60,600000.0,576976.039662,619650.363574,-0.038373,0.032751,-0.068868,-0.161238,,-0.185821,,-0.133991,-0.048023
BND,5,-0.004687,2019-04-01,2024-03-28,60,600000.0,581506.816841,613561.39743,-0.030822,0.022602,-0.052243,-0.160589,,-0.185821,,-0.13599,-0.06532
BND,5,-0.000924,2019-05-01,2024-04-30,60,600000.0,567348.173615,596528.845407,-0.05442,-0.005785,-0.048917,-0.159917,,-0.185821,,-0.137673,-0.068841
BND,5,0.0,2019-06-03,2024-05-31,60,600000.0,576904.764243,594024.577924,-0.038492,-0.009959,-0.02882,-0.159228,,-0.185821,,-0.139352,-0.088075
BND,5,-7.2e-05,2019-07-01,2024-06-28,60,600000.0,582029.96677,593600.051569,-0.02995,-0.010667,-0.019491,-0.158687,,-0.185821,,-0.140634,-0.096682
BND,5,0.0,2019-08-01,2024-07-31,60,600000.0,595895.660432,602309.893618,-0.006841,0.00385,-0.010649,-0.158121,,-0.185821,,-0.141761,-0.10451
BND,5,0.0,2019-09-03,2024-08-30,60,600000.0,604469.014513,598296.856525,0.007448,-0.002839,0.010316,-0.157528,671.0,-0.185821,,-0.142741,-0.123204
BND,5,-0.007491,2019-10-01,2024-09-30,60,600000.0,612412.946179,609600.952143,0.020688,0.016002,0.004613,-0.156914,670.0,-0.185821,,-0.143269,-0.118247
BND,5,-0.006257,2019-11-01,2024-10-31,60,600000.0,597189.366493,593892.899262,-0.004684,-0.010179,0.005551,-0.15626,670.0,-0.185821,,-0.143964,-0.119341
BND,5,-0.008385,2019-12-02,2024-11-29,60,600000.0,603711.521148,601526.183436,0.006186,0.002544,0.003633,-0.155568,652.0,-0.185821,,-0.144668,-0.117451
BND,5,-0.005224,2020-01-02,2024-12-31,60,600000.0,593532.639844,589535.069326,-0.010779,-0.017442,0.006781,-0.154831,652.0,-0.185821,,-0.145468,-0.120256
BND,5,-0.000902,2020-02-03,2025-01-31,60,600000.0,597252.807057,582836.878409,-0.004579,-0.028605,0.024734,-0.154048,652.0,-0.185821,,-0.146232,-0.135421
BND,5,-0.000658,2020-03-02,2025-02-28,60,600000.0,610416.289091,585497.880459,0.01736,-0.02417,0.042559,-0.153229,652.0,-0.185821,,-0.14657,-0.149809
BND,5,-0.024659,2020-04-01,2025-03-31,60,600000.0,610709.620519,590613.818214,0.017849,-0.015644,0.034025,-0.152369,652.0,-0.185821,,-0.146465,-0.142485
BND,5,-0.003307,2020-05-01,2025-04-30,60,600000.0,613254.433448,580250.840714,0.022091,-0.032915,0.056878,-0.151443,652.0,-0.185821,,-0.146598,-0.160855
BND,5,-0.000809,2020-06-01,2025-05-30,60,600000.0,609474.090691,572737.324067,0.01579,-0.045438,0.064142,-0.150471,652.0,-0.185821,,-0.146107,-0.166098
BND,5,0.0,2020-07-01,2025-06-30,60,600000.0,619201.173671,576935.502767,0.032002,-0.038441,0.073259,-0.149436,652.0,-0.185821,,-0.145393,-0.172535
BND,5,-0.000347,2020-08-03,2025-07-31,60,600000.0,617946.929955,567495.656726,0.029912,-0.054174,0.088902,-0.148332,651.0,-0.185821,,-0.144387,-0.183906
BND,5,-0.008679,2020-09-01,2025-08-29,60,600000.0,625539.705704,577711.580246,0.042566,-0.037147,0.082789,-0.14716,651.0,-0.182196,,-0.142867,-0.178694
BND,5,-0.011364,2020-10-01,2025-09-30,60,600000.0,632850.768853,585683.558786,0.054751,-0.023861,0.080534,-0.145887,651.0,-0.182196,,-0.141434,-0.176462
BND,5,-0.016509,2020-11-02,2025-10-31,60,600000.0,636881.455046,592297.008372,0.061469,-0.012838,0.075274,-0.144504,650.0,-0.182196,,-0.139975,-0.172155
BND,5,-0.008953,2020-12-01,2025-11-28,60,600000.0,640826.254025,591292.426581,0.068044,-0.014513,0.083772,-0.142993,650.0,-0.182196,,-0.138576,-0.178466
BND,5,-0.005788,2021-01-04,2025-12-31,60,600000.0,639086.614357,587640.557594,0.065144,-0.020599,0.087547,-0.141358,649.0,-0.181082,,-0.136762,-0.181082
BND,5,-0.012685,2021-02-01,2026-01-30,60,600000.0,640677.606538,593023.928435,0.067796,-0.011627,0.080357,-0.139573,631.0,-0.179138,,-0.134652,-0.175361
BND,5,-0.029545,2021-03-01,2026-02-27,60,600000.0,651067.529909,612990.081731,0.085113,0.02165,0.062118,-0.137597,631.0,-0.179138,,-0.132616,-0.161034
BND,5,-0.037555,2021-04-01,2026-03-31,60,600000.0,639583.251515,607353.563239,0.065972,0.012256,0.053066,-0.135374,630.0,-0.179138,,-0.131121,-0.154052
BND,5,-0.032096,2021-05-03,2026-04-30,60,600000.0,640415.125203,604833.345537,0.067359,0.008056,0.058829,-0.132877,630.0,-0.179138,,-0.129847,-0.158823
BND,5,-0.030914,2021-06-01,2026-05-29,60,600000.0,642086.254499,605760.944161,0.070144,0.009602,0.059966,-0.130094,433.0,-0.179138,,-0.128142,-0.159849
BND,5,-0.022238,2021-07-01,2026-06-30,60,600000.0,643722.230515,602001.765384,0.07287,0.003336,0.069303,-0.126998,433.0,-0.179138,,-0.126161,-0.167304
BND,5,-0.00837,2021-08-02,2026-07-31,60,600000.0,635468.538922,585988.645395,0.059114,-0.023352,0.084438,-0.123731,426.0,-0.179138,,-0.123418,-0.178949
BND,5,-0.012424,2021-09-01,2026-08-31,60,600000.0,637992.051811,590535.945913,0.06332,-0.015773,0.080361,-0.120232,420.0,-0.178149,1226.0,-0.119451,-0.175579
BND,10,0.0,2010-09-09,2020-08-31,120,1200000.0,1484233.507727,1717711.165647,0.236861,0.431426,-0.135924,-0.086744,70.0,-0.086744,70.0,-0.022983,-0.018035
BND,10,-0.002381,2010-10-01,2020-09-30,120,1200000.0,1478434.522726,1701624.07945,0.232029,0.41802,-0.131163,-0.086744,70.0,-0.086744,70.0,-0.024633,-0.026273
BND,10,-0.002798,2010-11-01,2020-10-30,120,1200000.0,1466041.136459,1685444.389134,0.221701,0.404537,-0.130175,-0.086744,70.0,-0.086744,70.0,-0.023813,-0.030135
BND,10,-0.018699,2010-12-01,2020-11-30,120,1200000.0,1479723.674311,1728137.49107,0.233103,0.440115,-0.143747,-0.086744,70.0,-0.086744,70.0,-0.017491,-0.017491
BND,10,-0.02395,2011-01-03,2020-12-31,120,1200000.0,1477603.888203,1740085.282376,0.231337,0.450071,-0.150844,-0.086744,70.0,-0.086744,70.0,-0.011541,-0.011451
BND,10,-0.023773,2011-02-01,2021-01-29,120,1200000.0,1460421.881705,1724776.689693,0.217018,0.437314,-0.153269,-0.086744,70.0,-0.086744,70.0,-0.011631,-0.011631
BND,10,-0.019477,2011-03-01,2021-02-26,120,1200000.0,1433510.029365,1690641.998349,0.194592,0.408868,-0.152091,-0.086744,70.0,-0.086744,70.0,-0.013881,-0.005992
BND,10,-0.019253,2011-04-01,2021-03-31,120,1200000.0,1411260.812065,1668766.733383,0.176051,0.390639,-0.154309,-0.086744,70.0,-0.086744,70.0,-0.016404,-0.003379
BND,10,-0.005834,2011-05-02,2021-04-30,120,1200000.0,1419508.764679,1660497.284774,0.182924,0.383748,-0.14513,-0.086744,70.0,-0.086744,70.0,-0.019092,0.0
BND,10,0.0,2011-06-01,2021-05-28,120,1200000.0,1417847.617061,1636206.445262,0.18154,0.363505,-0.133454,-0.086744,70.0,-0.086744,70.0,-0.021461,-0.008552
BND,10,-0.010396,2011-07-01,2021-06-30,120,1200000.0,1426906.037144,1664371.454545,0.189088,0.386976,-0.142676,-0.086744,70.0,-0.086744,70.0,-0.023379,0.0
BND,10,0.0,2011-08-01,2021-07-30,120,1200000.0,1439664.108224,1652358.920791,0.19972,0.376966,-0.128722,-0.086744,70.0,-0.086744,70.0,-0.025769,0.0
BND,10,-0.003049,2011-09-01,2021-08-31,120,1200000.0,1433152.158249,1620602.520591,0.194293,0.350502,-0.115667,-0.086744,70.0,-0.086744,70.0,-0.027573,-0.005718
BND,10,-0.001362,2011-10-03,2021-09-30,120,1200000.0,1415153.902882,1591313.295363,0.179295,0.326094,-0.110701,-0.086744,70.0,-0.086744,70.0,-0.02879,-0.01369
BND,10,0.0,2011-11-01,2021-10-29,120,1200000.0,1412852.214774,1587865.310724,0.177377,0.323221,-0.110219,-0.086744,70.0,-0.086744,70.0,-0.029764,-0.00924
BND,10,-0.008296,2011-12-01,2021-11-30,120,1200000.0,1412505.04618,1604416.422627,0.177088,0.337014,-0.119614,-0.086744,70.0,-0.086744,70.0,-0.030697,-0.000952
BND,10,-0.003113,2012-01-03,2021-12-31,120,1200000.0,1404755.749619,1585199.475439,0.17063,0.321,-0.11383,-0.086744,70.0,-0.086744,70.0,-0.032113,-0.009846
BND,10,-0.001025,2012-02-01,2022-01-31,120,1200000.0,1372671.177083,1539456.60132,0.143893,0.282881,-0.10834,-0.086744,70.0,-0.086744,70.0,-0.033227,-0.018143
BND,10,-0.002682,2012-03-01,2022-02-28,120,1200000.0,1354257.622637,1522215.864745,0.128548,0.268513,-0.110338,-0.086744,70.0,-0.086744,70.0,-0.034021,-0.017964
BND,10,-0.006191,2012-04-02,2022-03-31,120,1200000.0,1314324.44679,1485548.036353,0.09527,0.237957,-0.11526,-0.086776,,-0.089544,,-0.034913,-0.014497
BND,10,-0.001433,2012-05-01,2022-04-29,120,1200000.0,1259845.856548,1412917.739726,0.049872,0.177431,-0.108337,-0.113358,,-0.116607,,-0.036331,-0.023902
BND,10,0.0,2012-06-01,2022-05-31,120,1200000.0,1268562.218223,1404538.189056,0.057135,0.170448,-0.096812,-0.121816,,-0.125888,,-0.037658,-0.037676
BND,10,-0.00074,2012-07-02,2022-06-30,120,1200000.0,1245846.563659,1382217.616653,0.038205,0.151848,-0.098661,-0.14214,,-0.146893,,-0.038052,-0.036963
BND,10,-0.002732,2012-08-01,2022-07-29,120,1200000.0,1273884.355002,1402559.594957,0.06157,0.1688,-0.091743,-0.142095,,-0.146893,,-0.038584,-0.045524
BND,10,-0.000659,2012-09-04,2022-08-31,120,1200000.0,1236565.044523,1360377.293147,0.030471,0.133648,-0.091013,-0.14205,,-0.146893,,-0.038361,-0.047586
BND,10,0.0,2012-10-01,2022-09-30,120,1200000.0,1183610.740791,1299279.650356,-0.013658,0.082733,-0.089025,-0.164342,,-0.171326,,-0.037859,-0.050649
BND,10,-0.003293,2012-11-01,2022-10-31,120,1200000.0,1169008.089398,1288480.256614,-0.025827,0.073734,-0.092723,-0.177857,,-0.185821,,-0.039259,-0.047513
BND,10,-0.000386,2012-12-03,2022-11-30,120,1200000.0,1211087.656065,1331830.278061,0.00924,0.109859,-0.090659,-0.177783,,-0.185821,,-0.040084,-0.050283
BND,10,-0.012593,2013-01-02,2022-12-30,120,1200000.0,1200154.140115,1335897.537561,0.000128,0.113248,-0.101612,-0.177707,,-0.185821,,-0.040897,-0.039642
BND,10,-0.020648,2013-02-01,2023-01-31,120,1200000.0,1238689.65178,1391506.463045,0.032241,0.159589,-0.109821,-0.177629,,-0.185821,,-0.041825,-0.031743
BND,10,-0.012086,2013-03-01,2023-02-28,120,1200000.0,1204050.7476,1342670.81054,0.003376,0.118892,-0.103242,-0.177549,,-0.185821,,-0.042845,-0.040134
BND,10,-0.010948,2013-04-01,2023-03-31,120,1200000.0,1235108.56049,1377010.697308,0.029257,0.147509,-0.103051,-0.177468,,-0.185821,,-0.043801,-0.041239
BND,10,-0.000131,2013-05-01,2023-04-28,120,1200000.0,1240843.318046,1370121.503048,0.034036,0.141768,-0.094355,-0.177385,,-0.185821,,-0.044763,-0.051611
BND,10,-0.022038,2013-06-03,2023-05-31,120,1200000.0,1225105.319939,1384363.706884,0.020921,0.153636,-0.115041,-0.177302,,-0.185821,,-0.045641,-0.030471
BND,10,-0.03564,2013-07-01,2023-06-30,120,1200000.0,1220804.168529,1400749.509247,0.017337,0.167291,-0.128464,-0.177215,,-0.185821,,-0.046743,-0.016795
BND,10,-0.038322,2013-08-01,2023-07-31,120,1200000.0,1217714.101294,1402989.295336,0.014762,0.169158,-0.132057,-0.177125,,-0.185821,,-0.048003,-0.014054
BND,10,-0.044052,2013-09-03,2023-08-31,120,1200000.0,1208053.566601,1402077.615169,0.006711,0.168398,-0.138383,-0.177033,,-0.185821,,-0.049313,-0.008144
BND,10,-0.032411,2013-10-01,2023-09-29,120,1200000.0,1176507.16601,1350866.75132,-0.019577,0.125722,-0.129072,-0.176938,,-0.185821,,-0.050708,-0.001364
BND,10,-0.025563,2013-11-01,2023-10-31,120,1200000.0,1157450.09979,1320979.197574,-0.035458,0.100816,-0.123794,-0.176842,,-0.185821,,-0.052006,-0.007855
BND,10,-0.029481,2013-12-02,2023-11-30,120,1200000.0,1208860.555412,1386545.643893,0.007384,0.155455,-0.128149,-0.176745,,-0.185821,,-0.053256,-0.00385
BND,10,-0.031161,2014-01-02,2023-12-29,120,1200000.0,1250145.176929,1438331.211697,0.041788,0.198609,-0.130836,-0.176646,,-0.185821,,-0.054571,-0.000998
BND,10,-0.01385,2014-02-03,2024-01-31,120,1200000.0,1246164.83743,1410776.573781,0.038471,0.175647,-0.116682,-0.176544,,-0.185821,,-0.055929,-0.006021
BND,10,-0.010307,2014-03-03,2024-02-29,120,1200000.0,1227387.388106,1386566.230087,0.022823,0.155472,-0.114801,-0.176442,,-0.185821,,-0.05713,-0.008344
BND,10,-0.015167,2014-04-01,2024-03-28,120,1200000.0,1236207.762715,1405248.910105,0.030173,0.171041,-0.120293,-0.176338,,-0.185821,,-0.058316,-0.001979
BND,10,-0.003745,2014-05-01,2024-04-30,120,1200000.0,1204832.568279,1355681.904593,0.004027,0.129735,-0.111272,-0.17623,,-0.185821,,-0.059578,-0.000245
BND,10,-0.00426,2014-06-02,2024-05-31,120,1200000.0,1223724.1107,1370767.075934,0.01977,0.142306,-0.107271,-0.176122,,-0.185821,,-0.060743,-0.004149
BND,10,-0.002903,2014-07-01,2024-06-28,120,1200000.0,1233009.764333,1380958.44841,0.027508,0.150799,-0.107135,-0.176012,,-0.185821,,-0.061872,-0.003907
BND,10,-0.00155,2014-08-01,2024-07-31,120,1200000.0,1260548.242332,1409980.928707,0.050457,0.174984,-0.105982,-0.1759,,-0.185821,,-0.063009,-0.003455
BND,10,-0.003411,2014-09-02,2024-08-30,120,1200000.0,1277033.701424,1423871.958281,0.064195,0.18656,-0.103126,-0.175785,,-0.185821,,-0.064144,-0.008037
BND,10,-0.001448,2014-10-01,2024-09-30,120,1200000.0,1291913.40375,1439783.023608,0.076595,0.199819,-0.102703,-0.175668,,-0.185821,,-0.065252,-0.00134
BND,10,-0.009471,2014-11-03,2024-10-31,120,1200000.0,1258210.549725,1400965.620922,0.048509,0.167471,-0.101898,-0.175548,,-0.185821,,-0.066361,-0.001339
BND,10,-0.002288,2014-12-01,2024-11-29,120,1200000.0,1269999.156815,1405737.892722,0.058333,0.171448,-0.09656,-0.175427,,-0.185821,,-0.067467,-0.005967
BND,10,0.0,2015-01-02,2024-12-31,120,1200000.0,1246959.635985,1374579.091886,0.039133,0.145483,-0.092843,-0.175302,,-0.185821,,-0.068518,-0.011382
BND,10,-0.001188,2015-02-02,2025-01-31,120,1200000.0,1252947.846626,1356539.805232,0.044123,0.13045,-0.076365,-0.175176,,-0.185821,,-0.06953,-0.030155
BND,10,-0.016257,2015-03-02,2025-02-28,120,1200000.0,1278627.313686,1407023.748513,0.065523,0.17252,-0.091254,-0.175049,,-0.185821,,-0.070352,-0.015299
BND,10,-0.003738,2015-04-01,2025-03-31,120,1200000.0,1277035.121434,1389512.521325,0.064196,0.157927,-0.080947,-0.174917,,-0.185821,,-0.071362,-0.027673
BND,10,-0.013896,2015-05-01,2025-04-30,120,1200000.0,1280476.863839,1409387.496555,0.067064,0.17449,-0.091466,-0.174784,,-0.185821,,-0.072252,-0.017656
BND,10,-0.019091,2015-06-01,2025-05-30,120,1200000.0,1270137.555769,1407297.433336,0.058448,0.172748,-0.097463,-0.174646,,-0.185821,,-0.073279,-0.012454
BND,10,-0.02912,2015-07-01,2025-06-30,120,1200000.0,1287669.409134,1443398.173122,0.073058,0.202832,-0.10789,-0.174503,,-0.185821,,-0.07439,-0.000619
BND,10,-0.015926,2015-08-03,2025-07-31,120,1200000.0,1282232.845573,1420263.324934,0.068527,0.183553,-0.097187,-0.174355,,-0.185821,,-0.075648,-0.007118
BND,10,-0.01823,2015-09-01,2025-08-29,120,1200000.0,1295087.368205,1440026.141094,0.079239,0.200022,-0.10065,-0.174206,,-0.185821,,-0.076775,-0.004788
BND,10,-0.012156,2015-10-01,2025-09-30,120,1200000.0,1307400.787023,1446989.020783,0.089501,0.205824,-0.096468,-0.174052,1050.0,-0.185821,,-0.077956,-0.009933
BND,10,-0.014345,2015-11-02,2025-10-31,120,1200000.0,1313188.168999,1458946.89912,0.094323,0.215789,-0.099907,-0.173895,1050.0,-0.185821,,-0.07909,-0.007734
BND,10,-0.012559,2015-12-01,2025-11-28,120,1200000.0,1318872.518268,1465007.163481,0.09906,0.220839,-0.09975,-0.173733,1050.0,-0.185821,,-0.080278,-0.008964
BND,10,-0.018501,2016-01-04,2025-12-31,120,1200000.0,1312751.304787,1469451.775872,0.093959,0.224543,-0.106639,-0.173567,1050.0,-0.185821,,-0.081474,0.0
BND,10,-0.008243,2016-02-01,2026-01-30,120,1200000.0,1313340.767051,1457394.025291,0.094451,0.214495,-0.098843,-0.173396,1050.0,-0.185821,,-0.082775,0.0
BND,10,-0.003714,2016-03-01,2026-02-27,120,1200000.0,1332207.03838,1470179.33585,0.110173,0.225149,-0.093847,-0.173221,1050.0,-0.185821,,-0.083975,-0.00365
BND,10,0.0,2016-04-01,2026-03-31,120,1200000.0,1306889.371545,1425587.774354,0.089074,0.18799,-0.083263,-0.173043,1050.0,-0.185821,,-0.085115,-0.016788
BND,10,-0.003445,2016-05-02,2026-04-30,120,1200000.0,1306961.535779,1426108.527272,0.089135,0.188424,-0.083547,-0.172862,1050.0,-0.185821,,-0.086114,-0.017901
BND,10,-0.004578,2016-06-01,2026-05-29,120,1200000.0,1308661.910844,1427121.822287,0.090552,0.189268,-0.083006,-0.172677,1043.0,-0.185821,,-0.087125,-0.019906
BND,10,0.0,2016-07-01,2026-06-30,120,1200000.0,1310290.010913,1399233.132412,0.091908,0.166028,-0.063566,-0.172486,1043.0,-0.185821,,-0.088135,-0.041637
BND,10,-0.006073,2016-08-01,2026-07-31,120,1200000.0,1291902.877844,1381258.793555,0.076586,0.151049,-0.064692,-0.172294,1043.0,-0.185821,,-0.08888,-0.041689
BND,10,-0.004701,2016-09-01,2026-08-31,120,1200000.0,1295065.410162,1384376.089513,0.079221,0.153647,-0.064513,-0.172096,1042.0,-0.185821,,-0.089644,-0.043009
BIL,1,0.0,2010-09-09,2011-08-31,12,120000.0,120019.673453,120026.231271,0.000164,0.000219,-5.5e-05,-0.000575,,-0.000654,,-0.000291,-0.000218
BIL,1,-0.000219,2010-10-01,2011-09-30,12,120000.0,119991.258154,120000.0,-7.3e-05,0.0,-7.3e-05,-0.000567,,-0.000654,,-0.000327,-0.000218
BIL,1,0.0,2010-11-01,2011-10-31,12,120000.0,119938.961961,119921.485889,-0.000509,-0.000654,0.000146,-0.000727,,-0.000872,,-0.000509,-0.000654
BIL,1,-0.000219,2010-12-01,2011-11-30,12,120000.0,119967.313796,119973.868753,-0.000272,-0.000218,-5.5e-05,-0.000714,,-0.000872,,-0.000495,-0.000436
BIL,1,0.0,2011-01-03,2011-12-30,12,120000.0,119950.780968,119926.760997,-0.00041,-0.00061,0.0002,-0.000698,,-0.000872,,-0.000501,-0.000654
BIL,1,-0.000219,2011-02-01,2012-01-31,12,120000.0,119932.861811,119926.769993,-0.000559,-0.00061,5.1e-05,-0.000705,,-0.001046,,-0.000559,-0.00061
BIL,1,-0.000219,2011-03-01,2012-02-29,12,120000.0,119965.173242,119952.976258,-0.00029,-0.000392,0.000102,-0.000674,,-0.001046,,-0.000555,-0.00061
BIL,1,-0.000436,2011-04-01,2012-03-30,12,120000.0,119945.066812,119926.769993,-0.000458,-0.00061,0.000153,-0.000637,,-0.001046,,-0.000549,-0.00061
BIL,1,-0.000436,2011-05-02,2012-04-30,12,120000.0,119979.559751,119952.976258,-0.00017,-0.000392,0.000222,-0.000661,,-0.001264,,-0.000606,-0.000828
BIL,1,-0.000436,2011-06-01,2012-05-31,12,120000.0,119983.478396,119952.976258,-0.000138,-0.000392,0.000254,-0.000626,,-0.001046,,-0.000586,-0.000828
BIL,1,-0.000436,2011-07-01,2012-06-29,12,120000.0,119935.057018,119900.651249,-0.000541,-0.000828,0.000287,-0.0006,,-0.001046,,-0.000562,-0.000828
BIL,1,-0.000218,2011-08-01,2012-07-31,12,120000.0,119943.33608,119874.447424,-0.000472,-0.001046,0.000575,-0.000581,,-0.001046,,-0.000581,-0.001046
BIL,1,-0.000218,2011-09-01,2012-08-31,12,120000.0,119951.620904,119874.447424,-0.000403,-0.001046,0.000644,-0.000545,36.0,-0.001046,,-0.000545,-0.001046
BIL,1,-0.000436,2011-10-03,2012-09-28,12,120000.0,119962.083619,119900.651249,-0.000316,-0.000828,0.000512,-0.000458,204.0,-0.000828,,-0.000436,-0.000828
BIL,1,-0.000436,2011-11-01,2012-10-31,12,120000.0,119996.496611,119926.769993,-2.9e-05,-0.00061,0.000581,-0.000436,2.0,-0.000828,,-0.000436,-0.000828
BIL,1,-0.000872,2011-12-01,2012-11-30,12,120000.0,119976.463853,119952.930738,-0.000196,-0.000392,0.000196,-0.000436,6.0,-0.000828,,-0.000274,-0.000392
BIL,1,-0.001046,2012-01-03,2012-12-31,12,120000.0,119980.386291,119973.865307,-0.000163,-0.000218,5.4e-05,-0.000436,6.0,-0.000436,7.0,-0.000254,-0.000218
BIL,1,-0.001046,2012-02-01,2013-01-31,12,120000.0,119982.564182,119973.865307,-0.000145,-0.000218,7.3e-05,-0.000491,,-0.000655,,-0.000364,-0.000437
BIL,1,-0.001046,2012-03-01,2013-02-28,12,120000.0,119986.930302,119973.865307,-0.000109,-0.000218,0.000109,-0.000476,,-0.000655,,-0.000357,-0.000437
BIL,1,-0.001264,2012-04-02,2013-03-28,12,120000.0,119989.108194,120000.0,-9.1e-05,0.0,-9.1e-05,-0.000459,,-0.000655,,-0.00035,-0.000219
BIL,1,-0.000828,2012-05-01,2013-04-30,12,120000.0,119965.045321,119921.412925,-0.000291,-0.000655,0.000364,-0.000437,,-0.000655,,-0.000436,-0.000655
BIL,1,-0.000828,2012-06-01,2013-05-31,12,120000.0,119997.846779,119947.654479,-1.8e-05,-0.000436,0.000418,-0.000437,,-0.000655,,-0.000436,-0.000655
BIL,1,-0.001264,2012-07-02,2013-06-28,12,120000.0,119975.955416,119973.746994,-0.0002,-0.000219,1.8e-05,-0.000437,,-0.000655,,-0.000281,-0.000219
BIL,1,-0.001046,2012-08-01,2013-07-31,12,120000.0,119975.955416,119947.618019,-0.0002,-0.000437,0.000236,-0.000491,,-0.000873,,-0.000419,-0.000655
BIL,1,-0.001264,2012-09-04,2013-08-30,12,120000.0,119982.505116,119973.746994,-0.000146,-0.000219,7.3e-05,-0.000476,,-0.000655,,-0.000397,-0.000437
BIL,1,-0.001264,2012-10-01,2013-09-30,12,120000.0,119958.487523,119947.544042,-0.000346,-0.000437,9.1e-05,-0.000618,,-0.000873,,-0.000564,-0.000655
BIL,1,-0.001046,2012-11-01,2013-10-31,12,120000.0,119934.531548,119895.28608,-0.000546,-0.000873,0.000327,-0.000801,,-0.001091,,-0.000764,-0.001091
BIL,1,-0.001264,2012-12-03,2013-11-29,12,120000.0,119916.987402,119895.138136,-0.000692,-0.000874,0.000182,-0.000794,,-0.001091,,-0.000735,-0.000874
BIL,1,-0.001264,2013-01-02,2013-12-31,12,120000.0,119923.535663,119895.138136,-0.000637,-0.000874,0.000237,-0.000786,,-0.001091,,-0.000721,-0.000874
BIL,1,-0.001482,2013-02-01,2014-01-31,12,120000.0,119932.274152,119921.373941,-0.000564,-0.000655,9.1e-05,-0.000777,,-0.000874,,-0.000704,-0.000655
BIL,1,-0.001264,2013-03-01,2014-02-28,12,120000.0,119965.101414,119921.403656,-0.000291,-0.000655,0.000364,-0.000765,,-0.000874,,-0.00071,-0.000874
BIL,1,-0.001482,2013-04-01,2014-03-31,12,120000.0,119945.374584,119921.373941,-0.000455,-0.000655,0.0002,-0.000749,,-0.000874,,-0.000686,-0.000655
BIL,1,-0.001482,2013-05-01,2014-04-30,12,120000.0,119951.926756,119921.373941,-0.000401,-0.000655,0.000255,-0.000728,,-0.001091,,-0.000692,-0.000873
BIL,1,-0.001264,2013-06-03,2014-05-30,12,120000.0,119960.657585,119895.138136,-0.000328,-0.000874,0.000546,-0.000699,,-0.001091,,-0.000699,-0.001091
BIL,1,-0.001264,2013-07-01,2014-06-30,12,120000.0,119945.442724,119869.022777,-0.000455,-0.001091,0.000638,-0.000655,,-0.001091,,-0.000655,-0.001091
BIL,1,-0.0017,2013-08-01,2014-07-31,12,120000.0,119927.870086,119895.142353,-0.000601,-0.000874,0.000273,-0.000655,,-0.001092,,-0.000601,-0.000874
BIL,1,-0.001482,2013-09-03,2014-08-29,12,120000.0,119960.725609,119895.252867,-0.000327,-0.000873,0.000546,-0.000655,,-0.001092,,-0.000655,-0.001092
BIL,1,-0.001482,2013-10-01,2014-09-30,12,120000.0,119971.648291,119895.252867,-0.000236,-0.000873,0.000637,-0.000655,53.0,-0.001092,,-0.000655,-0.001092
BIL,1,-0.001918,2013-11-01,2014-10-31,12,120000.0,119954.062249,119921.277014,-0.000383,-0.000656,0.000273,-0.000655,,-0.001092,,-0.000601,-0.000874
BIL,1,-0.001918,2013-12-02,2014-11-28,12,120000.0,119962.803154,119921.277014,-0.00031,-0.000656,0.000346,-0.000636,,-0.001092,,-0.000576,-0.000874
BIL,1,-0.002137,2014-01-02,2014-12-31,12,120000.0,119945.388102,119921.397536,-0.000455,-0.000655,0.0002,-0.000728,,-0.001092,,-0.000674,-0.000873
BIL,1,-0.002137,2014-02-03,2015-01-30,12,120000.0,119927.904163,119895.18419,-0.000601,-0.000873,0.000273,-0.000695,,-0.001092,,-0.000655,-0.000873
BIL,1,-0.001918,2014-03-03,2015-02-27,12,120000.0,119936.638814,119868.924413,-0.000528,-0.001092,0.000565,-0.000765,,-0.00131,,-0.000746,-0.00131
BIL,1,-0.002137,2014-04-01,2015-03-31,12,120000.0,119949.746523,119895.18419,-0.000419,-0.000873,0.000455,-0.000893,,-0.00153,,-0.000856,-0.001311
BIL,1,-0.002354,2014-05-01,2015-04-30,12,120000.0,119936.656899,119895.111246,-0.000528,-0.000874,0.000347,-0.000855,,-0.001311,,-0.000815,-0.001093
BIL,1,-0.002354,2014-06-02,2015-05-29,12,120000.0,119921.285484,119868.817027,-0.000656,-0.001093,0.000438,-0.000809,,-0.001311,,-0.000787,-0.001093
BIL,1,-0.002137,2014-07-01,2015-06-30,12,120000.0,119932.217398,119842.707402,-0.000565,-0.001311,0.000747,-0.000784,,-0.001529,,-0.000784,-0.001529
BIL,1,-0.002354,2014-08-01,2015-07-31,12,120000.0,119945.325115,119868.817027,-0.000456,-0.001093,0.000638,-0.000736,,-0.001312,,-0.000716,-0.001312
BIL,1,-0.002573,2014-09-02,2015-08-31,12,120000.0,119956.257029,119895.113296,-0.000365,-0.000874,0.00051,-0.00082,,-0.00153,,-0.000801,-0.001311
BIL,1,-0.002354,2014-10-01,2015-09-30,12,120000.0,119912.567547,119816.429022,-0.000729,-0.00153,0.000802,-0.000775,,-0.00153,,-0.000755,-0.00153
BIL,1,-0.00279,2014-11-03,2015-10-30,12,120000.0,119899.415567,119842.591772,-0.000838,-0.001312,0.000474,-0.000875,,-0.001529,,-0.000838,-0.001312
BIL,1,-0.00279,2014-12-01,2015-11-30,12,120000.0,119938.803835,119868.847364,-0.00051,-0.001093,0.000584,-0.000835,,-0.001529,,-0.000795,-0.001312
BIL,1,-0.003008,2015-01-02,2015-12-31,12,120000.0,119925.650272,119868.793619,-0.00062,-0.001093,0.000474,-0.000893,,-0.00153,,-0.000838,-0.001312
BIL,1,-0.003008,2015-02-02,2016-01-29,12,120000.0,119960.669482,119895.054951,-0.000328,-0.000875,0.000547,-0.000855,,-0.00153,,-0.000795,-0.001312
BIL,1,-0.003226,2015-03-02,2016-02-29,12,120000.0,119973.796496,119921.248942,-0.000218,-0.000656,0.000438,-0.000809,,-0.001312,,-0.000744,-0.001094
BIL,1,-0.003445,2015-04-01,2016-03-31,12,120000.0,119980.359084,119947.554662,-0.000164,-0.000437,0.000273,-0.000778,,-0.001312,,-0.000705,-0.000875
BIL,1,-0.003445,2015-05-01,2016-04-29,12,120000.0,120037.191121,120000.0,0.00031,0.0,0.00031,-0.000738,118.0,-0.001094,,-0.000684,-0.000875
BIL,1,-0.003445,2015-06-01,2016-05-31,12,120000.0,120039.381003,120000.0,0.000328,0.0,0.000328,-0.000687,118.0,-0.001094,,-0.000656,-0.000875
BIL,1,-0.003445,2015-07-01,2016-06-30,12,120000.0,120013.099549,119973.727168,0.000109,-0.000219,0.000328,-0.00062,118.0,-0.000875,142.0,-0.00062,-0.000875
BIL,1,-0.003445,2015-08-03,2016-07-29,12,120000.0,120063.519054,120026.322995,0.000529,0.000219,0.00031,-0.000583,168.0,-0.000875,142.0,-0.000583,-0.000875
BIL,1,-0.003445,2015-09-01,2016-08-31,12,120000.0,120063.519054,120026.322995,0.000529,0.000219,0.00031,-0.000547,107.0,-0.000875,142.0,-0.000547,-0.000875
BIL,1,-0.003663,2015-10-01,2016-09-30,12,120000.0,120087.555787,120078.835756,0.00073,0.000657,7.3e-05,-0.000438,22.0,-0.000656,118.0,-0.000437,-0.000656
BIL,1,-0.004098,2015-11-02,2016-10-31,12,120000.0,120109.42533,120157.614978,0.000912,0.001313,-0.000401,-0.000438,22.0,-0.000438,22.0,-0.000292,-0.000219
BIL,1,-0.004098,2015-12-01,2016-11-30,12,120000.0,120045.998083,120105.110116,0.000383,0.000876,-0.000492,-0.000875,6.0,-0.000875,6.0,-0.000328,-0.000219
BIL,1,-0.00388,2016-01-04,2016-12-30,12,120000.0,120058.883484,120105.049454,0.000491,0.000875,-0.000384,-0.000875,6.0,-0.000875,6.0,-0.000438,-0.000438
BIL,1,-0.004316,2016-02-01,2017-01-31,12,120000.0,120098.251091,120210.216068,0.000819,0.001752,-0.000931,-0.000875,6.0,-0.000875,6.0,-0.000132,0.0
BIL,1,-0.00388,2016-03-01,2017-02-28,12,120000.0,120140.534146,120218.065754,0.001171,0.001817,-0.000645,-0.000875,6.0,-0.000875,6.0,-0.000219,-0.000219
BIL,1,-0.00388,2016-04-01,2017-03-31,12,120000.0,120105.188392,120196.937929,0.000877,0.001641,-0.000763,-0.000875,6.0,-0.000875,6.0,-0.000274,0.0
BIL,1,-0.003663,2016-05-02,2017-04-28,12,120000.0,120177.279808,120260.164267,0.001477,0.002168,-0.000689,-0.000875,6.0,-0.000875,6.0,-0.000344,-0.000218
BIL,1,-0.003445,2016-06-01,2017-05-31,12,120000.0,120174.729714,120252.319513,0.001456,0.002103,-0.000645,-0.000875,6.0,-0.000875,6.0,-0.000402,-0.000219
BIL,1,-0.003226,2016-07-01,2017-06-30,12,120000.0,120273.549732,120349.583985,0.00228,0.002913,-0.000632,-0.000875,6.0,-0.000875,6.0,-0.000438,-0.000438
BIL,1,-0.003445,2016-08-01,2017-07-31,12,120000.0,120282.849495,120415.549671,0.002357,0.003463,-0.001102,-0.000875,6.0,-0.000875,6.0,-0.000438,-0.000219
BIL,1,-0.003226,2016-09-01,2017-08-31,12,120000.0,120382.352251,120526.056066,0.003186,0.004384,-0.001192,-0.000875,6.0,-0.000875,6.0,-0.000511,-0.000438
BIL,1,-0.003226,2016-10-03,2017-09-29,12,120000.0,120424.708477,120613.044578,0.003539,0.005109,-0.001561,-0.000875,6.0,-0.000875,6.0,-0.000547,-0.000438
BIL,1,-0.003008,2016-11-01,2017-10-31,12,120000.0,120457.469613,120671.136873,0.003812,0.005593,-0.001771,-0.000875,6.0,-0.000875,6.0,-0.000657,-0.000657
BIL,1,-0.002768,2016-12-01,2017-11-30,12,120000.0,120466.287386,120708.045562,0.003886,0.0059,-0.002003,-0.000438,3.0,-0.000438,3.0,-0.000241,-0.000241
BIL,1,-0.002572,2017-01-03,2017-12-29,12,120000.0,120496.220596,120774.138822,0.004135,0.006451,-0.002301,-0.000438,3.0,-0.000438,3.0,-0.000219,-0.000219
BIL,1,-0.002507,2017-02-01,2018-01-31,12,120000.0,120588.73503,120924.74838,0.004906,0.007706,-0.002779,-0.000438,2.0,-0.000438,2.0,-0.000219,-0.000219
BIL,1,-0.002463,2017-03-01,2018-02-28,12,120000.0,120612.298025,121019.973697,0.005102,0.0085,-0.003369,-0.000438,2.0,-0.000438,2.0,0.0,0.0
BIL,1,-0.002157,2017-04-03,2018-03-29,12,120000.0,120683.210351,121140.398037,0.005693,0.009503,-0.003774,-0.000438,2.0,-0.000438,2.0,0.0,0.0
BIL,1,-0.001568,2017-05-01,2018-04-30,12,120000.0,120713.905236,121194.613113,0.005949,0.009955,-0.003966,-0.000438,2.0,-0.000438,2.0,-0.000218,-0.000218
BIL,1,-0.000978,2017-06-01,2018-05-31,12,120000.0,120794.32768,121304.544039,0.006619,0.010871,-0.004206,-0.000438,2.0,-0.000438,2.0,-0.000218,-0.000218
BIL,1,-0.000213,2017-07-03,2018-06-29,12,120000.0,120864.452192,121391.98454,0.007204,0.0116,-0.004346,-0.000437,1.0,-0.000437,1.0,-0.000218,-0.000218
BIL,1,0.0,2017-08-01,2018-07-31,12,120000.0,120917.593866,121502.075283,0.007647,0.012517,-0.00481,-0.000437,1.0,-0.000437,1.0,0.0,0.0
BIL,1,0.0,2017-09-01,2018-08-31,12,120000.0,120983.432855,121580.363632,0.008195,0.01317,-0.00491,-0.000437,1.0,-0.000437,1.0,-0.000437,-0.000437
BIL,1,0.0,2017-10-02,2018-09-28,12,120000.0,121019.967679,121665.33943,0.0085,0.013878,-0.005304,-0.000219,1.0,-0.000219,1.0,-0.000219,-0.000219
BIL,1,0.0,2017-11-01,2018-10-31,12,120000.0,121086.828123,121779.75801,0.009057,0.014831,-0.00569,-0.000219,1.0,-0.000219,1.0,-0.000218,-0.000218
BIL,1,-0.000153,2017-12-01,2018-11-30,12,120000.0,121161.12215,121944.739483,0.009676,0.016206,-0.006426,-0.000219,1.0,-0.000219,1.0,0.0,0.0
BIL,1,-0.00011,2018-01-02,2018-12-31,12,120000.0,121220.533445,122071.524889,0.010171,0.017263,-0.006971,-0.000219,1.0,-0.000219,1.0,0.0,0.0
BIL,1,-4.4e-05,2018-02-01,2019-01-31,12,120000.0,121260.745616,122143.328068,0.010506,0.017861,-0.007226,-0.000219,1.0,-0.000219,1.0,0.0,0.0
BIL,1,0.0,2018-03-01,2019-02-28,12,120000.0,121304.907557,122250.09487,0.010874,0.018751,-0.007732,-0.000218,1.0,-0.000218,1.0,0.0,0.0
BIL,1,-5.5e-05,2018-04-02,2019-03-29,12,120000.0,121328.268489,122323.596126,0.011069,0.019363,-0.008137,-0.000218,1.0,-0.000218,1.0,-0.000109,-0.000109
BIL,1,-3.3e-05,2018-05-01,2019-04-30,12,120000.0,121366.074784,122415.80904,0.011384,0.020132,-0.008575,-0.000218,1.0,-0.000218,1.0,0.0,0.0
BIL,1,0.0,2018-06-01,2019-05-31,12,120000.0,121421.393735,122493.322709,0.011845,0.020778,-0.008751,-0.000218,1.0,-0.000218,1.0,0.0,0.0
BIL,1,-0.000142,2018-07-02,2019-06-28,12,120000.0,121434.124853,122558.899853,0.011951,0.021324,-0.009177,-0.000218,1.0,-0.000218,1.0,0.0,0.0
BIL,1,0.0,2018-08-01,2019-07-31,12,120000.0,121440.16042,122585.659192,0.012001,0.021547,-0.009344,-0.000218,1.0,-0.000218,1.0,0.0,0.0
BIL,1,-2.2e-05,2018-09-04,2019-08-30,12,120000.0,121427.40728,122595.032689,0.011895,0.021625,-0.009524,-0.00011,1.0,-0.00011,1.0,-0.000109,-0.000109
BIL,1,0.0,2018-10-01,2019-09-30,12,120000.0,121405.344929,122624.443481,0.011711,0.02187,-0.009942,-0.00011,1.0,-0.00011,1.0,0.0,0.0
BIL,1,0.0,2018-11-01,2019-10-31,12,120000.0,121381.668681,122593.466092,0.011514,0.021612,-0.009885,-0.00011,1.0,-0.00011,1.0,-0.0,0.0
BIL,1,-3.3e-05,2018-12-03,2019-11-29,12,120000.0,121296.902821,122529.392955,0.010808,0.021078,-0.010059,-0.00011,1.0,-0.00011,1.0,0.0,0.0
BIL,1,-0.000109,2019-01-02,2019-12-31,12,120000.0,121220.439522,122451.664751,0.01017,0.020431,-0.010055,-0.000218,3.0,-0.000218,3.0,0.0,0.0
BIL,1,0.0,2019-02-01,2020-01-31,12,120000.0,121158.49175,122359.518448,0.009654,0.019663,-0.009816,-0.000218,3.0,-0.000218,3.0,0.0,0.0
BIL,1,0.0,2019-03-01,2020-02-28,12,120000.0,121103.894648,122276.747874,0.009199,0.018973,-0.009592,-0.000218,3.0,-0.000218,3.0,-0.00011,-0.00011
BIL,1,0.0,2019-04-01,2020-03-31,12,120000.0,121158.438702,122304.737687,0.009654,0.019206,-0.009372,-0.000437,,-0.000437,,-0.000109,-0.000109
BIL,1,0.0,2019-05-01,2020-04-30,12,120000.0,120943.453886,122061.725677,0.007862,0.017181,-0.009162,-0.000817,,-0.000851,,0.0,0.0
BIL,1,-4.4e-05,2019-06-03,2020-05-29,12,120000.0,120752.307086,121792.687724,0.006269,0.014939,-0.008542,-0.000814,,-0.000851,,0.0,0.0
BIL,1,-5.5e-05,2019-07-01,2020-06-30,12,120000.0,120601.822633,121573.281761,0.005015,0.013111,-0.007991,-0.00081,,-0.000851,,0.0,0.0
BIL,1,0.0,2019-08-01,2020-07-31,12,120000.0,120483.894465,121327.771234,0.004032,0.011065,-0.006955,-0.000805,,-0.000851,,-0.00011,-0.00011
BIL,1,0.0,2019-09-03,2020-08-31,12,120000.0,120374.340792,121131.802734,0.00312,0.009432,-0.006253,-0.0008,,-0.000851,,-0.000109,-0.000109
BIL,1,-3.3e-05,2019-10-01,2020-09-30,12,120000.0,120253.699233,120937.388731,0.002114,0.007812,-0.005653,-0.000792,,-0.000851,,0.0,0.0
BIL,1,-1e-05,2019-11-01,2020-10-30,12,120000.0,120188.743269,120753.873941,0.001573,0.006282,-0.00468,-0.000782,,-0.000851,,0.0,0.0
BIL,1,0.0,2019-12-02,2020-11-30,12,120000.0,120112.767556,120599.549009,0.00094,0.004996,-0.004036,-0.000768,,-0.000851,,-0.000109,-0.000109
BIL,1,0.0,2020-01-02,2020-12-31,12,120000.0,120067.514982,120438.769765,0.000563,0.003656,-0.003083,-0.000748,,-0.000884,,-0.00011,-0.00011
BIL,1,0.0,2020-02-03,2021-01-29,12,120000.0,120030.950835,120322.978711,0.000258,0.002691,-0.002427,-0.000713,,-0.000884,,0.0,0.0
BIL,1,0.0,2020-03-02,2021-02-26,12,120000.0,119990.907342,120142.923014,-7.6e-05,0.001191,-0.001265,-0.000644,,-0.000993,,-0.000185,0.0
BIL,1,-0.000414,2020-04-01,2021-03-31,12,120000.0,119967.007723,119930.525854,-0.000275,-0.000579,0.000304,-0.000546,35.0,-0.000688,,-0.000437,-0.000579
BIL,1,-0.000698,2020-05-01,2021-04-30,12,120000.0,119971.707084,119964.596104,-0.000236,-0.000295,5.9e-05,-0.000373,,-0.000623,,-0.000345,-0.000405
BIL,1,-0.000589,2020-06-01,2021-05-28,12,120000.0,119961.505264,119938.324656,-0.000321,-0.000514,0.000193,-0.000455,,-0.000623,,-0.00043,-0.000623
BIL,1,-0.000698,2020-07-01,2021-06-30,12,120000.0,119941.54919,119925.262424,-0.000487,-0.000623,0.000136,-0.000519,,-0.000732,,-0.000487,-0.000623
BIL,1,-0.000698,2020-08-03,2021-07-30,12,120000.0,119933.579217,119912.15916,-0.000554,-0.000732,0.000179,-0.000582,,-0.000841,,-0.000554,-0.000732
BIL,1,-0.000589,2020-09-01,2021-08-31,12,120000.0,119927.816777,119885.965107,-0.000602,-0.00095,0.000349,-0.000628,,-0.00095,,-0.000602,-0.00095
BIL,1,-0.000808,2020-10-01,2021-09-30,12,120000.0,119950.403231,119925.290077,-0.000413,-0.000623,0.000209,-0.000605,,-0.000873,,-0.00057,-0.000732
BIL,1,-0.000698,2020-11-02,2021-10-29,12,120000.0,119943.544833,119899.079785,-0.00047,-0.000841,0.000371,-0.00071,,-0.001092,,-0.00069,-0.00106
BIL,1,-0.000884,2020-12-01,2021-11-30,12,120000.0,119925.665067,119895.106597,-0.000619,-0.000874,0.000255,-0.000676,,-0.001092,,-0.000656,-0.000874
BIL,1,-0.000775,2021-01-04,2021-12-31,12,120000.0,119933.31221,119881.989914,-0.000556,-0.000983,0.000428,-0.000665,,-0.001093,,-0.000665,-0.001093
BIL,1,-0.000775,2021-02-01,2022-01-31,12,120000.0,119944.239601,119881.989914,-0.000465,-0.000983,0.000519,-0.000683,,-0.001202,,-0.000683,-0.001202
BIL,1,-0.000993,2021-03-01,2022-02-28,12,120000.0,119928.978316,119881.999978,-0.000592,-0.000983,0.000392,-0.00071,,-0.001202,,-0.000701,-0.001093
BIL,1,-0.000884,2021-04-01,2022-03-31,12,120000.0,119991.502344,119923.994097,-7.1e-05,-0.000633,0.000563,-0.000666,,-0.001202,,-0.000666,-0.001202
BIL,1,-0.000993,2021-05-03,2022-04-29,12,120000.0,119984.722398,119923.961914,-0.000127,-0.000634,0.000507,-0.000612,73.0,-0.001093,,-0.000612,-0.001093
BIL,1,-0.001212,2021-06-01,2022-05-31,12,120000.0,120029.32106,119989.531123,0.000244,-8.7e-05,0.000332,-0.000571,37.0,-0.000983,101.0,-0.000559,-0.000874
BIL,1,-0.001212,2021-07-01,2022-06-30,12,120000.0,120123.295573,120082.711296,0.001027,0.000689,0.000338,-0.000546,37.0,-0.000874,94.0,-0.000519,-0.000874
BIL,1,-0.00143,2021-08-02,2022-07-29,12,120000.0,120160.550139,120152.333928,0.001338,0.001269,6.8e-05,-0.000515,37.0,-0.000765,88.0,-0.000468,-0.000656
BIL,1,-0.001539,2021-09-01,2022-08-31,12,120000.0,120379.836802,120398.222617,0.003165,0.003319,-0.000153,-0.000474,17.0,-0.000765,88.0,-0.000437,-0.000547
BIL,1,-0.00143,2021-10-01,2022-09-30,12,120000.0,120593.349555,120633.947731,0.004945,0.005283,-0.000337,-0.000415,17.0,-0.000656,73.0,-0.000415,-0.000656
BIL,1,-0.001539,2021-11-01,2022-10-31,12,120000.0,120734.364534,120838.38228,0.00612,0.006987,-0.000861,-0.000355,17.0,-0.000547,37.0,-0.000355,-0.000547
BIL,1,-0.001648,2021-12-01,2022-11-30,12,120000.0,121043.958375,121232.579982,0.0087,0.010271,-0.001556,-0.000328,16.0,-0.000437,17.0,-0.000291,-0.000437
BIL,1,-0.001867,2022-01-03,2022-12-30,12,120000.0,121377.591341,121698.793156,0.01148,0.014157,-0.002639,-0.000328,16.0,-0.000328,16.0,-0.000218,-0.000218
BIL,1,-0.001867,2022-02-01,2023-01-31,12,120000.0,121579.519182,122044.696125,0.013163,0.017039,-0.003812,-0.000328,16.0,-0.000328,16.0,-0.000218,-0.000218
BIL,1,-0.001736,2022-03-01,2023-02-28,12,120000.0,121828.26812,122450.608434,0.015236,0.020422,-0.005082,-0.000328,16.0,-0.000328,16.0,-0.000109,-0.000109
BIL,1,-0.001517,2022-04-01,2023-03-31,12,120000.0,122108.87664,122912.37374,0.017574,0.02427,-0.006537,-0.000328,2.0,-0.000328,16.0,-0.000219,-0.000219
BIL,1,-0.001517,2022-05-02,2023-04-28,12,120000.0,122306.237684,123358.644511,0.019219,0.027989,-0.008531,-0.000328,2.0,-0.000328,16.0,-0.000109,-0.000109
BIL,1,-0.001288,2022-06-01,2023-05-31,12,120000.0,122483.755339,123792.950618,0.020698,0.031608,-0.010576,-0.000219,2.0,-0.000273,1.0,0.0,0.0
BIL,1,-0.0006,2022-07-01,2023-06-30,12,120000.0,122724.835156,124277.572262,0.022707,0.035646,-0.012494,-0.000219,2.0,-0.000273,1.0,-0.000109,-0.000109
BIL,1,-8.6e-05,2022-08-01,2023-07-31,12,120000.0,122838.220414,124693.191582,0.023652,0.03911,-0.014876,-0.000219,2.0,-0.000273,1.0,0.0,0.0
BIL,1,0.0,2022-09-01,2023-08-31,12,120000.0,123052.66066,125053.844791,0.025439,0.042115,-0.016003,-0.000219,2.0,-0.000273,1.0,0.0,0.0
BIL,1,-0.000273,2022-10-03,2023-09-29,12,120000.0,123119.242186,125354.156765,0.025994,0.044618,-0.017829,-0.000219,2.0,-0.000219,2.0,0.0,0.0
BIL,1,-2.2e-05,2022-11-01,2023-10-31,12,120000.0,123200.184804,125649.706828,0.026668,0.047081,-0.019495,-0.000219,2.0,-0.000219,2.0,0.0,0.0
BIL,1,0.0,2022-12-01,2023-11-30,12,120000.0,123300.946975,125824.917515,0.027508,0.048541,-0.020059,-0.000219,2.0,-0.000219,2.0,0.0,0.0
BIL,1,0.0,2023-01-03,2023-12-29,12,120000.0,123338.528727,125920.112968,0.027821,0.049334,-0.020502,-0.000219,2.0,-0.000219,2.0,-0.000109,-0.000109
BIL,1,0.0,2023-02-01,2024-01-31,12,120000.0,123368.290405,126104.514721,0.028069,0.050871,-0.021698,-0.000219,2.0,-0.000219,2.0,0.0,0.0
BIL,1,0.0,2023-03-01,2024-02-29,12,120000.0,123400.447192,126229.776026,0.028337,0.051915,-0.022414,-0.000219,2.0,-0.000219,2.0,0.0,0.0
BIL,1,0.0,2023-04-03,2024-03-28,12,120000.0,123382.564864,126220.242144,0.028188,0.051835,-0.022482,-0.000219,2.0,-0.000219,2.0,0.0,0.0
BIL,1,0.0,2023-05-01,2024-04-30,12,120000.0,123392.468256,126333.382884,0.028271,0.052778,-0.023279,-0.000219,2.0,-0.000219,2.0,-0.000219,-0.000219
BIL,1,0.0,2023-06-01,2024-05-31,12,120000.0,123424.587154,126370.456498,0.028538,0.053087,-0.023311,-0.000109,1.0,-0.000109,1.0,0.0,0.0
BIL,1,0.0,2023-07-03,2024-06-28,12,120000.0,123382.774999,126331.994442,0.02819,0.052767,-0.023345,-0.000109,1.0,-0.000109,1.0,0.0,0.0
BIL,1,0.0,2023-08-01,2024-07-31,12,120000.0,123405.440183,126412.159559,0.028379,0.053435,-0.023785,-0.000109,1.0,-0.000109,1.0,0.0,0.0
BIL,1,0.0,2023-09-01,2024-08-30,12,120000.0,123435.983431,126380.629501,0.028633,0.053172,-0.0233,-0.000109,1.0,-0.000109,1.0,0.0,0.0
BIL,1,0.0,2023-10-02,2024-09-30,12,120000.0,123419.223911,126411.06986,0.028494,0.053426,-0.023668,-0.000109,1.0,-0.000109,1.0,0.0,0.0
BIL,1,0.0,2023-11-01,2024-10-31,12,120000.0,123367.851377,126346.258626,0.028065,0.052885,-0.023573,-0.00011,1.0,-0.00011,1.0,0.0,0.0
BIL,1,0.0,2023-12-01,2024-11-29,12,120000.0,123290.08201,126236.041634,0.027417,0.051967,-0.023337,-0.00011,1.0,-0.00011,1.0,0.0,0.0
BIL,1,0.0,2024-01-02,2024-12-31,12,120000.0,123262.61388,126217.847622,0.027188,0.051815,-0.023414,-0.00011,1.0,-0.00011,1.0,0.0,0.0
BIL,1,0.0,2024-02-01,2025-01-31,12,120000.0,123171.852366,126071.738725,0.026432,0.050598,-0.023002,-0.00011,1.0,-0.00011,1.0,0.0,0.0
BIL,1,0.0,2024-03-01,2025-02-28,12,120000.0,123060.152124,125949.331579,0.025501,0.049578,-0.022939,-0.00011,1.0,-0.00011,1.0,0.0,0.0
BIL,1,0.0,2024-04-01,2025-03-31,12,120000.0,122963.109583,125845.034067,0.024693,0.048709,-0.022901,-0.00011,1.0,-0.00011,1.0,0.0,0.0
BIL,1,0.0,2024-05-01,2025-04-30,12,120000.0,122890.407962,125739.422653,0.024087,0.047829,-0.022658,-0.00011,1.0,-0.00011,1.0,0.0,0.0
BIL,1,0.0,2024-06-03,2025-05-30,12,120000.0,122854.343527,125625.764393,0.023786,0.046881,-0.022061,-0.00011,1.0,-0.00011,1.0,0.0,0.0
BIL,1,0.0,2024-07-01,2025-06-30,12,120000.0,122793.377304,125521.598963,0.023278,0.046013,-0.021735,-0.00011,1.0,-0.00011,1.0,0.0,0.0
BIL,1,0.0,2024-08-01,2025-07-31,12,120000.0,122767.716366,125417.578731,0.023064,0.045146,-0.021128,-0.00011,1.0,-0.00011,1.0,0.0,0.0
BIL,1,0.0,2024-09-03,2025-08-29,12,120000.0,122765.51224,125284.881323,0.023046,0.044041,-0.020109,-0.00011,1.0,-0.00011,1.0,0.0,0.0
BIL,1,0.0,2024-10-01,2025-09-30,12,120000.0,122726.62171,125190.651322,0.022722,0.043255,-0.019682,-0.00011,1.0,-0.00011,1.0,0.0,0.0
BIL,1,0.0,2024-11-01,2025-10-31,12,120000.0,122721.087979,125111.440913,0.022676,0.042595,-0.019106,-0.000109,1.0,-0.000109,1.0,0.0,0.0
BIL,1,0.0,2024-12-02,2025-11-28,12,120000.0,122645.411337,125026.953889,0.022045,0.041891,-0.019048,-0.000109,1.0,-0.000109,1.0,0.0,0.0
BIL,1,0.0,2025-01-02,2025-12-31,12,120000.0,122634.987131,124949.195747,0.021958,0.041243,-0.018521,-0.000109,1.0,-0.000109,1.0,0.0,0.0
BIL,1,0.0,2025-02-03,2026-01-30,12,120000.0,122579.285045,124873.095042,0.021494,0.040609,-0.018369,-0.000109,1.0,-0.000109,1.0,0.0,0.0
BIL,1,0.0,2025-03-03,2026-02-27,12,120000.0,122497.907485,124812.054029,0.020816,0.0401,-0.018541,-0.000109,1.0,-0.000109,1.0,0.0,0.0
BIL,1,0.0,2025-04-01,2026-03-31,12,120000.0,122446.887488,124760.538189,0.020391,0.039671,-0.018545,-0.000109,1.0,-0.000109,1.0,0.0,0.0
BIL,1,0.0,2025-05-01,2026-04-30,12,120000.0,122400.15922,124695.369513,0.020001,0.039128,-0.018407,-0.000109,1.0,-0.000109,1.0,0.0,0.0
BIL,1,0.0,2025-06-02,2026-05-29,12,120000.0,122392.830834,124646.629914,0.01994,0.038722,-0.018082,-0.000109,1.0,-0.000109,1.0,0.0,0.0
BIL,1,0.0,2025-07-01,2026-06-30,12,120000.0,122337.02998,124569.29564,0.019475,0.038077,-0.01792,-0.000109,1.0,-0.000109,1.0,0.0,0.0
BIL,1,0.0,2025-08-01,2026-07-31,12,120000.0,122364.285304,124513.782279,0.019702,0.037615,-0.017263,-0.000109,1.0,-0.000109,1.0,0.0,0.0
BIL,1,0.0,2025-09-02,2026-08-31,12,120000.0,122324.356,124420.315141,0.01937,0.036836,-0.016846,-0.000109,1.0,-0.000109,1.0,0.0,0.0
BIL,3,0.0,2010-09-09,2013-08-30,36,360000.0,359775.754053,359623.259936,-0.000623,-0.001047,0.000424,-0.000965,,-0.0017,,-0.000865,-0.001265
BIL,3,-0.000219,2010-10-01,2013-09-30,36,360000.0,359707.639687,359544.716159,-0.000812,-0.001265,0.000453,-0.001115,,-0.001918,,-0.00103,-0.001482
BIL,3,0.0,2010-11-01,2013-10-31,36,360000.0,359639.708385,359387.799937,-0.001001,-0.001701,0.000701,-0.001292,,-0.002137,,-0.00122,-0.001919
BIL,3,-0.000219,2010-12-01,2013-11-29,36,360000.0,359577.940928,359387.628605,-0.001172,-0.001701,0.00053,-0.001268,,-0.002137,,-0.0012,-0.001701
BIL,3,0.0,2011-01-03,2013-12-31,36,360000.0,359592.761017,359309.085822,-0.001131,-0.001919,0.00079,-0.001243,,-0.002137,,-0.001185,-0.001919
BIL,3,-0.000219,2011-02-01,2014-01-31,36,360000.0,359611.953078,359387.628605,-0.001078,-0.001701,0.000624,-0.001215,,-0.002137,,-0.001163,-0.001701
BIL,3,-0.000219,2011-03-01,2014-02-28,36,360000.0,359707.747585,359466.359927,-0.000812,-0.001482,0.000672,-0.001187,,-0.002137,,-0.001146,-0.001701
BIL,3,-0.000436,2011-04-01,2014-03-31,36,360000.0,359643.783483,359387.628605,-0.000989,-0.001701,0.000713,-0.001156,,-0.002137,,-0.001128,-0.001701
BIL,3,-0.000436,2011-05-02,2014-04-30,36,360000.0,359660.793799,359387.628605,-0.000942,-0.001701,0.00076,-0.001178,,-0.002354,,-0.00116,-0.001918
BIL,3,-0.000436,2011-06-01,2014-05-30,36,360000.0,359679.982774,359387.628605,-0.000889,-0.001701,0.000813,-0.001151,,-0.002137,,-0.001138,-0.001918
BIL,3,-0.000436,2011-07-01,2014-06-30,36,360000.0,359620.822674,359309.347391,-0.001053,-0.001918,0.000867,-0.001122,,-0.002137,,-0.001115,-0.001918
BIL,3,-0.000218,2011-08-01,2014-07-31,36,360000.0,359558.950901,359152.032599,-0.001225,-0.002355,0.001133,-0.001225,,-0.002355,,-0.001225,-0.002355
BIL,3,-0.000218,2011-09-01,2014-08-29,36,360000.0,359659.195349,359230.821716,-0.000947,-0.002137,0.001192,-0.001204,,-0.002355,,-0.001193,-0.002355
BIL,3,-0.000436,2011-10-03,2014-09-30,36,360000.0,359682.755166,359309.347391,-0.000881,-0.001918,0.001039,-0.001188,,-0.002137,,-0.001159,-0.002137
BIL,3,-0.000436,2011-11-01,2014-10-31,36,360000.0,359623.047515,359230.541051,-0.001047,-0.002137,0.001093,-0.001304,,-0.002355,,-0.001265,-0.002355
BIL,3,-0.000872,2011-12-01,2014-11-28,36,360000.0,359646.60203,359387.17397,-0.000982,-0.001702,0.000722,-0.001285,,-0.002355,,-0.001234,-0.00192
BIL,3,-0.001046,2012-01-03,2014-12-31,36,360000.0,359587.392012,359371.528823,-0.001146,-0.001746,0.000601,-0.001413,,-0.002182,,-0.001364,-0.001964
BIL,3,-0.001046,2012-02-01,2015-01-30,36,360000.0,359528.430216,359292.974618,-0.00131,-0.001964,0.000655,-0.001391,,-0.002182,,-0.001347,-0.001964
BIL,3,-0.001046,2012-03-01,2015-02-27,36,360000.0,359548.06981,359292.974618,-0.001255,-0.001964,0.00071,-0.00151,,-0.0024,,-0.001474,-0.002182
BIL,3,-0.001264,2012-04-02,2015-03-31,36,360000.0,359569.894147,359371.241759,-0.001195,-0.001747,0.000553,-0.001662,,-0.002619,,-0.001632,-0.002183
BIL,3,-0.000828,2012-05-01,2015-04-30,36,360000.0,359513.194059,359136.017471,-0.001352,-0.0024,0.00105,-0.001635,,-0.002619,,-0.001616,-0.002619
BIL,3,-0.000828,2012-06-01,2015-05-29,36,360000.0,359460.536508,359057.255285,-0.001499,-0.002619,0.001123,-0.001612,,-0.002619,,-0.001587,-0.002619
BIL,3,-0.001264,2012-07-02,2015-06-30,36,360000.0,359486.723861,359213.948964,-0.001426,-0.002183,0.000759,-0.001675,,-0.002837,,-0.001644,-0.002402
BIL,3,-0.001046,2012-08-01,2015-07-31,36,360000.0,359508.558612,359135.716079,-0.001365,-0.002401,0.001038,-0.001648,,-0.002837,,-0.001623,-0.002619
BIL,3,-0.001264,2012-09-04,2015-08-31,36,360000.0,359532.566499,359213.948964,-0.001298,-0.002183,0.000887,-0.001759,,-0.002837,,-0.001735,-0.00262
BIL,3,-0.001264,2012-10-01,2015-09-30,36,360000.0,359397.259982,359056.956489,-0.001674,-0.00262,0.000948,-0.001728,,-0.002837,,-0.00171,-0.00262
BIL,3,-0.001046,2012-11-01,2015-10-30,36,360000.0,359342.547919,358900.128526,-0.001826,-0.003055,0.001233,-0.001838,,-0.003055,,-0.001826,-0.003055
BIL,3,-0.001264,2012-12-03,2015-11-30,36,360000.0,359451.832794,359056.956489,-0.001523,-0.00262,0.0011,-0.00181,,-0.003055,,-0.001791,-0.002838
BIL,3,-0.001264,2013-01-02,2015-12-31,36,360000.0,359401.480179,358978.310091,-0.001663,-0.002838,0.001179,-0.001899,,-0.003274,,-0.001881,-0.003056
BIL,3,-0.001482,2013-02-01,2016-01-29,36,360000.0,359506.41494,359135.526381,-0.001371,-0.002401,0.001033,-0.001866,,-0.003056,,-0.001848,-0.002838
BIL,3,-0.001264,2013-03-01,2016-02-29,36,360000.0,359534.809689,359056.956489,-0.001292,-0.00262,0.001331,-0.001831,,-0.003056,,-0.001818,-0.003056
BIL,3,-0.001482,2013-04-01,2016-03-31,36,360000.0,359561.005342,359135.526381,-0.001219,-0.002401,0.001185,-0.001794,,-0.003056,,-0.001781,-0.002838
BIL,3,-0.001482,2013-05-01,2016-04-29,36,360000.0,359742.241861,359292.55321,-0.000716,-0.001965,0.001252,-0.001755,,-0.003056,,-0.001748,-0.002838
BIL,3,-0.001264,2013-06-03,2016-05-31,36,360000.0,359764.083043,359213.948964,-0.000655,-0.002183,0.001531,-0.001713,,-0.003056,,-0.001713,-0.003056
BIL,3,-0.001264,2013-07-01,2016-06-30,36,360000.0,359707.146169,359135.302566,-0.000813,-0.002402,0.001592,-0.001668,,-0.003056,,-0.001668,-0.003056
BIL,3,-0.0017,2013-08-01,2016-07-29,36,360000.0,359884.485776,359449.872918,-0.000321,-0.001528,0.001209,-0.001628,,-0.002838,,-0.00162,-0.00262
BIL,3,-0.001482,2013-09-03,2016-08-31,36,360000.0,359901.960666,359371.36701,-0.000272,-0.001746,0.001476,-0.001584,,-0.002838,,-0.001584,-0.002838
BIL,3,-0.001482,2013-10-01,2016-09-30,36,360000.0,359998.055844,359449.880424,-5e-06,-0.001528,0.001525,-0.001546,,-0.002838,,-0.001538,-0.002838
BIL,3,-0.001918,2013-11-01,2016-10-31,36,360000.0,360094.233867,359685.396053,0.000262,-0.000874,0.001137,-0.001513,268.0,-0.00262,,-0.001488,-0.002403
BIL,3,-0.001918,2013-12-02,2016-11-30,36,360000.0,359947.805301,359528.225557,-0.000145,-0.00131,0.001167,-0.001478,268.0,-0.00262,,-0.001451,-0.002403
BIL,3,-0.002137,2014-01-02,2016-12-30,36,360000.0,360034.996952,359685.590143,9.7e-05,-0.000873,0.000971,-0.001439,268.0,-0.002403,,-0.001412,-0.002184
BIL,3,-0.002137,2014-02-03,2017-01-31,36,360000.0,360196.794527,359842.870217,0.000547,-0.000436,0.000984,-0.001397,268.0,-0.002403,,-0.001378,-0.002184
BIL,3,-0.001918,2014-03-03,2017-02-28,36,360000.0,360381.857963,359945.193175,0.001061,-0.000152,0.001213,-0.001351,268.0,-0.002403,,-0.001341,-0.002403
BIL,3,-0.002137,2014-04-01,2017-03-31,36,360000.0,360323.981892,359960.773914,0.0009,-0.000109,0.001009,-0.001312,268.0,-0.002403,,-0.001291,-0.002184
BIL,3,-0.002354,2014-05-01,2017-04-28,36,360000.0,360592.391232,360307.187629,0.001646,0.000853,0.000792,-0.001268,180.0,-0.002184,447.0,-0.001246,-0.001967
BIL,3,-0.002354,2014-06-02,2017-05-31,36,360000.0,360639.952521,360362.58212,0.001778,0.001007,0.00077,-0.00122,180.0,-0.002184,447.0,-0.001208,-0.001967
BIL,3,-0.002137,2014-07-01,2017-06-30,36,360000.0,360997.026473,360654.594709,0.00277,0.001818,0.000949,-0.001166,180.0,-0.002184,447.0,-0.001166,-0.002184
BIL,3,-0.002354,2014-08-01,2017-07-31,36,360000.0,361096.401297,360851.737268,0.003046,0.002366,0.000678,-0.001119,180.0,-0.001967,414.0,-0.001106,-0.001967
BIL,3,-0.002573,2014-09-02,2017-08-31,36,360000.0,361480.755913,361341.374522,0.004113,0.003726,0.000386,-0.001066,180.0,-0.001967,414.0,-0.001052,-0.001748
BIL,3,-0.002354,2014-10-01,2017-09-29,36,360000.0,361703.704923,361522.859936,0.004733,0.00423,0.0005,-0.00102,142.0,-0.001967,414.0,-0.001006,-0.001967
BIL,3,-0.00279,2014-11-03,2017-10-31,36,360000.0,361914.20632,361934.278932,0.005317,0.005373,-5.5e-05,-0.000968,142.0,-0.001748,386.0,-0.000937,-0.00153
BIL,3,-0.00279,2014-12-01,2017-11-30,36,360000.0,362057.257018,362132.192207,0.005715,0.005923,-0.000207,-0.000925,142.0,-0.001748,386.0,-0.000892,-0.00153
BIL,3,-0.003008,2015-01-02,2017-12-29,36,360000.0,362266.733315,362480.887412,0.006296,0.006891,-0.000591,-0.000893,142.0,-0.00153,327.0,-0.000838,-0.001312
BIL,3,-0.003008,2015-02-02,2018-01-31,36,360000.0,362672.260051,362956.787886,0.007423,0.008213,-0.000784,-0.000875,6.0,-0.00153,327.0,-0.000795,-0.001312
BIL,3,-0.003226,2015-03-02,2018-02-28,36,360000.0,362892.007156,363337.8989,0.008033,0.009272,-0.001227,-0.000875,6.0,-0.001312,268.0,-0.000744,-0.001094
BIL,3,-0.003445,2015-04-01,2018-03-29,36,360000.0,363270.563839,363890.661544,0.009085,0.010807,-0.001704,-0.000875,6.0,-0.001312,268.0,-0.000705,-0.000875
BIL,3,-0.003445,2015-05-01,2018-04-30,36,360000.0,363540.015643,364268.38837,0.009833,0.011857,-0.002,-0.000875,6.0,-0.001094,180.0,-0.000684,-0.000875
BIL,3,-0.003445,2015-06-01,2018-05-31,36,360000.0,363965.272088,364814.248779,0.011015,0.013373,-0.002327,-0.000875,6.0,-0.001094,180.0,-0.000656,-0.000875
BIL,3,-0.003445,2015-07-01,2018-06-29,36,360000.0,364372.009772,365356.836057,0.012144,0.01488,-0.002696,-0.000875,6.0,-0.000875,6.0,-0.00062,-0.000875
BIL,3,-0.003445,2015-08-03,2018-07-31,36,360000.0,364730.539007,365864.321829,0.01314,0.01629,-0.003099,-0.000875,6.0,-0.000875,6.0,-0.000583,-0.000875
BIL,3,-0.003445,2015-09-01,2018-08-31,36,360000.0,365145.246398,366444.531301,0.014292,0.017901,-0.003546,-0.000875,6.0,-0.000875,6.0,-0.000547,-0.000875
BIL,3,-0.003663,2015-10-01,2018-09-28,36,360000.0,365476.044217,367037.643499,0.015211,0.019549,-0.004255,-0.000875,6.0,-0.000875,6.0,-0.000437,-0.000656
BIL,3,-0.004098,2015-11-02,2018-10-31,36,360000.0,365903.29129,367824.830696,0.016398,0.021736,-0.005224,-0.000875,6.0,-0.000875,6.0,-0.000292,-0.000219
BIL,3,-0.004098,2015-12-01,2018-11-30,36,360000.0,366363.4735,368508.535857,0.017676,0.023635,-0.005821,-0.000875,6.0,-0.000875,6.0,-0.000328,-0.000219
BIL,3,-0.00388,2016-01-04,2018-12-31,36,360000.0,366796.60533,369101.174556,0.018879,0.025281,-0.006244,-0.000875,6.0,-0.000875,6.0,-0.000438,-0.000438
BIL,3,-0.004316,2016-02-01,2019-01-31,36,360000.0,367186.06989,369908.835872,0.019961,0.027525,-0.007361,-0.000875,6.0,-0.000875,6.0,-0.000132,0.0
BIL,3,-0.00388,2016-03-01,2019-02-28,36,360000.0,367587.888345,370430.119781,0.021077,0.028973,-0.007673,-0.000875,6.0,-0.000875,6.0,-0.000219,-0.000219
BIL,3,-0.00388,2016-04-01,2019-03-29,36,360000.0,367939.87142,371078.407777,0.022055,0.030773,-0.008458,-0.000875,6.0,-0.000875,6.0,-0.000274,0.0
BIL,3,-0.003663,2016-05-02,2019-04-30,36,360000.0,368338.096745,371711.644267,0.023161,0.032532,-0.009076,-0.000875,6.0,-0.000875,6.0,-0.000344,-0.000218
BIL,3,-0.003445,2016-06-01,2019-05-31,36,360000.0,368793.145778,372418.747557,0.024425,0.034497,-0.009735,-0.000875,6.0,-0.000875,6.0,-0.000402,-0.000219
BIL,3,-0.003226,2016-07-01,2019-06-28,36,360000.0,369117.556094,373013.070114,0.025327,0.036147,-0.010443,-0.000875,6.0,-0.000875,6.0,-0.000438,-0.000438
BIL,3,-0.003445,2016-08-01,2019-07-31,36,360000.0,369422.011066,373768.105158,0.026172,0.038245,-0.011628,-0.000875,6.0,-0.000875,6.0,-0.000438,-0.000219
BIL,3,-0.003226,2016-09-01,2019-08-30,36,360000.0,369662.292278,374319.477576,0.02684,0.039776,-0.012442,-0.000875,6.0,-0.000875,6.0,-0.000511,-0.000438
BIL,3,-0.003226,2016-10-03,2019-09-30,36,360000.0,369860.151675,374925.250125,0.027389,0.041459,-0.01351,-0.000875,6.0,-0.000875,6.0,-0.000547,-0.000438
BIL,3,-0.003008,2016-11-01,2019-10-31,36,360000.0,370039.438089,375445.574589,0.027887,0.042904,-0.014399,-0.000875,6.0,-0.000875,6.0,-0.000657,-0.000657
BIL,3,-0.002768,2016-12-01,2019-11-29,36,360000.0,370010.881536,375761.764938,0.027808,0.043783,-0.015305,-0.000438,3.0,-0.000438,3.0,-0.000241,-0.000241
BIL,3,-0.002572,2017-01-03,2019-12-31,36,360000.0,369984.588221,376107.084359,0.027735,0.044742,-0.016279,-0.000438,3.0,-0.000438,3.0,-0.000219,-0.000219
BIL,3,-0.002507,2017-02-01,2020-01-31,36,360000.0,369978.62541,376534.965603,0.027718,0.04593,-0.017412,-0.000438,2.0,-0.000438,2.0,-0.000219,-0.000219
BIL,3,-0.002463,2017-03-01,2020-02-28,36,360000.0,369954.997035,376963.275221,0.027653,0.04712,-0.018591,-0.000438,2.0,-0.000438,2.0,0.0,0.0
BIL,3,-0.002157,2017-04-03,2020-03-31,36,360000.0,370236.306561,377618.362496,0.028434,0.04894,-0.019549,-0.000438,2.0,-0.000438,2.0,0.0,0.0
BIL,3,-0.001568,2017-05-01,2020-04-30,36,360000.0,369675.04545,377321.376938,0.026875,0.048115,-0.020265,-0.00084,,-0.000851,,-0.000218,-0.000218
BIL,3,-0.000978,2017-06-01,2020-05-29,36,360000.0,369131.195111,377032.717536,0.025364,0.047313,-0.020957,-0.00084,,-0.000851,,-0.000218,-0.000218
BIL,3,-0.000213,2017-07-03,2020-06-30,36,360000.0,368656.970258,376744.165116,0.024047,0.046512,-0.021466,-0.000839,,-0.000851,,-0.000218,-0.000218
BIL,3,0.0,2017-08-01,2020-07-31,36,360000.0,368232.132151,376603.977814,0.022867,0.046122,-0.02223,-0.000839,,-0.000851,,0.0,0.0
BIL,3,0.0,2017-09-01,2020-08-31,36,360000.0,367772.004474,376249.958262,0.021589,0.045139,-0.022533,-0.000838,,-0.000851,,-0.000437,-0.000437
BIL,3,0.0,2017-10-02,2020-09-30,36,360000.0,367240.224411,375904.535408,0.020112,0.044179,-0.023049,-0.000838,,-0.000851,,-0.000219,-0.000219
BIL,3,0.0,2017-11-01,2020-10-30,36,360000.0,366838.597829,375658.143706,0.018996,0.043495,-0.023478,-0.000838,,-0.000851,,-0.000218,-0.000218
BIL,3,-0.000153,2017-12-01,2020-11-30,36,360000.0,366363.530948,375428.042324,0.017676,0.042856,-0.024144,-0.000837,,-0.000851,,0.0,0.0
BIL,3,-0.00011,2018-01-02,2020-12-31,36,360000.0,365947.761291,375145.087219,0.016522,0.04207,-0.024517,-0.000837,,-0.000884,,0.0,0.0
BIL,3,-4.4e-05,2018-02-01,2021-01-29,36,360000.0,365527.064424,374710.284664,0.015353,0.040862,-0.024508,-0.000836,,-0.000884,,0.0,0.0
BIL,3,0.0,2018-03-01,2021-02-26,36,360000.0,365078.500963,374305.077756,0.014107,0.039736,-0.02465,-0.000835,,-0.000993,,0.0,0.0
BIL,3,-5.5e-05,2018-04-02,2021-03-31,36,360000.0,364642.472103,373835.047372,0.012896,0.038431,-0.02459,-0.000835,,-0.000993,,-0.000109,-0.000109
BIL,3,-3.3e-05,2018-05-01,2021-04-30,36,360000.0,364257.075081,373398.051454,0.011825,0.037217,-0.024481,-0.000842,,-0.001103,,0.0,0.0
BIL,3,0.0,2018-06-01,2021-05-28,36,360000.0,363845.016335,372802.554411,0.010681,0.035563,-0.024028,-0.000923,,-0.001212,,0.0,0.0
BIL,3,-0.000142,2018-07-02,2021-06-30,36,360000.0,363411.13873,372244.887114,0.009475,0.034014,-0.023731,-0.000999,,-0.001321,,0.0,0.0
BIL,3,0.0,2018-08-01,2021-07-30,36,360000.0,363030.240763,371614.940362,0.008417,0.032264,-0.023101,-0.001075,,-0.00143,,0.0,0.0
BIL,3,-2.2e-05,2018-09-04,2021-08-31,36,360000.0,362668.041333,370974.071971,0.007411,0.030484,-0.02239,-0.001144,,-0.001539,,-0.000109,-0.000109
BIL,3,0.0,2018-10-01,2021-09-30,36,360000.0,362402.734945,370503.949607,0.006674,0.029178,-0.021865,-0.001132,,-0.001539,,0.0,0.0
BIL,3,0.0,2018-11-01,2021-10-29,36,360000.0,362071.461448,369775.873755,0.005754,0.027155,-0.020835,-0.00128,,-0.001758,,-0.0,0.0
BIL,3,-3.3e-05,2018-12-03,2021-11-30,36,360000.0,361720.613973,369101.776317,0.004779,0.025283,-0.019998,-0.001266,,-0.001758,,0.0,0.0
BIL,3,-0.000109,2019-01-02,2021-12-31,36,360000.0,361466.692879,368456.578385,0.004074,0.02349,-0.018971,-0.0013,,-0.001867,,0.0,0.0
BIL,3,0.0,2019-02-01,2022-01-31,36,360000.0,361232.88114,367736.73417,0.003425,0.021491,-0.017686,-0.001357,,-0.001976,,0.0,0.0
BIL,3,0.0,2019-03-01,2022-02-28,36,360000.0,360940.247201,366974.202234,0.002612,0.019373,-0.016442,-0.001415,,-0.002085,,-0.00011,-0.00011
BIL,3,0.0,2019-04-01,2022-03-31,36,360000.0,360909.827625,366477.497483,0.002527,0.017993,-0.015192,-0.001395,,-0.002085,,-0.000109,-0.000109
BIL,3,0.0,2019-05-01,2022-04-29,36,360000.0,360690.47535,365781.313443,0.001918,0.016059,-0.013918,-0.001375,,-0.002085,,0.0,0.0
BIL,3,-4.4e-05,2019-06-03,2022-05-31,36,360000.0,360647.038751,365158.538515,0.001797,0.014329,-0.012355,-0.001353,,-0.002085,,0.0,0.0
BIL,3,-5.5e-05,2019-07-01,2022-06-30,36,360000.0,360783.592472,364783.776114,0.002177,0.013288,-0.010966,-0.001329,128.0,-0.002085,,0.0,0.0
BIL,3,0.0,2019-08-01,2022-07-29,36,360000.0,360781.728909,364138.761328,0.002171,0.011497,-0.009219,-0.001305,127.0,-0.002085,,-0.00011,-0.00011
BIL,3,0.0,2019-09-03,2022-08-31,36,360000.0,361364.672088,364254.866494,0.003791,0.011819,-0.007935,-0.001279,127.0,-0.002085,169.0,-0.000109,-0.000109
BIL,3,-3.3e-05,2019-10-01,2022-09-30,36,360000.0,361991.162343,364501.791893,0.005531,0.012505,-0.006888,-0.00125,127.0,-0.002085,169.0,-0.000169,0.0
BIL,3,-1e-05,2019-11-01,2022-10-31,36,360000.0,362442.556291,364485.778322,0.006785,0.01246,-0.005606,-0.00122,127.0,-0.002085,169.0,-0.000408,0.0
BIL,3,0.0,2019-12-02,2022-11-30,36,360000.0,363459.113524,365207.356688,0.009609,0.014465,-0.004787,-0.001188,122.0,-0.002085,169.0,-0.000604,-0.000109
BIL,3,0.0,2020-01-02,2022-12-30,36,360000.0,364629.675785,366030.953189,0.01286,0.016753,-0.003828,-0.001154,101.0,-0.002085,169.0,-0.00077,-0.00011
BIL,3,0.0,2020-02-03,2023-01-31,36,360000.0,365496.961836,366718.412332,0.015269,0.018662,-0.003331,-0.001116,101.0,-0.002085,169.0,-0.000895,0.0
BIL,3,0.0,2020-03-02,2023-02-28,36,360000.0,366572.820161,367475.953732,0.018258,0.020767,-0.002458,-0.001076,101.0,-0.002085,169.0,-0.000989,-1.2e-05
BIL,3,-0.000414,2020-04-01,2023-03-31,36,360000.0,367826.686681,368330.377544,0.021741,0.02314,-0.001367,-0.001038,101.0,-0.00178,158.0,-0.001032,-0.001671
BIL,3,-0.000698,2020-05-01,2023-04-28,36,360000.0,368927.540457,369772.729444,0.024799,0.027146,-0.002286,-0.001018,101.0,-0.001606,157.0,-0.001003,-0.001387
BIL,3,-0.000589,2020-06-01,2023-05-31,36,360000.0,370038.616024,371119.19033,0.027885,0.030887,-0.002912,-0.000999,101.0,-0.001497,136.0,-0.000984,-0.001497
BIL,3,-0.000698,2020-07-01,2023-06-30,36,360000.0,371427.300308,372869.531149,0.031743,0.035749,-0.003868,-0.000978,101.0,-0.001497,136.0,-0.000959,-0.001387
BIL,3,-0.000698,2020-08-03,2023-07-31,36,360000.0,372499.717088,374308.907353,0.034721,0.039747,-0.004833,-0.000954,94.0,-0.001497,136.0,-0.000936,-0.001387
BIL,3,-0.000589,2020-09-01,2023-08-31,36,360000.0,373947.785443,376126.896265,0.038744,0.044797,-0.005794,-0.000929,94.0,-0.001497,136.0,-0.000911,-0.001497
BIL,3,-0.000808,2020-10-01,2023-09-29,36,360000.0,374988.678215,377710.552209,0.041635,0.049196,-0.007206,-0.0009,94.0,-0.00142,135.0,-0.000877,-0.001278
BIL,3,-0.000698,2020-11-02,2023-10-31,36,360000.0,376109.081801,379296.771604,0.044747,0.053602,-0.008404,-0.000867,94.0,-0.00142,135.0,-0.000852,-0.001387
BIL,3,-0.000884,2020-12-01,2023-11-30,36,360000.0,377328.509944,381143.642734,0.048135,0.058732,-0.01001,-0.00083,88.0,-0.00142,135.0,-0.000816,-0.001202
BIL,3,-0.000775,2021-01-04,2023-12-29,36,360000.0,378349.802369,382731.294215,0.050972,0.063142,-0.011448,-0.000788,88.0,-0.001311,128.0,-0.000788,-0.001311
BIL,3,-0.000775,2021-02-01,2024-01-31,36,360000.0,379329.071939,384364.477837,0.053692,0.067679,-0.013101,-0.000748,88.0,-0.001311,128.0,-0.000748,-0.001311
BIL,3,-0.000993,2021-03-01,2024-02-29,36,360000.0,380329.748441,386156.719227,0.056472,0.072658,-0.01509,-0.00071,73.0,-0.001202,127.0,-0.000701,-0.001093
BIL,3,-0.000884,2021-04-01,2024-03-28,36,360000.0,381157.408719,387698.309609,0.058771,0.07694,-0.016871,-0.000666,73.0,-0.001202,127.0,-0.000666,-0.001202
BIL,3,-0.000993,2021-05-03,2024-04-30,36,360000.0,382029.253058,389416.344365,0.061192,0.081712,-0.01897,-0.000612,73.0,-0.001093,101.0,-0.000612,-0.001093
BIL,3,-0.001212,2021-06-01,2024-05-31,36,360000.0,382953.496033,391282.760055,0.06376,0.086897,-0.021287,-0.000571,37.0,-0.000983,101.0,-0.000559,-0.000874
BIL,3,-0.001212,2021-07-01,2024-06-28,36,360000.0,383608.525514,392845.132331,0.065579,0.091236,-0.023512,-0.000546,37.0,-0.000874,94.0,-0.000519,-0.000874
BIL,3,-0.00143,2021-08-02,2024-07-31,36,360000.0,384417.889344,394702.371691,0.067827,0.096395,-0.026056,-0.000515,37.0,-0.000765,88.0,-0.000468,-0.000656
BIL,3,-0.001539,2021-09-01,2024-08-30,36,360000.0,385221.959358,396568.004293,0.070061,0.101578,-0.028611,-0.000474,17.0,-0.000765,88.0,-0.000437,-0.000547
BIL,3,-0.00143,2021-10-01,2024-09-30,36,360000.0,385824.383852,398198.915868,0.071734,0.106108,-0.031076,-0.000415,17.0,-0.000656,73.0,-0.000415,-0.000656
BIL,3,-0.001539,2021-11-01,2024-10-31,36,360000.0,386280.165561,399814.742183,0.073,0.110597,-0.033852,-0.000355,17.0,-0.000547,37.0,-0.000355,-0.000547
BIL,3,-0.001648,2021-12-01,2024-11-29,36,360000.0,386597.765952,401340.921276,0.073883,0.114836,-0.036735,-0.000328,16.0,-0.000437,17.0,-0.000291,-0.000437
BIL,3,-0.001867,2022-01-03,2024-12-31,36,360000.0,387000.599177,403047.071305,0.075002,0.119575,-0.039813,-0.000328,16.0,-0.000328,16.0,-0.000218,-0.000218
BIL,3,-0.001867,2022-02-01,2025-01-31,36,360000.0,387152.910357,404457.673774,0.075425,0.123494,-0.042785,-0.000328,16.0,-0.000328,16.0,-0.000218,-0.000218
BIL,3,-0.001736,2022-03-01,2025-02-28,36,360000.0,387164.532195,405713.817681,0.075457,0.126983,-0.04572,-0.000328,16.0,-0.000328,16.0,-0.000109,-0.000109
BIL,3,-0.001517,2022-04-01,2025-03-31,36,360000.0,387154.605401,406951.532065,0.075429,0.130421,-0.048647,-0.000328,2.0,-0.000328,16.0,-0.000219,-0.000219
BIL,3,-0.001517,2022-05-02,2025-04-30,36,360000.0,387160.837873,408336.070067,0.075447,0.134267,-0.051857,-0.000328,2.0,-0.000328,16.0,-0.000109,-0.000109
BIL,3,-0.001288,2022-06-01,2025-05-30,36,360000.0,387217.159051,409725.184967,0.075603,0.138126,-0.054934,-0.000219,2.0,-0.000273,1.0,0.0,0.0
BIL,3,-0.0006,2022-07-01,2025-06-30,36,360000.0,387125.472393,410813.405015,0.075349,0.141148,-0.057661,-0.000219,2.0,-0.000273,1.0,-0.000109,-0.000109
BIL,3,-8.6e-05,2022-08-01,2025-07-31,36,360000.0,387087.653795,412066.418032,0.075243,0.144629,-0.060618,-0.000219,2.0,-0.000273,1.0,0.0,0.0
BIL,3,0.0,2022-09-01,2025-08-29,36,360000.0,387067.018383,412740.565286,0.075186,0.146502,-0.062203,-0.000219,2.0,-0.000273,1.0,0.0,0.0
BIL,3,-0.000273,2022-10-03,2025-09-30,36,360000.0,386872.882127,413447.998989,0.074647,0.148467,-0.064277,-0.000219,2.0,-0.000219,2.0,0.0,0.0
BIL,3,-2.2e-05,2022-11-01,2025-10-31,36,360000.0,386738.854117,414093.120324,0.074275,0.150259,-0.066058,-0.000219,2.0,-0.000219,2.0,0.0,0.0
BIL,3,0.0,2022-12-01,2025-11-28,36,360000.0,386342.722981,413924.974791,0.073174,0.149792,-0.066636,-0.000219,2.0,-0.000219,2.0,0.0,0.0
BIL,3,0.0,2023-01-03,2025-12-31,36,360000.0,386133.575885,413857.248915,0.072593,0.149603,-0.066988,-0.000219,2.0,-0.000219,2.0,-0.000109,-0.000109
BIL,3,0.0,2023-02-01,2026-01-30,36,360000.0,385769.603234,413921.610432,0.071582,0.149782,-0.068013,-0.000219,2.0,-0.000219,2.0,0.0,0.0
BIL,3,0.0,2023-03-01,2026-02-27,36,360000.0,385296.400936,413601.380432,0.070268,0.148893,-0.068435,-0.000219,2.0,-0.000219,2.0,0.0,0.0
BIL,3,0.0,2023-04-03,2026-03-31,36,360000.0,384910.695987,413066.21982,0.069196,0.147406,-0.068162,-0.000219,2.0,-0.000219,2.0,0.0,0.0
BIL,3,0.0,2023-05-01,2026-04-30,36,360000.0,384541.791788,412846.675208,0.068172,0.146796,-0.06856,-0.000219,2.0,-0.000219,2.0,-0.000219,-0.000219
BIL,3,0.0,2023-06-01,2026-05-29,36,360000.0,384286.379963,412392.619721,0.067462,0.145535,-0.068154,-0.00011,1.0,-0.00011,1.0,0.0,0.0
BIL,3,0.0,2023-07-03,2026-06-30,36,360000.0,383873.071127,411746.25105,0.066314,0.14374,-0.067695,-0.00011,1.0,-0.00011,1.0,0.0,0.0
BIL,3,0.0,2023-08-01,2026-07-31,36,360000.0,383721.760259,411541.091679,0.065894,0.14317,-0.067598,-0.00011,1.0,-0.00011,1.0,0.0,0.0
BIL,3,0.0,2023-09-01,2026-08-31,36,360000.0,383346.758505,410681.090533,0.064852,0.140781,-0.066559,-0.00011,1.0,-0.00011,1.0,0.0,0.0
BIL,5,0.0,2010-09-09,2015-08-31,60,600000.0,598854.590535,598194.255814,-0.001909,-0.00301,0.001104,-0.002403,,-0.00388,,-0.002345,-0.003445
BIL,5,-0.000219,2010-10-01,2015-09-30,60,600000.0,598622.947023,597932.818314,-0.002295,-0.003445,0.001154,-0.002378,,-0.00388,,-0.002327,-0.003445
BIL,5,0.0,2010-11-01,2015-10-30,60,600000.0,598524.09149,597671.202211,-0.00246,-0.003881,0.001427,-0.002503,,-0.004098,,-0.00246,-0.003881
BIL,5,-0.000219,2010-12-01,2015-11-30,60,600000.0,598694.040331,597932.818314,-0.002177,-0.003445,0.001273,-0.002476,,-0.004098,,-0.002436,-0.003664
BIL,5,0.0,2011-01-03,2015-12-31,60,600000.0,598599.540628,597671.202211,-0.002334,-0.003881,0.001553,-0.002585,,-0.004316,,-0.002553,-0.004099
BIL,5,-0.000219,2011-02-01,2016-01-29,60,600000.0,598767.315159,597932.818314,-0.002054,-0.003445,0.001396,-0.002556,,-0.004316,,-0.002526,-0.003882
BIL,5,-0.000219,2011-03-01,2016-02-29,60,600000.0,598806.14978,597932.818314,-0.00199,-0.003445,0.001461,-0.002526,,-0.004316,,-0.002503,-0.003882
BIL,5,-0.000436,2011-04-01,2016-03-31,60,600000.0,598840.602808,597932.818314,-0.001932,-0.003445,0.001518,-0.002494,,-0.004316,,-0.002479,-0.003882
BIL,5,-0.000436,2011-05-02,2016-04-29,60,600000.0,599136.905316,598194.255814,-0.001438,-0.00301,0.001576,-0.002465,,-0.004316,,-0.002454,-0.003882
BIL,5,-0.000436,2011-06-01,2016-05-31,60,600000.0,599169.190935,598194.255814,-0.001385,-0.00301,0.00163,-0.002436,,-0.004099,,-0.002428,-0.003882
BIL,5,-0.000436,2011-07-01,2016-06-30,60,600000.0,599068.09782,598063.287005,-0.001553,-0.003228,0.00168,-0.002405,,-0.004099,,-0.002401,-0.003882
BIL,5,-0.000218,2011-08-01,2016-07-29,60,600000.0,599358.634758,598194.712954,-0.001069,-0.003009,0.001946,-0.002373,,-0.004099,,-0.002373,-0.004099
BIL,5,-0.000218,2011-09-01,2016-08-31,60,600000.0,599390.916458,598194.712954,-0.001015,-0.003009,0.002,-0.002347,,-0.004099,,-0.00234,-0.004099
BIL,5,-0.000436,2011-10-03,2016-09-30,60,600000.0,599551.962671,598456.193434,-0.000747,-0.002573,0.001831,-0.002325,,-0.003882,,-0.002305,-0.003882
BIL,5,-0.000436,2011-11-01,2016-10-31,60,600000.0,599710.96698,598587.037214,-0.000482,-0.002355,0.001878,-0.002302,,-0.003882,,-0.002274,-0.003882
BIL,5,-0.000872,2011-12-01,2016-11-30,60,600000.0,599474.63782,598586.358587,-0.000876,-0.002356,0.001484,-0.002277,,-0.003882,,-0.002241,-0.003447
BIL,5,-0.001046,2012-01-03,2016-12-30,60,600000.0,599624.643089,598821.686916,-0.000626,-0.001964,0.001341,-0.002252,,-0.003491,,-0.002216,-0.003274
BIL,5,-0.001046,2012-02-01,2017-01-31,60,600000.0,599902.115979,599083.534268,-0.000163,-0.001527,0.001366,-0.002226,414.0,-0.003491,,-0.002193,-0.003274
BIL,5,-0.001046,2012-03-01,2017-02-28,60,600000.0,600218.783279,599385.165403,0.000365,-0.001025,0.001391,-0.002198,414.0,-0.003491,,-0.00217,-0.003274
BIL,5,-0.001264,2012-04-02,2017-03-31,60,600000.0,600127.480164,599410.371001,0.000212,-0.000983,0.001196,-0.002169,414.0,-0.003491,,-0.002145,-0.003056
BIL,5,-0.000828,2012-05-01,2017-04-28,60,600000.0,600583.128215,599594.86943,0.000972,-0.000675,0.001648,-0.002139,414.0,-0.003491,,-0.002124,-0.003491
BIL,5,-0.000828,2012-06-01,2017-05-31,60,600000.0,600682.873771,599687.052582,0.001138,-0.000522,0.001661,-0.002113,414.0,-0.003491,,-0.002093,-0.003491
BIL,5,-0.001264,2012-07-02,2017-06-30,60,600000.0,601302.104444,600565.728503,0.00217,0.000943,0.001226,-0.002085,414.0,-0.003491,546.0,-0.002059,-0.003056
BIL,5,-0.001046,2012-08-01,2017-07-31,60,600000.0,601489.221651,600632.286917,0.002482,0.001054,0.001427,-0.002056,414.0,-0.003491,546.0,-0.002035,-0.003274
BIL,5,-0.001264,2012-09-04,2017-08-31,60,600000.0,602160.103572,601446.35543,0.0036,0.002411,0.001187,-0.002026,386.0,-0.003274,534.0,-0.002004,-0.003056
BIL,5,-0.001264,2012-10-01,2017-09-29,60,600000.0,602569.92454,601880.443502,0.004283,0.003134,0.001146,-0.001994,386.0,-0.003274,534.0,-0.001977,-0.003056
BIL,5,-0.001046,2012-11-01,2017-10-31,60,600000.0,602960.054243,602170.718302,0.004933,0.003618,0.001311,-0.00196,386.0,-0.003274,534.0,-0.001949,-0.003274
BIL,5,-0.001264,2012-12-03,2017-11-30,60,600000.0,603252.47481,602631.244435,0.005421,0.004385,0.001031,-0.001931,386.0,-0.003274,534.0,-0.001913,-0.003056
BIL,5,-0.001264,2013-01-02,2017-12-29,60,600000.0,603656.808574,603079.660292,0.006095,0.005133,0.000957,-0.001899,386.0,-0.003274,534.0,-0.001881,-0.003056
BIL,5,-0.001482,2013-02-01,2018-01-31,60,600000.0,604396.864841,604003.583356,0.007328,0.006673,0.000651,-0.001866,386.0,-0.003056,525.0,-0.001848,-0.002838
BIL,5,-0.001264,2013-03-01,2018-02-28,60,600000.0,604832.991928,604373.477999,0.008055,0.007289,0.00076,-0.001831,386.0,-0.003056,525.0,-0.001818,-0.003056
BIL,5,-0.001482,2013-04-01,2018-03-29,60,600000.0,605546.33763,605292.615164,0.009244,0.008821,0.000419,-0.001794,358.0,-0.003056,525.0,-0.001781,-0.002838
BIL,5,-0.001482,2013-05-01,2018-04-30,60,600000.0,606087.161523,605920.922736,0.010145,0.009868,0.000274,-0.001755,327.0,-0.003056,525.0,-0.001748,-0.002838
BIL,5,-0.001264,2013-06-03,2018-05-31,60,600000.0,606895.791777,606696.14325,0.011493,0.01116,0.000329,-0.001713,327.0,-0.003056,525.0,-0.001713,-0.003056
BIL,5,-0.001264,2013-07-01,2018-06-29,60,600000.0,607685.999043,607598.480838,0.01281,0.012664,0.000144,-0.001668,327.0,-0.003056,525.0,-0.001668,-0.003056
BIL,5,-0.0017,2013-08-01,2018-07-31,60,600000.0,608404.685257,608708.530231,0.014008,0.014514,-0.000499,-0.001628,327.0,-0.002838,518.0,-0.00162,-0.00262
BIL,5,-0.001482,2013-09-03,2018-08-31,60,600000.0,609223.609465,609540.700281,0.015373,0.015901,-0.00052,-0.001584,327.0,-0.002838,518.0,-0.001584,-0.002838
BIL,5,-0.001482,2013-10-01,2018-09-28,60,600000.0,609915.968586,610393.609036,0.016527,0.017323,-0.000783,-0.001546,327.0,-0.002838,518.0,-0.001538,-0.002838
BIL,5,-0.001918,2013-11-01,2018-10-31,60,600000.0,610782.684594,611702.202478,0.017971,0.019504,-0.001503,-0.001513,268.0,-0.00262,506.0,-0.001488,-0.002403
BIL,5,-0.001918,2013-12-02,2018-11-30,60,600000.0,611720.404726,612839.221836,0.019534,0.021399,-0.001826,-0.001478,268.0,-0.00262,506.0,-0.001451,-0.002403
BIL,5,-0.002137,2014-01-02,2018-12-31,60,600000.0,612624.364027,614093.775019,0.021041,0.02349,-0.002393,-0.001439,268.0,-0.002403,496.0,-0.001412,-0.002184
BIL,5,-0.002137,2014-02-03,2019-01-31,60,600000.0,613461.790323,615167.983648,0.022436,0.02528,-0.002774,-0.001397,268.0,-0.002403,496.0,-0.001378,-0.002184
BIL,5,-0.001918,2014-03-03,2019-02-28,60,600000.0,614341.213366,616169.828949,0.023902,0.02695,-0.002968,-0.001351,268.0,-0.002403,496.0,-0.001341,-0.002403
BIL,5,-0.002137,2014-04-01,2019-03-29,60,600000.0,615145.302067,617383.405875,0.025242,0.028972,-0.003625,-0.001312,268.0,-0.002403,496.0,-0.001291,-0.002184
BIL,5,-0.002354,2014-05-01,2019-04-30,60,600000.0,616037.454547,618706.664334,0.026729,0.031178,-0.004314,-0.001268,180.0,-0.002184,447.0,-0.001246,-0.001967
BIL,5,-0.002354,2014-06-02,2019-05-31,60,600000.0,617031.620434,620019.370951,0.028386,0.033366,-0.004819,-0.00122,180.0,-0.002184,447.0,-0.001208,-0.001967
BIL,5,-0.002137,2014-07-01,2019-06-28,60,600000.0,617818.050477,621009.752354,0.029697,0.035016,-0.00514,-0.001166,180.0,-0.002184,447.0,-0.001166,-0.002184
BIL,5,-0.002354,2014-08-01,2019-07-31,60,600000.0,618582.592069,622265.841776,0.030971,0.03711,-0.005919,-0.001119,180.0,-0.001967,414.0,-0.001106,-0.001967
BIL,5,-0.002573,2014-09-02,2019-08-30,60,600000.0,619256.533415,623457.232919,0.032094,0.039095,-0.006738,-0.001066,180.0,-0.001967,414.0,-0.001052,-0.001748
BIL,5,-0.002354,2014-10-01,2019-09-30,60,600000.0,619865.139136,624329.230177,0.033109,0.040549,-0.00715,-0.00102,142.0,-0.001967,414.0,-0.001006,-0.001967
BIL,5,-0.00279,2014-11-03,2019-10-31,60,600000.0,620455.197815,625605.844658,0.034092,0.042676,-0.008233,-0.000968,142.0,-0.001748,386.0,-0.000937,-0.00153
BIL,5,-0.00279,2014-12-01,2019-11-29,60,600000.0,620700.189277,626283.539718,0.0345,0.043806,-0.008915,-0.000925,142.0,-0.001748,386.0,-0.000892,-0.00153
BIL,5,-0.003008,2015-01-02,2019-12-31,60,600000.0,620953.334539,627119.307303,0.034922,0.045199,-0.009832,-0.000893,142.0,-0.00153,327.0,-0.000838,-0.001312
BIL,5,-0.003008,2015-02-02,2020-01-31,60,600000.0,621244.841212,627874.054242,0.035408,0.046457,-0.010558,-0.000875,6.0,-0.00153,327.0,-0.000795,-0.001312
BIL,5,-0.003226,2015-03-02,2020-02-28,60,600000.0,621512.790579,628753.16362,0.035855,0.047922,-0.011515,-0.000875,6.0,-0.001312,268.0,-0.000744,-0.001094
BIL,5,-0.003445,2015-04-01,2020-03-31,60,600000.0,622300.414739,630176.949718,0.037167,0.050295,-0.012499,-0.000875,6.0,-0.001312,268.0,-0.000705,-0.000875
BIL,5,-0.003445,2015-05-01,2020-04-30,60,600000.0,621676.021351,630052.98459,0.036127,0.050088,-0.013296,-0.000875,6.0,-0.001094,180.0,-0.000684,-0.000875
BIL,5,-0.003445,2015-06-01,2020-05-29,60,600000.0,621068.451383,629943.002376,0.035114,0.049905,-0.014088,-0.000875,6.0,-0.001094,180.0,-0.000656,-0.000875
BIL,5,-0.003445,2015-07-01,2020-06-30,60,600000.0,620568.307534,629943.002376,0.034281,0.049905,-0.014882,-0.000875,6.0,-0.000875,6.0,-0.00062,-0.000875
BIL,5,-0.003445,2015-08-03,2020-07-31,60,600000.0,620137.088695,630011.913695,0.033562,0.05002,-0.015674,-0.000875,6.0,-0.000875,6.0,-0.000583,-0.000875
BIL,5,-0.003445,2015-09-01,2020-08-31,60,600000.0,619637.984062,630011.913695,0.03273,0.05002,-0.016466,-0.000875,6.0,-0.000875,6.0,-0.000547,-0.000875
BIL,5,-0.003663,2015-10-01,2020-09-30,60,600000.0,619002.280089,630011.963342,0.03167,0.05002,-0.017475,-0.000875,6.0,-0.000875,6.0,-0.000437,-0.000656
BIL,5,-0.004098,2015-11-02,2020-10-30,60,600000.0,618569.809442,630356.506632,0.03095,0.050594,-0.018698,-0.000875,6.0,-0.000875,6.0,-0.000292,-0.000219
BIL,5,-0.004098,2015-12-01,2020-11-30,60,600000.0,617996.194319,630287.487335,0.029994,0.050479,-0.019501,-0.000875,6.0,-0.000875,6.0,-0.000328,-0.000219
BIL,5,-0.00388,2016-01-04,2020-12-31,60,600000.0,617512.453904,630170.132942,0.029187,0.050284,-0.020086,-0.000875,6.0,-0.000884,,-0.000438,-0.000438
BIL,5,-0.004316,2016-02-01,2021-01-29,60,600000.0,617009.618355,630446.24787,0.028349,0.050744,-0.021313,-0.000875,6.0,-0.000884,,-0.000132,0.0
BIL,5,-0.00388,2016-03-01,2021-02-26,60,600000.0,616434.734734,630101.191493,0.027391,0.050169,-0.021689,-0.000875,6.0,-0.000993,,-0.000219,-0.000219
BIL,5,-0.00388,2016-04-01,2021-03-31,60,600000.0,615866.992376,630032.500969,0.026445,0.050054,-0.022484,-0.000875,6.0,-0.000993,,-0.000274,0.0
BIL,5,-0.003663,2016-05-02,2021-04-30,60,600000.0,615365.360543,629895.058131,0.025609,0.049825,-0.023067,-0.000948,,-0.001103,,-0.000344,-0.000218
BIL,5,-0.003445,2016-06-01,2021-05-28,60,600000.0,614799.705159,629688.112014,0.024666,0.04948,-0.023644,-0.001041,,-0.001212,,-0.000402,-0.000219
BIL,5,-0.003226,2016-07-01,2021-06-30,60,600000.0,614171.904948,629412.598727,0.02362,0.049021,-0.024214,-0.00113,,-0.001321,,-0.000438,-0.000438
BIL,5,-0.003445,2016-08-01,2021-07-30,60,600000.0,613613.550552,629481.879688,0.022689,0.049136,-0.025209,-0.00122,,-0.00143,,-0.000438,-0.000219
BIL,5,-0.003226,2016-09-01,2021-08-31,60,600000.0,613055.309815,629275.182456,0.021759,0.048792,-0.025775,-0.001305,,-0.001539,,-0.000511,-0.000438
BIL,5,-0.003226,2016-10-03,2021-09-30,60,600000.0,612634.212958,629343.827902,0.021057,0.048906,-0.026551,-0.001301,,-0.001539,,-0.000547,-0.000438
BIL,5,-0.003008,2016-11-01,2021-10-29,60,600000.0,612078.379653,629137.73202,0.020131,0.048563,-0.027115,-0.001475,,-0.001758,,-0.000657,-0.000657
BIL,5,-0.002768,2016-12-01,2021-11-30,60,600000.0,611458.708442,628848.363856,0.019098,0.048081,-0.027653,-0.00147,,-0.001758,,-0.000241,-0.000241
BIL,5,-0.002572,2017-01-03,2021-12-31,60,600000.0,610976.808403,628724.855508,0.018295,0.047875,-0.028229,-0.001532,,-0.001867,,-0.000219,-0.000219
BIL,5,-0.002507,2017-02-01,2022-01-31,60,600000.0,610499.154028,628683.499921,0.017499,0.047806,-0.028924,-0.00161,,-0.001976,,-0.000219,-0.000219
BIL,5,-0.002463,2017-03-01,2022-02-28,60,600000.0,609889.008545,628518.684056,0.016482,0.047531,-0.029641,-0.001688,,-0.002085,,0.0,0.0
BIL,5,-0.002157,2017-04-03,2022-03-31,60,600000.0,609691.23331,628614.844036,0.016152,0.047691,-0.030104,-0.001681,,-0.002085,,0.0,0.0
BIL,5,-0.001568,2017-05-01,2022-04-29,60,600000.0,609147.74223,628175.385497,0.015246,0.046959,-0.03029,-0.001674,,-0.002085,,-0.000218,-0.000218
BIL,5,-0.000978,2017-06-01,2022-05-31,60,600000.0,608876.696989,628010.317643,0.014794,0.046684,-0.030467,-0.001667,,-0.002085,,-0.000218,-0.000218
BIL,5,-0.000213,2017-07-03,2022-06-30,60,600000.0,608882.221066,628017.006103,0.014804,0.046695,-0.030469,-0.001659,,-0.002085,,-0.000218,-0.000218
BIL,5,0.0,2017-08-01,2022-07-29,60,600000.0,608635.7733,627941.358984,0.014393,0.046569,-0.030744,-0.001651,157.0,-0.002085,,0.0,0.0
BIL,5,0.0,2017-09-01,2022-08-31,60,600000.0,609347.450411,628566.364269,0.015579,0.047611,-0.030576,-0.001643,157.0,-0.002085,169.0,-0.000437,-0.000437
BIL,5,0.0,2017-10-02,2022-09-30,60,600000.0,610127.910196,629425.221021,0.01688,0.049042,-0.030659,-0.001634,136.0,-0.002085,169.0,-0.000219,-0.000219
BIL,5,0.0,2017-11-01,2022-10-31,60,600000.0,610606.752542,629940.916746,0.017678,0.049902,-0.030692,-0.001625,136.0,-0.002085,169.0,-0.000218,-0.000218
BIL,5,-0.000153,2017-12-01,2022-11-30,60,600000.0,612029.944621,631608.603712,0.02005,0.052681,-0.030998,-0.001616,136.0,-0.002085,169.0,0.0,0.0
BIL,5,-0.00011,2018-01-02,2022-12-30,60,600000.0,613718.295953,633400.293713,0.022864,0.055667,-0.031074,-0.001606,136.0,-0.002085,169.0,0.0,0.0
BIL,5,-4.4e-05,2018-02-01,2023-01-31,60,600000.0,614903.312348,634464.38609,0.024839,0.057441,-0.030831,-0.001596,136.0,-0.002085,169.0,0.0,0.0
BIL,5,0.0,2018-03-01,2023-02-28,60,600000.0,616452.421762,636039.291945,0.027421,0.060065,-0.030795,-0.001586,136.0,-0.002085,169.0,0.0,0.0
BIL,5,-5.5e-05,2018-04-02,2023-03-31,60,600000.0,618308.943052,637845.22635,0.030515,0.063075,-0.030629,-0.001575,136.0,-0.002085,169.0,-0.000109,-0.000109
BIL,5,-3.3e-05,2018-05-01,2023-04-28,60,600000.0,619918.444499,639412.798718,0.033197,0.065688,-0.030488,-0.001563,136.0,-0.002085,169.0,0.0,0.0
BIL,5,0.0,2018-06-01,2023-05-31,60,600000.0,621584.153903,640857.997193,0.035974,0.068097,-0.030075,-0.001551,136.0,-0.002085,169.0,0.0,0.0
BIL,5,-0.000142,2018-07-02,2023-06-30,60,600000.0,623757.765317,642987.389376,0.039596,0.071646,-0.029907,-0.001539,136.0,-0.002085,169.0,0.0,0.0
BIL,5,0.0,2018-08-01,2023-07-31,60,600000.0,625443.890006,644447.584046,0.042406,0.074079,-0.029488,-0.001526,135.0,-0.002085,169.0,0.0,0.0
BIL,5,-2.2e-05,2018-09-04,2023-08-31,60,600000.0,627803.264353,646602.081683,0.046339,0.07767,-0.029073,-0.001512,135.0,-0.002085,169.0,-0.000109,-0.000109
BIL,5,0.0,2018-10-01,2023-09-29,60,600000.0,629527.160846,648289.036688,0.049212,0.080482,-0.028941,-0.001498,135.0,-0.002085,169.0,0.0,0.0
BIL,5,0.0,2018-11-01,2023-10-31,60,600000.0,631430.29931,649874.300693,0.052384,0.083124,-0.028381,-0.001483,135.0,-0.002085,169.0,-0.0,0.0
BIL,5,-3.3e-05,2018-12-03,2023-11-30,60,600000.0,633548.607205,651869.786468,0.055914,0.08645,-0.028106,-0.001467,135.0,-0.002085,169.0,0.0,0.0
BIL,5,-0.000109,2019-01-02,2023-12-29,60,600000.0,635386.975471,653512.412076,0.058978,0.089187,-0.027735,-0.001451,135.0,-0.002085,169.0,0.0,0.0
BIL,5,0.0,2019-02-01,2024-01-31,60,600000.0,637201.509048,655018.869031,0.062003,0.091698,-0.027201,-0.001433,135.0,-0.002085,169.0,0.0,0.0
BIL,5,0.0,2019-03-01,2024-02-29,60,600000.0,639106.770586,656708.513376,0.065178,0.094514,-0.026803,-0.001415,128.0,-0.002085,169.0,-0.00011,-0.00011
BIL,5,0.0,2019-04-01,2024-03-28,60,600000.0,640776.367568,658207.203811,0.067961,0.097012,-0.026482,-0.001395,128.0,-0.002085,169.0,-0.000109,-0.000109
BIL,5,0.0,2019-05-01,2024-04-30,60,600000.0,642568.66177,659868.227448,0.070948,0.09978,-0.026217,-0.001375,128.0,-0.002085,169.0,0.0,0.0
BIL,5,-4.4e-05,2019-06-03,2024-05-31,60,600000.0,644502.882369,661540.30953,0.074171,0.102567,-0.025754,-0.001353,128.0,-0.002085,169.0,0.0,0.0
BIL,5,-5.5e-05,2019-07-01,2024-06-28,60,600000.0,646044.933336,662985.302443,0.076742,0.104976,-0.025552,-0.001329,128.0,-0.002085,169.0,0.0,0.0
BIL,5,0.0,2019-08-01,2024-07-31,60,600000.0,647899.384972,664556.530594,0.079832,0.107594,-0.025065,-0.001305,127.0,-0.002085,169.0,-0.00011,-0.00011
BIL,5,0.0,2019-09-03,2024-08-30,60,600000.0,649807.468782,666546.5021,0.083012,0.110911,-0.025113,-0.001279,127.0,-0.002085,169.0,-0.000109,-0.000109
BIL,5,-3.3e-05,2019-10-01,2024-09-30,60,600000.0,651433.275194,668432.712231,0.085722,0.114055,-0.025432,-0.00125,127.0,-0.002085,169.0,-0.000169,0.0
BIL,5,-1e-05,2019-11-01,2024-10-31,60,600000.0,652857.987794,669980.22363,0.088097,0.116634,-0.025556,-0.00122,127.0,-0.002085,169.0,-0.000408,0.0
BIL,5,0.0,2019-12-02,2024-11-29,60,600000.0,654103.199757,671677.975467,0.090172,0.119463,-0.026165,-0.001188,122.0,-0.002085,169.0,-0.000604,-0.000109
BIL,5,0.0,2020-01-02,2024-12-31,60,600000.0,655538.020354,673464.65201,0.092563,0.122441,-0.026619,-0.001154,101.0,-0.002085,169.0,-0.00077,-0.00011
BIL,5,0.0,2020-02-03,2025-01-31,60,600000.0,656601.411825,675171.932413,0.094336,0.125287,-0.027505,-0.001116,101.0,-0.002085,169.0,-0.000895,0.0
BIL,5,0.0,2020-03-02,2025-02-28,60,600000.0,657467.385552,676418.18109,0.095779,0.127364,-0.028016,-0.001076,101.0,-0.002085,169.0,-0.000989,-1.2e-05
BIL,5,-0.000414,2020-04-01,2025-03-31,60,600000.0,658337.606779,677504.391889,0.097229,0.129174,-0.02829,-0.001038,101.0,-0.00178,158.0,-0.001032,-0.001671
BIL,5,-0.000698,2020-05-01,2025-04-30,60,600000.0,659278.974839,680002.532262,0.098798,0.133338,-0.030476,-0.001018,101.0,-0.001606,157.0,-0.001003,-0.001387
BIL,5,-0.000589,2020-06-01,2025-05-30,60,600000.0,660333.036753,682397.853943,0.100555,0.13733,-0.032334,-0.000999,101.0,-0.001497,136.0,-0.000984,-0.001497
BIL,5,-0.000698,2020-07-01,2025-06-30,60,600000.0,661163.404004,684756.616133,0.101939,0.141261,-0.034455,-0.000978,101.0,-0.001497,136.0,-0.000959,-0.001387
BIL,5,-0.000698,2020-08-03,2025-07-31,60,600000.0,662101.649748,687198.397986,0.103503,0.145331,-0.03652,-0.000954,94.0,-0.001497,136.0,-0.000936,-0.001387
BIL,5,-0.000589,2020-09-01,2025-08-29,60,600000.0,663093.705937,689671.041939,0.105156,0.149452,-0.038536,-0.000929,94.0,-0.001497,136.0,-0.000911,-0.001497
BIL,5,-0.000808,2020-10-01,2025-09-30,60,600000.0,663781.434715,692099.86967,0.106302,0.1535,-0.040917,-0.0009,94.0,-0.00142,135.0,-0.000877,-0.001278
BIL,5,-0.000698,2020-11-02,2025-10-31,60,600000.0,664569.013742,694453.509095,0.107615,0.157423,-0.043033,-0.000867,94.0,-0.00142,135.0,-0.000852,-0.001387
BIL,5,-0.000884,2020-12-01,2025-11-28,60,600000.0,664900.035461,696580.242109,0.108167,0.160967,-0.04548,-0.00083,88.0,-0.00142,135.0,-0.000816,-0.001202
BIL,5,-0.000775,2021-01-04,2025-12-31,60,600000.0,665512.46584,698838.673558,0.109187,0.164731,-0.047688,-0.000788,88.0,-0.001311,128.0,-0.000788,-0.001311
BIL,5,-0.000775,2021-02-01,2026-01-30,60,600000.0,665822.222377,700903.46184,0.109704,0.168172,-0.050051,-0.000748,88.0,-0.001311,128.0,-0.000748,-0.001311
BIL,5,-0.000993,2021-03-01,2026-02-27,60,600000.0,665912.477998,702928.673073,0.109854,0.171548,-0.05266,-0.00071,73.0,-0.001202,127.0,-0.000701,-0.001093
BIL,5,-0.000884,2021-04-01,2026-03-31,60,600000.0,666107.220694,704874.944783,0.110179,0.174792,-0.054999,-0.000666,73.0,-0.001202,127.0,-0.000666,-0.001202
BIL,5,-0.000993,2021-05-03,2026-04-30,60,600000.0,666276.078892,706988.47839,0.11046,0.178314,-0.057586,-0.000612,73.0,-0.001093,101.0,-0.000612,-0.001093
BIL,5,-0.001212,2021-06-01,2026-05-29,60,600000.0,666598.690376,709387.510965,0.110998,0.182313,-0.060318,-0.000571,37.0,-0.000983,101.0,-0.000559,-0.000874
BIL,5,-0.001212,2021-07-01,2026-06-30,60,600000.0,666585.769717,711320.249628,0.110976,0.185534,-0.062889,-0.000546,37.0,-0.000874,94.0,-0.000519,-0.000874
BIL,5,-0.00143,2021-08-02,2026-07-31,60,600000.0,666968.109988,713874.034042,0.111614,0.18979,-0.065706,-0.000515,37.0,-0.000765,88.0,-0.000468,-0.000656
BIL,5,-0.001539,2021-09-01,2026-08-31,60,600000.0,666909.596957,715928.018033,0.111516,0.193213,-0.068468,-0.000474,17.0,-0.000765,88.0,-0.000437,-0.000547
BIL,10,0.0,2010-09-09,2020-08-31,120,1200000.0,1248447.195076,1256231.692889,0.040373,0.04686,-0.006197,-0.002693,489.0,-0.004316,583.0,-0.002639,-0.003882
BIL,10,-0.000219,2010-10-01,2020-09-30,120,1200000.0,1247705.463191,1255956.752161,0.039755,0.046631,-0.00657,-0.002668,489.0,-0.004316,583.0,-0.002619,-0.003882
BIL,10,0.0,2010-11-01,2020-10-30,120,1200000.0,1247375.735187,1255819.770468,0.03948,0.046516,-0.006724,-0.002641,489.0,-0.004316,583.0,-0.002599,-0.004099
BIL,10,-0.000219,2010-12-01,2020-11-30,120,1200000.0,1246774.043102,1255956.752161,0.038978,0.046631,-0.007311,-0.002614,489.0,-0.004316,583.0,-0.002574,-0.003882
BIL,10,0.0,2011-01-03,2020-12-31,120,1200000.0,1246349.445334,1255723.518493,0.038625,0.046436,-0.007465,-0.002585,453.0,-0.004316,583.0,-0.002553,-0.004099
BIL,10,-0.000219,2011-02-01,2021-01-29,120,1200000.0,1245885.08268,1255998.012025,0.038238,0.046665,-0.008052,-0.002556,447.0,-0.004316,583.0,-0.002526,-0.003882
BIL,10,-0.000219,2011-03-01,2021-02-26,120,1200000.0,1245282.18215,1255860.604176,0.037735,0.046551,-0.008423,-0.002526,447.0,-0.004316,583.0,-0.002503,-0.003882
BIL,10,-0.000436,2011-04-01,2021-03-31,120,1200000.0,1244682.063491,1255723.696446,0.037235,0.046436,-0.008793,-0.002494,447.0,-0.004316,583.0,-0.002479,-0.003882
BIL,10,-0.000436,2011-05-02,2021-04-30,120,1200000.0,1244216.609203,1255723.696446,0.036847,0.046436,-0.009164,-0.002465,447.0,-0.004316,583.0,-0.002454,-0.003882
BIL,10,-0.000436,2011-06-01,2021-05-28,120,1200000.0,1243615.89952,1255586.038537,0.036347,0.046322,-0.009534,-0.002436,447.0,-0.004099,572.0,-0.002428,-0.003882
BIL,10,-0.000436,2011-07-01,2021-06-30,120,1200000.0,1242882.421199,1255311.973019,0.035735,0.046093,-0.009902,-0.002405,447.0,-0.004099,572.0,-0.002401,-0.003882
BIL,10,-0.000218,2011-08-01,2021-07-30,120,1200000.0,1242284.64636,1254900.501604,0.035237,0.04575,-0.010053,-0.002373,447.0,-0.004099,572.0,-0.002373,-0.004099
BIL,10,-0.000218,2011-09-01,2021-08-31,120,1200000.0,1241691.690343,1254763.623795,0.034743,0.045636,-0.010418,-0.002347,447.0,-0.004099,572.0,-0.00234,-0.004099
BIL,10,-0.000436,2011-10-03,2021-09-30,120,1200000.0,1241370.728865,1255174.815229,0.034476,0.045979,-0.010998,-0.002325,425.0,-0.003882,561.0,-0.002305,-0.003882
BIL,10,-0.000436,2011-11-01,2021-10-29,120,1200000.0,1240775.586836,1255037.9075,0.03398,0.045865,-0.011364,-0.002302,425.0,-0.003882,561.0,-0.002274,-0.003882
BIL,10,-0.000872,2011-12-01,2021-11-30,120,1200000.0,1240045.098233,1255309.947692,0.033371,0.046092,-0.01216,-0.002277,425.0,-0.003882,561.0,-0.002241,-0.003447
BIL,10,-0.001046,2012-01-03,2021-12-31,120,1200000.0,1239583.088028,1255529.0284,0.032986,0.046274,-0.012701,-0.002252,414.0,-0.003491,546.0,-0.002216,-0.003274
BIL,10,-0.001046,2012-02-01,2022-01-31,120,1200000.0,1239121.439342,1255529.0284,0.032601,0.046274,-0.013068,-0.002226,414.0,-0.003491,546.0,-0.002193,-0.003274
BIL,10,-0.001046,2012-03-01,2022-02-28,120,1200000.0,1238389.365793,1255254.920637,0.031991,0.046046,-0.013436,-0.002198,414.0,-0.003491,546.0,-0.00217,-0.003274
BIL,10,-0.001264,2012-04-02,2022-03-31,120,1200000.0,1238495.159405,1256105.101286,0.032079,0.046754,-0.014019,-0.002169,414.0,-0.003491,546.0,-0.002145,-0.003056
BIL,10,-0.000828,2012-05-01,2022-04-29,120,1200000.0,1237892.321026,1255419.960759,0.031577,0.046183,-0.013962,-0.002139,414.0,-0.003491,546.0,-0.002124,-0.003491
BIL,10,-0.000828,2012-06-01,2022-05-31,120,1200000.0,1237835.25429,1255831.72051,0.031529,0.046526,-0.01433,-0.002113,414.0,-0.003491,546.0,-0.002093,-0.003491
BIL,10,-0.001264,2012-07-02,2022-06-30,120,1200000.0,1238330.783714,1257355.435105,0.031942,0.047796,-0.015131,-0.002085,414.0,-0.003491,546.0,-0.002059,-0.003056
BIL,10,-0.001046,2012-08-01,2022-07-29,120,1200000.0,1238300.653228,1257535.60732,0.031917,0.047946,-0.015296,-0.002056,414.0,-0.003491,546.0,-0.002035,-0.003274
BIL,10,-0.001264,2012-09-04,2022-08-31,120,1200000.0,1240218.301688,1260246.143829,0.033515,0.050205,-0.015892,-0.002026,386.0,-0.003274,534.0,-0.002004,-0.003056
BIL,10,-0.001264,2012-10-01,2022-09-30,120,1200000.0,1242276.885557,1262851.297931,0.035231,0.052376,-0.016292,-0.001994,386.0,-0.003274,534.0,-0.001977,-0.003056
BIL,10,-0.001046,2012-11-01,2022-10-31,120,1200000.0,1243724.549257,1264577.962453,0.036437,0.053815,-0.01649,-0.00196,386.0,-0.003274,534.0,-0.001949,-0.003274
BIL,10,-0.001264,2012-12-03,2022-11-30,120,1200000.0,1247104.100934,1268840.311837,0.039253,0.057367,-0.017131,-0.001931,386.0,-0.003274,534.0,-0.001913,-0.003056
BIL,10,-0.001264,2013-01-02,2022-12-30,120,1200000.0,1251048.248658,1273441.219951,0.04254,0.061201,-0.017585,-0.001899,386.0,-0.003274,534.0,-0.001881,-0.003056
BIL,10,-0.001482,2013-02-01,2023-01-31,120,1200000.0,1253989.244169,1277340.15627,0.044991,0.06445,-0.018281,-0.00187,165.0,-0.003056,525.0,-0.001848,-0.002838
BIL,10,-0.001264,2013-03-01,2023-02-28,120,1200000.0,1257677.792656,1281476.416665,0.048065,0.067897,-0.018571,-0.001868,165.0,-0.003056,525.0,-0.001818,-0.003056
BIL,10,-0.001482,2013-04-01,2023-03-31,120,1200000.0,1262014.670564,1286872.03271,0.051679,0.072393,-0.019316,-0.001865,165.0,-0.003056,525.0,-0.001781,-0.002838
BIL,10,-0.001482,2013-05-01,2023-04-28,120,1200000.0,1265867.823363,1291544.413179,0.05489,0.076287,-0.019881,-0.001863,165.0,-0.003056,525.0,-0.001748,-0.002838
BIL,10,-0.001264,2013-06-03,2023-05-31,120,1200000.0,1269850.173142,1296105.522568,0.058208,0.080088,-0.020257,-0.001861,158.0,-0.003056,525.0,-0.001713,-0.003056
BIL,10,-0.001264,2013-07-01,2023-06-30,120,1200000.0,1274889.54889,1302076.016717,0.062408,0.085063,-0.020879,-0.001859,158.0,-0.003056,525.0,-0.001668,-0.003056
BIL,10,-0.0017,2013-08-01,2023-07-31,120,1200000.0,1278954.521622,1307674.006139,0.065795,0.089728,-0.021962,-0.001857,158.0,-0.002838,518.0,-0.00162,-0.00262
BIL,10,-0.001482,2013-09-03,2023-08-31,120,1200000.0,1284402.514777,1313881.998957,0.070335,0.094902,-0.022437,-0.001855,158.0,-0.002838,518.0,-0.001584,-0.002838
BIL,10,-0.001482,2013-10-01,2023-09-29,120,1200000.0,1288573.664125,1319125.238158,0.073811,0.099271,-0.02316,-0.001852,158.0,-0.002838,518.0,-0.001538,-0.002838
BIL,10,-0.001918,2013-11-01,2023-10-31,120,1200000.0,1293128.27898,1325388.298486,0.077607,0.10449,-0.02434,-0.00185,158.0,-0.00262,506.0,-0.001488,-0.002403
BIL,10,-0.001918,2013-12-02,2023-11-30,120,1200000.0,1298130.160708,1331594.103936,0.081775,0.109662,-0.025131,-0.001847,158.0,-0.00262,506.0,-0.001451,-0.002403
BIL,10,-0.002137,2014-01-02,2023-12-29,120,1200000.0,1302576.742769,1337580.112424,0.085481,0.11465,-0.026169,-0.001845,158.0,-0.002403,496.0,-0.001412,-0.002184
BIL,10,-0.002137,2014-02-03,2024-01-31,120,1200000.0,1306982.581755,1343287.808571,0.089152,0.119407,-0.027027,-0.001842,158.0,-0.002403,496.0,-0.001378,-0.002184
BIL,10,-0.001918,2014-03-03,2024-02-29,120,1200000.0,1311585.664601,1348961.118291,0.092988,0.124134,-0.027707,-0.00184,158.0,-0.002403,496.0,-0.001341,-0.002403
BIL,10,-0.002137,2014-04-01,2024-03-28,120,1200000.0,1315716.08457,1354790.745675,0.09643,0.128992,-0.028842,-0.001837,158.0,-0.002403,496.0,-0.001291,-0.002184
BIL,10,-0.002354,2014-05-01,2024-04-30,120,1200000.0,1320104.196938,1360942.416204,0.100087,0.134119,-0.030007,-0.001835,158.0,-0.002184,447.0,-0.001246,-0.001967
BIL,10,-0.002354,2014-06-02,2024-05-31,120,1200000.0,1324791.939024,1367166.216459,0.103993,0.139305,-0.030994,-0.001832,158.0,-0.002184,447.0,-0.001208,-0.001967
BIL,10,-0.002137,2014-07-01,2024-06-28,120,1200000.0,1328681.502888,1372326.259091,0.107235,0.143605,-0.031803,-0.001829,158.0,-0.002184,447.0,-0.001166,-0.002184
BIL,10,-0.002354,2014-08-01,2024-07-31,120,1200000.0,1333225.330296,1378813.215006,0.111021,0.149011,-0.033063,-0.001826,158.0,-0.002085,169.0,-0.001106,-0.001967
BIL,10,-0.002573,2014-09-02,2024-08-30,120,1200000.0,1337881.546727,1385483.196482,0.114901,0.154569,-0.034357,-0.001823,158.0,-0.002085,169.0,-0.001052,-0.001748
BIL,10,-0.002354,2014-10-01,2024-09-30,120,1200000.0,1341974.04236,1391027.687641,0.118312,0.15919,-0.035264,-0.00182,158.0,-0.002085,169.0,-0.001006,-0.001967
BIL,10,-0.00279,2014-11-03,2024-10-31,120,1200000.0,1345672.096478,1397130.871595,0.121393,0.164276,-0.036832,-0.001817,158.0,-0.002085,169.0,-0.000937,-0.00153
BIL,10,-0.00279,2014-12-01,2024-11-29,120,1200000.0,1349007.392843,1402310.053479,0.124173,0.168592,-0.038011,-0.001814,158.0,-0.002085,169.0,-0.000892,-0.00153
BIL,10,-0.003008,2015-01-02,2024-12-31,120,1200000.0,1352750.454294,1408271.296071,0.127292,0.173559,-0.039425,-0.001811,158.0,-0.002085,169.0,-0.000838,-0.001312
BIL,10,-0.003008,2015-02-02,2025-01-31,120,1200000.0,1355741.009218,1413200.027995,0.129784,0.177667,-0.040659,-0.001807,158.0,-0.002085,169.0,-0.000795,-0.001312
BIL,10,-0.003226,2015-03-02,2025-02-28,120,1200000.0,1358344.951708,1418085.013571,0.131954,0.181738,-0.042127,-0.001804,158.0,-0.002085,169.0,-0.000744,-0.001094
BIL,10,-0.003445,2015-04-01,2025-03-31,120,1200000.0,1360961.728467,1423034.64795,0.134135,0.185862,-0.04362,-0.001801,158.0,-0.002085,169.0,-0.000705,-0.000875
BIL,10,-0.003445,2015-05-01,2025-04-30,120,1200000.0,1363724.766405,1427876.122657,0.136437,0.189897,-0.044928,-0.001797,158.0,-0.002085,169.0,-0.000684,-0.000875
BIL,10,-0.003445,2015-06-01,2025-05-30,120,1200000.0,1366769.938137,1433062.59288,0.138975,0.194219,-0.046259,-0.001793,158.0,-0.002085,169.0,-0.000656,-0.000875
BIL,10,-0.003445,2015-07-01,2025-06-30,120,1200000.0,1369393.827914,1437858.795546,0.141162,0.198216,-0.047616,-0.00179,158.0,-0.002085,169.0,-0.00062,-0.000875
BIL,10,-0.003445,2015-08-03,2025-07-31,120,1200000.0,1372285.983732,1442986.073518,0.143572,0.202488,-0.048996,-0.001786,158.0,-0.002085,169.0,-0.000583,-0.000875
BIL,10,-0.003445,2015-09-01,2025-08-29,120,1200000.0,1375337.662759,1448336.576506,0.146115,0.206947,-0.050402,-0.001782,158.0,-0.002085,169.0,-0.000547,-0.000875
BIL,10,-0.003663,2015-10-01,2025-09-30,120,1200000.0,1377800.43034,1453437.325731,0.148167,0.211198,-0.05204,-0.001778,158.0,-0.002085,169.0,-0.000437,-0.000656
BIL,10,-0.004098,2015-11-02,2025-10-31,120,1200000.0,1380515.638388,1459177.626705,0.15043,0.215981,-0.053908,-0.001774,158.0,-0.002085,169.0,-0.000292,-0.000219
BIL,10,-0.004098,2015-12-01,2025-11-28,120,1200000.0,1382318.341419,1463373.999991,0.151932,0.219478,-0.05539,-0.00177,158.0,-0.002085,169.0,-0.000328,-0.000219
BIL,10,-0.00388,2016-01-04,2025-12-31,120,1200000.0,1384748.439493,1467957.532737,0.153957,0.223298,-0.056684,-0.001765,157.0,-0.002085,169.0,-0.000438,-0.000438
BIL,10,-0.004316,2016-02-01,2026-01-30,120,1200000.0,1386595.851533,1472939.858787,0.155497,0.22745,-0.05862,-0.001761,157.0,-0.002085,169.0,-0.000132,0.0
BIL,10,-0.00388,2016-03-01,2026-02-27,120,1200000.0,1388016.4994,1476226.36633,0.15668,0.230189,-0.059754,-0.001756,157.0,-0.002085,169.0,-0.000219,-0.000219
BIL,10,-0.00388,2016-04-01,2026-03-31,120,1200000.0,1389701.457111,1480475.141872,0.158085,0.233729,-0.061314,-0.001751,157.0,-0.002085,169.0,-0.000274,0.0
BIL,10,-0.003663,2016-05-02,2026-04-30,120,1200000.0,1391369.778731,1484428.495645,0.159475,0.237024,-0.06269,-0.001746,157.0,-0.002085,169.0,-0.000344,-0.000218
BIL,10,-0.003445,2016-06-01,2026-05-29,120,1200000.0,1393404.819229,1488813.91854,0.161171,0.240678,-0.064084,-0.001741,157.0,-0.002085,169.0,-0.000402,-0.000219
BIL,10,-0.003226,2016-07-01,2026-06-30,120,1200000.0,1394786.846905,1492542.816421,0.162322,0.243786,-0.065496,-0.001736,157.0,-0.002085,169.0,-0.000438,-0.000438
BIL,10,-0.003445,2016-08-01,2026-07-31,120,1200000.0,1397039.411114,1497902.562698,0.1642,0.248252,-0.067336,-0.001731,157.0,-0.002085,169.0,-0.000438,-0.000219
BIL,10,-0.003226,2016-09-01,2026-08-31,120,1200000.0,1398415.385124,1501719.113912,0.165346,0.251433,-0.06879,-0.001725,157.0,-0.002085,169.0,-0.000511,-0.000438
