Date,ml:logistic_regression/base,ml:logistic_regression/extended,ml:random_forest/base,ml:random_forest/extended,ml:hist_gradient_boosting/base,ml:hist_gradient_boosting/extended,baseline:always_up,baseline:historical_mean,baseline:momentum_252d,baseline:moving_average_200d,baseline:random
2011-09-08,10000.000000,10000.000000,10000.000000,10000.000000,10000.000000,10000.000000,10000.000000,10000.000000,10000.000000,10000.000000,10000.000000
2011-09-09,9990.007495,9990.007495,9990.007495,9990.007495,9990.007495,9990.007495,9990.007495,9990.007495,9990.007495,9990.007495,9990.007495
2011-09-12,10061.637888,10061.637888,10061.637888,10061.637888,10061.637888,10061.637888,10061.637888,10061.637888,10061.637888,9990.007495,10061.637888
2011-09-13,10144.574449,10144.574449,10144.574449,10144.574449,10144.574449,10144.574449,10144.574449,10144.574449,10144.574449,9987.832067,10144.574449
2011-09-14,10287.823998,10287.823998,10287.823998,10287.823998,10287.823998,10287.823998,10287.823998,10287.823998,10287.823998,9987.832067,10287.823998
2011-09-15,10465.007972,10465.007972,10465.007972,10465.007972,10465.007972,10465.007972,10465.007972,10465.007972,10465.007972,9987.832067,10465.007972
2011-09-16,10527.209691,10527.209691,10527.209691,10527.209691,10527.209691,10527.209691,10527.209691,10527.209691,10527.209691,9987.832067,10527.209691
2011-09-19,10429.191371,10429.191371,10429.191371,10429.191371,10429.191371,10429.191371,10429.191371,10429.191371,10429.191371,9990.007495,10429.191371
2011-09-20,10412.228372,10412.228372,10412.228372,10412.228372,10412.228372,10412.228372,10412.228372,10412.228372,10412.228372,9990.007495,10412.228372
2011-09-21,10097.450743,10097.450743,10097.450743,10097.450743,10097.450743,10097.450743,10097.450743,10097.450743,10097.450743,9990.007495,10097.450743
2011-09-22,9780.785319,9780.785319,9780.785319,9780.785319,9780.785319,9780.785319,9780.785319,9780.785319,9780.785319,9987.832067,9780.785319
2011-09-23,9826.277806,9826.277806,9826.277806,9826.277806,9826.277806,9826.277806,9826.277806,9826.277806,9826.277806,9990.007495,9826.277806
2011-09-26,10065.111019,10065.111019,10065.111019,10065.111019,10065.111019,10065.111019,10065.111019,10065.111019,10065.111019,9990.007495,10065.111019
2011-09-27,10180.737521,10180.737521,10180.737521,10180.737521,10180.737521,10180.737521,10180.737521,10180.737521,10180.737521,9987.832067,10180.737521
2011-09-28,9977.919427,9977.919427,9977.919427,9977.919427,9977.919427,9977.919427,9977.919427,9977.919427,9977.919427,9990.007495,9977.919427
2011-09-29,10049.944984,10049.944984,10049.944984,10049.944984,10049.944984,10049.944984,10049.944984,10049.944984,10049.944984,9990.007495,10049.944984
2011-09-30,9811.113644,9811.113644,9811.113644,9811.113644,9811.113644,9811.113644,9811.113644,9811.113644,9811.113644,9990.007495,9811.113644
2011-10-03,9509.729433,9509.729433,9509.729433,9509.729433,9509.729433,9509.729433,9509.729433,9509.729433,9509.729433,9990.007495,9509.729433
2011-10-04,9718.232448,9718.232448,9718.232448,9718.232448,9718.232448,9718.232448,9718.232448,9718.232448,9698.815405,9990.007495,9698.815405
2011-10-05,9911.574111,9911.574111,9911.574111,9911.574111,9911.574111,9911.574111,9911.574111,9911.574111,9698.815405,9990.007495,9698.815405
2011-10-06,10103.021424,10103.021424,10103.021424,10103.021424,10103.021424,10103.021424,10103.021424,10103.021424,9696.703388,9987.832067,9696.703388
2011-10-07,10025.305327,10025.305327,10025.305327,10025.305327,10025.305327,10025.305327,10025.305327,10025.305327,9698.815405,9990.007495,9698.815405
2011-10-10,10364.598071,10364.598071,10364.598071,10364.598071,10364.598071,10364.598071,10364.598071,10364.598071,9696.703388,9987.832067,9696.703388
2011-10-11,10360.809371,10360.809371,10360.809371,10360.809371,10360.809371,10360.809371,10360.809371,10360.809371,9698.815405,9990.007495,9698.815405
2011-10-12,10455.583043,10455.583043,10455.583043,10455.583043,10455.583043,10455.583043,10455.583043,10455.583043,9696.703388,9987.832067,9696.703388
2011-10-13,10440.419818,10440.419818,10440.419818,10440.419818,10440.419818,10440.419818,10440.419818,10440.419818,9698.815405,9990.007495,9698.815405
2011-10-14,10612.911460,10612.911460,10612.911460,10612.911460,10612.911460,10612.911460,10612.911460,10612.911460,9696.703388,9987.832067,9696.703388
2011-10-17,10413.879256,10413.879256,10413.879256,10413.879256,10413.879256,10413.879256,10413.879256,10413.879256,9696.703388,9987.832067,9696.703388
2011-10-18,10622.389763,10622.389763,10622.389763,10622.389763,10622.389763,10622.389763,10622.389763,10622.389763,9698.815405,9990.007495,9698.815405
2011-10-19,10489.703813,10489.703813,10489.703813,10489.703813,10489.703813,10489.703813,10489.703813,10489.703813,9698.815405,9990.007495,9698.815405
2011-10-20,10537.091585,10537.091585,10537.091585,10537.091585,10537.091585,10537.091585,10537.091585,10537.091585,9698.815405,9990.007495,9698.815405
2011-10-21,10739.910615,10739.910615,10739.910615,10739.910615,10739.910615,10739.910615,10739.910615,10739.910615,9696.703388,9987.832067,9696.703388
2011-10-24,10876.382456,10876.382456,10876.382456,10876.382456,10876.382456,10876.382456,10876.382456,10876.382456,9696.703388,9987.832067,9696.703388
2011-10-25,10665.983218,10665.983218,10665.983218,10665.983218,10665.983218,10665.983218,10665.983218,10665.983218,9698.815405,9990.007495,9698.815405
2011-10-26,10768.341781,10768.341781,10768.341781,10768.341781,10768.341781,10768.341781,10768.341781,10768.341781,9698.815405,9990.007495,9698.815405
2011-10-27,11139.860007,11139.860007,11139.860007,11139.860007,11139.860007,11139.860007,11139.860007,11139.860007,9696.703388,9987.832067,9696.703388
2011-10-28,11151.231724,11151.231724,11151.231724,11151.231724,11151.231724,11151.231724,11151.231724,11151.231724,9696.703388,9987.832067,9696.703388
2011-10-31,10865.013548,10865.013548,10865.013548,10865.013548,10865.013548,10865.013548,10865.013548,10865.013548,9694.588338,9985.653516,9694.588338
2011-11-01,10576.893531,10576.893531,10576.893531,10576.893531,10576.893531,10576.893531,10576.893531,10576.893531,9698.815405,9990.007495,9698.815405
2011-11-02,10743.699315,10743.699315,10743.699315,10743.699315,10743.699315,10743.699315,10743.699315,10743.699315,9677.329360,9987.832067,9696.703388
2011-11-03,10942.729645,10942.729645,10942.729645,10942.729645,10942.729645,10942.729645,10942.729645,10942.729645,9856.604859,9985.653516,9694.588338
2011-11-04,10880.177710,10880.177710,10880.177710,10880.177710,10880.177710,10880.177710,10880.177710,10880.177710,9800.261540,9987.832067,9696.703388
2011-11-07,10942.729645,10942.729645,10942.729645,10942.729645,10942.729645,10942.729645,10942.729645,10942.729645,9856.604859,9990.007495,9698.815405
2011-11-08,11073.516564,11073.516564,11073.516564,11073.516564,11073.516564,11073.516564,11073.516564,11073.516564,9974.410472,9990.007495,9698.815405
2011-11-09,10673.563426,10673.563426,10673.563426,10673.563426,10673.563426,10673.563426,10673.563426,10673.563426,9614.154835,9987.832067,9696.703388
2011-11-10,10770.234257,10770.234257,10770.234257,10770.234257,10770.234257,10770.234257,10770.234257,10770.234257,9701.230567,9990.007495,9698.815405
2011-11-11,10980.640050,10980.640050,10980.640050,10980.640050,10980.640050,10980.640050,10980.640050,10980.640050,9890.752453,9987.832067,9696.703388
2011-11-14,10874.488106,10874.488106,10874.488106,10874.488106,10874.488106,10874.488106,10874.488106,10874.488106,9795.136660,9990.007495,9698.815405
2011-11-15,10931.354182,10931.354182,10931.354182,10931.354182,10931.354182,10931.354182,10931.354182,10931.354182,9846.358472,9987.832067,9696.703388
2011-11-16,10755.066350,10755.066350,10755.066350,10755.066350,10755.066350,10755.066350,10755.066350,10755.066350,9687.568155,9990.007495,9698.815405
2011-11-17,10582.582199,10582.582199,10582.582199,10582.582199,10582.582199,10582.582199,10582.582199,10582.582199,9532.203984,9990.007495,9698.815405
2011-11-18,10567.418973,10567.418973,10567.418973,10567.418973,10567.418973,10567.418973,10567.418973,10567.418973,9518.545790,9990.007495,9698.815405
2011-11-21,10377.869756,10377.869756,10377.869756,10377.869756,10377.869756,10377.869756,10377.869756,10377.869756,9347.810352,9990.007495,9698.815405
2011-11-22,10322.900838,10322.900838,10322.900838,10322.900838,10322.900838,10322.900838,10322.900838,10322.900838,9298.297396,9987.832067,9696.703388
2011-11-23,10104.917646,10104.917646,10104.917646,10104.917646,10104.917646,10104.917646,10104.917646,10104.917646,9101.950208,9990.007495,9698.815405
2011-11-25,10074.589322,10074.589322,10074.589322,10074.589322,10074.589322,10074.589322,10074.589322,10074.589322,9074.632133,9990.007495,9698.815405
2011-11-28,10375.976342,10375.976342,10375.976342,10375.976342,10375.976342,10375.976342,10375.976342,10375.976342,9346.104870,9990.007495,9698.815405
2011-11-29,10406.302794,10406.302794,10406.302794,10406.302794,10406.302794,10406.302794,10406.302794,10406.302794,9373.421258,9985.653516,9694.588338
2011-11-30,10832.790874,10832.790874,10832.790874,10832.790874,10832.790874,10832.790874,10832.790874,10832.790874,9757.578103,9987.832067,9696.703388
2011-12-01,10825.208793,10825.208793,10825.208793,10825.208793,10825.208793,10825.208793,10825.208793,10825.208793,9750.748584,9985.653516,9694.588338
2011-12-02,10819.520125,10819.520125,10819.520125,10819.520125,10819.520125,10819.520125,10819.520125,10819.520125,9745.624547,9987.832067,9696.703388
2011-12-05,10937.040977,10937.040977,10937.040977,10937.040977,10937.040977,10937.040977,10937.040977,10937.040977,9851.480822,9987.832067,9696.703388
2011-12-06,10946.518345,10946.518345,10946.518345,10946.518345,10946.518345,10946.518345,10946.518345,10946.518345,9860.017510,9990.007495,9698.815405
2011-12-07,10982.536273,10982.536273,10982.536273,10982.536273,10982.536273,10982.536273,10982.536273,10982.536273,9892.460465,9987.832067,9696.703388
2011-12-08,10745.594601,10745.594601,10745.594601,10745.594601,10745.594601,10745.594601,10745.594601,10745.594601,9679.036528,9987.832067,9696.703388
2011-12-09,10927.563610,10927.563610,10927.563610,10927.563610,10927.563610,10927.563610,10927.563610,10927.563610,9842.944135,9985.653516,9694.588338
2011-12-12,10770.234257,10770.234257,10770.234257,10770.234257,10770.234257,10770.234257,10770.234257,10770.234257,9701.230567,9985.653516,9694.588338
2011-12-13,10667.884122,10667.884122,10667.884122,10667.884122,10667.884122,10667.884122,10667.884122,10667.884122,9609.039233,9985.653516,9694.588338
2011-12-14,10548.464239,10548.464239,10548.464239,10548.464239,10548.464239,10548.464239,10548.464239,10548.464239,9501.472415,9987.832067,9696.703388
2011-12-15,10588.270867,10588.270867,10588.270867,10588.270867,10588.270867,10588.270867,10588.270867,10588.270867,9537.328021,9985.653516,9694.588338
2011-12-16,10595.854821,10595.854821,10595.854821,10595.854821,10595.854821,10595.854821,10595.854821,10595.854821,9544.159227,9987.832067,9696.703388
2011-12-19,10487.805717,10487.805717,10487.805717,10487.805717,10487.805717,10487.805717,10487.805717,10487.805717,9446.834578,9987.832067,9696.703388
2011-12-20,10800.562582,10800.562582,10800.562582,10800.562582,10800.562582,10800.562582,10800.562582,10800.562582,9728.548641,9987.832067,9696.703388
2011-12-21,10832.790874,10832.790874,10832.790874,10832.790874,10832.790874,10832.790874,10832.790874,10832.790874,9757.578103,9987.832067,9696.703388
2011-12-22,10935.146628,10935.146628,10935.146628,10935.146628,10935.146628,10935.146628,10935.146628,10935.146628,9849.774497,9987.832067,9696.703388
2011-12-23,11021.523545,11021.523545,11021.523545,11021.523545,11021.523545,11021.523545,11021.523545,11021.523545,9927.578041,9987.832067,9696.703388
2011-12-27,11032.964557,11032.964557,11032.964557,11032.964557,11032.964557,11032.964557,11032.964557,11032.964557,9937.883470,9985.653516,9694.588338
2011-12-28,10897.582693,10897.582693,10897.582693,10897.582693,10897.582693,10897.582693,10897.582693,10897.582693,9815.938984,9986.092766,9695.014784
2011-12-29,10996.734064,10996.734064,10996.734064,10996.734064,10996.734064,10996.734064,10996.734064,10996.734064,9905.249049,9986.092766,9695.014784
2011-12-30,10954.784939,10954.784939,10954.784939,10954.784939,10954.784939,10954.784939,10954.784939,10954.784939,9867.463600,9986.092766,9695.014784
2012-01-03,11116.865616,11116.865616,11116.865616,11116.865616,11116.865616,11116.865616,11116.865616,11116.865616,10013.456898,9983.911092,9692.896703
2012-01-04,11135.936465,11135.936465,11135.936465,11135.936465,11135.936465,11135.936465,11135.936465,11135.936465,10030.634863,9963.963223,9673.530281
2012-01-05,11172.166958,11172.166958,11172.166958,11172.166958,11172.166958,11172.166958,11172.166958,11172.166958,10063.269284,9996.380730,9705.002871
2012-01-06,11149.284936,11149.284936,11149.284936,11149.284936,11149.284936,11149.284936,11149.284936,11149.284936,10042.658426,9975.906868,9685.125788
2012-01-09,11166.443643,11166.443643,11166.443643,11166.443643,11166.443643,11166.443643,11166.443643,11166.443643,10058.114039,9991.259751,9700.031160
2012-01-10,11261.786650,11261.786650,11261.786650,11261.786650,11261.786650,11261.786650,11261.786650,11261.786650,10143.993740,10076.568626,9782.853424
2012-01-11,11273.224852,11273.224852,11273.224852,11273.224852,11273.224852,11273.224852,11273.224852,11273.224852,10154.296639,10086.803044,9792.789525
2012-01-12,11298.015270,11298.015270,11298.015270,11298.015270,11298.015270,11298.015270,11298.015270,11298.015270,10176.626474,10108.984457,9814.324387
2012-01-13,11250.349385,11250.349385,11250.349385,11250.349385,11250.349385,11250.349385,11250.349385,11250.349385,10133.691685,10066.335047,9772.918136
2012-01-17,11280.858436,11280.858436,11280.858436,11280.858436,11280.858436,11280.858436,11280.858436,11280.858436,10161.172548,10093.633250,9799.420642
2012-01-18,11406.705812,11406.705812,11406.705812,11406.705812,11406.705812,11406.705812,11406.705812,11406.705812,10274.528895,10206.236140,9908.741345
2012-01-19,11467.727659,11467.727659,11467.727659,11467.727659,11467.727659,11467.727659,11467.727659,11467.727659,10329.493995,10260.835898,9961.749611
2012-01-20,11467.727659,11467.727659,11467.727659,11467.727659,11467.727659,11467.727659,11467.727659,11467.727659,10329.493995,10260.835898,9961.749611
2012-01-23,11479.165860,11479.165860,11479.165860,11479.165860,11479.165860,11479.165860,11479.165860,11479.165860,10339.796894,10271.070316,9971.685713
2012-01-24,11462.006217,11462.006217,11462.006217,11462.006217,11462.006217,11462.006217,11462.006217,11462.006217,10324.340437,10255.716595,9956.779527
2012-01-25,11563.068793,11563.068793,11563.068793,11563.068793,11563.068793,11563.068793,11563.068793,11563.068793,10415.372009,10346.143098,10044.570248
2012-01-26,11503.955342,11503.955342,11503.955342,11503.955342,11503.955342,11503.955342,11503.955342,11503.955342,10362.125886,10293.250891,9993.219761
2012-01-27,11488.702221,11488.702221,11488.702221,11488.702221,11488.702221,11488.702221,11488.702221,11488.702221,10348.386720,10279.603046,9979.969729
2012-01-30,11450.562396,11450.562396,11450.562396,11450.562396,11450.562396,11450.562396,11450.562396,11450.562396,10314.032478,10245.477150,9946.838545
2012-01-31,11444.845636,11444.845636,11444.845636,11444.845636,11444.845636,11444.845636,11444.845636,11444.845636,10308.883137,10240.362036,9941.872528
2012-02-01,11553.534305,11553.534305,11553.534305,11553.534305,11553.534305,11553.534305,11553.534305,11553.534305,10406.783870,10337.612043,10036.287859
2012-02-02,11576.415391,11576.415391,11576.415391,11576.415391,11576.415391,11576.415391,11576.415391,11576.415391,10427.393885,10358.085067,10056.164129
2012-02-03,11740.403528,11740.403528,11740.403528,11740.403528,11740.403528,11740.403528,11740.403528,11740.403528,10575.105318,10504.814691,10198.616828
2012-02-06,11723.242011,11723.242011,11723.242011,11723.242011,11723.242011,11723.242011,11723.242011,11723.242011,10559.647174,10489.459294,10183.709016
2012-02-07,11759.472504,11759.472504,11759.472504,11759.472504,11759.472504,11759.472504,11759.472504,11759.472504,10592.281595,10521.876801,10215.181607
2012-02-08,11784.261049,11784.261049,11784.261049,11784.261049,11784.261049,11784.261049,11784.261049,11784.261049,10614.609744,10544.056539,10236.714842
2012-02-09,11797.608583,11797.608583,11797.608583,11797.608583,11797.608583,11797.608583,11797.608583,11797.608583,10626.632464,10555.999346,10248.309536
2012-02-10,11717.523379,11717.523379,11717.523379,11717.523379,11717.523379,11717.523379,11717.523379,11717.523379,10554.496146,10484.342505,10178.741372
2012-02-13,11807.141198,11807.141198,11807.141198,11807.141198,11807.141198,11807.141198,11807.141198,11807.141198,10635.218915,10564.528725,10256.590298
2012-02-14,11789.978745,11789.978745,11789.978745,11789.978745,11789.978745,11789.978745,11789.978745,11789.978745,10619.759928,10549.172491,10241.681672
2012-02-15,11738.499814,11738.499814,11738.499814,11738.499814,11738.499814,11738.499814,11738.499814,11738.499814,10573.390558,10503.111329,10196.963116
2012-02-16,11866.256522,11866.256522,11866.256522,11866.256522,11866.256522,11866.256522,11866.256522,11866.256522,10688.466725,10617.422608,10307.942412
2012-02-17,11894.857177,11894.857177,11894.857177,11894.857177,11894.857177,11894.857177,11894.857177,11894.857177,10714.228611,10643.013260,10332.787139
2012-02-21,11902.480460,11902.480460,11902.480460,11902.480460,11902.480460,11902.480460,11902.480460,11902.480460,10721.095242,10649.834250,10339.409308
2012-02-22,11862.441603,11862.441603,11862.441603,11862.441603,11862.441603,11862.441603,11862.441603,11862.441603,10685.030458,10614.009180,10304.628480
2012-02-23,11919.647595,11919.647595,11919.647595,11919.647595,11919.647595,11919.647595,11919.647595,11919.647595,10736.558447,10665.194673,10354.322001
2012-02-24,11936.810048,11936.810048,11936.810048,11936.810048,11936.810048,11936.810048,11936.810048,11936.810048,10752.017434,10680.550908,10369.230627
2012-02-27,11957.781802,11957.781802,11957.781802,11957.781802,11957.781802,11957.781802,11957.781802,11957.781802,10770.907628,10699.315542,10387.448304
2012-02-28,11999.732800,11999.732800,11999.732800,11999.732800,11999.732800,11999.732800,11999.732800,11999.732800,10808.694764,10736.851515,10423.890165
2012-02-29,11934.899779,11934.899779,11934.899779,11934.899779,11934.899779,11934.899779,11934.899779,11934.899779,10750.296770,10678.841680,10367.571221
2012-03-01,12013.081270,12013.081270,12013.081270,12013.081270,12013.081270,12013.081270,12013.081270,12013.081270,10820.718327,10748.795159,10435.485672
2012-03-02,11980.665697,11980.665697,11980.665697,11980.665697,11980.665697,11980.665697,11980.665697,11980.665697,10791.520173,10719.791080,10407.327014
2012-03-05,11929.181147,11929.181147,11929.181147,11929.181147,11929.181147,11929.181147,11929.181147,11929.181147,10745.145742,10673.724890,10362.603577
2012-03-06,11742.310051,11742.310051,11742.310051,11742.310051,11742.310051,11742.310051,11742.310051,11742.310051,10576.822608,10506.520567,10200.272981
2012-03-07,11835.746535,11835.746535,11835.746535,11835.746535,11835.746535,11835.746535,11835.746535,11835.746535,10660.985019,10590.123566,10281.439092
2012-03-08,11950.157582,11950.157582,11950.157582,11950.157582,11950.157582,11950.157582,11950.157582,11950.157582,10764.040154,10692.493714,10380.825321
2012-03-09,11995.918817,11995.918817,11995.918817,11995.918817,11995.918817,11995.918817,11995.918817,11995.918817,10805.259340,10733.438925,10420.577047
2012-03-12,12001.640259,12001.640259,12001.640259,12001.640259,12001.640259,12001.640259,12001.640259,12001.640259,10810.412898,10738.558228,10425.547131
2012-03-13,12217.112010,12217.112010,12217.112010,12217.112010,12217.112010,12217.112010,12217.112010,12217.112010,11004.497918,10931.353204,10612.722454
2012-03-14,12207.580331,12207.580331,12207.580331,12207.580331,12207.580331,12207.580331,12207.580331,12207.580331,10995.912310,10922.824662,10604.442505
2012-03-15,12270.504019,12270.504019,12270.504019,12270.504019,12270.504019,12270.504019,12270.504019,12270.504019,11052.590483,10979.126107,10659.102856
2012-03-16,12287.662726,12287.662726,12287.662726,12287.662726,12287.662726,12287.662726,12287.662726,12287.662726,11068.046096,10994.478990,10674.008228
2012-03-19,12339.148212,12339.148212,12339.148212,12339.148212,12339.148212,12339.148212,12339.148212,12339.148212,11114.421371,11040.546018,10718.732479
2012-03-20,12304.827988,12304.827988,12304.827988,12304.827988,12304.827988,12304.827988,12304.827988,12304.827988,11083.507614,11009.837738,10688.919294
2012-03-21,12285.758076,12285.758076,12285.758076,12285.758076,12285.758076,12285.758076,12285.758076,12285.758076,11066.330493,10992.774790,10672.353703
2012-03-22,12190.416942,12190.416942,12190.416942,12190.416942,12190.416942,12190.416942,12190.416942,12190.416942,10980.452479,10907.467590,10589.533066
2012-03-23,12238.090318,12238.090318,12238.090318,12238.090318,12238.090318,12238.090318,12238.090318,12238.090318,11023.394016,10950.123704,10630.945825
2012-03-26,12403.766796,12403.766796,12403.766796,12403.766796,12403.766796,12403.766796,12403.766796,12403.766796,11172.626212,11098.363983,10774.865146
2012-03-27,12369.293001,12369.293001,12369.293001,12369.293001,12369.293001,12369.293001,12369.293001,12369.293001,11141.574127,11067.518295,10744.918559
2012-03-28,12309.912674,12309.912674,12309.912674,12309.912674,12309.912674,12309.912674,12309.912674,12309.912674,11088.087617,11014.387299,10693.336243
2012-03-29,12288.845407,12288.845407,12288.845407,12288.845407,12288.845407,12288.845407,12288.845407,12288.845407,11069.111390,10995.537203,10675.035596
2012-03-30,12329.065927,12329.065927,12329.065927,12329.065927,12329.065927,12329.065927,12329.065927,12329.065927,11105.339807,11031.524816,10709.974230
2012-04-02,12428.664900,12428.664900,12428.664900,12428.664900,12428.664900,12428.664900,12428.664900,12428.664900,11195.053046,11120.641750,10796.493554
2012-04-03,12356.046817,12356.046817,12356.046817,12356.046817,12356.046817,12356.046817,12380.783642,12380.783642,11151.924260,11077.799632,10754.900212
2012-04-04,12353.355805,12353.355805,12353.355805,12353.355805,12353.355805,12353.355805,12250.540775,12250.540775,11034.608699,10961.263844,10641.761248
2012-04-05,12356.046817,12356.046817,12356.046817,12356.046817,12356.046817,12356.046817,12246.709001,12246.709001,11031.157249,10957.835335,10638.432675
2012-04-09,12358.746847,12358.746847,12358.746847,12358.746847,12358.746847,12358.746847,12110.717536,12110.717536,10908.663669,10836.155946,10520.300037
2012-04-10,12358.746847,12358.746847,12358.746847,12358.746847,12358.746847,12358.746847,11900.029885,11900.029885,10718.887900,10647.641579,10337.280550
2012-04-11,12358.746847,12358.746847,12358.746847,12358.746847,12358.746847,12358.746847,11997.712035,11997.712035,10806.874571,10735.043420,10422.134773
2012-04-12,12356.046817,12356.046817,12356.046817,12356.046817,12356.046817,12356.046817,12162.433378,12162.433378,10955.246435,10882.429086,10565.224392
2012-04-13,12353.355805,12353.355805,12353.355805,12353.355805,12353.355805,12353.355805,12016.869970,12016.869970,10824.130978,10752.185127,10438.776828
2012-04-16,12356.046817,12356.046817,12356.046817,12356.046817,12356.046817,12356.046817,12003.460633,12003.460633,10812.052590,10740.187021,10427.128447
2012-04-17,12356.046817,12356.046817,12356.046817,12356.046817,12356.046817,12356.046817,12187.335229,12187.335229,10977.676643,10904.710204,10586.856053
2012-04-18,12356.046817,12356.046817,12356.046817,12356.046817,12356.046817,12356.046817,12145.196013,12145.196013,10939.719971,10867.005823,10550.250692
2012-04-19,12358.746847,12358.746847,12358.746847,12358.746847,12358.746847,12358.746847,12066.665243,12066.665243,10868.983802,10796.739823,10482.032829
2012-04-20,12356.046817,12356.046817,12356.046817,12356.046817,12356.046817,12356.046817,12085.816622,12085.816622,10886.234304,10813.875665,10498.669189
2012-04-23,12358.746847,12358.746847,12358.746847,12358.746847,12358.746847,12358.746847,11982.390557,11982.390557,10793.073832,10721.334412,10408.825360
2012-04-24,12358.746847,12358.746847,12358.746847,12358.746847,12358.746847,12358.746847,12026.444723,12026.444723,10832.755386,10760.752210,10447.094195
2012-04-25,12356.046817,12356.046817,12356.046817,12356.046817,12356.046817,12356.046817,12194.995032,12194.995032,10984.576169,10911.563871,10593.509947
2012-04-26,12358.746847,12358.746847,12358.746847,12358.746847,12358.746847,12358.746847,12279.269717,12279.269717,11060.486139,10986.969282,10666.717416
2012-04-27,12356.046817,12356.046817,12356.046817,12356.046817,12356.046817,12356.046817,12304.169695,12304.169695,11082.914660,11009.248725,10688.347450
2012-04-30,12358.746847,12358.746847,12358.746847,12358.746847,12358.746847,12358.746847,12250.540775,12250.540775,11034.608699,10961.263844,10641.761248
2012-05-01,12358.746847,12358.746847,12358.746847,12358.746847,12358.746847,12358.746847,12330.981814,12330.981814,11107.065532,11033.239071,10711.638517
2012-05-02,12334.054052,12334.054052,12358.746847,12358.746847,12334.054052,12358.746847,12292.679054,12292.679054,11072.564527,10998.967387,10657.030406
2012-05-03,12243.731524,12243.731524,12356.046817,12356.046817,12243.731524,12356.046817,12202.659516,12202.659516,10991.479912,10918.421726,10654.702152
2012-05-04,12043.862172,12043.862172,12356.046817,12356.046817,12043.862172,12356.046817,12003.460633,12003.460633,10812.052590,10740.187021,10654.702152
2012-05-07,12053.466334,12053.466334,12358.746847,12358.746847,12053.466334,12358.746847,12013.032577,12013.032577,10820.674467,10748.751591,10657.030406
2012-05-08,12001.582063,12001.582063,12358.746847,12358.746847,12001.582063,12358.746847,11961.322353,11961.322353,10774.096761,10702.483478,10657.030406
2012-05-09,11934.320986,11934.320986,12358.746847,12358.746847,11934.320986,12358.746847,11894.286906,11894.286906,10713.714942,10642.503005,10657.030406
2012-05-10,11955.457282,11955.457282,12358.746847,12358.746847,11955.457282,12358.746847,11915.352300,11915.352300,10732.689483,10661.351425,10657.030406
2012-05-11,11917.019965,11917.019965,12358.746847,12358.746847,11917.019965,12358.746847,11877.043922,11877.043922,10698.183417,10627.074715,10657.030406
2012-05-14,11790.184335,11790.184335,12358.746847,12358.746847,11790.184335,12358.746847,11750.633766,11750.633766,10584.320149,10513.968273,10657.030406
2012-05-15,11724.841835,11724.841835,12358.746847,12358.746847,11724.841835,12358.746847,11685.510460,11685.510460,10525.660682,10455.698704,10657.030406
2012-05-16,11674.878020,11674.878020,12358.746847,12358.746847,11674.878020,12358.746847,11635.714250,11635.714250,10480.807014,10411.143169,10657.030406
2012-05-17,11498.071998,11498.071998,12358.746847,12358.746847,11498.071998,12358.746847,11459.501330,11459.501330,10322.084174,10253.475329,10657.030406
2012-05-18,11407.746652,11407.746652,12358.746847,12358.746847,11407.746652,12358.746847,11369.478983,11369.478983,10240.997029,10172.927154,10657.030406
2012-05-21,11599.927600,11599.927600,12358.746847,12358.746847,11599.927600,12358.746847,11561.015254,11561.015254,10413.522295,10344.305679,10657.030406
2012-05-22,11624.910447,11624.910447,12353.355805,12353.355805,11624.910447,12353.355805,11585.914295,11585.914295,10435.949973,10366.584284,10652.381674
2012-05-23,11624.910447,11624.910447,12353.355805,12353.355805,11624.910447,12353.355805,11585.914295,11585.914295,10435.949973,10366.584284,10652.381674
2012-05-24,11646.051442,11646.051442,12358.746847,12358.746847,11646.051442,12358.746847,11606.984371,11606.984371,10454.928730,10385.436893,10657.030406
2012-05-25,11619.146259,11619.146259,12358.746847,12358.746847,11619.146259,12358.746847,11580.169443,11580.169443,10430.775328,10361.444034,10657.030406
2012-05-29,11751.750776,11751.750776,12358.746847,12358.746847,11751.750776,12358.746847,11712.329133,11712.329133,10549.817458,10479.694914,10657.030406
2012-05-30,11582.632217,11582.632217,12358.746847,12358.746847,11582.632217,12358.746847,11543.777889,11543.777889,10397.995831,10328.882416,10657.030406
2012-05-31,11553.805638,11553.805638,12358.746847,12358.746847,11553.805638,12358.746847,11515.048010,11515.048010,10372.117547,10303.176140,10657.030406
2012-06-01,11271.302162,11271.302162,12358.746847,12358.746847,11271.302162,12358.746847,11233.492200,11233.492200,10118.507666,10051.251954,10657.030406
2012-06-04,11267.457490,11267.457490,12334.054052,12334.054052,11267.457490,12334.054052,11229.660426,11229.660426,10094.846319,10047.823445,10635.737643
2012-06-05,11332.797171,11332.797171,12405.578898,12405.578898,11332.797171,12405.578898,11294.780923,11294.780923,10094.846319,10106.090501,10697.413998
2012-06-06,11603.769453,11603.769453,12702.201874,12702.201874,11603.769453,12702.201874,11564.844219,11564.844219,10092.640886,10347.731674,10953.193982
2012-06-07,11601.848997,11601.848997,12700.099624,12700.099624,11601.848997,12700.099624,11562.930205,11562.930205,10092.640886,10346.019095,10951.381197
2012-06-08,11697.939471,11697.939471,12805.286185,12805.286185,11697.939471,12805.286185,11658.698341,11658.698341,10092.640886,10431.708358,11042.084275
2012-06-11,11555.726095,11555.726095,12649.610650,12649.610650,11555.726095,12649.610650,11516.962024,11516.962024,10092.640886,10304.888718,10907.844216
2012-06-12,11690.251068,11690.251068,12796.869984,12796.869984,11690.251068,12796.869984,11651.035729,11651.035729,10094.846319,10424.852178,11034.826929
2012-06-13,11613.379252,11613.379252,12712.721353,12712.721353,11613.379252,12712.721353,11574.421782,11574.421782,10094.846319,10356.301271,10962.264999
2012-06-14,11742.137218,11742.137218,12853.667765,12853.667765,11742.137218,12853.667765,11702.747825,11702.747825,10094.846319,10471.121966,11083.804037
2012-06-15,11845.917035,11845.917035,12967.271555,12967.271555,11845.917035,12967.271555,11806.179509,11806.179509,10092.640886,10563.668247,11181.765348
2012-06-18,11870.902701,11870.902701,12994.622406,12994.622406,11870.902701,12994.622406,11831.081360,11831.081360,10094.846319,10585.949365,11205.350171
2012-06-19,11991.974143,11991.974143,13127.154676,13127.154676,11991.974143,13127.154676,11951.746664,11951.746664,10090.442819,10693.915557,11319.633637
2012-06-20,11972.758303,11972.758303,13106.119832,13106.119832,11972.758303,13106.119832,11932.595284,11932.595284,10090.442819,10676.779715,11301.495149
2012-06-21,11709.467847,11709.467847,12817.905857,12817.905857,11709.467847,12817.905857,11670.188045,11670.188045,10094.846319,10441.988857,11052.966303
2012-06-22,11794.029006,11794.029006,12910.471717,12910.471717,11794.029006,12910.471717,11754.465540,11754.465540,10092.640886,10517.396782,11132.786466
2012-06-25,11606.640742,11606.640742,12705.344964,12705.344964,11606.640742,12705.344964,11567.705877,11567.705877,10094.846319,10350.292164,10955.904290
2012-06-26,11662.661887,11662.661887,12766.669165,12766.669165,11662.661887,12766.669165,11623.539097,11623.539097,10094.846319,10400.249359,11008.784560
2012-06-27,11766.983829,11766.983829,12880.866398,12880.866398,11766.983829,12880.866398,11727.511087,11727.511087,10092.640886,10493.279082,11107.257601
2012-06-28,11739.935834,11739.935834,12851.257994,12851.257994,11739.935834,12851.257994,11700.553825,11700.553825,10094.846319,10469.158869,11081.726075
2012-06-29,12031.648858,12031.648858,13170.585066,13170.585066,12031.648858,13170.585066,11991.288289,11991.288289,10090.442819,10729.295724,11357.083954
2012-07-02,12064.488289,12064.488289,13206.533133,13206.533133,12064.488289,13206.533133,12024.017558,12024.017558,10090.442819,10758.580486,11388.082214
2012-07-03,12143.692088,12143.692088,13293.234497,13293.234497,12143.692088,13293.234497,12102.955665,12102.955665,10070.282099,10829.210953,11439.942600
2012-07-05,12091.533466,12091.533466,13236.138452,13236.138452,12091.533466,13236.138452,12050.972011,12050.972011,10027.029023,10782.698186,11439.942600
2012-07-06,11979.487417,11979.487417,13113.485935,13113.485935,11979.487417,13113.485935,11939.301825,11939.301825,9934.113680,10682.780444,11439.942600
2012-07-09,11964.032628,11964.032628,13096.568170,13096.568170,11964.032628,13096.568170,11923.898879,11923.898879,9921.297637,10668.998542,11439.942600
2012-07-10,11853.914553,11853.914553,12976.026131,12976.026131,11853.914553,12976.026131,11814.150199,11814.150199,9829.981085,10570.800081,11439.942600
2012-07-11,11855.849103,11855.849103,12978.143809,12978.143809,11855.849103,12978.143809,11816.078259,11816.078259,9831.585331,10572.525228,11439.942600
2012-07-12,11794.029006,11794.029006,12910.471717,12910.471717,11794.029006,12910.471717,11754.465540,11754.465540,9780.320377,10517.396782,11439.942600
2012-07-13,11994.940328,11994.940328,13130.401644,13130.401644,11994.940328,13130.401644,11954.702898,11954.702898,9946.928166,10696.560670,11442.434637
2012-07-16,11967.897030,11967.897030,13100.798382,13100.798382,11967.897030,13100.798382,11927.750318,11927.750318,9924.502232,10672.444646,11439.942600
2012-07-17,12052.896962,12052.896962,13193.844551,13193.844551,12052.896962,13193.844551,12012.465115,12012.465115,9994.989303,10748.243850,11439.942600
2012-07-18,12139.833323,12139.833323,13289.010455,13289.010455,12139.833323,13289.010455,12099.109845,12099.109845,10067.082179,10825.769876,11439.942600
2012-07-19,12170.740083,12170.740083,13322.842901,13322.842901,12170.740083,13322.842901,12129.912927,12129.912927,10092.711929,10853.331166,11442.434637
2012-07-20,12058.692156,12058.692156,13200.188328,13200.188328,12058.692156,13200.188328,12018.240868,12018.240868,9999.795028,10753.411749,11439.942600
2012-07-23,11938.915424,11938.915424,13069.073329,13069.073329,11938.915424,13069.073329,11898.865932,11898.865932,9900.468936,10646.600123,11439.942600
2012-07-24,11844.254957,11844.254957,12965.452142,12965.452142,11844.254957,12965.452142,11804.523007,11804.523007,9821.970766,10562.186079,11442.434637
2012-07-25,11836.531791,11836.531791,12956.997887,12956.997887,11836.531791,12956.997887,11796.825748,11796.825748,9815.566250,10555.298898,11444.935026
2012-07-26,12029.713369,12029.713369,13168.466360,13168.466360,12029.713369,13168.466360,11989.359292,11989.359292,9975.764069,10727.569740,11442.434637
2012-07-27,12261.537088,12261.537088,13422.234904,13422.234904,12261.537088,13422.234904,12220.405350,12220.405350,10168.006283,10934.299945,11444.935026
2012-07-30,12255.743773,12255.743773,13415.893185,13415.893185,12255.743773,13415.893185,12214.631470,12214.631470,10163.202117,10929.133722,11444.935026
2012-07-31,12176.538095,12176.538095,13329.189763,13329.189763,12176.538095,13329.189763,12135.691490,12135.691490,10097.519990,10858.501579,11439.942600
2012-08-01,12163.014098,12163.014098,13314.385561,13314.385561,12163.014098,13314.385561,12122.212859,12122.212859,10086.305076,10846.441472,11442.434637
2012-08-02,12078.013226,12078.013226,13221.338364,13221.338364,12078.013226,13221.338364,12037.497126,12037.497126,10015.817225,10770.641430,11442.434637
2012-08-03,12313.700408,12313.700408,13479.336092,13479.336092,12313.700408,13479.336092,12272.393687,12272.393687,10211.263255,10980.816902,11442.434637
2012-08-06,12346.540778,12346.540778,13515.285187,13515.285187,12346.540778,13515.285187,12305.123893,12305.123893,10238.496471,11010.102501,11444.935026
2012-08-07,12402.566621,12402.566621,13576.614531,13576.614531,12402.566621,13576.614531,12360.961795,12360.961795,10284.956480,11060.063885,11442.434637
2012-08-08,12416.085921,12416.085921,13591.413590,13591.413590,12416.085921,13591.413590,12374.435744,12374.435744,10296.167499,11072.119803,11439.942600
2012-08-09,12429.609918,12429.609918,13606.217793,13606.217793,12429.609918,13606.217793,12387.914375,12387.914375,10307.382413,11084.179910,11439.942600
2012-08-10,12448.929110,12448.929110,13627.365771,13627.365771,12448.929110,13627.365771,12407.168759,12407.168759,10323.403052,11101.407915,11439.942600
2012-08-13,12439.270454,12439.270454,13616.792810,13616.792810,12439.270454,13616.792810,12397.542504,12397.542504,10315.393512,11092.794750,11439.942600
2012-08-14,12445.067526,12445.067526,13623.138644,13623.138644,12445.067526,13623.138644,12403.320130,12403.320130,10320.200795,11097.964325,11439.942600
2012-08-15,12458.586826,12458.586826,13637.937704,13637.937704,12458.586826,13637.937704,12416.794079,12416.794079,10331.411814,11110.020243,11439.942600
2012-08-16,12543.594275,12543.594275,13730.992101,13730.992101,12543.594275,13730.992101,12501.516367,12501.516367,10401.905118,11185.826150,11439.942600
2012-08-17,12572.570243,12572.570243,13762.710983,13762.710983,12572.570243,13762.710983,12530.395134,12530.395134,10425.933739,11211.665645,11439.942600
2012-08-20,12568.703962,12568.703962,13758.478713,13758.478713,12568.703962,13758.478713,12526.541823,12526.541823,10422.727586,11208.217865,11439.942600
2012-08-21,12530.067458,12530.067458,13716.184813,13716.184813,12530.067458,13716.184813,12488.034927,12488.034927,10390.687866,11173.763529,11439.942600
2012-08-22,12532.001069,12532.001069,13718.301462,13718.301462,12532.001069,13718.301462,12489.962051,12489.962051,10392.291333,11175.487838,11439.942600
2012-08-23,12433.478079,12433.478079,13610.452119,13610.452119,12433.478079,13610.452119,12391.769559,12391.769559,10310.590125,11087.629365,11439.942600
2012-08-24,12510.750146,12510.750146,13695.038891,13695.038891,12510.750146,13695.038891,12468.782415,12468.782415,10374.668785,11156.537199,11439.942600
2012-08-27,12510.750146,12510.750146,13695.038891,13695.038891,12510.750146,13695.038891,12468.782415,12468.782415,10374.668785,11156.537199,11439.942600
2012-08-28,12499.154121,12499.154121,13682.345167,13682.345167,12499.154121,13682.345167,12457.225290,12457.225290,10365.052662,11146.196374,11439.942600
2012-08-29,12510.750146,12510.750146,13695.038891,13695.038891,12510.750146,13695.038891,12468.782415,12468.782415,10374.668785,11156.537199,11439.942600
2012-08-30,12416.085921,12416.085921,13591.413590,13591.413590,12416.085921,13591.413590,12374.435744,12374.435744,10296.167499,11072.119803,11439.942600
2012-08-31,12481.771359,12481.771359,13663.316924,13663.316924,12481.771359,13663.316924,12439.900838,12439.900838,10350.637827,11130.695190,11439.942600
2012-09-04,12448.929110,12448.929110,13627.365771,13627.365771,12448.929110,13627.365771,12407.168759,12407.168759,10323.403052,11101.407915,11439.942600
2012-09-05,12448.929110,12448.929110,13627.365771,13627.365771,12448.929110,13627.365771,12407.168759,12407.168759,10323.403052,11101.407915,11419.572636
2012-09-06,12707.798005,12707.798005,13910.739634,13910.739634,12707.798005,13910.739634,12665.169271,12665.169271,10538.072758,11332.255821,11657.036608
2012-09-07,12759.962265,12759.962265,13967.841850,13967.841850,12759.962265,13967.841850,12717.158543,12717.158543,10581.330509,11378.773615,11704.887596
2012-09-10,12684.619110,12684.619110,13885.366585,13885.366585,12684.619110,13885.366585,12642.068130,12642.068130,10518.851420,11311.585900,11635.774291
2012-09-11,12719.386514,12719.386514,13923.425130,13923.425130,12719.386514,13923.425130,12676.718905,12676.718905,10547.682648,11342.589943,11667.666905
2012-09-12,12759.962265,12759.962265,13967.841850,13967.841850,12759.962265,13967.841850,12717.158543,12717.158543,10581.330509,11378.773615,11704.887596
2012-09-13,12962.804378,12962.804378,14189.885341,14189.885341,12962.804378,14189.885341,12919.320216,12919.320216,10749.539427,11559.659298,11890.957436
2012-09-14,13016.895671,13016.895671,14249.097007,14249.097007,13016.895671,14249.097007,12973.230058,12973.230058,10794.395190,11607.895536,11940.576117
2012-09-17,12978.259167,12978.259167,14206.803107,14206.803107,12978.259167,14206.803107,12934.723162,12934.723162,10762.355471,11573.441200,11905.134325
2012-09-18,12964.736109,12964.736109,14191.999933,14191.999933,12964.736109,14191.999933,12921.245467,12921.245467,10751.141335,11561.381931,11892.729439
2012-09-19,12974.402282,12974.402282,14202.581122,14202.581122,12974.402282,14202.581122,12930.879214,12930.879214,10759.157108,11570.001799,11901.596351
2012-09-20,12972.461155,12972.461155,14200.456245,14200.456245,12972.461155,14200.456245,12928.944599,12928.944599,10757.547409,11568.270787,11899.815729
2012-09-21,12964.736109,12964.736109,14191.999933,14191.999933,12964.736109,14191.999933,12921.245467,12921.245467,10751.141335,11561.381931,11892.729439
2012-09-24,12947.842857,12947.842857,14173.507537,14173.507537,12947.842857,14173.507537,12904.408884,12904.408884,10737.132431,11546.317271,11877.233028
2012-09-25,12815.803954,12815.803954,14028.969608,14028.969608,12815.803954,14028.969608,12772.812910,12772.812910,10627.637807,11428.570780,11756.111940
2012-09-26,12734.246563,12734.246563,13939.691856,13939.691856,12734.246563,13939.691856,12691.529105,12691.529105,10560.005498,11355.841482,11681.298231
2012-09-27,12858.524716,12858.524716,14075.734390,14075.734390,12858.524716,14075.734390,12815.390364,12815.390364,10663.064440,11466.667278,11795.300278
2012-09-28,12800.267423,12800.267423,14011.962363,14011.962363,12800.267423,14011.962363,12757.328497,12757.328497,10614.753978,11414.715984,11741.860068
2012-10-01,12823.569401,12823.569401,14037.470145,14037.470145,12823.569401,14037.470145,12780.552307,12780.552307,10634.077384,11435.495664,11763.235290
2012-10-02,12841.045180,12841.045180,14056.600211,14056.600211,12841.045180,14056.600211,12797.969463,12797.969463,10648.569354,11451.079795,11755.731069
2012-10-03,12893.473455,12893.473455,14113.991435,14113.991435,12893.473455,14113.991435,12850.221866,12850.221866,10692.046042,11497.833027,11753.170799
2012-10-04,12992.505685,12992.505685,14222.398224,14222.398224,12992.505685,14222.398224,12948.921889,12948.921889,10774.169543,11586.145618,11753.170799
2012-10-05,12988.619673,12988.619673,14218.144356,14218.144356,12988.619673,14218.144356,12945.048913,12945.048913,10770.947027,11582.680244,11753.170799
2012-10-08,12949.786802,12949.786802,14175.635499,14175.635499,12949.786802,14175.635499,12906.346308,12906.346308,10738.744468,11548.050796,11753.170799
2012-10-09,12823.569401,12823.569401,14037.470145,14037.470145,12823.569401,14037.470145,12780.552307,12780.552307,10634.077384,11435.495664,11753.170799
2012-10-10,12736.190508,12736.190508,13941.819819,13941.819819,12736.190508,13941.819819,12693.466530,12693.466530,10561.617534,11357.575007,11755.731069
2012-10-11,12743.960653,12743.960653,13950.325499,13950.325499,12743.960653,13950.325499,12701.210609,12701.210609,10568.061007,11364.504080,11755.731069
2012-10-12,12699.292187,12699.292187,13901.428640,13901.428640,12699.292187,13901.428640,12656.691985,12656.691985,10531.019220,11324.670706,11753.170799
2012-10-15,12806.093622,12806.093622,14018.340080,14018.340080,12806.093622,14018.340080,12763.135152,12763.135152,10619.585414,11419.911532,11755.731069
2012-10-16,12936.191398,12936.191398,14160.753131,14160.753131,12936.191398,14160.753131,12892.796510,12892.796510,10727.470338,11535.927012,11753.170799
2012-10-17,12996.387939,12996.387939,14226.647978,14226.647978,12996.387939,14226.647978,12952.791120,12952.791120,10777.388941,11589.607641,11755.731069
2012-10-18,12963.376569,12963.376569,14190.511696,14190.511696,12963.376569,14190.511696,12919.890488,12919.890488,10750.013922,11560.169552,11753.170799
2012-10-19,12742.013889,12742.013889,13948.194451,13948.194451,12742.013889,13948.194451,12699.270376,12699.270376,10566.446633,11362.768042,11753.170799
2012-10-22,12749.784033,12749.784033,13956.700130,13956.700130,12749.784033,13956.700130,12707.014455,12707.014455,10572.890105,11369.697115,11753.170799
2012-10-23,12563.366333,12563.366333,13752.635815,13752.635815,12563.366333,13752.635815,12521.222099,12521.222099,10418.301302,11203.458002,11755.731069
2012-10-24,12536.183981,12536.183981,13722.880336,13722.880336,12536.183981,13722.880336,12494.130931,12494.130931,10395.760056,11179.217975,11755.731069
2012-10-25,12571.133659,12571.133659,13761.138409,13761.138409,12571.133659,13761.138409,12528.963369,12528.963369,10424.742437,11210.384562,11753.170799
2012-10-26,12561.429904,12561.429904,13750.516081,13750.516081,12561.429904,13750.516081,12519.292166,12519.292166,10416.695498,11201.731180,11753.170799
2012-10-31,12549.777506,12549.777506,13737.760647,13737.760647,12549.777506,13737.760647,12507.678856,12507.678856,10407.032627,11191.340083,11755.731069
2012-11-01,12697.352939,12697.352939,13899.305820,13899.305820,12697.352939,13899.305820,12654.759243,12654.759243,10529.411079,11322.941370,11755.731069
2012-11-02,12582.791694,12582.791694,13773.900014,13773.900014,12582.791694,13773.900014,12540.582298,12540.582298,10434.409983,11220.780686,11755.731069
2012-11-05,12611.912355,12611.912355,13805.777285,13805.777285,12611.912355,13805.777285,12569.605272,12569.605272,10458.558592,11246.749211,11753.170799
2012-11-06,12705.121205,12705.121205,13907.809443,13907.809443,12705.121205,13907.809443,12662.501449,12662.501449,10535.852994,11329.868767,11753.170799
2012-11-07,12427.443298,12427.443298,13603.846076,13603.846076,12427.443298,13603.846076,12385.755022,12385.755022,10305.585721,11082.247812,11755.731069
2012-11-08,12262.393965,12262.393965,13423.172894,13423.172894,12262.393965,13423.172894,12221.259353,12221.259353,10168.716857,10935.064070,11755.731069
2012-11-09,12275.982792,12275.982792,13438.048063,13438.048063,12275.982792,13438.048063,12234.802596,12234.802596,10179.985532,10947.181989,11755.731069
2012-11-12,12293.461389,12293.461389,13457.181214,13457.181214,12293.461389,13457.181214,12252.222561,12252.222561,10194.479839,10962.768634,11755.731069
2012-11-13,12248.801379,12248.801379,13408.293612,13408.293612,12248.801379,13408.293612,12207.712364,12207.712364,10157.445065,10922.942800,11755.731069
2012-11-14,12099.283879,12099.283879,13244.622533,13244.622533,12099.283879,13244.622533,12058.696426,12058.696426,10033.456134,10789.609664,11755.731069
2012-11-15,12052.680864,12052.680864,13193.607997,13193.607997,12052.680864,13193.607997,12012.249742,12012.249742,9994.810102,10748.051143,11755.731069
2012-11-16,12114.816652,12114.816652,13261.625664,13261.625664,12114.816652,13261.625664,12074.177093,12074.177093,10046.336846,10803.461108,11755.731069
2012-11-19,12361.424316,12361.424316,13531.577626,13531.577626,12361.424316,13531.577626,12319.957504,12319.957504,10250.838799,11023.374986,11755.731069
2012-11-20,12375.016901,12375.016901,13546.456909,13546.456909,12375.016901,13546.456909,12333.504492,12333.504492,10262.110590,11035.496256,11753.170799
2012-11-21,12402.198314,12402.198314,13576.211360,13576.211360,12402.198314,13576.211360,12360.594724,12360.594724,10284.651058,11059.735445,11753.170799
2012-11-23,12559.484079,12559.484079,13748.386061,13748.386061,12559.484079,13748.386061,12517.352869,12517.352869,10415.081903,11199.995979,11753.170799
2012-11-26,12543.950367,12543.950367,13731.381901,13731.381901,12543.950367,13731.381901,12501.871265,12501.871265,10402.200412,11186.143697,11753.170799
2012-11-27,12483.757585,12483.757585,13665.491169,13665.491169,12483.757585,13665.491169,12441.880401,12441.880401,10352.284925,11132.466419,11753.170799
2012-11-28,12576.956100,12576.956100,13767.512012,13767.512012,12576.956100,13767.512012,12534.766279,12534.766279,10429.570756,11215.576759,11753.170799
2012-11-29,12633.274145,12633.274145,13829.161219,13829.161219,12633.274145,13829.161219,12590.895403,12590.895403,10476.273077,11265.798717,11753.170799
2012-11-30,12621.620807,12621.620807,13816.404757,13816.404757,12621.620807,13816.404757,12579.281157,12579.281157,10466.609426,11255.406782,11753.170799
2012-12-03,12576.956100,12576.956100,13767.512012,13767.512012,12576.956100,13767.512012,12534.766279,12534.766279,10429.570756,11215.576759,11753.170799
2012-12-04,12553.661638,12553.661638,13742.012458,13742.012458,12553.661638,13742.012458,12511.549959,12511.549959,10410.253584,11194.803782,11729.687946
2012-12-05,12580.846809,12580.846809,13771.771023,13771.771023,12580.846809,13771.771023,12538.643937,12538.643937,10432.797167,11219.046323,11755.088788
2012-12-06,12619.684378,12619.684378,13814.285022,13814.285022,12619.684378,13814.285022,12577.351224,12577.351224,10465.003623,11253.679960,11791.377209
2012-12-07,12658.518189,12658.518189,13856.794907,13856.794907,12658.518189,13856.794907,12616.054765,12616.054765,10497.206961,11288.310246,11827.662119
2012-12-10,12666.284575,12666.284575,13865.296472,13865.296472,12666.284575,13865.296472,12623.795099,12623.795099,10503.647317,11295.235968,11834.918750
2012-12-11,12747.841027,12747.841027,13954.573196,13954.573196,12747.841027,13954.573196,12705.077967,12705.077967,10571.278848,11367.964428,11911.122152
2012-12-12,12757.550419,12757.550419,13965.201696,13965.201696,12757.550419,13965.201696,12714.754789,12714.754789,10579.330461,11376.622837,11920.194258
2012-12-13,12679.879040,12679.879040,13880.177812,13880.177812,12679.879040,13880.177812,12637.343960,12637.343960,10514.920668,11307.358914,11847.620926
2012-12-14,12639.100344,12639.100344,13835.538936,13835.538936,12639.100344,13835.538936,12596.702058,12596.702058,10481.104513,11270.994265,11809.518786
2012-12-17,12790.560850,12790.560850,14001.336949,14001.336949,12790.560850,14001.336949,12747.654484,12747.654484,10606.704702,11406.060088,11951.038011
2012-12-18,12920.658626,12920.658626,14143.750000,14143.750000,12920.658626,14143.750000,12877.315843,12877.315843,10714.589626,11522.075568,12072.596673
2012-12-19,12825.512407,12825.512407,14039.597080,14039.597080,12825.512407,14039.597080,12782.488795,12782.488795,10635.688642,11437.228351,11983.695484
2012-12-20,12905.123974,12905.123974,14126.744812,14126.744812,12905.123974,14126.744812,12861.833303,12861.833303,10701.707356,11508.222448,12058.081656
2012-12-21,12784.729953,12784.729953,13994.954090,13994.954090,12784.729953,13994.954090,12741.843147,12741.843147,10601.869370,11400.860351,11945.589832
2012-12-24,12747.572314,12747.572314,13954.279045,13954.279045,12747.572314,13954.279045,12704.810155,12704.810155,10571.056014,11367.724801,11910.871076
2012-12-26,12686.949214,12686.949214,13887.917260,13887.917260,12686.949214,13887.917260,12644.390417,12644.390417,10520.783682,11313.663784,11854.227041
2012-12-27,12675.211316,12675.211316,13875.068233,13875.068233,12675.211316,13875.068233,12632.691894,12632.691894,10511.049909,11303.196443,11843.259574
2012-12-28,12534.395062,12534.395062,13720.922075,13720.922075,12534.395062,13720.922075,12492.348014,12492.348014,10394.276577,11177.622696,11711.685953
2012-12-31,12749.531292,12749.531292,13956.423464,13956.423464,12749.531292,13956.423464,12706.762562,12706.762562,10572.680517,11369.471732,11912.701475
2013-01-02,13064.408179,13064.408179,14301.107129,14301.107129,13064.408179,14301.107129,13020.583183,13020.583183,10833.795428,11650.265102,12206.911063
2013-01-03,13052.671221,13052.671221,14288.259130,14288.259130,13052.671221,14288.259130,13008.885597,13008.885597,10824.062434,11639.798599,12195.944473
2013-01-04,13107.429600,13107.429600,14348.201030,14348.201030,13107.429600,14348.201030,13063.460287,13063.460287,10869.471386,11688.629715,12247.108725
2013-01-07,13072.227180,13072.227180,14309.666291,14309.666291,13072.227180,14309.666291,13028.375956,13028.375956,10840.279416,11657.237744,12214.216856
2013-01-08,13033.112442,13033.112442,14266.848885,14266.848885,13033.112442,14266.848885,12989.392429,12989.392429,10807.843115,11622.356939,12177.669457
2013-01-09,13072.227180,13072.227180,14309.666291,14309.666291,13072.227180,14309.666291,13028.375956,13028.375956,10840.279416,11657.237744,12214.216856
2013-01-10,13168.059276,13168.059276,14414.570015,14414.570015,13168.059276,14414.570015,13123.886580,13123.886580,10919.749171,11742.696596,12303.758904
2013-01-11,13173.929635,13173.929635,14420.996071,14420.996071,13173.929635,14420.996071,13129.737246,13129.737246,10924.617227,11747.931524,12309.243955
2013-01-14,13162.190797,13162.190797,14408.146015,14408.146015,13162.190797,14408.146015,13118.037787,13118.037787,10914.882674,11737.463344,12298.275610
2013-01-15,13168.059276,13168.059276,14414.570015,14414.570015,13168.059276,14414.570015,13123.886580,13123.886580,10919.749171,11742.696596,12303.758904
2013-01-16,13168.059276,13168.059276,14414.570015,14414.570015,13168.059276,14414.570015,13123.886580,13123.886580,10919.749171,11742.696596,12303.758904
2013-01-17,13250.203892,13250.203892,14504.490578,14504.490578,13250.203892,14504.490578,13205.755638,13205.755638,10987.868442,11815.949554,12380.511866
2013-01-18,13287.362471,13287.362471,14545.166651,14545.166651,13287.362471,14545.166651,13242.789568,13242.789568,11018.682577,11849.085942,12415.231499
2013-01-22,13351.902588,13351.902588,14615.816244,14615.816244,13351.902588,14615.816244,13307.113183,13307.113183,11072.203136,11906.639982,12475.535453
2013-01-23,13371.455729,13371.455729,14637.220319,14637.220319,13371.455729,14637.220319,13326.600732,13326.600732,11088.417781,11924.076615,12493.805202
2013-01-24,13379.281308,13379.281308,14645.786680,14645.786680,13379.281308,14645.786680,13334.400060,13334.400060,11094.907222,11931.055121,12501.117140
2013-01-25,13453.604103,13453.604103,14727.144996,14727.144996,13453.604103,14727.144996,13408.473536,13408.473536,11156.540168,11997.332924,12570.561675
2013-01-28,13437.956704,13437.956704,14710.016388,14710.016388,13437.956704,14710.016388,13392.878627,13392.878627,11143.564401,11983.379261,12555.941311
2013-01-29,13492.711325,13492.711325,14769.954174,14769.954174,13492.711325,14769.954174,13447.449572,13447.449572,11188.970236,12032.207026,12607.102051
2013-01-30,13439.910984,13439.910984,14712.155665,14712.155665,13439.910984,14712.155665,13394.826352,13394.826352,11145.185008,11985.122003,12557.767320
2013-01-31,13408.619945,13408.619945,14677.902563,14677.902563,13408.619945,14677.902563,13363.640280,13363.640280,11119.236591,11957.218029,12528.530103
2013-02-01,13537.697361,13537.697361,14819.198665,14819.198665,13537.697361,14819.198665,13492.284701,13492.284701,11226.275371,12072.323596,12649.135378
2013-02-04,13389.058348,13389.058348,14656.489232,14656.489232,13389.058348,14656.489232,13344.144303,13344.144303,11103.014934,11939.773856,12485.256950
2013-02-05,13525.965100,13525.965100,14806.355809,14806.355809,13525.965100,14806.355809,13480.591797,13480.591797,11216.546273,12061.861282,12487.989011
2013-02-06,13537.697361,13537.697361,14819.198665,14819.198665,13537.697361,14819.198665,13492.284701,13492.284701,11226.275371,12072.323596,12487.989011
2013-02-07,13520.092863,13520.092863,14799.927695,14799.927695,13520.092863,14799.927695,13474.739258,13474.739258,11211.676659,12056.624679,12487.989011
2013-02-08,13594.417537,13594.417537,14881.288069,14881.288069,13594.417537,14881.288069,13548.814608,13548.814608,11273.311163,12122.904157,12487.989011
2013-02-11,13588.548118,13588.548118,14874.863041,14874.863041,13588.548118,14874.863041,13542.964878,13542.964878,11268.443887,12117.670067,12487.989011
2013-02-12,13610.058359,13610.058359,14898.409477,14898.409477,13610.058359,14898.409477,13564.402962,13564.402962,11286.281476,12136.851955,12487.989011
2013-02-13,13621.796257,13621.796257,14911.258504,14911.258504,13621.796257,14911.258504,13576.101485,13576.101485,11296.015249,12147.319296,12485.256950
2013-02-14,13641.355975,13641.355975,14932.669778,14932.669778,13641.355975,14932.669778,13595.595589,13595.595589,11312.235348,12164.761793,12487.989011
2013-02-15,13623.756175,13623.756175,14913.403951,14913.403951,13623.756175,14913.403951,13578.054828,13578.054828,11297.640531,12149.067065,12485.256950
2013-02-19,13717.622716,13717.622716,15016.156057,15016.156057,13717.622716,15016.156057,13671.606490,13671.606490,11375.480330,12232.773121,12485.256950
2013-02-20,13547.479099,13547.479099,14829.906359,14829.906359,13547.479099,14829.906359,13502.033626,13502.033626,11234.386979,12081.046521,12487.989011
2013-02-21,13482.934284,13482.934284,14759.251623,14759.251623,13482.934284,14759.251623,13437.705329,13437.705329,11180.862524,12023.488291,12485.256950
2013-02-22,13600.279439,13600.279439,14887.704868,14887.704868,13600.279439,14887.704868,13554.656846,13554.656846,11278.172206,12128.131544,12487.989011
2013-02-25,13344.075130,13344.075130,14607.247826,14607.247826,13344.075130,14607.247826,13299.311983,13299.311983,11065.712136,11899.659800,12485.256950
2013-02-26,13434.045324,13434.045324,14705.734751,14705.734751,13434.045324,14705.734751,13388.980368,13388.980368,11140.320849,11979.891265,12485.256950
2013-02-27,13602.237478,13602.237478,14889.848259,14889.848259,13602.237478,14889.848259,13556.608316,13556.608316,11279.795930,12129.877637,12487.989011
2013-02-28,13586.591019,13586.591019,14872.720679,14872.720679,13586.591019,14872.720679,13541.014344,13541.014344,11266.820942,12115.924812,12487.989011
2013-03-01,13621.796257,13621.796257,14911.258504,14911.258504,13621.796257,14911.258504,13576.101485,13576.101485,11296.015249,12147.319296,12487.989011
2013-03-04,13698.068635,13698.068635,14994.750954,14994.750954,13698.068635,14994.750954,13652.118004,13652.118004,11359.264906,12215.335651,12460.311388
2013-03-05,13815.412850,13815.412850,15123.203172,15123.203172,13815.412850,15123.203172,13769.068585,13769.068585,11456.573809,12319.978066,12567.052383
2013-03-06,13840.841048,13840.841048,15151.038445,15151.038445,13840.841048,15151.038445,13794.411482,13794.411482,11477.660405,12342.653815,12590.182889
2013-03-07,13866.260789,13866.260789,15178.864462,15178.864462,13866.260789,15178.864462,13819.745952,13819.745952,11498.739988,12365.322023,12613.305702
2013-03-08,13921.024806,13921.024806,15238.812533,15238.812533,13921.024806,15238.812533,13874.326261,13874.326261,11544.153614,12414.158166,12663.121243
2013-03-11,13971.875563,13971.875563,15294.476909,15294.476909,13971.875563,15294.476909,13925.006438,13925.006438,11586.322130,12459.504637,12709.377127
2013-03-12,13940.583584,13940.583584,15260.222778,15260.222778,13940.583584,15260.222778,13893.819429,13893.819429,11560.372933,12431.599826,12680.912691
2013-03-13,13960.135786,13960.135786,15281.625825,15281.625825,13960.135786,15281.625825,13913.306042,13913.306042,11576.586798,12449.035620,12698.698156
2013-03-14,14034.455762,14034.455762,15362.981055,15362.981055,14034.455762,15362.981055,13987.376710,13987.376710,11638.217406,12515.310909,12766.302581
2013-03-15,14014.899802,14014.899802,15341.573895,15341.573895,14014.899802,15341.573895,13967.886351,13967.886351,11622.000425,12497.871763,12748.513697
2013-03-18,13938.624606,13938.624606,15258.078360,15258.078360,13938.624606,15258.078360,13891.867022,13891.867022,11558.748430,12429.852895,12679.130726
2013-03-19,13905.375528,13905.375528,15221.681868,15221.681868,13905.375528,15221.681868,13858.729479,13858.729479,11531.176289,12400.202828,12648.886034
2013-03-20,14001.214201,14001.214201,15326.592792,15326.592792,14001.214201,15326.592792,13954.246658,13954.246658,11610.651498,12485.667545,12736.064726
2013-03-21,13887.775728,13887.775728,15202.416041,15202.416041,13887.775728,15202.416041,13841.188718,13841.188718,11516.581473,12384.508100,12632.876551
2013-03-22,13988.970821,13988.970821,15313.190432,15313.190432,13988.970821,15313.190432,13942.044349,13942.044349,11600.498549,12474.749437,12724.927657
2013-03-25,13949.674747,13949.674747,15270.174526,15270.174526,13949.674747,15270.174526,13902.880095,13902.880095,11567.911874,12439.706925,12689.182377
2013-03-26,14053.821931,14053.821931,15384.180459,15384.180459,14053.821931,15384.180459,14006.677914,14006.677914,11654.277002,12532.580807,12783.918823
2013-03-27,14045.961589,14045.961589,15375.576044,15375.576044,14045.961589,15375.576044,13998.843940,13998.843940,11647.758732,12525.571300,12776.768741
2013-03-28,14077.395441,14077.395441,15409.985477,15409.985477,14077.395441,15409.985477,14030.172346,14030.172346,11673.825579,12553.602628,12805.362231
2013-04-01,14038.102187,14038.102187,15366.972657,15366.972657,14038.102187,15366.972657,13991.010902,13991.010902,11641.241242,12518.562630,12769.619514
2013-04-02,14106.869375,14106.869375,15442.249464,15442.249464,14106.869375,15442.249464,14059.547409,14059.547409,11698.267143,12579.886187,12832.172901
2013-04-03,13965.391673,13965.391673,15287.379243,15287.379243,13965.391673,15287.379243,13918.544299,13918.544299,11580.945297,12453.722589,12703.479122
2013-04-04,14020.415947,14020.415947,15347.612208,15347.612208,14020.415947,15347.612208,13973.383992,13973.383992,11626.574745,12502.790819,12753.531403
2013-04-05,13965.391673,13965.391673,15287.379243,15287.379243,13965.391673,15287.379243,13918.544299,13918.544299,11580.945297,12453.722589,12703.479122
2013-04-08,14051.853557,14051.853557,15382.025755,15382.025755,14051.853557,15382.025755,14004.716143,14004.716143,11652.644708,12530.825498,12782.128311
2013-04-09,14102.948600,14102.948600,15437.957541,15437.957541,14102.948600,15437.957541,14055.639786,14055.639786,11695.015800,12576.389811,12828.606407
2013-04-10,14275.865791,14275.865791,15627.243366,15627.243366,14275.865791,15627.243366,14227.976921,14227.976921,11838.409167,12730.589764,12985.898804
2013-04-11,14323.028784,14323.028784,15678.870887,15678.870887,14323.028784,15678.870887,14274.981703,14274.981703,11877.519565,12772.647648,13028.800149
2013-04-12,14291.588355,14291.588355,15644.454254,15644.454254,14291.588355,15644.454254,14243.646742,14243.646742,11851.447265,12744.610455,13000.200677
2013-04-15,13965.391673,13965.391673,15287.379243,15287.379243,13965.391673,15287.379243,13918.544299,13918.544299,11580.945297,12453.722589,12703.479122
2013-04-16,14161.893649,14161.893649,15502.482428,15502.482428,14161.893649,15502.482428,14114.387102,14114.387102,11743.896591,12628.954416,12882.225182
2013-04-17,13953.605858,13953.605858,15274.477763,15274.477763,13953.605858,15274.477763,13906.798019,13906.798019,11571.171788,12443.212517,12692.758272
2013-04-18,13839.638414,13839.638414,15149.721967,15149.721967,13839.638414,15149.721967,13793.212882,13793.212882,11476.663108,12341.581358,12589.088924
2013-04-19,13987.010903,13987.010903,15311.044985,15311.044985,13987.010903,15311.044985,13940.091005,13940.091005,11598.873266,12473.001668,12723.144838
2013-04-22,14049.889881,14049.889881,15379.876194,15379.876194,14049.889881,15379.876194,14002.759054,14002.759054,11651.016309,12529.074378,12780.342073
2013-04-23,14199.232623,14199.232623,15543.355973,15543.355973,14199.232623,15543.355973,14151.600821,14151.600821,11774.860321,12662.251672,12916.190207
2013-04-24,14203.161855,14203.161855,15547.657152,15547.657152,14203.161855,15547.657152,14155.516872,14155.516872,11778.118676,12665.755588,12919.764394
2013-04-25,14266.038954,14266.038954,15616.486304,15616.486304,14266.038954,15616.486304,14218.183048,14218.183048,11830.260161,12721.826623,12976.959920
2013-04-26,14234.606042,14234.606042,15582.077899,15582.077899,14234.606042,15582.077899,14186.855579,14186.855579,11804.194093,12693.796133,12948.367285
2013-04-29,14326.958015,14326.958015,15683.172066,15683.172066,14326.958015,15683.172066,14278.897754,14278.897754,11880.777921,12776.151564,13032.374335
2013-04-30,14372.156392,14372.156392,15732.648997,15732.648997,14372.156392,15732.648997,14323.944511,14323.944511,11918.259142,12816.457490,13073.488587
2013-05-01,14242.462626,14242.462626,15590.678200,15590.678200,14242.462626,15590.678200,14194.685807,14194.685807,11810.709247,12700.802289,12955.513948
2013-05-02,14370.186139,14370.186139,15730.492237,15730.492237,14370.186139,15730.492237,14321.980867,14321.980867,11916.625289,12814.700505,13045.579097
2013-05-03,14505.772812,14505.772812,15878.913774,15878.913774,14505.772812,15878.913774,14457.112711,14457.112711,12029.061938,12935.610742,13042.725050
2013-05-06,14550.972128,14550.972128,15928.391733,15928.391733,14550.972128,15928.391733,14502.160404,14502.160404,12066.543938,12975.917506,13042.725050
2013-05-07,14625.633164,14625.633164,16010.120309,16010.120309,14625.633164,16010.120309,14576.570987,14576.570987,12128.457373,13042.496937,13042.725050
2013-05-08,14702.271970,14702.271970,16094.013873,16094.013873,14702.271970,16094.013873,14652.952705,14652.952705,12192.010894,13110.840055,13045.579097
2013-05-09,14659.051363,14659.051363,16046.701931,16046.701931,14659.051363,16046.701931,14609.877083,14609.877083,12156.169760,13072.297818,13045.579097
2013-05-10,14710.133251,14710.133251,16102.619317,16102.619317,14710.133251,16102.619317,14660.787616,14660.787616,12198.529944,13117.850401,13042.725050
2013-05-13,14708.177092,14708.177092,16100.477984,16100.477984,14708.177092,16100.477984,14658.838018,14658.838018,12196.907778,13116.105984,13045.579097
2013-05-14,14863.407104,14863.407104,16270.402332,16270.402332,14863.407104,16270.402332,14813.547306,14813.547306,12325.633869,13254.533287,13042.725050
2013-05-15,14947.903433,14947.903433,16362.897226,16362.897226,14947.903433,16362.897226,14897.760189,14897.760189,12395.703323,13329.883400,13042.725050
2013-05-16,14879.128728,14879.128728,16287.612191,16287.612191,14879.128728,16287.612191,14829.216191,14829.216191,12338.671188,13268.553140,13042.725050
2013-05-17,15020.606430,15020.606430,16442.482411,16442.482411,15020.606430,16442.482411,14970.219302,14970.219302,12455.993034,13394.716738,13045.579097
2013-05-20,15020.606430,15020.606430,16442.482411,16442.482411,15020.606430,16442.482411,14970.219302,14970.219302,12455.993034,13394.716738,13042.725050
2013-05-21,15040.257285,15040.257285,16463.993450,16463.993450,15040.257285,16463.993450,14989.804238,14989.804238,12472.288709,13412.240507,13045.579097
2013-05-22,14940.044970,14940.044970,16354.294867,16354.294867,14940.044970,16354.294867,14889.928088,14889.928088,12389.186611,13322.875568,13045.579097
2013-05-23,14886.990949,14886.990949,16296.218663,16296.218663,14886.990949,16296.218663,14837.052039,14837.052039,12345.191016,13275.564324,13045.579097
2013-05-24,14867.336335,14867.336335,16274.703511,16274.703511,14867.336335,16274.703511,14817.463357,14817.463357,12328.892225,13258.037203,13045.579097
2013-05-28,14973.448135,14973.448135,16390.860033,16390.860033,14973.448135,16390.860033,14923.219201,14923.219201,12416.886531,13352.663043,13042.725050
2013-05-29,14859.479752,14859.479752,16266.103209,16266.103209,14859.479752,16266.103209,14809.633128,14809.633128,12322.377072,13251.031047,13045.579097
2013-05-30,14924.316769,14924.316769,16337.077809,16337.077809,14924.316769,16337.077809,14874.252648,14874.252648,12376.143838,13308.849850,13042.725050
2013-05-31,14706.203080,14706.203080,16098.317109,16098.317109,14706.203080,16098.317109,14656.870629,14656.870629,12195.270809,13114.345647,13045.579097
2013-06-03,14782.843765,14782.843765,16182.212731,16182.212731,14782.843765,16182.212731,14733.254220,14733.254220,12258.825888,13182.690442,13045.579097
2013-06-04,14737.640690,14737.640690,16100.497437,16100.497437,14708.194862,16100.497437,14688.202780,14688.202780,12221.340772,13142.380326,13045.579097
2013-06-05,14511.667599,14511.667599,16100.497437,16100.497437,14708.194862,16100.497437,14462.987723,14462.987723,12033.950251,12940.867454,13045.579097
2013-06-06,14625.633164,14625.633164,16096.975050,16096.975050,14704.977076,16096.975050,14576.570987,14576.570987,12128.457373,13042.496937,13042.725050
2013-06-07,14830.010515,14830.010515,16100.497437,16100.497437,14708.194862,16100.497437,14780.262748,14780.262748,12297.939403,13224.751677,13045.579097
2013-06-10,14824.109152,14824.109152,16096.975050,16096.975050,14704.977076,16096.975050,14774.381180,14774.381180,12293.045636,13219.489100,13042.725050
2013-06-11,14672.804612,14672.804612,16100.497437,16100.497437,14708.194862,16100.497437,14623.584197,14623.584197,12167.574784,13084.562361,13045.579097
2013-06-12,14558.829652,14558.829652,16096.975050,16096.975050,14704.977076,16096.975050,14509.991569,14509.991569,12073.059871,12982.924500,13042.725050
2013-06-13,14769.090515,14769.090515,16100.497437,16100.497437,14708.194862,16100.497437,14719.547105,14719.547105,12247.420863,13170.425898,13045.579097
2013-06-14,14678.696581,14678.696581,16096.975050,16096.975050,14704.977076,16096.975050,14629.456401,14629.456401,12172.460760,13089.816560,13042.725050
2013-06-17,14796.599833,14796.599833,16096.975050,16096.975050,14704.977076,16096.975050,14746.964143,14746.964143,12270.233250,13194.957499,13042.725050
2013-06-18,14910.566338,14910.566338,16096.975050,16096.975050,14704.977076,16096.975050,14860.548343,14860.548343,12364.741151,13296.587820,13042.725050
2013-06-19,14712.106323,14712.106323,16096.975050,16096.975050,14704.977076,16096.975050,14662.754069,14662.754069,12200.166134,13119.609900,13042.725050
2013-06-20,14338.744770,14338.744770,16096.975050,16096.975050,14704.977076,16096.975050,14290.644970,14290.644970,11890.552209,12786.662474,13042.725050
2013-06-21,14383.941268,14383.941268,16100.497437,16100.497437,14708.194862,16100.497437,14335.689854,14335.689854,11928.031872,12826.966724,13045.579097
2013-06-24,14202.049418,14202.049418,16100.497437,16100.497437,14708.194862,16100.497437,14154.408167,14154.408167,11777.196177,12664.763566,13045.579097
2013-06-25,14344.244943,14344.244943,16100.497437,16100.497437,14708.194862,16100.497437,14296.126692,14296.126692,11895.113284,12791.567286,13045.579097
2013-06-26,14478.547240,14478.547240,16100.497437,16100.497437,14708.194862,16100.497437,14429.978468,14429.978468,12006.484852,12911.332173,13045.579097
2013-06-27,14575.317955,14575.317955,16096.975050,16096.975050,14704.977076,16096.975050,14526.424562,14526.424562,12086.732966,12997.628044,13042.725050
2013-06-28,14484.467395,14484.467395,16096.975050,16096.975050,14704.977076,16096.975050,14435.878764,14435.878764,12011.394201,12916.611507,13042.725050
2013-07-01,14593.093452,14593.093452,16100.497437,16100.497437,14708.194862,16100.497437,14544.140431,14544.140431,12101.473481,13013.479452,13045.579097
2013-07-02,14571.368053,14571.368053,16064.813270,16064.813270,14675.596510,16064.813270,14522.487910,14522.487910,12083.457470,12994.105695,13042.725050
2013-07-03,14585.193649,14585.193649,16080.055875,16080.055875,14689.521000,16080.055875,14536.267128,14536.267128,12094.922488,13006.434754,13045.579097
2013-07-05,14747.142440,14747.142440,16258.603084,16258.603084,14852.628205,16258.603084,14697.672656,14697.672656,12229.220196,13150.853570,13045.579097
2013-07-08,14824.168344,14824.168344,16343.523508,16343.523508,14930.205072,16343.523508,14774.440174,14774.440174,12293.094722,13219.541885,13039.876444
2013-07-09,14936.738665,14936.738665,16467.631360,16467.631360,15043.580605,16467.631360,14886.632874,14886.632874,12386.444824,13319.927151,13039.876444
2013-07-10,14940.692325,14940.692325,16471.990238,16471.990238,15047.562545,16471.990238,14890.573272,14890.573272,12389.723437,13323.452851,13039.876444
2013-07-11,15152.013010,15152.013010,16704.969552,16704.969552,15260.394799,16704.969552,15101.185074,15101.185074,12564.963298,13511.899352,13039.876444
2013-07-12,15155.963851,15155.963851,16709.325322,16709.325322,15264.373900,16709.325322,15105.122662,15105.122662,12568.239574,13515.422538,13039.876444
2013-07-15,15211.259657,15211.259657,16770.288493,16770.288493,15320.065235,16770.288493,15160.232977,15160.232977,12614.094192,13564.732908,13039.876444
2013-07-16,15153.984203,15153.984203,16707.142776,16707.142776,15262.380091,16707.142776,15103.149654,15103.149654,12566.597930,13513.657175,13039.876444
2013-07-17,15191.507330,15191.507330,16748.511715,16748.511715,15300.171620,16748.511715,15140.546909,15140.546909,12597.714370,13547.118651,13039.876444
2013-07-18,15278.409867,15278.409867,16844.321046,16844.321046,15387.695768,16844.321046,15227.157929,15227.157929,12669.779197,13624.614514,13042.725050
2013-07-19,15306.059179,15306.059179,16874.804185,16874.804185,15415.542855,16874.804185,15254.714490,15254.714490,12692.707675,13649.270956,13042.725050
2013-07-22,15333.712250,15333.712250,16905.291468,16905.291468,15443.393727,16905.291468,15282.274798,15282.274798,12715.639269,13673.930749,13042.725050
2013-07-23,15302.109277,15302.109277,16870.449451,16870.449451,15411.564699,16870.449451,15250.777839,15250.777839,12689.432178,13645.748607,13042.725050
2013-07-24,15244.838520,15244.838520,16807.308913,16807.308913,15353.884287,16807.308913,15193.699198,15193.699198,12641.939811,13594.677063,13045.579097
2013-07-25,15272.486893,15272.486893,16837.791017,16837.791017,15381.730427,16837.791017,15221.254824,15221.254824,12664.867510,13619.332666,13039.876444
2013-07-26,15292.233583,15292.233583,16859.561580,16859.561580,15401.618365,16859.561580,15240.935273,15240.935273,12681.242657,13636.941897,13039.876444
2013-07-29,15246.809713,15246.809713,16809.482137,16809.482137,15355.869579,16809.482137,15195.663779,15195.663779,12643.574443,13596.434886,13042.725050
2013-07-30,15248.787483,15248.787483,16811.662612,16811.662612,15357.861496,16811.662612,15197.634914,15197.634914,12645.214529,13598.198574,13039.876444
2013-07-31,15252.732687,15252.732687,16816.012166,16816.012166,15361.834920,16816.012166,15201.566883,15201.566883,12648.486130,13601.716733,13042.725050
2013-08-01,15438.382768,15438.382768,17020.689852,17020.689852,15548.812949,17020.689852,15386.594195,15386.594195,12802.438377,13767.271317,13039.876444
2013-08-02,15462.086876,15431.193604,17012.763858,17012.763858,15541.572361,17012.763858,15410.218787,15410.218787,12822.095254,13788.409600,13016.665666
2013-08-05,15452.211182,15431.193604,17012.763858,17012.763858,15541.572361,17012.763858,15400.376222,15400.376222,12813.905733,13779.602890,13008.351872
2013-08-06,15359.381914,15431.193604,17012.763858,17012.763858,15541.572361,17012.763858,15307.858352,15307.858352,12736.926103,13696.821827,12930.204105
2013-08-07,15306.059179,15427.823343,17009.048173,17009.048173,15538.177993,17009.048173,15254.714490,15254.714490,12692.707675,13649.270956,12885.314679
2013-08-08,15359.381914,15427.823343,17009.048173,17009.048173,15538.177993,17009.048173,15307.858352,15307.858352,12736.926103,13696.821827,12930.204105
2013-08-09,15315.934873,15431.193604,17012.763858,17012.763858,15541.572361,17012.763858,15264.557056,15264.557056,12700.897196,13658.077666,12893.628473
2013-08-12,15296.180667,15431.193604,17012.763858,17012.763858,15541.572361,17012.763858,15244.869116,15244.869116,12684.515816,13640.461732,12876.998512
2013-08-13,15355.440468,15431.193604,17012.763858,17012.763858,15541.572361,17012.763858,15303.930128,15303.930128,12733.657618,13693.307019,12926.886022
2013-08-14,15268.536052,15431.193604,17012.763858,17012.763858,15541.572361,17012.763858,15217.317236,15217.317236,12661.591234,13615.809480,12853.726058
2013-08-15,15045.367541,15431.193604,17012.763858,17012.763858,15541.572361,17012.763858,14994.897351,14994.897351,12476.526441,13416.797609,12665.852977
2013-08-16,15001.916742,15431.193604,17012.763858,17012.763858,15541.572361,17012.763858,14951.592310,14951.592310,12440.494417,13378.050096,12629.274181
2013-08-19,14907.118160,15427.823343,17009.048173,17009.048173,15538.177993,17009.048173,14857.111732,14857.111732,12361.881714,13293.512886,12549.468560
2013-08-20,14966.364808,15431.193604,17012.763858,17012.763858,15541.572361,17012.763858,14916.159635,14916.159635,12411.012608,13346.346443,12599.344997
2013-08-21,14889.339844,15431.193604,17012.763858,17012.763858,15541.572361,17012.763858,14839.393054,14839.393054,12347.138862,13277.658965,12534.501991
2013-08-22,15019.686603,15427.823343,17009.048173,17009.048173,15538.177993,17009.048173,14969.302560,14969.302560,12455.230258,13393.896477,12644.233632
2013-08-23,15069.060375,15431.193604,17012.763858,17012.763858,15541.572361,17012.763858,15018.510706,15018.510706,12496.173968,13437.925837,12685.798648
2013-08-26,15021.663433,15427.823343,17009.048173,17009.048173,15538.177993,17009.048173,14971.272759,14971.272759,12456.869564,13395.659327,12645.897815
2013-08-27,14774.792692,15427.823343,17009.048173,17009.048173,15538.177993,17009.048173,14725.230155,14725.230155,12252.149453,13175.510849,12438.071154
2013-08-28,14824.168344,15427.823343,17009.048173,17009.048173,15538.177993,17009.048173,14774.440174,14774.440174,12293.094722,13219.541885,12479.637752
2013-08-29,14847.865875,15431.193604,17012.763858,17012.763858,15541.572361,17012.763858,14798.058211,14798.058211,12312.746145,13240.674302,12499.587377
2013-08-30,14782.695315,15431.193604,17012.763858,17012.763858,15541.572361,17012.763858,14733.106267,14733.106267,12258.702784,13182.558060,12444.723929
2013-09-03,14869.591275,15431.193604,17012.763858,17012.763858,15541.572361,17012.763858,14819.710732,14819.710732,12330.762156,13260.048059,12517.876775
2013-09-04,14994.007543,15400.362056,16978.772330,16978.772330,15510.520276,16978.772330,14943.709642,14943.709642,12433.935632,13370.997020,12622.615869
2013-09-05,14990.059521,15396.307037,16974.301705,16974.301705,15506.436252,16974.301705,14939.774863,14939.774863,12430.661694,13367.476347,12619.292250
2013-09-06,15015.741399,15422.684923,17003.383107,17003.383107,15533.002818,17003.383107,14965.370590,14965.370590,12451.958656,13390.378317,12640.912386
2013-09-09,15163.858017,15574.815669,17171.106002,17171.106002,15686.221750,17171.106002,15112.990347,15112.990347,12574.785893,13522.462209,12765.603479
2013-09-10,15278.409867,15692.472003,17300.821141,17300.821141,15804.719675,17300.821141,15227.157929,15227.157929,12669.779197,13624.614514,12862.038270
2013-09-11,15325.812446,15741.159246,17354.498425,17354.498425,15853.755176,17354.498425,15274.401495,15274.401495,12709.088276,13666.886051,12901.943849
2013-09-12,15288.283682,15702.613409,17312.001958,17312.001958,15814.933622,17312.001958,15236.998621,15236.998621,12677.967160,13633.419548,12870.350482
2013-09-13,15319.888533,15735.074788,17347.790361,17347.790361,15847.627196,17347.790361,15268.497453,15268.497453,12704.175809,13661.603366,12896.956838
2013-09-16,15412.711225,15830.413079,17452.900042,17452.900042,15943.647439,17452.900042,15361.008768,15361.008768,12781.149985,13744.378563,12975.099068
2013-09-17,15475.910593,15895.325222,17524.465144,17524.465144,16009.023895,17524.465144,15423.996132,15423.996132,12833.558714,13800.736983,13028.303079
2013-09-18,15661.557856,16086.003734,17734.686634,17734.686634,16201.066324,17734.686634,15609.020635,15609.020635,12987.508624,13966.289053,13184.589121
2013-09-19,15635.875978,16059.625849,17705.605232,17705.605232,16174.499758,17705.605232,15583.424907,15583.424907,12966.211662,13943.387083,13162.968985
2013-09-20,15513.439358,15933.871058,17566.961611,17566.961611,16047.845449,17566.961611,15461.399005,15461.399005,12864.679830,13834.203486,13059.896446
2013-09-23,15456.463622,15875.351216,17502.443967,17502.443967,15988.907016,17502.443967,15404.614396,15404.614396,12817.432112,13783.395028,13011.931762
2013-09-24,15422.717518,15840.690554,17464.230873,17464.230873,15953.998428,17464.230873,15370.981494,15370.981494,12789.447807,13753.301735,12983.522806
2013-09-25,15373.094763,15789.722966,17408.039527,17408.039527,15902.666271,17408.039527,15321.525201,15321.525201,12748.297625,13709.050343,12941.748185
2013-09-26,15434.626415,15852.922196,17477.716157,17477.716157,15966.317562,17477.716157,15382.850443,15382.850443,12799.323383,13763.921567,12993.548240
2013-09-27,15369.127009,15785.647682,17403.546560,17403.546560,15898.561836,17403.546560,15317.570757,15317.570757,12745.007324,13705.512075,12938.407956
2013-09-30,15283.780380,15697.988063,17306.902552,17306.902552,15810.275192,17306.902552,15232.510426,15232.510426,12674.232751,13629.403702,12866.559405
2013-10-01,15400.889706,15818.271184,17439.513702,17439.513702,15931.418693,17439.513702,15349.226905,15349.226905,12771.346869,13733.836653,12965.147193
2013-10-02,15381.038725,15797.882219,17417.035036,17417.035036,15910.883887,17417.035036,15329.442515,15329.442515,12754.885238,13716.134420,12922.564769
2013-10-03,15244.078418,15657.210133,17261.945220,17261.945220,15769.205578,17261.945220,15192.941646,15192.941646,12641.309488,13593.999237,12922.564769
2013-10-04,15355.235644,15771.379846,17387.816388,17387.816388,15884.191943,17387.816388,15303.725991,15303.725991,12733.487766,13693.124366,12922.564769
2013-10-07,15224.235893,15636.829853,17239.476129,17239.476129,15748.679519,17239.476129,15173.165683,15173.165683,12624.854869,13576.304545,12922.564769
2013-10-08,15047.577381,15455.383697,17039.433236,17039.433236,15565.935485,17039.433236,14997.099778,14997.099778,12478.358974,13418.768247,12922.564769
2013-10-09,15047.577381,15455.383697,17039.433236,17039.433236,15565.935485,17039.433236,14997.099778,14997.099778,12478.358974,13418.768247,12919.742407
2013-10-10,15386.996463,15804.001418,17423.781402,17423.781402,15917.046856,17423.781402,15335.380267,15335.380267,12759.825753,13721.447268,12916.926784
2013-10-11,15478.299889,15897.779270,17527.170712,17527.170712,16011.495497,17527.170712,15426.377413,15426.377413,12835.540062,13802.867652,12914.097683
2013-10-14,15545.790218,15967.098664,17603.594772,17603.594772,16081.310730,17603.594772,15493.641344,15493.641344,12891.507115,13863.052562,12914.097683
2013-10-15,15430.659601,15848.847877,17473.224254,17473.224254,15962.214100,17473.224254,15378.896936,15378.896936,12796.033862,13760.384137,12914.097683
2013-10-16,15641.061398,16064.951800,17711.477049,17711.477049,16179.863806,17711.477049,15588.592933,15588.592933,12970.511725,13948.011213,12916.926784
2013-10-17,15748.244294,16175.039473,17832.847803,17832.847803,16290.738932,17832.847803,15695.416281,15695.416281,13059.394249,14043.592210,12916.926784
2013-10-18,15853.445663,16283.091917,17951.974732,17951.974732,16399.564272,17951.974732,15800.264747,15800.264747,13146.633570,14137.406167,12919.742407
2013-10-21,15861.383048,16291.244415,17960.962794,17960.962794,16407.775084,17960.962794,15808.175507,15808.175507,13153.215729,14144.484379,12919.742407
2013-10-22,15946.732496,16378.906929,18057.609994,18057.609994,16496.064645,18057.609994,15893.238647,15893.238647,13223.992640,14220.595265,12919.742407
2013-10-23,15873.298523,16303.482812,17974.455526,17974.455526,16420.101022,17974.455526,15820.051011,15820.051011,13163.096760,14155.110075,12919.742407
2013-10-24,15924.902806,16356.485629,18032.890695,18032.890695,16473.482966,18032.890695,15871.482185,15871.482185,13205.890144,14201.128507,12916.926784
2013-10-25,15998.342416,16431.915536,18116.051546,18116.051546,16549.452421,18116.051546,15944.675440,15944.675440,13266.790700,14266.618724,12919.742407
2013-10-28,16018.195276,16452.306431,18138.532340,18138.532340,16569.989171,18138.532340,15964.461703,15964.461703,13283.253889,14284.322633,12919.742407
2013-10-29,16116.450493,16553.224475,18249.793652,18249.793652,16671.629077,18249.793652,16062.387319,16062.387319,13364.733042,14371.942317,12916.926784
2013-10-30,16026.134541,16460.460859,18147.522530,18147.522530,16578.201927,18147.522530,15972.374336,15972.374336,13289.837607,14291.402520,12916.926784
2013-10-31,15966.592873,16399.305544,18080.099299,18080.099299,16516.609171,18080.099299,15913.032401,15913.032401,13240.462063,14238.305877,12916.926784
2013-11-01,16012.234721,16446.184338,18131.782783,18131.782783,16563.823286,18131.782783,15958.521142,15958.521142,13278.311037,14279.007271,12916.926784
2013-11-04,16084.685916,16520.599042,18213.824382,18213.824382,16638.770276,18213.824382,16030.729298,16030.729298,13338.391939,14343.616063,12891.118745
2013-11-05,16036.056274,16470.651482,18158.757608,18158.757608,16588.465443,18158.757608,15982.262785,15982.262785,13298.065306,14300.250285,12852.144375
2013-11-06,16110.495574,16547.108171,18243.050478,18243.050478,16665.469024,18243.050478,16056.452376,16056.452376,13359.794864,14366.631982,12911.803971
2013-11-07,15904.061530,16335.079532,18009.290649,18009.290649,16451.923752,18009.290649,15850.710823,15850.710823,13188.607301,14182.543174,12746.356801
2013-11-08,16122.397895,16559.333058,18256.528315,18256.528315,16677.781355,18256.528315,16068.314770,16068.314770,13369.664987,14377.245948,12921.343121
2013-11-11,16119.419496,16556.273941,18253.155664,18253.155664,16674.700357,18253.155664,16065.346362,16065.346362,13367.195119,14374.589943,12918.956074
2013-11-12,16090.644593,16526.719206,18220.571812,18220.571812,16644.934217,18220.571812,16036.667986,16036.667986,13343.333233,14348.929749,12895.894344
2013-11-13,16214.700071,16654.136728,18361.048580,18361.048580,16773.263152,18361.048580,16160.307316,16160.307316,13446.207520,14459.556973,12995.318971
2013-11-14,16305.012264,16746.896483,18463.315446,18463.315446,16866.686414,18463.315446,16250.316554,16250.316554,13521.099839,14540.093418,13067.699943
2013-11-15,16375.477234,16819.271133,18543.107901,18543.107901,16939.578757,18543.107901,16320.545146,16320.545146,13579.533643,14602.930982,13124.174300
2013-11-18,16314.932117,16757.085175,18474.548395,18474.548395,16876.947986,18474.548395,16260.203130,16260.203130,13529.325980,14548.939507,13075.650239
2013-11-19,16283.178816,16724.471323,18438.591892,18438.591892,16844.100848,18438.591892,16228.556346,16228.556346,13502.994226,14520.623308,13050.201462
2013-11-20,16231.572654,16671.466576,18380.154595,18380.154595,16790.716960,18380.154595,16177.123299,16177.123299,13460.199283,14474.603201,13008.841552
2013-11-21,16358.604652,16801.941285,18524.001886,18524.001886,16922.124949,18524.001886,16303.729164,16303.729164,13565.541880,14587.884754,13110.651719
2013-11-22,16441.964115,16887.559884,18618.395687,18618.395687,17008.355975,18618.395687,16386.808995,16386.808995,13634.668576,14662.221061,13177.460406
2013-11-25,16432.046141,16877.373121,18607.164865,18607.164865,16998.096347,18607.164865,16376.924291,16376.924291,13626.443994,14653.376647,13169.511617
2013-11-26,16424.104997,16869.216763,18598.172548,18598.172548,16989.881647,18598.172548,16369.009786,16369.009786,13619.858718,14646.295084,13163.147164
2013-11-27,16468.771584,16915.093865,18648.751674,18648.751674,17036.086906,18648.751674,16413.526537,16413.526537,13656.898946,14686.126783,13198.945331
2013-11-29,16444.951910,16890.628651,18621.778977,18621.778977,17011.446693,18621.778977,16389.786767,16389.786767,13637.146235,14664.885445,13179.854983
2013-12-02,16419.146010,16864.123382,18592.557137,18592.557137,16984.751833,18592.557137,16364.067434,16364.067434,13615.746427,14641.872877,13159.172769
2013-12-03,16355.628132,16798.884098,18520.631363,18520.631363,16919.045895,18520.631363,16300.762629,16300.762629,13563.073570,14585.230425,13082.075843
2013-12-04,16336.774961,16779.519985,18499.282588,18499.282588,16899.543271,18499.282588,16281.972702,16281.972702,13547.439384,14568.417996,13082.075843
2013-12-05,16274.241740,16715.292043,18428.471811,18428.471811,16834.855909,18428.471811,16219.649250,16219.649250,13495.583064,14512.653617,13082.075843
2013-12-06,16458.846093,16904.899382,18637.512341,18637.512341,17025.819503,18637.512341,16403.634342,16403.634342,13648.668131,14677.275667,13082.075843
2013-12-09,16496.558072,16943.633398,18680.216274,18680.216274,17064.830581,18680.216274,16441.219814,16441.219814,13679.941178,14710.905552,13082.075843
2013-12-10,16439.979769,16885.521759,18616.148671,18616.148671,17006.303272,18616.148671,16384.831305,16384.831305,13633.023036,14660.451508,13079.224843
2013-12-11,16253.404223,16693.889806,18404.876021,18404.876021,16813.300582,18404.876021,16198.881633,16198.881633,13478.303338,14494.071635,13082.075843
2013-12-12,16199.813714,16638.846934,18344.191708,18344.191708,16757.863991,18344.191708,16145.470896,16145.470896,13433.862855,14446.281975,13082.075843
2013-12-13,16194.841574,16633.740042,18338.561402,18338.561402,16752.720570,18338.561402,16140.515434,16140.515434,13429.739656,14441.848038,13082.075843
2013-12-16,16298.067051,16739.763047,18455.450892,18455.450892,16859.501953,18455.450892,16243.394639,16243.394639,13515.340449,14533.899983,13079.224843
2013-12-17,16240.504092,16680.640066,18390.268292,18390.268292,16799.956068,18390.268292,16186.024776,16186.024776,13467.605771,14482.567865,13079.224843
2013-12-18,16523.350507,16971.151939,18710.555239,18710.555239,17092.545961,18710.555239,16467.922374,16467.922374,13702.159082,14734.797869,13082.075843
2013-12-19,16508.462271,16955.860215,18693.696239,18693.696239,17077.144856,18693.696239,16453.084081,16453.084081,13689.812859,14721.521194,13082.075843
2013-12-20,16591.836768,17041.494254,18788.107063,18788.107063,17163.391433,18788.107063,16536.178895,16536.178895,13758.952021,14795.870906,13079.224843
2013-12-23,16767.494650,17221.912663,18987.016873,18987.016873,17345.100368,18987.016873,16711.247527,16711.247527,13904.618135,14952.514887,13079.224843
2013-12-24,16728.978410,17182.352590,18943.402217,18943.402217,17305.257322,18943.402217,16672.860491,16672.860491,13872.678145,14918.167796,13079.224843
2013-12-26,16806.811394,17262.294935,19031.537994,19031.537994,17385.771492,19031.537994,16750.432381,16750.432381,13937.221950,14987.575831,13079.224843
2013-12-27,16807.809204,17263.319787,19032.667886,19032.667886,17386.803675,19032.667886,16751.426845,16751.426845,13938.049395,14988.465634,13082.075843
2013-12-30,16800.824530,17256.145821,19024.758647,19024.758647,17379.578394,19024.758647,16744.465601,16744.465601,13932.257282,14982.237009,13082.075843
2013-12-31,16878.649998,17336.080446,19112.885912,19112.885912,17460.084788,19112.885912,16822.030000,16822.030000,13996.794855,15051.638340,13076.360195
2014-01-02,16726.986547,17180.306745,18941.146690,18941.146690,17303.196844,18941.146690,16670.875310,16670.875310,13871.026372,14916.391540,13076.360195
2014-01-03,16712.017509,17164.932029,18924.196193,18924.196193,17287.712153,18924.196193,16655.956486,16655.956486,13858.613143,14903.042810,13079.224843
2014-01-06,16670.100069,17121.878579,18876.730119,18876.730119,17244.350744,18876.730119,16614.179660,16614.179660,13823.852672,14865.662679,13076.360195
2014-01-07,16773.885524,17228.476736,18994.253709,18994.253709,17351.711394,18994.253709,16717.616962,16717.616962,13909.917832,14958.213987,13079.224843
2014-01-08,16780.862681,17235.642983,19002.154437,19002.154437,17358.928900,19002.154437,16724.570715,16724.570715,13915.703712,14964.435909,13079.224843
2014-01-09,16790.844545,17245.895367,19013.457606,19013.457606,17369.254619,19013.457606,16734.519094,16734.519094,13923.981276,14973.337297,13076.360195
2014-01-10,16829.759158,17285.864609,19057.523367,19057.523367,17409.509760,19057.523367,16773.303167,16773.303167,13956.251621,15008.039638,13079.224843
2014-01-13,16616.222056,17066.540411,18815.720244,18815.720244,17188.616744,18815.720244,16560.482382,16560.482382,13779.173773,14817.616635,13079.224843
2014-01-14,16788.847045,17243.843732,19011.195695,19011.195695,17367.188309,19011.195695,16732.528295,16732.528295,13922.324829,14971.556014,13079.224843
2014-01-15,16883.648446,17341.214358,19118.546008,19118.546008,17465.255423,19118.546008,16827.011681,16827.011681,14000.939870,15056.095737,13079.224843
2014-01-16,16857.703492,17314.566266,19089.166707,19089.166707,17438.416718,19089.166707,16801.153760,16801.153760,13979.424748,15032.959167,13079.224843
2014-01-17,16784.861440,17239.750113,19006.682514,19006.682514,17363.065408,19006.682514,16728.556059,16728.556059,13919.019725,14968.001827,13076.360195
2014-01-21,16837.749159,17294.071149,19066.571008,19066.571008,17417.775000,19066.571008,16781.266365,16781.266365,13962.877412,15015.164770,13079.224843
2014-01-22,16847.717869,17304.310022,19077.859282,19077.859282,17428.087112,19077.859282,16791.201635,16791.201635,13971.144068,15024.054428,13079.224843
2014-01-23,16712.017509,17164.932029,18924.196193,18924.196193,17287.712153,18924.196193,16655.956486,16655.956486,13858.613143,14903.042810,13079.224843
2014-01-24,16352.790667,16795.969734,18517.418301,18517.418301,16916.110685,18517.418301,16297.934682,16297.934682,13560.720573,14582.700098,13076.360195
2014-01-27,16272.956425,16713.971894,18427.016358,18427.016358,16833.526317,18427.016358,16218.368247,16218.368247,13494.517203,14511.507429,13076.360195
2014-01-28,16373.739052,16817.485844,18541.139635,18541.139635,16937.780698,18541.139635,16318.812795,16318.812795,13578.092237,14601.380947,13076.360195
2014-01-29,16203.111563,16642.234158,18347.926095,18347.926095,16761.275443,18347.926095,16148.757682,16148.757682,13436.597630,14449.222851,13079.224843
2014-01-30,16384.722485,16828.766940,18553.576951,18553.576951,16949.142488,18553.576951,16329.759383,16329.759383,13587.200362,14611.175490,13079.224843
2014-01-31,16282.934530,16724.220418,18438.315271,18438.315271,16843.848148,18438.315271,16228.312880,16228.312880,13502.791650,14520.405466,13076.360195
2014-02-03,15926.714273,16358.346190,18034.941948,18034.941948,16475.356836,18034.941948,15873.287576,15873.287576,13207.392323,14202.743894,13076.360195
2014-02-04,16034.472179,16469.024456,18156.963825,18156.963825,16586.826779,18156.963825,15980.684004,15980.684004,13296.751679,14298.837659,13053.092532
2014-02-05,16007.533172,16441.355372,18126.458888,18126.458888,16558.959779,18126.458888,15953.835366,15953.835366,13274.412229,14274.814637,13031.162447
2014-02-06,16222.071843,16661.708283,18369.396157,18369.396157,16780.888866,18369.396157,16167.654359,16167.654359,13452.320638,14466.130796,13205.810735
2014-02-07,16431.621461,16876.936932,18606.683970,18606.683970,16997.657038,18606.683970,16376.501036,16376.501036,13626.091823,14652.997936,13376.397613
2014-02-10,16457.562657,16903.581163,18636.059016,18636.059016,17024.491855,18636.059016,16402.355211,16402.355211,13647.603828,14676.131155,13397.515417
2014-02-11,16639.173579,17090.113946,18841.709872,18841.709872,17212.358899,18841.709872,16583.356913,16583.356913,13798.206561,14838.083794,13545.358398
2014-02-12,16654.142616,17105.488661,18858.660370,18858.660370,17227.843589,18858.660370,16598.275737,16598.275737,13810.619790,14851.432524,13557.544158
2014-02-13,16735.963084,17189.526556,18951.311456,18951.311456,17312.482604,18951.311456,16679.821735,16679.821735,13878.470258,14924.396422,13624.151286
2014-02-14,16824.771984,17280.742278,19051.876038,19051.876038,17404.350788,19051.876038,16768.332722,16768.332722,13952.115956,15003.592296,13696.447447
2014-02-18,16849.717249,17306.363587,19080.123320,19080.123320,17430.155366,19080.123320,16793.194307,16793.194307,13972.802074,15025.837387,13716.754498
2014-02-19,16733.969342,17187.478781,18949.053802,18949.053802,17310.420182,18949.053802,16677.834681,16677.834681,13876.816927,14922.618490,13622.528251
2014-02-20,16828.765106,17284.843617,19056.397731,19056.397731,17408.481464,19056.397731,16772.312449,16772.312449,13955.427293,15007.153186,13699.698105
2014-02-21,16820.780742,17276.642868,19047.356473,19047.356473,17400.222056,19047.356473,16764.354869,16764.354869,13948.806177,15000.033081,13693.198319
2014-02-24,16900.611226,17358.636848,19137.754160,19137.754160,17482.802536,19137.754160,16843.917559,16843.917559,14015.006430,15071.222399,13758.185472
2014-02-25,16894.620604,17352.483874,19130.970557,19130.970557,17476.605549,19130.970557,16837.947033,16837.947033,14010.038645,15065.880226,13753.308720
2014-02-26,16894.620604,17352.483874,19130.970557,19130.970557,17476.605549,19130.970557,16837.947033,16837.947033,14010.038645,15065.880226,13753.308720
2014-02-27,16988.416678,17448.821927,19237.182467,19237.182467,17573.632705,19237.182467,16931.428464,16931.428464,14087.820008,15149.523442,13829.664762
2014-02-28,17026.335359,17487.768247,19280.120464,19280.120464,17612.857607,19280.120464,16969.219946,16969.219946,14119.264466,15183.337656,13860.533010
2014-03-03,16909.589642,17367.858589,19147.921054,19147.921054,17492.090240,19147.921054,16852.865856,16852.865856,14022.451874,15079.228956,13765.494480
2014-03-04,17151.069199,17615.882514,19421.365389,19421.365389,17741.888271,19421.365389,17093.535362,17093.535362,14222.701291,15294.569813,13962.074384
2014-03-05,17154.055114,17618.949351,19424.746551,19424.746551,17744.977044,19424.746551,17096.511261,17096.511261,14225.177392,15297.232521,13964.505111
2014-03-06,17208.944091,17675.325882,19486.901212,19486.901212,17801.756834,19486.901212,17151.216111,17151.216111,14270.694644,15346.180099,14009.188272
2014-03-07,17204.952849,17671.226472,19482.381647,19482.381647,17797.628102,19482.381647,17147.238258,17147.238258,14267.384865,15342.620884,14005.939144
2014-03-10,17207.955676,17674.310680,19485.781960,19485.781960,17800.734371,19485.781960,17150.231012,17150.231012,14269.874990,15345.298674,14008.383639
2014-03-11,17113.150517,17576.936194,19378.427391,19378.427391,17702.663369,19378.427391,17055.743880,17055.743880,14191.256833,15260.755599,13931.206137
2014-03-12,17125.128002,17589.238283,19391.990343,19391.990343,17715.053454,19391.990343,17067.681186,17067.681186,14201.189286,15271.436594,13940.956581
2014-03-13,16935.536475,17394.508611,19177.302484,19177.302484,17518.930888,19177.302484,16878.725650,16878.725650,14043.968554,15102.367202,13786.616873
2014-03-14,16886.636240,17344.283125,19121.929299,19121.929299,17468.346141,19121.929299,16829.989453,16829.989453,14003.417529,15058.760121,13746.808934
2014-03-17,17038.316603,17500.074196,19293.687671,19293.687671,17625.251580,19293.687671,16981.160998,16981.160998,14129.200036,15194.022002,13870.286513
2014-03-18,17159.053562,17624.083263,19430.406647,19430.406647,17750.147679,19430.406647,17101.492942,17101.492942,14229.322407,15301.689917,13968.574170
2014-03-19,17065.251851,17527.739420,19324.188353,19324.188353,17653.114692,19324.188353,17008.005891,17008.005891,14151.536369,15218.041673,13892.213539
2014-03-20,17162.045115,17627.155890,19433.794193,19433.794193,17753.242285,19433.794193,17104.474459,17104.474459,14231.803183,15304.357652,13971.009487
2014-03-21,17105.168033,17568.737375,19369.388261,19369.388261,17694.405904,19369.388261,17047.788173,17047.788173,14184.637275,15253.637170,13924.707880
2014-03-24,17032.902870,17494.513745,19287.557320,19287.557320,17619.651355,19287.557320,16975.765426,16975.765426,14124.710642,15189.194273,13865.879386
2014-03-25,17116.096971,17579.962500,19381.763869,19381.763869,17705.711322,19381.763869,17058.680450,17058.680450,14193.700210,15263.383117,13933.604740
2014-03-26,16989.792191,17450.234718,19238.740057,19238.740057,17575.055602,19238.740057,16932.799363,16932.799363,14088.960666,15150.750064,13830.784518
2014-03-27,16955.703148,17415.221823,19200.138630,19200.138630,17539.792261,19200.138630,16898.824673,16898.824673,14060.691975,15120.350954,13803.033843
2014-03-28,17030.886578,17492.442809,19285.274131,19285.274131,17617.565606,19285.274131,16973.755898,16973.755898,14123.038611,15187.396233,13864.237995
2014-03-31,17176.241836,17641.737359,19449.870142,19449.870142,17767.928054,19449.870142,17118.623557,17118.623557,14243.575961,15317.017665,13982.566531
2014-04-01,17291.516206,17760.135794,19580.403441,19580.403441,17887.173388,19580.403441,17233.511234,17233.511234,14339.168422,15419.814282,14076.407289
2014-04-02,17350.659502,17820.881940,19647.375567,19647.375567,17948.354049,19647.375567,17292.456132,17292.456132,14388.213611,15472.555674,14096.332859
2014-04-03,17323.594594,17793.083543,19616.728063,19616.728063,17920.356812,19616.728063,17265.482015,17265.482015,14365.769757,15448.420379,14099.420954
2014-04-04,17115.091644,17578.929927,19380.625466,19380.625466,17704.671363,19380.625466,17057.678495,17057.678495,14192.866532,15262.486611,14096.332859
2014-04-07,16930.650774,17389.490502,19171.770059,19171.770059,17513.876884,19171.770059,16873.856338,16873.856338,14039.917035,15098.010348,14096.332859
2014-04-08,17000.815085,17461.556345,19251.222058,19251.222058,17586.458212,19251.222058,16943.785281,16943.785281,14098.101515,15160.579797,14096.332859
2014-04-09,17184.254387,17649.967058,19458.943318,19458.943318,17776.216620,19458.943318,17126.609229,17126.609229,14250.220451,15324.162905,14096.332859
2014-04-10,16817.381421,17273.151422,19043.507182,19043.507182,17396.705635,19043.507182,16760.966951,16760.966951,13945.987255,14997.001717,14096.332859
2014-04-11,16666.012992,17117.680738,18872.102033,18872.102033,17240.122875,18872.102033,16610.106293,16610.106293,13820.463421,14862.018003,14096.332859
2014-04-14,16800.335960,17255.644010,19024.205404,19024.205404,17379.072993,19024.205404,16743.978670,16743.978670,13931.852130,14981.801323,14096.332859
2014-04-15,16916.611898,17375.071157,19155.872850,19155.872850,17499.354398,19155.872850,16859.864556,16859.864556,14028.275153,15085.491095,14096.332859
2014-04-16,17095.041477,17558.336378,19357.921247,19357.921247,17683.930509,19357.921247,17037.695587,17037.695587,14176.239724,15244.606752,14096.332859
2014-04-17,17115.091644,17578.929927,19380.625466,19380.625466,17704.671363,19380.625466,17057.678495,17057.678495,14192.866532,15262.486611,14099.420954
2014-04-21,17178.243095,17643.792854,19452.136308,19452.136308,17769.998251,19452.136308,17120.618102,17120.618102,14245.235525,15318.802299,14096.332859
2014-04-22,17253.424646,17721.011909,19537.269681,19537.269681,17847.769652,19537.269681,17195.547454,17195.547454,14307.580603,15385.845902,14093.262420
2014-04-23,17212.328379,17678.801888,19490.733480,19490.733480,17805.257704,19490.733480,17154.589046,17154.589046,14273.501099,15349.198058,14096.332859
2014-04-24,17250.423697,17717.929632,19533.871496,19533.871496,17844.665328,19533.871496,17192.556573,17192.556573,14305.092035,15383.169789,14096.332859
2014-04-25,17112.085059,17575.841860,19377.220897,19377.220897,17701.561207,19377.220897,17054.681995,17054.681995,14190.373290,15259.805470,14096.332859
2014-04-28,17164.209857,17629.379299,19436.245483,19436.245483,17755.481597,19436.245483,17106.631939,17106.631939,14233.598317,15306.288074,14096.332859
2014-04-29,17246.404268,17713.801272,19529.320013,19529.320013,17840.507437,19529.320013,17188.550627,17188.550627,14301.758882,15379.585438,14096.332859
2014-04-30,17300.537841,17769.401926,19590.619276,19590.619276,17896.505801,19590.619276,17242.502607,17242.502607,14346.649707,15427.859380,14096.332859
2014-05-01,17301.543168,17770.434498,19591.757678,19591.757678,17897.545759,19591.757678,17243.504562,17243.504562,14347.483385,15428.755886,14093.262420
2014-05-02,17273.471055,17741.601599,19559.969644,19559.969644,17868.506619,19559.969644,17215.526617,17215.526617,14324.204295,15403.722409,14068.168365
2014-05-05,17309.561356,17778.669988,19600.837238,19600.837238,17905.840157,19600.837238,17251.495852,17251.495852,14354.132550,15435.906154,14097.561672
2014-05-06,17159.200133,17624.233807,19430.572620,19430.572620,17750.299299,19430.572620,17101.639021,17101.639021,14229.443953,15301.820623,13975.101803
2014-05-07,17260.446902,17728.224477,19545.221477,19545.221477,17855.033811,19545.221477,17202.546154,17202.546154,14313.403881,15392.108042,14057.561002
2014-05-08,17239.391408,17706.598355,19521.378856,19521.378856,17833.252998,19521.378856,17181.561291,17181.561291,14295.943395,15373.331677,14040.412611
2014-05-09,17269.462900,17737.484819,19555.430928,19555.430928,17864.360392,19555.430928,17211.531908,17211.531908,14320.880491,15400.148113,14064.903973
2014-05-12,17432.857672,17905.307773,19740.454353,19740.454353,18033.383777,19740.454353,17374.378566,17374.378566,14456.377293,15545.856390,14197.978856
2014-05-13,17448.890289,17921.774892,19758.609216,19758.609216,18049.968686,19758.609216,17390.357402,17390.357402,14469.672507,15560.153574,14211.036427
2014-05-14,17364.690861,17835.293564,19663.264264,19663.264264,17962.868760,19663.264264,17306.440423,17306.440423,14399.849261,15485.068223,14142.461226
2014-05-15,17208.320225,17674.685108,19486.194764,19486.194764,17801.111477,19486.194764,17150.594338,17150.594338,14270.177296,15345.623762,14015.107064
2014-05-16,17275.474192,17743.659024,19562.237938,19562.237938,17870.578761,19562.237938,17217.523035,17217.523035,14325.865417,15405.508719,14069.799796
2014-05-19,17334.621247,17804.409030,19629.214320,19629.214320,17931.763310,19629.214320,17276.471679,17276.471679,14374.913723,15458.253463,14117.971395
2014-05-20,17220.352204,17687.043168,19499.819423,19499.819423,17813.557934,19499.819423,17162.585955,17162.585955,14280.154939,15356.353353,14024.906364
2014-05-21,17369.704342,17840.442917,19668.941383,19668.941383,17968.054945,19668.941383,17311.437086,17311.437086,14404.006742,15489.539026,14146.544395
2014-05-22,17416.813780,17888.829073,19722.286722,19722.286722,18016.787206,19722.286722,17358.388494,17358.388494,14443.072730,15531.549152,14184.912104
2014-05-23,17488.988745,17962.960061,19804.015526,19804.015526,18091.448451,19804.015526,17430.321346,17430.321346,14502.924565,15595.911614,14243.694126
2014-05-27,17592.236772,18069.006227,19920.930550,19920.930550,18198.253160,19920.930550,17533.223024,17533.223024,14588.544058,15687.983668,14327.783226
2014-05-28,17574.199138,18050.479752,19900.505264,19900.505264,18179.594166,19900.505264,17515.245898,17515.245898,14573.586164,15671.898498,14313.092694
2014-05-29,17674.446217,18153.443640,20014.022103,20014.022103,18283.294551,20014.022103,17615.156694,17615.156694,14656.717089,15761.294438,14394.737708
2014-05-30,17697.493574,18177.115607,20040.120251,20040.120251,18307.135843,20040.120251,17638.126739,17638.126739,14675.829349,15781.847059,14413.508348
2014-06-02,17721.551896,18201.825936,20067.363186,20067.363186,18332.022924,20067.363186,17662.104356,17662.104356,14695.779961,15803.301213,14433.102356
2014-06-03,17710.523365,18190.498519,20054.874801,20054.874801,18320.614482,20054.874801,17651.112820,17651.112820,14686.634437,15793.466453,14424.120302
2014-06-04,17742.599874,18223.444338,20091.197296,20091.197296,18353.795962,20091.197296,17683.081728,17683.081728,14713.234214,15822.070875,14450.244625
2014-06-05,17862.889604,18346.994056,20227.409842,20227.409842,18478.229426,20227.409842,17802.967942,17802.967942,14812.985715,15929.339970,14548.213132
2014-06-06,17948.099997,18434.513746,20323.899580,20323.899580,18566.375142,20323.899580,17887.892494,17887.892494,14883.647313,16005.326854,14617.611700
2014-06-09,17966.133873,18453.036361,20344.320610,20344.320610,18585.030247,20344.320610,17905.865875,17905.865875,14898.602091,16021.408672,14632.299171
2014-06-10,17970.147665,18457.158931,20348.865709,20348.865709,18589.182306,20348.865709,17909.866202,17909.866202,14901.930570,16024.987995,14635.568155
2014-06-11,17912.004058,18397.439567,20283.025602,20283.025602,18529.035772,20283.025602,17851.917640,17851.917640,14853.714383,15973.138082,14588.213802
2014-06-12,17778.688297,18260.510798,20132.062762,20132.062762,18391.127556,20132.062762,17719.049090,17719.049090,14743.160911,15854.252944,14479.636402
2014-06-13,17834.819370,18318.163086,20195.623935,20195.623935,18449.192229,20195.623935,17774.991870,17774.991870,14789.708183,15904.308168,14525.351671
2014-06-16,17849.856056,18333.607283,20212.651035,20212.651035,18464.746898,20212.651035,17789.978115,17789.978115,14802.177510,15917.717224,14537.598117
2014-06-17,17896.969252,18381.997300,20266.000630,20266.000630,18513.483047,20266.000630,17836.933268,17836.933268,14841.246614,15959.730701,14575.968887
2014-06-18,18030.292530,18518.933789,20416.971982,20416.971982,18651.399038,20416.971982,17969.809309,17969.809309,14951.806320,16078.622542,14684.552409
2014-06-19,18052.342077,18541.580904,20441.940239,20441.940239,18674.208146,20441.940239,17991.784890,17991.784890,14970.091135,16098.285359,14702.510394
2014-06-20,18088.422983,18578.639643,20482.797194,20482.797194,18711.531965,20482.797194,18027.744761,18027.744761,15000.011598,16130.460725,14731.896049
2014-06-23,18080.267619,18570.263260,20473.562301,20473.562301,18703.095666,20473.562301,18019.616755,18019.616755,14993.248679,16123.188131,14725.254012
2014-06-24,17973.541348,18460.644587,20352.708616,20352.708616,18592.692895,20352.708616,17913.248501,17913.248501,14904.744817,16028.014332,14638.332099
2014-06-25,18050.058951,18539.235903,20439.354895,20439.354895,18671.846372,20439.354895,17989.509423,17989.509423,14968.197829,16096.249368,14700.650930
2014-06-26,18041.007249,18529.938890,20429.105014,20429.105014,18662.482857,20429.105014,17980.488085,17980.488085,14960.691612,16088.177458,14693.278882
2014-06-27,18072.217486,18561.994959,20464.446567,20464.446567,18694.768223,20464.446567,18011.593627,18011.593627,14986.573023,16116.009376,14718.697680
2014-06-30,18067.179576,18556.820516,20458.741787,20458.741787,18689.556768,20458.741787,18006.572617,18006.572617,14982.395284,16111.516789,14714.594615
2014-07-01,18194.059366,18687.138892,20602.416722,20602.416722,18820.807305,20602.416722,18133.026784,18133.026784,15087.611661,16224.662610,14817.930316
2014-07-02,18207.141772,18700.575845,20617.230852,20617.230852,18834.340372,20617.230852,18146.065304,18146.065304,15098.460380,16236.328924,14828.585122
2014-07-03,18298.776862,18794.694350,20720.995729,20720.995729,18929.132103,20720.995729,18237.393001,18237.393001,15174.449726,16318.045071,14903.216207
2014-07-07,18239.364852,18733.672207,20653.719319,20653.719319,18867.673472,20653.719319,18178.180291,18178.180291,15125.181703,16265.064052,14854.828818
2014-07-08,18121.557435,18612.672076,20520.317671,20520.317671,18745.807831,20520.317671,18060.768062,18060.768062,15027.488685,16160.008574,14758.882000
2014-07-09,18197.077226,18690.238539,20605.834058,20605.834058,18823.929124,20605.834058,18136.034521,18136.034521,15090.114252,16227.353805,14820.388176
2014-07-10,18127.604430,18618.882951,20527.165110,20527.165110,18752.063133,20527.165110,18066.794773,18066.794773,15032.503218,16165.401018,14763.806902
2014-07-11,18151.766103,18643.699433,20554.525077,20554.525077,18777.057126,20554.525077,18090.875395,18090.875395,15052.539535,16186.947337,14783.485083
2014-07-14,18241.383023,18735.745073,20656.004636,20656.004636,18869.761164,20656.004636,18180.191692,18180.191692,15126.855292,16266.863768,14856.472493
2014-07-15,18210.169027,18703.685143,20620.658828,20620.658828,18837.471911,20620.658828,18149.082405,18149.082405,15100.970764,16239.028498,14831.050634
2014-07-16,18279.641824,18775.040731,20699.327775,20699.327775,18909.337903,20699.327775,18218.322153,18218.322153,15158.581798,16300.981285,14887.631908
2014-07-17,18065.170801,18554.757301,20456.467109,20456.467109,18687.478794,20456.467109,18004.570580,18004.570580,14980.729487,16109.725452,14712.958593
2014-07-18,18255.476393,18750.220389,20671.963553,20671.963553,18884.340022,20671.963553,18194.237785,18194.237785,15138.542364,16279.431615,14867.950666
2014-07-21,18216.202869,18709.882508,20627.491372,20627.491372,18843.713606,20627.491372,18155.096005,18155.096005,15105.974389,16244.409213,14835.964823
2014-07-22,18297.771535,18793.661777,20719.857326,20719.857326,18928.092145,20719.857326,18236.391047,18236.391047,15173.616048,16317.148565,14902.397431
2014-07-23,18341.064488,18838.128018,20768.880990,20768.880990,18972.876451,20768.880990,18279.538772,18279.538772,15209.517176,16355.755318,14937.656849
2014-07-24,18341.064488,18838.128018,20768.880990,20768.880990,18972.876451,20768.880990,18279.538772,18279.538772,15209.517176,16355.755318,14937.656849
2014-07-25,18253.460101,18748.149453,20669.680364,20669.680364,18882.254273,20669.680364,18192.228257,18192.228257,15136.870334,16277.633575,14866.308522
2014-07-28,18261.521509,18756.429334,20678.808864,20678.808864,18890.593380,20678.808864,18200.262622,18200.262622,15143.555339,16284.822384,14872.874038
2014-07-29,18183.992942,18676.799656,20591.017800,20591.017800,18810.394113,20591.017800,18122.994128,18122.994128,15079.263974,16215.685815,14809.731839
2014-07-30,18183.992942,18676.799656,20591.017800,20591.017800,18810.394113,20591.017800,18122.994128,18122.994128,15079.263974,16215.685815,14809.731839
2014-07-31,17818.474819,18301.375580,20177.115848,20177.115848,18432.284643,20177.115848,17758.702148,17758.702148,14776.154295,15889.732816,14512.040051
2014-08-01,17775.174350,18256.901619,20128.083672,20128.083672,18387.492561,20128.083672,17715.546931,17715.546931,14740.246934,15851.119360,14476.774510
2014-08-04,17900.030331,18385.141338,20269.466907,20269.466907,18516.649575,20269.466907,17839.984079,17839.984079,14843.785047,15962.460438,14578.461946
2014-08-05,17718.789596,18198.988774,20064.235238,20064.235238,18329.165468,20064.235238,17659.351322,17659.351322,14693.489294,15800.837914,14430.852634
2014-08-06,17729.863226,18210.362513,20076.774691,20076.774691,18340.620562,20076.774691,17670.387805,17670.387805,14702.672217,15810.712891,14439.871417
2014-08-07,17634.204948,18112.111788,19968.454076,19968.454076,18241.667054,19968.454076,17575.050416,17575.050416,14623.346602,15725.409043,14361.963696
2014-08-08,17838.615184,18322.061771,20199.922203,20199.922203,18453.118802,20199.922203,17778.774951,17778.774951,14792.855901,15907.693108,14528.443126
2014-08-11,17888.958580,18373.769530,20256.929582,20256.929582,18505.196424,20256.929582,17828.949469,17828.949469,14834.603682,15952.587137,14569.444693
2014-08-12,17867.812888,18352.050766,20232.984823,20232.984823,18483.322307,20232.984823,17807.874710,17807.874710,14817.068399,15933.730338,14552.222841
2014-08-13,17993.676076,18481.324988,20375.508589,20375.508589,18613.521223,20375.508589,17933.315686,17933.315686,14921.441748,16045.969598,14654.730583
2014-08-14,18072.217486,18561.994959,20464.446567,20464.446567,18694.768223,20464.446567,18011.593627,18011.593627,14986.573023,16116.009376,14718.697680
2014-08-15,18067.179576,18556.820516,20458.741787,20458.741787,18689.556768,20458.741787,18006.572617,18006.572617,14982.395284,16111.516789,14714.594615
2014-08-18,18217.213833,18710.920871,20628.636158,20628.636158,18844.759396,20628.636158,18156.103578,18156.103578,15106.812742,16245.310746,14836.788190
2014-08-19,18313.881196,18810.208028,20738.099432,20738.099432,18944.756751,20738.099432,18252.446668,18252.446668,15186.975151,16331.514453,14915.517748
2014-08-20,18364.220834,18861.911927,20795.102554,20795.102554,18996.830486,20795.102554,18302.617439,18302.617439,15228.719816,16376.405130,14956.516254
2014-08-21,18416.586159,18915.696411,20854.399505,20854.399505,19050.999688,20854.399505,18354.807103,18354.807103,15272.144302,16423.102225,14999.164556
2014-08-22,18387.380938,18885.699696,20821.328374,20821.328374,19020.788408,20821.328374,18325.699852,18325.699852,15247.925571,16397.058293,14975.378719
2014-08-25,18483.041095,18983.952351,20929.651117,20929.651117,19119.743861,20929.651117,18421.039114,18421.039114,15327.252745,16482.363817,15053.287970
2014-08-26,18498.145430,18999.466030,20946.754820,20946.754820,19135.368508,20946.754820,18436.092780,18436.092780,15339.778170,16495.833199,15065.589511
2014-08-27,18495.121932,18996.360592,20943.331100,20943.331100,19132.240857,20943.331100,18433.079425,18433.079425,15337.270903,16493.136976,15063.127061
2014-08-28,18481.030441,18981.887206,20927.374311,20927.374311,19117.663944,20927.374311,18419.035205,18419.035205,15325.585389,16480.570804,15051.650417
2014-08-29,18526.337807,19028.422452,20978.679037,20978.679037,19164.532055,20978.679037,18464.190585,18464.190585,15363.156990,16520.973921,15088.550450
2014-09-02,18521.305534,19023.253799,20972.980640,20972.980640,19159.326431,20972.980640,18459.175193,18459.175193,15358.983926,16516.486362,15084.451977
2014-09-03,18513.246006,19014.975849,20963.854267,20963.854267,19150.989268,20963.854267,18451.142701,18451.142701,15352.300478,16509.299229,15077.887992
2014-09-04,18483.041095,18983.952351,20929.651117,20929.651117,19119.743861,20929.651117,18421.039114,18421.039114,15327.252745,16482.363817,15053.287970
2014-09-05,18571.652688,19074.965418,21029.992274,21029.992274,19211.407941,21029.992274,18509.353456,18509.353456,15400.734823,16561.383742,15125.456604
2014-09-08,18524.321515,19026.351517,20976.395848,20976.395848,19162.446306,20976.395848,18462.181057,18462.181057,15361.484959,16519.175881,15086.908306
2014-09-09,18404.494048,18903.276590,20840.706754,20840.706754,19038.491029,20840.706754,18342.755555,18342.755555,15262.116794,16412.319012,14989.316283
2014-09-10,18477.005375,18977.753056,20922.816445,20922.816445,19113.500222,20922.816445,18415.023641,18415.023641,15322.247561,16476.981427,15048.372251
2014-09-11,18494.112847,18995.324160,20942.188442,20942.188442,19131.197011,20942.188442,18432.073725,18432.073725,15336.434109,16492.237118,15062.305223
2014-09-12,18384.364957,18882.601979,20817.913166,20817.913166,19017.668533,20817.913166,18322.693988,18322.693988,15245.424538,16394.368773,14972.922390
2014-09-15,18372.278483,18870.187948,20804.226799,20804.226799,19005.165704,20804.226799,18310.648059,18310.648059,15235.401704,16383.590587,14963.078708
2014-09-16,18509.219060,19010.839768,20959.294273,20959.294273,19146.823602,20959.294273,18447.129264,18447.129264,15348.961092,16505.708176,15074.608295
2014-09-17,18535.402662,19037.732976,20988.943812,20988.943812,19173.909176,20988.943812,18473.225032,18473.225032,15370.674115,16529.057561,15095.933211
2014-09-18,18632.066267,19137.016273,21098.402830,21098.402830,19273.902643,21098.402830,18569.564376,18569.564376,15450.833407,16615.257916,15174.659708
2014-09-19,18613.942193,19118.401017,21077.879663,21077.879663,19255.154232,21077.879663,18551.501100,18551.501100,15435.803832,16599.095664,15159.898777
2014-09-22,18469.872251,18970.426616,20914.739105,20914.739105,19106.121376,20914.739105,18407.914445,18407.914445,15316.332344,16470.620420,15042.562765
2014-09-23,18365.665874,18863.396130,20796.738875,20796.738875,18998.325305,20796.738875,18304.057632,18304.057632,15229.918130,16377.693753,14957.693149
2014-09-24,18513.377544,19015.110952,20964.003217,20964.003217,19151.125337,20964.003217,18451.273798,18451.273798,15352.409558,16509.416529,15077.995121
2014-09-25,18215.937913,18709.610372,20627.191344,20627.191344,18843.439523,20627.191344,18154.831939,18154.831939,15105.754672,16244.172937,14835.749033
2014-09-26,18362.631102,18860.279111,20793.302388,20793.302388,18995.185991,20793.302388,18301.033040,18301.033040,15227.401514,16374.987476,14955.221516
2014-09-29,18326.210076,18822.871035,20752.060292,20752.060292,18957.510335,20752.060292,18264.734190,18264.734190,15197.199002,16342.508806,14925.558854
2014-09-30,18270.567573,18765.720557,20689.052361,20689.052361,18899.951062,20689.052361,18209.278341,18209.278341,15151.056882,16292.889267,14880.241495
2014-10-01,18030.786737,18519.441390,20417.531608,20417.531608,18651.910270,20417.531608,17970.301859,17970.301859,14952.216147,16079.063255,14684.954910
2014-10-02,18029.773894,18518.401098,20416.384694,20416.384694,18650.862536,20416.384694,17969.292413,17969.292413,14951.376236,16078.160045,14654.791098
2014-10-03,18231.106138,18725.189672,20644.367394,20644.367394,18859.130262,20644.367394,18169.949281,18169.949281,15118.333079,16257.699293,14648.382595
2014-10-06,18208.848009,18702.328323,20619.162945,20619.162945,18836.105386,20619.162945,18147.765818,18147.765818,15099.875295,16237.850472,14648.382595
2014-10-07,17929.617012,18415.529852,20302.969993,20302.969993,18547.255456,20302.969993,17869.471511,17869.471511,14868.320107,15988.844540,14651.576903
2014-10-08,18243.247106,18737.659674,20658.115469,20658.115469,18871.689461,20658.115469,18182.049522,18182.049522,15128.401102,16268.526075,14651.576903
2014-10-09,17874.979836,18359.411947,20241.100464,20241.100464,18490.736142,20241.100464,17815.017617,17815.017617,14823.011665,15940.121507,14651.576903
2014-10-10,17674.666074,18153.669455,20014.271062,20014.271062,18283.521981,20014.271062,17615.375813,17615.375813,14656.899408,15761.490496,14651.576903
2014-10-13,17384.305073,17855.439344,19685.474821,19685.474821,17983.158642,19685.474821,17325.988839,17325.988839,14416.114549,15502.559316,14651.576903
2014-10-14,17412.630867,17884.532799,19717.550115,19717.550115,18012.460201,19717.550115,17354.219613,17354.219613,14439.604007,15527.819015,14648.382595
2014-10-15,17283.133469,17751.525876,19570.911077,19570.911077,17878.501884,19570.911077,17225.156618,17225.156618,14332.216951,15412.338926,14648.382595
2014-10-16,17272.001586,17740.092306,19558.305661,19558.305661,17866.986530,19558.305661,17214.062078,17214.062078,14322.985722,15402.412002,14651.576903
2014-10-17,17485.476677,17959.352813,19800.038564,19800.038564,18087.815399,19800.038564,17426.821059,17426.821059,14500.012147,15592.779707,14651.576903
2014-10-20,17657.464646,18136.001849,19994.792672,19994.792672,18265.728000,19994.792672,17598.232089,17598.232089,14642.634946,15746.151019,14651.576903
2014-10-21,18000.440894,18488.273140,20383.168869,20383.168869,18620.519074,20383.168869,17940.057811,17940.057811,14927.051542,16052.002165,14648.382595
2014-10-22,17878.022125,18362.536685,20244.545462,20244.545462,18493.883231,20244.545462,17818.049700,17818.049700,14825.534514,15942.834487,14651.576903
2014-10-23,18083.405743,18573.486430,20477.115819,20477.115819,18706.341892,20477.115819,18022.744352,18022.744352,14995.851001,16125.986572,14648.382595
2014-10-24,18218.970807,18712.725460,20630.625703,20630.625703,18846.576893,20630.625703,18157.854658,18157.854658,15108.269730,16246.877538,14648.382595
2014-10-27,18195.701714,18688.825748,20604.276468,20604.276468,18822.506228,20604.276468,18134.663622,18134.663622,15088.973594,16226.127183,14648.382595
2014-10-28,18405.123551,18903.923154,20841.419586,20841.419586,19039.142218,20841.419586,18343.382947,18343.382947,15262.638816,16412.880375,14648.382595
2014-10-29,18383.880145,18882.104028,20817.364179,20817.364179,19017.167020,20817.364179,18322.210803,18322.210803,15245.022503,16393.936439,14651.576903
2014-10-30,18500.218094,19001.594867,20949.101845,20949.101845,19137.512572,20949.101845,18438.158492,18438.158492,15341.496949,16497.681510,14648.382595
2014-10-31,18709.649328,19216.701923,21186.255602,21186.255602,19354.158281,21186.255602,18646.887182,18646.887182,15515.169962,16684.443081,14651.576903
2014-11-03,18720.783090,19228.137422,21198.863146,21198.863146,19365.675578,21198.863146,18657.983595,18657.983595,15524.402749,16694.371681,14648.382595
2014-11-04,18654.003067,19159.547585,21123.243416,21123.243416,19296.595120,21123.243416,18591.427588,18591.427588,15469.024725,16634.820190,14651.576903
2014-11-05,18776.418077,19285.280180,21261.862566,21261.862566,19423.227076,21261.862566,18713.431953,18713.431953,15570.538637,16743.984517,14648.382595
2014-11-06,18852.296780,19363.215281,21347.785374,21347.785374,19501.719644,21347.785374,18789.056118,18789.056118,15633.461835,16811.649810,14651.576903
2014-11-07,18868.491001,19379.848385,21366.123233,21366.123233,19518.471723,21366.123233,18805.196015,18805.196015,15646.891061,16826.091105,14648.382595
2014-11-10,18925.150106,19438.043015,21430.282334,21430.282334,19577.082618,21430.282334,18861.665055,18861.665055,15693.876208,16876.617205,14651.576903
2014-11-11,18943.354982,19456.741263,21450.896998,21450.896998,19595.914614,21450.896998,18879.808862,18879.808862,15708.972790,16892.851513,14651.576903
2014-11-12,18928.186758,19441.161963,21433.720948,21433.720948,19580.223876,21433.720948,18864.691520,18864.691520,15696.394383,16879.325157,14651.576903
2014-11-13,18945.378790,19458.819919,21453.188699,21453.188699,19598.008138,21453.188699,18881.825881,18881.825881,15710.651053,16894.656256,14648.382595
2014-11-14,18952.464936,19466.098108,21461.212842,21461.212842,19605.338388,21461.212842,18888.888257,18888.888257,15716.527313,16900.975369,14648.382595
2014-11-17,18962.580217,19476.487524,21472.667088,21472.667088,19615.802119,21472.667088,18898.969606,18898.969606,15724.915515,16909.995733,14651.576903
2014-11-18,19071.839536,19588.707894,21596.389122,21596.389122,19728.825198,21596.389122,19007.862411,19007.862411,15815.519934,17007.428392,14648.382595
2014-11-19,19037.447956,19553.384263,21557.445110,21557.445110,19693.248898,21557.445110,18973.586198,18973.586198,15787.000360,16976.759492,14648.382595
2014-11-20,19071.839536,19588.707894,21596.389122,21596.389122,19728.825198,21596.389122,19007.862411,19007.862411,15815.519934,17007.428392,14648.382595
2014-11-21,19179.086322,19698.861189,21717.832222,21717.832222,19839.766415,21717.832222,19114.749434,19114.749434,15904.455439,17103.066363,14648.382595
2014-11-24,19228.663039,19749.781491,21773.971436,21773.971436,19891.050948,21773.971436,19164.159844,19164.159844,15945.567443,17147.276700,14651.576903
2014-11-25,19222.591615,19743.545525,21767.096334,21767.096334,19884.770376,21767.096334,19158.108787,19158.108787,15940.532652,17141.862472,14651.576903
2014-11-26,19267.107873,19789.268223,21817.505233,21817.505233,19930.820127,21817.505233,19202.475713,19202.475713,15977.448219,17181.560114,14648.382595
2014-11-28,19225.626388,19746.662543,21770.532821,21770.532821,19887.909690,21770.532821,19161.133379,19161.133379,15943.049269,17144.568748,14651.576903
2014-12-01,19094.093907,19611.565383,21621.589315,21621.589315,19751.846185,21621.589315,19030.042129,19030.042129,15833.974600,17027.273862,14648.382595
2014-12-02,19214.496384,19735.230903,21757.929533,21757.929533,19876.396280,21757.929533,19150.040711,19150.040711,15933.819598,17134.643500,14619.115105
2014-12-03,19288.353158,19811.089279,21841.562767,21841.562767,19952.797268,21841.562767,19223.649731,19223.649731,15995.066091,17200.505725,14675.308130
2014-12-04,19269.126043,19791.341088,21819.790549,21819.790549,19932.907819,21819.790549,19204.487114,19204.487114,15979.121807,17183.359830,14660.679415
2014-12-05,19303.528899,19826.676300,21858.747329,21858.747329,19968.495782,21858.747329,19238.774564,19238.774564,16007.650731,17214.038784,14686.854407
2014-12-08,19172.000176,19691.583000,21709.808079,21709.808079,19832.436165,21709.808079,19107.687059,19107.687059,15898.579179,17096.747249,14586.782384
2014-12-09,19156.830073,19676.001770,21692.629901,21692.629901,19816.743483,21692.629901,19092.567844,19092.567844,15885.999214,17083.219218,14575.240396
2014-12-10,18856.340637,19367.368732,21352.364519,21352.364519,19505.902805,21352.364519,18793.086410,18793.086410,15636.815246,16815.255944,14346.616676
2014-12-11,18944.365946,19457.779626,21452.041785,21452.041785,19596.960404,21452.041785,18880.816435,18880.816435,15709.811142,16893.753046,14413.589658
2014-12-12,18636.799760,19141.878049,21103.762898,21103.762898,19278.799195,21103.762898,18574.281990,18574.281990,15454.758705,16619.479037,14179.581678
2014-12-15,18507.311757,19008.880776,20957.134499,20957.134499,19144.850597,20957.134499,18445.228359,18445.228359,15347.379442,16504.007327,14081.062311
2014-12-16,18364.658668,18862.361627,20795.598344,20795.598344,18997.283402,20795.598344,18303.053805,18303.053805,15229.082894,16376.795571,13972.526449
2014-12-17,18734.942229,19242.680290,21214.896538,21214.896538,19380.322471,21214.896538,18672.095237,18672.095237,15536.144362,16706.998178,14254.252178
2014-12-18,19075.889031,19592.867135,21600.974651,21600.974651,19733.014189,21600.974651,19011.898322,19011.898322,15818.878019,17011.039554,14513.657392
2014-12-19,19163.899307,19683.262589,21700.634894,21700.634894,19824.056238,21700.634894,19099.613364,19099.613364,15891.861449,17089.523250,14580.618937
2014-12-22,19248.897360,19770.564185,21796.884184,21796.884184,19911.982299,21796.884184,19184.326288,19184.326288,15962.346963,17165.320779,14645.288668
2014-12-23,19278.232239,19800.694072,21830.102137,21830.102137,19942.327705,21830.102137,19213.562763,19213.562763,15986.673215,17191.480335,14667.607753
2014-12-24,19276.212190,19798.619277,21827.814693,21827.814693,19940.238069,21827.814693,19211.549490,19211.549490,15984.998068,17189.678943,14666.070823
2014-12-26,19338.935202,19863.042153,21898.840383,21898.840383,20005.121760,21898.840383,19274.062095,19274.062095,16037.011773,17245.612569,14713.792861
2014-12-29,19366.251911,19891.099176,21929.773020,21929.773020,20033.379473,21929.773020,19301.287169,19301.287169,16059.664436,17269.972410,14734.576446
2014-12-30,19261.028933,19783.024537,21810.621620,21810.621620,19924.531780,21810.621620,19196.417165,19196.417165,15972.407195,17176.139182,14654.518827
2014-12-31,19060.717049,19577.283975,21583.794345,21583.794345,19717.319563,21583.794345,18996.777234,18996.777234,15806.296496,16997.509847,14502.113975
2015-01-02,19060.717049,19577.283975,21583.794345,21583.794345,19717.319563,21583.794345,18996.777234,18996.777234,15806.296496,16997.509847,14502.113975
2015-01-05,18725.839791,19233.331166,21204.589206,21204.589206,19370.906473,21204.589206,18663.023334,18663.023334,15528.596071,16698.881024,14247.326699
2015-01-06,18541.701459,19044.202477,20996.076384,20996.076384,19180.424953,20996.076384,18479.502699,18479.502699,15375.897457,16534.674551,14107.227296
2015-01-07,18773.385184,19282.165092,21258.428207,21258.428207,19420.089706,21258.428207,18710.409233,18710.409233,15568.023579,16741.279916,14283.501031
2015-01-08,19103.209499,19620.928018,21631.911543,21631.911543,19761.275790,21631.911543,19039.127142,19039.127142,15841.533799,17035.402746,14534.443836
2015-01-09,18942.338380,19455.697110,21449.745828,21449.745828,19594.862993,21449.745828,18878.795671,18878.795671,15708.129762,16891.944952,14412.047009
2015-01-12,18801.710978,19311.258547,21290.503502,21290.503502,19449.391265,21290.503502,18738.640008,18738.640008,15591.513036,16766.539614,14305.052366
2015-01-13,18752.151173,19260.355616,21234.383439,21234.383439,19398.124227,21234.383439,18689.246453,18689.246453,15550.415056,16722.344358,14267.345393
2015-01-14,18641.863977,19147.079513,21109.497469,21109.497469,19284.037865,21109.497469,18579.329220,18579.329220,15458.958260,16623.995084,14183.434726
2015-01-15,18467.852201,18968.351821,20912.451660,20912.451660,19104.031740,20912.451660,18405.901171,18405.901171,15314.657197,16468.819028,14051.039989
2015-01-16,18696.495516,19203.191628,21171.360613,21171.360613,19340.551348,21171.360613,18633.777495,18633.777495,15504.262028,16672.713089,14225.000466
2015-01-20,18743.035582,19250.992981,21224.061212,21224.061212,19388.694622,21224.061212,18680.161440,18680.161440,15542.855858,16714.215474,14260.409907
2015-01-21,18841.178051,19351.795222,21335.194852,21335.194852,19490.217898,21335.194852,18777.974687,18777.974687,15624.241514,16801.734616,14335.080407
2015-01-22,19129.511485,19647.942817,21661.695137,21661.695137,19788.483826,21661.695137,19065.340897,19065.340897,15863.344993,17058.857701,14554.455382
2015-01-23,19024.290386,19539.870108,21542.545865,21542.545865,19679.638077,21542.545865,18960.472766,18960.472766,15776.089309,16965.026149,14474.399192
2015-01-26,19061.722376,19578.316547,21584.932748,21584.932748,19718.359522,21584.932748,18997.779189,18997.779189,15807.130174,16998.406353,14502.878865
2015-01-27,18811.835655,19321.657614,21301.968388,21301.968388,19459.864717,21301.968388,18748.730721,18748.730721,15599.909029,16775.568356,14312.755603
2015-01-28,18563.963346,19067.067686,21021.285089,21021.285089,19203.453716,21021.285089,18501.689908,18501.689908,15394.358357,16554.526724,14124.164981
2015-01-29,18744.042788,19252.027484,21225.201743,21225.201743,19389.736525,21225.201743,18681.165268,18681.165268,15543.691094,16715.113657,14261.176227
2015-01-30,18513.377544,19015.110952,20964.003217,20964.003217,19151.125337,20964.003217,18451.273798,18451.273798,15352.409558,16509.416529,14085.677391
2015-02-02,18725.839791,19233.331166,21204.589206,21204.589206,19370.906473,21204.589206,18663.023334,18663.023334,15528.596071,16698.881024,14247.326699
2015-02-03,18999.001243,19513.895601,21513.909185,21513.909185,19653.477775,21513.909185,18935.268456,18935.268456,15755.118027,16942.474403,14426.276829
2015-02-04,18934.252544,19447.392139,21440.589666,21440.589666,19586.498616,21440.589666,18870.736959,18870.736959,15701.424499,16884.734359,14423.123422
2015-02-05,19126.476713,19644.825799,21658.258650,21658.258650,19785.344512,21658.258650,19062.316305,19062.316305,15860.828376,17056.151425,14423.123422
2015-02-06,19072.856138,19589.752047,21597.540292,21597.540292,19729.876819,21597.540292,19008.875603,19008.875603,15816.362961,17008.334953,14423.123422
2015-02-09,18985.851189,19500.389166,21499.018452,21499.018452,19639.874729,21499.018452,18922.162515,18922.162515,15744.213209,16930.747763,14419.973028
2015-02-10,19188.194398,19708.216103,21728.145938,21728.145938,19849.188244,21728.145938,19123.826956,19123.826956,15912.008404,17111.188544,14423.123422
2015-02-11,19201.346330,19721.724468,21743.038799,21743.038799,19862.793234,21743.038799,19136.934770,19136.934770,15922.914780,17122.916860,14419.973028
2015-02-12,19379.407602,19904.611401,21944.670136,21944.670136,20046.988350,21944.670136,19314.398729,19314.398729,16070.573929,17281.704077,14419.973028
2015-02-13,19464.394380,19991.901417,22040.906660,22040.906660,20134.902748,22040.906660,19399.100416,19399.100416,16141.050092,17357.491551,14423.123422
2015-02-17,19495.753067,20024.109960,22076.416313,22076.416313,20167.341678,22076.416313,19430.353910,19430.353910,16167.054608,17385.455850,14423.123422
2015-02-18,19499.798804,20028.265341,22080.997586,22080.997586,20171.526782,22080.997586,19434.386075,19434.386075,16170.409577,17389.063661,14423.123422
2015-02-19,19486.646871,20014.756976,22066.104725,22066.104725,20157.921792,22066.104725,19421.278261,19421.278261,16159.503201,17377.335345,14423.123422
2015-02-20,19605.016145,20136.334190,22200.142603,22200.142603,20280.368644,22200.142603,19539.250461,19539.250461,16257.662143,17482.891861,14419.973028
2015-02-23,19599.953806,20131.134656,22194.410160,22194.410160,20275.131918,22194.410160,19534.205104,19534.205104,16253.464147,17478.377490,14423.123422
2015-02-24,19657.623876,20190.367650,22259.714047,22259.714047,20334.788603,22259.714047,19591.681717,19591.681717,16301.287648,17529.805124,14419.973028
2015-02-25,19636.376711,20168.544663,22235.654384,22235.654384,20312.809517,22235.654384,19570.505827,19570.505827,16283.668217,17510.857836,14423.123422
2015-02-26,19614.124220,20145.689104,22210.456319,22210.456319,20289.790473,22210.456319,19548.327982,19548.327982,16265.215109,17491.014042,14419.973028
2015-02-27,19546.335111,20076.062834,22133.693929,22133.693929,20219.666169,22133.693929,19480.766274,19480.766274,16209.000290,17430.562694,14423.123422
2015-03-02,19674.825303,20208.035255,22279.192437,22279.192437,20352.582584,22279.192437,19608.825442,19608.825442,16315.552109,17545.144601,14419.973028
2015-03-03,19590.849489,20121.783602,22184.100700,22184.100700,20265.713976,22184.100700,19525.131328,19525.131328,16245.914298,17470.258661,14394.306000
2015-03-04,19508.903121,20037.616395,22091.307047,22091.307047,20180.944724,22091.307047,19443.459851,19443.459851,16177.959426,17397.182490,14334.096201
2015-03-05,19530.152164,20059.441311,22115.368837,22115.368837,20202.925753,22115.368837,19464.637614,19464.637614,16195.580414,17416.131453,14349.708859
2015-03-06,19253.950303,19775.754068,21802.605988,21802.605988,19917.209305,21802.605988,19189.362281,19189.362281,15966.537168,17169.826771,14146.770537
2015-03-09,19335.904188,19859.928996,21895.408152,21895.408152,20001.986333,21895.408152,19271.041249,19271.041249,16034.498273,17242.909644,14206.985859
2015-03-10,19018.218962,19533.634142,21535.670764,21535.670764,19673.357505,21535.670764,18954.421709,18954.421709,15771.054519,16959.611920,13973.567785
2015-03-11,18973.710221,19487.919164,21485.270377,21485.270377,19627.315529,21485.270377,18910.062274,18910.062274,15734.145185,16919.920981,13940.865148
2015-03-12,19218.540241,19739.384354,21762.508678,21762.508678,19880.579440,21762.508678,19154.071004,19154.071004,15937.173009,17138.249634,14120.753123
2015-03-13,19101.187570,19618.851292,21629.621970,21629.621970,19759.184210,21629.621970,19037.111995,19037.111995,15839.857093,17033.599679,14034.528670
2015-03-16,19362.208053,19886.945725,21925.193875,21925.193875,20029.196313,21925.193875,19297.256877,19297.256877,16056.311026,17266.366275,14226.312529
2015-03-17,19296.442752,19819.398111,21850.723186,21850.723186,19961.165533,21850.723186,19231.712188,19231.712188,16001.774471,17207.719670,14177.991711
2015-03-18,19526.104549,20055.284000,22110.785436,22110.785436,20198.738705,22110.785436,19460.603576,19460.603576,16192.223887,17412.521967,14346.734888
2015-03-19,19436.055432,19962.794451,22008.816470,22008.816470,20105.587582,22008.816470,19370.856532,19370.856532,16117.549727,17332.220122,14280.571624
2015-03-20,19612.104170,20143.614309,22208.168874,22208.168874,20287.700837,22208.168874,19546.314709,19546.314709,16263.539962,17489.212651,14409.922800
2015-03-23,19576.917724,20107.474270,22168.324779,22168.324779,20251.302290,22168.324779,19511.246296,19511.246296,16234.361237,17457.834924,14384.069685
2015-03-24,19463.026384,19990.496346,22039.357581,22039.357581,20133.487627,22039.357581,19397.737009,19397.737009,16139.915667,17356.271632,14300.388434
2015-03-25,19179.313695,19699.094724,21718.089693,21718.089693,19840.001620,21718.089693,19114.976044,19114.976044,15904.643990,17103.269124,14091.931559
2015-03-26,19131.520260,19650.006033,21663.969815,21663.969815,19790.561799,21663.969815,19067.342933,19067.342933,15865.010790,17060.649039,14056.815505
2015-03-27,19171.182761,19690.743432,21708.882462,21708.882462,19831.590592,21708.882462,19106.872385,19106.872385,15897.901329,17096.018314,14085.957384
2015-03-30,19410.146181,19936.183030,21979.477598,21979.477598,20078.785810,21979.477598,19345.034195,19345.034195,16096.064213,17309.115391,14261.534895
2015-03-31,19239.319506,19760.726760,21786.038505,21786.038505,19902.074508,21786.038505,19174.780563,19174.780563,15954.404428,17156.779669,14136.020612
2015-04-01,19177.289888,19697.016069,21715.797992,21715.797992,19837.908097,21715.797992,19112.959025,19112.959025,15902.965727,17101.464381,14090.444574
2015-04-02,19234.225222,19755.494416,21780.269888,21780.269888,19896.804737,21780.269888,19169.703369,19169.703369,15950.179941,17152.236811,14132.277606
2015-04-06,19369.476474,19894.411128,21933.424420,21933.424420,20036.715116,21933.424420,19304.500915,19304.500915,16062.338438,17272.847933,14231.652975
2015-04-07,19317.607236,19841.136175,21874.689223,21874.689223,19983.059089,21874.689223,19252.805674,19252.805674,16019.325337,17226.593226,14193.542239
2015-04-08,19387.780943,19913.211669,21954.151861,21954.151861,20055.650136,21954.151861,19322.743981,19322.743981,16077.517608,17289.171054,14245.102117
2015-04-09,19472.181437,19999.899511,22049.724493,22049.724493,20142.958053,22049.724493,19406.861351,19406.861351,16147.507590,17364.435706,14307.115076
2015-04-10,19578.947169,20109.558715,22170.622863,22170.622863,20253.401645,22170.622863,19513.268934,19513.268934,16236.044176,17459.644694,14385.560812
2015-04-13,19490.480268,20018.694262,22070.445551,22070.445551,20161.887242,22070.445551,19425.098798,19425.098798,16162.682085,17380.753799,14320.560076
2015-04-14,19526.072604,20055.251190,22110.749263,22110.749263,20198.705660,22110.749263,19460.571738,19460.571738,16192.197397,17412.493480,14346.711416
2015-04-15,19615.554227,20147.157866,22212.075617,22212.075617,20291.269741,22212.075617,19549.753193,19549.753193,16266.400957,17492.289260,14412.457716
2015-04-16,19608.438015,20139.848797,22204.017428,22204.017428,20283.908390,22204.017428,19542.660852,19542.660852,16260.499765,17485.943335,14407.229105
2015-04-17,19380.657214,19905.894879,21946.085160,21946.085160,20048.281009,21946.085160,19315.644149,19315.644149,16071.610183,17282.818426,14239.867983
2015-04-20,19557.602290,20087.635367,22146.452551,22146.452551,20231.321480,22146.452551,19491.995658,19491.995658,16218.343715,17440.610270,14369.877740
2015-04-21,19538.271824,20067.781023,22124.563301,22124.563301,20211.325119,22124.563301,19472.730036,19472.730036,16202.313726,17423.372209,14355.674750
2015-04-22,19634.875298,20167.002559,22233.954228,22233.954228,20311.256383,22233.954228,19569.009450,19569.009450,16282.423154,17509.518942,14426.653803
2015-04-23,19685.724176,20219.229500,22291.533999,22291.533999,20363.856901,22291.533999,19619.687754,19619.687754,16324.590112,17554.863737,14464.014833
2015-04-24,19725.381039,20259.961109,22336.440263,22336.440263,20404.879862,22336.440263,19659.211587,19659.211587,16357.475976,17590.227985,14493.152571
2015-04-27,19647.080156,20179.538183,22247.774649,22247.774649,20323.881674,22247.774649,19581.173367,19581.173367,16292.544159,17520.402698,14435.621279
2015-04-28,19708.096931,20242.208581,22316.868247,22316.868247,20387.000351,22316.868247,19641.985458,19641.985458,16343.142950,17574.814776,14480.453134
2015-04-29,19627.760964,20159.695420,22225.898166,22225.898166,20303.896976,22225.898166,19561.918982,19561.918982,16276.523520,17503.174692,14421.426573
2015-04-30,19432.517057,19959.160182,22004.809718,22004.809718,20101.927317,22004.809718,19367.330026,19367.330026,16114.615493,17329.064755,14277.971816
2015-05-01,19635.891899,20168.046712,22235.105397,22235.105397,20312.308005,22235.105397,19570.022641,19570.022641,16283.266182,17510.425502,14427.400748
2015-05-04,19696.906795,20230.715180,22304.196867,22304.196867,20375.424738,22304.196867,19630.832861,19630.832861,16333.863414,17564.835905,14443.315683
2015-05-05,19467.096549,19994.676817,22043.966516,22043.966516,20137.698001,22043.966516,19401.793520,19401.793520,16143.290894,17359.901226,14443.315683
2015-05-06,19388.805061,19914.263542,21955.311542,21955.311542,20056.709533,21955.311542,19323.764664,19323.764664,16078.366869,17290.084318,14443.315683
2015-05-07,19467.096549,19994.676817,22043.966516,22043.966516,20137.698001,22043.966516,19401.793520,19401.793520,16143.290894,17359.901226,14440.148116
2015-05-08,19722.325597,20256.822860,22332.980370,22332.980370,20401.719165,22332.980370,19656.166394,19656.166394,16354.942218,17587.503275,14443.315683
2015-05-11,19627.760964,20159.695420,22225.898166,22225.898166,20303.896976,22225.898166,19561.918982,19561.918982,16276.523520,17503.174692,14440.148116
2015-05-12,19570.816234,20101.207423,22161.415632,22161.415632,20244.990616,22161.415632,19505.165275,19505.165275,16229.301514,17452.393884,14443.315683
2015-05-13,19576.917724,20107.474270,22168.324779,22168.324779,20251.302290,22168.324779,19511.246296,19511.246296,16234.361237,17457.834924,14443.315683
2015-05-14,19781.303531,20317.399163,22399.765244,22399.765244,20462.728768,22399.765244,19714.946485,19714.946485,16403.850279,17640.097205,14440.148116
2015-05-15,19801.650599,20338.297659,22422.805664,22422.805664,20483.776750,22422.805664,19735.225297,19735.225297,16420.723295,17658.241826,14440.148116
2015-05-18,19862.659857,20400.960337,22491.890751,22491.890751,20546.887652,22491.890751,19796.029898,19796.029898,16471.315853,17712.647202,14440.148116
2015-05-19,19852.488202,20390.513019,22480.372668,22480.372668,20536.365605,22480.372668,19785.892365,19785.892365,16462.880903,17703.576567,14440.148116
2015-05-20,19839.268621,20376.935173,22465.403205,22465.403205,20522.690636,22465.403205,19772.717129,19772.717129,16451.918429,17691.787926,14440.148116
2015-05-21,19899.268794,20438.561418,22533.345633,22533.345633,20584.757692,22533.345633,19832.516030,19832.516030,16501.674192,17745.293443,14443.315683
2015-05-22,19855.539886,20393.647407,22483.828306,22483.828306,20539.522413,22483.828306,19788.933812,19788.933812,16465.411544,17706.297925,14443.315683
2015-05-26,19641.993389,20174.313559,22242.014544,22242.014544,20318.619678,22242.014544,19576.103663,19576.103663,16288.325905,17515.866543,14443.315683
2015-05-27,19822.999235,20360.224868,22446.980231,22446.980231,20505.860803,22446.980231,19756.502319,19756.502319,16438.426873,17677.279602,14443.315683
2015-05-28,19804.698525,20341.428187,22426.257046,22426.257046,20486.929671,22426.257046,19738.262999,19738.262999,16423.250820,17660.959833,14440.148116
2015-05-29,19675.554400,20208.784112,22280.018045,22280.018045,20353.336797,22280.018045,19609.552093,19609.552093,16316.156720,17545.794778,14440.148116
2015-06-01,19721.318391,20255.788358,22331.839839,22331.839839,20400.677263,22331.839839,19655.162567,19655.162567,16354.106982,17586.605093,14440.148116
2015-06-02,19700.980718,20234.899512,22308.810058,22308.810058,20379.639000,22308.810058,19634.893118,19634.893118,16337.241757,17568.468851,14414.457916
2015-06-03,19754.864369,20290.243470,22369.826316,22369.826316,20435.378831,22369.826316,19688.596014,19688.596014,16381.925331,17616.519923,14453.882533
2015-06-04,19594.194316,20125.219077,22187.888283,22187.888283,20269.174025,22187.888283,19528.464934,19528.464934,16248.688030,17473.241430,14336.326369
2015-06-05,19554.552485,20084.502908,22142.999042,22142.999042,20228.166615,22142.999042,19488.956083,19488.956083,16215.814633,17437.890587,14307.321950
2015-06-08,19433.533658,19960.204335,22005.960888,22005.960888,20102.978938,22005.960888,19368.343218,19368.343218,16115.458520,17329.971316,14218.777079
2015-06-09,19428.450650,19954.983571,22000.205039,22000.205039,20097.720830,22000.205039,19363.277260,19363.277260,16111.243383,17325.438512,14215.058035
2015-06-10,19659.286893,20192.075737,22261.597199,22261.597199,20336.508908,22261.597199,19593.339156,19593.339156,16302.666722,17531.288130,14383.952131
2015-06-11,19720.292393,20254.734555,22330.678030,22330.678030,20399.615922,22330.678030,19654.140011,19654.140011,16353.256163,17585.690154,14428.587534
2015-06-12,19575.899243,20106.428187,22167.171481,22167.171481,20250.248724,22167.171481,19510.231232,19510.231232,16233.516652,17456.926688,14322.940560
2015-06-15,19485.401017,20013.477358,22064.693957,22064.693957,20156.633021,22064.693957,19420.036586,19420.036586,16158.470064,17376.224347,14256.726452
2015-06-16,19599.286720,20130.449491,22193.654771,22193.654771,20274.441852,22193.654771,19533.540256,19533.540256,16252.910959,17477.782612,14340.052287
2015-06-17,19632.851490,20164.923904,22231.662527,22231.662527,20309.162859,22231.662527,19566.992431,19566.992431,16280.744891,17507.714199,14364.610352
2015-06-18,19827.065642,20364.401479,22451.584911,22451.584911,20510.067290,22451.584911,19760.555085,19760.555085,16441.798983,17680.905845,14506.709457
2015-06-19,19712.165217,20246.387123,22321.475055,22321.475055,20391.208781,22321.475055,19646.040097,19646.040097,16346.516618,17578.442695,14422.641188
2015-06-22,19847.219161,20385.101181,22474.406162,22474.406162,20530.915056,22474.406162,19780.640999,19780.640999,16458.511496,17698.877867,14521.455020
2015-06-23,19861.522992,20399.792662,22490.603398,22490.603398,20545.711624,22490.603398,19794.896847,19794.896847,16470.373096,17711.633395,14531.920589
2015-06-24,19719.518198,20253.939377,22329.801353,22329.801353,20398.815057,22329.801353,19653.368412,19653.368412,16352.614153,17584.999760,14428.021084
2015-06-25,19658.225193,20190.985263,22260.394961,22260.394961,20335.410634,22260.394961,19592.281017,19592.281017,16301.786296,17530.341352,14383.175325
2015-06-26,19658.225193,20190.985263,22260.394961,22260.394961,20335.410634,22260.394961,19592.281017,19592.281017,16301.786296,17530.341352,14383.175325
2015-06-29,19242.412531,19763.903609,21789.540955,21789.540955,19905.274081,21789.540955,19177.863213,19177.863213,15956.969351,17159.537893,14078.941023
2015-06-30,19292.468422,19815.316072,21846.222771,21846.222771,19957.054295,21846.222771,19227.751190,19227.751190,15998.478716,17204.175537,14115.565014
2015-07-01,19438.573447,19965.380708,22011.667797,22011.667797,20108.192338,22011.667797,19373.366101,19373.366101,16119.637817,17334.465578,14222.464501
2015-07-02,19424.269617,19950.689227,21995.470560,21995.470560,20093.395769,21995.470560,19359.110253,19359.110253,16107.776218,17321.710050,14211.998933
2015-07-06,19368.074653,19892.971317,21931.837040,21931.837040,20035.265005,21931.837040,19303.103797,19303.103797,16061.175964,17271.597852,14170.883216
2015-07-07,19487.603341,20015.739367,22067.187804,22067.187804,20158.911211,22067.187804,19422.231522,19422.231522,16160.296363,17378.188283,14258.337809
2015-07-08,19156.602700,19675.768235,21692.372431,21692.372431,19816.508278,21692.372431,19092.341234,19092.341234,15885.810662,17083.016456,14016.157235
2015-07-09,19191.340038,19711.446994,21731.707969,21731.707969,19852.442245,21731.707969,19126.962044,19126.962044,15914.616959,17113.993688,14041.573223
2015-07-10,19435.504851,19962.228949,22008.193008,22008.193008,20105.018034,22008.193008,19370.307798,19370.307798,16117.093152,17331.729139,14220.219326
2015-07-13,19653.110239,20185.731688,22254.602938,22254.602938,20330.119481,22254.602938,19587.183222,19587.183222,16297.544668,17525.780061,14379.432908
2015-07-14,19739.951705,20274.926656,22352.939655,22352.939655,20419.952456,22352.939655,19673.733375,19673.733375,16369.558850,17603.221464,14442.971504
2015-07-15,19731.777550,20266.530972,22343.683483,22343.683483,20411.496719,22343.683483,19665.586641,19665.586641,16362.780348,17595.932112,14436.990786
2015-07-16,19882.976859,20421.827953,22514.897125,22514.897125,20567.904533,22514.897125,19816.278746,19816.278746,16488.163937,17730.765011,14547.617567
2015-07-17,19906.477083,20445.965060,22541.508087,22541.508087,20592.214292,22541.508087,19839.700138,19839.700138,16507.651740,17751.721478,14564.811787
2015-07-20,19915.667839,20455.404896,22551.915428,22551.915428,20601.721651,22551.915428,19848.860064,19848.860064,16515.273270,17759.917391,14571.536313
2015-07-21,19837.006166,20374.611402,22462.841267,22462.841267,20520.350244,22462.841267,19770.462263,19770.462263,16450.042265,17689.770367,14513.982560
2015-07-22,19798.181750,20334.734801,22418.877643,22418.877643,20480.188407,22418.877643,19731.768086,19731.768086,16417.846717,17655.148460,14485.576213
2015-07-23,19684.782739,20218.262549,22290.467943,22290.467943,20362.883033,22290.467943,19618.749475,19618.749475,16323.809415,17554.024204,14402.606471
2015-07-24,19479.438582,20007.353334,22057.942271,22057.942271,20150.465193,22057.942271,19414.094152,19414.094152,16153.525653,17370.907310,14252.363966
2015-07-27,19369.091255,19894.015470,21932.988209,21932.988209,20036.316627,21932.988209,19304.116989,19304.116989,16062.018992,17272.504412,14171.627025
2015-07-28,19604.072829,20135.365309,22199.074419,22199.074419,20279.392832,22199.074419,19538.310309,19538.310309,16256.879889,17482.050653,14343.554101
2015-07-29,19743.014664,20278.072624,22356.408059,22356.408059,20423.120928,22356.408059,19676.786059,19676.786059,16372.098841,17605.952876,14445.212554
2015-07-30,19746.075744,20281.216663,22359.874336,22359.874336,20426.287456,22359.874336,19679.836870,19679.836870,16374.637273,17608.682613,14447.452230
2015-07-31,19712.366282,20246.593637,22321.702735,22321.702735,20391.416773,22321.702735,19646.240488,19646.240488,16346.683354,17578.621996,14422.788300
2015-08-03,19651.069519,20183.635663,22252.292087,22252.292087,20328.008462,22252.292087,19585.149347,19585.149347,16295.852380,17523.960237,14377.939791
2015-08-04,19612.241346,20143.755202,22208.324207,22208.324207,20287.842738,22163.951942,19546.451424,19546.451424,16263.653716,17489.334978,14349.530694
2015-08-05,19680.697541,20214.066637,22285.841985,22285.841985,20358.657108,22163.951942,19614.677981,19614.677981,16320.421723,17550.381204,14399.617487
2015-08-06,19530.520471,20059.819599,22115.785897,22115.785897,20203.306747,22163.951942,19465.004685,19465.004685,16195.885837,17416.459893,14289.738640
2015-08-07,19479.438582,20007.353334,22057.942271,22057.942271,20150.465193,22163.951942,19414.094152,19414.094152,16153.525653,17370.907310,14252.363966
2015-08-10,19726.666355,20261.281258,22337.895716,22337.895716,20406.209453,22168.805587,19660.492591,19660.492591,16358.541837,17591.374173,14433.251119
2015-08-11,19545.835266,20075.549443,22133.127920,22133.127920,20219.149106,22163.951942,19480.268106,19480.268106,16208.585789,17430.116954,14300.943893
2015-08-12,19563.209573,20093.394612,22152.802072,22152.802072,20237.121921,22163.951942,19497.584130,19497.584130,16222.993612,17445.610597,14313.656011
2015-08-13,19541.753826,20071.357391,22128.506218,22128.506218,20214.927069,22163.951942,19476.200358,19476.200358,16205.201212,17426.477306,14297.957658
2015-08-14,19617.356299,20149.008777,22214.116230,22214.116230,20293.133891,22159.116832,19551.549220,19551.549220,16267.895344,17493.896269,14353.273111
2015-08-17,19726.666355,20261.281258,22337.895716,22337.895716,20406.209453,22159.116832,19660.492591,19660.492591,16358.541837,17591.374173,14433.251119
2015-08-18,19666.393710,20199.375156,22269.644749,22269.644749,20343.860540,22163.951942,19600.422133,19600.422133,16308.560123,17537.625677,14389.151918
2015-08-19,19511.103566,20039.876474,22093.798765,22093.798765,20183.220970,22168.805587,19445.652914,19445.652914,16179.784167,17399.144750,14275.532029
2015-08-20,19101.431855,19619.102198,21629.898591,21629.898591,19759.436910,22163.951942,19037.355461,19037.355461,15840.059669,17033.817521,13975.790827
2015-08-21,18495.597348,18996.848893,20943.869448,20943.869448,19132.732651,22163.951942,18433.553247,18433.553247,15337.665147,16493.560932,13532.524772
2015-08-24,17741.639646,18222.458087,20090.109962,20090.109962,18352.802656,22163.951942,17682.124721,17682.124721,14712.437935,15821.214585,12980.882612
2015-08-25,17526.073099,18001.049443,19846.008755,19846.008755,18129.810284,22163.951942,17467.281299,17467.281299,14533.677149,15628.981811,12823.160772
2015-08-26,18221.804514,18715.635964,20633.834509,20633.834509,18849.508216,22168.805587,18160.678859,18160.678859,15110.619611,16249.404513,13332.200974
2015-08-27,18667.237680,19173.140872,21138.229902,21138.229902,19310.285640,22163.951942,18604.617806,18604.617806,15479.999665,16646.622237,13658.107472
2015-08-28,18667.237680,19173.140872,21138.229902,21138.229902,19310.285640,22168.805587,18604.617806,18604.617806,15479.999665,16646.622237,13658.107472
2015-08-31,18502.758659,19004.204284,20951.978705,20951.978705,19140.140654,22168.805587,18440.690535,18440.690535,15343.603738,16499.947074,13537.764431
2015-09-01,17937.794925,18423.929395,20312.230420,20312.230420,18555.715081,22168.805587,17877.621990,17877.621990,14875.101726,15996.137243,13124.401965
2015-09-02,18299.447706,18795.383375,20721.755373,20721.755373,18929.826057,22119.668333,18238.061595,18238.061595,15144.686346,16286.038627,13389.009543
2015-09-03,18314.771897,18811.122868,20739.108035,20739.108035,18945.678135,22138.191625,18253.334381,18253.334381,15148.002853,16289.605077,13400.221671
2015-09-04,18030.760430,18519.414370,20417.501818,20417.501818,18651.883056,21794.889491,17970.275639,17970.275639,15144.686346,16286.038627,13192.421287
2015-09-08,18492.534389,18993.702924,20940.401043,20940.401043,19129.564179,22353.064086,18430.500562,18430.500562,15144.686346,16286.038627,13530.283722
2015-09-09,18243.260260,18737.673185,20658.130364,20658.130364,18871.703068,22051.751109,18182.062631,18182.062631,15144.686346,16286.038627,13347.899327
2015-09-10,18345.424037,18842.605716,20773.817615,20773.817615,18977.386178,22175.242753,18283.883697,18283.883697,15141.382502,16282.485795,13422.648675
2015-09-11,18422.043112,18921.301254,20860.578798,20860.578798,19056.644622,22267.856942,18360.245750,18360.245750,15144.686346,16286.038627,13478.707936
2015-09-14,18352.574073,18849.949526,20781.914105,20781.914105,18984.782518,22183.885441,18291.009748,18291.009748,15144.686346,16286.038627,13427.880084
2015-09-15,18591.638966,19095.493347,21052.624145,21052.624145,19232.082704,22472.857886,18529.272689,18529.272689,15141.382502,16282.485795,13602.794769
2015-09-16,18754.082904,19262.339699,21236.570875,21236.570875,19400.122503,22669.213869,18691.171704,18691.171704,15141.382502,16282.485795,13721.648818
2015-09-17,18705.043615,19211.971390,21181.040228,21181.040228,19349.393911,22609.937062,18642.296919,18642.296919,15141.382502,16282.485795,13685.768636
2015-09-18,18402.637481,18901.369709,20838.604433,20838.604433,19036.570507,22244.400163,18340.905216,18340.905216,15141.382502,16282.485795,13464.509575
2015-09-21,18497.431365,18998.732614,20945.946235,20945.946235,19134.629846,22358.983363,18435.381112,18435.381112,15144.686346,16286.038627,13533.866653
2015-09-22,18256.066435,18750.826422,20672.631700,20672.631700,18884.950390,22067.230721,18194.825848,18194.825848,15144.686346,16286.038627,13357.269118
2015-09-23,18223.200697,18717.069985,20635.415506,20635.415506,18850.952495,22027.503881,18162.070359,18162.070359,15141.382502,16282.485795,13333.222508
2015-09-24,18166.714471,18659.052918,20571.452168,20571.452168,18792.520434,21959.225504,18105.773618,18105.773618,15141.382502,16282.485795,13291.893686
2015-09-25,18154.394986,18646.399562,20557.501947,20557.501947,18779.776569,21944.334186,18093.495459,18093.495459,15141.382502,16282.485795,13282.879988
2015-09-28,17697.350762,18176.968924,20039.958534,20039.958534,18306.988110,21391.876711,17637.984405,17637.984405,15144.686346,16286.038627,12948.478120
2015-09-29,17706.592254,18186.460871,20050.423328,20050.423328,18316.547953,21403.047472,17647.194896,17647.194896,15144.686346,16286.038627,12955.239769
2015-09-30,18046.558158,18535.640234,20435.390700,20435.390700,18668.224983,21813.985176,17986.020373,17986.020373,15141.382502,16282.485795,13203.979884
2015-10-01,18096.879004,18587.324832,20492.372544,20492.372544,18720.279280,21874.811080,18036.172417,18036.172417,15144.686346,16286.038627,13240.797733
2015-10-02,18358.780793,18856.324455,20788.942412,20788.942412,18991.203047,22191.387886,18297.195647,18297.195647,15114.427240,16286.038627,13432.421305
2015-10-05,18688.467933,19194.946488,21162.270414,21162.270414,19332.247230,22589.901016,18625.776840,18625.776840,15385.852251,16282.485795,13673.640840
2015-10-06,18625.810690,19130.591163,21091.319199,21091.319199,19267.431574,22514.163351,18563.329783,18563.329783,15334.267761,16282.485795,13627.796919
2015-10-07,18781.931403,19290.942924,21268.105694,21268.105694,19428.930325,22702.876063,18718.926784,18718.926784,15462.798908,16282.485795,13742.024505
2015-10-08,18947.280455,19460.773121,21455.342088,21455.342088,19599.975312,22902.743635,18883.721167,18883.721167,15598.927568,16282.485795,13863.004114
2015-10-09,18957.562978,19471.334312,21466.985714,21466.985714,19610.612046,22915.172753,18893.969197,18893.969197,15607.392969,16282.485795,13870.527444
2015-10-12,18980.153710,19494.537278,21492.566794,21492.566794,19633.980983,22942.479561,18916.484148,18916.484148,15625.991479,16282.485795,13887.056223
2015-10-13,18853.826380,19364.786336,21349.517448,21349.517448,19503.301936,22789.779945,18790.580587,18790.580587,15521.988645,16282.485795,13794.627324
2015-10-14,18765.492897,19274.058915,21249.491214,21249.491214,19411.925546,22683.005828,18702.543421,18702.543421,15449.265406,16282.485795,13729.997075
2015-10-15,19046.911184,19563.103955,21568.160990,21568.160990,19703.038115,23023.173427,18983.017682,18983.017682,15680.951609,16282.485795,13935.900127
2015-10-16,19123.936148,19642.216382,21655.381790,21655.381790,19782.716430,23116.278240,19059.784263,19059.784263,15744.364764,16282.485795,13992.256362
2015-10-19,19146.536276,19665.428999,21680.973508,21680.973508,19806.095086,23143.596405,19082.308577,19082.308577,15762.971010,16282.485795,14008.792015
2015-10-20,19121.884153,19640.108776,21653.058171,21653.058171,19780.593748,23113.797867,19057.739151,19057.739151,15742.675397,16278.919345,13990.754996
2015-10-21,18997.612576,19512.469300,21512.336700,21512.336700,19652.041271,22963.583167,18933.884448,18933.884448,15640.365024,16282.485795,13899.830212
2015-10-22,19326.273718,19850.037530,21884.502893,21884.502893,19992.024114,23360.856110,19261.443085,19261.443085,15910.945352,16282.485795,14140.299063
2015-10-23,19536.824905,20066.294891,22122.924852,22122.924852,20209.828356,23615.362284,19471.287971,19471.287971,16084.288050,16282.485795,14294.351354
2015-10-26,19490.606169,20018.823574,22070.588117,22070.588117,20162.017479,23559.494854,19425.224277,19425.224277,16046.237063,16278.919345,14260.534863
2015-10-27,19452.606685,19979.794262,22027.558622,22027.558622,20122.708992,23513.562540,19387.352264,19387.352264,16014.952827,16278.919345,14232.732088
2015-10-28,19678.560986,20211.872179,22283.422614,22283.422614,20356.446953,23786.687405,19612.548593,19612.548593,16200.976609,16278.919345,14398.054251
2015-10-29,19671.377125,20204.493628,22275.287822,22275.287822,20349.015624,23778.003831,19605.388831,19605.388831,16195.062276,16278.919345,14392.798094
2015-10-30,19571.740759,20102.157004,22162.462537,22162.462537,20245.946990,23657.567225,19506.086698,19506.086698,16113.033593,16278.919345,14319.897956
2015-11-02,19803.862318,20340.569319,22425.310150,22425.310150,20486.064659,23938.146835,19737.429598,19737.429598,16304.134759,16278.919345,14489.732468
2015-11-03,19866.508286,20404.913063,22496.248599,22496.248599,20550.868652,24013.870871,19799.865418,19799.865418,16355.709967,16249.953364,14506.526052
2015-11-04,19810.023939,20346.897927,22432.287389,22432.287389,20492.438535,23945.594765,19743.570550,19743.570550,16309.207502,16203.751586,14503.348601
2015-11-05,19785.373696,20321.579634,22404.374179,22404.374179,20466.939142,23915.798500,19719.002996,19719.002996,16288.913436,16183.588743,14503.348601
2015-11-06,19777.160080,20313.143420,22395.073323,22395.073323,20458.442584,23905.870197,19710.816933,19710.816933,16282.151326,16176.870356,14503.348601
2015-11-09,19592.279497,20123.252364,22185.719998,22185.719998,20267.193244,23682.393661,19526.556538,19526.556538,16129.942737,16025.645953,14506.526052
2015-11-10,19629.258620,20161.233663,22227.594067,22227.594067,20305.446222,23727.092602,19563.411614,19563.411614,16160.386930,16055.893293,14503.348601
2015-11-11,19554.281893,20084.224982,22142.692631,22142.692631,20227.886701,23636.463619,19488.686398,19488.686398,16098.660048,15994.565540,14506.526052
2015-11-12,19292.385741,19815.231150,21846.129146,21846.129146,19956.968765,23319.893627,19227.668786,19227.668786,15883.046039,15780.345698,14506.526052
2015-11-13,19069.509433,19586.314642,21593.750581,21593.750581,19726.414826,23050.489320,19005.540124,19005.540124,15699.556308,15598.042419,14503.348601
2015-11-16,19362.223086,19886.961166,21925.210897,21925.210897,20029.211864,23404.310323,19297.271859,19297.271859,15940.541767,15837.469657,14506.526052
2015-11-17,19338.604478,19862.702466,21898.465881,21898.465881,20004.779642,23375.761057,19273.732480,19273.732480,15921.097026,15818.150646,14503.348601
2015-11-18,19649.797358,20182.329024,22250.851529,22250.851529,20326.692477,23751.919038,19583.881453,19583.881453,16177.296073,16072.693101,14503.348601
2015-11-19,19639.529868,20171.783274,22239.224926,22239.224926,20316.071294,23739.508091,19573.648406,19573.648406,16168.843048,16064.294734,14506.526052
2015-11-20,19712.450842,20246.680489,22321.798489,22321.798489,20391.504246,23827.652160,19646.324765,19646.324765,16228.877469,16123.940970,14503.348601
2015-11-23,19689.860110,20223.477522,22296.217409,22296.217409,20368.135309,23800.345352,19623.809814,19623.809814,16210.278958,16105.462718,14506.526052
2015-11-24,19721.692335,20256.172436,22332.263282,22332.263282,20401.064089,23838.822920,19655.535256,19655.535256,16236.485810,16131.500115,14503.348601
2015-11-25,19715.526955,20249.839968,22325.281788,22325.281788,20394.686324,23831.370447,19649.390559,19649.390559,16231.409973,16126.457098,14503.348601
2015-11-27,19735.049091,20269.891176,22347.388080,22347.388080,20414.880958,23854.968053,19668.847207,19668.847207,16247.482168,16142.425370,14506.526052
2015-11-30,19654.934861,20187.605759,22256.669086,22256.669086,20332.006957,23758.129054,19589.001722,19589.001722,16181.525679,16076.895359,14506.526052
2015-12-01,19844.941672,20382.761970,22471.827201,22471.827201,20528.559113,23987.801978,19778.371150,19778.371150,16337.954593,16232.312797,14503.348601
2015-12-02,19635.422120,20167.564202,22234.573434,22234.573434,20311.822043,23734.542804,19569.554438,19569.554438,16165.461220,16060.934773,14474.370888
2015-12-03,19356.057707,19880.628697,21918.229403,21918.229403,20022.834099,23396.857849,19291.127162,19291.127162,15935.465930,15832.426641,14268.435711
2015-12-04,19736.071330,20270.941119,22348.545633,22348.545633,20415.938411,23856.203697,19669.866017,19669.866017,16248.323757,16143.261518,14548.565066
2015-12-07,19611.801633,20143.303572,22207.826289,22207.826289,20287.387878,23705.991267,19546.013186,19546.013186,16146.014931,16041.614225,14456.958902
2015-12-08,19486.500300,20014.606432,22065.938753,22065.938753,20157.770172,23554.531838,19421.132181,19421.132181,16042.856781,15939.123099,14364.592263
2015-12-09,19340.656472,19864.810072,21900.789499,21900.789499,20006.902324,23378.241430,19275.777591,19275.777591,15922.786393,15819.829090,14257.082597
2015-12-10,19384.819456,19910.169922,21950.798360,21950.798360,20052.586632,23431.623945,19319.792429,19319.792429,15959.144919,15855.952520,14289.637609
2015-12-11,18998.638574,19513.523103,21513.498509,21513.498509,19653.102612,22964.823353,18934.907003,18934.907003,15641.209708,15540.073090,14004.962022
2015-12-14,19112.638903,19630.612969,21642.589122,21642.589122,19771.030018,23102.622564,19048.524914,19048.524914,15735.063962,15633.320479,14088.998058
2015-12-15,19311.896602,19835.270777,21868.222670,21868.222670,19977.151736,23343.477605,19247.114197,19247.114197,15899.108952,15796.304748,14235.882084
2015-12-16,19583.043642,20113.766207,22175.261588,22175.261588,20257.639233,23671.229714,19517.351665,19517.351665,16122.339037,16018.091419,14435.759774
2015-12-17,19297.513849,19820.498235,21851.936063,21851.936063,19962.273526,23326.092286,19232.779691,19232.779691,15887.267910,15784.540271,14225.279750
2015-12-18,18939.070597,19452.340767,21446.045488,21446.045488,19591.482641,22892.819875,18875.538850,18875.538850,15592.168551,15491.349035,13961.051126
2015-12-21,19106.653918,19624.465785,21635.811902,21635.811902,19764.838863,23095.388145,19042.560007,19042.560007,15730.136641,15628.425018,14084.586191
2015-12-22,19279.199984,19801.688044,21831.197983,21831.197983,19943.328786,23303.955191,19214.527261,19214.527261,15872.190462,15769.560314,14211.779573
2015-12-23,19510.620633,20039.380453,22093.251907,22093.251907,20182.721401,23583.687568,19445.171602,19445.171602,16062.714582,15958.852498,14382.372713
2015-12-24,19476.531590,20004.367559,22054.650479,22054.650479,20147.458060,23542.482044,19411.196912,19411.196912,16034.649736,15930.969120,14357.243767
2015-12-28,19434.166920,19960.854759,22006.677975,22006.677975,20103.634015,23491.273262,19368.974356,19368.974356,15999.771727,15896.316634,14326.014393
2015-12-29,19651.139046,20183.707074,22252.370817,22252.370817,20328.080385,23753.540820,19585.218641,19585.218641,16178.400659,16073.790545,14485.956716
2015-12-30,19506.499732,20035.147871,22088.585519,22088.585519,20178.458543,23578.706381,19441.064524,19441.064524,16059.321924,15955.481777,14379.334965
2015-12-31,19313.289027,19836.700938,21869.799411,21869.799411,19978.592127,23345.160715,19248.501951,19248.501951,15900.255308,15797.443692,14236.908519
2016-01-04,19042.600492,19558.676439,21563.279690,21563.279690,19698.578928,23017.962828,18978.721450,18978.721450,15677.402701,15576.032057,14037.368818
2016-01-05,19076.695172,19593.695123,21601.887501,21558.726897,19733.848100,23059.175166,19012.701758,19012.701758,15674.092631,15572.743390,14062.501919
2016-01-06,18834.926232,19345.373972,21328.115477,21549.284877,19483.750717,22766.934173,18771.743840,18771.743840,15667.227889,15565.923036,13884.280474
2016-01-07,18376.194561,18874.210156,20808.661250,21554.004760,19009.216683,22212.436978,18314.551000,18314.551000,15670.659440,15569.332399,13546.123631
2016-01-08,18180.924345,18673.647897,20587.543011,21554.004760,18807.219810,21976.401854,18119.935825,18119.935825,15670.659440,15569.332399,13402.179004
2016-01-11,18182.987615,18675.767083,20589.879397,21554.004760,18809.354155,21978.895855,18121.992173,18121.992173,15670.659440,15569.332399,13403.699955
2016-01-12,18333.833650,18830.701216,20760.693002,21558.726897,18965.396525,22161.232738,18272.332190,18272.332190,15674.092631,15572.743390,13514.897028
2016-01-13,17885.431479,18370.146841,20252.935597,21554.004760,18501.547822,21619.221447,17825.434200,17825.434200,15670.659440,15569.332399,13184.354640
2016-01-14,18175.758656,18668.342211,20581.693537,21549.284877,18801.876173,21970.157767,18114.787464,18114.787464,15667.227889,15565.923036,13398.371084
2016-01-15,17786.246101,18268.273427,20140.620997,21549.284877,18398.945711,21499.329977,17726.581542,17726.581542,15667.227889,15565.923036,13111.239534
2016-01-19,17805.871588,18288.430787,20162.844320,21554.004760,18419.247256,21523.052511,17746.141195,17746.141195,15670.659440,15569.332399,13125.706582
2016-01-20,17597.176968,18074.080307,19926.524682,21554.004760,18203.363536,21270.790484,17538.146648,17538.146648,15670.659440,15569.332399,12971.866073
2016-01-21,17682.922909,18162.150060,20023.620859,21558.726897,18292.063248,21374.436878,17623.604951,17623.604951,15674.092631,15572.743390,13035.074215
2016-01-22,18045.575380,18534.630822,20434.277831,21549.284877,18667.208351,21812.797233,17985.040892,17985.040892,15667.227889,15565.923036,13302.405690
2016-01-25,17777.987386,18259.790892,20131.269072,21554.004760,18390.402501,21489.347161,17718.350531,17718.350531,15670.659440,15569.332399,13105.151573
2016-01-26,18018.707780,18507.035080,20403.853752,21549.284877,18639.415217,21780.320711,17958.263420,17958.263420,15667.227889,15565.923036,13282.600075
2016-01-27,17814.141578,18296.924903,20172.209013,21554.004760,18427.802130,21533.048956,17754.383442,17754.383442,15670.659440,15569.332399,13131.802855
2016-01-28,17911.261808,18396.677200,20282.185099,21554.004760,18528.267952,21650.444154,17851.177879,17851.177879,15670.659440,15569.332399,13203.395623
2016-01-29,18364.824030,18862.531471,20795.785596,21558.726897,18997.454461,22198.692718,18303.218612,18303.218612,15674.092631,15572.743390,13537.741775
2016-02-01,18348.297205,18845.556750,20777.071106,21549.284877,18980.358321,22178.715728,18286.747227,18286.747227,15667.227889,15565.923036,13525.558926
2016-02-02,18015.614755,18503.858230,20400.351302,21506.229373,18636.215644,21776.581982,17955.180771,17955.180771,15667.227889,15565.923036,13280.320033
2016-02-03,18120.995579,18612.094993,20519.681442,21632.028254,18745.226621,21903.962267,18060.208091,18060.208091,15670.659440,15569.332399,13358.002149
2016-02-04,18143.723487,18635.438853,20545.417855,21659.159806,18768.737458,21931.434887,18082.859758,18082.859758,15674.092631,15572.743390,13374.756164
2016-02-05,17802.771047,18285.246218,20159.333359,21252.146142,18416.039908,21519.304696,17743.051054,17743.051054,15674.092631,15572.743390,13123.420999
2016-02-08,17557.914719,18033.754007,19882.065268,20959.847688,18162.748783,21223.331788,17499.016105,17499.016105,15670.659440,15569.332399,12942.923667
2016-02-09,17563.076651,18039.055833,19887.910487,20966.009769,18168.088532,21229.571332,17504.160721,17504.160721,15674.092631,15572.743390,12946.728816
2016-02-10,17551.707999,18027.379078,19875.036961,20952.438385,18156.328254,21215.829343,17492.830206,17492.830206,15670.659440,15569.332399,12938.348345
2016-02-11,17326.480916,17796.048088,19619.996449,20683.572439,17923.342562,20943.583511,17268.358655,17268.358655,15674.092631,15572.743390,12772.320831
2016-02-12,17681.885637,18161.084677,20022.446283,21107.838585,18290.990244,21373.183064,17622.571159,17622.571159,15670.659440,15569.332399,13034.309583
2016-02-16,17978.413896,18465.649186,20358.226146,21461.820664,18597.733292,21731.615015,17918.104704,17918.104704,15670.659440,15569.332399,13252.897194
2016-02-17,18272.873248,18768.088719,20691.663240,21813.332974,18902.336163,22087.546151,18211.576282,18211.576282,15670.659440,15569.332399,13469.959697
2016-02-18,18195.380385,18688.495711,20603.912604,21720.825484,18822.173830,21993.875758,18134.343371,18134.343371,15674.092631,15572.743390,13412.835361
2016-02-19,18191.250088,18684.253479,20599.235578,21715.894922,18817.901253,21988.883214,18130.226929,18130.226929,15674.092631,15572.743390,13409.790687
2016-02-22,18451.612881,18951.672397,20894.062733,22026.704296,19087.233009,22303.599741,18389.716326,18389.716326,15674.092631,15572.743390,13601.718704
2016-02-23,18220.180957,18713.968407,20631.996042,21750.431291,18847.828731,22023.853736,18159.060749,18159.060749,15670.659440,15569.332399,13431.117254
2016-02-24,18305.932536,18802.043950,20729.098603,21852.797662,18936.534275,22127.506945,18244.524671,18244.524671,15674.092631,15572.743390,13494.329552
2016-02-25,18526.008961,19028.084695,20978.306662,22115.514986,19164.191881,22393.526861,18463.862843,18463.862843,15670.659440,15569.332399,13656.560228
2016-02-26,18491.908644,18993.060220,20939.692467,22074.807563,19128.916878,22352.307709,18429.876916,18429.876916,15670.659440,15569.332399,13631.422971
2016-02-29,18326.600932,18823.272484,20752.502886,21877.470663,18957.914656,22152.490108,18265.123735,18265.123735,15674.092631,15572.743390,13509.565386
2016-03-01,18778.101765,19287.009498,21263.769125,22416.452019,19424.968764,22698.246943,18715.109993,18715.109993,15674.092631,15572.743390,13842.391972
2016-03-02,18857.659777,19368.723622,21353.858273,22511.424790,19507.267386,22794.413607,18794.401125,18794.401125,15670.659440,15569.332399,13901.038645
2016-03-03,18926.877014,19439.816724,21432.237833,22594.053210,19578.869014,22878.080740,18863.386170,18863.386170,15674.092631,15572.743390,13952.062552
2016-03-04,18987.837415,19502.429221,21501.267595,22666.824991,19641.929376,22951.767328,18924.142078,18924.142078,15674.092631,15572.743390,13996.999883
2016-03-07,19008.498295,19523.650034,21524.663367,22691.489019,19663.301981,22976.741405,18944.733650,18944.733650,15674.092631,15572.743390,14012.230176
2016-03-08,18794.630469,19303.986148,21282.485742,22436.183241,19442.066848,22718.226205,18731.583251,18731.583251,15670.659440,15569.332399,13854.576207
2016-03-09,18897.949902,19410.105655,21399.481624,22559.521327,19548.945423,22843.114761,18834.556096,18834.556096,15674.092631,15572.743390,13930.738756
2016-03-10,18908.277524,19420.713167,21411.176318,22571.849976,19559.628810,22855.598392,18844.849073,18844.849073,15674.092631,15572.743390,13938.351825
2016-03-11,19215.135283,19735.887117,21758.653003,22938.162947,19877.057188,23226.516246,19150.677468,19150.677468,15670.659440,15569.332399,14164.553889
2016-03-14,19186.210051,19706.177979,21725.898923,22903.633308,19847.135541,23191.552538,19121.849266,19121.849266,15670.659440,15569.332399,14143.231478
2016-03-15,19161.415116,19680.711073,21697.821869,22874.034231,19821.486472,23161.581374,19097.137506,19097.137506,15670.659440,15569.332399,14124.953741
2016-03-16,19276.095685,19798.499614,21827.682766,23010.934728,19940.117550,23300.202834,19211.433375,19211.433375,15674.092631,15572.743390,14209.491220
2016-03-17,19398.014608,19923.722678,21965.740162,23156.476047,20066.236330,23447.573738,19332.943318,19332.943318,15670.659440,15569.332399,14299.364496
2016-03-18,19470.338024,19998.006140,22047.637067,23242.812483,20141.051138,23534.995500,19405.024122,19405.024122,15670.659440,15569.332399,14352.678142
2016-03-21,19500.041210,20028.514316,22081.272080,23278.270809,20171.777538,23570.899568,19434.627668,19434.627668,15674.092631,15572.743390,14374.574027
2016-03-22,19489.655336,20017.846973,22069.511422,23265.872620,20161.033892,23558.345524,19424.276633,19424.276633,15674.092631,15572.743390,14366.918016
2016-03-23,19365.007936,19889.821488,21928.364379,23117.074169,20032.092646,23407.676542,19300.047367,19300.047367,15670.659440,15569.332399,14275.033427
2016-03-24,19351.498971,19875.946415,21913.067226,23100.947775,20018.118325,23391.347425,19286.583719,19286.583719,15674.092631,15572.743390,14265.075212
2016-03-28,19365.007936,19889.821488,21928.364379,23117.074169,20032.092646,23407.676542,19300.047367,19300.047367,15674.092631,15572.743390,14275.033427
2016-03-29,19550.944583,20080.797227,22138.913559,23339.036962,20224.434428,23632.429607,19485.360283,19485.360283,15674.092631,15572.743390,14412.097757
2016-03-30,19632.996182,20165.072517,22231.826372,23436.986465,20309.312535,23731.610423,19567.136637,19567.136637,15674.092631,15572.743390,14472.582593
2016-03-31,19586.253172,20117.062719,22178.895965,23381.186765,20260.959325,23675.109271,19520.550429,19520.550429,15674.092631,15572.743390,14438.125699
2016-04-01,19711.941602,20246.157448,22321.221840,23531.227951,20390.977463,23827.036610,19645.817233,19645.817233,15674.092631,15572.743390,14530.777690
2016-04-04,19649.620721,20182.147600,22250.651510,23456.832091,20326.509756,23751.705526,19583.705409,19583.705409,15642.775770,15541.629026,14484.837473
2016-04-05,19450.180747,19977.302578,22024.811560,23218.749634,20120.199485,23510.630159,19384.934463,19384.934463,15484.004523,15383.884399,14337.819083
2016-04-06,19662.079260,20194.943779,22264.759193,23471.704533,20339.397466,23766.764928,19596.122155,19596.122155,15652.693831,15551.482956,14494.021361
2016-04-07,19430.451908,19957.039066,22002.471205,23195.198235,20099.791028,23486.782698,19365.271805,19365.271805,15468.298683,15368.280113,14323.275849
2016-04-08,19483.424187,20011.446953,22062.455453,23258.434156,20154.588094,23550.813551,19418.066388,19418.066388,15510.469140,15410.177895,14362.324687
2016-04-11,19432.528331,19959.171762,22004.822485,23197.676975,20101.938980,23489.292598,19367.341263,19367.341263,15469.951693,15369.922435,14324.806497
2016-04-12,19621.573036,20153.339791,22218.891138,23423.350028,20297.495886,23717.802563,19555.751811,19555.751811,15620.447418,15519.445050,14464.161951
2016-04-13,19817.895556,20354.982873,22441.200976,23657.711009,20500.581313,23955.109673,19751.415761,19751.415761,15776.736907,15674.723965,14608.882292
2016-04-14,19815.817254,20352.848247,22438.847567,23655.230026,20498.431418,23952.597501,19749.344430,19749.344430,15775.082401,15673.080157,14607.350259
2016-04-15,19793.995080,20330.434667,22414.136781,23629.179697,20475.857515,23926.219697,19727.595460,19727.595460,15757.710087,15655.820173,14591.263910
2016-04-18,19937.343442,20477.667932,22576.460242,23800.302515,20624.143933,24099.493682,19870.462955,19870.462955,15871.827622,15769.199820,14696.934028
2016-04-19,19997.597296,20539.554733,22644.689930,23872.230851,20686.473408,24172.326222,19930.514685,19930.514685,15919.794834,15816.856875,14741.350523
2016-04-20,20014.210560,20556.618235,22663.502301,23892.063018,20703.658966,24192.407697,19947.072220,19947.072220,15933.020411,15829.996934,14753.597092
2016-04-21,19903.072125,20442.467823,22537.652412,23759.390960,20588.692040,24058.067832,19836.306602,19836.306602,15844.544728,15742.093338,14671.670718
2016-04-22,19908.258485,20447.794740,22543.525294,23765.582203,20594.057059,24064.336905,19841.475564,19841.475564,15848.673513,15746.195427,14675.493875
2016-04-25,19876.056075,20414.719608,22507.060233,23727.140416,20560.745342,24025.411870,19809.381178,19809.381178,15823.037645,15720.725321,14651.755672
2016-04-26,19905.142911,20444.594730,22539.997309,23761.862971,20590.834160,24060.570918,19838.370441,19838.370441,15846.193250,15743.731201,14673.197210
2016-04-27,19946.695802,20487.273751,22587.050579,23811.466941,20633.818463,24110.798455,19879.783942,19879.783942,15879.272899,15776.596956,14703.828177
2016-04-28,19766.997821,20302.705752,22383.565880,23596.951586,20447.930256,23893.586449,19700.688764,19700.688764,15736.217964,15634.467019,14571.362717
2016-04-29,19654.807081,20187.474516,22256.524392,23463.023334,20331.874775,23757.974599,19588.874371,19588.874371,15646.904556,15545.731114,14488.660630
2016-05-02,19811.660649,20348.578994,22434.140751,23650.268058,20494.131627,23947.573157,19745.201769,19745.201769,15771.773388,15669.792541,14604.286192
2016-05-03,19642.348542,20174.678337,22242.416709,23448.150891,20318.987065,23742.915196,19576.457625,19576.457625,15636.986495,15535.877184,14479.476742
2016-05-04,19527.047865,20056.252882,22111.853620,23310.510137,20199.714517,23603.544174,19461.543728,19461.543728,15545.197312,15444.681513,14394.482146
2016-05-05,19524.967683,20054.116325,22109.498084,23308.026910,20197.562678,23601.029730,19459.470524,19459.470524,15543.541310,15443.036219,14392.948728
2016-05-06,19595.607411,20126.670469,22189.488430,23392.353435,20270.635799,23686.416316,19529.873289,19529.873289,15599.776564,15498.907854,14445.021233
2016-05-09,19616.375401,20148.001295,22213.005490,23417.145325,20292.119203,23711.519862,19550.571612,19550.571612,15616.309657,15515.334044,14460.330483
2016-05-10,19859.442810,20397.656105,22488.247862,23707.308250,20543.559785,24005.330395,19792.823643,19792.823643,15809.812068,15707.585261,14639.509103
2016-05-11,19673.509922,20206.684226,22277.702938,23485.349943,20351.221891,23780.581874,19607.514473,19607.514473,15661.793614,15560.523900,14502.447543
2016-05-12,19684.934947,20218.418882,22290.640300,23498.988623,20363.040485,23794.392004,19618.901173,19618.901173,15670.888910,15569.560385,14510.869570
2016-05-13,19503.158663,20031.716256,22084.802192,23281.992284,20175.002382,23574.667826,19437.734664,19437.734664,15526.179468,15425.786639,14376.872076
2016-05-16,19697.397244,20231.218921,22304.752238,23513.865552,20375.932082,23809.455950,19631.321665,19631.321665,15680.809962,15579.417287,14520.056228
2016-05-17,19523.936049,20053.056732,22108.329891,23306.795391,20196.495505,23599.782730,19458.442350,19458.442350,15542.720041,15442.220260,14392.188252
2016-05-18,19520.816716,20049.852862,22104.797651,23303.071672,20193.268718,23596.012201,19455.333482,19455.333482,15540.236785,15439.753062,14389.888817
2016-05-19,19457.449167,19984.767981,22033.042106,23227.426347,20127.718287,23519.415946,19392.178501,19392.178501,15489.790806,15389.633268,14343.177043
2016-05-20,19578.984751,20109.597316,22170.665420,23372.510052,20253.440522,23666.323484,19513.306390,19513.306390,15586.543508,15485.760363,14432.767738
2016-05-23,19553.021006,20082.929924,22141.264839,23341.515702,20226.582379,23634.939507,19487.429741,19487.429741,15565.874150,15465.224654,14413.628405
2016-05-24,19801.271017,20337.907791,22422.375837,23637.865383,20483.384093,23935.014570,19734.846989,19734.846989,15763.502354,15661.574987,14596.627412
2016-05-25,19936.306170,20476.602549,22575.285666,23799.064266,20623.070929,24098.239867,19869.429162,19869.429162,15871.001865,15768.379403,14696.169396
2016-05-26,19945.658530,20486.208368,22585.876003,23810.228693,20632.745459,24109.544641,19878.750150,19878.750150,15878.447142,15775.776538,14703.063546
2016-05-27,20023.557283,20566.218265,22674.086255,23903.220715,20713.327664,24203.705656,19956.387589,19956.387589,15940.461200,15837.389611,14760.487085
2016-05-31,19999.666203,20541.679709,22647.032699,23874.700619,20688.613585,24174.827037,19932.576651,19932.576651,15921.441861,15818.493251,14742.875630
2016-06-01,20037.062490,20580.089478,22689.379153,23919.342622,20727.298097,24220.030230,19969.847491,19969.847491,15951.212498,15848.071391,14770.442530
2016-06-02,20097.306948,20641.966629,22757.598202,23991.259742,20789.617853,24292.851413,20029.889857,20029.889857,15999.172230,15895.721014,14814.852099
2016-06-03,20039.140792,20582.224104,22691.732561,23921.823605,20729.447992,24222.542402,19971.918822,19971.918822,15952.867004,15849.715199,14771.974563
2016-06-06,20135.742386,20681.443711,22801.121360,24037.142237,20829.377313,24339.310692,20068.196363,20068.196363,16029.770121,15926.121057,14843.185016
2016-06-07,20172.097643,20718.784236,22842.288981,24080.541505,20866.984933,24383.255527,20104.429664,20104.429664,16058.712009,15954.875806,14869.984515
2016-06-08,20238.578887,20787.067196,22917.570383,24159.903819,20935.756320,24463.615497,20170.687895,20170.687895,16111.636755,16007.458339,14918.991569
2016-06-09,20207.411869,20755.055518,22882.277771,24122.698038,20903.515662,24425.942006,20139.625428,20139.625428,16086.825148,15982.807165,14896.016612
2016-06-10,20013.175167,20555.554782,22662.329853,23890.827013,20702.587906,24191.156154,19946.040300,19946.040300,15932.196150,15829.178003,14752.833845
2016-06-13,19862.564022,20400.861905,22491.782230,23711.034212,20546.788516,24009.103196,19795.934385,19795.934385,15812.296819,15710.053945,14641.809923
2016-06-14,19818.934707,20356.050187,22442.377680,23658.951501,20501.656261,23956.365759,19752.451426,19752.451426,15777.564160,15675.545869,14609.648308
2016-06-15,19789.844113,20326.171204,22409.436348,23624.224460,20471.563555,23921.202168,19723.458417,19723.458417,15754.405563,15652.537016,14588.204000
2016-06-16,19854.245176,20392.317608,22482.362213,23701.103547,20538.183102,23999.047694,19787.643444,19787.643444,15805.674307,15703.474255,14635.677635
2016-06-17,19780.493632,20316.567315,22398.848138,23613.062277,20461.890970,23909.899666,19714.139302,19714.139302,15746.961781,15645.141366,14581.311236
2016-06-20,19907.221213,20446.729356,22542.350717,23764.343955,20592.984055,24063.083090,19840.441772,19840.441772,15847.847756,15745.375009,14674.729243
2016-06-21,19963.906626,20504.951007,22606.539608,23832.012447,20651.622164,24131.602236,19896.937031,19896.937031,15892.974184,15790.209648,14716.515240
2016-06-22,19930.503460,20470.642578,22568.714848,23792.137252,20617.068328,24091.225775,19863.645918,19863.645918,15866.382412,15763.789819,14691.891893
2016-06-23,20188.346358,20735.473310,22860.688548,24099.938490,20883.793384,24402.896350,20120.623873,20120.623873,16071.647374,15967.727531,14881.962355
2016-06-24,19452.384950,19979.566517,22027.307535,23221.380912,20122.479618,23513.294515,19387.131272,19387.131272,15485.759257,15385.627787,14339.443924
2016-06-27,19108.938923,19626.812716,21638.399374,22811.390516,19767.202582,23098.150171,19044.837347,19044.837347,15212.346896,15113.983320,14086.270596
2016-06-28,19461.786167,19989.222518,22037.953196,23232.603662,20132.204688,23524.658344,19396.500953,19396.500953,15493.243428,15393.063565,14346.374089
2016-06-29,19796.875765,20333.393422,22417.398783,23632.618529,20478.837433,23929.701758,19730.466481,19730.466481,15760.003358,15658.098616,14593.387425
2016-06-30,20064.121760,20607.882085,22720.020273,23951.644759,20755.289503,24252.738434,19996.815990,19996.815990,15972.753987,15869.473592,14790.389436
2016-07-01,20105.885112,20650.777271,22767.311863,24001.499968,20798.491517,24303.220368,20038.439246,20038.439246,16006.001182,15902.505809,14821.175545
2016-07-05,19964.951414,20506.024111,22607.722696,23833.259668,20652.702943,24132.865136,19897.978315,19897.978315,15893.805925,15791.036011,14717.285412
2016-07-06,20082.916678,20627.186366,22741.303084,23974.081286,20774.731867,24275.457008,20015.547860,20015.547860,15987.716347,15884.339204,14804.244224
2016-07-07,20069.340065,20613.241812,22725.929328,23957.874137,20760.687568,24259.046121,20002.016790,20002.016790,15976.908204,15873.600947,14794.236141
2016-07-08,20374.175895,20926.339037,23071.116440,24321.773420,21076.024366,24627.519945,20305.830039,20305.830039,16219.583552,16114.707147,15018.947729
2016-07-11,20445.151985,20999.238659,23151.487673,24406.501479,21149.445436,24713.313111,20376.568037,20376.568037,16276.086579,16170.844824,15071.268185
2016-07-12,20589.223806,21147.214989,23314.630358,24578.487930,21298.480236,24887.461586,20520.156565,20520.156565,16390.780050,16284.796683,15177.471605
2016-07-13,20581.914045,21139.707125,23306.353000,24569.761866,21290.918669,24878.625828,20512.871324,20512.871324,16384.960856,16279.015116,15172.083170
2016-07-14,20701.959490,21263.005937,23442.288925,24713.066711,21415.099432,25023.732143,20632.514073,20632.514073,16480.527279,16373.963604,15260.575400
2016-07-15,20670.640264,21230.837925,23406.823956,24675.679230,21382.701323,24985.874668,20601.299908,20601.299908,16455.594501,16349.192042,15237.488242
2016-07-18,20730.142472,21291.952709,23474.202502,24746.710284,21444.253259,25057.798647,20660.602513,20660.602513,16502.963339,16396.254591,15281.350656
2016-07-19,20707.175916,21268.363734,23448.195852,24719.293845,21420.495553,25030.037558,20637.713000,20637.713000,16484.680000,16378.089472,15264.420720
2016-07-20,20790.685709,21354.136737,23542.759881,24818.984074,21506.882087,25130.980983,20720.942657,20720.942657,16551.160925,16444.140530,15325.980472
2016-07-21,20712.392342,21273.721531,23454.102779,24725.520979,21425.891675,25036.342973,20642.911927,20642.911927,16488.832720,16382.215341,15268.266040
2016-07-22,20808.433960,21372.365985,23562.857476,24840.171136,21525.241728,25152.434385,20738.631370,20738.631370,16565.290047,16458.178293,15339.063703
2016-07-25,20758.332969,21320.907201,23506.124592,24780.362831,21473.414862,25091.874236,20688.698445,20688.698445,16525.405382,16418.551523,15302.131453
2016-07-26,20757.291939,21319.837958,23504.945760,24779.120096,21472.337970,25090.615878,20687.660907,20687.660907,16524.576633,16417.728133,15301.364051
2016-07-27,20743.713447,21305.891473,23489.569875,24762.910704,21458.291727,25074.202720,20674.127965,20674.127965,16513.766994,16406.988389,15291.354583
2016-07-28,20766.680003,21329.480448,23515.576526,24790.327143,21482.049433,25101.963808,20697.017478,20697.017478,16532.050333,16425.153507,15308.284519
2016-07-29,20803.215655,21367.006258,23556.948422,24833.941758,21519.843663,25146.126699,20733.430570,20733.430570,16561.135831,16454.050938,15335.216998
2016-08-01,20779.206190,21342.346109,23529.760811,24805.280341,21495.007122,25117.104981,20709.501646,20709.501646,16542.022247,16435.060943,15317.518275
2016-08-02,20649.765165,21209.397087,23383.185609,24650.759476,21361.107120,24960.641651,20580.494835,20580.494835,16438.976140,16332.681135,15222.100036
2016-08-03,20709.265493,21270.509941,23450.562027,24721.788288,21422.657112,25032.563358,20639.795567,20639.795567,16486.343481,16379.742198,15265.961064
2016-08-04,20729.097683,21290.879606,23473.019415,24745.463063,21443.172480,25056.535746,20659.561230,20659.561230,16502.131598,16395.428228,15280.580484
2016-08-05,20896.128544,21462.437191,23662.160240,24944.856980,21615.957211,25258.436224,20826.031780,20826.031780,16635.102424,16527.539260,15403.708299
2016-08-08,20885.695692,21451.721597,23650.346386,24932.402712,21605.164968,25245.825394,20815.633925,20815.633925,16626.796983,16519.287522,15396.017659
2016-08-09,20899.255393,21465.648781,23665.700991,24948.589672,21619.191773,25262.215839,20829.148140,20829.148140,16637.591663,16530.012403,15406.013275
2016-08-10,20846.014400,21410.964897,23605.412460,24885.032973,21564.116737,25197.860175,20776.085745,20776.085745,16595.207287,16487.902086,15366.766353
2016-08-11,20948.324748,21516.047971,23721.265684,25007.166458,21669.951467,25321.528988,20878.052890,20878.052890,16676.655059,16568.823214,15442.185049
2016-08-12,20927.445891,21494.603273,23697.623080,24982.242218,21648.353376,25296.291428,20857.244072,20857.244072,16660.033706,16552.309335,15426.794072
2016-08-15,20987.992886,21556.791161,23766.184714,25054.520495,21710.986091,25369.478307,20917.587960,20917.587960,16708.234284,16600.198247,15471.426658
2016-08-16,20879.423203,21445.279116,23643.243604,24924.914897,21598.676405,25238.243451,20809.382477,20809.382477,16621.803546,16514.326373,15391.393856
2016-08-17,20913.871157,21480.660649,23682.251452,24966.037313,21634.311020,25279.882812,20843.714875,20843.714875,16649.227059,16541.572564,15416.787374
2016-08-18,20963.983422,21532.131012,23738.997104,25025.859077,21686.149549,25340.456590,20893.659036,20893.659036,16689.120700,16581.208252,15453.727935
2016-08-19,20934.757531,21502.113067,23705.902566,24990.970525,21655.916887,25305.129458,20864.531185,20864.531185,16665.854396,16558.092388,15432.183892
2016-08-22,20932.664196,21499.963000,23703.532135,24988.471596,21653.751441,25302.599115,20862.444872,20862.444872,16664.187922,16556.436690,15430.640777
2016-08-23,20971.283787,21539.629226,23747.263823,25034.573925,21693.701398,25349.280991,20900.934912,20900.934912,16694.932414,16586.982388,15459.109444
2016-08-24,20870.027623,21435.628906,23632.604326,24913.698877,21588.957167,25226.886436,20800.018415,20800.018415,16614.323862,16506.895053,15384.467847
2016-08-25,20853.322282,21418.470831,23613.687690,24893.756793,21571.676361,25206.693662,20783.369113,20783.369113,16601.024985,16493.682167,15372.153403
2016-08-26,20813.657902,21377.731502,23568.772915,24846.407243,21530.645625,25158.748886,20743.837788,20743.837788,16569.448752,16462.310107,15342.914564
2016-08-29,20919.096978,21486.028096,23688.169018,24972.275663,21639.716861,25286.199584,20848.923166,20848.923166,16653.387259,16545.705864,15420.639621
2016-08-30,20879.423203,21445.279116,23643.243604,24924.914897,21598.676405,25238.243451,20809.382477,20809.382477,16621.803546,16514.326373,15391.393856
2016-08-31,20828.273666,21392.743369,23585.323375,24863.854884,21545.764872,25176.415859,20758.404523,20758.404523,16581.084148,16473.870268,15353.688663
2016-09-01,20824.092633,21388.449026,23580.588897,24858.863755,21541.439811,25171.361987,20754.237516,20754.237516,16577.755688,16470.563331,15350.606589
2016-09-02,20917.001764,21483.876099,23685.796459,24969.774491,21637.549470,25283.666970,20846.834980,20846.834980,16651.719289,16544.048680,15388.287745
2016-09-06,20982.768944,21551.425644,23760.269276,25048.284388,21705.582194,25363.163807,20912.381542,20912.381542,16704.075580,16596.066433,15388.287745
2016-09-07,20981.735430,21550.364121,23759.098955,25047.050625,21704.513078,25361.914535,20911.351495,20911.351495,16703.252815,16595.248988,15384.926534
2016-09-08,20932.664196,21499.963000,23703.532135,24988.471596,21653.751441,25302.599115,20862.444872,20862.444872,16664.187922,16556.436690,15384.926534
2016-09-09,20427.403734,20981.009411,23131.390077,24385.314417,21131.085795,24691.859709,20358.879323,20358.879323,16261.957456,16156.807061,15388.287745
2016-09-12,20719.703982,21281.231325,23462.382265,24734.249286,21433.455186,25045.181002,20650.199040,20650.199040,16494.653410,16387.998394,15381.552463
2016-09-13,20424.321984,20977.844141,23127.900394,24381.635562,21127.897885,24688.134607,20355.807911,20355.807911,16259.504120,16154.369588,15384.926534
2016-09-14,20411.731907,20964.912859,23113.643761,24366.606095,21114.874106,24672.916207,20343.260068,20343.260068,16249.481343,16144.411619,15384.926534
2016-09-15,20621.452525,21180.317142,23351.125209,24616.961122,21331.819167,24926.418420,20552.277170,20552.277170,16416.436861,16310.287596,15384.926534
2016-09-16,20540.712549,21097.389021,23259.697639,24520.577375,21248.297865,24828.823044,20471.808039,20471.808039,16352.160946,16246.427292,15384.926534
2016-09-19,20547.005708,21103.852732,23266.823827,24528.089865,21254.807811,24836.429973,20478.080088,20478.080088,16357.170839,16251.404790,15384.926534
2016-09-20,20549.099043,21106.002799,23269.194259,24530.588795,21256.973257,24838.960316,20480.166401,20480.166401,16358.837312,16253.060488,15384.926534
2016-09-21,20779.784957,21342.940562,23530.416191,24805.971248,21495.605827,25117.804573,20710.078472,20710.078472,16542.482996,16435.518712,15384.926534
2016-09-22,20904.563895,21471.101150,23671.712183,24954.926723,21624.683143,25268.632553,20834.438835,20834.438835,16641.817684,16534.211099,15388.287745
2016-09-23,20792.367518,21355.864124,23544.664311,24820.991742,21508.621831,25133.013889,20722.618824,20722.618824,16552.499788,16445.470736,15388.287745
2016-09-26,20626.695258,21185.701959,23357.061926,24623.219661,21337.242502,24932.755635,20557.502317,20557.502317,16420.610524,16314.434273,15388.287745
2016-09-27,20752.524622,21314.941441,23499.547390,24773.429087,21467.406429,25084.853329,20682.909582,20682.909582,16520.781441,16413.957481,15384.926534
2016-09-28,20864.728516,21430.186187,23626.603773,24907.373042,21583.475516,25220.481079,20794.737084,20794.737084,16610.105321,16502.703789,15384.926534
2016-09-29,20668.637127,21228.780500,23404.555662,24673.287974,21380.629182,24983.453352,20599.303490,20599.303490,16453.999833,16347.607685,15384.926534
2016-09-30,20834.318782,21398.952315,23592.168687,24871.071271,21552.018230,25183.722963,20764.429361,20764.429361,16585.896576,16478.651579,15388.287745
2016-10-03,20768.254702,21331.097824,23517.359669,24792.206948,21483.678378,25103.867244,20698.586895,20698.586895,16533.303928,16426.398997,15384.926534
2016-10-04,20671.786525,21232.015250,23408.121948,24677.047584,21383.887071,24987.260223,20602.442324,20602.442324,16456.507023,16350.098663,15357.541923
2016-10-05,20757.772993,21320.332049,23505.490491,24779.694356,21472.835595,25091.197358,20688.140347,20688.140347,16524.959593,16418.108616,15421.423233
2016-10-06,20781.889567,21345.102209,23532.799389,24808.483636,21497.782936,25120.348545,20712.176022,20712.176022,16544.158445,16437.183328,15439.339986
2016-10-07,20705.336262,21266.474223,23446.112681,24717.097748,21418.592527,25027.813854,20635.879517,20635.879517,16483.215477,16376.634420,15382.466788
2016-10-10,20800.759650,21364.483692,23554.167314,24831.009891,21517.303054,25143.157975,20730.982804,20730.982804,16559.180642,16452.108391,15453.359001
2016-10-11,20548.052375,21104.927766,23268.009043,24529.339330,21255.890534,24837.695144,20479.123245,20479.123245,16358.004075,16252.232639,15265.617000
2016-10-12,20574.266043,21131.851854,23297.692628,24560.632026,21283.007209,24869.381217,20505.248978,20505.248978,16378.872393,16272.966022,15285.091732
2016-10-13,20508.209479,21064.005082,23222.892122,24481.776675,21214.675132,24789.534584,20439.414003,20439.414003,16326.285728,16220.719384,15236.016804
2016-10-14,20513.448455,21069.386040,23228.824583,24488.030728,21220.094579,24795.867256,20444.635404,20444.635404,16330.456400,16224.863088,15239.908958
2016-10-17,20452.632745,21006.922156,23159.958666,24415.431674,21157.183894,24722.355566,20384.023703,20384.023703,16282.041903,16176.761641,15194.727580
2016-10-18,20573.215618,21130.772960,23296.503157,24559.378075,21281.920598,24868.111503,20504.202076,20504.202076,16378.036164,16272.135200,15284.311347
2016-10-19,20629.842777,21188.934780,23360.626084,24626.977027,21340.498447,24936.560235,20560.639278,20560.639278,16423.116218,16316.923765,15326.380956
2016-10-20,20596.289283,21154.471948,23322.631095,24586.922377,21305.789103,24896.002061,20527.198339,20527.198339,16396.404772,16290.385035,15301.453299
2016-10-21,20601.530137,21159.854835,23328.565684,24593.178673,21311.210494,24902.337005,20532.421613,20532.421613,16400.576939,16294.530226,15305.346850
2016-10-24,20685.421391,21246.019636,23423.561668,24693.324272,21397.991629,25003.741524,20616.031451,20616.031451,16467.361540,16360.882994,15367.671576
2016-10-25,20626.695258,21185.701959,23357.061926,24623.219661,21337.242502,24932.755635,20557.502317,20557.502317,16420.610524,16314.434273,15324.042592
2016-10-26,20580.557324,21138.313635,23304.816689,24568.142273,21289.515211,24876.985875,20511.519154,20511.519154,16383.880789,16277.942033,15289.765668
2016-10-27,20526.031015,21082.309602,23243.072704,24503.051222,21233.110583,24811.076571,20457.175756,20457.175756,16340.473192,16234.815112,15249.256829
2016-10-28,20461.019240,21015.535934,23169.455285,24425.443093,21165.859286,24732.492838,20392.382065,20392.382065,16288.718269,16183.394837,15200.958098
2016-10-31,20461.019240,21015.535934,23169.455285,24425.443093,21165.859286,24732.492838,20392.382065,20392.382065,16288.718269,16183.394837,15200.958098
2016-11-01,20318.416887,20869.068897,23007.976582,24255.210828,21018.344575,24560.120601,20250.258076,20250.258076,16175.194620,16070.605237,15095.015556
2016-11-02,20184.193512,20731.207917,22855.985988,24094.981009,20879.497481,24397.876549,20116.484958,20116.484958,16068.341354,15964.442887,14965.337320
2016-11-03,20105.552509,20650.435654,22766.935232,24001.102921,20798.147456,24302.818330,20038.107758,20038.107758,16005.736401,15902.242740,14962.066081
2016-11-04,20078.280898,20622.424952,22736.053665,23968.547302,20769.936395,24269.853457,20010.927632,20010.927632,15984.025871,15880.672591,14965.337320
2016-11-07,20518.694947,21074.774718,23234.765556,24494.293754,21225.521802,24802.209014,20449.864296,20449.864296,16334.633055,16229.012737,14962.066081
2016-11-08,20613.056634,21171.693714,23341.617950,24606.938486,21323.134056,24916.269791,20543.909445,20543.909445,16409.753015,16303.646969,14965.337320
2016-11-09,20833.262719,21397.867631,23590.972832,24869.810591,21550.925787,25182.446434,20763.376840,20763.376840,16585.055860,16477.816299,14958.797968
2016-11-10,20881.501505,21447.413743,23645.597012,24927.395881,21600.826300,25240.755623,20811.453808,20811.453808,16623.458052,16515.970181,14958.797968
2016-11-11,20842.703398,21407.564163,23601.663178,24881.080447,21560.691678,25193.857963,20772.785850,20772.785850,16592.571446,16485.283289,14952.242986
2016-11-14,20845.854675,21410.800844,23605.231592,24884.842301,21563.951510,25197.667106,20775.926556,20775.926556,16595.080132,16487.775754,14958.797968
2016-11-15,21014.676333,21584.197759,23796.400263,25086.373992,21738.588728,25401.732231,20944.181897,20944.181897,16729.476586,16621.303195,14962.066081
2016-11-16,20979.021987,21547.577140,23756.026332,25043.811439,21701.706162,25358.634629,20908.647154,20908.647154,16701.092682,16593.102823,14962.066081
2016-11-17,21078.633925,21649.888673,23868.823955,25162.723683,21804.749527,25479.041707,21007.924940,21007.924940,16780.392289,16671.889676,14965.337320
2016-11-18,21040.886243,21611.117987,23826.079593,25117.662201,21765.701515,25433.413762,20970.303884,20970.303884,16750.341912,16642.033605,14962.066081
2016-11-21,21196.078673,21770.516307,24001.814928,25302.923933,21926.240005,25621.004400,21124.975716,21124.975716,16873.888336,16764.781174,14958.797968
2016-11-22,21234.871143,21810.360097,24045.742378,25349.232637,21966.368796,25667.895246,21163.638056,21163.638056,16904.770455,16795.463608,14958.797968
2016-11-23,21253.752500,21829.753160,24067.123070,25371.772351,21985.900577,25690.718304,21182.456075,21182.456075,16919.801627,16810.397588,14958.797968
2016-11-25,21338.690422,21916.992995,24163.304270,25473.167415,22073.764435,25793.387995,21267.109069,21267.109069,16987.419464,16877.578206,14962.066081
2016-11-28,21238.016783,21813.590987,24049.304408,25352.987760,21969.622797,25671.697574,21166.773144,21166.773144,16907.274653,16797.951614,14958.797968
2016-11-29,21271.568399,21848.051890,24087.297269,25393.040168,22004.330197,25712.253477,21200.212209,21200.212209,16933.984604,16824.488857,14958.797968
2016-11-30,21223.344646,21798.521218,24032.690112,25335.472823,21954.445235,25653.962459,21152.150224,21152.150224,16895.594379,16786.346864,14958.797968
2016-12-01,21140.498181,21713.429521,23938.877216,25236.574445,21868.744879,25553.820840,21069.581671,21069.581671,16829.641519,16720.820458,14965.670227
2016-12-02,21155.175956,21728.505080,23955.497896,25254.096112,21883.928273,25571.562769,21084.210208,21084.210208,16841.326281,16732.429666,14962.388047
2016-12-05,21276.809253,21853.434777,24093.231858,25399.296464,22009.751588,25718.588420,21205.435483,21205.435483,16938.156771,16828.634047,14962.388047
2016-12-06,21351.267345,21929.910767,24177.546007,25488.181179,22086.774608,25808.590496,21279.643802,21279.643802,16997.431769,16887.525771,14965.670227
2016-12-07,21621.807430,22207.782793,24483.897627,25811.139746,22366.634242,26135.608942,21549.276352,21549.276352,17212.804775,17101.506167,14965.670227
2016-12-08,21678.427073,22265.936893,24548.012043,25878.729726,22425.204316,26204.048589,21605.706063,21605.706063,17257.878846,17146.288787,14965.670227
2016-12-09,21810.542080,22401.632365,24697.615184,26036.442670,22561.870413,26363.744126,21737.377885,21737.377885,17363.053671,17250.783548,14965.670227
2016-12-12,21786.431143,22376.867994,24670.312669,26007.660119,22536.928904,26334.599753,21713.347829,21713.347829,17343.859307,17231.713295,14962.388047
2016-12-13,21935.319139,22529.791023,24838.909049,26185.395902,22690.945785,26514.569834,21861.736375,21861.736375,17462.386863,17349.474449,14965.670227
2016-12-14,21753.926195,22343.482126,24633.505024,25968.857176,22503.304227,26295.309022,21680.951920,21680.951920,17317.982593,17206.003901,14965.670227
2016-12-15,21834.662413,22426.406386,24724.928338,26065.236436,22586.821642,26392.899856,21761.417305,21761.417305,17382.255515,17269.861233,14965.670227
2016-12-16,21796.918489,22387.639560,24682.188231,26020.179441,22547.777518,26347.276453,21723.799995,21723.799995,17352.208130,17240.008135,14962.388047
2016-12-19,21846.200185,22438.256845,24737.993371,26079.009709,22598.756866,26406.846271,21772.916374,21772.916374,17391.440567,17278.986894,14965.670227
2016-12-20,21930.089559,22524.419716,24832.987227,26179.153065,22685.536057,26508.248519,21856.524338,21856.524338,17458.223671,17345.338176,14962.388047
2016-12-21,21870.322397,22463.032796,24765.308653,26107.805719,22623.710039,26436.004272,21796.957667,21796.957667,17410.643907,17298.066064,14965.670227
2016-12-22,21842.458865,22434.414131,24733.756811,26074.543490,22594.886666,26402.323907,21769.187604,21769.187604,17388.462157,17276.027742,14962.388047
2016-12-23,21861.451090,22453.921067,24755.263047,26097.215553,22614.533134,26425.280978,21788.116119,21788.116119,17403.581590,17291.049412,14962.388047
2016-12-27,21915.267092,22509.195543,24816.202702,26161.458672,22670.202987,26490.331692,21841.751594,21841.751594,17446.423722,17333.614526,14965.670227
2016-12-28,21742.223061,22331.461823,24620.252740,25954.886502,22491.197944,26281.162724,21669.288044,21669.288044,17308.665898,17196.747449,14965.337320
2016-12-29,21737.998808,22327.123088,24615.469320,25949.843779,22486.828174,26276.056609,21665.077962,21665.077962,17305.303033,17193.406328,14968.610122
2016-12-30,21663.085970,22250.180029,24530.640231,25860.416208,22409.334744,26185.504854,21590.416422,21590.416422,17245.666018,17134.154928,14962.067644
2017-01-03,21813.975225,22405.158552,24701.502776,26040.541004,22565.421823,26367.893979,21740.799513,21740.799513,17365.786747,17253.498953,14968.610122
2017-01-04,21942.696548,22537.368368,24847.263010,26194.202721,22698.577331,26523.487363,21869.089037,21869.089037,17468.259911,17355.309521,14938.702816
2017-01-05,21925.818329,22520.032730,24828.150611,26174.054263,22681.117691,26503.085620,21852.267436,21852.267436,17454.823407,17341.959898,14927.212036
2017-01-06,22011.288040,22607.818767,24924.933994,26276.084154,22769.531658,26606.398118,21937.450436,21937.450436,17522.864594,17409.561129,14985.400263
2017-01-09,21941.644243,22536.287545,24846.071411,26192.946527,22697.488776,26522.215377,21868.040262,21868.040262,17467.422186,17354.477213,14937.986402
2017-01-10,21938.476054,22533.033494,24842.483846,26189.164485,22694.211449,26518.385791,21864.882700,21864.882700,17464.900037,17351.971372,14935.829482
2017-01-11,22000.731166,22596.975790,24912.979701,26263.481834,22758.611122,26593.637376,21926.928975,21926.928975,17514.460422,17401.211298,14978.213088
2017-01-12,21952.195480,22547.124731,24858.019320,26205.542117,22708.403481,26534.969305,21878.556104,21878.556104,17475.821871,17362.822585,14945.169739
2017-01-13,21995.454608,22591.556231,24907.004683,26257.182917,22753.152798,26587.259276,21921.670118,21921.670118,17510.259831,17397.037868,14974.620780
2017-01-17,21917.371702,22511.357191,24818.585901,26163.971061,22672.380096,26492.875663,21843.849144,21843.849144,17448.099171,17335.279142,14921.461529
2017-01-18,21963.802779,22559.046602,24871.163084,26219.398388,22720.410628,26548.999762,21890.124466,21890.124466,17485.062273,17372.003238,14953.072049
2017-01-19,21889.942246,22483.184366,24787.525593,26131.227012,22644.005752,26459.719992,21816.511701,21816.511701,17426.262983,17313.584146,14902.787411
2017-01-20,21960.634589,22555.792551,24867.575519,26215.616347,22717.133301,26545.170176,21886.966904,21886.966904,17482.540123,17369.497397,14950.915129
2017-01-23,21909.990535,22503.775985,24810.227684,26155.159755,22664.744663,26483.953592,21836.492737,21836.492737,17442.223132,17329.441097,14916.436391
2017-01-24,22049.266853,22646.826848,24967.940082,26321.421550,22808.818763,26652.305446,21975.301847,21975.301847,17553.098972,17439.600010,15011.256438
2017-01-25,22232.865879,22835.401615,25175.842210,26540.593797,22998.742398,26874.232885,22158.284985,22158.284985,17699.259473,17584.815431,15136.251617
2017-01-26,22215.978264,22818.056326,25156.719172,26520.434123,22981.273040,26853.819786,22141.454019,22141.454019,17685.815489,17571.458377,15124.754440
2017-01-27,22184.322676,22785.542837,25120.873317,26482.645108,22948.526982,26815.555729,22109.904621,22109.904621,17660.614938,17546.420774,15103.203150
2017-01-30,22050.319158,22647.907672,24969.131681,26322.677744,22809.907318,26653.577432,21976.350622,21976.350622,17553.936697,17440.432318,15011.972853
2017-01-31,22049.266853,22646.826848,24967.940082,26321.421550,22808.818763,26652.305446,21975.301847,21975.301847,17553.098972,17439.600010,15011.256438
2017-02-01,22052.431284,22650.077039,24971.523391,26325.199105,22812.092203,26656.130489,21978.455664,21978.455664,17555.618130,17442.102878,15013.410799
2017-02-02,22061.933973,22659.837262,24982.283957,26336.542988,22821.922240,26667.616974,21987.926476,21987.926476,17563.183082,17449.618915,15019.880280
2017-02-03,22225.477195,22827.812689,25167.475482,26531.773519,22991.099190,26865.301728,22150.921086,22150.921086,17693.377449,17578.971441,15131.221363
2017-02-06,22179.053635,22780.130998,25114.906810,26476.355164,22943.076433,26809.186715,22104.653255,22104.653255,17656.420332,17542.253290,15099.615960
2017-02-07,22184.322676,22785.542837,25120.873317,26482.645108,22948.526982,26815.555729,22109.904621,22109.904621,17660.614938,17546.420774,15103.203150
2017-02-08,22212.819470,22814.811926,25153.142247,26516.663297,22978.005432,26850.001557,22138.305822,22138.305822,17683.300819,17568.959967,15122.603917
2017-02-09,22339.430546,22944.854305,25296.512898,26667.805896,23108.977999,27003.044155,22264.492177,22264.492177,17784.094046,17669.101461,15208.801401
2017-02-10,22429.124509,23036.979076,25398.079700,26774.878510,23201.761735,27111.462767,22353.885259,22353.885259,17855.498099,17740.043813,15269.865522
2017-02-13,22548.350660,23159.436389,25533.087879,26917.205317,23325.094981,27255.578750,22472.711461,22472.711461,17950.412294,17834.344290,15351.035310
2017-02-14,22642.261360,23255.892175,25639.429589,27029.311681,23422.240712,27369.094391,22566.307135,22566.307135,18025.173229,17908.621818,15414.970207
2017-02-15,22757.265136,23374.012684,25769.656477,27166.598009,23541.206132,27508.106532,22680.925127,22680.925127,18116.726055,17999.582660,15493.265380
2017-02-16,22739.330854,23355.592362,25749.348224,27145.188870,23522.654050,27486.428261,22663.051006,22663.051006,18102.448834,17985.397756,15481.055627
2017-02-17,22774.150873,23391.356042,25788.777387,27186.755440,23558.673547,27528.517360,22697.754220,22697.754220,18130.168542,18012.938228,15504.761278
2017-02-21,22908.150633,23528.987347,25940.514767,27346.718318,23697.289324,27690.491115,22831.304473,22831.304473,18236.843792,18118.923712,15595.989017
2017-02-22,22897.595638,23518.146301,25928.562602,27334.118241,23686.370731,27677.732644,22820.784886,22820.784886,18228.441115,18110.575367,15588.803122
2017-02-23,22910.266517,23531.160575,25942.910732,27349.244165,23699.478096,27693.048715,22833.413260,22833.413260,18238.528217,18120.597245,15597.429522
2017-02-24,22937.695973,23559.333400,25973.971040,27381.988214,23727.852440,27726.204386,22860.750703,22860.750703,18260.364406,18142.292240,15616.103640
2017-02-27,22971.459929,23594.012397,26012.204349,27422.294104,23762.779495,27767.016956,22894.401396,22894.401396,18287.243397,18168.997431,15639.090318
2017-02-28,22903.930138,23524.652473,25935.735603,27341.680081,23692.923442,27685.389543,22827.098136,22827.098136,18233.483918,18115.585563,15593.115682
2017-03-01,23228.913850,23858.443610,26303.737583,27729.630998,24029.102175,28078.217351,23150.991680,23150.991680,18492.198700,18372.627486,15814.366297
2017-03-02,23092.798206,23718.639078,26097.357289,27512.063081,23840.568771,27857.914410,23015.332640,23015.332640,18383.839025,18264.968468,15721.698053
2017-03-03,23105.463447,23731.647562,26103.046356,27518.060545,23845.765872,27863.987267,23027.955395,23027.955395,18393.921639,18274.985888,15730.320616
2017-03-06,23033.711283,23657.950833,26108.773567,27524.098221,23850.997818,27870.100843,22956.443926,22956.443926,18336.800790,18218.234384,15681.471366
2017-03-07,22964.076882,23586.429261,26097.357289,27512.063081,23840.568771,27857.914410,22887.043116,22887.043116,18281.365862,18163.157900,15634.063901
2017-03-08,22915.539317,23536.576273,26097.357289,27512.063081,23840.568771,27857.914410,22838.668371,22838.668371,18242.725816,18124.767702,15601.019272
2017-03-09,22939.804341,23561.498907,26097.357289,27512.063081,23840.568771,27857.914410,22862.851998,22862.851998,18262.042847,18143.959828,15617.539028
2017-03-10,23019.993736,23643.861525,26103.046356,27518.060545,23845.765872,27863.987267,22942.772395,22942.772395,18325.880452,18207.384657,15672.132388
2017-03-13,23033.711283,23657.950833,26097.357289,27512.063081,23840.568771,27857.914410,22956.443926,22956.443926,18336.800790,18218.234384,15681.471366
2017-03-14,22955.635893,23577.759512,26097.357289,27512.063081,23840.568771,27857.914410,22878.630443,22878.630443,18274.646114,18156.481602,15628.317231
2017-03-15,23146.610450,23773.909694,26103.046356,27518.060545,23845.765872,27863.987267,23068.964369,23068.964369,18426.678166,18307.530610,15758.333710
2017-03-16,23107.571815,23733.813069,26108.773567,27524.098221,23850.997818,27870.100843,23030.056691,23030.056691,18395.600080,18276.653476,15731.756004
2017-03-17,23061.152013,23686.135238,26108.773567,27524.098221,23850.997818,27870.100843,22983.792606,22983.792606,18358.645955,18239.938297,15700.153159
2017-03-20,23041.096209,23665.535898,26103.046356,27518.060545,23845.765872,27863.987267,22963.804079,22963.804079,18342.679822,18224.075401,15686.499062
2017-03-21,22746.712021,23363.173567,26108.773567,27524.098221,23850.997818,27870.100843,22670.407413,22670.407413,18108.324874,17991.235801,15486.080764
2017-03-22,22793.143098,23410.862978,26108.773567,27524.098221,23850.997818,27870.100843,22716.682735,22716.682735,18145.287975,18027.959898,15517.691285
2017-03-23,22769.823268,23386.911155,26103.046356,27518.060545,23845.765872,27863.987267,22693.441133,22693.441133,18126.723400,18009.515362,15501.815023
2017-03-24,22762.404519,23379.291349,26108.773567,27524.098221,23850.997818,27870.100843,22686.047269,22686.047269,18120.817442,18003.647592,15496.764299
2017-03-27,22725.305132,23341.186527,26108.773567,27524.098221,23850.997818,27870.100843,22649.072334,22649.072334,18091.283162,17974.304282,15471.506842
2017-03-28,22893.846802,23514.295866,26108.773567,27524.098221,23850.997818,27870.100843,22817.048625,22817.048625,18225.456722,18107.610270,15586.250894
2017-03-29,22927.766724,23549.135057,26108.773567,27524.098221,23850.997818,27870.100843,22850.854762,22850.854762,18252.459876,18134.438821,15609.343755
2017-03-30,22989.253278,23612.287966,26108.773567,27524.098221,23850.997818,27870.100843,22912.135057,22912.135057,18301.408422,18183.070865,15651.204123
2017-03-31,22934.131290,23555.672110,26103.046356,27518.060545,23845.765872,27863.987267,22857.197978,22857.197978,18257.526614,18139.472797,15613.676785
2017-04-03,22905.510475,23526.275638,26105.351408,27520.490552,23847.871593,27866.447822,22828.673172,22828.673172,18234.742001,18116.835511,15594.191584
2017-04-04,22918.226452,23539.336233,26053.192877,27465.504570,23800.223510,27810.770617,22841.346493,22841.346493,18244.865005,18126.893059,15602.848688
2017-04-05,22848.263207,23467.476904,25973.659413,27381.659694,23727.567762,27725.871736,22771.617941,22771.617941,18189.168288,18071.556479,15555.217344
2017-04-06,22907.628238,23528.450795,26041.144942,27452.803531,23789.217429,27797.909914,22830.783831,22830.783831,18236.427922,18118.510530,15595.633368
2017-04-07,22887.485994,23507.762674,26018.247455,27428.664800,23768.300020,27773.467738,22810.709155,22810.709155,18220.392976,18102.579267,15581.920423
2017-04-10,22903.396469,23524.104341,26036.334312,27447.732123,23784.822802,27792.774754,22826.566258,22826.566258,18233.059072,18115.163464,15592.752358
2017-04-11,22874.773775,23494.705939,26003.796341,27413.430309,23755.098576,27758.041735,22798.039579,22798.039579,18210.272964,18092.524691,15573.265877
2017-04-12,22780.427120,23397.802383,25896.544081,27300.364034,23657.121035,27643.554116,22704.009413,22704.009413,18135.164971,18017.902349,15509.034180
2017-04-13,22628.836955,23242.103954,25724.218015,27118.696383,23499.696995,27459.602740,22552.927763,22552.927763,18014.486257,17898.003948,15405.830802
2017-04-17,22827.064899,23445.704099,25949.561406,27356.255364,23705.553648,27700.148050,22750.490744,22750.490744,18172.292625,18054.789935,15540.785425
2017-04-18,22764.524161,23381.468437,25878.465769,27281.305719,23640.606059,27624.256221,22688.159802,22688.159802,18122.504858,18005.324097,15498.207363
2017-04-19,22714.708797,23330.303020,25821.836199,27221.606330,23588.873574,27563.806357,22638.511544,22638.511544,18082.847575,17965.923239,15464.292802
2017-04-20,22900.209489,23520.830989,26032.711387,27443.912803,23781.513172,27788.907422,22823.389968,22823.389968,18230.521963,18112.642760,15590.582645
2017-04-21,22833.425707,23452.237292,25956.792303,27363.878239,23712.159248,27707.866752,22756.830214,22756.830214,18177.356371,18059.820938,15545.115896
2017-04-24,23077.235367,23702.654469,26233.952498,27656.062949,23965.351807,28003.724485,22999.822007,22999.822007,18371.449677,18252.659230,15711.102791
2017-04-25,23216.102038,23845.284582,26391.814633,27822.482596,24109.562695,28172.236178,23138.222845,23138.222845,18481.999403,18362.494138,15805.643948
2017-04-26,23199.148653,23827.871742,26372.542208,27802.165437,24091.956868,28151.663613,23121.326331,23121.326331,18468.503062,18349.085064,15794.101995
2017-04-27,23217.163738,23846.375056,26393.021562,27823.754952,24110.665255,28173.524528,23139.280984,23139.280984,18482.844608,18363.333877,15806.366759
2017-04-28,23172.645602,23800.650428,26342.413824,27770.403831,24064.433859,28119.502735,23094.912185,23094.912185,18447.404370,18328.122797,15776.058578
2017-05-01,23228.829290,23858.356758,26406.282836,27837.735104,24122.779750,28187.680422,23150.907403,23150.907403,18492.131383,18372.560604,15814.308728
2017-05-02,23236.249919,23865.978494,26414.718527,27846.628083,24130.485958,28196.685195,23158.303139,23158.303139,18498.038837,18378.429860,15819.360731
2017-05-03,23212.930090,23842.026671,26388.208796,27818.681292,24106.268677,28168.387088,23135.061537,23135.061537,18479.474262,18359.985324,15803.484469
2017-05-04,23234.124639,23863.795617,26412.302531,27844.081119,24128.278888,28194.106213,23156.184989,23156.184989,18496.346933,18376.748896,15817.913829
2017-05-05,23327.411472,23959.610628,26518.349999,27955.877290,24225.155821,28307.307762,23249.158888,23249.158888,18570.611217,18450.532984,15881.423994
2017-05-08,23328.467536,23960.695312,26519.550520,27957.142890,24226.252526,28308.589272,23250.211409,23250.211409,18571.451933,18451.368265,15882.142968
2017-05-09,23298.786899,23930.210297,26485.809892,27921.573223,24195.429644,28272.572463,23220.630337,23220.630337,18547.823612,18427.892725,15861.936234
2017-05-10,23342.248972,23974.850241,26535.217108,27973.658745,24240.564335,28325.312746,23263.946615,23263.946615,18582.423134,18462.268525,15891.525442
2017-05-11,23294.549492,23925.858052,26480.992854,27916.495060,24191.029163,28267.430462,23216.407145,23216.407145,18544.450275,18424.541200,15859.051386
2017-05-12,23258.509927,23888.841773,26440.023464,27873.304770,24153.602632,28223.697231,23180.488475,23180.488475,18515.759704,18396.036143,15834.515461
2017-05-15,23376.167015,24009.687502,26573.774774,28014.306575,24275.787698,28366.471556,23297.750879,23297.750879,18609.424792,18489.095589,15914.617024
2017-05-16,23371.931488,24005.337187,26568.959873,28009.230663,24271.389168,28361.331835,23293.529560,23293.529560,18606.052950,18485.745550,15911.733454
2017-05-17,22957.451119,23579.623933,26097.783056,27512.511928,23840.957719,27858.368899,22880.439580,22880.439580,18276.091189,18157.917333,15629.553047
2017-05-18,23041.195802,23665.638191,26192.983108,27612.872659,23927.925276,27959.991255,22963.903338,22963.903338,18342.759106,18224.154173,15686.566866
2017-05-19,23184.303637,23812.624409,26355.666553,27784.374974,24076.540549,28133.649508,23106.531113,23106.531113,18456.685162,18337.343579,15783.995430
2017-05-22,23313.628157,23945.453769,26502.681274,27939.359183,24210.842061,28290.582007,23235.421809,23235.421809,18559.638521,18439.631238,15872.040241
2017-05-23,23359.211752,23992.272731,26554.500214,27993.987164,24258.179919,28345.896711,23280.852493,23280.852493,18595.926955,18475.685029,15903.073791
2017-05-24,23415.395440,24049.979061,26618.369225,28061.318436,24316.525810,28414.074398,23336.847711,23336.847711,18640.653968,18520.122836,15941.323941
2017-05-25,23524.575837,24162.118369,26742.484324,28192.161662,24429.907962,28546.562441,23445.661858,23445.661858,18727.570885,18606.477745,16015.654527
2017-05-26,23525.633779,24163.204983,26743.686981,28193.429514,24431.006619,28547.846231,23446.716252,23446.716252,18728.413097,18607.314512,16016.374780
2017-05-30,23503.377529,24140.345564,26718.386316,28166.757331,24407.893848,28520.838755,23424.534661,23424.534661,18710.695222,18589.711202,16001.222608
2017-05-31,23498.072785,24134.897055,26712.355940,28160.400056,24402.384953,28514.401563,23419.247712,23419.247712,18706.472193,18585.515478,15997.611110
2017-06-01,23681.463229,24323.257587,26920.832221,28380.177581,24592.833092,28736.941888,23602.022967,23602.022967,18852.466644,18730.565925,16122.464286
2017-06-02,23755.669519,24399.474951,27005.189132,28469.107376,24669.895175,28826.989611,23675.980329,23675.980329,18911.541187,18789.258489,16140.670670
2017-06-05,23739.770319,24383.144865,26987.115092,28450.053565,24653.384102,28807.696277,23660.134463,23660.134463,18898.884066,18776.683209,16144.189826
2017-06-06,23671.917320,24313.452973,26909.980534,28368.737637,24582.919813,28725.358135,23592.509080,23592.509080,18844.867286,18723.015704,16140.670670
2017-06-07,23711.143866,24353.742603,26954.572849,28415.747247,24623.655974,28772.958697,23631.604039,23631.604039,18876.094965,18754.041464,16147.724128
2017-06-08,23719.622438,24362.450953,26964.211198,28425.908079,24632.460839,28783.247260,23640.054169,23640.054169,18882.844632,18760.747487,16144.189826
2017-06-09,23692.068960,24334.150745,26932.888701,28392.887628,24603.846979,28749.811712,23612.593120,23612.593120,18860.909711,18738.954398,16147.724128
2017-06-12,23682.524930,24324.348061,26922.039151,28381.449937,24593.935651,28738.230239,23603.081106,23603.081106,18853.311849,18731.405664,16144.189826
2017-06-13,23798.069892,24443.024422,27053.389419,28519.920542,24713.927306,28878.441544,23718.238469,23718.238469,18945.295504,18822.794549,16147.724128
2017-06-14,23772.632299,24416.897442,27024.472237,28489.435795,24687.510760,28847.573577,23692.886207,23692.886207,18925.045008,18802.674994,16144.189826
2017-06-15,23724.923424,24367.895602,26970.237301,28432.260850,24637.965831,28789.679891,23645.337372,23645.337372,18887.064670,18764.940238,16144.189826
2017-06-16,23731.287990,24374.432655,26977.472471,28439.888230,24644.575334,28797.403154,23651.680588,23651.680588,18892.131407,18769.974214,16151.270211
2017-06-19,23925.280406,24573.682485,27198.000960,28672.371298,24846.033457,29032.808743,23845.022251,23845.022251,19046.565934,18923.410161,16147.724128
2017-06-20,23768.391134,24412.541337,27019.650927,28484.353128,24683.106376,28842.427015,23688.659269,23688.659269,18921.668679,18799.320496,16147.724128
2017-06-21,23758.847104,24402.738653,27008.801376,28472.915436,24673.195048,28830.845542,23679.147255,23679.147255,18914.070816,18791.771761,16151.270211
2017-06-22,23745.069426,24388.587584,26993.139060,28456.404085,24658.887143,28814.126628,23665.415794,23665.415794,18903.102608,18780.874474,16154.792733
2017-06-23,23785.530551,24430.145251,27039.134831,28504.893230,24700.905395,28863.225326,23705.741191,23705.741191,18935.313118,18812.876710,16151.270211
2017-06-26,23792.988763,24437.805588,27047.613245,28513.831249,24708.650632,28872.275703,23713.174384,23713.174384,18941.250491,18818.775691,16147.724128
2017-06-27,23603.440455,24243.120308,26832.136772,28286.674060,24511.807648,28642.262944,23524.261922,23524.261922,18790.353854,18668.854758,16147.724128
2017-06-28,23812.150108,24457.486228,27069.395656,28536.794458,24728.549393,28895.527581,23732.271452,23732.271452,18956.504558,18833.931125,16154.792733
2017-06-29,23606.633073,24246.399449,26835.766106,28290.500135,24515.123132,28646.137117,23527.443831,23527.443831,18792.895451,18671.379921,16151.270211
2017-06-30,23646.032498,24286.866643,26880.554947,28337.716925,24556.038825,28693.947464,23566.711089,23566.711089,18824.260757,18702.542417,16154.792733
2017-07-03,23698.217428,24340.465843,26939.878213,28400.256032,24610.232067,28757.272744,23618.720962,23618.720962,18865.804416,18743.817454,16156.554835
2017-07-05,23739.744011,24383.117844,26987.085186,28450.022038,24653.356782,28807.664353,23660.108244,23660.108244,18898.863123,18776.662402,16120.751812
2017-07-06,23526.772523,24164.374589,26744.981493,28194.794200,24432.189187,28549.228072,23447.851176,23447.851176,18729.319635,18608.215188,15976.131023
2017-07-07,23675.852189,24317.494482,26914.453651,28373.453236,24587.006113,28730.133013,23596.430749,23596.430749,18847.999777,18726.127940,16077.365320
2017-07-10,23700.335191,24342.641001,26942.285664,28402.793988,24612.431332,28759.842605,23620.831622,23620.831622,18867.490337,18745.492474,16093.990790
2017-07-11,23682.243063,24324.058555,26921.718727,28381.112143,24593.642936,28737.888199,23602.800184,23602.800184,18853.087458,18731.182724,16081.705118
2017-07-12,23860.073203,24506.708092,27123.874114,28594.226126,24778.316785,28953.681216,23780.033787,23780.033787,18994.655433,18871.835315,16202.462762
2017-07-13,23900.538086,24548.269620,27169.874157,28642.719776,24820.338940,29002.784475,23820.362930,23820.362930,19026.868935,18903.840524,16229.940916
2017-07-14,24009.150990,24659.826055,27293.344136,28772.882910,24933.131759,29134.583876,23928.611487,23928.611487,19113.334079,18989.746581,16303.695783
2017-07-17,24012.351124,24663.112917,27296.982014,28776.717994,24936.455050,29138.467170,23931.800887,23931.800887,19115.881660,18992.277689,16305.868872
2017-07-18,24030.450769,24681.703083,27317.557496,28798.408847,24955.251251,29160.430697,23949.839816,23949.839816,19130.290522,19006.593383,16318.159648
2017-07-19,24157.163317,24811.849684,27461.602955,28950.262834,25086.840272,29314.193625,24076.127303,24076.127303,19231.164530,19106.815136,16404.205291
2017-07-20,24164.617771,24819.506161,27470.077097,28959.196349,25094.581606,29323.239443,24083.556750,24083.556750,19237.098911,19112.711145,16409.267325
2017-07-21,24147.579826,24802.006469,27450.708545,28938.777852,25076.887964,29302.564266,24066.575960,24066.575960,19223.535252,19099.235189,16397.697509
2017-07-24,24139.061793,24793.257588,27441.025337,28928.569729,25068.042119,29292.227819,24058.086501,24058.086501,19216.754171,19092.497955,16391.913239
2017-07-25,24196.562742,24852.316878,27506.391796,28997.479624,25127.755964,29362.003973,24115.394561,24115.394561,19262.529835,19137.977632,16430.959933
2017-07-26,24204.020953,24859.977215,27514.870211,29006.417643,25135.501201,29371.054350,24122.827753,24122.827753,19268.467208,19143.876614,16436.024519
2017-07-27,24175.268600,24830.445640,27482.184845,28971.960443,25105.642327,29336.163993,24094.171851,24094.171851,19245.577880,19121.135289,16416.499896
2017-07-28,24147.579826,24802.006469,27450.708545,28938.777852,25076.887964,29302.564266,24066.575960,24066.575960,19223.535252,19099.235189,16397.697509
2017-07-31,24133.740137,24787.791709,27434.975736,28922.192186,25062.515661,29285.770104,24052.782696,24052.782696,19212.517678,19088.288855,16388.299506
2017-08-01,24188.050347,24843.573787,27496.714997,28987.278257,25118.915973,29351.674365,24106.910721,24106.910721,19255.753242,19131.244857,16425.179491
2017-08-02,24201.882519,24857.780827,27512.439262,29003.854915,25133.280471,29368.459407,24120.696493,24120.696493,19266.764832,19142.185246,16401.736090
2017-08-03,24159.294235,24814.038352,27464.025359,28952.816554,25089.053196,29316.779448,24078.251072,24078.251072,19232.860922,19108.500559,16401.736090
2017-08-04,24199.764756,24855.605669,27510.031811,29001.316959,25131.081206,29365.889547,24118.585833,24118.585833,19265.078912,19140.510226,16401.736090
2017-08-07,24239.158543,24896.067073,27554.814244,29048.526993,25171.991044,29413.693053,24157.847473,24157.847473,19296.439730,19171.668264,16401.736090
2017-08-08,24191.246723,24846.856788,27500.348603,28991.108837,25122.235361,29355.553099,24110.096375,24110.096375,19258.297830,19133.772992,16401.736090
2017-08-09,24177.399517,24832.634308,27484.607249,28974.514163,25107.855252,29338.749815,24096.295620,24096.295620,19247.274272,19122.820712,16401.736090
2017-08-10,23845.158659,24491.389348,27106.919422,28576.352341,24762.828262,28935.582741,23765.169275,23765.169275,18982.782183,18860.038838,16401.736090
2017-08-11,23877.107389,24524.203924,27143.238394,28614.640120,24796.006524,28974.351832,23797.010832,23797.010832,19008.216100,18885.308298,16405.331759
2017-08-14,24111.371140,24764.816487,27409.546902,28895.384886,25039.285804,29258.625812,24030.488737,24030.488737,19194.710047,19070.596369,16401.736090
2017-08-15,24113.503937,24767.007085,27411.971442,28897.940857,25041.500680,29261.213914,24032.614379,24032.614379,19196.407935,19072.283278,16405.331759
2017-08-16,24151.839782,24806.381875,27455.551217,28943.883039,25081.311862,29307.733631,24070.821625,24070.821625,19226.926541,19102.604550,16401.736090
2017-08-17,23775.945181,24420.300106,27028.238285,28493.405996,24690.951136,28851.593687,23696.187975,23696.187975,18927.682344,18805.295277,16405.331759
2017-08-18,23732.291437,24375.463297,26978.613180,28441.090775,24645.617399,28798.620816,23652.680670,23652.680670,18892.930238,18770.767879,16401.736090
2017-08-21,23761.040033,24404.991012,27011.294273,28475.543470,24675.472370,28833.506613,23681.332827,23681.332827,18915.816574,18793.506231,16405.331759
2017-08-22,24001.690899,24652.163788,27284.863585,28763.942640,24925.384571,29125.531219,23921.176422,23921.176422,19107.395210,18983.846113,16408.915476
2017-08-23,23919.701311,24567.952190,27191.658705,28665.685237,24840.239652,29026.038632,23839.461871,23839.461871,19042.124498,18918.997444,16408.915476
2017-08-24,23864.331280,24511.081568,27128.714650,28599.329062,24782.738732,28958.848300,23784.277580,23784.277580,18998.045226,18875.203189,16408.915476
2017-08-25,23916.510572,24564.674978,27188.031507,28661.861413,24836.926119,29022.166739,23836.281835,23836.281835,19039.584397,18916.473767,16405.331759
2017-08-28,23925.024846,24573.419999,27197.710443,28672.065032,24845.768062,29032.498627,23844.767548,23844.767548,19046.362487,18923.208029,16408.915476
2017-08-29,23943.126371,24592.012095,27218.288060,28693.758137,24864.566214,29054.464434,23862.808350,23862.808350,19060.772845,18937.525210,16408.915476
2017-08-30,24062.395741,24714.513799,27353.872195,28836.692122,24988.425610,29199.195227,23981.677627,23981.677627,19155.721447,19031.859871,16408.915476
2017-08-31,24204.020953,24859.977215,27514.870211,29006.417643,25135.501201,29371.054350,24122.827753,24122.827753,19268.467208,19143.876614,16412.497487
2017-09-01,24245.551296,24902.633076,27562.081456,29056.188152,25178.629819,29421.450519,24164.218781,24164.218781,19301.528907,19176.724534,16413.578236
2017-09-05,24066.655697,24718.889205,27358.714867,28841.797309,24992.849508,29204.364591,23985.923293,23985.923293,19159.112736,19035.229231,16373.623952
2017-09-06,24150.776202,24805.289471,27454.342151,28942.608431,25080.207351,29306.443000,24069.761614,24069.761614,19226.079840,19101.763324,16430.854900
2017-09-07,24145.448908,24799.817802,27448.286141,28936.224132,25074.675039,29299.978444,24064.452190,24064.452190,19221.838860,19097.549766,16427.230504
2017-09-08,24108.184160,24761.543136,27405.923976,28891.565566,25035.976174,29254.758480,24027.312447,24027.312447,19192.172938,19068.075665,16401.877626
2017-09-11,24371.198385,25031.685344,27704.915714,29206.765280,25309.112377,29573.920537,24289.444383,24289.444383,19401.554718,19276.103575,16580.817985
2017-09-12,24460.646185,25123.557279,27806.599008,29313.960701,25402.002533,29682.463501,24378.592127,24378.592127,19472.762803,19346.851226,16641.673330
2017-09-13,24475.555091,25138.870234,27823.547292,29331.827731,25417.485201,29700.555135,24393.451020,24393.451020,19484.631565,19358.643244,16651.816527
2017-09-14,24467.037058,25130.121353,27813.864084,29321.619608,25408.639356,29690.218687,24384.961562,24384.961562,19477.850484,19351.906010,16646.021328
2017-09-15,24501.109189,25165.116877,27852.596916,29362.452099,25444.022736,29731.564479,24418.919396,24418.919396,19504.974809,19378.854948,16669.202124
2017-09-18,24543.704990,25208.867072,27901.019363,29413.499468,25488.257816,29783.253559,24461.372308,24461.372308,19538.884703,19412.545580,16698.181956
2017-09-19,24573.519044,25239.489120,27934.911658,29449.229023,25519.219250,29819.432267,24491.086350,24491.086350,19562.619236,19436.126644,16718.465792
2017-09-20,24587.007338,25253.342963,27950.245006,29465.393573,25533.226635,29835.800020,24504.529398,24504.529398,19573.357070,19446.795047,16727.642483
2017-09-21,24517.438707,25181.888943,27871.160135,29382.021608,25460.980688,29751.379995,24435.194136,24435.194136,19517.974500,19391.770582,16680.311827
2017-09-22,24514.229177,25178.592431,27867.511576,29378.175265,25457.647641,29747.485299,24431.995373,24431.995373,19515.419440,19389.232043,16678.128240
2017-09-25,24477.836338,25141.213305,27826.140589,29334.561607,25419.854240,29703.323379,24395.724615,24395.724615,19486.447632,19360.447569,16653.368561
2017-09-26,24486.397590,25150.006577,27835.872928,29344.821525,25428.744969,29713.712273,24404.257148,24404.257148,19493.263120,19367.218988,16659.193165
2017-09-27,24581.657495,25247.848133,27944.163362,29458.982250,25527.670906,29829.308101,24499.197501,24499.197501,19569.098138,19442.563653,16724.002745
2017-09-28,24610.552661,25277.526391,27977.011076,29493.610599,25557.678089,29864.371759,24527.995737,24527.995737,19592.101158,19465.417935,16743.661421
2017-09-29,24698.314894,25367.667079,28076.778236,29598.786014,25648.817809,29970.869324,24615.463568,24615.463568,19661.967388,19534.832407,16803.370000
2017-10-02,24802.134172,25474.299977,28194.798873,29723.204406,25756.632523,30096.851766,24718.934581,24718.934581,19744.616397,19616.947005,16874.002905
2017-10-03,24852.441865,25525.971065,28251.988116,29783.493808,25808.876284,30157.899060,24769.073515,24769.073515,19784.665616,19656.737265,16908.229482
2017-10-04,24886.686875,25561.144153,28290.917474,29824.533478,25844.439196,30199.454636,24803.203649,24803.203649,19811.927568,19683.822939,16931.527896
2017-10-05,25034.392907,25712.853185,28458.828100,30001.546333,25997.829625,30378.692702,24950.414196,24950.414196,19929.514180,19800.649233,17032.018927
2017-10-06,25010.840067,25688.662037,28432.053485,29973.320300,25973.370365,30350.111842,24926.940365,24926.940365,19910.764109,19782.020400,17015.994875
2017-10-09,24966.968347,25643.601343,28382.180586,29920.743852,25927.810262,30296.874460,24883.215814,24883.215814,19875.838473,19747.320595,16986.146978
2017-10-10,25030.116039,25708.460409,28453.966202,29996.420878,25993.388164,30373.502815,24946.151675,24946.151675,19926.109428,19797.266496,17029.109182
2017-10-11,25070.778229,25750.224591,28500.190542,30045.150983,26035.615219,30422.845501,24986.677463,24986.677463,19958.480003,19829.427762,17056.773491
2017-10-12,25032.252594,25710.654867,28456.395015,29998.981354,25995.606943,30376.095478,24948.281063,24948.281063,19927.810308,19798.956378,17030.562776
2017-10-13,25060.080422,25739.236861,28488.029390,30032.330590,26024.505712,30409.863944,24976.015542,24976.015542,19949.963636,19820.966461,17049.495294
2017-10-16,25099.684670,25779.914429,28533.051073,30079.792843,26065.634111,30457.922840,25015.486936,25015.486936,19981.491999,19852.290961,17076.439838
2017-10-17,25115.739837,25796.404709,28551.302414,30099.033567,26082.307153,30477.405437,25031.488246,25031.488246,19994.273282,19864.989600,17087.362887
2017-10-18,25138.210306,25819.484153,28576.846601,30125.962473,26105.642387,30504.672864,25053.883337,25053.883337,20012.161694,19882.762345,17102.650554
2017-10-19,25151.057822,25832.679851,28591.451518,30141.359105,26118.984334,30520.263045,25066.687755,25066.687755,20022.389413,19892.923931,17111.391294
2017-10-20,25276.280231,25961.295929,28733.803004,30291.427291,26249.025868,30672.217723,25191.490102,25191.490102,20122.077143,19991.967076,17196.585709
2017-10-23,25184.237373,25866.758605,28629.169674,30181.121916,26153.440784,30560.525710,25099.756004,25099.756004,20048.803169,19919.166894,17133.964829
2017-10-24,25219.555358,25903.033747,28669.318779,30223.447454,26190.117965,30603.383319,25134.955513,25134.955513,20076.919300,19947.101226,17157.993236
2017-10-25,25098.607937,25778.808515,28531.827054,30078.502472,26064.515940,30456.616248,25014.413815,25014.413815,19980.634827,19851.439331,17075.707288
2017-10-26,25122.160777,25802.999663,28558.601668,30106.728505,26088.975199,30485.197108,25037.887646,25037.887646,19999.384898,19870.068164,17091.731340
2017-10-27,25336.218394,26022.858483,28801.940061,30363.257974,26311.270722,30744.951382,25251.227199,25251.227199,20169.793037,20039.374438,17237.364326
2017-10-30,25244.173656,25928.319229,28697.304595,30252.950347,26215.683686,30633.257090,25159.491229,25159.491229,20096.517567,19966.572770,17174.742167
2017-10-31,25273.072580,25958.001347,28730.156581,30287.583199,26245.694772,30668.325308,25188.293211,25188.293211,20119.523579,19989.430024,17194.403400
2017-11-01,25316.948059,26003.065900,28780.033753,30340.164151,26291.258778,30721.567250,25232.021508,25232.021508,20154.452206,20024.132801,17224.253854
2017-11-02,25327.655262,26014.063281,28792.205585,30352.995804,26302.378043,30734.560208,25242.692793,25242.692793,20162.976054,20032.601533,17231.538444
2017-11-03,25412.209844,26100.909387,28888.326322,30454.327129,26390.186667,30837.165358,25326.963733,25326.963733,20230.288720,20099.478953,17289.064713
2017-11-06,25450.739238,26140.482971,28932.126122,30500.501262,26430.198846,30883.919942,25365.363879,25365.363879,20260.961407,20129.953310,17315.277986
2017-11-07,25440.033914,26129.487520,28919.956426,30487.671861,26419.081533,30870.929264,25354.694467,25354.694467,20252.439055,20121.486064,17307.994675
2017-11-08,25477.497849,26167.966771,28962.545023,30532.569135,26457.987250,30916.390937,25392.032728,25392.032728,20282.263546,20151.117709,17333.483068
2017-11-09,25385.451232,26073.425587,28857.907421,30422.259256,26362.398263,30804.694364,25300.294885,25300.294885,20208.986580,20078.314554,17270.859631
2017-11-10,25370.465282,26058.033500,28840.871555,30404.299897,26346.835586,30786.509239,25285.359206,25285.359206,20197.056485,20066.461599,17260.664018
2017-11-13,25400.439061,26088.819603,28874.945424,30440.220868,26377.962892,30822.881769,25315.232436,25315.232436,20220.918172,20090.168996,17281.056523
2017-11-14,25338.366223,26025.064521,28804.381690,30365.831961,26313.501210,30747.557727,25253.367824,25253.367824,20171.502893,20041.073238,17238.825590
2017-11-15,25208.851913,25892.040227,28657.151218,30210.620305,26179.002603,30590.394921,25124.287974,25124.287974,20068.398444,19938.635466,17150.711203
2017-11-16,25423.980626,26112.999170,28901.707221,30468.433390,26402.410442,30851.448947,25338.695030,25338.695030,20239.659268,20108.788911,17297.072904
2017-11-17,25355.484970,26042.647205,28823.842097,30386.347293,26331.278763,30768.330954,25270.429145,25270.429145,20185.130877,20054.613103,17250.472240
2017-11-20,25388.662641,26076.724029,28861.558117,30426.107851,26365.733262,30808.591339,25303.495521,25303.495521,20211.543136,20080.854579,17273.044497
2017-11-21,25557.769925,26250.414310,29053.797455,30628.768249,26541.348559,31013.799360,25472.035529,25472.035529,20346.166973,20214.607933,17388.095757
2017-11-22,25539.576324,26231.727643,29033.115165,30606.964798,26522.454786,30991.721820,25453.902959,25453.902959,20331.683313,20200.217925,17375.717836
2017-11-24,25593.087910,26286.689452,29093.946559,30671.093787,26578.025740,31056.656968,25507.235038,25507.235038,20374.283104,20242.542265,17412.124164
2017-11-27,25585.601512,26279.000165,29085.436103,30662.121989,26570.251231,31047.572386,25499.773754,25499.773754,20368.323292,20236.620989,17407.030832
2017-11-28,25839.259619,26539.532692,29373.791905,30966.109207,26833.671250,31355.380996,25752.580956,25752.580956,20570.256802,20437.248790,17579.605805
2017-11-29,25829.632908,26529.645087,29362.848364,30954.572430,26823.674060,31343.699191,25742.986538,25742.986538,20562.593118,20429.634660,17573.056323
2017-11-30,26045.830838,26751.702224,29608.619841,31213.666878,27048.192264,31606.050689,25958.459225,25958.459225,20734.705130,20600.633789,17720.145459
2017-12-01,25997.669096,26702.235245,29553.870092,31155.949211,26998.177040,31547.607460,25910.459043,25910.459043,20696.364271,20562.540843,17687.378868
2017-12-04,25969.833751,26673.645530,29522.227171,31122.590967,26969.270465,31513.829873,25882.717072,25882.717072,20674.204959,20540.524815,17668.441236
2017-12-05,25877.794650,26579.112067,29417.598114,31012.290096,26873.689284,31402.142421,25790.986720,25790.986720,20600.933977,20467.727605,17605.822913
2017-12-06,25876.719796,26578.008082,29416.376231,31011.001977,26872.573064,31400.838108,25789.915472,25789.915472,20600.078301,20466.877462,17605.091642
2017-12-07,25962.347353,26665.956242,29513.716715,31113.619169,26961.495957,31504.745291,25875.255788,25875.255788,20668.245147,20534.603539,17663.347904
2017-12-08,26103.624929,26811.062600,29674.319541,31282.928078,27108.210533,31676.182565,26016.059444,26016.059444,20780.714160,20646.345324,17759.465368
2017-12-11,26188.181390,26897.910636,29770.442414,31384.261654,27196.021109,31778.789996,26100.332257,26100.332257,20848.028322,20713.224230,17816.992916
2017-12-12,26233.133602,26944.081104,29821.543605,31438.132978,27242.703286,31833.338530,26145.133675,26145.133675,20883.814121,20748.778637,17847.575920
2017-12-13,26226.708904,26937.482290,29814.240078,31430.433536,27236.031337,31825.542299,26138.730530,26138.730530,20878.699514,20743.697100,17843.204910
2017-12-14,26122.883989,26830.843602,29696.213033,31306.008389,27128.210769,31699.553016,26035.253898,26035.253898,20796.046016,20661.578043,17772.568169
2017-12-15,26342.302724,27056.208832,29945.645886,31568.962692,27356.073730,31965.812891,26253.936586,26253.936586,20970.722063,20835.124628,17921.848564
2017-12-18,26506.056406,27224.400424,30131.799308,31765.207263,27526.129395,32164.524432,26417.140951,26417.140951,21101.083976,20964.643616,18033.257529
2017-12-19,26409.732921,27125.466464,30022.299808,31649.771929,27426.098946,32047.637973,26321.140586,26321.140586,21024.402258,20888.457725,17967.724348
2017-12-20,26389.397128,27104.579548,29999.182298,31625.401247,27404.980540,32022.960929,26300.873010,26300.873010,21008.213230,20872.373376,17953.888997
2017-12-21,26442.910593,27159.543288,30060.015828,31689.532488,27460.553445,32087.898358,26354.206962,26354.206962,21050.814517,20914.699201,17990.296604
2017-12-22,26437.560750,27154.048458,30053.934184,31683.121166,27454.997716,32081.406439,26348.875065,26348.875065,21046.555585,20910.467808,17986.656866
2017-12-26,26406.801500,27122.455599,30018.967400,31646.258876,27423.054711,32044.080757,26318.218999,26318.218999,21022.068596,20886.139153,17965.729971
2017-12-27,26421.855098,27137.917166,30036.080169,31664.299306,27438.687640,32062.347972,26333.222099,26333.222099,21034.052546,20898.045614,17975.971608
2017-12-28,26471.330343,27188.733246,30092.323093,31723.591091,27490.066915,32122.385108,26382.531377,26382.531377,21073.439064,20937.177458,18009.631833
2017-12-29,26379.918867,27094.844416,29988.407513,31614.042374,27395.137513,32011.459265,26291.426545,26291.426545,21000.667725,20864.876661,17947.440511
2018-01-02,26573.497878,27293.669637,30208.466047,31846.030012,27596.166320,32246.363196,26484.356188,26484.356188,21154.773146,21017.985630,18079.140984
2018-01-03,26731.593543,27456.049872,30388.187494,32035.493939,27760.346221,32438.208855,26641.921516,26641.921516,21280.630793,21143.029477,18150.363491
2018-01-04,26848.810918,27576.443970,30521.438944,32175.968786,27882.074651,32580.449597,26758.745681,26758.745681,21373.945831,21235.741137,18152.341892
2018-01-05,27020.890963,27753.187579,30717.057685,32382.191780,28060.777115,32789.264999,26930.248478,26930.248478,21510.936240,21371.845761,18152.341892
2018-01-08,27076.811576,27810.623702,30780.627634,32449.207779,28118.849806,32857.123448,26985.981503,26985.981503,21555.453821,21416.075490,18154.320293
2018-01-09,27133.812680,27869.169601,30845.425875,32517.518653,28178.044570,32926.293052,27042.791395,27042.791395,21600.831567,21461.159822,18154.320293
2018-01-10,27087.565756,27821.669334,30792.852871,32462.095731,28130.017856,32870.173413,26996.699608,26996.699608,21564.015067,21424.581379,18154.320293
2018-01-11,27287.601410,28027.126179,31020.251247,32701.821094,28337.751787,33112.912340,27196.064236,27196.064236,21723.260527,21582.797151,18152.341892
2018-01-12,27468.278411,28212.699730,31225.642915,32918.346792,28525.382056,33332.159961,27376.135150,27376.135150,21867.094846,21725.701433,18158.294037
2018-01-16,27368.262463,28109.973238,31111.945863,32798.486363,28421.517042,33210.792778,27276.454709,27276.454709,21787.473612,21646.595033,18154.320293
2018-01-17,27632.828839,28381.709660,31412.702068,33115.546193,28696.265129,33531.838335,27540.133587,27540.133587,21998.091035,21855.850596,18158.294037
2018-01-18,27595.180750,28343.041266,31369.904126,33070.428228,28657.168172,33486.153196,27502.611791,27502.611791,21968.119942,21826.073297,18158.294037
2018-01-19,27712.403763,28463.441155,31503.161984,33210.909831,28778.902456,33628.400779,27619.441575,27619.441575,22061.439469,21918.789417,18160.276203
2018-01-22,27935.033907,28692.104827,31756.245533,33477.712729,29010.100416,33898.557629,27841.324899,27841.324899,22238.672072,22094.876027,18162.260251
2018-01-23,27998.480379,28757.270769,31828.370798,33553.747817,29075.988595,33975.548546,27904.558537,27904.558537,22289.180880,22145.058244,18162.260251
2018-01-24,27984.495998,28742.907396,31812.473505,33536.988750,29061.466032,33958.578803,27890.621067,27890.621067,22278.048119,22133.997467,18164.257476
2018-01-25,27997.401766,28756.162925,31827.144643,33552.455193,29074.868472,33974.239673,27903.483543,27903.483543,22288.322213,22144.205128,18164.257476
2018-01-26,28323.268663,29090.861182,32197.586620,33942.978376,29413.276202,34369.672083,28228.257308,28228.257308,22547.740085,22401.945595,18168.227455
2018-01-29,28127.532426,28889.820273,31975.075776,33708.405491,29210.007149,34132.150407,28033.177675,28033.177675,22391.917329,22247.130395,18164.257476
2018-01-30,27827.484583,28581.640795,31633.984621,33348.824202,28898.412107,33768.048858,27734.136353,27734.136353,22153.053628,22009.811195,18166.243407
2018-01-31,27853.292362,28608.147994,31663.322625,33379.752585,28925.213086,33799.366038,27759.857559,27759.857559,22173.598823,22030.223544,18168.227455
2018-02-01,27825.332995,28579.430897,31631.538719,33346.245711,28896.177717,33765.437953,27731.991983,27731.991983,22151.340780,22008.109423,18167.434966
2018-02-02,27229.525452,27967.476297,30892.384523,32567.022871,28220.942434,32976.419583,27138.183095,27138.183095,21677.027105,21536.862677,18169.415249
2018-02-05,26111.049316,26818.688197,30889.017564,32563.473394,28217.866635,32972.825485,26023.458926,26023.458926,20786.624607,20652.217552,18167.434966
2018-02-06,26593.931385,27314.656915,30892.384523,32567.022871,28220.942434,32976.419583,26504.721151,26504.721151,21171.039962,21034.147265,18169.415249
2018-02-07,26448.739611,27165.530279,30895.754683,32570.575723,28224.021156,32980.017097,26360.016427,26360.016427,21055.454913,20919.309592,18171.397415
2018-02-08,25465.774045,26155.925238,30892.384523,32567.022871,28220.942434,32976.419583,25380.348251,25380.348251,20272.930397,20141.844908,18169.415249
2018-02-09,25858.311976,26559.101390,30899.150447,32574.155567,28227.123269,32983.641943,25771.569401,25771.569401,20585.424105,20452.318021,18173.394640
2018-02-12,26213.220610,26923.628448,30899.150447,32574.155567,28227.123269,32983.641943,26125.287482,26125.287482,20867.961680,20733.028697,18173.394640
2018-02-13,26301.407523,27014.205325,30899.150447,32574.155567,28227.123269,32983.641943,26213.178569,26213.178569,20938.165992,20802.779066,18173.394640
2018-02-14,26645.556339,27367.680962,30899.150447,32574.155567,28227.123269,32983.641943,26556.172926,26556.172926,21212.137832,21074.979395,18173.394640
2018-02-15,26990.774372,27722.254793,30902.514205,32577.701671,28230.196144,32987.232625,26900.232914,26900.232914,21486.960861,21348.025408,18175.373041
2018-02-16,26987.549809,27718.942841,30905.887565,32581.257897,28233.277790,32990.833555,26897.019168,26897.019168,21484.393834,21345.474979,18177.357089
2018-02-20,26824.077994,27551.040755,30905.887565,32581.257897,28233.277790,32990.833555,26734.095724,26734.095724,21354.256312,21216.178931,18177.357089
2018-02-21,26683.191273,27406.335846,30902.514205,32577.701671,28230.196144,32987.232625,26593.681613,26593.681613,21242.098454,21104.746290,18175.373041
2018-02-22,26715.461332,27439.480460,30905.887565,32581.257897,28233.277790,32990.833555,26625.843421,26625.843421,21267.788176,21130.269901,18177.357089
2018-02-23,27154.246187,27890.156879,30912.663091,32588.400715,28239.467397,32998.066165,27063.156357,27063.156357,21617.098383,21477.321456,18181.342127
2018-02-26,27467.201677,28211.593816,30905.887565,32581.257897,28233.277790,32990.833555,27375.062028,27375.062028,21866.237674,21724.849803,18177.357089
2018-02-27,27116.605615,27851.496205,30912.663091,32588.400715,28239.467397,32998.066165,27025.642052,27025.642052,21587.133274,21447.550102,18181.342127
2018-02-28,26815.473521,27542.203092,30916.046052,32591.967063,28242.557815,33001.677345,26725.520116,26725.520116,21347.406417,21209.373328,18183.331823
2018-03-01,26461.645379,27178.785808,30919.073755,32595.158894,28245.323695,33004.909300,26372.878902,26372.878902,21065.729006,20929.517253,18185.112572
2018-03-02,26602.535858,27323.494578,30860.679990,32533.599675,28191.979574,32942.576226,26513.296759,26513.296759,21177.889856,21040.952867,18150.768167
2018-03-05,26907.961731,27637.197836,31214.993962,32907.120573,28515.653980,33320.792618,26817.698071,26817.698071,21421.034928,21282.525755,18359.158610
2018-03-06,26975.715136,27706.787436,31293.592340,32989.979673,28587.455504,33404.693331,26885.224195,26885.224195,21474.972424,21336.114488,18405.386396
2018-03-07,26963.886101,27694.637820,31279.869886,32975.513342,28574.919710,33390.045145,26873.434841,26873.434841,21465.555502,21326.758457,18397.315509
2018-03-08,27089.721102,27823.883092,31425.846710,33129.403391,28708.273079,33545.869730,26998.847724,26998.847724,21565.730907,21426.286124,18483.172058
2018-03-09,27558.616911,28305.486506,31969.796490,33702.840022,29205.184394,34126.514974,27466.170607,27466.170607,21939.012005,21797.153573,18803.097165
2018-03-12,27531.730520,28277.871463,31938.606519,33669.959281,29176.691599,34093.220893,27439.374407,27439.374407,21917.608142,21775.888108,18784.752724
2018-03-13,27349.980544,28091.195858,31727.764670,33447.687953,28984.082457,33868.155415,27258.234117,27258.234117,21772.919643,21632.135170,18660.745686
2018-03-14,27205.869261,27943.178996,31560.586164,33271.446905,28831.360837,33689.698859,27114.606260,27114.606260,21658.194758,21518.152100,18562.419327
2018-03-15,27180.057724,27916.667938,31530.643094,33239.880659,28804.007117,33657.735796,27088.881308,27088.881308,21637.646570,21497.736778,18544.808253
2018-03-16,27208.015211,27945.383104,31563.075607,33274.071298,28833.635004,33692.356242,27116.745012,27116.745012,21659.903117,21519.849413,18563.883497
2018-03-19,26844.520896,27572.037684,31141.398448,32829.535537,28448.422693,33242.232268,26754.470051,26754.470051,21370.530608,21232.347997,18315.873267
2018-03-20,26891.831399,27620.630355,31196.281723,32887.393967,28498.559896,33300.818030,26801.621849,26801.621849,21408.193807,21269.767665,18348.152971
2018-03-21,26829.456023,27556.564536,31123.922211,32811.111934,28432.457727,33223.577064,26739.455713,26739.455713,21358.537683,21220.432618,18305.594585
2018-03-22,26162.674269,26871.712244,30350.411805,31995.670475,27725.837212,32397.884774,26074.910701,26074.910701,20827.722477,20693.049683,17850.652954
2018-03-23,25605.584031,26299.524233,29704.150724,31314.376373,27135.462043,31708.026193,25519.689241,25519.689241,20384.231083,20252.425920,17470.553260
2018-03-26,26310.425400,27023.467598,30521.812771,32176.362879,27882.416152,32580.848643,26222.166196,26222.166196,20945.344992,20809.911646,17951.462762
2018-03-27,25854.504887,26555.191124,29992.915183,31618.794399,27399.255379,32016.271028,25767.775083,25767.775083,20582.393337,20449.306850,17640.390630
2018-03-28,25782.119461,26480.843971,29908.943358,31530.270565,27322.545080,31926.634369,25695.632476,25695.632476,20524.768357,20392.054475,17591.002440
2018-03-29,26153.771018,26862.567705,30340.083451,31984.782234,27716.402011,32386.859658,26066.037316,26066.037316,20820.634729,20686.007764,17844.578313
2018-04-02,25548.752048,26241.152038,29638.221909,31244.873638,27075.234471,31637.649746,25463.047902,25463.047902,20338.987972,20207.475352,17431.777101
2018-04-03,25872.873246,26574.057286,30014.223679,31641.258003,27418.721207,32039.017019,25786.081825,25786.081825,20597.016119,20463.835080,17617.652696
2018-04-04,26171.058885,26880.324092,30360.138506,32005.924450,27734.722790,32408.267650,26083.267190,26083.267190,20834.397347,20699.681392,17621.505732
2018-04-05,26360.124259,27074.513352,30579.466696,32237.142152,27935.084410,32642.391966,26271.698339,26271.698339,20984.909527,20849.220356,17623.431339
2018-04-06,25779.958477,26478.624423,29906.436476,31527.627788,27320.254983,31923.958370,25693.478742,25693.478742,20523.048030,20390.345272,17623.431339
2018-04-09,25884.751138,26586.257083,30028.002810,31655.784084,27431.308777,32053.725706,25797.919872,25797.919872,20606.471935,20473.229755,17625.353303
2018-04-10,26311.500255,27024.571582,30523.059673,32177.677373,27883.555226,32582.179662,26223.237444,26223.237444,20946.200668,20810.761789,17623.431339
2018-04-11,26172.137497,26881.431937,30361.389767,32007.243540,27735.865847,32409.603323,26084.342184,26084.342184,20835.256014,20700.534508,17627.284375
2018-04-12,26391.452881,27106.691014,30615.809944,32275.455523,27968.284849,32681.186971,26302.921867,26302.921867,21009.849785,20873.999349,17627.284375
2018-04-13,26317.988842,27031.236017,30530.586858,32185.612598,27890.431493,32590.214640,26229.704266,26229.704266,20951.366137,20815.893859,17627.284375
2018-04-16,26531.903646,27250.948154,30778.742010,32447.219937,28117.127242,32855.110617,26442.901486,26442.901486,21121.660586,20985.087177,17631.142877
2018-04-17,26817.115869,27543.889949,31109.606826,32796.020529,28419.380275,33208.295946,26727.156954,26727.156954,21348.713866,21210.672323,17631.142877
2018-04-18,26832.248390,27559.432579,31127.161539,32814.526862,28435.416931,33227.034920,26742.238713,26742.238713,21360.760645,21222.641207,17629.211804
2018-04-19,26685.312795,27408.514864,30956.706647,32634.831819,28279.702254,33045.080950,26595.796019,26595.796019,21243.787366,21106.424282,17633.070305
2018-04-20,26469.235129,27186.581249,30706.042434,32370.579406,28050.714416,32777.506646,26380.443192,26380.443192,21071.771095,20935.520273,17633.070305
2018-04-23,26457.353478,27174.377592,30692.258943,32356.048729,28038.122863,32762.793306,26368.601399,26368.601399,21062.312287,20926.122626,17633.070305
2018-04-24,26096.506838,26803.751601,30273.653260,31914.750944,27655.716420,32315.948012,26008.965230,26008.965230,20775.047552,20640.715356,17634.995912
2018-04-25,26163.491685,26872.551813,30351.360060,31996.670134,27726.703466,32398.897000,26075.725374,26075.725374,20828.373209,20693.696207,17636.917876
2018-04-26,26432.502169,27148.852785,30663.429801,32325.656794,28011.786743,32732.019317,26343.833454,26343.833454,21042.528523,20906.466785,17638.841661
2018-04-27,26460.598712,27177.710775,30696.023626,32360.017490,28041.561992,32766.811958,26371.835746,26371.835746,21064.895770,20928.689404,17640.781843
2018-04-30,26244.517287,26955.773300,30445.355053,32095.760481,27812.570172,32499.233001,26156.479173,26156.479173,20892.876506,20757.782424,17638.841661
2018-05-01,26300.700975,27013.479629,30510.531803,32164.470383,27872.110713,32568.806648,26212.474392,26212.474392,20937.603519,20802.220230,17640.195234
2018-05-02,26121.358146,26829.276408,30302.482402,31945.142879,27682.052541,32346.722000,26033.733174,26033.733174,20794.831316,20660.371197,17606.877311
2018-05-03,26059.775758,26766.025067,30231.042807,31869.830630,27616.790738,32270.463009,25972.357366,25972.357366,20745.806476,20611.663354,17565.368231
2018-05-04,26405.499273,27121.118079,30632.104676,32292.633573,27983.170482,32698.580964,26316.921140,26316.921140,21021.031912,20885.109172,17798.400200
2018-05-07,26487.607245,27205.451271,30727.355290,32393.047606,28070.184227,32800.257292,26398.753679,26398.753679,21086.396869,20950.051476,17853.744374
2018-05-08,26486.526754,27204.341496,30726.101849,32391.726217,28069.039179,32798.919292,26397.676811,26397.676811,21085.536705,20949.196875,17853.016078
2018-05-09,26743.653709,27468.436882,31024.385920,32706.179902,28341.528911,33117.325942,26653.941226,26653.941226,21290.231715,21152.568319,18026.330295
2018-05-10,26994.307110,27725.883272,31315.160244,33012.716747,28607.158308,33427.716230,26903.753801,26903.753801,21489.773222,21350.819584,18195.281069
2018-05-11,27060.209586,27793.571780,31391.611423,33093.312250,28676.998314,33509.324892,26969.435205,26969.435205,21542.237220,21402.944348,18239.702068
2018-05-14,27090.450199,27824.631948,31426.692511,33130.295041,28709.045738,33546.772589,26999.574376,26999.574376,21566.311330,21426.862794,18260.085494
2018-05-15,26904.633816,27633.779732,31211.133364,32903.050696,28512.127230,33316.671579,26814.381320,26814.381320,21418.385624,21279.893581,18134.837555
2018-05-16,27019.152781,27751.402290,31343.982846,33043.101787,28633.488454,33458.483238,26928.516127,26928.516127,21509.552498,21370.470967,18212.028081
2018-05-17,26996.462456,27728.097031,31317.660586,33015.352629,28609.442431,33430.385248,26905.901917,26905.901917,21491.489062,21352.524329,18196.733862
2018-05-18,26929.475729,27659.294889,31239.951606,32933.431141,28538.453393,33347.433933,26839.139900,26839.139900,21438.161908,21299.541991,18151.582034
2018-05-21,27127.192554,27862.370062,31469.316043,33175.229143,28747.983368,33592.271553,27036.193477,27036.193477,21595.561382,21455.923714,18284.851363
2018-05-22,27049.400911,27782.470178,31379.072654,33080.093770,28665.543844,33495.940243,26958.662788,26958.662788,21533.632592,21394.395358,18232.416573
2018-05-23,27133.667988,27869.020987,31476.827969,33183.148281,28754.845695,33600.290242,27042.647188,27042.647188,21600.716380,21461.045379,18289.216073
2018-05-24,27081.811903,27815.759545,31416.671523,33119.730827,28699.891322,33536.075574,26990.965057,26990.965057,21559.434509,21420.030439,18254.262925
2018-05-25,27013.746564,27745.849558,31337.711282,33036.490248,28627.759227,33451.788586,26923.128046,26923.128046,21505.248688,21366.194985,18208.384067
2018-05-29,26701.520171,27425.161477,30975.508262,32654.652646,28296.877985,33065.150942,26611.949026,26611.949026,21256.689821,21119.243308,17997.930545
2018-05-30,27053.720998,27786.907345,31384.084237,33085.377025,28670.122047,33501.289914,26962.968384,26962.968384,21537.071751,21397.812279,18235.328491
2018-05-31,26878.700137,27607.143220,31181.048601,32871.335075,28484.644069,33284.557264,26788.534636,26788.534636,21397.740201,21259.381652,18117.357181
2018-06-01,27161.762651,27897.877047,31509.419614,33217.506679,28784.618953,33635.080556,27070.647607,27070.647607,21623.082130,21483.266512,18308.153040
2018-06-04,27281.682195,28021.046546,31648.534122,33364.162414,28853.937803,33783.579885,27190.164877,27190.164877,21718.548326,21578.115420,18388.983779
2018-06-05,27319.491887,28059.880924,31692.395836,33410.401818,28853.937803,33830.400560,27227.847735,27227.847735,21748.648069,21608.020537,18414.469078
2018-06-06,27537.730537,28284.034088,31945.566931,33677.297009,28850.778249,34100.650862,27445.354297,27445.354297,21922.384668,21780.633749,18561.570968
2018-06-07,27524.766516,28270.718727,31930.527819,33661.442645,28853.937803,34084.597195,27432.433764,27432.433764,21912.064200,21770.380014,18552.832680
2018-06-08,27611.202093,28359.496805,32030.798737,33767.149126,28860.253936,34191.632501,27518.579389,27518.579389,21980.874299,21838.745184,18611.093839
2018-06-11,27646.850802,28396.111635,32072.153569,33810.745753,28863.392664,34235.777177,27554.108514,27554.108514,22009.253715,21866.941098,18635.122546
2018-06-12,27693.300670,28443.820346,32126.038451,33867.551668,28863.392664,34293.297194,27600.402564,27600.402564,22046.231776,21903.680057,18666.431680
2018-06-13,27583.101792,28330.634955,31998.200552,33732.783834,28860.253936,34156.835207,27490.573352,27490.573352,21958.504061,21816.519593,18592.153073
2018-06-14,27663.056298,28412.756318,32090.953003,33830.564282,28869.714748,34255.844843,27570.259648,27570.259648,22022.154674,21879.758638,18646.045721
2018-06-15,27639.291118,28388.347075,32063.383842,33801.500630,28869.714748,34226.415835,27546.574189,27546.574189,22003.235562,21860.961858,18630.027006
2018-06-18,27573.383005,28320.652777,31986.926123,33720.898232,28866.546268,34144.800192,27480.887167,27480.887167,21950.767076,21808.832635,18585.602207
2018-06-19,27468.590344,28213.020117,31865.359789,33592.741935,28872.859426,34015.032856,27376.446037,27376.446037,21867.343171,21725.948152,18514.967614
2018-06-20,27518.287324,28264.063942,31923.011533,33653.518910,28869.714748,34076.573852,27425.976307,27425.976307,21906.906210,21765.255376,18548.465437
2018-06-21,27346.504179,28087.625280,31723.731860,33443.436530,28872.859426,33863.850547,27254.769414,27254.769414,21770.152160,21629.385582,18432.676482
2018-06-22,27395.124426,28137.563190,31780.134523,33502.896712,28876.013030,33924.058198,27303.226562,27303.226562,21808.858028,21667.841176,18465.448542
2018-06-25,27015.907548,27748.069107,31340.218164,33039.133025,28882.326188,33454.464585,26925.281780,26925.281780,21506.969015,21367.904189,18209.840659
2018-06-26,27075.330832,27809.102829,31409.153057,33111.804795,28879.178535,33528.049904,26984.505727,26984.505727,21554.275023,21414.904314,18249.894414
2018-06-27,26850.607353,27578.289090,31148.459136,32836.978975,28885.476817,33249.769277,26760.536090,26760.536090,21375.375947,21237.162006,18098.421481
2018-06-28,27014.188157,27746.303118,31338.223558,33037.030294,28885.476817,33452.335421,26923.568156,26923.568156,21505.600233,21366.544257,18208.681718
2018-06-29,27082.569187,27816.537352,31417.550021,33120.656948,28891.787000,33537.013337,26991.719800,26991.719800,21560.037372,21420.629403,18254.773365
2018-07-02,27114.042500,27848.863627,31454.061121,33159.147271,28887.693265,33575.987517,27023.087535,27023.087535,21585.092816,21445.522838,18275.987682
2018-07-03,27004.414874,27736.264969,31326.885912,33025.078048,28836.270217,33440.232924,26913.827659,26913.827659,21497.819866,21358.814198,18165.726310
2018-07-05,27235.615667,27973.731563,31595.093939,33307.825304,29083.154608,33726.534567,27144.252880,27144.252880,21681.875436,21541.679659,18165.726310
2018-07-06,27462.470063,28206.733970,31858.259863,33585.257132,29325.397764,34007.453961,27370.346287,27370.346287,21862.470905,21721.107391,18169.702889
2018-07-09,27705.601363,28456.454402,32140.308059,33882.594814,29585.021973,34308.529446,27612.661994,27612.661994,22056.024178,21913.409141,18169.702889
2018-07-10,27802.212352,28555.683658,32252.383120,34000.745327,29688.186607,34428.165217,27708.948899,27708.948899,22132.934774,21989.822431,18171.679956
2018-07-11,27612.261914,28360.585349,32032.028199,33768.445236,29485.350805,34192.944904,27519.635656,27519.635656,21981.718007,21839.583437,18171.679956
2018-07-12,27848.880198,28603.616255,32306.520870,34057.817818,29738.020185,34485.955160,27755.460195,27755.460195,22170.086363,22026.733796,18171.679956
2018-07-13,27872.758124,28628.141300,32334.220825,34087.019354,29763.517880,34515.523786,27779.258022,27779.258022,22189.095232,22045.619753,18173.668246
2018-07-16,27855.400730,28610.313501,32314.085113,34065.792110,29744.983040,34494.029696,27761.958854,27761.958854,22175.277264,22031.891132,18175.660276
2018-07-17,27974.797880,28732.946448,32452.593610,34211.808983,29872.479544,34641.882132,27880.955482,27880.955482,22270.327589,22126.326859,18175.660276
2018-07-18,28025.810241,28785.341302,32511.771282,34274.194604,29926.952349,34705.051997,27931.796721,27931.796721,22310.937784,22166.674467,18177.641084
2018-07-19,27919.431607,28676.079687,32388.365115,34144.098740,29813.357477,34573.320710,27825.774937,27825.774937,22226.251309,22082.535577,18179.631244
2018-07-20,27893.385180,28649.327373,32358.149558,34112.245235,29785.544181,34541.066778,27799.815884,27799.815884,22205.516130,22061.934472,18181.613922
2018-07-23,27946.575437,28703.959145,32419.853732,34177.294316,29842.342620,34606.933585,27852.827713,27852.827713,22247.860115,22104.004660,18179.631244
2018-07-24,28077.910611,28838.853650,32572.211115,34337.910807,29982.586968,34769.569169,27983.722318,27983.722318,22352.414127,22207.882622,18183.604082
2018-07-25,28335.150313,29103.064839,32870.625980,34652.502376,30257.276629,35088.115437,28240.099101,28240.099101,22557.198893,22411.343242,18181.613922
2018-07-26,28251.574751,29017.224285,32773.672866,34550.293553,30168.031685,34984.621757,28156.803896,28156.803896,22490.665610,22345.240166,18183.604082
2018-07-27,28068.135450,28828.813571,32560.871290,34325.956263,29972.148705,34757.464346,27973.979948,27973.979948,22344.632264,22200.151077,18187.576921
2018-07-30,27906.407454,28662.702565,32373.256246,34128.170838,29799.449826,34557.192581,27812.794474,27812.794474,22215.882971,22072.234282,18185.592372
2018-07-31,28047.515910,28807.635219,32536.951276,34300.739575,29950.130430,34731.930662,27953.429577,27953.429577,22328.217350,22183.842302,18189.565210
2018-08-01,28012.782330,28771.960320,32496.658054,34258.262107,29913.040684,34688.919213,27918.812512,27918.812512,22300.566455,22156.370199,18190.560290
2018-08-02,28154.975036,28918.006608,32661.610885,34432.156828,30064.879090,34864.999948,28060.528228,28060.528228,22413.763989,22268.835794,18156.197974
2018-08-03,28292.823226,29059.590640,32821.523793,34600.738419,30212.078267,35035.700760,28197.914001,28197.914001,22523.502917,22377.865146,18245.091642
2018-08-06,28399.196223,29168.846465,32944.923420,34730.827390,30325.667119,35167.425066,28303.930167,28303.930167,22608.184905,22461.999577,18313.688016
2018-08-07,28478.432906,29250.230552,33036.843151,34827.729976,30410.278854,35265.545805,28382.901048,28382.901048,22671.264070,22524.670870,18364.785093
2018-08-08,28463.238374,29234.624231,33019.216501,34809.147807,30394.053595,35246.730042,28367.757486,28367.757486,22659.167926,22512.652940,18354.986649
2018-08-09,28427.414907,29197.829908,32977.658938,34765.337460,30355.800029,35202.368959,28332.054191,28332.054191,22630.649387,22484.318804,18331.885298
2018-08-10,28234.207961,28999.386835,32753.526255,34529.054819,30149.486812,34963.116033,28139.495364,28139.495364,22476.840162,22331.504114,18207.292627
2018-08-13,28127.840601,28890.136800,32630.133167,34398.972742,30035.903980,34831.398708,28033.484817,28033.484817,22392.162662,22247.374142,18138.699888
2018-08-14,28309.103886,29076.312525,32840.410423,34620.648871,30229.463333,35055.861504,28214.140048,28214.140048,22536.463713,22390.742137,18255.590494
2018-08-15,28100.700529,28862.261201,32598.648910,34365.781762,30006.922850,34797.790487,28006.435787,28006.435787,22370.556848,22225.908032,18121.198167
2018-08-16,28328.641055,29096.379173,32863.074816,34644.541872,30250.325813,35080.054862,28233.611679,28233.611679,22552.016968,22406.194824,18268.189358
2018-08-17,28423.072270,29193.369580,32972.621196,34760.026628,30351.162807,35196.991365,28327.726121,28327.726121,22627.192278,22480.884047,18329.084878
2018-08-20,28486.028293,29258.031782,33045.654296,34837.018763,30418.389477,35274.951360,28390.470955,28390.470955,22677.310647,22530.678349,18369.683102
2018-08-21,28547.900065,29321.580349,33117.429595,34912.684913,30484.458346,35351.568702,28452.135177,28452.135177,22726.565860,22579.615077,18409.582131
2018-08-22,28539.216670,29312.661624,33107.356290,34902.065546,30475.185910,35340.815840,28443.480911,28443.480911,22719.653136,22572.747051,18403.982501
2018-08-23,28497.964437,29270.291409,33059.501004,34851.616084,30431.135315,35289.732182,28402.367060,28402.367060,22686.812837,22540.119098,18377.380321
2018-08-24,28677.068618,29454.249516,33267.273557,35070.651733,30622.389100,35511.521306,28580.870430,28580.870430,22829.395057,22681.779376,18492.878593
2018-08-27,28893.063604,29676.098209,33517.841855,35334.803032,30853.036192,35778.993224,28796.140853,28796.140853,23001.345507,22852.617989,18632.166507
2018-08-28,28909.344265,29692.820094,33536.728486,35354.713483,30870.421258,35799.153968,28812.366900,28812.366900,23014.306303,22865.494980,18642.665358
2018-08-29,29067.823269,29855.594058,33720.574486,35548.525551,31039.650749,35995.402427,28970.314281,28970.314281,23140.469121,22990.842024,18744.863146
2018-08-30,28949.506610,29734.070885,33583.319431,35403.830067,30913.308033,35848.887991,28852.394520,28852.394520,23046.278959,22897.260900,18668.564706
2018-08-31,28950.592739,29735.186449,33584.579412,35405.158350,30914.467840,35850.232971,28853.477005,28853.477005,23047.143611,22898.119960,18669.265114
2018-09-04,28910.436031,29693.941448,33537.995006,35356.048660,30871.587085,35800.505929,28813.455004,28813.455004,23015.175442,22866.358499,18643.369402
2018-09-05,28829.027090,29610.326233,33443.555314,35256.489508,30784.655735,35699.695229,28732.319152,28732.319152,22950.366974,22801.969085,18590.871509
2018-09-06,28744.365399,29523.370115,33345.342220,35152.952403,30694.250984,35594.856569,28647.941461,28647.941461,22882.969040,22735.006948,18536.276027
2018-09-07,28674.892602,29452.014527,33264.749236,35067.990572,30620.065473,35508.826692,28578.701713,28578.701713,22827.662762,22680.058283,18491.475354
2018-09-10,28729.153955,29507.746424,33327.695951,35134.349551,30678.007666,35576.019863,28632.781044,28632.781044,22870.859432,22722.975641,18526.466678
2018-09-11,28837.714243,29619.248818,33453.632980,35267.113471,30793.932185,35710.452745,28740.977163,28740.977163,22957.282690,22808.840083,18596.473562
2018-09-12,28840.966993,29622.589721,33457.406382,35271.091425,30797.405586,35714.480706,28744.219002,28744.219002,22959.872156,22811.412806,18598.571151
2018-09-13,29004.867246,29790.931856,33647.541386,35471.533416,30972.424080,35917.442432,28907.569446,28907.569446,23090.350752,22941.047723,18704.264921
2018-09-14,29020.063657,29806.540107,33665.170216,35490.117882,30988.651345,35936.260522,28922.714880,28922.714880,23102.448392,22953.067139,18714.064576
2018-09-17,28856.161524,29638.196041,33475.033032,35289.673594,30813.630845,35733.296469,28759.362563,28759.362563,22971.968301,22823.430737,18608.369595
2018-09-18,29013.546883,29799.846721,33657.610332,35482.148187,30981.692503,35928.190640,28916.219967,28916.219967,23097.260484,22947.912776,18709.862127
2018-09-19,29046.110084,29833.292421,33695.385773,35521.971388,31016.464641,35968.514454,28948.673933,28948.673933,23123.183572,22973.668244,18730.861042
2018-09-20,29279.485013,30072.992074,33966.115941,35807.377507,31265.670653,36257.508385,29181.265998,29181.265998,23308.969941,23158.253312,18881.356697
2018-09-21,29258.854199,30051.802141,33942.182848,35782.147031,31243.640339,36231.960739,29160.704391,29160.704391,23292.546051,23141.935620,18868.052578
2018-09-24,29161.166476,29951.466971,33828.858706,35662.679725,31139.325930,36110.991622,29063.344365,29063.344365,23214.778283,23064.670701,18805.057046
2018-09-25,29125.348646,29914.678438,33787.307683,35618.876272,31101.078384,36066.637520,29027.646687,29027.646687,23186.264233,23036.341023,18781.959330
2018-09-26,29039.974770,29826.990833,33688.268408,35514.468199,31009.913136,35960.916944,28942.559201,28942.559201,23118.299338,22968.815592,18726.904584
2018-09-27,29120.658373,29909.861052,33781.866659,35613.140297,31096.069943,36060.829439,29022.972147,29022.972147,23182.530375,23032.631309,18778.934730
2018-09-28,29117.390590,29906.504709,33778.075818,35609.143959,31092.580489,36056.782863,29019.715327,29019.715327,23179.928941,23030.046696,18776.827447
2018-10-01,29225.334528,30017.374050,33903.297840,35741.154113,31207.846848,36190.452504,29127.297163,29127.297163,23265.861531,23115.423643,18846.436868
2018-10-02,29222.072383,30014.023496,33899.513538,35737.164669,31204.363414,36186.412909,29124.045961,29124.045961,23263.264585,23112.843489,18844.333220
2018-10-03,29247.134152,30039.764468,33928.586829,35767.813987,31231.125259,36217.447516,29149.023660,29149.023660,23283.215894,23132.665792,18860.494714
2018-10-04,29007.261240,29793.390730,33650.318576,35474.461153,30974.980471,35920.406973,28909.955409,28909.955409,23092.256575,22942.941223,18705.808727
2018-10-05,28843.714260,29625.411442,33460.593392,35274.451199,30800.339216,35717.882715,28746.957053,28746.957053,22962.059216,22813.585724,18600.342772
2018-10-08,28836.086928,29617.577401,33451.745189,35265.123346,30792.194481,35708.437602,28739.355308,28739.355308,22955.987208,22807.552979,18595.424162
2018-10-09,28799.011970,29579.497670,33408.735814,35219.782486,30752.604528,35662.526767,28702.404719,28702.404719,22926.472376,22778.228991,18571.515766
2018-10-10,27868.962310,28624.242615,32329.817432,34082.377259,29759.464575,34510.823335,27775.474941,27775.474941,22186.073440,22042.617500,17971.757971
2018-10-11,27282.354918,28021.737501,31649.314525,33364.985122,29133.064435,33784.412935,27190.835344,27190.835344,21719.083871,21578.647502,17593.474562
2018-10-12,27650.894659,28400.265085,32076.844708,33815.691193,29526.604218,34240.784786,27558.138806,27558.138806,22012.472971,21870.139538,17831.133466
2018-10-15,27499.330802,28244.593677,31901.020729,33630.336012,29364.758966,34053.099524,27407.083375,27407.083375,21891.815200,21750.261945,17733.395024
2018-10-16,28084.842670,28845.973576,32580.252757,34346.388376,29989.989266,34778.153309,27990.631123,27990.631123,22357.932638,22213.365450,18110.971966
2018-10-17,28094.651655,28856.048396,32591.631821,34358.384285,30000.463648,34790.300017,28000.407204,28000.407204,22365.741427,22221.123748,18117.297451
2018-10-18,27699.954619,28450.654625,32133.757467,33875.689123,29578.992180,34301.536944,27607.034193,27607.034193,22051.528888,21908.942918,17862.770586
2018-10-19,27678.145599,28428.254556,32108.457579,33849.017759,29555.703736,34274.530297,27585.298332,27585.298332,22034.167046,21891.693338,17848.706682
2018-10-22,27563.664217,28310.670599,31975.651694,33709.012630,29433.456463,34132.765177,27471.200981,27471.200981,21943.030091,21801.145678,17774.881482
2018-10-23,27397.926188,28140.440883,31783.384750,33506.323130,29256.475528,33927.527689,27306.018926,27306.018926,21811.088469,21670.057196,17668.002593
2018-10-24,26580.180015,27300.532866,30834.745752,32506.259573,28383.257215,32914.892435,26491.015909,26491.015909,21160.092697,21023.270785,17140.665545
2018-10-25,27056.654299,27789.920140,31387.487057,33088.964308,28892.053323,33504.922291,26965.891844,26965.891844,21539.406908,21400.132337,17447.927811
2018-10-26,26577.992724,27298.286297,30832.208351,32503.584623,28380.921548,32912.183859,26488.835956,26488.835956,21158.351426,21021.540773,17139.255035
2018-10-29,26440.618071,27157.188637,30672.844778,32335.582145,28234.228031,32742.069439,26351.922131,26351.922131,21048.989474,20912.885959,17050.666734
2018-10-30,26845.129730,27572.663017,31142.104735,32830.280110,28666.179900,33242.986201,26755.076842,26755.076842,21371.015291,21232.829546,17311.522720
2018-10-31,27126.431512,27861.588395,31468.433185,33174.298426,28966.563902,33591.329136,27035.434988,27035.434988,21594.955527,21455.321777,17492.924793
2018-11-01,27407.740811,28150.521493,31794.770354,33518.325933,29266.955930,33939.681378,27315.800625,27315.800625,21818.901747,21677.819952,17674.331713
2018-11-02,27237.654507,27975.825659,31597.459127,33310.318707,29085.331754,33729.059314,27146.284882,27146.284882,21683.498528,21500.248725,17564.648768
2018-11-05,27392.478631,28134.845691,31777.065228,33499.661034,29250.658434,33920.781844,27300.589642,27300.589642,21806.751749,21502.582999,17664.489646
2018-11-06,27565.843991,28312.909448,31978.180375,33711.678387,29435.784104,34135.464446,27473.373443,27473.373443,21944.765378,21502.582999,17776.287146
2018-11-07,28148.078680,28910.923354,32653.610661,34423.722923,30057.514917,34856.460020,28053.655006,28053.655006,22408.273901,21504.948075,18151.750746
2018-11-08,28100.101091,28861.645518,32597.953523,34365.048679,30006.282749,34797.048189,28005.838360,28005.838360,22370.079644,21507.291150,18120.811609
2018-11-09,27840.610208,28595.122139,32296.927142,34047.704026,29729.189197,34475.714229,27747.217948,27747.217948,22163.502746,21511.990500,17953.474652
2018-11-12,27303.066534,28043.010426,31673.341353,33390.314415,29155.181032,33810.060640,27211.477482,27211.477482,21735.572086,21509.645225,17606.830788
2018-11-13,27257.281874,27995.984949,31620.228155,33334.322016,29106.290551,33753.364366,27165.846408,27165.846408,21699.123587,21511.990500,17577.305797
2018-11-14,27070.824712,27804.474588,31403.925663,33106.294030,28907.184992,33522.469864,26980.014723,26980.014723,21550.687767,21509.645225,17457.065835
2018-11-15,27351.047882,28092.292122,31729.002851,33448.993255,29206.417213,33869.477126,27259.297874,27259.297874,21773.769335,21516.698651,17637.772347
2018-11-16,27420.823216,28163.958446,31809.946799,33534.325075,29280.925786,33955.881643,27328.839145,27328.839145,21829.316459,21519.043926,17682.768117
2018-11-19,26966.161711,27696.975101,31282.509742,32978.296301,28795.422134,33392.863088,26875.702817,26875.702817,21467.367082,21516.698651,17389.572180
2018-11-20,26470.054423,27187.422747,30706.992869,32371.581363,28265.661209,32778.521199,26381.259738,26381.259738,21072.423323,21521.391401,17069.649249
2018-11-21,26558.376632,27278.138587,30809.452403,32479.595103,28359.974791,32887.892769,26469.285667,26469.285667,21142.735343,21526.099551,17126.605276
2018-11-23,26387.192925,27102.315609,30610.868117,32270.245805,28177.178768,32675.911762,26298.676201,26298.676201,21006.458496,21526.099551,17016.214651
2018-11-26,26800.429319,27526.751175,31090.249337,32775.613695,28618.447219,33187.632580,26710.526380,26710.526380,21335.429948,21528.451426,17282.696926
2018-11-27,26884.382583,27612.979668,31187.640610,32878.284430,28708.095487,33291.593978,26794.198020,26794.198020,21402.263914,21528.451426,17336.835567
2018-11-28,27512.415087,28258.032560,31916.199354,33646.337451,29378.730828,34069.302116,27420.123768,27420.123768,21902.231408,21530.805501,17741.832639
2018-11-29,27455.718400,28199.799329,31850.427492,33577.000177,29318.188098,33999.093210,27363.617272,27363.617272,21857.096004,21533.144176,17705.270850
2018-11-30,27637.808496,28386.824272,32061.663903,33799.687455,29512.630349,34224.579867,27545.096540,27545.096540,22002.055268,21535.502652,17822.694638
2018-12-03,27979.072869,28737.337294,32457.552876,34217.037085,29877.044528,34647.175956,27885.216130,27885.216130,22273.730845,21534.794229,18042.764573
2018-12-04,27111.171211,27845.914523,31450.730238,33155.635824,28950.268412,33572.431929,27020.225878,27020.225878,21582.807025,21494.119245,17483.083937
2018-12-06,27042.478248,27775.359903,31371.041912,33071.627691,28876.915634,33487.367738,26951.763347,26951.763347,21528.121561,21439.658494,17438.786152
2018-12-07,26414.447623,27130.308940,30642.485348,32303.576968,28206.282300,32709.661927,26325.839473,26325.839473,21028.155563,20941.746949,17033.790291
2018-12-10,26446.071266,27162.789619,30679.170840,32342.251135,28240.051145,32748.822264,26357.357033,26357.357033,21053.330683,20966.818620,17054.183316
2018-12-11,26453.702356,27170.627520,30688.023403,32351.583585,28248.199893,32758.272031,26364.962524,26364.962524,21059.405682,20972.868656,17059.104350
2018-12-12,26599.809260,27320.694086,30857.516959,32530.265180,28404.218018,32939.199814,26510.579308,26510.579308,21175.719252,21088.704272,17153.323786
2018-12-13,26591.082646,27311.730971,30847.393516,32519.592957,28394.899430,32928.393432,26501.881967,26501.881967,21168.772122,21081.785689,17147.696286
2018-12-14,26100.437948,26807.789249,30278.213605,31919.558500,27870.971652,32320.816003,26012.883154,26012.883154,20778.177052,20692.795647,16831.295996
2018-12-17,25567.548845,26260.458250,29660.027422,31267.861201,27301.933802,31660.926284,25481.781645,25481.781645,20353.951827,20270.313643,16487.653707
2018-12-18,25557.683486,26250.325529,29648.582961,31255.796350,27291.399223,31648.709767,25471.949380,25471.949380,20346.098159,20262.492247,16481.291869
2018-12-19,25149.883375,25831.473574,29175.508184,30757.076767,26855.935827,31143.720831,25065.517247,25065.517247,20021.454453,19939.182562,16218.315270
2018-12-20,24736.598124,25406.987827,28696.070286,30251.649128,26414.615205,30631.939513,24653.618376,24653.618376,19692.444107,19611.524181,15951.801490
2018-12-21,24244.395639,24901.446100,28125.083240,29649.709573,25889.023967,30022.433038,24163.067001,24163.067001,19300.608905,19221.299104,15634.396636
2018-12-24,23576.783316,24215.740730,27350.609318,28833.252368,25176.123893,29195.712233,23497.694206,23497.694206,18769.132496,18692.006629,15203.875866
2018-12-26,24769.490170,25440.771285,28734.227208,30291.874491,26449.738496,30672.670545,24686.400084,24686.400084,19718.628984,19637.601460,15973.012466
2018-12-27,24999.695030,25677.214957,29001.279890,30573.403771,26695.559396,30957.738901,24915.832715,24915.832715,19901.891708,19820.111123,16121.463850
2018-12-28,24967.907905,25644.566364,28964.404747,30534.529672,26661.615978,30918.376119,24884.152220,24884.152220,19876.586442,19794.909841,16100.965400
2018-12-31,25192.635142,25875.383963,29225.103028,30809.360087,26901.587678,31196.661399,25108.125603,25108.125603,20055.488510,19973.076767,16245.884450
2019-01-02,25212.373376,25895.657126,29248.000669,30833.498982,26922.664863,31221.103742,25127.797624,25127.797624,20071.201830,19988.725518,16258.612974
2019-01-03,24610.539508,25277.512880,28549.834054,30097.485609,26280.005352,30475.838020,24527.982627,24527.982627,19552.945659,19472.598959,15838.801218
2019-01-04,25422.841882,26111.829565,29492.157889,31090.891666,27147.410584,31481.732083,25337.560106,25337.560106,19555.074666,19474.719217,15840.525812
2019-01-07,25613.592824,26307.750072,29713.441446,31324.170734,27351.101193,31717.943678,25527.671167,25527.671167,19555.074666,19474.719217,15840.525812
2019-01-08,25862.436636,26563.337832,30002.116530,31628.494540,27616.825425,32026.093107,25775.680224,25775.680224,19555.074666,19474.719217,15840.525812
2019-01-09,25981.925862,26686.065351,30140.731841,31774.624017,27744.420251,32174.059564,25894.768620,25894.768620,19555.074666,19474.719217,15840.525812
2019-01-10,26090.457963,26797.538795,30266.636170,31907.353467,27860.314671,32308.457541,26002.936647,26002.936647,19557.209652,19476.845430,15842.255252
2019-01-11,26078.397797,26785.151785,30252.645589,31892.604473,27847.436399,32293.523140,25990.916937,25990.916937,19561.489593,19481.107784,15845.722204
2019-01-14,25934.784480,26637.646384,30086.044756,31716.972413,27694.081014,32115.683227,25847.785375,25847.785375,19559.356600,19478.983555,15843.994380
2019-01-15,26238.451500,26949.543124,30438.318344,32088.342321,28018.347409,32491.721588,26150.433735,26150.433735,19563.618599,19483.228042,15847.446799
2019-01-16,26296.555645,27009.221957,30505.722949,32159.400847,28080.393072,32563.673383,26208.342967,26208.342967,19565.761560,19485.362196,15849.182697
2019-01-17,26492.774814,27210.758886,30733.350008,32399.367290,28289.922847,32806.656420,26403.903913,26403.903913,19570.037514,19489.620579,15852.646420
2019-01-18,26849.051445,27576.691015,31146.654181,32835.076176,28670.367646,33247.842558,26758.985401,26758.985401,19570.037514,19489.620579,15852.646420
2019-01-22,26491.684927,27209.639462,30732.085667,32398.034411,28288.759027,32805.306786,26402.817681,26402.817681,19572.178481,19491.752749,15854.380703
2019-01-23,26531.144483,27250.168417,30777.861331,32446.291518,28330.895338,32854.170527,26442.144869,26442.144869,19572.178481,19491.752749,15854.380703
2019-01-24,26557.452107,27277.189007,30808.379894,32478.464454,28358.987550,32886.747906,26468.364243,26468.364243,19578.591415,19498.139331,15859.575480
2019-01-25,26783.278627,27509.135680,31070.353415,32754.639239,28600.133104,33166.394456,26693.433221,26693.433221,19576.454434,19496.011132,15857.844426
2019-01-28,26576.087300,27296.329235,30829.997936,32501.254383,28378.886869,32909.824326,26486.936924,26486.936924,19578.591415,19498.139331,15859.575480
2019-01-29,26543.202771,27262.553497,30791.849732,32461.038213,28343.771604,32869.102602,26454.162707,26454.162707,19578.591415,19498.139331,15859.575480
2019-01-30,26963.057411,27693.786672,31278.908551,32974.499894,28792.107253,33389.018957,26872.608931,26872.608931,19582.863381,19502.393743,15863.035973
2019-01-31,27187.792165,27924.611991,31539.615552,33249.339502,29032.086980,33667.313546,27096.589804,27096.589804,19582.863381,19502.393743,15863.035973
2019-02-01,27210.805698,27948.249217,31566.312754,33277.483927,29056.661645,33695.811772,27119.526138,27119.526138,19584.793043,19504.315475,15864.599089
2019-02-04,27404.848851,28147.551158,31791.415492,33514.789208,29263.867793,33936.100193,27312.918367,27312.918367,19586.932016,19506.445659,15834.630803
2019-02-05,27526.534764,28272.534897,31932.579103,33663.605126,29393.808319,34086.786861,27434.196080,27434.196080,19586.932016,19506.445659,15904.941408
2019-02-06,27492.543435,28237.622365,31893.146940,33622.035394,29357.511175,34044.694560,27400.318776,27400.318776,19591.221924,19510.717939,15885.301083
2019-02-07,27222.873381,27960.643948,31580.312055,33292.242113,29069.547944,33710.755481,27131.553339,27131.553339,19591.221924,19510.717939,15729.484652
2019-02-08,27257.950839,27996.672044,31621.004198,33335.140127,29107.004895,33754.192762,27166.513129,27166.513129,19595.499871,19514.978307,15749.752546
2019-02-11,27272.196417,28011.303694,31637.530000,33352.561772,29122.216828,33771.833413,27180.710920,27180.710920,19593.352924,19512.840182,15757.983698
2019-02-12,27625.190232,28373.864039,32047.025892,33784.255936,29499.156120,34208.954359,27532.520605,27532.520605,19597.644825,19517.114447,15961.944930
2019-02-13,27708.506476,28459.438247,32143.678180,33886.147626,29588.124155,34312.126919,27615.557362,27615.557362,19597.644825,19517.114447,16010.085388
2019-02-14,27647.119516,28396.387631,32072.465294,33811.074376,29522.572986,34236.109932,27554.376326,27554.376326,19601.924766,19521.376801,15974.615757
2019-02-15,27951.867028,28709.394144,32425.992323,34183.765672,29847.993168,34613.486292,27858.101552,27858.101552,19601.924766,19521.376801,16150.700084
2019-02-19,28000.100177,28758.934466,32481.945927,34242.752453,29899.498232,34673.214590,27906.172901,27906.172901,19606.214674,19525.649081,16178.569389
2019-02-20,28064.779348,28825.366516,32556.977993,34321.851916,29968.564941,34753.308403,27970.635105,27970.635105,19606.214674,19525.649081,16215.941272
2019-02-21,27962.829790,28720.654010,32438.709844,34197.172595,29859.699594,34627.061751,27869.027540,27869.027540,19608.351654,19527.777280,16157.034412
2019-02-22,28130.552166,28892.921851,32633.278759,34402.288853,30038.799484,34834.756505,28036.187285,28036.187285,19612.635581,19532.043604,16253.945068
2019-02-25,28172.210288,28935.708955,32681.604903,34453.234698,30083.283501,34886.342785,28077.705663,28077.705663,19610.494614,19529.911434,16278.015297
2019-02-26,28151.382166,28914.316368,32657.442921,34427.762924,30061.042496,34860.550808,28056.947411,28056.947411,19612.635581,19532.043604,16265.980725
2019-02-27,28137.134709,28899.682788,32640.914939,34410.338981,30045.828557,34842.907831,28042.747747,28042.747747,19614.776548,19534.175773,16257.748488
2019-02-28,28071.361892,28832.127454,32564.614173,34329.902044,29975.594014,34761.459729,27977.195567,27977.195567,19619.052502,19538.434156,16219.744692
2019-03-01,28264.298245,29030.292600,32788.432951,34565.853764,30181.618283,35000.377574,28169.484709,28169.484709,19621.203436,19540.576252,16331.224085
2019-03-04,28155.766144,28918.819156,32662.528621,34433.124314,30065.723862,34865.979596,28061.316682,28061.316682,19579.855595,19499.398317,16268.513805
2019-03-05,28122.879735,28885.041489,32624.378238,34392.905846,30030.606591,34825.255545,28028.540592,28028.540592,19556.985994,19476.622691,16249.511907
2019-03-06,27943.099073,28700.388568,32415.820922,34173.042892,29838.630435,34602.628717,27849.363010,27849.363010,19431.964377,19352.114811,16145.633924
2019-03-07,27718.375593,28469.574828,32155.127001,33898.217073,29598.662748,34324.348090,27625.393373,27625.393373,19275.688990,19196.481588,16015.787803
2019-03-08,27662.458739,28412.142565,32090.259796,33829.833496,29538.952752,34255.104871,27569.664094,27569.664094,19236.803742,19157.756128,15983.478822
2019-03-11,28065.871115,28826.487870,32558.244513,34323.187093,29969.730768,34754.660364,27971.723209,27971.723209,19517.341520,19437.141123,16216.572099
2019-03-12,28165.635261,28928.955738,32673.977442,34445.193762,30076.262455,34878.200767,28071.152693,28071.152693,19586.718697,19506.233217,16274.216220
2019-03-13,28357.477969,29125.997599,32896.527520,34679.808007,30281.118890,35115.764324,28262.351858,28262.351858,19720.128404,19639.094719,16385.063701
2019-03-14,28347.608852,29115.861018,32885.078699,34667.738559,30270.580298,35103.543153,28252.515847,28252.515847,19713.265303,19632.259819,16379.361286
2019-03-15,28485.733272,29257.728765,33045.312052,34836.657966,30418.074443,35274.586028,28390.176924,28390.176924,19809.318671,19727.918486,16459.170125
2019-03-18,28587.688467,29362.447061,33163.586741,34961.344181,30526.945810,35400.839661,28491.790107,28491.790107,19880.219530,19798.528000,16518.080243
2019-03-19,28596.452664,29371.448778,33173.753782,34972.062365,30536.304530,35411.692582,28500.524904,28500.524904,19886.314257,19804.597683,16523.144231
2019-03-20,28494.508743,29266.742062,33055.492172,34847.389939,30427.445202,35285.452911,28398.922958,28398.922958,19815.421239,19733.995977,16464.240628
2019-03-21,28820.274168,29601.336097,33433.401353,35245.785113,30775.309055,35688.856270,28723.595591,28723.595591,20041.962401,19959.606239,16652.469187
2019-03-22,28272.370927,29038.584061,32797.797790,34575.726259,30190.238578,35010.374175,28177.530311,28177.530311,19660.943953,19580.153467,16335.888513
2019-03-25,28247.016016,29012.542002,32768.384436,34544.718443,30163.163706,34978.976563,28152.260453,28152.260453,19643.311844,19562.593812,16321.238344
2019-03-26,28450.960230,29222.013335,33004.973052,34794.132238,30380.942559,35231.525714,28355.520530,28355.520530,19785.137084,19703.836265,16439.078124
2019-03-27,28318.674224,29086.142229,32851.512640,34632.352925,30239.682878,35067.712689,28223.678282,28223.678282,19693.143817,19612.221016,16362.642742
2019-03-28,28428.914442,29199.370081,32979.398497,34767.171318,30357.401285,35204.225870,28333.548695,28333.548695,19769.806180,19688.568359,16426.339979
2019-03-29,28611.912151,29387.327235,33191.687797,34990.968562,30552.812717,35430.836446,28515.932532,28515.932532,19897.064969,19815.304218,16532.076784
2019-04-01,28941.535400,29725.883646,33574.072307,35394.081667,30904.796093,35839.017045,28844.450049,28844.450049,20126.288908,20043.586233,16722.534411
2019-04-02,28951.457133,29736.074268,33585.582165,35406.215460,30915.390870,35851.303371,28854.338499,28854.338499,20133.188599,20050.457572,16694.844124
2019-04-03,29005.468563,29791.549469,33648.238953,35472.268797,30973.066187,35918.187057,28908.168746,28908.168746,20170.748792,20087.863423,16696.666066
2019-04-04,29074.926327,29862.889617,33728.814498,35557.212243,31047.235646,36004.198319,28977.393512,28977.393512,20219.050550,20135.966700,16702.142050
2019-04-05,29214.933621,30006.691266,33891.232108,35728.434313,31196.740391,36177.572804,29116.931146,29116.931146,20316.413292,20232.929360,16702.142050
2019-04-08,29240.282895,30032.727535,33920.638923,35759.435236,31223.809244,36208.963436,29142.195386,29142.195386,20334.041480,20250.485110,16702.142050
2019-04-09,29084.844301,29873.076379,33740.319996,35569.341440,31057.826410,36016.479991,28987.278215,28987.278215,20225.947627,20142.835436,16703.977537
2019-04-10,29185.155270,29976.105889,33856.687275,35692.016847,31164.942014,36140.697538,29087.252688,29087.252688,20295.705071,20212.306234,16703.977537
2019-04-11,29179.658856,29970.460515,33850.311076,35685.295002,31159.072748,36133.891193,29081.774712,29081.774712,20291.882799,20208.499668,16709.451828
2019-04-12,29376.990462,30173.140030,34079.228633,35926.621900,31369.790423,36378.251787,29278.444362,29278.444362,20429.109552,20345.162530,16709.451828
2019-04-15,29357.137601,30152.749135,34056.198018,35902.342823,31348.590836,36353.667500,29258.658099,29258.658099,20415.303636,20331.413345,16711.278849
2019-04-16,29378.078470,30174.257525,34080.490794,35927.952481,31370.952237,36379.599094,29279.528720,29279.528720,20429.866165,20345.916035,16711.278849
2019-04-17,29306.429657,30100.666948,33997.373489,35840.329488,31294.443098,36290.874602,29208.120256,29208.120256,20380.040726,20296.295338,16714.922732
2019-04-18,29361.547887,30157.278944,34061.314237,35907.736386,31353.300295,36359.128865,29263.053589,29263.053589,20418.370601,20334.467707,16716.761606
2019-04-22,29390.219438,30186.727527,34094.575111,35942.800291,31383.916792,36394.633554,29291.628961,29291.628961,20438.309140,20354.324315,16716.761606
2019-04-23,29643.764798,30447.144252,34388.704297,36252.873860,31654.661504,36708.605027,29544.323795,29544.323795,20614.627607,20529.918257,16716.761606
2019-04-24,29585.337445,30387.133452,34320.924749,36181.420066,31592.270708,36636.252995,29486.092439,29486.092439,20573.996529,20489.454140,16720.410568
2019-04-25,29574.312672,30375.809895,34308.135292,36167.937308,31580.498065,36622.600746,29475.104648,29475.104648,20566.329770,20481.818885,16724.062918
2019-04-26,29709.911560,30515.083665,34465.438863,36333.768113,31725.295358,36790.516193,29610.248665,29610.248665,20660.626854,20575.728485,16722.237590
2019-04-29,29747.390528,30553.578356,34508.916915,36379.603057,31765.316727,36836.927323,29647.601909,29647.601909,20686.690175,20601.684707,16724.062918
2019-04-30,29766.130951,30572.826666,34530.657031,36402.521678,31785.328414,36860.134052,29666.279467,29666.279467,20699.722490,20614.663469,16725.884859
2019-05-01,29548.961518,30349.771696,34278.726297,36136.934087,31553.427205,36591.207787,29449.838536,29449.838536,20548.700276,20464.261833,16726.616345
2019-05-02,29490.536044,30289.762826,34142.595402,35993.423703,31428.119274,36445.893349,29391.609052,29391.609052,20508.070504,20423.799017,16695.018221
2019-05-03,29770.544995,30577.360335,34146.331247,35997.362064,31431.558104,36449.881218,29670.678703,29670.678703,20702.792068,20617.720434,16853.535331
2019-05-06,29652.587248,30456.205800,34150.070549,36001.304068,31435.000116,36453.872777,29553.116649,29553.116649,20620.762844,20536.028283,16786.757747
2019-05-07,29171.933810,29962.526112,34153.799482,36005.235143,31438.432584,36457.853269,29074.075580,29074.075580,20286.510710,20203.149654,16514.652897
2019-05-08,29114.611377,29903.650177,34153.799482,36005.235143,31438.432584,36457.853269,29016.945437,29016.945437,20246.648007,20163.450754,16482.201840
2019-05-09,29025.317665,29811.936504,34157.552607,36009.191720,31441.887320,36461.859584,28927.951264,28927.951264,20184.552095,20101.610005,16431.651380
2019-05-10,29160.909037,29951.202555,34165.013930,36017.057512,31448.755437,36469.824256,29063.087789,29063.087789,20278.843951,20195.514399,16508.411613
2019-05-13,28445.452542,29216.356382,34161.264261,36013.104578,31445.303882,36465.821630,28350.031317,28350.031317,19781.306971,19700.021891,16103.381362
2019-05-14,28692.383413,29469.979359,34165.013930,36017.057512,31448.755437,36469.824256,28596.133851,28596.133851,19953.025645,19871.034941,16243.172494
2019-05-15,28862.163421,29644.360596,34168.742863,36020.988587,31452.187905,36473.804747,28765.344326,28765.344326,20071.092687,19988.616824,16339.287407
2019-05-16,29126.737313,29916.104739,34172.478709,36024.926948,31455.626735,36477.792617,29029.030695,29029.030695,20255.080527,20171.848623,16489.066507
2019-05-17,28950.352213,29734.939404,34176.200730,36028.850735,31459.052841,36481.765730,28853.237285,28853.237285,20132.420225,20049.692355,16389.212355
2019-05-20,28753.026244,29532.265679,34179.936576,36032.789096,31462.491671,36485.753600,28656.573253,28656.573253,19995.197393,19913.033397,16277.503276
2019-05-21,28996.655509,29782.497572,34179.936576,36032.789096,31462.491671,36485.753600,28899.385256,28899.385256,20164.620089,20081.759904,16415.425320
2019-05-22,28917.279772,29700.970662,34187.415178,36040.673105,31469.375694,36493.736718,28820.275787,28820.275787,20109.421255,20026.787892,16370.489569
2019-05-23,28578.837831,29353.356563,34194.890325,36048.553470,31476.256536,36501.716146,28482.969161,28482.969161,19874.064692,19792.398454,16178.892700
2019-05-24,28628.446492,29404.309675,34194.890325,36048.553470,31476.256536,36501.716146,28532.411409,28532.411409,19908.563147,19826.755148,16206.976880
2019-05-28,28371.586372,29140.488356,34198.615802,36052.480901,31479.685823,36505.692948,28276.412934,28276.412934,19729.939556,19648.865554,16061.564657
2019-05-29,28176.462727,28940.076640,34198.615802,36052.480901,31479.685823,36505.692948,28081.943838,28081.943838,19594.248246,19513.731825,15951.102345
2019-05-30,28254.733545,29020.468685,34209.806059,36064.277767,31489.986408,36517.638112,28159.952094,28159.952094,19648.678706,19567.938621,15995.412585
2019-05-31,27876.602796,28632.090166,34209.806059,36064.277767,31489.986408,36517.638112,27783.089797,27783.089797,19385.722073,19306.062525,15781.347308
2019-06-03,27793.927330,28547.174103,34208.309647,36062.700237,31488.608967,36516.040751,27700.691669,27700.691669,19328.228568,19248.805272,15734.543534
2019-06-04,28405.761854,29175.590032,34147.438849,35998.529708,31432.577647,36451.063540,28310.473773,28310.473773,19753.705594,19633.228181,16080.911891
2019-06-05,28646.085754,29422.426981,34436.339592,36303.091406,31698.509598,36759.453852,28549.991499,28549.991499,19920.829700,19633.228181,16216.962720
2019-06-06,28832.392586,29613.782938,34660.304757,36539.197449,31904.668616,36998.527961,28735.673359,28735.673359,20050.389694,19639.659131,16322.433708
2019-06-07,29120.120945,29909.309060,35006.191856,36903.834664,32223.056274,37367.748992,29022.436523,29022.436523,20250.479426,19637.525396,16485.320886
2019-06-10,29256.822874,30049.715766,35170.525443,37077.076574,32374.324668,37543.168709,29158.679881,29158.679881,20345.543578,19641.814679,16562.709821
2019-06-11,29251.302031,30044.045302,35163.888669,37070.080028,32368.215544,37536.084210,29153.177558,29153.177558,20341.704318,19639.659131,16559.584393
2019-06-12,29196.185681,29987.435236,35097.631611,37000.231256,32307.226194,37465.357376,29098.246097,29098.246097,20303.375751,19641.814679,16528.382231
2019-06-13,29326.273122,30121.048193,35254.013719,37165.090647,32451.175284,37632.289197,29227.897155,29227.897155,20393.840108,19648.251578,16602.026609
2019-06-14,29282.172149,30075.752034,35200.998585,37109.201627,32402.375070,37575.697603,29183.944120,29183.944120,20363.171766,19650.391262,16577.060412
2019-06-17,29308.631981,30102.928957,35232.806762,37142.734086,32431.654367,37609.651595,29210.315192,29210.315192,20381.572249,19650.391262,16592.039705
2019-06-18,29600.772504,30402.986818,35583.997858,37512.962822,32754.924333,37984.534438,29501.475720,29501.475720,20584.730253,19650.391262,16757.424673
2019-06-19,29679.050838,30483.386583,35678.098648,37612.164701,32841.543725,38084.983373,29579.491467,29579.491467,20639.165940,19654.688477,16801.739168
2019-06-20,29955.748786,30767.583358,36010.725751,37962.823111,33147.725611,38440.049875,29855.261222,29855.261222,20831.584993,19656.834110,16958.381871
2019-06-21,29920.472142,30731.350677,35968.318613,37918.117135,33108.690014,38394.781904,29820.102915,29820.102915,20807.053194,19656.834110,16938.411253
2019-06-24,29881.880737,30691.713401,35921.926700,37869.210373,33065.986448,38345.260341,29781.640966,29781.640966,20780.216271,19658.991641,16916.564102
2019-06-25,29586.436728,30388.262527,35566.764382,37494.795140,32739.060989,37966.138372,29487.188034,29487.188034,20574.760983,19658.991641,16749.308983
2019-06-26,29557.778330,30358.827454,35532.313242,37458.476446,32707.348855,37929.363119,29458.625772,29458.625772,20554.831592,19663.276958,16733.085050
2019-06-27,29661.496137,30465.356130,35656.995602,37589.917685,32822.118458,38062.456692,29561.995653,29561.995653,20626.958191,19663.276958,16791.801198
2019-06-28,29825.509137,30633.814067,35854.160668,37797.770827,33003.608093,38272.922736,29725.458466,29725.458466,20741.014788,19665.426557,16884.651325
2019-07-01,30079.266837,30894.448888,36159.210594,38119.357136,33284.405301,38598.551673,29978.364928,29978.364928,20917.480919,19664.353741,17028.307223
2019-07-02,30166.820488,30984.375341,36264.461527,38230.313593,33381.288354,38710.902952,30065.624877,30065.624877,20978.366772,19627.209637,17077.872609
2019-07-03,30398.419653,31222.251104,36542.873996,38523.818462,33637.565892,39008.097441,30296.447134,30296.447134,21139.423594,19777.893245,17208.984239
2019-07-05,30359.627182,31182.407314,36496.240376,38474.656891,33594.639836,38958.317865,30257.784795,30257.784795,21112.446847,19752.653994,17187.023262
2019-07-08,30207.805886,31026.471490,36313.731333,38282.254256,33426.641009,38763.496556,30106.472788,30106.472788,21006.868507,19653.875656,17101.075034
2019-07-09,30245.489678,31065.176555,36359.032177,38330.010802,33468.340250,38811.853445,30144.030169,30144.030169,21033.074266,19678.393575,17122.408373
2019-07-10,30386.212915,31209.713550,36528.199903,38508.348904,33624.058449,38992.433416,30284.281345,30284.281345,21130.934883,19769.951268,17202.073829
2019-07-11,30447.167679,31272.320257,36601.475497,38585.596678,33691.508333,39070.652264,30345.031634,30345.031634,21173.323553,19809.609804,17236.581201
2019-07-12,30596.767860,31425.974772,36781.314469,38775.184501,33857.049371,39262.623377,30494.129976,30494.129976,21277.357303,19906.943035,17321.272023
2019-07-15,30604.521093,31433.938125,36790.634868,38785.010148,33865.628761,39272.572540,30501.857200,30501.857200,21282.748993,19911.987462,17325.661240
2019-07-16,30504.798287,31331.512719,36670.755020,38658.631760,33755.279851,39144.605463,30402.468918,30402.468918,21213.400565,19847.105569,17269.206720
2019-07-17,30298.678056,31119.806397,36422.971559,38397.416261,33527.196190,38880.106250,30197.040124,30197.040124,21070.062098,19712.999126,17152.519081
2019-07-18,30409.497041,31233.628702,36556.190466,38537.856801,33649.823648,39022.312254,30307.487364,30307.487364,21147.126942,19785.100442,17215.255309
2019-07-19,30246.594598,31066.311420,36360.360435,38331.411064,33469.562907,38813.271309,30145.131382,30145.131382,21033.842640,19679.112461,17123.033884
2019-07-22,30319.735429,31141.434450,36448.285275,38424.102202,33550.497362,38907.127658,30218.026860,30218.026860,21084.705647,19726.699525,17164.439965
2019-07-23,30528.061743,31355.406641,36698.720735,38688.113462,33781.022177,39174.457776,30425.654336,30425.654336,21229.578250,19862.241295,17282.376498
2019-07-24,30668.800013,31499.959077,36867.906533,38866.470614,33936.757011,39355.057038,30565.920495,30565.920495,21327.449321,19953.808768,17362.050465
2019-07-25,30519.201711,31346.306492,36688.069819,38676.885172,33771.218052,39163.088337,30416.824025,30416.824025,21223.416878,19856.476759,17277.360706
2019-07-26,30737.508009,31570.529138,36950.502526,38953.544035,34012.786285,39443.225050,30634.398008,30634.398008,21375.229681,19998.511731,17400.947054
2019-07-29,30682.091000,31513.610265,36883.884037,38883.314239,33951.464238,39372.112403,30579.166897,30579.166897,21336.692032,19962.456182,17369.574685
2019-07-30,30607.839611,31437.346580,36794.624162,38789.215696,33869.300889,39276.830956,30505.164587,30505.164587,21285.056731,19914.146564,17327.539902
2019-07-31,30261.009297,31081.116773,36377.688787,38349.678765,33485.513584,38831.768652,30159.497726,30159.497726,21043.866794,19688.490987,17131.194253
2019-08-01,30007.232806,30820.462652,36072.616272,38028.068642,33204.695582,38506.115601,29906.572537,29906.572537,20867.387595,19523.378313,16987.527718
2019-08-02,29787.834741,30595.118653,35808.871119,37750.026187,32961.919249,38224.577903,29687.910450,29687.910450,20714.815564,19380.633014,16829.630360
2019-08-05,28909.075551,29692.544098,34752.487705,36636.377521,31989.522641,37096.929673,28812.099088,28812.099088,20103.715942,18808.892587,16827.786086
2019-08-06,29281.409228,30074.968437,35200.081454,37108.234780,32401.530855,37574.718601,29183.183758,29183.183758,20362.641221,19051.141223,16829.630360
2019-08-07,29301.354165,30095.453904,35224.057875,37133.510934,32423.601053,37600.312499,29203.061789,29203.061789,20376.511169,19064.117846,16833.300280
2019-08-08,29873.150364,30682.746426,35911.431651,37858.146400,33056.325799,38334.057283,29772.939880,29772.939880,20774.145066,19436.141271,16835.147942
2019-08-09,29664.820293,30468.770374,35660.991672,37594.130377,32825.796824,38066.722342,29565.308658,29565.308658,20629.269849,19300.597057,16833.300280
2019-08-12,29316.866267,30111.386402,35242.705450,37153.169370,32440.766069,37620.218060,29218.521856,29218.521856,20387.298470,19074.210368,16836.983748
2019-08-13,29771.204565,30578.037780,35788.879473,37728.950819,32943.517021,38203.237598,29671.336060,29671.336060,20703.250741,19369.813049,16838.824636
2019-08-14,28874.721553,29657.259068,34711.189708,36592.840811,31951.508005,37052.845667,28777.860331,28777.860331,20079.825762,18786.541105,16836.983748
2019-08-15,28965.595601,29750.595905,34820.432193,36708.005197,32052.065265,37169.457774,28868.429540,28868.429540,20143.020659,18845.665798,16844.338830
2019-08-16,29390.001461,30186.503642,35330.623513,37245.853364,32521.694286,37714.067174,29291.411715,29291.411715,20438.157556,19121.793764,16842.508104
2019-08-19,29751.259628,30557.552313,35764.903052,37703.674665,32921.446823,38177.643700,29651.458029,29651.458029,20689.380794,19356.836425,16842.508104
2019-08-20,29520.767262,30320.813344,35487.821100,37411.572439,32666.394021,37881.869487,29421.738858,29421.738858,20529.093654,19206.872926,16844.338830
2019-08-21,29760.127176,30566.660181,35775.563004,37714.912480,32931.259266,38189.022785,29660.295831,29660.295831,20695.547392,19362.605851,16842.508104
2019-08-22,29749.044150,30555.276793,35762.239758,37700.866997,32918.995272,38174.800738,29649.249983,29649.249983,20687.840124,19355.394986,16848.023991
2019-08-23,28985.538659,29771.079443,34844.406356,36733.278970,32074.133383,37195.049260,28888.305698,28888.305698,20156.889299,18858.641199,16846.181411
2019-08-26,29306.891919,30101.141738,35230.714980,37140.528912,32429.728891,37607.418700,29208.580967,29208.580967,20380.362189,19067.720833,16848.023991
2019-08-27,29191.649495,29982.776114,35092.178522,36994.482562,32302.206648,37459.536416,29093.725128,29093.725128,20300.221233,18992.741529,16849.859798
2019-08-28,29394.438053,30191.060471,35335.956877,37251.475843,32526.603626,37719.760334,29295.833425,29295.833425,20441.242815,19124.680311,16848.023991
2019-08-29,29776.742319,30583.725614,35795.536578,37735.968797,32949.644859,38210.343799,29676.855239,29676.855239,20707.101761,19373.416036,16851.700685
2019-08-30,29764.556252,30571.209291,35780.887333,37720.525434,32936.160288,38194.706299,29664.710050,29664.710050,20698.627425,19365.487508,16853.543266
2019-09-03,29599.438332,30401.616488,35582.394009,37511.272030,32753.447996,37982.822391,29500.146023,29500.146023,20583.802454,19258.058087,16856.857541
2019-09-04,29916.371911,30727.139325,35963.389599,37912.920925,33104.152878,38389.520374,29816.016438,29816.016438,20804.201845,19464.262178,16855.014960
2019-09-05,30311.972801,31133.461446,36438.953581,38414.264648,33541.907576,38897.166438,30210.290272,30210.290272,21079.307422,19721.648985,16856.857541
2019-09-06,30334.136974,31156.226293,36465.597814,38442.353233,33566.433483,38925.608121,30232.380094,30232.380094,21094.720653,19736.069493,16858.703509
2019-09-09,30341.895844,31164.195437,36474.924990,38452.186023,33575.019110,38935.564518,30240.112937,30240.112937,21100.116263,19741.117588,16858.703509
2019-09-10,30348.547915,31171.027786,36482.921648,38460.616171,33582.380002,38944.100640,30246.742693,30246.742693,21104.742192,19745.445574,16862.383590
2019-09-11,30566.837301,31395.233060,36745.334025,38737.253601,33823.929519,39224.215651,30464.299820,30464.299820,21256.543235,19887.469542,16860.549476
2019-09-12,30656.600792,31487.429243,36853.241474,38851.010581,33923.257885,39339.402659,30553.762196,30553.762196,21318.965837,19945.871681,16864.234638
2019-09-13,30648.847559,31479.465889,36843.921075,38841.184935,33914.678496,39329.453495,30546.034972,30546.034972,21313.574147,19940.827254,16864.234638
2019-09-16,30548.006680,31375.892108,36722.697157,38713.389616,33803.092375,39200.051674,30445.532367,30445.532367,21243.448197,19875.217918,16864.234638
2019-09-17,30631.121858,31461.259802,36822.612466,38818.721212,33895.064008,39306.707383,30528.368733,30528.368733,21301.247483,19929.294516,16866.073832
2019-09-18,30649.954359,31480.602684,36845.251593,38842.587578,33915.903232,39330.873771,30547.138059,30547.138059,21314.343829,19941.547363,16869.755606
2019-09-19,30643.304167,31473.772265,36837.257193,38834.159812,33908.544420,39322.340060,30540.510176,30540.510176,21309.719206,19937.220599,16869.755606
2019-09-20,30479.302441,31305.325908,36640.105681,38626.320958,33727.067260,39111.888485,30377.058599,30377.058599,21195.670450,19830.517400,16871.606655
2019-09-23,30500.352299,31326.946240,36665.410361,38652.997373,33750.360115,39138.900247,30398.037844,30398.037844,21210.308772,19844.212909,16875.286736
2019-09-24,30247.701398,31067.448214,36361.690953,38332.813707,33470.787642,38814.691585,30146.234469,30146.234469,21034.612322,19679.832569,16875.286736
2019-09-25,30432.764255,31257.526484,36584.160698,38567.343266,33675.570132,39052.169390,30330.676527,30330.676527,21163.307240,19800.238613,16875.286736
2019-09-26,30372.752808,31195.888658,36512.019094,38491.290953,33609.164081,38975.161032,30270.866390,30270.866390,21121.574564,19761.193820,16878.980365
2019-09-27,30202.409065,31020.928409,36307.243649,38275.414882,33420.669122,38756.571205,30101.094071,30101.094071,21003.115494,19650.364363,16878.980365
2019-09-30,30351.590203,31174.152524,36486.578877,38464.471653,33585.746466,38948.004590,30249.774776,30249.774776,21106.857836,19747.424955,16880.817866
2019-10-01,29986.397168,30799.062345,36047.569111,38001.663706,33181.639774,38479.378731,29885.806793,29885.806793,20852.898243,19509.822180,16880.260688
2019-10-02,29457.529372,30255.861636,35411.800890,37331.431267,32596.417729,37800.720868,29358.713102,29358.713102,20485.117271,19165.728937,16846.533902
2019-10-03,29691.338377,30496.007129,35692.869876,37627.736659,32855.140580,38100.751086,29591.737787,29591.737787,20647.710842,19317.850317,16980.247469
2019-10-04,30103.306368,30919.139917,36188.109252,38149.822355,33311.006398,38629.399868,30002.323817,30002.323817,20934.198296,19585.885926,17215.848786
2019-10-07,29974.141573,30786.474610,36032.836285,37986.132231,33168.078267,38463.652011,29873.592310,29873.592310,20844.375557,19501.848416,17141.980436
2019-10-08,29508.742799,30308.463004,35473.366123,37396.333876,32653.088274,37866.439362,29409.754732,29409.754732,20520.731699,19199.049541,16875.822466
2019-10-09,29783.764576,30590.938181,35803.978248,37744.868080,32957.415382,38219.354954,29683.853939,29683.853939,20711.985122,19377.984873,17033.105299
2019-10-10,29986.397168,30799.062345,36047.569111,38001.663706,33181.639774,38479.378731,29885.806793,29885.806793,20852.898243,19509.822180,17148.989316
2019-10-11,30299.264340,31120.408571,36423.676349,38398.159257,33527.844946,38880.858587,30197.624442,30197.624442,21070.469807,19713.380576,17327.915639
2019-10-14,30271.434632,31091.824647,36390.221403,38362.890759,33497.049805,38845.146732,30169.888090,30169.888090,21051.116696,19695.273944,17312.000044
2019-10-15,30564.253516,31392.579253,36742.227978,38733.979179,33821.070416,39220.900067,30461.724703,30461.724703,21254.746441,19885.788474,17479.460906
2019-10-16,30516.379279,31343.407569,36684.676886,38673.308313,33768.094872,39159.466514,30414.011061,30414.011061,21221.454125,19854.640422,17452.081999
2019-10-17,30598.765360,31428.026406,36783.715726,38777.715927,33859.259718,39265.186625,30496.120776,30496.120776,21278.746389,19908.242653,17499.197964
2019-10-18,30472.954788,31298.806225,36632.474972,38618.276597,33720.043223,39103.742999,30370.732239,30370.732239,21191.256216,19826.387474,17427.247867
2019-10-21,30685.618101,31517.232954,36888.124073,38887.784122,33955.367174,39376.638476,30582.682166,30582.682166,21339.144820,19964.750993,17548.868376
2019-10-22,30577.617789,31406.305712,36758.293581,38750.915679,33835.858738,39238.049473,30475.044145,30475.044145,21264.040115,19894.483569,17487.103831
2019-10-23,30667.800323,31498.932294,36866.704775,38865.203711,33935.650798,39353.774209,30564.924158,30564.924158,21326.754125,19953.158347,17538.678526
2019-10-24,30717.905071,31550.394938,36926.937232,38928.701295,33991.094528,39418.070015,30614.860829,30614.860829,21361.597565,19985.757620,17567.333046
2019-10-25,30845.949913,31681.909939,37080.863869,39090.972107,34132.783367,39582.380717,30742.476139,30742.476139,21450.641475,20069.066464,17640.560903
2019-10-28,31025.202544,31866.020519,37296.348963,39318.138384,34331.136514,39812.402677,30921.127462,30921.127462,21575.295892,20185.692244,17743.074101
2019-10-29,31005.173047,31845.448199,37272.270889,39292.755067,34308.972746,39786.700270,30901.165154,30901.165154,21561.367141,20172.660604,17731.619386
2019-10-30,31114.287674,31957.519956,37403.440934,39431.035680,34429.714235,39926.719194,31009.913753,31009.913753,21637.246754,20243.653027,17794.021200
2019-10-31,31014.072540,31854.588879,37282.969243,39304.033366,34318.820537,39798.120347,30910.034794,30910.034794,21567.555955,20178.450814,17736.708937
2019-11-01,31309.133209,32157.646025,37637.670737,39677.962794,34645.321810,40176.750403,31204.105672,31204.105672,21772.744663,20370.423900,17905.451859
2019-11-04,31433.835104,32285.727481,37787.578715,39835.997099,34783.311489,40336.771342,31328.389250,31328.389250,21859.463848,20451.557747,17940.850301
2019-11-05,31393.749802,32244.555823,37739.390942,39785.197126,34738.954842,40285.332767,31288.438415,31288.438415,21831.588051,20425.477351,17938.888163
2019-11-06,31410.455143,32261.713897,37759.472945,39806.367751,34757.440244,40306.769526,31305.087718,31305.087718,21843.205144,20436.346221,17940.850301
2019-11-07,31521.787127,32376.063104,37893.308543,39947.458413,34880.635364,40449.633824,31416.046235,31416.046235,21920.626734,20508.781305,17944.769187
2019-11-08,31598.616663,32454.974806,37985.667688,40044.824234,34965.651578,40548.223620,31492.618043,31492.618043,21974.054910,20558.768323,17944.769187
2019-11-11,31537.383790,32392.082453,37912.057770,39967.224012,34897.893950,40469.647895,31431.590578,31431.590578,21931.472839,20518.928843,17944.769187
2019-11-12,31599.732858,32456.121251,37987.009500,40046.238784,34966.886711,40549.655953,31493.730494,31493.730494,21974.831125,20559.494545,17946.742107
2019-11-13,31613.082097,32469.832271,38003.057032,40063.156232,34981.658398,40566.786069,31507.034953,31507.034953,21984.114345,20568.179859,17946.742107
2019-11-14,31655.392273,32513.289100,38053.919393,40116.775780,35028.476993,40621.079662,31549.203198,31549.203198,22013.537346,20595.707808,17948.698854
2019-11-15,31891.439305,32755.733272,38337.678781,40415.917417,35289.676348,40923.981778,31784.458402,31784.458402,22177.687268,20749.285298,17946.742107
2019-11-18,31911.485714,32776.322962,38361.777185,40441.322166,35311.858830,40949.705888,31804.437565,31804.437565,22191.627780,20762.327942,17950.655602
2019-11-19,31895.896568,32760.311332,38343.036994,40421.566092,35294.608561,40929.701462,31788.900713,31788.900713,22180.786901,20752.185294,17948.698854
2019-11-20,31783.435235,32644.802171,38207.843771,40279.044210,35170.163753,40785.387952,31676.816636,31676.816636,22102.579949,20679.015430,17950.655602
2019-11-21,31734.446682,32594.485972,38148.953126,40216.961175,35115.955155,40722.524478,31627.992416,31627.992416,22068.512725,20647.142379,17950.655602
2019-11-22,31804.597839,32666.538305,38233.283987,40305.863509,35193.581368,40812.544394,31697.908249,31697.908249,22117.296677,20692.784294,17952.614147
2019-11-25,32046.214571,32914.703123,38523.738883,40612.063609,35460.943910,41122.593704,31938.714470,31938.714470,22285.319834,20849.985556,17952.614147
2019-11-26,32110.792271,32981.030951,38601.369719,40693.902718,35532.402777,41205.461604,32003.075541,32003.075541,22330.227936,20892.001255,17954.583472
2019-11-27,32262.203920,33136.546026,38783.386313,40885.786208,35699.948306,41399.757242,32153.979274,32153.979274,22435.521403,20990.513068,17958.504155
2019-11-29,32138.618220,33009.611015,38634.820147,40729.166453,35563.193759,41241.168636,32030.808147,32030.808147,22349.578433,20910.105441,17958.504155
2019-12-02,31876.955079,32740.856508,38320.266848,40397.561604,35273.648735,40905.395217,31770.022764,31770.022764,22167.614764,20739.861536,17959.876933
2019-12-03,31653.174916,32511.011650,38051.253840,40113.965731,35026.023363,40618.234288,31546.993279,31546.993279,22011.995370,20594.265146,17922.040234
2019-12-04,31855.822541,32719.151254,38294.862775,40370.780407,35250.264389,40878.277356,31748.961116,31748.961116,22152.918945,20726.112233,18036.779400
2019-12-05,31914.830541,32779.758437,38365.798104,40445.561054,35315.560069,40953.998062,31807.771171,31807.771171,22193.953812,20764.504161,18070.189753
2019-12-06,32198.749931,33071.372363,38707.106324,40805.371175,35629.732889,41318.331320,32090.738145,32090.738145,22391.394742,20949.228481,18230.945025
2019-12-09,32100.761550,32970.728386,38589.311481,40681.190818,35521.303218,41192.589904,31993.078468,31993.078468,22323.252453,20885.475043,18175.463964
2019-12-10,32070.706969,32939.859292,38553.181946,40643.102745,35488.046129,41154.023030,31963.124707,31963.124707,22302.352139,20865.920859,18158.447048
2019-12-11,32154.211125,33025.626505,38653.564857,40748.927290,35580.448187,41261.177884,32046.348745,32046.348745,22360.421925,20920.250535,18205.727134
2019-12-12,32437.018079,33316.097846,38993.535783,41107.327624,35893.390033,41624.083632,32328.207014,32328.207014,22557.089254,21104.251078,18365.852544
2019-12-13,32449.262398,33328.674001,39008.255056,41122.844811,35906.939063,41639.795884,32340.410259,32340.410259,22565.604100,21112.217507,18372.785283
2019-12-16,32678.631052,33564.258804,39283.986160,41413.522961,36160.748416,41934.128119,32569.009488,32569.009488,22725.109798,21261.449895,18502.653906
2019-12-17,32685.309431,33571.118174,39292.014444,41421.986448,36168.138418,41942.698000,32575.665464,32575.665464,22729.754021,21265.794998,18506.435207
2019-12-18,32687.523029,33573.391763,39294.675479,41424.791734,36170.587890,41945.538551,32577.871637,32577.871637,22731.293384,21267.235215,18507.688547
2019-12-19,32823.364323,33712.914509,39457.974470,41596.942964,36320.903943,42119.853877,32713.257246,32713.257246,22825.759040,21355.616605,18584.601942
2019-12-20,32990.376392,33884.452794,39658.744809,41808.596817,36505.712218,42334.168409,32879.709068,32879.709068,22941.901225,21464.278402,18679.164242
2019-12-23,33022.715978,33917.668819,39697.621219,41849.580670,36541.497794,42375.667465,32911.940170,32911.940170,22964.390559,21485.319261,18697.474928
2019-12-24,33022.715978,33917.668819,39697.621219,41849.580670,36541.497794,42375.667465,32911.940170,32911.940170,22964.390559,21485.319261,18697.474928
2019-12-26,33191.648504,34091.179608,39900.700197,42063.668311,36728.431162,42592.446380,33080.306006,33080.306006,23081.868253,21595.230549,18793.124592
2019-12-27,33191.648504,34091.179608,39900.700197,42063.668311,36728.431162,42592.446380,33080.306006,33080.306006,23081.868253,21595.230549,18793.124592
2019-12-30,33009.295332,33903.884459,39681.487848,41832.572728,36526.647092,42358.445718,32898.564544,32898.564544,22955.057682,21476.587488,18689.876153
2019-12-31,33094.314055,33991.207285,39783.691466,41940.316680,36620.725104,42467.544108,32983.298069,32983.298069,23014.180716,21531.902575,18738.013788
