Date,US equity,Global equity,US + Japan,US 60/40,Global 60/40,Conservative
2010-09-09,1.0,1.0,1.0,1.0,1.0,1.0
2010-09-10,1.00454,1.004198,1.005336,1.002236,1.002031,1.000874
2010-09-13,1.017173,1.019823,1.017263,1.010841,1.012431,1.005689
2010-09-14,1.016976,1.022854,1.018049,1.011309,1.014836,1.006282
2010-09-15,1.019542,1.023787,1.019229,1.012458,1.015005,1.006661
2010-09-16,1.019147,1.021222,1.014945,1.011586,1.012831,1.005907
2010-09-17,1.020134,1.018423,1.014711,1.01257,1.011543,1.006529
2010-09-20,1.036715,1.034049,1.031559,1.022811,1.021211,1.011796
2010-09-21,1.033557,1.033349,1.025956,1.022381,1.022256,1.012314
2010-09-22,1.02803,1.032183,1.021162,1.019407,1.021898,1.010998
2010-09-23,1.019542,1.021455,1.013988,1.014411,1.015559,1.008549
2010-09-24,1.040361,1.045709,1.032569,1.025975,1.029184,1.013932
2010-09-27,1.0354,1.041744,1.030638,1.024708,1.028514,1.014153
2010-09-28,1.042148,1.048274,1.036595,1.029636,1.033311,1.016991
2010-09-29,1.037185,1.047342,1.034663,1.026218,1.032312,1.015063
2010-09-30,1.035598,1.044543,1.029852,1.025071,1.030438,1.014391
2010-10-01,1.03917,1.053171,1.032969,1.026886,1.035287,1.015135
2010-10-04,1.030438,1.04361,1.020998,1.022675,1.030578,1.013609
2010-10-05,1.053063,1.068097,1.046394,1.036348,1.045368,1.020429
2010-10-06,1.051277,1.070429,1.048535,1.036207,1.047698,1.020824
2010-10-07,1.050681,1.067864,1.049352,1.036535,1.046845,1.021331
2010-10-08,1.05862,1.07416,1.05645,1.040809,1.050133,1.023223
2010-10-11,1.056834,1.073228,1.054583,1.03959,1.049427,1.02254
2010-10-12,1.062986,1.074627,1.056115,1.04289,1.049874,1.023994
2010-10-13,1.069337,1.086288,1.061486,1.047337,1.057507,1.026536
2010-10-14,1.065368,1.086754,1.060865,1.043388,1.056219,1.023843
2010-10-15,1.067353,1.085821,1.059788,1.043648,1.054729,1.023443
2010-10-18,1.075092,1.088386,1.067364,1.049811,1.057787,1.027349
2010-10-19,1.058025,1.065298,1.052642,1.040157,1.044522,1.02275
2010-10-20,1.069337,1.083022,1.063027,1.046798,1.055009,1.025997
2010-10-21,1.070925,1.081624,1.060131,1.047408,1.053827,1.02613
2010-10-22,1.073505,1.083955,1.064403,1.048711,1.054981,1.026725
2010-10-25,1.076681,1.088853,1.066934,1.050861,1.058164,1.027857
2010-10-26,1.076482,1.084422,1.063712,1.049616,1.05438,1.026737
2010-10-27,1.073108,1.076026,1.060425,1.046759,1.048509,1.024892
2010-10-28,1.073902,1.083022,1.061906,1.048606,1.054078,1.026436
2010-10-29,1.074696,1.084189,1.061228,1.049817,1.055513,1.027474
2010-11-01,1.075291,1.083489,1.058562,1.050165,1.055083,1.027643
2010-11-02,1.083627,1.096548,1.066555,1.055854,1.063607,1.0307
2010-11-03,1.088192,1.102379,1.070675,1.059035,1.067547,1.032577
2010-11-04,1.108634,1.1257,1.092076,1.072577,1.082816,1.039986
2010-11-05,1.113,1.125467,1.097908,1.073478,1.080958,1.039578
2010-11-08,1.11161,1.121735,1.096935,1.072742,1.078817,1.039259
2010-11-09,1.102878,1.111707,1.088664,1.06544,1.070737,1.034577
2010-11-10,1.107046,1.114272,1.095281,1.067793,1.072129,1.03568
2010-11-11,1.103473,1.109375,1.090931,1.065797,1.069338,1.03469
2010-11-12,1.089779,1.094683,1.078878,1.055764,1.058706,1.028896
2010-11-15,1.088787,1.09375,1.078184,1.053254,1.056231,1.026683
2010-11-16,1.071322,1.071595,1.060408,1.0441,1.044264,1.022769
2010-11-17,1.072116,1.074627,1.065589,1.044675,1.046182,1.023106
2010-11-18,1.087993,1.096548,1.08472,1.054201,1.059334,1.027803
2010-11-19,1.090574,1.096548,1.086834,1.055848,1.059433,1.028676
2010-11-22,1.089581,1.092584,1.085214,1.056431,1.058232,1.029556
2010-11-23,1.074299,1.066698,1.06835,1.04736,1.042799,1.02507
2010-11-24,1.088192,1.083256,1.083625,1.05378,1.050818,1.027388
2010-11-26,1.082039,1.071128,1.074077,1.051021,1.044475,1.026475
2010-11-29,1.081047,1.065298,1.074924,1.050721,1.041272,1.026472
2010-11-30,1.073505,1.055503,1.068103,1.046343,1.035542,1.024357
2010-12-01,1.097718,1.082555,1.091527,1.058409,1.049312,1.029094
2010-12-02,1.112007,1.102379,1.104613,1.066638,1.06086,1.033036
2010-12-03,1.114786,1.107742,1.108408,1.068945,1.064719,1.034575
2010-12-06,1.113397,1.10471,1.108977,1.069441,1.064229,1.035422
2010-12-07,1.113794,1.103545,1.105247,1.066774,1.060625,1.032636
2010-12-08,1.118358,1.105411,1.109367,1.067445,1.059676,1.031938
2010-12-09,1.122526,1.108442,1.112901,1.07029,1.06184,1.033598
2010-12-10,1.129274,1.113106,1.1167,1.073059,1.063358,1.034342
2010-12-13,1.12987,1.120336,1.121433,1.07445,1.06873,1.035555
2010-12-14,1.130465,1.121735,1.123083,1.072296,1.067058,1.033222
2010-12-15,1.125503,1.111007,1.117451,1.068088,1.05939,1.030437
2010-12-16,1.132053,1.117304,1.123886,1.072904,1.064055,1.033288
2010-12-17,1.13364,1.11404,1.124072,1.076269,1.064509,1.036243
2010-12-20,1.136022,1.115439,1.126048,1.077945,1.065594,1.037203
2010-12-21,1.142969,1.125,1.132866,1.082556,1.071775,1.039731
2010-12-22,1.147136,1.128043,1.137025,1.084613,1.073157,1.040472
2010-12-23,1.14535,1.125903,1.135464,1.083098,1.07143,1.039493
2010-12-27,1.146207,1.126616,1.136996,1.084718,1.072964,1.040856
2010-12-28,1.147403,1.125903,1.140317,1.082857,1.069957,1.038702
2010-12-29,1.1484,1.133749,1.144119,1.085786,1.076995,1.041266
2010-12-30,1.146606,1.132798,1.140069,1.084759,1.076474,1.040843
2010-12-31,1.147802,1.136363,1.142148,1.086816,1.079953,1.042475
2011-01-03,1.158569,1.146586,1.152789,1.09278,1.085591,1.045275
2011-01-04,1.157572,1.144685,1.152409,1.092271,1.084565,1.045058
2011-01-05,1.163752,1.14516,1.1542,1.093859,1.082939,1.044905
2011-01-06,1.161759,1.137076,1.152812,1.093114,1.078726,1.044731
2011-01-07,1.159366,1.133273,1.152402,1.093395,1.07819,1.045579
2011-01-10,1.158369,1.128519,1.151708,1.093867,1.076519,1.046369
2011-01-11,1.162157,1.138503,1.156859,1.095139,1.081324,1.04656
2011-01-12,1.172525,1.155858,1.167221,1.100733,1.090912,1.049037
2011-01-13,1.17093,1.155145,1.165796,1.101194,1.091861,1.049909
2011-01-14,1.179303,1.162039,1.171628,1.105332,1.095181,1.051601
2011-01-18,1.181297,1.165605,1.17396,1.106025,1.096774,1.051724
2011-01-19,1.169534,1.155382,1.165138,1.099913,1.091508,1.04913
2011-01-20,1.168138,1.149201,1.161025,1.097487,1.086372,1.047187
2011-01-21,1.17073,1.152054,1.159375,1.099826,1.088859,1.048655
2011-01-24,1.177908,1.159661,1.166573,1.103834,1.093127,1.050546
2011-01-25,1.177509,1.156334,1.169436,1.104753,1.092374,1.051601
2011-01-26,1.18369,1.163465,1.173113,1.106724,1.094908,1.051745
2011-01-27,1.185285,1.167031,1.174538,1.108499,1.097801,1.05308
2011-01-28,1.164351,1.141594,1.153989,1.097579,1.084271,1.048232
2011-01-31,1.173322,1.152292,1.160552,1.102057,1.089753,1.050087
2011-02-01,1.191665,1.174639,1.180238,1.11159,1.101606,1.054241
2011-02-02,1.189671,1.172023,1.182305,1.109969,1.099631,1.05323
2011-02-03,1.192661,1.17345,1.187214,1.110185,1.098975,1.052628
2011-02-04,1.195852,1.174876,1.189437,1.110515,1.098319,1.052148
2011-02-07,1.203428,1.177967,1.194399,1.114857,1.100129,1.054182
2011-02-08,1.209011,1.18391,1.200487,1.11665,1.102147,1.054386
2011-02-09,1.206019,1.176303,1.19589,1.115996,1.098858,1.054638
2011-02-10,1.206418,1.169884,1.195854,1.114854,1.093853,1.05337
2011-02-11,1.213995,1.176778,1.201445,1.120618,1.099236,1.056833
2011-02-14,1.216985,1.179631,1.206669,1.122803,1.101345,1.058113
2011-02-15,1.212599,1.177016,1.201101,1.120922,1.100458,1.05757
2011-02-16,1.220374,1.185812,1.211543,1.125486,1.105617,1.059831
2011-02-17,1.224961,1.192469,1.217878,1.128738,1.110051,1.0617
2011-02-18,1.226954,1.196273,1.218953,1.129866,1.112212,1.062171
2011-02-22,1.201833,1.165842,1.191404,1.117289,1.096554,1.05694
2011-02-23,1.195054,1.162515,1.18731,1.113398,1.09461,1.055122
2011-02-24,1.193858,1.164178,1.185535,1.113159,1.095989,1.055216
2011-02-25,1.206818,1.176541,1.199273,1.121696,1.104207,1.059875
2011-02-28,1.213995,1.18605,1.207728,1.12636,1.110207,1.062324
2011-03-01,1.19326,1.170122,1.192657,1.114416,1.100951,1.056513
2011-03-02,1.196649,1.176541,1.191877,1.115457,1.103727,1.05666
2011-03-03,1.217185,1.194371,1.209635,1.125325,1.112113,1.060471
2011-03-04,1.208213,1.185337,1.200873,1.121728,1.108451,1.059527
2011-03-07,1.197646,1.177016,1.186603,1.115693,1.103669,1.056546
2011-03-08,1.208811,1.183435,1.19595,1.121627,1.106935,1.059201
2011-03-09,1.207416,1.181533,1.194978,1.121605,1.106617,1.059557
2011-03-10,1.185285,1.154669,1.170769,1.111109,1.093371,1.055508
2011-03-11,1.19326,1.158948,1.170669,1.115677,1.095856,1.057787
2011-03-14,1.186282,1.148964,1.141937,1.112167,1.09062,1.056318
2011-03-15,1.173123,1.128043,1.132143,1.104994,1.079007,1.053087
2011-03-16,1.150792,1.101892,1.104968,1.09444,1.066221,1.049036
2011-03-17,1.165148,1.126379,1.128787,1.101906,1.079478,1.052292
2011-03-18,1.170132,1.135413,1.14074,1.104672,1.084556,1.053589
2011-03-21,1.187877,1.157997,1.162522,1.113453,1.096133,1.057185
2011-03-22,1.18369,1.15562,1.15835,1.110919,1.094619,1.055758
2011-03-23,1.187478,1.157284,1.159103,1.112898,1.095401,1.056694
2011-03-24,1.198643,1.172261,1.167508,1.118505,1.103202,1.058966
2011-03-25,1.202208,1.170122,1.161824,1.119919,1.101387,1.059354
2011-03-28,1.199604,1.166793,1.159383,1.118062,1.099115,1.058351
2011-03-29,1.207415,1.175114,1.164195,1.121714,1.103079,1.059662
2011-03-30,1.215625,1.186763,1.174939,1.127129,1.110459,1.062687
2011-03-31,1.214023,1.185337,1.16974,1.125729,1.109159,1.061713
2011-04-01,1.219631,1.195084,1.173017,1.129441,1.115231,1.063746
2011-04-04,1.220232,1.196985,1.169038,1.130331,1.116858,1.064435
2011-04-05,1.220232,1.196985,1.162756,1.129341,1.115875,1.063488
2011-04-06,1.223837,1.202929,1.16244,1.130721,1.118596,1.063833
2011-04-07,1.221634,1.198888,1.158393,1.129365,1.11619,1.0632
2011-04-08,1.217028,1.200076,1.161153,1.126484,1.116593,1.061622
2011-04-11,1.212822,1.19651,1.156025,1.124158,1.114622,1.060536
2011-04-12,1.20401,1.184386,1.150515,1.12071,1.109263,1.059692
2011-04-13,1.204411,1.186287,1.152051,1.121762,1.111163,1.060589
2011-04-14,1.204611,1.190329,1.154389,1.121655,1.11324,1.060364
2011-04-15,1.208816,1.190804,1.157004,1.12541,1.114876,1.062886
2011-04-18,1.195599,1.170122,1.146855,1.118424,1.103618,1.059713
2011-04-19,1.203009,1.180582,1.152959,1.123332,1.11027,1.062402
2011-04-20,1.21923,1.203167,1.168969,1.131908,1.122499,1.066215
2011-04-21,1.224638,1.211487,1.173992,1.135298,1.127553,1.067993
2011-04-25,1.223436,1.210299,1.17284,1.134893,1.127151,1.067931
2011-04-26,1.23405,1.218619,1.180548,1.142274,1.133243,1.072119
2011-04-27,1.242061,1.228842,1.186755,1.146588,1.138832,1.074077
2011-04-28,1.246066,1.231694,1.198026,1.149679,1.141272,1.07595
2011-04-29,1.249671,1.236925,1.201165,1.152324,1.144844,1.077504
2011-05-02,1.246867,1.233359,1.200155,1.150864,1.142945,1.076867
2011-05-03,1.242862,1.224087,1.197365,1.149094,1.13817,1.076257
2011-05-04,1.23445,1.212201,1.190878,1.144884,1.131966,1.074644
2011-05-05,1.223636,1.195084,1.180833,1.139757,1.123228,1.072667
2011-05-06,1.229444,1.200551,1.186763,1.143375,1.126662,1.074555
2011-05-09,1.23445,1.206971,1.191506,1.146593,1.130692,1.076279
2011-05-10,1.244664,1.220046,1.200191,1.151216,1.136969,1.077936
2011-05-11,1.231447,1.19865,1.185331,1.144287,1.125363,1.074886
2011-05-12,1.238056,1.199601,1.190876,1.147586,1.125465,1.076253
2011-05-13,1.227241,1.185574,1.176433,1.142128,1.118154,1.07389
2011-05-16,1.219631,1.181533,1.169248,1.138868,1.116899,1.072832
2011-05-17,1.219431,1.185099,1.169423,1.139472,1.119636,1.073464
2011-05-18,1.230846,1.195321,1.179886,1.144664,1.124184,1.075272
2011-05-19,1.232448,1.197936,1.176291,1.145405,1.125505,1.075685
2011-05-20,1.224237,1.185337,1.167116,1.141144,1.118731,1.073763
2011-05-23,1.209617,1.164891,1.152222,1.133146,1.10739,1.07007
2011-05-24,1.208616,1.168695,1.155294,1.132855,1.109825,1.070062
2011-05-25,1.212622,1.175352,1.158712,1.135287,1.113771,1.071304
2011-05-26,1.217428,1.18391,1.164887,1.138614,1.119235,1.073186
2011-05-27,1.222835,1.191755,1.168653,1.141839,1.123856,1.074807
2011-05-31,1.235051,1.208872,1.182815,1.149304,1.134127,1.07864
2011-06-01,1.207615,1.183435,1.159622,1.135955,1.121841,1.07323
2011-06-02,1.206213,1.184861,1.15896,1.133337,1.120838,1.071105
2011-06-03,1.194597,1.181057,1.148043,1.127538,1.119447,1.068702
2011-06-06,1.181981,1.164891,1.136114,1.120121,1.109988,1.065022
2011-06-07,1.180378,1.170122,1.137511,1.119767,1.113509,1.065186
2011-06-08,1.175572,1.16299,1.133849,1.117932,1.110336,1.064731
2011-06-09,1.184584,1.172499,1.142325,1.121981,1.114694,1.066097
2011-06-10,1.167962,1.148964,1.127606,1.113128,1.101874,1.062196
2011-06-13,1.168763,1.151341,1.128164,1.113138,1.102784,1.061921
2011-06-14,1.183783,1.168933,1.144908,1.119759,1.110911,1.064257
2011-06-15,1.163155,1.139692,1.124258,1.10991,1.096112,1.060418
2011-06-16,1.165358,1.135651,1.12485,1.111433,1.094091,1.061279
2011-06-17,1.168563,1.142783,1.128025,1.113689,1.098582,1.06257
2011-06-20,1.175171,1.143733,1.132942,1.116876,1.098573,1.063829
2011-06-21,1.191193,1.164416,1.149441,1.126053,1.110432,1.068203
2011-06-22,1.184184,1.156571,1.144179,1.122197,1.106086,1.06648
2011-06-23,1.180178,1.15039,1.140755,1.121036,1.103672,1.066454
2011-06-24,1.167198,1.138741,1.133615,1.114132,1.097494,1.063295
2011-06-27,1.177059,1.148012,1.138899,1.118386,1.101443,1.064695
2011-06-28,1.192152,1.163703,1.153214,1.12527,1.108709,1.067194
2011-06-29,1.202818,1.17868,1.165712,1.13031,1.116229,1.069197
2011-06-30,1.214289,1.192706,1.176237,1.135862,1.123263,1.071403
2011-07-01,1.232601,1.206257,1.191843,1.146431,1.131165,1.076487
2011-07-05,1.230589,1.203642,1.191075,1.146789,1.131166,1.077374
2011-07-06,1.2324,1.200314,1.194238,1.148091,1.129551,1.078198
2011-07-07,1.245883,1.211726,1.205847,1.154779,1.135098,1.080878
2011-07-08,1.237431,1.199839,1.197108,1.152324,1.130657,1.080817
2011-07-11,1.21449,1.171786,1.17701,1.140671,1.116043,1.075812
2011-07-12,1.209056,1.16299,1.174176,1.138039,1.111486,1.074833
2011-07-13,1.213282,1.174639,1.183457,1.141041,1.118709,1.076629
2011-07-14,1.205434,1.165842,1.174822,1.134881,1.112006,1.072861
2011-07-15,1.212075,1.172975,1.181982,1.139471,1.116883,1.075454
2011-07-18,1.201812,1.158235,1.170715,1.133052,1.107904,1.072092
2011-07-19,1.221332,1.177492,1.18843,1.145319,1.120055,1.078542
2011-07-20,1.221332,1.184861,1.191915,1.144599,1.123526,1.077785
2011-07-21,1.237633,1.204118,1.20612,1.152826,1.133474,1.081243
2011-07-22,1.238639,1.204355,1.207455,1.154615,1.13482,1.08275
2011-07-25,1.231595,1.195084,1.201282,1.149132,1.128066,1.079412
2011-07-26,1.226363,1.196985,1.198271,1.14728,1.130248,1.079056
2011-07-27,1.202013,1.171073,1.175607,1.132556,1.114591,1.071564
2011-07-28,1.198592,1.169171,1.172591,1.131951,1.114833,1.07191
2011-07-29,1.189335,1.167031,1.167728,1.12904,1.11593,1.071632
2011-08-01,1.185108,1.158235,1.161616,1.128099,1.112374,1.071875
2011-08-02,1.155526,1.129232,1.13816,1.113303,1.09783,1.065729
2011-08-03,1.161362,1.133749,1.142858,1.116939,1.100727,1.067628
2011-08-04,1.107027,1.066708,1.084735,1.088968,1.065403,1.055579
2011-08-05,1.104612,1.071225,1.085904,1.0846,1.064988,1.052055
2011-08-08,1.033775,0.992297,1.021357,1.046679,1.022304,1.034955
2011-08-09,1.080061,1.048165,1.069121,1.074485,1.055642,1.049025
2011-08-10,1.033172,0.997052,1.021887,1.051617,1.03025,1.039842
2011-08-11,1.078451,1.045312,1.064831,1.07274,1.053194,1.047792
2011-08-12,1.087105,1.054821,1.068007,1.079139,1.060086,1.051569
2011-08-15,1.109442,1.078357,1.087368,1.091002,1.072683,1.056871
2011-08-16,1.099984,1.067183,1.078245,1.087038,1.067716,1.05564
2011-08-17,1.101191,1.071938,1.079403,1.088555,1.071246,1.056764
2011-08-18,1.055509,1.024154,1.036812,1.063703,1.045094,1.04522
2011-08-19,1.035385,1.008701,1.019944,1.052759,1.036757,1.040335
2011-08-22,1.03619,1.009414,1.021138,1.052159,1.036114,1.039406
2011-08-23,1.072011,1.044361,1.051791,1.071041,1.054586,1.047909
2011-08-24,1.086702,1.049116,1.058538,1.076687,1.054636,1.049334
2011-08-25,1.070402,1.026769,1.043066,1.068741,1.043212,1.046008
2011-08-26,1.084488,1.042934,1.059214,1.077269,1.052947,1.050489
2011-08-29,1.116083,1.071225,1.085339,1.094038,1.067914,1.057977
2011-08-30,1.118096,1.072414,1.085473,1.0969,1.070301,1.06017
2011-08-31,1.12373,1.082398,1.094784,1.099477,1.075366,1.061111
2011-09-01,1.112864,1.074791,1.084364,1.095294,1.072998,1.06005
2011-09-02,1.084086,1.04864,1.059251,1.080289,1.059416,1.053487
2011-09-06,1.076639,1.029622,1.04741,1.076744,1.049276,1.052043
2011-09-07,1.107027,1.05815,1.074279,1.092882,1.06443,1.059187
2011-09-08,1.095355,1.041508,1.062347,1.08689,1.055585,1.056614
2011-09-09,1.066577,1.011316,1.035332,1.070994,1.038821,1.049266
2011-09-12,1.074225,1.010127,1.043511,1.073929,1.036762,1.050004
2011-09-13,1.08308,1.019637,1.054748,1.078438,1.041666,1.051852
2011-09-14,1.098374,1.031048,1.066667,1.088097,1.049145,1.056951
2011-09-15,1.117291,1.048402,1.083329,1.097911,1.058118,1.061218
2011-09-16,1.123931,1.05078,1.091123,1.101502,1.059302,1.062856
2011-09-19,1.113467,1.030572,1.079398,1.097028,1.049262,1.061477
2011-09-20,1.111656,1.030335,1.077819,1.096616,1.049736,1.061574
2011-09-21,1.078048,0.998717,1.05061,1.078879,1.033048,1.053703
2011-09-22,1.04424,0.957113,1.022309,1.06086,1.010521,1.04555
2011-09-23,1.049097,0.965909,1.026642,1.062048,1.013968,1.045441
2011-09-26,1.074596,0.986354,1.045987,1.07503,1.024143,1.050957
2011-09-27,1.086941,1.005373,1.059338,1.081069,1.034006,1.053324
2011-09-28,1.065287,0.983501,1.044256,1.067812,1.020585,1.046572
2011-09-29,1.072977,0.99729,1.054998,1.072108,1.028362,1.0486
2011-09-30,1.047478,0.966385,1.029317,1.059405,1.012521,1.04335
2011-10-03,1.015301,0.942136,1.002153,1.043843,1.001377,1.037174
2011-10-04,1.037561,0.960679,1.02146,1.054597,1.01008,1.041436
2011-10-05,1.058203,0.978509,1.03457,1.064268,1.018211,1.045099
2011-10-06,1.078643,1.002282,1.050073,1.075556,1.031438,1.050296
2011-10-07,1.070346,0.993723,1.04271,1.069855,1.025577,1.047157
2011-10-10,1.10657,1.030572,1.075545,1.089685,1.045844,1.056252
2011-10-11,1.106166,1.026531,1.072728,1.089233,1.043327,1.055997
2011-10-12,1.116284,1.046738,1.081677,1.094847,1.054695,1.05856
2011-10-13,1.114665,1.041033,1.08055,1.09449,1.052009,1.058725
2011-10-14,1.133081,1.058625,1.09401,1.104074,1.06117,1.06284
2011-10-17,1.111832,1.032949,1.077942,1.093668,1.048194,1.058638
2011-10-18,1.134093,1.053157,1.096299,1.105764,1.059174,1.06425
2011-10-19,1.119927,1.037467,1.08168,1.098976,1.051481,1.061592
2011-10-20,1.124986,1.03604,1.084253,1.101616,1.050449,1.062747
2011-10-21,1.14664,1.060765,1.102504,1.113144,1.063773,1.067846
2011-10-24,1.161211,1.076931,1.11582,1.121725,1.07329,1.07211
2011-10-25,1.138748,1.057674,1.095739,1.111414,1.064736,1.068395
2011-10-26,1.149676,1.072651,1.103984,1.116426,1.072079,1.070231
2011-10-27,1.189341,1.11996,1.143334,1.136472,1.096569,1.078602
2011-10-28,1.190555,1.116394,1.145447,1.138834,1.096208,1.080533
2011-10-31,1.159997,1.075267,1.105786,1.123608,1.074897,1.074171
2011-11-01,1.129236,1.044361,1.080559,1.109672,1.06079,1.069303
2011-11-02,1.147045,1.062904,1.093913,1.11947,1.071045,1.073787
2011-11-03,1.168294,1.084538,1.110932,1.13032,1.082167,1.078345
2011-11-04,1.161616,1.075505,1.105647,1.127212,1.077703,1.077249
2011-11-07,1.168294,1.080496,1.112833,1.131104,1.08065,1.079232
2011-11-08,1.182258,1.093809,1.121291,1.13755,1.086766,1.081618
2011-11-09,1.139557,1.04341,1.086163,1.113944,1.058691,1.070528
2011-11-10,1.149878,1.054346,1.093035,1.119225,1.064348,1.072854
2011-11-11,1.172342,1.077644,1.11185,1.131602,1.077249,1.078544
2011-11-14,1.161008,1.061478,1.102689,1.125245,1.068122,1.075599
2011-11-15,1.16708,1.061953,1.106917,1.1284,1.068113,1.076906
2011-11-16,1.148258,1.045788,1.088422,1.118644,1.059819,1.072737
2011-11-17,1.129843,1.028671,1.075912,1.107999,1.049873,1.067539
2011-11-18,1.128224,1.029622,1.076052,1.106803,1.050136,1.066833
2011-11-21,1.107987,1.006086,1.056253,1.095238,1.036655,1.061248
2011-11-22,1.102119,1.00466,1.054384,1.092421,1.036345,1.060074
2011-11-23,1.078846,0.978272,1.03152,1.079754,1.021855,1.054325
2011-11-25,1.075608,0.97518,1.029265,1.07725,1.019431,1.052806
2011-11-28,1.107785,1.011792,1.059598,1.09546,1.040229,1.061515
2011-11-29,1.111023,1.015357,1.063121,1.09662,1.041587,1.061612
2011-11-30,1.156557,1.061953,1.104341,1.121381,1.067056,1.07304
2011-12-01,1.155747,1.057198,1.099658,1.120771,1.064204,1.072608
2011-12-02,1.15514,1.056723,1.100185,1.121943,1.06544,1.073962
2011-12-05,1.167687,1.069323,1.111142,1.1291,1.072653,1.077411
2011-12-06,1.168699,1.066708,1.108362,1.129055,1.070555,1.077163
2011-12-07,1.172544,1.070273,1.115159,1.131849,1.073193,1.078726
2011-12-08,1.147247,1.04127,1.090252,1.1186,1.057777,1.0729
2011-12-09,1.166675,1.060765,1.110438,1.128471,1.067736,1.077016
2011-12-12,1.149878,1.03604,1.093669,1.11947,1.054192,1.072952
2011-12-13,1.13895,1.025104,1.08479,1.114465,1.049151,1.071122
2011-12-14,1.126201,1.012505,1.072742,1.108149,1.042886,1.0686
2011-12-15,1.130451,1.016309,1.075068,1.110329,1.044824,1.069466
2011-12-16,1.13126,1.017973,1.074681,1.112078,1.047052,1.070989
2011-12-19,1.119725,1.005611,1.062527,1.105381,1.039862,1.067705
2011-12-20,1.153116,1.037942,1.093032,1.123324,1.057281,1.07583
2011-12-21,1.156557,1.03546,1.092542,1.12398,1.054588,1.075527
2011-12-22,1.167485,1.047387,1.102078,1.131063,1.062256,1.079344
2011-12-23,1.176707,1.053715,1.110745,1.136881,1.066446,1.082413
2011-12-27,1.177928,1.052255,1.108069,1.136442,1.064493,1.081593
2011-12-28,1.163474,1.036434,1.094474,1.130071,1.057303,1.079426
2011-12-29,1.17406,1.048604,1.107619,1.136458,1.064609,1.08267
2011-12-30,1.169581,1.051038,1.106745,1.134262,1.06633,1.081782
2012-01-03,1.186886,1.070754,1.124569,1.142585,1.076069,1.084991
2012-01-04,1.188922,1.070754,1.125557,1.143981,1.076276,1.085758
2012-01-05,1.19279,1.065156,1.124127,1.14605,1.072745,1.086662
2012-01-06,1.190347,1.057123,1.118875,1.144914,1.06816,1.086253
2012-01-09,1.192179,1.060774,1.12118,1.146356,1.070723,1.087191
2012-01-10,1.202358,1.077082,1.131926,1.152016,1.08035,1.089774
2012-01-11,1.203579,1.075622,1.131283,1.153819,1.080503,1.09108
2012-01-12,1.206226,1.07903,1.131586,1.154689,1.081938,1.091181
2012-01-13,1.201137,1.069537,1.128937,1.153122,1.077506,1.091088
2012-01-17,1.204394,1.078543,1.131098,1.154619,1.082575,1.091616
2012-01-18,1.21783,1.092904,1.144004,1.16227,1.091131,1.095197
2012-01-19,1.224345,1.10264,1.150867,1.165594,1.096588,1.096567
2012-01-20,1.224345,1.105074,1.155225,1.164716,1.097229,1.095733
2012-01-23,1.225566,1.106291,1.157487,1.164872,1.097445,1.095546
2012-01-24,1.223734,1.102153,1.153004,1.163924,1.095054,1.095148
2012-01-25,1.234524,1.115541,1.164518,1.171473,1.104367,1.099358
2012-01-26,1.228213,1.111403,1.159606,1.169036,1.103009,1.098774
2012-01-27,1.226585,1.112863,1.160342,1.168918,1.104665,1.099109
2012-01-30,1.222513,1.106048,1.155462,1.167115,1.101072,1.098585
2012-01-31,1.221902,1.108482,1.157236,1.167146,1.102901,1.098711
2012-02-01,1.233506,1.123817,1.167111,1.173376,1.111702,1.101444
2012-02-02,1.235949,1.128198,1.169821,1.175502,1.115018,1.102793
2012-02-03,1.253457,1.14402,1.182523,1.18501,1.123988,1.10702
2012-02-06,1.251625,1.141099,1.180218,1.184172,1.122434,1.106798
2012-02-07,1.255493,1.144994,1.186415,1.185801,1.124212,1.107213
2012-02-08,1.25814,1.149375,1.189623,1.186779,1.126336,1.107487
2012-02-09,1.259565,1.150835,1.189479,1.187657,1.127268,1.107859
2012-02-10,1.251015,1.1355,1.17945,1.183049,1.118333,1.105899
2012-02-13,1.260583,1.14548,1.189427,1.18852,1.124299,1.108399
2012-02-14,1.25875,1.140855,1.187123,1.188067,1.12208,1.108543
2012-02-15,1.253254,1.138665,1.189288,1.184287,1.120189,1.10639
2012-02-16,1.266894,1.154243,1.201966,1.192221,1.129634,1.110254
2012-02-17,1.269948,1.157407,1.204354,1.192939,1.130558,1.110027
2012-02-21,1.270761,1.157894,1.204531,1.193134,1.130592,1.109989
2012-02-22,1.266487,1.154486,1.202785,1.192205,1.129988,1.11028
2012-02-23,1.272594,1.158624,1.209015,1.195953,1.13269,1.112164
2012-02-24,1.274427,1.165196,1.210957,1.197342,1.136965,1.113051
2012-02-27,1.276666,1.162275,1.210263,1.19946,1.13598,1.114377
2012-02-28,1.281145,1.168847,1.219044,1.201992,1.139891,1.115553
2012-02-29,1.274223,1.161302,1.207916,1.197554,1.134927,1.113308
2012-03-01,1.28257,1.172498,1.215631,1.201631,1.140977,1.114819
2012-03-02,1.279109,1.163979,1.209704,1.200569,1.136723,1.11476
2012-03-05,1.273612,1.156677,1.20388,1.196457,1.131437,1.112363
2012-03-06,1.253661,1.128198,1.187742,1.185705,1.114992,1.107624
2012-03-07,1.263637,1.140612,1.196537,1.191577,1.122581,1.110465
2012-03-08,1.275852,1.159598,1.210812,1.197916,1.133354,1.113205
2012-03-09,1.280737,1.158624,1.215505,1.200297,1.132351,1.114126
2012-03-12,1.281348,1.156677,1.212279,1.200981,1.131489,1.114608
2012-03-13,1.304353,1.177123,1.230805,1.21289,1.14252,1.119608
2012-03-14,1.303335,1.172742,1.226135,1.2096,1.137333,1.116692
2012-03-15,1.310053,1.179801,1.233496,1.213591,1.141693,1.118639
2012-03-16,1.311885,1.183696,1.23689,1.214594,1.14399,1.119089
2012-03-19,1.317382,1.187103,1.241626,1.216556,1.144902,1.119516
2012-03-20,1.313718,1.177854,1.235564,1.214549,1.139429,1.118616
2012-03-21,1.311682,1.175663,1.232398,1.214697,1.139354,1.119314
2012-03-22,1.301503,1.161788,1.226009,1.209479,1.131611,1.117151
2012-03-23,1.306593,1.170794,1.229385,1.213246,1.137821,1.119332
2012-03-26,1.324281,1.188077,1.243659,1.223408,1.148189,1.124131
2012-03-27,1.3206,1.181018,1.244123,1.222054,1.14466,1.123783
2012-03-28,1.314261,1.172255,1.240645,1.218281,1.139272,1.122011
2012-03-29,1.312011,1.170308,1.23879,1.217975,1.139033,1.122265
2012-03-30,1.316306,1.174932,1.242727,1.219518,1.140939,1.122553
2012-04-02,1.326939,1.187103,1.250143,1.225638,1.148256,1.125377
2012-04-03,1.321827,1.175906,1.242032,1.22097,1.13989,1.122418
2012-04-04,1.307922,1.157894,1.224456,1.214211,1.130227,1.119742
2012-04-05,1.307513,1.15546,1.224185,1.21486,1.129593,1.120541
2012-04-09,1.292994,1.14548,1.212377,1.208078,1.125087,1.118154
2012-04-10,1.2705,1.122599,1.1931,1.196413,1.112541,1.113246
2012-04-11,1.280929,1.1355,1.204738,1.201773,1.119694,1.115475
2012-04-12,1.298515,1.155216,1.218217,1.211986,1.131635,1.12028
2012-04-13,1.282974,1.136231,1.203915,1.204171,1.121281,1.11705
2012-04-16,1.281543,1.140125,1.203692,1.203344,1.123629,1.116728
2012-04-17,1.301174,1.15765,1.218891,1.214628,1.134145,1.12206
2012-04-18,1.296675,1.150592,1.215181,1.212362,1.130201,1.121141
2012-04-19,1.288291,1.14548,1.207441,1.207408,1.127014,1.118807
2012-04-20,1.290335,1.149131,1.209524,1.208534,1.129164,1.119245
2012-04-23,1.279293,1.134283,1.198205,1.202709,1.120732,1.116813
2012-04-24,1.283996,1.138421,1.203504,1.204872,1.122706,1.117577
2012-04-25,1.301992,1.153756,1.217255,1.215156,1.131848,1.122336
2012-04-26,1.310989,1.163492,1.225038,1.220962,1.138292,1.125453
2012-04-27,1.313648,1.165927,1.225712,1.222774,1.140021,1.126373
2012-04-30,1.307922,1.161058,1.221188,1.219743,1.137346,1.125137
2012-05-01,1.31651,1.1669,1.223253,1.224038,1.140241,1.12686
2012-05-02,1.312421,1.162519,1.218725,1.222397,1.138278,1.126423
2012-05-03,1.30281,1.152782,1.209445,1.217456,1.132982,1.124296
2012-05-04,1.281543,1.132336,1.192797,1.205671,1.121123,1.118937
2012-05-07,1.282564,1.137204,1.194928,1.206094,1.123902,1.11913
2012-05-08,1.277044,1.125764,1.188361,1.203349,1.117422,1.118038
2012-05-09,1.269887,1.115054,1.180709,1.198938,1.110703,1.115812
2012-05-10,1.272136,1.117975,1.183653,1.19996,1.112202,1.116165
2012-05-11,1.268046,1.114324,1.177309,1.19793,1.110314,1.115359
2012-05-14,1.25455,1.096068,1.164726,1.190967,1.100091,1.112448
2012-05-15,1.247597,1.086819,1.155757,1.187062,1.094618,1.110647
2012-05-16,1.24228,1.078299,1.148599,1.183713,1.089219,1.108925
2012-05-17,1.223467,1.063452,1.139027,1.173235,1.080632,1.104135
2012-05-18,1.213856,1.054446,1.127931,1.167406,1.07494,1.101235
2012-05-21,1.234305,1.074161,1.144762,1.179274,1.086881,1.106897
2012-05-22,1.236963,1.072215,1.146162,1.180032,1.084976,1.106746
2012-05-23,1.236963,1.068563,1.14362,1.180366,1.083088,1.107062
2012-05-24,1.239213,1.065399,1.143659,1.181166,1.08071,1.107347
2012-05-25,1.23635,1.063208,1.139945,1.180066,1.079911,1.107089
2012-05-29,1.25046,1.077813,1.153298,1.188216,1.088717,1.110958
2012-05-30,1.232465,1.056636,1.137005,1.179597,1.077619,1.107708
2012-05-31,1.229397,1.057366,1.138239,1.178712,1.078894,1.107709
2012-06-01,1.199337,1.033269,1.109586,1.162994,1.065914,1.101028
2012-06-04,1.198928,1.035946,1.112946,1.161591,1.066429,1.099807
2012-06-05,1.205881,1.041302,1.121552,1.164662,1.068769,1.100817
2012-06-06,1.234714,1.06978,1.14576,1.180427,1.085103,1.107808
2012-06-07,1.23451,1.06978,1.143445,1.180476,1.08526,1.107911
2012-06-08,1.244734,1.07124,1.147321,1.186659,1.086402,1.110979
2012-06-11,1.229602,1.057366,1.135832,1.178307,1.078402,1.107198
2012-06-12,1.243916,1.072944,1.148958,1.185854,1.087116,1.110509
2012-06-13,1.235736,1.064182,1.141717,1.182129,1.082775,1.109216
2012-06-14,1.249437,1.071727,1.153346,1.189764,1.087062,1.112709
2012-06-15,1.26048,1.085115,1.165391,1.197199,1.096129,1.116669
2012-06-18,1.263139,1.086089,1.167881,1.19879,1.096768,1.117522
2012-06-19,1.276021,1.101667,1.178241,1.20562,1.105586,1.120332
2012-06-20,1.273977,1.103371,1.17979,1.20355,1.105776,1.118927
2012-06-21,1.245961,1.074648,1.156369,1.188146,1.08919,1.112125
2012-06-22,1.254959,1.084871,1.164537,1.192398,1.094464,1.113624
2012-06-25,1.235019,1.063452,1.146179,1.182104,1.0827,1.109388
2012-06-26,1.24098,1.069537,1.153799,1.185047,1.085899,1.110548
2012-06-27,1.252081,1.080003,1.163728,1.191958,1.09268,1.113996
2012-06-28,1.249203,1.076839,1.166585,1.190796,1.091243,1.113753
2012-06-29,1.280243,1.111646,1.194139,1.208392,1.111918,1.121807
2012-07-02,1.283737,1.115784,1.195357,1.211396,1.115341,1.123701
2012-07-03,1.292165,1.127711,1.205346,1.215596,1.121903,1.125378
2012-07-05,1.286615,1.117001,1.197265,1.213727,1.116704,1.125125
2012-07-06,1.274693,1.104831,1.187891,1.207286,1.109786,1.122279
2012-07-09,1.273048,1.10191,1.184967,1.207227,1.108864,1.122674
2012-07-10,1.261331,1.093147,1.173529,1.200904,1.103999,1.119883
2012-07-11,1.261537,1.095338,1.174399,1.200355,1.104691,1.119305
2012-07-12,1.254959,1.084385,1.164903,1.197447,1.098926,1.118348
2012-07-13,1.276337,1.101667,1.182382,1.209851,1.109399,1.124334
2012-07-16,1.273459,1.101423,1.179007,1.208467,1.109514,1.123738
2012-07-17,1.282504,1.108238,1.183539,1.213524,1.113466,1.12606
2012-07-18,1.291754,1.11408,1.190774,1.219647,1.117723,1.129338
2012-07-19,1.295043,1.120896,1.195522,1.221435,1.121728,1.130204
2012-07-20,1.283121,1.104831,1.179548,1.21544,1.11288,1.12771
2012-07-23,1.270376,1.089253,1.166695,1.208301,1.103697,1.124427
2012-07-24,1.260303,1.077082,1.157081,1.20304,1.096883,1.122264
2012-07-25,1.259481,1.080733,1.156536,1.202899,1.099399,1.122427
2012-07-26,1.280037,1.1041,1.174936,1.214438,1.113174,1.127676
2012-07-27,1.304704,1.126494,1.197164,1.226904,1.124999,1.13282
2012-07-30,1.304088,1.123817,1.194921,1.227439,1.124224,1.133497
2012-07-31,1.29566,1.119679,1.188965,1.223073,1.122201,1.131519
2012-08-01,1.294221,1.116271,1.186911,1.221666,1.119604,1.13065
2012-08-02,1.285176,1.105074,1.179445,1.217335,1.113694,1.129017
2012-08-03,1.310255,1.132823,1.199745,1.23009,1.128796,1.134252
2012-08-06,1.313749,1.138421,1.205362,1.232555,1.132592,1.135705
2012-08-07,1.319711,1.146453,1.21335,1.23477,1.136279,1.136103
2012-08-08,1.321149,1.14548,1.21357,1.23549,1.135587,1.136321
2012-08-09,1.322589,1.147915,1.215258,1.236042,1.136792,1.13645
2012-08-10,1.324644,1.150105,1.216988,1.237788,1.138638,1.137544
2012-08-13,1.323616,1.147427,1.215573,1.23725,1.137077,1.137315
2012-08-14,1.324233,1.147915,1.215616,1.236434,1.136266,1.136371
2012-08-15,1.325672,1.148644,1.214737,1.23559,1.135129,1.135176
2012-08-16,1.334717,1.160085,1.225136,1.240313,1.141554,1.137179
2012-08-17,1.3378,1.161058,1.229747,1.242875,1.142877,1.138767
2012-08-20,1.337389,1.159598,1.228741,1.242414,1.141787,1.138442
2012-08-21,1.333278,1.159841,1.226014,1.240876,1.142722,1.138109
2012-08-22,1.333484,1.158867,1.225784,1.242893,1.143922,1.139968
2012-08-23,1.323,1.151078,1.218831,1.237061,1.139436,1.137305
2012-08-24,1.331222,1.153026,1.223918,1.241811,1.14061,1.13956
2012-08-27,1.331222,1.152539,1.222818,1.242536,1.141,1.140249
2012-08-28,1.329988,1.152782,1.219066,1.241991,1.141304,1.14007
2012-08-29,1.331222,1.150835,1.220985,1.242313,1.139762,1.140037
2012-08-30,1.321149,1.139395,1.208071,1.236886,1.133232,1.137646
2012-08-31,1.328139,1.147427,1.213073,1.242597,1.139652,1.141153
2012-09-04,1.324644,1.14621,1.206355,1.240266,1.138624,1.139897
2012-09-05,1.324644,1.144506,1.202322,1.240266,1.137596,1.139968
2012-09-06,1.352189,1.170794,1.224991,1.255057,1.152394,1.14646
2012-09-07,1.35774,1.181992,1.233073,1.258263,1.159145,1.147911
2012-09-10,1.349723,1.173472,1.227755,1.253744,1.154113,1.145818
2012-09-11,1.353423,1.180775,1.231676,1.255266,1.157937,1.146249
2012-09-12,1.35774,1.185642,1.238206,1.257088,1.16024,1.146795
2012-09-13,1.379324,1.206332,1.258021,1.270506,1.173611,1.153617
2012-09-14,1.385079,1.215581,1.265505,1.271481,1.176976,1.152965
2012-09-17,1.380968,1.209496,1.259478,1.269778,1.173939,1.152475
2012-09-18,1.379529,1.205602,1.259257,1.269506,1.172118,1.152612
2012-09-19,1.380558,1.208036,1.260673,1.270715,1.174165,1.153478
2012-09-20,1.380351,1.201951,1.256869,1.270708,1.170601,1.153528
2012-09-21,1.379529,1.201951,1.258157,1.270737,1.171075,1.15378
2012-09-24,1.377732,1.199094,1.256232,1.270202,1.169826,1.153765
2012-09-25,1.363682,1.189241,1.246913,1.263037,1.164781,1.150815
2012-09-26,1.355004,1.180126,1.237491,1.258808,1.160022,1.149179
2012-09-27,1.368228,1.194906,1.250295,1.266167,1.168671,1.152611
2012-09-28,1.362029,1.183082,1.239584,1.263034,1.161963,1.151265
2012-10-01,1.364508,1.188994,1.240128,1.264825,1.165865,1.152285
2012-10-02,1.366368,1.193674,1.239895,1.265899,1.168687,1.152866
2012-10-03,1.371946,1.192197,1.242128,1.268953,1.167638,1.154166
2012-10-04,1.382484,1.202788,1.253151,1.274254,1.173285,1.15631
2012-10-05,1.382071,1.203281,1.252876,1.273511,1.173108,1.155718
2012-10-08,1.377939,1.197862,1.248302,1.271741,1.170421,1.15517
2012-10-09,1.364508,1.184315,1.233895,1.263143,1.16146,1.150689
2012-10-10,1.355211,1.178156,1.225162,1.258501,1.158433,1.148902
2012-10-11,1.356037,1.183822,1.227543,1.259371,1.162219,1.149501
2012-10-12,1.351284,1.178895,1.224758,1.256962,1.159565,1.148446
2012-10-15,1.362649,1.189487,1.234495,1.263358,1.165793,1.151474
2012-10-16,1.376492,1.204758,1.248443,1.270401,1.174104,1.154295
2012-10-17,1.382897,1.211902,1.254524,1.272924,1.177303,1.155004
2012-10-18,1.379385,1.209439,1.254395,1.270671,1.175607,1.153757
2012-10-19,1.35583,1.190719,1.234372,1.257794,1.165005,1.147989
2012-10-22,1.356657,1.195645,1.239687,1.257599,1.167342,1.147577
2012-10-23,1.336821,1.174708,1.219565,1.247207,1.15572,1.14322
2012-10-24,1.333929,1.173476,1.21838,1.245312,1.154766,1.142214
2012-10-25,1.337648,1.180865,1.223413,1.246675,1.158483,1.142417
2012-10-26,1.336615,1.177171,1.220895,1.247088,1.157205,1.143092
2012-10-31,1.335375,1.175939,1.217873,1.247156,1.157202,1.143569
2012-11-01,1.351078,1.193428,1.231587,1.255498,1.167061,1.147183
2012-11-02,1.338888,1.180865,1.220936,1.248625,1.159644,1.143999
2012-11-05,1.341987,1.18259,1.222991,1.251143,1.16137,1.14547
2012-11-06,1.351905,1.192443,1.230302,1.255359,1.165886,1.146753
2012-11-07,1.322358,1.170274,1.206672,1.239413,1.153575,1.139786
2012-11-08,1.304796,1.15845,1.193558,1.229998,1.147132,1.135661
2012-11-09,1.306242,1.158943,1.194517,1.230384,1.147006,1.135631
2012-11-12,1.308101,1.159928,1.19245,1.232188,1.148287,1.136834
2012-11-13,1.303349,1.152785,1.189665,1.229387,1.143927,1.135477
2012-11-14,1.28744,1.139238,1.17508,1.220085,1.135652,1.131008
2012-11-15,1.282481,1.137513,1.176924,1.217165,1.134559,1.129595
2012-11-16,1.289093,1.141208,1.187176,1.22076,1.136576,1.131195
2012-11-19,1.315333,1.165348,1.209346,1.235916,1.151132,1.138391
2012-11-20,1.316779,1.163869,1.209572,1.236023,1.149554,1.138025
2012-11-21,1.319672,1.167811,1.211857,1.237189,1.151456,1.138339
2012-11-23,1.336408,1.186531,1.22699,1.246968,1.16285,1.143036
2012-11-26,1.334755,1.183575,1.225894,1.245901,1.160962,1.142476
2012-11-27,1.32835,1.176432,1.219813,1.243154,1.157551,1.141624
2012-11-28,1.338267,1.186531,1.226757,1.249163,1.163905,1.14461
2012-11-29,1.34426,1.192936,1.234765,1.252905,1.168031,1.146519
2012-11-30,1.34302,1.193921,1.232842,1.251852,1.168309,1.14586
2012-12-03,1.338267,1.190965,1.228224,1.249484,1.166881,1.144914
2012-12-04,1.335788,1.192443,1.226946,1.248445,1.168142,1.144608
2012-12-05,1.338681,1.195891,1.228865,1.250453,1.170538,1.145721
2012-12-06,1.342814,1.200571,1.233439,1.25284,1.173361,1.146854
2012-12-07,1.346946,1.203035,1.23728,1.254327,1.173999,1.147134
2012-12-10,1.347772,1.203527,1.236728,1.255086,1.174561,1.147627
2012-12-11,1.35645,1.212888,1.242117,1.259705,1.179835,1.149634
2012-12-12,1.357483,1.215104,1.244269,1.259572,1.180484,1.149224
2012-12-13,1.349219,1.207469,1.23732,1.253843,1.174981,1.146051
2012-12-14,1.34488,1.208208,1.236276,1.251618,1.17569,1.145127
2012-12-17,1.360996,1.218306,1.250265,1.260084,1.180986,1.148747
2012-12-18,1.374839,1.230376,1.264672,1.267013,1.187259,1.151602
2012-12-19,1.364715,1.227913,1.263516,1.262176,1.186726,1.149714
2012-12-20,1.373186,1.235759,1.273952,1.267182,1.191563,1.152144
2012-12-21,1.360376,1.225297,1.263232,1.260456,1.18589,1.149271
2012-12-24,1.356422,1.223305,1.26061,1.254971,1.181673,1.145146
2012-12-26,1.349971,1.221312,1.255961,1.251638,1.180841,1.14375
2012-12-27,1.348722,1.222557,1.255503,1.25131,1.181963,1.143781
2012-12-28,1.333738,1.215085,1.242971,1.242767,1.177563,1.13985
2012-12-31,1.35663,1.231027,1.261119,1.255541,1.186752,1.14563
2013-01-02,1.390135,1.257929,1.292235,1.274163,1.202286,1.154125
2013-01-03,1.388886,1.250954,1.28793,1.271958,1.196854,1.152439
2013-01-04,1.394713,1.256932,1.290169,1.275952,1.201027,1.154681
2013-01-07,1.390967,1.250456,1.284239,1.273527,1.196969,1.153266
2013-01-08,1.386805,1.245724,1.276486,1.271724,1.194713,1.15267
2013-01-09,1.390967,1.251204,1.284239,1.273831,1.197684,1.153541
2013-01-10,1.401164,1.264406,1.293979,1.279439,1.205255,1.156081
2013-01-11,1.401789,1.263658,1.29555,1.280147,1.20517,1.156567
2013-01-14,1.40054,1.264406,1.297065,1.27946,1.205599,1.156256
2013-01-15,1.401164,1.26316,1.296307,1.280472,1.205515,1.157017
2013-01-16,1.401164,1.260669,1.291651,1.280411,1.204029,1.156962
2013-01-17,1.409905,1.268889,1.29889,1.284367,1.207941,1.158444
2013-01-18,1.413859,1.270135,1.303016,1.287331,1.2094,1.160068
2013-01-22,1.420726,1.275117,1.303604,1.290622,1.211798,1.161338
2013-01-23,1.422807,1.27412,1.301853,1.292556,1.211973,1.162572
2013-01-24,1.423639,1.276611,1.306664,1.292285,1.212713,1.162195
2013-01-25,1.431548,1.283586,1.314526,1.294994,1.215165,1.162604
2013-01-28,1.429883,1.278604,1.307622,1.293471,1.211735,1.161639
2013-01-29,1.435709,1.285579,1.316457,1.296128,1.215219,1.162594
2013-01-30,1.430091,1.283835,1.316682,1.292492,1.213703,1.1607
2013-01-31,1.426761,1.280348,1.315292,1.291572,1.212563,1.160771
2013-02-01,1.440496,1.292304,1.323065,1.297701,1.218076,1.162827
2013-02-04,1.42468,1.27412,1.313161,1.290768,1.209314,1.160486
2013-02-05,1.439248,1.282839,1.321476,1.297927,1.213509,1.163418
2013-02-06,1.440496,1.284084,1.327333,1.299831,1.215371,1.164832
2013-02-07,1.438623,1.277359,1.327279,1.298862,1.211572,1.16442
2013-02-08,1.446531,1.28508,1.330873,1.303089,1.215885,1.16628
2013-02-11,1.445907,1.283337,1.334735,1.302138,1.214312,1.165573
2013-02-12,1.448196,1.287322,1.333508,1.303518,1.216712,1.166253
2013-02-13,1.449445,1.289813,1.332768,1.303535,1.217509,1.165882
2013-02-14,1.451526,1.287821,1.330242,1.30541,1.217055,1.167138
2013-02-15,1.449653,1.284582,1.327859,1.303954,1.214796,1.16621
2013-02-19,1.459641,1.295791,1.340179,1.309264,1.221052,1.168532
2013-02-20,1.441537,1.281095,1.329563,1.299673,1.212968,1.164429
2013-02-21,1.434669,1.267893,1.320437,1.296383,1.205857,1.163084
2013-02-22,1.447155,1.280846,1.334771,1.303493,1.213515,1.16649
2013-02-25,1.419893,1.256932,1.311599,1.290144,1.201352,1.161113
2013-02-26,1.429467,1.264904,1.325201,1.295653,1.206153,1.163718
2013-02-27,1.447363,1.278853,1.336459,1.305373,1.214038,1.168141
2013-02-28,1.445699,1.276362,1.336928,1.304701,1.212839,1.167947
2013-03-01,1.449445,1.2796,1.343246,1.307042,1.21496,1.169134
2013-03-04,1.45756,1.282589,1.350855,1.311383,1.21656,1.17097
2013-03-05,1.470047,1.294546,1.359756,1.317945,1.223128,1.173879
2013-03-06,1.472752,1.296539,1.366562,1.318579,1.223466,1.173704
2013-03-07,1.475457,1.301271,1.364441,1.319335,1.225489,1.17379
2013-03-08,1.481284,1.306503,1.370173,1.321136,1.227165,1.173895
2013-03-11,1.486695,1.310239,1.376022,1.323869,1.229078,1.175098
2013-03-12,1.483366,1.303513,1.369587,1.323013,1.226142,1.175077
2013-03-13,1.485446,1.302766,1.373269,1.323547,1.225138,1.175118
2013-03-14,1.493354,1.311983,1.380743,1.328079,1.230596,1.177253
2013-03-15,1.491273,1.308246,1.38327,1.327545,1.229029,1.177288
2013-03-18,1.483157,1.299777,1.376048,1.324057,1.225093,1.176074
2013-03-19,1.479619,1.29081,1.376075,1.322416,1.220238,1.175469
2013-03-20,1.489817,1.302019,1.385815,1.327537,1.226206,1.177568
2013-03-21,1.477746,1.291806,1.37796,1.321021,1.220464,1.174671
2013-03-22,1.488514,1.300652,1.386519,1.32743,1.225997,1.177871
2013-03-25,1.484333,1.292905,1.379918,1.32507,1.221497,1.176699
2013-03-26,1.495415,1.302651,1.39101,1.331347,1.227258,1.1797
2013-03-27,1.494578,1.301152,1.392405,1.331924,1.227377,1.180355
2013-03-28,1.497923,1.306399,1.393806,1.333825,1.230444,1.18132
2013-04-01,1.493742,1.295155,1.374787,1.33199,1.224435,1.180624
2013-04-02,1.501059,1.302901,1.384593,1.336075,1.228934,1.182577
2013-04-03,1.486005,1.288658,1.373245,1.328102,1.221055,1.179029
2013-04-04,1.49186,1.295904,1.393741,1.332791,1.226597,1.181818
2013-04-05,1.486005,1.291656,1.39226,1.330979,1.225489,1.181711
2013-04-08,1.495205,1.297903,1.402515,1.335794,1.228841,1.18378
2013-04-09,1.500642,1.301901,1.40256,1.338233,1.230613,1.184635
2013-04-10,1.519042,1.319643,1.423458,1.347372,1.239863,1.188331
2013-04-11,1.52406,1.326141,1.431768,1.350377,1.243821,1.189727
2013-04-12,1.520715,1.320393,1.430368,1.349761,1.24168,1.190078
2013-04-15,1.486005,1.287658,1.40429,1.331224,1.223427,1.181932
2013-04-16,1.506914,1.308649,1.422164,1.3426,1.235349,1.187029
2013-04-17,1.484751,1.285409,1.404638,1.330656,1.222253,1.181731
2013-04-18,1.472624,1.279412,1.393642,1.324293,1.219102,1.178912
2013-04-19,1.488306,1.293655,1.408503,1.332489,1.226867,1.182505
2013-04-22,1.494996,1.297903,1.412468,1.336842,1.229938,1.184781
2013-04-23,1.510887,1.312396,1.427078,1.345458,1.238133,1.188628
2013-04-24,1.511306,1.317894,1.430066,1.345566,1.241171,1.188622
2013-04-25,1.517996,1.32539,1.436748,1.348939,1.245181,1.189935
2013-04-26,1.514651,1.321892,1.433407,1.347773,1.24381,1.189712
2013-04-29,1.524478,1.334886,1.442518,1.353606,1.251666,1.192548
2013-04-30,1.529288,1.341383,1.44914,1.356251,1.255391,1.193745
2013-05-01,1.515487,1.328389,1.435115,1.349532,1.248761,1.191097
2013-05-02,1.529078,1.338634,1.445899,1.357129,1.254753,1.194669
2013-05-03,1.543505,1.353128,1.461496,1.36261,1.260749,1.195964
2013-05-06,1.548315,1.354627,1.462685,1.365194,1.261552,1.197107
2013-05-07,1.556259,1.360374,1.468631,1.369072,1.264384,1.198641
2013-05-08,1.564414,1.36987,1.477818,1.374048,1.270293,1.201193
2013-05-09,1.559815,1.363123,1.471333,1.370721,1.265671,1.199325
2013-05-10,1.56525,1.363623,1.47487,1.372423,1.264743,1.199436
2013-05-13,1.565042,1.362623,1.480555,1.371756,1.263648,1.19896
2013-05-14,1.58156,1.371369,1.494407,1.379859,1.267738,1.20211
2013-05-15,1.590551,1.376617,1.504527,1.385417,1.271327,1.204905
2013-05-16,1.583233,1.36937,1.492779,1.382128,1.267865,1.203749
2013-05-17,1.598287,1.380615,1.509948,1.389303,1.273272,1.206574
2013-05-20,1.598287,1.382115,1.513053,1.38918,1.274016,1.206387
2013-05-21,1.600378,1.384113,1.51713,1.390821,1.275625,1.207428
2013-05-22,1.589715,1.37012,1.505147,1.38324,1.26598,1.203217
2013-05-23,1.584069,1.363873,1.481682,1.380074,1.26234,1.201755
2013-05-24,1.581978,1.355626,1.472172,1.378985,1.257669,1.20129
2013-05-28,1.593269,1.360874,1.476803,1.382374,1.258016,1.201472
2013-05-29,1.581142,1.350629,1.461539,1.376134,1.252546,1.198916
2013-05-30,1.588041,1.357126,1.463699,1.379499,1.255867,1.200169
2013-05-31,1.564832,1.333887,1.438896,1.365876,1.24173,1.193687
2013-06-03,1.572987,1.342133,1.439158,1.369901,1.246024,1.195301
2013-06-04,1.568177,1.337135,1.448058,1.367071,1.242984,1.193936
2013-06-05,1.544133,1.314645,1.416113,1.353663,1.229913,1.18778
2013-06-06,1.556259,1.325641,1.423616,1.361008,1.236856,1.191337
2013-06-07,1.578006,1.337635,1.453677,1.371677,1.242517,1.19566
2013-06-10,1.577378,1.338384,1.458702,1.370042,1.241729,1.194259
2013-06-11,1.561278,1.320643,1.439688,1.361434,1.231787,1.190548
2013-06-12,1.549151,1.313396,1.432961,1.353781,1.226704,1.186561
2013-06-13,1.571524,1.332887,1.457609,1.368296,1.239968,1.194212
2013-06-14,1.561905,1.321392,1.437768,1.36356,1.233898,1.192242
2013-06-17,1.574451,1.335136,1.457185,1.370091,1.241432,1.195033
2013-06-18,1.586578,1.345132,1.472449,1.37633,1.246758,1.197663
2013-06-19,1.56546,1.321392,1.453275,1.361767,1.230361,1.189732
2013-06-20,1.525732,1.281161,1.409573,1.335372,1.203,1.175719
2013-06-21,1.530542,1.28366,1.427837,1.335989,1.202519,1.175156
2013-06-24,1.511187,1.263471,1.403213,1.322948,1.188681,1.168164
2013-06-25,1.526318,1.280358,1.418491,1.332437,1.199467,1.172991
2013-06-26,1.540608,1.290187,1.42585,1.342016,1.206727,1.178108
2013-06-27,1.550905,1.303545,1.442956,1.349645,1.216242,1.182378
2013-06-28,1.541238,1.298252,1.440173,1.344575,1.213439,1.180193
2013-07-01,1.552797,1.309091,1.453151,1.351775,1.22045,1.183912
2013-07-02,1.550485,1.301781,1.454765,1.350627,1.216375,1.183372
2013-07-03,1.551956,1.303798,1.456111,1.351067,1.217183,1.183479
2013-07-05,1.569189,1.313123,1.473171,1.355002,1.217301,1.182752
2013-07-08,1.577385,1.318163,1.475386,1.361726,1.222283,1.18665
2013-07-09,1.589363,1.326985,1.485519,1.368867,1.227865,1.190135
2013-07-10,1.589783,1.328749,1.484233,1.367867,1.227715,1.189124
2013-07-11,1.612269,1.357986,1.512116,1.383558,1.247618,1.197737
2013-07-12,1.61269,1.35471,1.51161,1.383112,1.2451,1.197228
2013-07-15,1.618573,1.361767,1.519726,1.387702,1.250426,1.19992
2013-07-16,1.612479,1.357734,1.511863,1.38509,1.24881,1.199071
2013-07-17,1.616472,1.363279,1.518748,1.388393,1.253035,1.20107
2013-07-18,1.625719,1.370336,1.527104,1.392678,1.256327,1.202723
2013-07-19,1.628661,1.370336,1.52551,1.39559,1.257547,1.204627
2013-07-22,1.631603,1.376637,1.528594,1.397515,1.261451,1.205639
2013-07-23,1.62824,1.377393,1.526016,1.395543,1.261769,1.20469
2013-07-24,1.622146,1.372856,1.518154,1.390591,1.257657,1.201798
2013-07-25,1.625088,1.375629,1.511494,1.392024,1.259072,1.202212
2013-07-26,1.62719,1.3721,1.502338,1.393549,1.257397,1.20307
2013-07-29,1.622356,1.364791,1.489449,1.390829,1.253147,1.201886
2013-07-30,1.622567,1.363783,1.493484,1.390637,1.252279,1.201584
2013-07-31,1.622986,1.365294,1.493367,1.391423,1.253669,1.202266
2013-08-01,1.642741,1.383442,1.518303,1.399855,1.261782,1.204909
2013-08-02,1.645263,1.387475,1.52696,1.402846,1.265608,1.207066
2013-08-05,1.644212,1.38445,1.527445,1.402454,1.264048,1.206972
2013-08-06,1.634335,1.377897,1.521407,1.396713,1.26,1.204232
2013-08-07,1.628661,1.370084,1.509141,1.394333,1.256217,1.203414
2013-08-08,1.634335,1.382434,1.510495,1.3977,1.263532,1.205051
2013-08-09,1.629712,1.381426,1.507876,1.395775,1.263536,1.204533
2013-08-12,1.62761,1.38067,1.506119,1.393693,1.26223,1.203172
2013-08-13,1.633915,1.387223,1.514119,1.395433,1.264357,1.203177
2013-08-14,1.624668,1.384198,1.505764,1.390101,1.26239,1.200651
2013-08-15,1.600922,1.368067,1.484076,1.375252,1.251451,1.193115
2013-08-16,1.596298,1.366303,1.481068,1.371414,1.249217,1.19079
2013-08-19,1.586211,1.355214,1.473335,1.364448,1.241519,1.186917
2013-08-20,1.592515,1.359498,1.473539,1.369334,1.245315,1.189848
2013-08-21,1.584319,1.345384,1.46197,1.362914,1.235416,1.186074
2013-08-22,1.598189,1.357482,1.473724,1.371035,1.242819,1.1899
2013-08-23,1.603443,1.366303,1.484547,1.375343,1.249217,1.19257
2013-08-26,1.598399,1.360002,1.476199,1.373434,1.246419,1.19202
2013-08-27,1.572131,1.336058,1.454429,1.360222,1.233853,1.186596
2013-08-28,1.577385,1.338075,1.459017,1.362247,1.234194,1.187122
2013-08-29,1.579906,1.338831,1.460268,1.364127,1.235093,1.188272
2013-08-30,1.572972,1.331774,1.447181,1.359635,1.230406,1.18593
2013-09-03,1.582218,1.343872,1.463721,1.363613,1.236299,1.187231
2013-09-04,1.595457,1.357734,1.478961,1.370275,1.243665,1.189968
2013-09-05,1.595036,1.360506,1.477518,1.366643,1.242046,1.186783
2013-09-06,1.597769,1.364035,1.480856,1.370001,1.245819,1.189144
2013-09-09,1.61353,1.382686,1.502413,1.379905,1.257682,1.194039
2013-09-10,1.625719,1.396043,1.513852,1.385558,1.26435,1.196198
2013-09-11,1.630763,1.400076,1.514017,1.389692,1.267946,1.198686
2013-09-12,1.626769,1.392767,1.5083,1.387372,1.263638,1.19758
2013-09-13,1.630132,1.397304,1.512827,1.390025,1.266998,1.199221
2013-09-16,1.640009,1.407134,1.5251,1.396075,1.273219,1.202165
2013-09-17,1.646734,1.41041,1.527527,1.400206,1.275506,1.204232
2013-09-18,1.666488,1.438134,1.554412,1.415027,1.295139,1.212812
2013-09-19,1.663755,1.433598,1.550295,1.412968,1.292012,1.211628
2013-09-20,1.650727,1.420743,1.53792,1.405741,1.284582,1.208251
2013-09-23,1.644665,1.418592,1.535534,1.402778,1.283699,1.207077
2013-09-24,1.641074,1.416061,1.533588,1.401854,1.283239,1.207135
2013-09-25,1.635794,1.414795,1.528982,1.400002,1.283505,1.206772
2013-09-26,1.642341,1.419351,1.540648,1.402861,1.285418,1.207731
2013-09-27,1.635372,1.414795,1.532605,1.399152,1.282921,1.206107
2013-09-30,1.62629,1.406188,1.522798,1.394466,1.278277,1.204125
2013-10-01,1.638751,1.417326,1.528958,1.400712,1.284092,1.206754
2013-10-02,1.636639,1.415301,1.525246,1.400108,1.283457,1.206734
2013-10-03,1.622066,1.406948,1.512255,1.392341,1.2789,1.203328
2013-10-04,1.633893,1.41277,1.520731,1.398288,1.281713,1.205769
2013-10-07,1.619954,1.401378,1.503086,1.390994,1.275531,1.202634
2013-10-08,1.601157,1.386443,1.489296,1.380471,1.266791,1.197783
2013-10-09,1.601157,1.389228,1.499819,1.380161,1.268095,1.197427
2013-10-10,1.637273,1.417833,1.529945,1.400147,1.284616,1.206459
2013-10-11,1.646988,1.427705,1.537046,1.405675,1.290453,1.208972
2013-10-14,1.65417,1.431249,1.542499,1.408633,1.29155,1.209862
2013-10-15,1.641919,1.421377,1.53063,1.401773,1.285772,1.206699
2013-10-16,1.664307,1.437071,1.549485,1.416192,1.29676,1.214259
2013-10-17,1.675712,1.451247,1.560804,1.424199,1.306526,1.218671
2013-10-18,1.686906,1.459853,1.568477,1.430912,1.311987,1.22204
2013-10-21,1.687751,1.461373,1.569417,1.430757,1.312274,1.221689
2013-10-22,1.696832,1.471751,1.577665,1.437363,1.319746,1.22541
2013-10-23,1.689019,1.458841,1.562837,1.433313,1.312576,1.223689
2013-10-24,1.69451,1.466688,1.571086,1.436333,1.317076,1.224981
2013-10-25,1.702324,1.468207,1.569156,1.441188,1.318474,1.227508
2013-10-28,1.704437,1.467954,1.57209,1.441916,1.317919,1.227641
2013-10-29,1.714891,1.471498,1.5824,1.448038,1.320302,1.230506
2013-10-30,1.705281,1.465929,1.576147,1.442195,1.316582,1.227608
2013-10-31,1.698946,1.458335,1.569686,1.438711,1.312227,1.22603
2013-11-01,1.703802,1.457575,1.56778,1.440022,1.310509,1.226007
2013-11-04,1.711512,1.465929,1.573186,1.444572,1.315592,1.228209
2013-11-05,1.706337,1.455044,1.565921,1.440236,1.307944,1.22557
2013-11-06,1.714258,1.461879,1.577311,1.445461,1.312684,1.228406
2013-11-07,1.692292,1.441374,1.554444,1.434375,1.301863,1.223759
2013-11-08,1.715524,1.454032,1.573069,1.44386,1.306015,1.226564
2013-11-11,1.715207,1.455044,1.572083,1.443251,1.306186,1.226167
2013-11-12,1.712146,1.450994,1.575937,1.441318,1.303628,1.225179
2013-11-13,1.725346,1.459094,1.588034,1.449944,1.309563,1.229705
2013-11-14,1.734956,1.465929,1.598184,1.456657,1.31483,1.233317
2013-11-15,1.742454,1.476561,1.609689,1.460967,1.321103,1.235353
2013-11-18,1.736011,1.475801,1.604717,1.458356,1.321547,1.234592
2013-11-19,1.732632,1.470992,1.59979,1.455504,1.317851,1.23285
2013-11-20,1.727141,1.463904,1.596217,1.451118,1.312497,1.230245
2013-11-21,1.740658,1.473777,1.606961,1.458551,1.318159,1.233687
2013-11-22,1.749528,1.479345,1.612344,1.464547,1.322407,1.236834
2013-11-25,1.748473,1.473777,1.608149,1.46434,1.319565,1.236908
2013-11-26,1.747628,1.474283,1.605651,1.463937,1.319914,1.236754
2013-11-27,1.752381,1.479852,1.610692,1.466364,1.322932,1.237844
2013-11-29,1.749846,1.480864,1.608653,1.465219,1.323746,1.237287
2013-12-02,1.7471,1.470739,1.605697,1.461811,1.316149,1.23496
2013-12-03,1.740341,1.462891,1.59935,1.458592,1.312119,1.233803
2013-12-04,1.738335,1.457575,1.594537,1.456742,1.308365,1.232626
2013-12-05,1.731681,1.452259,1.58631,1.452211,1.304495,1.23018
2013-12-06,1.751325,1.469726,1.604938,1.46376,1.315216,1.235749
2013-12-09,1.755337,1.470992,1.607549,1.466465,1.316412,1.237199
2013-12-10,1.749317,1.468713,1.604411,1.464212,1.316103,1.236583
2013-12-11,1.729464,1.451753,1.587206,1.452423,1.305555,1.230924
2013-12-12,1.723762,1.444919,1.585054,1.44798,1.300403,1.22832
2013-12-13,1.723233,1.444413,1.580813,1.448249,1.300641,1.228696
2013-12-16,1.734217,1.455297,1.585232,1.454476,1.307059,1.231525
2013-12-17,1.728092,1.449475,1.581636,1.452042,1.304601,1.230845
2013-12-18,1.758188,1.469473,1.610173,1.468406,1.315893,1.238248
2013-12-19,1.756604,1.469726,1.605215,1.466602,1.315157,1.237007
2013-12-20,1.765476,1.477981,1.612559,1.472414,1.320772,1.239987
2013-12-23,1.784167,1.489701,1.629041,1.482071,1.326906,1.244079
2013-12-24,1.780068,1.493268,1.620091,1.478762,1.327956,1.242103
2013-12-26,1.78835,1.498618,1.632941,1.482567,1.330317,1.243487
2013-12-27,1.788456,1.503205,1.635366,1.482626,1.332947,1.243588
2013-12-30,1.787713,1.507281,1.639202,1.483029,1.33605,1.244139
2013-12-31,1.795994,1.513396,1.645376,1.487395,1.33938,1.24588
2014-01-02,1.779856,1.490975,1.627021,1.478957,1.326935,1.242257
2014-01-03,1.778264,1.492504,1.628864,1.478237,1.327818,1.242067
2014-01-06,1.773803,1.488427,1.624375,1.47653,1.326105,1.241485
2014-01-07,1.784847,1.495306,1.633485,1.482775,1.330441,1.2445
2014-01-08,1.785589,1.495561,1.634778,1.481225,1.328854,1.243043
2014-01-09,1.786651,1.495306,1.633822,1.482862,1.329712,1.244114
2014-01-10,1.790792,1.505497,1.639742,1.487806,1.337737,1.247481
2014-01-13,1.76807,1.488681,1.621932,1.47729,1.329487,1.243406
2014-01-14,1.786439,1.502185,1.63246,1.485562,1.335902,1.246507
2014-01-15,1.796526,1.506771,1.642594,1.490222,1.33802,1.24831
2014-01-16,1.793765,1.507281,1.639192,1.490175,1.339485,1.248848
2014-01-17,1.786015,1.501675,1.635459,1.486975,1.337088,1.247702
2014-01-21,1.791642,1.505752,1.639877,1.489781,1.339265,1.248962
2014-01-22,1.792703,1.509574,1.641783,1.489276,1.340378,1.248315
2014-01-23,1.778264,1.495816,1.622732,1.483701,1.334489,1.246656
2014-01-24,1.74004,1.457089,1.590914,1.466195,1.3152,1.239873
2014-01-27,1.731545,1.449445,1.579346,1.460852,1.310125,1.237164
2014-01-28,1.742269,1.46142,1.590297,1.466715,1.316984,1.239844
2014-01-29,1.724113,1.446643,1.57827,1.458992,1.310285,1.23724
2014-01-30,1.743437,1.461165,1.591453,1.468627,1.31804,1.241287
2014-01-31,1.732606,1.446133,1.57185,1.464039,1.310741,1.239619
2014-02-03,1.694702,1.417343,1.538193,1.447073,1.297101,1.233305
2014-02-04,1.706168,1.429063,1.545939,1.451827,1.302496,1.234979
2014-02-05,1.703302,1.428044,1.544922,1.44914,1.300823,1.233241
2014-02-06,1.72613,1.45021,1.564844,1.4603,1.31246,1.237835
2014-02-07,1.748428,1.466516,1.586471,1.472157,1.321832,1.243207
2014-02-10,1.751188,1.465497,1.586193,1.473903,1.321619,1.244014
2014-02-11,1.770512,1.48486,1.605099,1.482279,1.33083,1.247003
2014-02-12,1.772105,1.487663,1.605301,1.482038,1.331398,1.246549
2014-02-13,1.780812,1.493013,1.606784,1.487858,1.335582,1.249614
2014-02-14,1.790261,1.500402,1.610787,1.492347,1.339328,1.251406
2014-02-18,1.792916,1.507026,1.622705,1.494484,1.343595,1.252564
2014-02-19,1.780599,1.497344,1.609101,1.487826,1.337961,1.249632
2014-02-20,1.790686,1.505752,1.612694,1.492781,1.342384,1.251682
2014-02-21,1.789837,1.506006,1.615829,1.492802,1.342919,1.251796
2014-02-24,1.798331,1.515434,1.626579,1.496888,1.34782,1.253531
2014-02-25,1.797694,1.511612,1.624536,1.497755,1.346841,1.254392
2014-02-26,1.797694,1.511867,1.622492,1.499012,1.348106,1.255449
2014-02-27,1.807674,1.517472,1.628879,1.504728,1.351763,1.258078
2014-02-28,1.811709,1.521548,1.633913,1.506296,1.353542,1.258632
2014-03-03,1.799286,1.500911,1.614927,1.501378,1.343666,1.257102
2014-03-04,1.824981,1.526389,1.643224,1.512112,1.355408,1.260657
2014-03-05,1.825299,1.527154,1.638113,1.513086,1.356548,1.26149
2014-03-06,1.83114,1.534033,1.650844,1.514515,1.35889,1.261467
2014-03-07,1.830715,1.529192,1.647301,1.512525,1.354709,1.259802
2014-03-10,1.831034,1.522313,1.645462,1.513054,1.351368,1.26018
2014-03-11,1.820947,1.514414,1.634101,1.50795,1.347084,1.258006
2014-03-12,1.822221,1.512886,1.63042,1.509847,1.347399,1.259332
2014-03-13,1.802047,1.492504,1.609744,1.501568,1.338112,1.256602
2014-03-14,1.796844,1.490975,1.6011,1.498603,1.336963,1.255201
2014-03-17,1.812984,1.503714,1.616333,1.505835,1.343034,1.257896
2014-03-18,1.825831,1.515179,1.624145,1.512907,1.349755,1.261146
2014-03-19,1.81585,1.500402,1.615305,1.505113,1.339336,1.256772
2014-03-20,1.826149,1.503205,1.615355,1.509729,1.340366,1.25841
2014-03-21,1.820097,1.500657,1.609438,1.508417,1.340536,1.258657
2014-03-24,1.812408,1.499382,1.606153,1.504657,1.339922,1.257109
2014-03-25,1.82126,1.508709,1.613862,1.508922,1.344769,1.258838
2014-03-26,1.807821,1.50256,1.608532,1.503854,1.34295,1.257313
2014-03-27,1.804193,1.506403,1.612752,1.502638,1.345534,1.257051
2014-03-28,1.812193,1.515884,1.622777,1.505514,1.349599,1.257792
2014-03-31,1.82766,1.528952,1.632674,1.513225,1.356577,1.261031
2014-04-01,1.839926,1.540227,1.641749,1.518672,1.361998,1.263038
2014-04-02,1.846219,1.542533,1.649864,1.52062,1.362161,1.263356
2014-04-03,1.843339,1.539201,1.645568,1.519705,1.360849,1.263272
2014-04-04,1.821153,1.525878,1.629328,1.510427,1.355335,1.260043
2014-04-07,1.801527,1.515371,1.612273,1.501757,1.350725,1.25687
2014-04-08,1.808993,1.521009,1.607239,1.505926,1.354136,1.258808
2014-04-09,1.828513,1.538945,1.62627,1.515508,1.36358,1.26277
2014-04-10,1.789475,1.510503,1.588208,1.497904,1.350059,1.256157
2014-04-11,1.773368,1.498716,1.576267,1.490246,1.344099,1.253097
2014-04-14,1.787661,1.506916,1.591545,1.497297,1.348411,1.256027
2014-04-15,1.800034,1.50666,1.599053,1.503763,1.348541,1.258867
2014-04-16,1.81902,1.522546,1.619787,1.512857,1.35669,1.26253
2014-04-17,1.821153,1.528696,1.622378,1.51236,1.358574,1.261748
2014-04-21,1.827873,1.531002,1.626678,1.515859,1.359939,1.263198
2014-04-22,1.835873,1.536639,1.628527,1.519847,1.362949,1.264792
2014-04-23,1.8315,1.533564,1.626955,1.518633,1.362174,1.264769
2014-04-24,1.835553,1.534333,1.627913,1.520803,1.362718,1.265743
2014-04-25,1.820833,1.52229,1.615633,1.513686,1.356487,1.262847
2014-04-28,1.82638,1.526902,1.621635,1.515783,1.35835,1.263447
2014-04-29,1.835126,1.534589,1.628457,1.520441,1.362721,1.265528
2014-04-30,1.840886,1.540227,1.630917,1.524651,1.366932,1.267858
2014-05-01,1.840993,1.543301,1.636708,1.526179,1.369897,1.269038
2014-05-02,1.838006,1.543813,1.63398,1.525359,1.370771,1.269057
2014-05-05,1.841846,1.54407,1.63521,1.526604,1.370307,1.269298
2014-05-06,1.825847,1.537152,1.623746,1.519223,1.367148,1.266367
2014-05-07,1.83662,1.543557,1.628596,1.524892,1.370835,1.268873
2014-05-08,1.834379,1.541252,1.625527,1.524073,1.369871,1.268654
2014-05-09,1.837579,1.541763,1.631254,1.524924,1.369477,1.26878
2014-05-12,1.854965,1.555344,1.642788,1.532996,1.376194,1.271838
2014-05-13,1.856671,1.554575,1.650012,1.534964,1.376786,1.273215
2014-05-14,1.847712,1.550732,1.641826,1.532061,1.376137,1.272653
2014-05-15,1.831073,1.539714,1.626682,1.524883,1.371255,1.270107
2014-05-16,1.838219,1.546632,1.632072,1.528445,1.37495,1.271604
2014-05-19,1.844512,1.548169,1.636917,1.53136,1.37557,1.272734
2014-05-20,1.832354,1.53792,1.623822,1.525596,1.370365,1.270439
2014-05-21,1.848246,1.548426,1.639305,1.532997,1.375507,1.273247
2014-05-22,1.853258,1.554575,1.64701,1.535124,1.378457,1.273984
2014-05-23,1.860938,1.561238,1.656421,1.539549,1.382549,1.276173
2014-05-27,1.871924,1.568412,1.66713,1.545622,1.386914,1.278893
2014-05-28,1.870005,1.565593,1.663858,1.546676,1.387213,1.280261
2014-05-29,1.880672,1.575074,1.675998,1.551473,1.391809,1.281976
2014-05-30,1.883124,1.571743,1.678385,1.5521,1.389495,1.28207
2014-06-02,1.885684,1.577892,1.685746,1.551876,1.391433,1.281265
2014-06-03,1.884511,1.575587,1.684178,1.549798,1.388862,1.279765
2014-06-04,1.887924,1.577124,1.689632,1.551574,1.38975,1.280542
2014-06-05,1.900724,1.588911,1.699049,1.558627,1.396647,1.283787
2014-06-06,1.90979,1.597623,1.704851,1.563073,1.401232,1.285622
2014-06-09,1.911709,1.599416,1.70567,1.563508,1.401721,1.285667
2014-06-10,1.912136,1.598135,1.701855,1.562526,1.399965,1.284753
2014-06-11,1.90595,1.592498,1.699123,1.559665,1.397155,1.283564
2014-06-12,1.891764,1.586349,1.691681,1.554161,1.395278,1.281992
2014-06-13,1.897737,1.590704,1.697955,1.556989,1.39747,1.283036
2014-06-16,1.899337,1.589679,1.698979,1.557637,1.396789,1.283327
2014-06-17,1.90435,1.592754,1.701369,1.558718,1.397158,1.283104
2014-06-18,1.918536,1.601979,1.716988,1.567359,1.403491,1.287472
2014-06-19,1.920882,1.604797,1.727074,1.568006,1.404527,1.287524
2014-06-20,1.924722,1.60736,1.72994,1.570293,1.40623,1.288642
2014-06-23,1.923854,1.604797,1.725296,1.569637,1.404661,1.288272
2014-06-24,1.912498,1.596872,1.718029,1.565095,1.401434,1.286835
2014-06-25,1.92064,1.599712,1.724968,1.569975,1.403686,1.289148
2014-06-26,1.919676,1.599454,1.722705,1.570316,1.404285,1.289636
2014-06-27,1.922997,1.604875,1.723596,1.571972,1.40718,1.290413
2014-06-30,1.922461,1.606424,1.725722,1.572227,1.408476,1.290658
2014-07-01,1.935962,1.620105,1.743005,1.577776,1.414721,1.292573
2014-07-02,1.937354,1.621396,1.742661,1.576825,1.413934,1.291483
2014-07-03,1.947105,1.628624,1.747254,1.580938,1.417123,1.292815
2014-07-07,1.940783,1.618298,1.739504,1.578534,1.41228,1.292201
2014-07-08,1.928247,1.605391,1.729836,1.573406,1.406395,1.290519
2014-07-09,1.936283,1.612103,1.738271,1.578011,1.410515,1.292622
2014-07-10,1.928891,1.601519,1.724897,1.574475,1.404998,1.2912
2014-07-11,1.931462,1.602035,1.727365,1.576654,1.406079,1.292492
2014-07-14,1.940998,1.611587,1.73923,1.580511,1.410374,1.293735
2014-07-15,1.937676,1.606683,1.738751,1.578406,1.407352,1.292663
2014-07-16,1.945069,1.613651,1.744304,1.582316,1.411275,1.294399
2014-07-17,1.922248,1.593775,1.726409,1.572584,1.402138,1.291003
2014-07-18,1.942497,1.610553,1.741836,1.58268,1.411097,1.295161
2014-07-21,1.938318,1.60694,1.738339,1.580596,1.409168,1.294368
2014-07-22,1.946998,1.614943,1.745539,1.585747,1.41418,1.296795
2014-07-23,1.951604,1.619072,1.748898,1.587744,1.416116,1.29759
2014-07-24,1.951604,1.620363,1.746429,1.586547,1.415732,1.296584
2014-07-25,1.942283,1.613651,1.74211,1.583022,1.413155,1.295575
2014-07-28,1.94314,1.613651,1.74554,1.5833,1.41302,1.295629
2014-07-29,1.934891,1.606424,1.739027,1.579711,1.409631,1.294341
2014-07-30,1.934891,1.607198,1.739438,1.577392,1.407964,1.292394
2014-07-31,1.895998,1.578286,1.707142,1.557328,1.391921,1.283603
2014-08-01,1.89139,1.572865,1.703782,1.557069,1.390856,1.284432
2014-08-04,1.904676,1.582933,1.713106,1.564518,1.396972,1.287907
2014-08-05,1.88539,1.566928,1.692946,1.554078,1.387685,1.283094
2014-08-06,1.886569,1.565121,1.69123,1.55534,1.387325,1.283908
2014-08-07,1.87639,1.555569,1.683071,1.551615,1.383436,1.282992
2014-08-08,1.898141,1.567186,1.697812,1.562009,1.389235,1.287087
2014-08-11,1.903497,1.574672,1.705767,1.56498,1.393502,1.28846
2014-08-12,1.901247,1.572865,1.703504,1.563333,1.392066,1.287548
2014-08-13,1.91464,1.582158,1.71619,1.571135,1.398037,1.291378
2014-08-14,1.922997,1.589644,1.722361,1.575901,1.402572,1.29355
2014-08-15,1.922461,1.58887,1.722841,1.576758,1.403168,1.294464
2014-08-18,1.938426,1.602551,1.734703,1.583443,1.409331,1.296655
2014-08-19,1.948712,1.606683,1.741697,1.588497,1.411469,1.298827
2014-08-20,1.954068,1.607973,1.742243,1.590268,1.411351,1.299112
2014-08-21,1.95964,1.611328,1.748278,1.59372,1.413748,1.300927
2014-08-22,1.956533,1.60978,1.742585,1.592171,1.412922,1.300276
2014-08-25,1.966712,1.617266,1.750745,1.597471,1.417121,1.302596
2014-08-26,1.968319,1.618814,1.749304,1.598572,1.418217,1.303185
2014-08-27,1.967997,1.621654,1.74704,1.599386,1.420608,1.303854
2014-08-28,1.966498,1.616233,1.744846,1.599463,1.418453,1.304315
2014-08-29,1.971319,1.620105,1.747108,1.601867,1.42052,1.305324
2014-09-02,1.970783,1.622687,1.751704,1.599488,1.420004,1.303357
2014-09-03,1.969926,1.626043,1.751567,1.600113,1.42274,1.304143
2014-09-04,1.966712,1.62088,1.747864,1.597459,1.41904,1.302504
2014-09-05,1.97614,1.624494,1.751839,1.601934,1.420767,1.304371
2014-09-08,1.971104,1.614685,1.748205,1.598973,1.415125,1.302856
2014-09-09,1.958354,1.606166,1.73593,1.591564,1.409632,1.299303
2014-09-10,1.966069,1.611587,1.746218,1.594283,1.411516,1.300054
2014-09-11,1.96789,1.608231,1.746148,1.594741,1.40932,1.299975
2014-09-12,1.956212,1.600228,1.737029,1.587942,1.40417,1.296709
2014-09-15,1.954926,1.596872,1.736618,1.587601,1.402648,1.296692
2014-09-16,1.969497,1.607456,1.746765,1.59464,1.408097,1.299554
2014-09-17,1.972283,1.601519,1.744432,1.595278,1.404253,1.299507
2014-09-18,1.982569,1.609522,1.753895,1.600481,1.408593,1.301805
2014-09-19,1.98064,1.603068,1.753484,1.600797,1.406293,1.302474
2014-09-22,1.96531,1.591193,1.743263,1.593905,1.400626,1.299895
2014-09-23,1.954222,1.580351,1.735344,1.588678,1.395106,1.297826
2014-09-24,1.96994,1.593034,1.748283,1.596138,1.401542,1.300801
2014-09-25,1.93829,1.567097,1.726796,1.581862,1.38904,1.295437
2014-09-26,1.953899,1.576175,1.740488,1.589042,1.393348,1.2982
2014-09-29,1.950024,1.568395,1.735127,1.587862,1.389868,1.297938
2014-09-30,1.944103,1.56606,1.728458,1.58476,1.388486,1.296654
2014-10-01,1.918589,1.542717,1.704311,1.574681,1.378392,1.29353
2014-10-02,1.918481,1.538048,1.695187,1.574176,1.375493,1.293128
2014-10-03,1.939904,1.549201,1.714658,1.58448,1.381111,1.297135
2014-10-06,1.937536,1.550757,1.711907,1.58473,1.383225,1.29784
2014-10-07,1.907824,1.528971,1.690014,1.571497,1.37301,1.293028
2014-10-08,1.941196,1.552833,1.71425,1.589791,1.387237,1.301407
2014-10-09,1.90201,1.517299,1.677239,1.569276,1.367385,1.29238
2014-10-10,1.880695,1.495512,1.657014,1.559176,1.356224,1.288359
2014-10-13,1.849799,1.485138,1.633128,1.545578,1.352305,1.283407
2014-10-14,1.852813,1.487212,1.637938,1.547909,1.354156,1.284653
2014-10-15,1.839034,1.477357,1.626651,1.54247,1.350176,1.282969
2014-10-16,1.837849,1.475541,1.624247,1.540825,1.348261,1.281917
2014-10-17,1.860564,1.493956,1.64084,1.551699,1.357689,1.286294
2014-10-20,1.878865,1.506925,1.661605,1.56135,1.365087,1.290568
2014-10-21,1.91536,1.528711,1.684135,1.578641,1.37591,1.29737
2014-10-22,1.902334,1.515224,1.676211,1.571996,1.368573,1.294597
2014-10-23,1.924188,1.531305,1.693077,1.58101,1.375472,1.297511
2014-10-24,1.938613,1.539345,1.703953,1.58873,1.380239,1.300975
2014-10-27,1.936137,1.53727,1.703192,1.587269,1.378927,1.300266
2014-10-28,1.958421,1.557241,1.719921,1.598002,1.389254,1.304616
2014-10-29,1.95616,1.551796,1.720944,1.595822,1.385401,1.303339
2014-10-30,1.968539,1.560354,1.73257,1.602445,1.390376,1.306229
2014-10-31,1.990824,1.580844,1.77029,1.612502,1.400372,1.310091
2014-11-03,1.992009,1.575138,1.774341,1.612813,1.397074,1.310023
2014-11-04,1.984903,1.569432,1.756623,1.60912,1.393892,1.30849
2014-11-05,1.997929,1.573063,1.762489,1.616368,1.396508,1.31177
2014-11-06,2.006003,1.574101,1.761481,1.61896,1.395776,1.312338
2014-11-07,2.007726,1.575138,1.760937,1.621931,1.398225,1.314391
2014-11-10,2.013755,1.579807,1.7685,1.623655,1.399567,1.314658
2014-11-11,2.015692,1.583957,1.77262,1.624923,1.402054,1.315317
2014-11-12,2.014078,1.580066,1.769118,1.624042,1.399909,1.314916
2014-11-13,2.015907,1.579548,1.774405,1.625407,1.400038,1.315597
2014-11-14,2.016661,1.583697,1.774887,1.625933,1.402389,1.315882
2014-11-17,2.017738,1.580844,1.767756,1.62647,1.400866,1.316189
2014-11-18,2.029363,1.591219,1.78178,1.633172,1.407218,1.319302
2014-11-19,2.025704,1.589663,1.776558,1.629763,1.404966,1.317206
2014-11-20,2.029363,1.587588,1.77396,1.632342,1.404535,1.318606
2014-11-21,2.040775,1.601075,1.784967,1.639389,1.412955,1.322135
2014-11-24,2.04605,1.604187,1.789165,1.642095,1.414684,1.323384
2014-11-25,2.045404,1.605743,1.789987,1.642905,1.416531,1.3242
2014-11-26,2.050141,1.609893,1.791783,1.646171,1.419558,1.32587
2014-11-28,2.045727,1.600816,1.787312,1.645026,1.415659,1.325914
2014-12-01,2.031731,1.588885,1.780826,1.637111,1.408447,1.322115
2014-12-02,2.044543,1.594591,1.79314,1.642138,1.410273,1.323655
2014-12-03,2.052402,1.600816,1.797757,1.645905,1.413462,1.325174
2014-12-04,2.050356,1.596666,1.795213,1.645943,1.412195,1.325634
2014-12-05,2.054017,1.599,1.797967,1.645954,1.411814,1.324958
2014-12-08,2.040021,1.585512,1.781191,1.640262,1.405765,1.323107
2014-12-09,2.038407,1.580585,1.782628,1.639684,1.403337,1.322878
2014-12-10,2.006433,1.557761,1.75476,1.625405,1.392641,1.31758
2014-12-11,2.015799,1.55802,1.761988,1.62947,1.392237,1.319033
2014-12-12,1.983072,1.532083,1.736519,1.61527,1.380285,1.314039
2014-12-15,1.969294,1.515483,1.718647,1.607267,1.370405,1.31004
2014-12-16,1.954115,1.512891,1.709346,1.601135,1.370308,1.308067
2014-12-17,1.993515,1.541939,1.742259,1.619268,1.384464,1.315048
2014-12-18,2.029794,1.568913,1.772926,1.636372,1.397986,1.3219
2014-12-19,2.039159,1.574101,1.781403,1.642402,1.401977,1.324923
2014-12-22,2.048203,1.583183,1.785948,1.646609,1.406555,1.326562
2014-12-23,2.051325,1.5824,1.788773,1.645439,1.403692,1.324926
2014-12-24,2.05111,1.586837,1.787808,1.645559,1.406265,1.325154
2014-12-26,2.057784,1.593883,1.795391,1.649418,1.410504,1.326916
2014-12-29,2.060691,1.589708,1.792282,1.65193,1.409229,1.328418
2014-12-30,2.049494,1.581356,1.779321,1.646804,1.405178,1.326456
2014-12-31,2.02818,1.56909,1.763198,1.636633,1.399036,1.322458
2015-01-02,2.02818,1.564914,1.764026,1.638759,1.398714,1.324162
2015-01-05,1.992547,1.534638,1.736222,1.623388,1.384103,1.318808
2015-01-06,1.972953,1.51924,1.715833,1.615792,1.377469,1.316421
2015-01-07,1.997606,1.538815,1.738362,1.628141,1.388306,1.32157
2015-01-08,2.032701,1.562042,1.766309,1.644124,1.399882,1.327611
2015-01-09,2.015584,1.551603,1.750247,1.636935,1.395231,1.325155
2015-01-12,2.00062,1.543512,1.739257,1.630553,1.391637,1.322929
2015-01-13,1.995347,1.544556,1.740276,1.628631,1.392738,1.322409
2015-01-14,1.983611,1.53751,1.732192,1.624449,1.390246,1.321328
2015-01-15,1.965095,1.53255,1.724678,1.618408,1.390091,1.320073
2015-01-16,1.989424,1.551342,1.744191,1.628219,1.398476,1.323236
2015-01-20,1.994377,1.554213,1.751436,1.629906,1.399406,1.323629
2015-01-21,2.00482,1.565697,1.758733,1.6337,1.404482,1.324736
2015-01-22,2.0355,1.583705,1.779763,1.648732,1.414275,1.330787
2015-01-23,2.024304,1.571961,1.771066,1.645446,1.409804,1.330411
2015-01-26,2.028287,1.582661,1.779601,1.646583,1.414865,1.33055
2015-01-27,2.001697,1.572743,1.764352,1.634089,1.409885,1.325662
2015-01-28,1.975322,1.552908,1.747354,1.623682,1.401279,1.322332
2015-01-29,1.994484,1.565957,1.763721,1.632258,1.407668,1.325509
2015-01-30,1.96994,1.543512,1.739377,1.624007,1.398745,1.323649
2015-02-02,1.992547,1.56413,1.758781,1.634173,1.409124,1.327435
2015-02-03,2.021613,1.586837,1.775538,1.646198,1.419537,1.331545
2015-02-04,2.014723,1.57979,1.774163,1.643095,1.415961,1.330301
2015-02-05,2.035177,1.598582,1.791316,1.651581,1.424818,1.333152
2015-02-06,2.029472,1.583705,1.783142,1.644524,1.413177,1.328567
2015-02-09,2.020214,1.57953,1.772336,1.639797,1.410734,1.326474
2015-02-10,2.041744,1.59284,1.792494,1.649043,1.416855,1.329814
2015-02-11,2.043144,1.589186,1.794286,1.649721,1.414895,1.330002
2015-02-12,2.062091,1.609282,1.809582,1.659225,1.425944,1.33397
2015-02-13,2.071134,1.619461,1.821667,1.662099,1.430113,1.334608
2015-02-17,2.07447,1.621288,1.823229,1.661094,1.428855,1.333142
2015-02-18,2.074901,1.626508,1.83336,1.66313,1.433214,1.334703
2015-02-19,2.073502,1.624421,1.836738,1.661896,1.43162,1.33398
2015-02-20,2.086097,1.63747,1.849576,1.668161,1.438754,1.336488
2015-02-23,2.085558,1.633294,1.845959,1.669251,1.437668,1.337561
2015-02-24,2.091695,1.639035,1.852515,1.674928,1.443053,1.34086
2015-02-25,2.089434,1.638775,1.849728,1.674468,1.443456,1.341018
2015-02-26,2.087066,1.636165,1.853457,1.671492,1.440496,1.33899
2015-02-27,2.079853,1.635382,1.846715,1.668551,1.440551,1.338113
2015-03-02,2.093525,1.641124,1.856449,1.673045,1.441809,1.33898
2015-03-03,2.084589,1.632511,1.848189,1.667917,1.43651,1.336673
2015-03-04,2.07587,1.623115,1.84006,1.66369,1.431472,1.334966
2015-03-05,2.078131,1.625464,1.844726,1.665184,1.433071,1.33573
2015-03-06,2.048741,1.605368,1.825893,1.647114,1.419031,1.326798
2015-03-09,2.057462,1.608499,1.829323,1.652138,1.421391,1.329237
2015-03-10,2.023658,1.579268,1.800282,1.638298,1.407889,1.324675
2015-03-11,2.018922,1.580051,1.802569,1.636719,1.408921,1.324326
2015-03-12,2.044973,1.599365,1.831119,1.649826,1.419686,1.329728
2015-03-13,2.032486,1.589186,1.823987,1.643136,1.413684,1.326855
2015-03-16,2.06026,1.608499,1.843246,1.657874,1.425128,1.333324
2015-03-17,2.053263,1.605889,1.840396,1.655039,1.424205,1.332404
2015-03-18,2.0777,1.632772,1.864674,1.670947,1.442087,1.340472
2015-03-19,2.068118,1.620244,1.85179,1.664311,1.43367,1.336986
2015-03-20,2.086851,1.64269,1.872595,1.675145,1.447202,1.342071
2015-03-23,2.083107,1.644516,1.873136,1.673648,1.448454,1.341508
2015-03-24,2.070988,1.639296,1.864347,1.668888,1.446606,1.340122
2015-03-25,2.040799,1.617892,1.844558,1.653217,1.434244,1.333286
2015-03-26,2.035714,1.61081,1.835352,1.648602,1.428611,1.330552
2015-03-27,2.039934,1.615794,1.840271,1.651285,1.431827,1.331894
2015-03-30,2.065361,1.627073,1.858102,1.664408,1.438556,1.337431
2015-03-31,2.047184,1.615532,1.835285,1.656313,1.432978,1.334623
2015-04-01,2.040584,1.616581,1.833617,1.655755,1.435796,1.335291
2015-04-02,2.046642,1.627336,1.842475,1.657813,1.440813,1.335855
2015-04-06,2.061034,1.6415,1.858287,1.665349,1.448886,1.339125
2015-04-07,2.055515,1.638352,1.857747,1.663073,1.447539,1.338454
2015-04-08,2.062982,1.647795,1.863233,1.666214,1.452194,1.339529
2015-04-09,2.071962,1.651992,1.868701,1.669131,1.453219,1.340041
2015-04-10,2.083323,1.659861,1.876557,1.67432,1.457166,1.342008
2015-04-13,2.073909,1.651468,1.866596,1.669915,1.452801,1.340206
2015-04-14,2.077697,1.65855,1.873132,1.672948,1.457621,1.342002
2015-04-15,2.087218,1.667993,1.881749,1.678203,1.46323,1.344296
2015-04-16,2.086461,1.669567,1.882698,1.677676,1.463938,1.344106
2015-04-17,2.062224,1.649369,1.863241,1.667043,1.45406,1.340174
2015-04-20,2.081052,1.658025,1.876584,1.675453,1.458089,1.343282
2015-04-21,2.078995,1.662222,1.884732,1.673657,1.459658,1.342321
2015-04-22,2.089274,1.669042,1.89569,1.676167,1.461204,1.342248
2015-04-23,2.094685,1.676124,1.898514,1.680067,1.466092,1.34434
2015-04-24,2.098904,1.680583,1.903433,1.68315,1.469368,1.346004
2015-04-27,2.090573,1.680321,1.896951,1.678632,1.468819,1.344073
2015-04-28,2.097065,1.684518,1.902783,1.679704,1.469299,1.343668
2015-04-29,2.088517,1.674026,1.891939,1.673486,1.461901,1.340317
2015-04-30,2.067742,1.656714,1.863311,1.664132,1.45323,1.336828
2015-05-01,2.089382,1.673239,1.884006,1.672616,1.460379,1.339358
2015-05-04,2.095874,1.674551,1.890779,1.674804,1.460264,1.339941
2015-05-05,2.071421,1.654878,1.864141,1.661909,1.448826,1.334312
2015-05-06,2.063091,1.651205,1.858599,1.656031,1.445287,1.331194
2015-05-07,2.071421,1.653041,1.864611,1.66143,1.447432,1.333837
2015-05-08,2.098579,1.677698,1.895245,1.676355,1.462156,1.340665
2015-05-11,2.088517,1.66773,1.87925,1.668038,1.453876,1.335828
2015-05-12,2.082458,1.666157,1.87556,1.664301,1.45235,1.334083
2015-05-13,2.083107,1.670353,1.879715,1.664296,1.454327,1.333951
2015-05-14,2.104855,1.686879,1.896246,1.676119,1.464281,1.339158
2015-05-15,2.10702,1.690026,1.900384,1.679807,1.468222,1.341714
2015-05-18,2.113512,1.68924,1.909507,1.680555,1.465752,1.341047
2015-05-19,2.112429,1.687141,1.909318,1.678592,1.463398,1.339672
2015-05-20,2.111023,1.686616,1.908461,1.67791,1.463117,1.339397
2015-05-21,2.117407,1.692912,1.914698,1.683084,1.468267,1.342414
2015-05-22,2.112754,1.686354,1.910455,1.680429,1.46441,1.34118
2015-05-26,2.090031,1.66537,1.888631,1.671011,1.454521,1.338021
2015-05-27,2.109292,1.679797,1.904587,1.680669,1.462531,1.342052
2015-05-28,2.107344,1.674026,1.901992,1.679805,1.459505,1.341649
2015-05-29,2.093602,1.662222,1.887986,1.673382,1.453379,1.33915
2015-06-01,2.098472,1.662222,1.89377,1.673548,1.451505,1.338331
2015-06-02,2.096308,1.664845,1.891043,1.670656,1.451339,1.336505
2015-06-03,2.102042,1.67114,1.896883,1.670551,1.452253,1.335297
2015-06-04,2.084945,1.654878,1.882245,1.663865,1.4449,1.333156
2015-06-05,2.080727,1.644648,1.875917,1.659257,1.437225,1.330258
2015-06-08,2.06785,1.637565,1.864787,1.653815,1.434111,1.328297
2015-06-09,2.067309,1.633631,1.858348,1.651629,1.430359,1.326636
2015-06-10,2.091872,1.660124,1.883172,1.662175,1.443404,1.330434
2015-06-11,2.098363,1.663009,1.889944,1.668367,1.44755,1.334252
2015-06-12,2.082999,1.652254,1.8773,1.660438,1.441373,1.330768
2015-06-15,2.073369,1.643074,1.873317,1.655849,1.436518,1.329034
2015-06-16,2.085487,1.647533,1.877875,1.663407,1.440345,1.332592
2015-06-17,2.089059,1.647533,1.874879,1.665379,1.44055,1.33366
2015-06-18,2.109724,1.664583,1.887931,1.674917,1.449283,1.337145
2015-06-19,2.097498,1.656714,1.880958,1.670832,1.446637,1.33624
2015-06-22,2.111869,1.675337,1.899107,1.674675,1.453957,1.336617
2015-06-23,2.113391,1.67796,1.907083,1.67389,1.454064,1.335598
2015-06-24,2.09828,1.666681,1.891304,1.667766,1.449041,1.333609
2015-06-25,2.091759,1.66196,1.888561,1.663723,1.445757,1.331707
2015-06-26,2.091759,1.66336,1.891395,1.662521,1.445482,1.330649
2015-06-29,2.047513,1.621089,1.848869,1.644356,1.425617,1.324724
2015-06-30,2.05284,1.625316,1.854946,1.646297,1.427336,1.325249
2015-07-01,2.068386,1.634035,1.868663,1.652253,1.430663,1.327017
2015-07-02,2.066864,1.634299,1.867736,1.65312,1.432174,1.328015
2015-07-06,2.060885,1.616862,1.859844,1.65247,1.424742,1.328661
2015-07-07,2.073603,1.617126,1.869005,1.659278,1.425432,1.331584
2015-07-08,2.038383,1.583045,1.822526,1.64405,1.408731,1.326177
2015-07-09,2.042079,1.595462,1.831862,1.643674,1.41354,1.32515
2015-07-10,2.06806,1.628222,1.857127,1.653218,1.428505,1.327773
2015-07-13,2.091214,1.639583,1.879254,1.662918,1.433295,1.331076
2015-07-14,2.100455,1.649358,1.888659,1.668603,1.439565,1.333946
2015-07-15,2.099585,1.644602,1.887657,1.670027,1.438591,1.335181
2015-07-16,2.115674,1.657812,1.899815,1.677827,1.445675,1.338332
2015-07-17,2.118174,1.65517,1.902754,1.679119,1.444327,1.338973
2015-07-20,2.119152,1.654641,1.90335,1.678711,1.443289,1.338365
2015-07-21,2.110782,1.649886,1.896364,1.675857,1.441767,1.337785
2015-07-22,2.106651,1.64196,1.891015,1.674095,1.437722,1.337084
2015-07-23,2.094584,1.634827,1.883196,1.669771,1.435199,1.335953
2015-07-24,2.072735,1.615277,1.864224,1.65958,1.425057,1.332085
2015-07-27,2.060993,1.602067,1.854714,1.655172,1.419069,1.330736
2015-07-28,2.085996,1.619768,1.872771,1.666169,1.427603,1.334725
2015-07-29,2.100781,1.630071,1.884134,1.672775,1.432649,1.337254
2015-07-30,2.101106,1.631921,1.885277,1.673173,1.433846,1.337512
2015-07-31,2.097519,1.633506,1.887817,1.673683,1.436615,1.338626
2015-08-03,2.090997,1.626637,1.881484,1.672041,1.434229,1.338577
2015-08-04,2.086866,1.626901,1.878024,1.667785,1.432448,1.33586
2015-08-05,2.09415,1.630864,1.886238,1.670271,1.43368,1.336442
2015-08-06,2.07817,1.620561,1.874619,1.662926,1.428498,1.333637
2015-08-07,2.072735,1.618976,1.8732,1.661659,1.428816,1.333678
2015-08-10,2.099041,1.639318,1.898191,1.673044,1.438557,1.337812
2015-08-11,2.0798,1.618447,1.875611,1.66621,1.429493,1.335972
2015-08-12,2.081648,1.614484,1.872958,1.666865,1.427162,1.336139
2015-08-13,2.079365,1.612371,1.876292,1.664391,1.424862,1.334587
2015-08-14,2.08741,1.617126,1.88119,1.668049,1.427205,1.33588
2015-08-17,2.099041,1.619504,1.889688,1.674895,1.429511,1.339134
2015-08-18,2.092628,1.611314,1.881532,1.670579,1.424089,1.336989
2015-08-19,2.076104,1.597048,1.864859,1.664901,1.418429,1.335725
2015-08-20,2.032512,1.562174,1.820369,1.644331,1.400208,1.327555
2015-08-21,1.968048,1.51911,1.761281,1.614125,1.378007,1.315774
2015-08-24,1.887822,1.459139,1.692597,1.575071,1.345708,1.29993
2015-08-25,1.864884,1.459139,1.681938,1.561779,1.343854,1.293683
2015-08-26,1.938914,1.501938,1.74874,1.594852,1.364403,1.305994
2015-08-27,1.986311,1.534963,1.787988,1.618716,1.382869,1.315906
2015-08-28,1.986311,1.534963,1.790823,1.619037,1.383143,1.316252
2015-08-31,1.96881,1.525187,1.771192,1.609667,1.377145,1.312109
2015-09-01,1.908694,1.477368,1.708611,1.58212,1.352864,1.301625
2015-09-02,1.947176,1.502202,1.74196,1.600292,1.365769,1.308684
2015-09-03,1.948807,1.504316,1.747204,1.601566,1.367315,1.309481
2015-09-04,1.918586,1.475254,1.710855,1.588528,1.353106,1.304778
2015-09-08,1.967722,1.514883,1.753524,1.610736,1.372982,1.313099
2015-09-09,1.941197,1.500617,1.736431,1.597716,1.365194,1.307774
2015-09-10,1.952068,1.510128,1.742577,1.601616,1.369125,1.308709
2015-09-11,1.960221,1.513298,1.748013,1.606939,1.371995,1.3115
2015-09-14,1.952829,1.505901,1.742095,1.603516,1.368165,1.310182
2015-09-15,1.978267,1.521488,1.761834,1.613108,1.374185,1.312864
2015-09-16,1.995552,1.540774,1.777082,1.621084,1.384183,1.315923
2015-09-17,1.990334,1.540774,1.773432,1.622263,1.387349,1.317898
2015-09-18,1.958156,1.51092,1.735891,1.608517,1.372921,1.313093
2015-09-21,1.968243,1.51277,1.745339,1.610989,1.371849,1.313201
2015-09-22,1.94256,1.486615,1.721672,1.599747,1.358854,1.309148
2015-09-23,1.939063,1.48001,1.719542,1.598052,1.355312,1.308377
2015-09-24,1.933052,1.475519,1.712104,1.59538,1.35311,1.307395
2015-09-25,1.931742,1.476554,1.724533,1.593535,1.352633,1.306161
2015-09-28,1.883109,1.442302,1.681697,1.571651,1.33571,1.29809
2015-09-29,1.884093,1.443364,1.675683,1.572612,1.336692,1.298674
2015-09-30,1.920267,1.468589,1.709044,1.591439,1.351321,1.306715
2015-10-01,1.925621,1.474961,1.716083,1.59439,1.355041,1.308137
2015-10-02,1.953489,1.499389,1.739663,1.610404,1.370278,1.315619
2015-10-05,1.98857,1.529393,1.77472,1.624826,1.384163,1.320314
2015-10-06,1.981903,1.527268,1.765937,1.622483,1.383782,1.319727
2015-10-07,1.998515,1.546386,1.785026,1.630537,1.394034,1.322981
2015-10-08,2.01611,1.559662,1.797628,1.638016,1.400257,1.325578
2015-10-09,2.017204,1.562052,1.799711,1.638465,1.40147,1.325727
2015-10-12,2.019607,1.559396,1.802119,1.640762,1.401012,1.327112
2015-10-13,2.006165,1.543731,1.787795,1.634649,1.392955,1.324805
2015-10-14,1.996766,1.542934,1.775459,1.632516,1.394596,1.324922
2015-10-15,2.026711,1.567362,1.807861,1.64574,1.406593,1.329743
2015-10-16,2.034907,1.569486,1.815685,1.649471,1.407526,1.331153
2015-10-19,2.037312,1.565769,1.814315,1.650637,1.405532,1.331624
2015-10-20,2.034688,1.56391,1.809412,1.648315,1.403639,1.330174
2015-10-21,2.021465,1.554351,1.808919,1.643116,1.399547,1.32865
2015-10-22,2.056437,1.575327,1.837296,1.661201,1.411761,1.336414
2015-10-23,2.078841,1.589931,1.856605,1.670367,1.418145,1.339431
2015-10-26,2.073923,1.585152,1.853139,1.668709,1.416202,1.338969
2015-10-27,2.069879,1.575327,1.845953,1.666911,1.411072,1.338307
2015-10-28,2.093922,1.588603,1.86626,1.676709,1.416605,1.341515
2015-10-29,2.093158,1.581169,1.859181,1.673996,1.410619,1.339473
2015-10-30,2.082556,1.575593,1.849892,1.67031,1.40887,1.338571
2015-11-02,2.107255,1.595507,1.869181,1.680981,1.418437,1.342356
2015-11-03,2.113921,1.600817,1.872767,1.683079,1.420318,1.342832
2015-11-04,2.107911,1.593382,1.866274,1.68057,1.416676,1.341895
2015-11-05,2.105288,1.591259,1.868928,1.678084,1.414501,1.3404
2015-11-06,2.104414,1.585948,1.866979,1.67507,1.409442,1.338136
2015-11-09,2.084741,1.570814,1.85264,1.664966,1.400842,1.333912
2015-11-10,2.088676,1.570017,1.861176,1.667603,1.401037,1.335185
2015-11-11,2.080698,1.568955,1.858681,1.663816,1.400536,1.333774
2015-11-12,2.052831,1.550369,1.836046,1.650386,1.390638,1.328381
2015-11-13,2.029115,1.53311,1.818773,1.640103,1.382418,1.32463
2015-11-16,2.060262,1.553289,1.843404,1.655203,1.39324,1.330818
2015-11-17,2.057749,1.552759,1.843291,1.654714,1.393578,1.330828
2015-11-18,2.090862,1.572938,1.866286,1.670443,1.404123,1.337051
2015-11-19,2.089769,1.578248,1.865621,1.670803,1.407731,1.337644
2015-11-20,2.097528,1.581169,1.873179,1.674404,1.409159,1.338946
2015-11-23,2.095125,1.574796,1.868881,1.67348,1.405948,1.338758
2015-11-24,2.098512,1.578514,1.873778,1.675366,1.40815,1.339531
2015-11-25,2.097856,1.579045,1.869599,1.675128,1.408503,1.339468
2015-11-27,2.099933,1.577982,1.86803,1.676459,1.40821,1.340223
2015-11-30,2.091408,1.574265,1.858116,1.672003,1.40594,1.338292
2015-12-01,2.111626,1.590993,1.8794,1.684295,1.417036,1.344177
2015-12-02,2.089332,1.574,1.861103,1.672676,1.407231,1.339155
2015-12-03,2.059606,1.55621,1.837336,1.653154,1.393329,1.32929
2015-12-04,2.100042,1.579045,1.865262,1.675353,1.40779,1.339308
2015-12-07,2.086819,1.565237,1.855794,1.670078,1.401355,1.337635
2015-12-08,2.073486,1.549307,1.840118,1.663777,1.39295,1.335069
2015-12-09,2.057967,1.541341,1.824057,1.65601,1.38847,1.331745
2015-12-10,2.062666,1.539483,1.832114,1.658207,1.387405,1.332687
2015-12-11,2.021574,1.508416,1.798121,1.64007,1.372268,1.326168
2015-12-14,2.033705,1.513196,1.810702,1.642869,1.3722,1.326053
2015-12-15,2.054907,1.528861,1.821249,1.652417,1.379978,1.329529
2015-12-16,2.083759,1.553024,1.852986,1.665674,1.392313,1.334677
2015-12-17,2.053377,1.531251,1.82882,1.652324,1.381813,1.329753
2015-12-18,2.015236,1.510806,1.798513,1.635294,1.372095,1.323549
2015-12-21,2.033068,1.522512,1.811178,1.643208,1.377749,1.326365
2015-12-22,2.051428,1.535874,1.826639,1.651217,1.384154,1.32924
2015-12-23,2.076052,1.557254,1.847817,1.663237,1.395689,1.334129
2015-12-24,2.072425,1.554047,1.838471,1.661966,1.394386,1.3339
2015-12-28,2.067917,1.550573,1.836202,1.659781,1.392523,1.33293
2015-12-29,2.091005,1.564736,1.858823,1.66894,1.398382,1.335809
2015-12-30,2.075614,1.553245,1.846122,1.661885,1.392567,1.33321
2015-12-31,2.055055,1.539883,1.827895,1.65322,1.386512,1.330148
2016-01-04,2.026252,1.51396,1.801318,1.638931,1.372332,1.324331
2016-01-05,2.02988,1.514227,1.81037,1.641504,1.373158,1.325698
2016-01-06,2.004154,1.491778,1.784849,1.631942,1.363397,1.322842
2016-01-07,1.955342,1.457036,1.74632,1.608335,1.34457,1.313424
2016-01-08,1.934564,1.439932,1.722066,1.599063,1.335947,1.310006
2016-01-11,1.934784,1.440734,1.725826,1.596408,1.334071,1.307818
2016-01-12,1.950835,1.448751,1.733097,1.605904,1.33986,1.312431
2016-01-13,1.903122,1.416414,1.698876,1.584373,1.323633,1.304301
2016-01-14,1.934015,1.439398,1.724442,1.598553,1.335452,1.309615
2016-01-15,1.892568,1.399043,1.684155,1.579575,1.314457,1.302407
2016-01-19,1.894656,1.403319,1.689531,1.579777,1.316102,1.302247
2016-01-20,1.87245,1.38087,1.656234,1.569731,1.304505,1.298484
2016-01-21,1.881574,1.388888,1.6601,1.573753,1.308526,1.300032
2016-01-22,1.920162,1.42363,1.706309,1.592236,1.327217,1.307227
2016-01-25,1.891689,1.401448,1.677719,1.578418,1.315153,1.301731
2016-01-26,1.917304,1.424966,1.700453,1.591823,1.32876,1.307454
2016-01-27,1.895536,1.412138,1.687361,1.58126,1.321783,1.303273
2016-01-28,1.905871,1.416948,1.694697,1.586762,1.324807,1.305693
2016-01-29,1.954133,1.449553,1.736961,1.612133,1.344172,1.316818
2016-02-01,1.952374,1.451424,1.732696,1.609929,1.344058,1.315207
2016-02-02,1.916974,1.416948,1.705231,1.595028,1.327217,1.310108
2016-02-03,1.928188,1.429777,1.705868,1.600958,1.334602,1.312788
2016-02-04,1.930606,1.432717,1.706014,1.60262,1.33661,1.313744
2016-02-05,1.894327,1.408129,1.674831,1.584362,1.322692,1.306104
2016-02-08,1.868272,1.385413,1.657711,1.574567,1.312723,1.303211
2016-02-09,1.868822,1.375526,1.648541,1.574752,1.307277,1.303339
2016-02-10,1.867612,1.376327,1.639181,1.575548,1.308872,1.304133
2016-02-11,1.843646,1.357887,1.614755,1.564324,1.299183,1.29985
2016-02-12,1.881464,1.381939,1.642366,1.58048,1.310425,1.305403
2016-02-16,1.913016,1.407328,1.679213,1.594816,1.323415,1.3108
2016-02-17,1.944348,1.434854,1.702788,1.60986,1.33825,1.316812
2016-02-18,1.936103,1.428708,1.697657,1.608136,1.336815,1.317123
2016-02-19,1.935663,1.426837,1.695118,1.607028,1.335047,1.316314
2016-02-22,1.963367,1.448484,1.720512,1.620636,1.346957,1.321878
2016-02-23,1.938742,1.428174,1.697034,1.609091,1.336252,1.317291
2016-02-24,1.947866,1.429242,1.707695,1.614008,1.337242,1.319561
2016-02-25,1.971284,1.444743,1.728156,1.62635,1.34649,1.324856
2016-02-26,1.967655,1.442872,1.725445,1.623937,1.344927,1.323618
2016-02-29,1.950065,1.433518,1.706799,1.615808,1.34018,1.320584
2016-03-01,1.998108,1.469864,1.748925,1.636881,1.35807,1.328192
2016-03-02,2.006573,1.479485,1.761441,1.640581,1.362961,1.329436
2016-03-03,2.013938,1.491778,1.769648,1.644482,1.369921,1.331231
2016-03-04,2.020425,1.501934,1.77912,1.647304,1.375171,1.332239
2016-03-07,2.022624,1.501934,1.775053,1.648207,1.375034,1.332538
2016-03-08,1.999867,1.482424,1.755909,1.639365,1.366267,1.329768
2016-03-09,2.01086,1.490442,1.762297,1.643558,1.369672,1.331088
2016-03-10,2.011959,1.488838,1.760716,1.643766,1.368526,1.33104
2016-03-11,2.044611,1.520908,1.794624,1.658715,1.385217,1.336631
2016-03-14,2.041533,1.517434,1.794973,1.658689,1.384557,1.337213
2016-03-15,2.038895,1.505951,1.786537,1.656757,1.377765,1.336169
2016-03-16,2.051098,1.52178,1.795037,1.665288,1.388559,1.340757
2016-03-17,2.06407,1.535732,1.804921,1.673052,1.397377,1.3444
2016-03-18,2.071766,1.538415,1.807899,1.677358,1.399314,1.34637
2016-03-21,2.074927,1.538415,1.81213,1.677668,1.39829,1.346088
2016-03-22,2.073822,1.535732,1.814613,1.676969,1.396694,1.34574
2016-03-23,2.060558,1.520439,1.799565,1.672,1.389605,1.344238
2016-03-24,2.059121,1.517219,1.7955,1.670487,1.387171,1.343385
2016-03-28,2.060558,1.522585,1.804095,1.67151,1.390363,1.34393
2016-03-29,2.080343,1.53922,1.821843,1.683885,1.401731,1.350049
2016-03-30,2.089074,1.54861,1.825464,1.687878,1.406634,1.351564
2016-03-31,2.0841,1.547805,1.813762,1.686768,1.407289,1.351643
2016-04-01,2.097474,1.545122,1.809402,1.694019,1.406466,1.35488
2016-04-04,2.090843,1.538951,1.805275,1.690801,1.40311,1.353579
2016-04-05,2.069621,1.518561,1.781197,1.681728,1.393047,1.350496
2016-04-06,2.092169,1.536268,1.803382,1.692343,1.402403,1.354652
2016-04-07,2.067522,1.513463,1.785327,1.682589,1.391848,1.351516
2016-04-08,2.073159,1.527683,1.803329,1.684752,1.399102,1.352246
2016-04-11,2.067743,1.529293,1.796788,1.682042,1.39991,1.351031
2016-04-12,2.087859,1.547537,1.821084,1.690742,1.408943,1.354117
2016-04-13,2.108748,1.568732,1.848578,1.701288,1.420812,1.35863
2016-04-14,2.108527,1.567391,1.850706,1.700609,1.419604,1.358124
2016-04-15,2.106205,1.565244,1.844278,1.701035,1.419737,1.358837
2016-04-18,2.121458,1.575708,1.857847,1.708192,1.425222,1.361716
2016-04-19,2.12787,1.592074,1.86999,1.711713,1.434466,1.363304
2016-04-20,2.129638,1.592611,1.874261,1.71069,1.433183,1.362131
2016-04-21,2.117812,1.583488,1.866901,1.704134,1.427538,1.359065
2016-04-22,2.118364,1.582684,1.871322,1.704157,1.426895,1.359062
2016-04-25,2.114937,1.577586,1.865566,1.701677,1.423438,1.357644
2016-04-26,2.118032,1.58322,1.865227,1.702198,1.425681,1.357545
2016-04-27,2.122454,1.585098,1.867525,1.706387,1.428413,1.360062
2016-04-28,2.103333,1.573025,1.830713,1.698334,1.422874,1.357304
2016-04-29,2.091395,1.563366,1.818754,1.69303,1.418031,1.355446
2016-05-02,2.108085,1.574367,1.838653,1.699935,1.423013,1.357666
2016-05-03,2.090069,1.553976,1.822459,1.693075,1.4135,1.355742
2016-05-04,2.0778,1.540561,1.810295,1.687366,1.40641,1.353448
2016-05-05,2.077579,1.540292,1.812875,1.688487,1.407292,1.354397
2016-05-06,2.085096,1.54539,1.82027,1.691808,1.40979,1.355693
2016-05-09,2.087305,1.539488,1.821192,1.693371,1.406991,1.356524
2016-05-10,2.113169,1.561757,1.850424,1.705923,1.419103,1.361595
2016-05-11,2.093385,1.550757,1.828147,1.696486,1.413257,1.357674
2016-05-12,2.094601,1.548073,1.83298,1.697157,1.411866,1.357979
2016-05-13,2.075258,1.533049,1.813696,1.688507,1.404312,1.354782
2016-05-16,2.095927,1.55022,1.833805,1.697064,1.412417,1.357643
2016-05-17,2.077469,1.537341,1.818695,1.687615,1.405001,1.353627
2016-05-18,2.077137,1.536537,1.818942,1.68426,1.40189,1.351068
2016-05-19,2.070395,1.52822,1.811122,1.681725,1.397983,1.350255
2016-05-20,2.083327,1.541098,1.822793,1.688001,1.404987,1.352877
2016-05-23,2.080564,1.536268,1.818809,1.686824,1.402497,1.352555
2016-05-24,2.10698,1.558537,1.839324,1.699316,1.414335,1.357296
2016-05-25,2.121348,1.570342,1.851889,1.706044,1.420549,1.360002
2016-05-26,2.122343,1.57222,1.852056,1.707673,1.422531,1.361123
2016-05-27,2.130632,1.574635,1.855855,1.71145,1.423638,1.362637
2016-05-31,2.12809,1.573561,1.85835,1.71079,1.423535,1.362602
2016-06-01,2.132069,1.576513,1.860373,1.712959,1.425339,1.363574
2016-06-02,2.13848,1.580269,1.859832,1.717382,1.428481,1.365805
2016-06-03,2.13229,1.58483,1.858246,1.718646,1.434535,1.368126
2016-06-06,2.142569,1.593952,1.870078,1.722567,1.438603,1.369367
2016-06-07,2.146438,1.603879,1.876109,1.724527,1.44407,1.370191
2016-06-08,2.153512,1.608172,1.883682,1.728781,1.447092,1.372242
2016-06-09,2.150195,1.597708,1.875276,1.727827,1.441951,1.371948
2016-06-10,2.129527,1.567927,1.852903,1.718453,1.426303,1.368425
2016-06-13,2.113501,1.552635,1.833417,1.71084,1.418124,1.365416
2016-06-14,2.108859,1.541437,1.828264,1.708505,1.411965,1.364439
2016-06-15,2.105764,1.548199,1.83132,1.708562,1.416948,1.365092
2016-06-16,2.112616,1.54901,1.833319,1.712626,1.418008,1.36712
2016-06-17,2.104769,1.551985,1.82753,1.707833,1.418801,1.364698
2016-06-20,2.118253,1.573353,1.847698,1.712818,1.429117,1.366169
2016-06-21,2.124285,1.580114,1.855076,1.714843,1.432039,1.366623
2016-06-22,2.120731,1.57741,1.847933,1.713363,1.430773,1.366124
2016-06-23,2.148167,1.609056,1.876877,1.725448,1.446954,1.37051
2016-06-24,2.069856,1.523586,1.805774,1.691299,1.403699,1.358184
2016-06-27,2.033311,1.490858,1.780293,1.67701,1.388785,1.353803
2016-06-28,2.070856,1.523315,1.811418,1.696052,1.407124,1.361828
2016-06-29,2.106512,1.550903,1.840455,1.713109,1.421923,1.36862
2016-06-30,2.134948,1.570648,1.853585,1.727813,1.433417,1.374925
2016-07-01,2.139392,1.577951,1.855438,1.731893,1.439,1.377525
2016-07-05,2.124396,1.556583,1.846105,1.727,1.429375,1.376512
2016-07-06,2.136948,1.560641,1.853917,1.734325,1.432614,1.379882
2016-07-07,2.135504,1.556043,1.853474,1.732471,1.429149,1.378755
2016-07-08,2.16794,1.580926,1.877311,1.750023,1.444198,1.38649
2016-07-11,2.175492,1.595261,1.894794,1.751633,1.450273,1.386397
2016-07-12,2.190823,1.609867,1.90753,1.756277,1.455876,1.38697
2016-07-13,2.190045,1.609056,1.906133,1.757133,1.456467,1.387901
2016-07-14,2.202818,1.621227,1.914995,1.762263,1.462192,1.38963
2016-07-15,2.199486,1.617711,1.911095,1.758426,1.458421,1.387095
2016-07-18,2.205817,1.621498,1.916404,1.761746,1.460688,1.388536
2016-07-19,2.203373,1.612842,1.911231,1.761628,1.456875,1.389008
2016-07-20,2.212259,1.621768,1.921327,1.765201,1.461109,1.390152
2016-07-21,2.203929,1.616359,1.912033,1.76198,1.458856,1.389183
2016-07-22,2.214148,1.622579,1.919306,1.767022,1.462308,1.391253
2016-07-25,2.208817,1.617711,1.914162,1.764023,1.459316,1.389788
2016-07-26,2.208706,1.624202,1.91455,1.763887,1.462778,1.3897
2016-07-27,2.207261,1.624743,1.914564,1.765242,1.464793,1.391165
2016-07-28,2.209705,1.626366,1.916085,1.766016,1.465331,1.391224
2016-07-29,2.213593,1.635833,1.928091,1.770123,1.472339,1.393868
2016-08-01,2.211038,1.629612,1.928328,1.7667,1.467127,1.391516
2016-08-02,2.197265,1.619334,1.912908,1.759357,1.460986,1.38837
2016-08-03,2.203596,1.62285,1.914109,1.762429,1.462898,1.389524
2016-08-04,2.205706,1.625554,1.923184,1.764689,1.465404,1.390936
2016-08-05,2.223479,1.638267,1.93607,1.771008,1.470386,1.392557
2016-08-08,2.222369,1.640431,1.937662,1.770552,1.471632,1.392406
2016-08-09,2.223812,1.646922,1.943581,1.773229,1.476818,1.394287
2016-08-10,2.218147,1.646111,1.941882,1.771386,1.477136,1.393908
2016-08-11,2.229033,1.658282,1.952766,1.774857,1.482238,1.394578
2016-08-12,2.226812,1.654766,1.948644,1.775344,1.481636,1.395408
2016-08-15,2.233254,1.662609,1.955849,1.777317,1.484936,1.395739
2016-08-16,2.221702,1.656118,1.943638,1.771381,1.481129,1.393207
2016-08-17,2.225367,1.655577,1.950484,1.774231,1.481732,1.394791
2016-08-18,2.230699,1.662339,1.951063,1.77756,1.48603,1.396523
2016-08-19,2.22759,1.656389,1.947758,1.774651,1.481622,1.394695
2016-08-22,2.227367,1.653954,1.950816,1.775531,1.481126,1.39545
2016-08-23,2.231476,1.659093,1.953829,1.777855,1.484197,1.396522
2016-08-24,2.220702,1.650168,1.946668,1.772544,1.479273,1.39443
2016-08-25,2.218924,1.649627,1.942822,1.770939,1.478358,1.393395
2016-08-26,2.214704,1.641783,1.936087,1.767161,1.472643,1.391169
2016-08-29,2.225923,1.65125,1.944895,1.774995,1.479792,1.395387
2016-08-30,2.221702,1.648004,1.942268,1.772369,1.477544,1.394093
2016-08-31,2.216259,1.641512,1.939794,1.769234,1.4736,1.392627
2016-09-01,2.215814,1.647193,1.943626,1.769975,1.477491,1.393313
2016-09-02,2.2257,1.662069,1.953887,1.773783,1.484752,1.394538
2016-09-06,2.232698,1.672347,1.961438,1.779243,1.49207,1.397578
2016-09-07,2.232588,1.674781,1.964109,1.779271,1.493462,1.397536
2016-09-08,2.227367,1.667749,1.95812,1.774096,1.487427,1.394378
2016-09-09,2.173604,1.627177,1.915533,1.744951,1.462804,1.381456
2016-09-12,2.204707,1.646381,1.939453,1.760293,1.473455,1.38758
2016-09-13,2.173276,1.615416,1.909851,1.743058,1.454956,1.379904
2016-09-14,2.171936,1.614872,1.905365,1.743316,1.45542,1.380375
2016-09-15,2.194252,1.633631,1.921991,1.754724,1.466107,1.385217
2016-09-16,2.185661,1.62031,1.912079,1.751132,1.459345,1.383999
2016-09-19,2.18633,1.626019,1.914322,1.750962,1.462036,1.383731
2016-09-20,2.186553,1.630097,1.922222,1.751236,1.464392,1.383908
2016-09-21,2.2111,1.654564,1.953932,1.765129,1.479358,1.390321
2016-09-22,2.224377,1.665711,1.969499,1.772975,1.486595,1.394145
2016-09-23,2.212438,1.653477,1.953852,1.767017,1.479803,1.391671
2016-09-26,2.19481,1.638524,1.93786,1.759616,1.472637,1.389147
2016-09-27,2.208199,1.648855,1.952584,1.76694,1.478948,1.392353
2016-09-28,2.220138,1.65973,1.9591,1.772734,1.484862,1.394694
2016-09-29,2.199273,1.642874,1.942007,1.76269,1.475764,1.39067
2016-09-30,2.216902,1.654292,1.952065,1.770338,1.481213,1.393479
2016-10-03,2.209873,1.651574,1.945864,1.766191,1.479119,1.39142
2016-10-04,2.199608,1.645049,1.936281,1.758894,1.473632,1.387623
2016-10-05,2.208757,1.65538,1.945627,1.762176,1.478281,1.388482
2016-10-06,2.211323,1.650486,1.944484,1.763173,1.475411,1.388784
2016-10-07,2.203178,1.644234,1.939415,1.7598,1.472496,1.387655
2016-10-10,2.213331,1.651302,1.94756,1.763983,1.475717,1.389044
2016-10-11,2.186442,1.626291,1.925805,1.749858,1.461214,1.382816
2016-10-12,2.189231,1.628465,1.926627,1.751625,1.462743,1.383784
2016-10-13,2.182202,1.620581,1.92134,1.74904,1.459146,1.382987
2016-10-14,2.18276,1.621669,1.921687,1.747906,1.458562,1.381961
2016-10-17,2.176288,1.616775,1.918117,1.746254,1.457147,1.381895
2016-10-18,2.189119,1.630912,1.929297,1.75339,1.465597,1.385146
2016-10-19,2.195145,1.637981,1.934873,1.756811,1.469857,1.386815
2016-10-20,2.191574,1.637165,1.937673,1.754665,1.469067,1.385694
2016-10-21,2.192132,1.633631,1.93802,1.755514,1.467629,1.386271
2016-10-24,2.201059,1.639068,1.944488,1.758854,1.469756,1.387219
2016-10-25,2.19481,1.634718,1.941056,1.755821,1.46739,1.385994
2016-10-26,2.1899,1.62765,1.937088,1.752198,1.462507,1.384116
2016-10-27,2.184099,1.62466,1.93439,1.74748,1.459288,1.381355
2016-10-28,2.177181,1.619766,1.930999,1.743792,1.456349,1.379818
2016-10-31,2.177181,1.621669,1.931455,1.744537,1.458007,1.380506
2016-11-01,2.162007,1.611882,1.91973,1.736949,1.452497,1.377263
2016-11-02,2.147725,1.600736,1.90719,1.73068,1.44699,1.375085
2016-11-03,2.139357,1.596385,1.903352,1.726206,1.444278,1.373023
2016-11-04,2.136455,1.587958,1.894698,1.72604,1.440734,1.373545
2016-11-07,2.183318,1.619766,1.927855,1.747872,1.457271,1.381911
2016-11-08,2.193359,1.626834,1.933419,1.751502,1.460075,1.382962
2016-11-09,2.21679,1.630097,1.943206,1.756079,1.45616,1.381893
2016-11-10,2.221923,1.625475,1.946857,1.75567,1.451218,1.380556
2016-11-11,2.217794,1.616503,1.945087,1.752424,1.445298,1.378568
2016-11-14,2.21813,1.615959,1.945981,1.750017,1.442851,1.376732
2016-11-15,2.236093,1.631184,1.958072,1.759647,1.451894,1.381077
2016-11-16,2.2323,1.622484,1.952972,1.759214,1.448342,1.381472
2016-11-17,2.242899,1.631456,1.968014,1.761624,1.450932,1.381428
2016-11-18,2.238882,1.6233,1.956954,1.758017,1.445109,1.379214
2016-11-21,2.255396,1.638252,1.971796,1.765949,1.453172,1.382298
2016-11-22,2.259524,1.642059,1.975734,1.768532,1.455728,1.383576
2016-11-23,2.261533,1.640699,1.976985,1.767767,1.453532,1.382564
2016-11-25,2.270571,1.64668,1.977815,1.772401,1.456992,1.384624
2016-11-28,2.259858,1.640155,1.976057,1.768777,1.454762,1.383709
2016-11-29,2.263428,1.643418,1.978849,1.771007,1.456953,1.384811
2016-11-30,2.258297,1.640971,1.974743,1.766197,1.453679,1.38193
2016-12-01,2.249482,1.633631,1.964463,1.759428,1.447602,1.378371
2016-12-02,2.251043,1.637165,1.967147,1.762594,1.45154,1.380536
2016-12-05,2.263986,1.649127,1.974517,1.769705,1.458741,1.383744
2016-12-06,2.271909,1.657283,1.981958,1.773467,1.463107,1.385318
2016-12-07,2.300696,1.680119,2.008318,1.789015,1.476848,1.392237
2016-12-08,2.306721,1.684741,2.018687,1.79061,1.47825,1.392345
2016-12-09,2.320779,1.689635,2.029147,1.79544,1.479243,1.393491
2016-12-12,2.318213,1.684469,2.021844,1.793449,1.475808,1.392298
2016-12-13,2.334056,1.698062,2.038551,1.801884,1.483826,1.396095
2016-12-14,2.314754,1.676042,2.017523,1.789113,1.469,1.38956
2016-12-15,2.323345,1.679032,2.022869,1.792286,1.469792,1.390439
2016-12-16,2.319329,1.677401,2.015348,1.790918,1.469391,1.390034
2016-12-19,2.324573,1.67876,2.023519,1.795206,1.47159,1.392558
2016-12-20,2.333499,1.685251,2.029644,1.799621,1.47519,1.394288
2016-12-21,2.32714,1.682512,2.022604,1.797531,1.474535,1.393934
2016-12-22,2.324175,1.675939,2.019835,1.795635,1.470576,1.392895
2016-12-23,2.326196,1.678678,2.022132,1.796948,1.472345,1.39356
2016-12-27,2.331922,1.681965,2.022116,1.799228,1.473714,1.394367
2016-12-28,2.313509,1.672104,2.009849,1.791957,1.469745,1.392093
2016-12-29,2.313059,1.674022,2.003796,1.79357,1.472321,1.393571
2016-12-30,2.305088,1.670735,1.998605,1.791116,1.471719,1.392978
2017-01-03,2.321144,1.68443,2.013215,1.798991,1.479236,1.396367
2017-01-04,2.334841,1.699767,2.033669,1.805895,1.487758,1.399254
2017-01-05,2.333045,1.705245,2.036134,1.808711,1.493646,1.401672
2017-01-06,2.342139,1.705519,2.040675,1.81009,1.491447,1.401193
2017-01-09,2.334729,1.700864,2.036788,1.808425,1.490458,1.401238
2017-01-10,2.334392,1.702506,2.034254,1.80809,1.491177,1.400947
2017-01-11,2.341016,1.711819,2.042322,1.811527,1.496377,1.402511
2017-01-12,2.335851,1.708532,2.038206,1.809304,1.494792,1.401718
2017-01-13,2.340454,1.714284,2.044924,1.810287,1.496871,1.40165
2017-01-17,2.332146,1.70908,2.032891,1.808649,1.495959,1.401878
2017-01-18,2.337086,1.707163,2.035768,1.807206,1.491874,1.399775
2017-01-19,2.329227,1.703054,2.02928,1.802305,1.488684,1.397389
2017-01-20,2.336749,1.708806,2.03777,1.806337,1.492154,1.399253
2017-01-23,2.33136,1.708806,2.034866,1.80579,1.493765,1.399709
2017-01-24,2.34618,1.720583,2.045458,1.811614,1.499092,1.401555
2017-01-25,2.365716,1.735921,2.063817,1.818561,1.505416,1.403513
2017-01-26,2.36392,1.732361,2.063584,1.817992,1.503759,1.403488
2017-01-27,2.360551,1.730169,2.05639,1.817228,1.503264,1.403319
2017-01-30,2.346292,1.717844,2.046016,1.810419,1.496623,1.40079
2017-01-31,2.34618,1.720857,2.044477,1.811881,1.499456,1.401853
2017-02-01,2.346517,1.723322,2.047992,1.81077,1.499713,1.400958
2017-02-02,2.347528,1.726609,2.04836,1.811686,1.501811,1.401487
2017-02-03,2.36493,1.735373,2.061746,1.819957,1.506576,1.404675
2017-02-06,2.35999,1.729348,2.057766,1.819891,1.505235,1.405698
2017-02-07,2.360551,1.728252,2.057738,1.821312,1.505612,1.4067
2017-02-08,2.363583,1.730443,2.061418,1.824685,1.508381,1.408771
2017-02-09,2.377056,1.739208,2.06874,1.828987,1.511385,1.409678
2017-02-10,2.3866,1.747972,2.078948,1.833247,1.515856,1.411171
2017-02-13,2.399286,1.756737,2.089103,1.838343,1.519814,1.412837
2017-02-14,2.409279,1.760297,2.090633,1.841473,1.520442,1.413554
2017-02-15,2.421516,1.770431,2.09745,1.846003,1.524828,1.414771
2017-02-16,2.419608,1.770979,2.097027,1.846455,1.526218,1.415465
2017-02-17,2.423313,1.770157,2.098908,1.849873,1.527179,1.417542
2017-02-21,2.437571,1.77947,2.112837,1.856414,1.532012,1.419954
2017-02-22,2.436448,1.779196,2.112891,1.856339,1.532235,1.420098
2017-02-23,2.437796,1.779196,2.113096,1.858304,1.533335,1.42138
2017-02-24,2.440715,1.775362,2.11352,1.862339,1.533517,1.423985
2017-02-27,2.444308,1.773992,2.113739,1.862492,1.531547,1.423456
2017-02-28,2.437122,1.767144,2.107783,1.858615,1.527499,1.421927
2017-03-01,2.471702,1.788782,2.136134,1.871727,1.536459,1.425698
2017-03-02,2.457219,1.775635,2.121333,1.863651,1.528429,1.422044
2017-03-03,2.458566,1.782209,2.122519,1.864814,1.532334,1.422794
2017-03-06,2.450931,1.777279,2.116412,1.860817,1.529369,1.421162
2017-03-07,2.443522,1.771527,2.110442,1.856029,1.525235,1.4186
2017-03-08,2.438357,1.766322,2.105345,1.851929,1.521096,1.416349
2017-03-09,2.440939,1.767144,2.106913,1.850894,1.519691,1.41508
2017-03-10,2.449472,1.777005,2.11663,1.856293,1.526063,1.417822
2017-03-13,2.450931,1.783852,2.120704,1.855541,1.528494,1.416883
2017-03-14,2.442624,1.774266,2.111246,1.851588,1.52337,1.415314
2017-03-15,2.462945,1.795904,2.129959,1.865509,1.538447,1.422544
2017-03-16,2.458791,1.798642,2.126211,1.862504,1.539008,1.421053
2017-03-17,2.453851,1.79919,2.125296,1.861638,1.540473,1.421272
2017-03-20,2.451717,1.796725,2.124123,1.862076,1.54035,1.421905
2017-03-21,2.420393,1.778922,2.100201,1.849208,1.532367,1.417663
2017-03-22,2.425333,1.781661,2.104059,1.852489,1.534619,1.419318
2017-03-23,2.422852,1.780566,2.103043,1.850978,1.533747,1.4185
2017-03-24,2.422063,1.783852,2.106487,1.850432,1.535332,1.418311
2017-03-27,2.418115,1.785769,2.104458,1.850116,1.537592,1.418778
2017-03-28,2.436049,1.795904,2.120741,1.857115,1.541829,1.420974
2017-03-29,2.439658,1.79846,2.122074,1.860224,1.544353,1.422736
2017-03-30,2.446201,1.797635,2.122491,1.862104,1.542962,1.423014
2017-03-31,2.440335,1.793236,2.113044,1.859823,1.541012,1.422211
2017-04-03,2.43729,1.791586,2.114383,1.861042,1.542309,1.423743
2017-04-04,2.438643,1.792686,2.112998,1.860865,1.542225,1.423361
2017-04-05,2.431199,1.785813,2.104064,1.85803,1.539119,1.422505
2017-04-06,2.437515,1.788562,2.104711,1.861236,1.540789,1.423854
2017-04-07,2.435372,1.786363,2.104759,1.858626,1.538304,1.422215
2017-04-10,2.437065,1.787187,2.104315,1.860131,1.539328,1.423077
2017-04-11,2.434019,1.788837,2.105654,1.861044,1.542113,1.424427
2017-04-12,2.42398,1.784713,2.097475,1.858078,1.541339,1.423845
2017-04-13,2.40785,1.77344,2.082409,1.851653,1.536284,1.42186
2017-04-17,2.428943,1.788562,2.101836,1.861014,1.543884,1.425319
2017-04-18,2.422288,1.778939,2.095834,1.860518,1.54095,1.426227
2017-04-19,2.416988,1.775364,2.092248,1.856709,1.537961,1.424228
2017-04-20,2.436726,1.790212,2.108033,1.864902,1.544974,1.427024
2017-04-21,2.42962,1.787462,2.106048,1.861776,1.543673,1.425881
2017-04-24,2.455563,1.815507,2.126213,1.872854,1.557639,1.429706
2017-04-25,2.470339,1.826506,2.137514,1.877486,1.561593,1.430634
2017-04-26,2.468535,1.825406,2.137154,1.877363,1.561602,1.430956
2017-04-27,2.470452,1.82623,2.138808,1.878793,1.562479,1.431628
2017-04-28,2.465715,1.822381,2.132867,1.877396,1.561114,1.431582
2017-05-01,2.471693,1.82623,2.138949,1.878812,1.56202,1.431575
2017-05-02,2.472483,1.833379,2.14139,1.880436,1.56682,1.432601
2017-05-03,2.470001,1.827055,2.141477,1.878474,1.562824,1.431526
2017-05-04,2.472257,1.83118,2.14444,1.878715,1.564332,1.431398
2017-05-05,2.482183,1.844378,2.154023,1.883779,1.571656,1.433446
2017-05-08,2.482295,1.837778,2.154336,1.882575,1.567145,1.432582
2017-05-09,2.479137,1.839153,2.150334,1.880747,1.567574,1.431733
2017-05-10,2.483762,1.842453,2.150199,1.882808,1.569238,1.43259
2017-05-11,2.478686,1.839703,2.145401,1.880986,1.568233,1.432092
2017-05-12,2.474851,1.838603,2.144667,1.881358,1.569425,1.432981
2017-05-15,2.487371,1.850976,2.154107,1.887001,1.575797,1.435193
2017-05-16,2.48692,1.85455,2.154324,1.887509,1.578271,1.43567
2017-05-17,2.442817,1.825956,2.126566,1.870951,1.566453,1.430868
2017-05-18,2.451728,1.827055,2.133693,1.874466,1.566515,1.431988
2017-05-19,2.466955,1.845478,2.14821,1.881996,1.576591,1.434993
2017-05-22,2.480716,1.852901,2.156197,1.887767,1.579986,1.437081
2017-05-23,2.485567,1.852626,2.16,1.888496,1.578586,1.436771
2017-05-24,2.491545,1.8562,2.162649,1.892803,1.581724,1.438944
2017-05-25,2.503163,1.862524,2.171419,1.898205,1.585056,1.441132
2017-05-26,2.503275,1.8606,2.171855,1.898617,1.584338,1.441523
2017-05-30,2.500907,1.858675,2.171766,1.898593,1.58421,1.441748
2017-05-31,2.500342,1.85785,2.171423,1.898689,1.58407,1.441925
2017-06-01,2.519856,1.871599,2.189156,1.907962,1.591477,1.445756
2017-06-02,2.527752,1.882871,2.207805,1.914063,1.599414,1.448976
2017-06-05,2.526061,1.878747,2.204203,1.912106,1.59628,1.447854
2017-06-06,2.518841,1.874622,2.20031,1.910099,1.595216,1.447507
2017-06-07,2.523015,1.874622,2.202599,1.911051,1.594403,1.447676
2017-06-08,2.523917,1.874072,2.201553,1.91093,1.593669,1.447327
2017-06-09,2.520985,1.870773,2.193765,1.908936,1.591412,1.446401
2017-06-12,2.519969,1.868023,2.195233,1.908284,1.589815,1.445986
2017-06-13,2.532264,1.880121,2.206375,1.914182,1.596338,1.448437
2017-06-14,2.529557,1.875447,2.204364,1.915622,1.596095,1.449951
2017-06-15,2.524481,1.863898,2.194784,1.912452,1.589344,1.448407
2017-06-16,2.525158,1.872148,2.197892,1.913576,1.594356,1.449341
2017-06-19,2.5458,1.88397,2.212509,1.922096,1.599698,1.452137
2017-06-20,2.529106,1.867473,2.202596,1.915412,1.591893,1.449962
2017-06-21,2.52809,1.867473,2.200992,1.915301,1.59219,1.450151
2017-06-22,2.526624,1.868298,2.201459,1.914889,1.592846,1.450187
2017-06-23,2.53093,1.871599,2.20358,1.91707,1.594733,1.451012
2017-06-26,2.531723,1.877371,2.202211,1.918249,1.59844,1.451692
2017-06-27,2.511554,1.867473,2.188361,1.906351,1.591154,1.446096
2017-06-28,2.533762,1.883143,2.204806,1.916678,1.59941,1.450288
2017-06-29,2.511894,1.865148,2.184865,1.904979,1.58867,1.445062
2017-06-30,2.516086,1.869577,2.189632,1.906388,1.59056,1.445491
2017-07-03,2.521639,1.872623,2.189795,1.909052,1.592232,1.446602
2017-07-05,2.526058,1.872623,2.192601,1.911559,1.592603,1.447659
2017-07-06,2.503396,1.856842,2.17403,1.899304,1.582877,1.442328
2017-07-07,2.519259,1.865148,2.183291,1.9065,1.587105,1.445051
2017-07-10,2.521864,1.869301,2.183145,1.908073,1.58959,1.445801
2017-07-11,2.519939,1.870962,2.186418,1.9079,1.59106,1.446015
2017-07-12,2.538862,1.887295,2.202472,1.918417,1.601078,1.450671
2017-07-13,2.543167,1.892833,2.204223,1.920148,1.603773,1.451237
2017-07-14,2.554724,1.904184,2.212844,1.925793,1.609976,1.453718
2017-07-17,2.555065,1.9028,2.212186,1.926945,1.610064,1.454458
2017-07-18,2.556991,1.904461,2.216811,1.929558,1.612351,1.456139
2017-07-19,2.570474,1.914705,2.227712,1.935918,1.617823,1.458642
2017-07-20,2.571267,1.918026,2.230661,1.936739,1.619945,1.459136
2017-07-21,2.569454,1.914705,2.230794,1.936709,1.618863,1.45944
2017-07-24,2.568548,1.914705,2.228887,1.935927,1.618566,1.458996
2017-07-25,2.574666,1.91858,2.230257,1.93597,1.618305,1.457926
2017-07-26,2.57546,1.924394,2.23296,1.938146,1.622854,1.459564
2017-07-27,2.5724,1.919687,2.233324,1.935819,1.61963,1.458402
2017-07-28,2.569454,1.918857,2.233509,1.935805,1.620308,1.458831
2017-07-31,2.567981,1.919134,2.234836,1.93503,1.62038,1.458495
2017-08-01,2.57376,1.92744,2.242294,1.94073,1.627233,1.461986
2017-08-02,2.575232,1.925778,2.242817,1.940961,1.625985,1.461992
2017-08-03,2.570701,1.923287,2.241793,1.940396,1.62594,1.462371
2017-08-04,2.575007,1.926886,2.243791,1.941219,1.626867,1.462233
2017-08-07,2.579199,1.931592,2.246089,1.94344,1.62957,1.4632
2017-08-08,2.5741,1.925502,2.242253,1.940072,1.625541,1.461506
2017-08-09,2.572627,1.921072,2.237163,1.939931,1.623654,1.461662
2017-08-10,2.537275,1.891726,2.208666,1.92458,1.609087,1.456127
2017-08-11,2.540674,1.892556,2.209743,1.926796,1.610046,1.457326
2017-08-14,2.565601,1.909998,2.229813,1.937843,1.618789,1.46131
2017-08-15,2.565828,1.90806,2.229087,1.936678,1.616723,1.460457
2017-08-16,2.569907,1.917473,2.233784,1.939664,1.622579,1.461946
2017-08-17,2.52991,1.890341,2.204935,1.922425,1.609401,1.455876
2017-08-18,2.525265,1.892556,2.205076,1.919903,1.610271,1.454664
2017-08-21,2.528324,1.894217,2.205453,1.921688,1.611444,1.45559
2017-08-22,2.553931,1.909444,2.222357,1.932688,1.618721,1.459599
2017-08-23,2.545206,1.907229,2.217307,1.930809,1.619345,1.459715
2017-08-24,2.539315,1.904184,2.210275,1.92698,1.616845,1.457806
2017-08-25,2.544867,1.911659,2.215867,1.93047,1.62153,1.459421
2017-08-28,2.545773,1.911382,2.217157,1.931254,1.621682,1.459958
2017-08-29,2.547699,1.90972,2.216969,1.932966,1.621478,1.460939
2017-08-30,2.56039,1.915258,2.224304,1.938777,1.624321,1.463159
2017-08-31,2.57546,1.927162,2.23876,1.94642,1.631116,1.466463
2017-09-01,2.579879,1.932977,2.238728,1.947239,1.633163,1.466329
2017-09-05,2.560843,1.919964,2.224209,1.941478,1.628848,1.465109
2017-09-06,2.569794,1.927162,2.232482,1.944367,1.631594,1.46592
2017-09-07,2.569227,1.934637,2.236086,1.946468,1.637477,1.467653
2017-09-08,2.565262,1.932423,2.235777,1.943806,1.635637,1.46621
2017-09-11,2.593248,1.950971,2.255853,1.954547,1.643542,1.469497
2017-09-12,2.602766,1.956232,2.262125,1.957882,1.645416,1.470552
2017-09-13,2.604353,1.951249,2.261731,1.95771,1.642043,1.470132
2017-09-14,2.603446,1.951803,2.261304,1.957743,1.642708,1.470229
2017-09-15,2.607072,1.955402,2.264493,1.95952,1.644679,1.470954
2017-09-18,2.611604,1.962046,2.267368,1.961082,1.647732,1.471349
2017-09-19,2.614777,1.965091,2.273242,1.962012,1.648888,1.471682
2017-09-20,2.616212,1.965091,2.274361,1.962043,1.648365,1.471447
2017-09-21,2.608809,1.95983,2.267152,1.958419,1.645443,1.46997
2017-09-22,2.608468,1.961215,2.267685,1.958987,1.646771,1.470473
2017-09-25,2.604595,1.952633,2.266814,1.958823,1.643594,1.471044
2017-09-26,2.605506,1.950695,2.267367,1.958883,1.642274,1.470926
2017-09-27,2.615643,1.954423,2.274879,1.961324,1.64237,1.470991
2017-09-28,2.618717,1.956928,2.277239,1.962935,1.643839,1.471596
2017-09-29,2.628056,1.967779,2.283032,1.967369,1.649631,1.473535
2017-10-02,2.639103,1.972231,2.289739,1.972214,1.651737,1.475321
2017-10-03,2.644456,1.980857,2.297062,1.975068,1.656582,1.47657
2017-10-04,2.6481,1.981692,2.299397,1.976763,1.657022,1.477135
2017-10-05,2.663817,1.987535,2.308569,1.983525,1.659651,1.47964
2017-10-06,2.66131,1.985031,2.306677,1.981539,1.657657,1.478459
2017-10-09,2.656642,1.982248,2.304707,1.980097,1.656791,1.478182
2017-10-10,2.663361,1.9931,2.313722,1.983587,1.662808,1.479678
2017-10-11,2.667688,1.998665,2.319928,1.985963,1.66604,1.480741
2017-10-12,2.663589,1.997553,2.316575,1.984694,1.665978,1.480681
2017-10-13,2.66655,2.003117,2.327011,1.987621,1.670184,1.482418
2017-10-16,2.670764,2.003951,2.332778,1.988852,1.670025,1.48252
2017-10-17,2.672472,2.003117,2.333074,1.989736,1.66966,1.482991
2017-10-18,2.674863,2.004508,2.333786,1.989664,1.669418,1.482503
2017-10-19,2.67623,2.002004,2.333012,1.990664,1.668399,1.483033
2017-10-20,2.689555,2.006734,2.342705,1.995038,1.669393,1.484115
2017-10-23,2.679761,1.998943,2.338487,1.991122,1.665812,1.482751
2017-10-24,2.683519,2.002282,2.346692,1.991594,1.666523,1.482623
2017-10-25,2.670649,1.994213,2.333078,1.984971,1.661746,1.479805
2017-10-26,2.673156,1.99477,2.338425,1.985225,1.661291,1.47955
2017-10-27,2.695933,2.005343,2.357683,1.997457,1.66821,1.484934
2017-10-30,2.686139,2.002839,2.35149,1.994634,1.668314,1.484418
2017-10-31,2.689214,2.009239,2.356442,1.995609,1.671312,1.484712
2017-11-01,2.693882,2.013691,2.363349,1.998263,1.674055,1.485976
2017-11-02,2.695021,2.015917,2.364904,1.999524,1.675829,1.486656
2017-11-03,2.704019,2.017586,2.372094,2.004347,1.677234,1.488776
2017-11-06,2.708118,2.022873,2.37446,2.006801,1.680471,1.490033
2017-11-07,2.706979,2.018699,2.379568,2.006545,1.678497,1.490041
2017-11-08,2.710966,2.023151,2.386554,2.007851,1.680391,1.490334
2017-11-09,2.701171,2.012021,2.374438,2.002566,1.673927,1.487908
2017-11-10,2.699577,2.010352,2.36804,1.998812,1.670569,1.485373
2017-11-13,2.702766,2.00729,2.366768,2.000386,1.669032,1.48602
2017-11-14,2.696161,2.00423,2.358933,1.998227,1.66817,1.485536
2017-11-15,2.68238,1.992543,2.34526,1.993554,1.663438,1.484396
2017-11-16,2.705271,2.011743,2.370263,2.003194,1.672729,1.48784
2017-11-17,2.697983,2.00896,2.36226,2.000536,1.671863,1.486999
2017-11-20,2.701513,2.012021,2.367982,2.00172,1.673101,1.487374
2017-11-21,2.719507,2.027881,2.38557,2.010728,1.681983,1.49121
2017-11-22,2.717571,2.030664,2.384888,2.011379,1.684726,1.492065
2017-11-24,2.723265,2.038177,2.394392,2.013845,1.688534,1.492859
2017-11-27,2.722469,2.030108,2.3907,2.0132,1.684057,1.492502
2017-11-28,2.749459,2.045689,2.409308,2.025751,1.692267,1.497558
2017-11-29,2.748435,2.039289,2.407205,2.02345,1.687394,1.495864
2017-11-30,2.77144,2.047359,2.421913,2.033051,1.690744,1.499165
2017-12-01,2.766315,2.042907,2.41547,2.032663,1.690039,1.499816
2017-12-04,2.763353,2.039289,2.405897,2.031377,1.688207,1.499398
2017-12-05,2.75356,2.032889,2.401802,2.027738,1.685588,1.498387
2017-12-06,2.753445,2.02649,2.399018,2.028508,1.682894,1.49896
2017-12-07,2.762557,2.032889,2.409239,2.031739,1.685438,1.499869
2017-12-08,2.77759,2.044854,2.421821,2.038455,1.691516,1.502415
2017-12-11,2.786587,2.049863,2.429752,2.04209,1.693704,1.503567
2017-12-12,2.79137,2.050419,2.434013,2.044223,1.693922,1.504405
2017-12-13,2.790686,2.054871,2.43656,2.046009,1.697998,1.505869
2017-12-14,2.779639,2.045967,2.426397,2.041146,1.693532,1.504134
2017-12-15,2.802986,2.055428,2.440942,2.052095,1.698592,1.508465
2017-12-18,2.820411,2.074627,2.460406,2.059008,1.70773,1.510733
2017-12-19,2.810161,2.0674,2.446594,2.051955,1.702042,1.507117
2017-12-20,2.807997,2.066,2.446274,2.049485,1.7001,1.50559
2017-12-21,2.813692,2.071883,2.450228,2.05259,1.703576,1.506973
2017-12-22,2.813122,2.075523,2.45336,2.052691,1.705795,1.507246
2017-12-26,2.809849,2.075803,2.451745,2.051912,1.706554,1.507186
2017-12-27,2.811451,2.077204,2.451724,2.05495,1.709177,1.509347
2017-12-28,2.816716,2.083366,2.453181,2.05694,1.712047,1.509942
2017-12-29,2.806989,2.080004,2.448642,2.053609,1.711256,1.509019
2018-01-02,2.827587,2.098212,2.46562,2.061078,1.719115,1.511145
2018-01-03,2.844409,2.112496,2.486071,2.069145,1.72673,1.514462
2018-01-04,2.856882,2.125101,2.502886,2.074194,1.732587,1.516214
2018-01-05,2.875192,2.137425,2.516148,2.081087,1.737716,1.518332
2018-01-08,2.881143,2.139666,2.524197,2.083791,1.738902,1.51941
2018-01-09,2.887208,2.143308,2.52839,2.084012,1.738664,1.518599
2018-01-10,2.882287,2.136304,2.530294,2.08196,1.735305,1.517884
2018-01-11,2.903572,2.15199,2.548439,2.091269,1.743016,1.521247
2018-01-12,2.922797,2.169077,2.562628,2.099577,1.751332,1.524404
2018-01-16,2.912155,2.164034,2.556132,2.09553,1.74936,1.523045
2018-01-17,2.940306,2.18112,2.579572,2.10693,1.756998,1.526989
2018-01-18,2.9363,2.176638,2.570502,2.103556,1.753443,1.525157
2018-01-19,2.948774,2.188123,2.583023,2.107288,1.757651,1.525943
2018-01-22,2.972463,2.204089,2.600795,2.117041,1.764992,1.529345
2018-01-23,2.979214,2.210251,2.609701,2.122122,1.769797,1.531988
2018-01-24,2.977726,2.213892,2.609038,2.120559,1.770826,1.531131
2018-01-25,2.979099,2.210531,2.606073,2.123389,1.771034,1.532986
2018-01-26,3.013774,2.233219,2.633004,2.137034,1.780919,1.537529
2018-01-29,2.992946,2.214732,2.613543,2.126809,1.770901,1.533273
2018-01-30,2.961019,2.192044,2.583995,2.111326,1.75848,1.52709
2018-01-31,2.963765,2.194005,2.581254,2.11273,1.759612,1.527728
2018-02-01,2.96079,2.192324,2.583242,2.109163,1.756897,1.52557
2018-02-02,2.897392,2.144427,2.533134,2.078998,1.731317,1.513668
2018-02-05,2.77838,2.062079,2.424297,2.030504,1.693801,1.497144
2018-02-06,2.829761,2.105214,2.473327,2.050334,1.712803,1.503495
2018-02-07,2.814312,2.078324,2.457272,2.041749,1.69806,1.499727
2018-02-08,2.709718,2.012501,2.371467,1.995396,1.665193,1.482461
2018-02-09,2.751487,2.033788,2.404201,2.011631,1.673963,1.487768
2018-02-12,2.789251,2.06404,2.441361,2.028351,1.689003,1.493971
2018-02-13,2.798635,2.06544,2.43801,2.033166,1.690285,1.495997
2018-02-14,2.835254,2.098212,2.471404,2.046541,1.704193,1.499932
2018-02-15,2.871988,2.12146,2.497384,2.063418,1.716299,1.506467
2018-02-16,2.871645,2.12314,2.508585,2.064995,1.718566,1.507727
2018-02-20,2.85425,2.107174,2.491833,2.056575,1.710039,1.504343
2018-02-21,2.839259,2.099331,2.475198,2.046971,1.703642,1.499655
2018-02-22,2.842693,2.102973,2.480729,2.049489,1.706279,1.501
2018-02-23,2.889382,2.131263,2.520147,2.072042,1.721966,1.51015
2018-02-26,2.922683,2.15115,2.550289,2.087012,1.732081,1.515687
2018-02-27,2.885377,2.121179,2.517089,2.068969,1.715907,1.508539
2018-02-28,2.853335,2.09653,2.490906,2.055971,1.704637,1.504196
2018-03-01,2.815685,2.071601,2.446209,2.04088,1.693528,1.499212
2018-03-02,2.830677,2.081405,2.46358,2.045909,1.697074,1.500546
2018-03-05,2.863176,2.098212,2.48673,2.059614,1.704912,1.505384
2018-03-06,2.870385,2.110536,2.49567,2.063072,1.711225,1.506763
2018-03-07,2.869127,2.108015,2.488644,2.062319,1.709816,1.506412
2018-03-08,2.882516,2.116138,2.501357,2.06909,1.714573,1.509181
2018-03-09,2.93241,2.142747,2.533651,2.089894,1.726805,1.516533
2018-03-12,2.929549,2.144987,2.532641,2.089456,1.728585,1.516721
2018-03-13,2.91021,2.130142,2.51961,2.081202,1.721458,1.51377
2018-03-14,2.894875,2.127902,2.51344,2.076226,1.721799,1.51258
2018-03-15,2.892129,2.12454,2.513236,2.075127,1.720232,1.512165
2018-03-16,2.895104,2.124821,2.511739,2.075716,1.719776,1.512219
2018-03-19,2.856425,2.102413,2.475493,2.058188,1.708251,1.505569
2018-03-20,2.86146,2.107455,2.482738,2.059372,1.70988,1.50558
2018-03-21,2.854822,2.109135,2.479668,2.056469,1.710706,1.504616
2018-03-22,2.783873,2.059837,2.429613,2.026763,1.687575,1.49426
2018-03-23,2.724595,2.025106,2.378094,2.001041,1.670671,1.484955
2018-03-26,2.799594,2.072808,2.434056,2.033333,1.693697,1.496557
2018-03-27,2.751082,2.04526,2.406162,2.014864,1.682447,1.490893
2018-03-28,2.743379,2.044417,2.409681,2.011394,1.681947,1.489634
2018-03-29,2.782925,2.069715,2.443144,2.030726,1.696082,1.497567
2018-04-02,2.718548,2.028676,2.38888,2.002467,1.675822,1.487144
2018-04-03,2.753036,2.050039,2.419133,2.016634,1.685559,1.491952
2018-04-04,2.784765,2.066342,2.439236,2.03051,1.693573,1.497138
2018-04-05,2.804883,2.077306,2.455197,2.038186,1.698026,1.49959
2018-04-06,2.743149,2.043855,2.40586,2.013227,1.683284,1.491188
2018-04-09,2.7543,2.056224,2.419169,2.01892,1.690045,1.493624
2018-04-10,2.799709,2.086582,2.450934,2.037351,1.703778,1.499808
2018-04-11,2.78488,2.077024,2.440043,2.031478,1.69959,1.497978
2018-04-12,2.808216,2.089392,2.45306,2.040154,1.704393,1.500598
2018-04-13,2.800399,2.083771,2.448289,2.037348,1.702141,1.499794
2018-04-16,2.823161,2.094452,2.464268,2.047404,1.707477,1.503618
2018-04-17,2.853509,2.111318,2.485614,2.060983,1.716023,1.508707
2018-04-18,2.85512,2.11947,2.491627,2.059034,1.717818,1.506971
2018-04-19,2.839485,2.105697,2.479262,2.050257,1.70943,1.503142
2018-04-20,2.816493,2.091922,2.463756,2.038161,1.700956,1.497959
2018-04-23,2.815228,2.089392,2.462002,2.0372,1.699371,1.497457
2018-04-24,2.776832,2.072246,2.435866,2.018978,1.68975,1.490303
2018-04-25,2.78396,2.071402,2.442548,2.020973,1.6884,1.490673
2018-04-26,2.812584,2.08883,2.46456,2.035125,1.698329,1.496509
2018-04-27,2.815574,2.092484,2.464299,2.037657,1.701147,1.497936
2018-04-30,2.792581,2.07843,2.448547,2.02801,1.694579,1.494499
2018-05-01,2.79856,2.077306,2.451583,2.029376,1.692985,1.494578
2018-05-02,2.779476,2.069435,2.435518,2.021132,1.689201,1.491643
2018-05-03,2.772924,2.068591,2.432254,2.018983,1.689384,1.491117
2018-05-04,2.809711,2.086301,2.460107,2.035583,1.698516,1.49749
2018-05-07,2.818448,2.089392,2.466299,2.038994,1.699694,1.49859
2018-05-08,2.818333,2.089674,2.468559,2.038331,1.699321,1.498173
2018-05-09,2.845693,2.102323,2.47888,2.049376,1.704771,1.501884
2018-05-10,2.872364,2.121719,2.499454,2.062677,1.715671,1.50736
2018-05-11,2.879376,2.126216,2.509378,2.066562,1.718564,1.509084
2018-05-14,2.882594,2.129309,2.515513,2.066947,1.719232,1.50885
2018-05-15,2.862822,2.110194,2.495715,2.054515,1.706678,1.503005
2018-05-16,2.875007,2.120875,2.505361,2.059231,1.711417,1.504558
2018-05-17,2.872593,2.120313,2.503765,2.05746,1.710545,1.503647
2018-05-18,2.865465,2.113286,2.497574,2.056489,1.708881,1.504128
2018-05-21,2.886504,2.125373,2.511274,2.06569,1.714823,1.507501
2018-05-22,2.878226,2.123406,2.504504,2.062275,1.714027,1.506324
2018-05-23,2.887193,2.11722,2.507033,2.068651,1.713033,1.509611
2018-05-24,2.881675,2.113567,2.499125,2.067874,1.712602,1.510026
2018-05-25,2.874432,2.10654,2.492251,2.066446,1.710598,1.510189
2018-05-29,2.841209,2.073932,2.467064,2.05754,1.69926,1.508987
2018-05-30,2.878686,2.100917,2.495092,2.071476,1.710479,1.513146
2018-05-31,2.860062,2.090236,2.478695,2.063025,1.704972,1.510035
2018-06-01,2.890182,2.110475,2.50211,2.076701,1.715341,1.515263
2018-06-04,2.902942,2.121156,2.514315,2.080535,1.719135,1.516078
2018-06-05,2.906965,2.120595,2.515421,2.083014,1.719459,1.51725
2018-06-06,2.930187,2.139148,2.532786,2.090909,1.726693,1.519266
2018-06-07,2.928808,2.131838,2.531944,2.092361,1.724814,1.520602
2018-06-08,2.938005,2.136617,2.539766,2.095356,1.726307,1.521423
2018-06-11,2.941798,2.141958,2.544413,2.096296,1.728332,1.521553
2018-06-12,2.946741,2.139709,2.542767,2.098355,1.727141,1.52227
2018-06-13,2.935015,2.133244,2.536223,2.092712,1.723534,1.519964
2018-06-14,2.943523,2.135492,2.54068,2.09818,1.726097,1.522758
2018-06-15,2.940994,2.126498,2.535211,2.097177,1.721761,1.522428
2018-06-18,2.933981,2.116378,2.525532,2.09411,1.716786,1.521254
2018-06-19,2.92283,2.102042,2.510936,2.090569,1.710853,1.520545
2018-06-20,2.928118,2.10935,2.514411,2.091032,1.712903,1.519987
2018-06-21,2.90984,2.091922,2.500534,2.083449,1.704678,1.517408
2018-06-22,2.915013,2.104411,2.507277,2.086225,1.711246,1.518663
2018-06-25,2.874662,2.074393,2.472757,2.068474,1.696403,1.512218
2018-06-26,2.880985,2.076659,2.48082,2.072576,1.698631,1.514162
2018-06-27,2.857073,2.057118,2.461402,2.064071,1.690654,1.511859
2018-06-28,2.874479,2.067597,2.472892,2.071066,1.695291,1.514198
2018-06-29,2.881755,2.077791,2.474984,2.074043,1.700131,1.515314
2018-07-02,2.885104,2.070428,2.465654,2.075003,1.69609,1.515415
2018-07-03,2.873439,2.068163,2.457668,2.071549,1.696351,1.514853
2018-07-05,2.89804,2.084587,2.471572,2.083442,1.70537,1.519628
2018-07-06,2.922179,2.097898,2.49088,2.094926,1.712687,1.524278
2018-07-09,2.94805,2.118854,2.516439,2.105519,1.722387,1.527897
2018-07-10,2.95833,2.122536,2.519994,2.109501,1.723768,1.529218
2018-07-11,2.938118,2.099031,2.497765,2.101073,1.712556,1.526279
2018-07-12,2.963296,2.115456,2.513876,2.112702,1.721147,1.530769
2018-07-13,2.965836,2.118004,2.521979,2.114534,1.723,1.531755
2018-07-16,2.963989,2.115172,2.521099,2.112594,1.720663,1.530678
2018-07-17,2.976694,2.123385,2.53516,2.117841,1.724443,1.532488
2018-07-18,2.982122,2.124801,2.53736,2.119803,1.724795,1.533106
2018-07-19,2.970803,2.116871,2.530574,2.116397,1.722186,1.532474
2018-07-20,2.968031,2.120837,2.531108,2.113332,1.722589,1.530721
2018-07-23,2.973691,2.120837,2.538148,2.113232,1.720441,1.52969
2018-07-24,2.987666,2.130182,2.549646,2.12058,1.726066,1.532937
2018-07-25,3.015038,2.152271,2.571052,2.132551,1.736925,1.537276
2018-07-26,3.006145,2.143209,2.567478,2.128661,1.73247,1.5359
2018-07-27,2.986626,2.136695,2.557789,2.119919,1.729096,1.532719
2018-07-30,2.969417,2.129332,2.541721,2.111466,1.724704,1.529231
2018-07-31,2.984432,2.137544,2.545323,2.11865,1.729256,1.532191
2018-08-01,2.980736,2.129899,2.547765,2.11659,1.725127,1.531298
2018-08-02,2.995866,2.130182,2.55292,2.12362,1.725611,1.534077
2018-08-03,3.010534,2.137544,2.56175,2.131789,1.730693,1.537714
2018-08-06,3.021853,2.137544,2.563219,2.137463,1.731297,1.540109
2018-08-07,3.030284,2.145758,2.574423,2.139705,1.734129,1.540451
2018-08-08,3.028667,2.144342,2.572694,2.138792,1.733261,1.539991
2018-08-09,3.024855,2.139528,2.567648,2.138673,1.732186,1.540565
2018-08-10,3.004297,2.115456,2.544713,2.131333,1.72173,1.53858
2018-08-13,2.992979,2.104128,2.533601,2.126486,1.716247,1.536891
2018-08-14,3.012266,2.11404,2.548218,2.134406,1.720689,1.539505
2018-08-15,2.990091,2.090535,2.526028,2.125636,1.709909,1.536731
2018-08-16,3.014345,2.106394,2.544665,2.136657,1.71805,1.540922
2018-08-17,3.024393,2.115739,2.553147,2.141981,1.723419,1.543264
2018-08-20,3.031092,2.123951,2.56008,2.145943,1.728317,1.545095
2018-08-21,3.037676,2.132447,2.563975,2.148409,1.732149,1.545898
2018-08-22,3.036752,2.138111,2.566378,2.148521,1.735364,1.546128
2018-08-23,3.032362,2.1282,2.560731,2.146601,1.730491,1.545575
2018-08-24,3.05142,2.143493,2.574837,2.15535,1.738354,1.548933
2018-08-27,3.074403,2.166147,2.599622,2.164369,1.74863,1.551911
2018-08-28,3.076136,2.164449,2.598454,2.163888,1.746762,1.551281
2018-08-29,3.092999,2.174643,2.611344,2.170747,1.751343,1.553556
2018-08-30,3.080409,2.156519,2.59859,2.16586,1.742949,1.552191
2018-08-31,3.080525,2.155953,2.600144,2.166117,1.742843,1.552312
2018-09-04,3.076252,2.142359,2.588634,2.162985,1.735108,1.55074
2018-09-05,3.067589,2.1282,2.575805,2.159404,1.72832,1.549453
2018-09-06,3.058581,2.123669,2.571913,2.156706,1.727128,1.54902
2018-09-07,3.051189,2.11404,2.563074,2.150886,1.720237,1.546038
2018-09-10,3.056962,2.119138,2.568205,2.153928,1.723174,1.547343
2018-09-11,3.068514,2.123385,2.57674,2.157221,1.723795,1.547955
2018-09-12,3.06886,2.12735,2.578311,2.157993,1.726262,1.548466
2018-09-13,3.0863,2.14066,2.594396,2.166138,1.733236,1.551642
2018-09-14,3.087917,2.142076,2.60342,2.1655,1.732811,1.550964
2018-09-17,3.070477,2.13443,2.593145,2.157769,1.728966,1.548193
2018-09-18,3.087223,2.149439,2.620553,2.163231,1.73479,1.549512
2018-09-19,3.090688,2.15482,2.625265,2.163505,1.7364,1.549157
2018-09-20,3.115521,2.174927,2.6424,2.1754,1.747148,1.553997
2018-09-21,3.113326,2.17436,2.642668,2.174957,1.747301,1.554025
2018-09-24,3.102931,2.164732,2.632985,2.169376,1.741704,1.55165
2018-09-25,3.09912,2.167564,2.636222,2.167089,1.742578,1.550583
2018-09-26,3.090036,2.163922,2.634262,2.165186,1.742515,1.550645
2018-09-27,3.098621,2.165628,2.637525,2.169561,1.743871,1.552576
2018-09-28,3.098273,2.157662,2.635829,2.169409,1.739955,1.552521
2018-10-01,3.109759,2.164491,2.647909,2.172907,1.74204,1.553274
2018-10-02,3.109412,2.154247,2.645966,2.174208,1.738215,1.554333
2018-10-03,3.112079,2.154247,2.641041,2.171225,1.734755,1.551719
2018-10-04,3.086555,2.13063,2.615447,2.157988,1.721415,1.546206
2018-10-05,3.069152,2.117826,2.604948,2.148925,1.713909,1.542402
2018-10-08,3.068341,2.113273,2.607667,2.148259,1.711412,1.542044
2018-10-09,3.064396,2.108152,2.601056,2.148089,1.710192,1.542501
2018-10-10,2.965432,2.048399,2.522722,2.104185,1.680298,1.526279
2018-10-11,2.903014,2.012547,2.471764,2.079169,1.664577,1.517995
2018-10-12,2.942229,2.035309,2.497307,2.096111,1.675594,1.52413
2018-10-15,2.926101,2.026773,2.485362,2.088851,1.671225,1.521442
2018-10-16,2.988404,2.066893,2.536372,2.116721,1.691466,1.531937
2018-10-17,2.989447,2.058642,2.536515,2.115725,1.686199,1.53104
2018-10-18,2.947449,2.026773,2.498021,2.096839,1.6701,1.523926
2018-10-19,2.945128,2.028766,2.498088,2.095409,1.670733,1.5233
2018-10-22,2.932947,2.023075,2.486326,2.089771,1.667676,1.52122
2018-10-23,2.915311,2.009132,2.467524,2.083198,1.661774,1.519229
2018-10-24,2.828298,1.947671,2.392405,2.047321,1.633376,1.506925
2018-10-25,2.878998,1.980109,2.433242,2.068561,1.648544,1.514419
2018-10-26,2.828065,1.955923,2.393499,2.047738,1.637866,1.507368
2018-10-29,2.813448,1.94255,2.378395,2.040619,1.630686,1.504492
2018-10-30,2.85649,1.971004,2.415053,2.058303,1.643722,1.510557
2018-10-31,2.886423,1.98893,2.439876,2.069734,1.651151,1.514189
2018-11-01,2.916356,2.020229,2.45654,2.084322,1.667786,1.520187
2018-11-02,2.898257,2.015961,2.449326,2.073392,1.663173,1.515074
2018-11-05,2.914732,2.021367,2.456909,2.081221,1.66635,1.518223
2018-11-06,2.933179,2.031611,2.475834,2.089185,1.671299,1.521104
2018-11-07,2.995132,2.066609,2.520821,2.117008,1.689112,1.531621
2018-11-08,2.990027,2.050105,2.513254,2.113424,1.679871,1.529862
2018-11-09,2.962416,2.033887,2.489476,2.103324,1.673546,1.526984
2018-11-12,2.905218,1.998034,2.44529,2.079555,1.656962,1.518678
2018-11-13,2.900346,2.001164,2.439844,2.077009,1.658154,1.517642
2018-11-14,2.880506,1.994336,2.430083,2.068955,1.655317,1.514868
2018-11-15,2.910323,2.011977,2.45224,2.0821,1.664076,1.519876
2018-11-16,2.917748,2.015961,2.457266,2.087115,1.667509,1.522412
2018-11-19,2.869369,1.988361,2.424769,2.065956,1.653941,1.514606
2018-11-20,2.81658,1.951939,2.380183,2.042349,1.635602,1.505861
2018-11-21,2.825978,1.97015,2.396058,2.047291,1.645248,1.508078
2018-11-23,2.807763,1.957631,2.382467,2.03922,1.639007,1.505082
2018-11-26,2.851734,1.986084,2.418332,2.057828,1.652475,1.511725
2018-11-27,2.860667,1.986369,2.423166,2.062255,1.653049,1.513538
2018-11-28,2.927494,2.024497,2.472859,2.091898,1.672139,1.524608
2018-11-29,2.921461,2.019375,2.466827,2.089883,1.670141,1.524148
2018-11-30,2.940836,2.023359,2.479272,2.098668,1.67236,1.527533
2018-12-03,2.977149,2.050959,2.51071,2.115822,1.686989,1.534273
2018-12-04,2.884799,1.990637,2.428747,2.077412,1.658986,1.520968
2018-12-06,2.877489,1.980393,2.423296,2.075675,1.655168,1.520967
2018-12-07,2.810663,1.943973,2.377561,2.048116,1.638655,1.511526
2018-12-10,2.814028,1.939704,2.374545,2.050422,1.637252,1.512728
2018-12-11,2.81484,1.940558,2.374546,2.050881,1.637758,1.512883
2018-12-12,2.830387,1.961614,2.391949,2.056847,1.647414,1.514866
2018-12-13,2.829458,1.957915,2.389404,2.057066,1.646117,1.515226
2018-12-14,2.77725,1.927185,2.349995,2.034963,1.631619,1.507441
2018-12-17,2.720548,1.895316,2.310191,2.011727,1.617257,1.499546
2018-12-18,2.719498,1.897877,2.311357,2.012519,1.619559,1.500295
2018-12-19,2.676105,1.873407,2.275276,1.995,1.608747,1.494357
2018-12-20,2.632129,1.853489,2.24507,1.974621,1.597999,1.486567
2018-12-21,2.579756,1.821336,2.193415,1.951716,1.582193,1.478271
2018-12-24,2.508718,1.787187,2.143326,1.920835,1.565562,1.46707
2018-12-26,2.635629,1.853708,2.232379,1.974563,1.596782,1.486064
2018-12-27,2.660124,1.86403,2.255679,1.987053,1.603338,1.491445
2018-12-28,2.656742,1.866038,2.254362,1.987559,1.605981,1.492409
2018-12-31,2.680654,1.876933,2.267836,2.000107,1.61308,1.497826
2019-01-02,2.682755,1.874639,2.273479,2.002698,1.613347,1.499338
2019-01-03,2.618716,1.845393,2.231615,1.977142,1.600765,1.491091
2019-01-04,2.70515,1.905319,2.305873,2.013435,1.629758,1.503818
2019-01-07,2.725447,1.917075,2.319651,2.021315,1.634853,1.506315
2019-01-08,2.751926,1.932559,2.338699,2.032165,1.642035,1.509998
2019-01-09,2.76464,1.950622,2.350116,2.038971,1.652257,1.512962
2019-01-10,2.776188,1.959511,2.361243,2.042528,1.655546,1.513738
2019-01-11,2.774905,1.952056,2.352197,2.043568,1.652997,1.51483
2019-01-14,2.759624,1.941447,2.340593,2.036017,1.64695,1.51169
2019-01-15,2.791936,1.958938,2.368313,2.050591,1.656063,1.517281
2019-01-16,2.798119,1.965532,2.375455,2.053663,1.659712,1.518594
2019-01-17,2.818998,1.976715,2.386371,2.062106,1.664755,1.521513
2019-01-18,2.856908,1.99822,2.418347,2.078481,1.675372,1.527416
2019-01-22,2.818882,1.969833,2.382827,2.062862,1.661852,1.522147
2019-01-23,2.82308,1.974421,2.383314,2.06555,1.664872,1.523456
2019-01-24,2.82588,1.980442,2.389117,2.068519,1.669362,1.525357
2019-01-25,2.849909,2.000513,2.411122,2.078374,1.678995,1.528657
2019-01-28,2.827862,1.98761,2.392832,2.068802,1.672577,1.525236
2019-01-29,2.824363,1.988758,2.391424,2.06885,1.67447,1.525858
2019-01-30,2.869039,2.016857,2.425944,2.089667,1.68963,1.534052
2019-01-31,2.892952,2.026893,2.441466,2.104112,1.69782,1.540857
2019-02-01,2.8954,2.02718,2.439979,2.102963,1.696159,1.53963
2019-02-04,2.916048,2.037789,2.45383,2.111503,1.701067,1.542611
2019-02-05,2.928996,2.051838,2.464451,2.119022,1.709707,1.54607
2019-02-06,2.925379,2.043236,2.456292,2.117099,1.705021,1.545335
2019-02-07,2.896685,2.023452,2.429248,2.104854,1.695294,1.540978
2019-02-08,2.900417,2.019725,2.425182,2.10774,1.694347,1.542612
2019-02-11,2.901933,2.019725,2.426749,2.108115,1.694102,1.542589
2019-02-12,2.939494,2.044384,2.461458,2.124837,1.706754,1.548909
2019-02-13,2.948359,2.045243,2.468454,2.127594,1.70622,1.549487
2019-02-14,2.941827,2.044957,2.464045,2.126085,1.707213,1.549551
2019-02-15,2.974254,2.067322,2.492501,2.140912,1.719006,1.555215
2019-02-19,2.979386,2.072482,2.496749,2.143919,1.722241,1.556704
2019-02-20,2.986269,2.080225,2.501633,2.146699,1.725995,1.557631
2019-02-21,2.975421,2.072482,2.494129,2.140221,1.720693,1.554649
2019-02-22,2.993267,2.085672,2.506319,2.150035,1.728971,1.559103
2019-02-25,2.9977,2.09112,2.513091,2.151718,1.73154,1.55957
2019-02-26,2.995484,2.093414,2.514315,2.151838,1.73362,1.560081
2019-02-27,2.993968,2.090833,2.509541,2.14954,1.730984,1.558664
2019-02-28,2.986969,2.083952,2.498307,2.145495,1.726697,1.556908
2019-03-01,3.007499,2.094561,2.512623,2.152195,1.730166,1.558531
2019-03-04,2.99595,2.088253,2.503501,2.148442,1.728052,1.557609
2019-03-05,2.992451,2.09112,2.502093,2.147484,1.730023,1.557527
2019-03-06,2.973321,2.078503,2.486469,2.139929,1.724325,1.555128
2019-03-07,2.949409,2.056427,2.463732,2.131552,1.714804,1.552964
2019-03-08,2.943459,2.050978,2.459,2.129901,1.712808,1.552775
2019-03-11,2.986385,2.078503,2.492214,2.148722,1.726694,1.559668
2019-03-12,2.997,2.083665,2.500249,2.155403,1.730912,1.56294
2019-03-13,3.017414,2.095708,2.515164,2.164141,1.736804,1.566109
2019-03-14,3.016363,2.093127,2.506791,2.162961,1.734899,1.565401
2019-03-15,3.031061,2.109471,2.523794,2.171065,1.744564,1.569053
2019-03-18,3.041909,2.118933,2.532234,2.175417,1.749041,1.570542
2019-03-19,3.042842,2.11922,2.533055,2.175429,1.748862,1.570395
2019-03-20,3.031995,2.115779,2.527021,2.17412,1.749945,1.571233
2019-03-21,3.066658,2.128396,2.552394,2.189849,1.756623,1.577345
2019-03-22,3.008358,2.085099,2.509926,2.168198,1.737861,1.570911
2019-03-25,3.00566,2.084551,2.508726,2.168003,1.738395,1.571218
2019-03-26,3.027361,2.096929,2.529617,2.177927,1.744951,1.575058
2019-03-27,3.013285,2.089157,2.518728,2.173142,1.742162,1.573886
2019-03-28,3.025015,2.094914,2.526087,2.178803,1.745462,1.576255
2019-03-29,3.044487,2.10614,2.537238,2.186916,1.750769,1.579064
2019-04-01,3.079561,2.133198,2.567264,2.199372,1.76212,1.582588
2019-04-02,3.080617,2.132909,2.562813,2.200252,1.762298,1.583021
2019-04-03,3.086364,2.141832,2.570632,2.201707,1.766004,1.583196
2019-04-04,3.093755,2.144711,2.574615,2.205831,1.768146,1.585192
2019-04-05,3.108652,2.153346,2.583987,2.213114,1.773096,1.588147
2019-04-08,3.11135,2.155937,2.58385,2.213509,1.773779,1.58799
2019-04-09,3.09481,2.144423,2.57003,2.20732,1.768816,1.58618
2019-04-10,3.105484,2.153346,2.576495,2.21322,1.774325,1.588807
2019-04-11,3.104899,2.149604,2.573876,2.211535,1.771247,1.587792
2019-04-12,3.125896,2.16486,2.590074,2.219414,1.777895,1.59017
2019-04-15,3.123784,2.161406,2.588687,2.218672,1.776276,1.590018
2019-04-16,3.126012,2.166299,2.592949,2.218246,1.777656,1.589326
2019-04-17,3.118388,2.163708,2.588426,2.214831,1.776318,1.588147
2019-04-18,3.124253,2.165435,2.592974,2.218576,1.778111,1.590017
2019-04-22,3.127304,2.16342,2.592111,2.21913,1.776415,1.589919
2019-04-23,3.154283,2.177237,2.612258,2.232637,1.784697,1.595509
2019-04-24,3.148066,2.165435,2.599483,2.231988,1.780322,1.596164
2019-04-25,3.146892,2.163996,2.600391,2.231259,1.779415,1.595914
2019-04-26,3.161321,2.174359,2.615632,2.239551,1.78624,1.599653
2019-04-29,3.165309,2.177237,2.620937,2.239609,1.786334,1.599077
2019-04-30,3.167303,2.179252,2.619447,2.241722,1.788357,1.600374
2019-05-01,3.144195,2.165147,2.6032,2.231423,1.781115,1.596558
2019-05-02,3.137978,2.161981,2.59978,2.226804,1.778003,1.594192
2019-05-03,3.167773,2.182706,2.626942,2.241678,1.789936,1.600381
2019-05-06,3.155221,2.167451,2.611879,2.237075,1.782879,1.599089
2019-05-07,3.104077,2.13147,2.568044,2.21539,1.765285,1.591479
2019-05-08,3.097977,2.131182,2.560015,2.212047,1.764644,1.589999
2019-05-09,3.088476,2.118805,2.549702,2.208606,1.758909,1.589066
2019-05-10,3.102904,2.129168,2.563205,2.214967,1.764178,1.591508
2019-05-13,3.026775,2.075629,2.501742,2.182601,1.737929,1.579991
2019-05-14,3.05305,2.097217,2.527217,2.194879,1.749486,1.584827
2019-05-15,3.071115,2.107003,2.539003,2.204193,1.755525,1.588821
2019-05-16,3.099268,2.122547,2.558643,2.21558,1.762566,1.592676
2019-05-17,3.080499,2.105564,2.544837,2.207378,1.753961,1.589731
2019-05-20,3.059502,2.093762,2.528506,2.196954,1.747045,1.585497
2019-05-21,3.085426,2.112184,2.548828,2.208158,1.75623,1.589539
2019-05-22,3.07698,2.102686,2.537938,2.205903,1.752556,1.589366
2019-05-23,3.040968,2.079082,2.51123,2.192728,1.742749,1.58564
2019-05-24,3.046246,2.088581,2.525319,2.195092,1.747654,1.586525
2019-05-28,3.018915,2.072175,2.503093,2.184583,1.740578,1.583289
2019-05-29,2.998152,2.061812,2.487435,2.17508,1.735063,1.579655
2019-05-30,3.006481,2.069008,2.495583,2.181052,1.740585,1.582879
2019-05-31,2.966245,2.049147,2.464098,2.166699,1.733284,1.578879
2019-06-03,2.957448,2.052314,2.463022,2.165139,1.736837,1.579166
2019-06-04,3.022551,2.08743,2.509793,2.192869,1.753818,1.589111
2019-06-05,3.048123,2.094626,2.525364,2.204323,1.757534,1.593398
2019-06-06,3.067948,2.104413,2.537925,2.212998,1.762423,1.596718
2019-06-07,3.098564,2.125713,2.564773,2.228958,1.775232,1.603484
2019-06-10,3.11311,2.134637,2.576743,2.233737,1.778441,1.604722
2019-06-11,3.112522,2.140681,2.578799,2.232861,1.781069,1.604115
2019-06-12,3.106657,2.130319,2.567169,2.231664,1.77687,1.604252
2019-06-13,3.1205,2.136363,2.574578,2.239294,1.781143,1.607792
2019-06-14,3.115807,2.126289,2.569924,2.237294,1.776023,1.607131
2019-06-17,3.118622,2.129217,2.573711,2.238555,1.777535,1.607604
2019-06-18,3.149708,2.155319,2.596467,2.25442,1.792577,1.614268
2019-06-19,3.158037,2.165469,2.60788,2.261011,1.800122,1.617906
2019-06-20,3.18748,2.186638,2.632492,2.275526,1.812123,1.623886
2019-06-21,3.183726,2.178809,2.622984,2.271496,1.806188,1.621498
2019-06-24,3.17962,2.177938,2.620548,2.271188,1.806973,1.622006
2019-06-25,3.148183,2.159089,2.598663,2.257414,1.797486,1.616965
2019-06-26,3.145133,2.160249,2.595775,2.254107,1.796521,1.6151
2019-06-27,3.156169,2.169818,2.605289,2.261502,1.803438,1.618785
2019-06-28,3.173621,2.179678,2.618608,2.270034,1.809105,1.622296
2019-07-01,3.200623,2.19853,2.645144,2.282066,1.81879,1.626753
2019-07-02,3.209939,2.20172,2.652962,2.287877,1.821757,1.629591
2019-07-03,3.234583,2.21593,2.669739,2.300451,1.830332,1.635022
2019-07-05,3.230455,2.207229,2.664054,2.294609,1.822622,1.63129
2019-07-08,3.2143,2.19679,2.650156,2.287271,1.817149,1.628505
2019-07-09,3.21831,2.193309,2.645927,2.287941,1.814445,1.628384
2019-07-10,3.233284,2.204039,2.659259,2.295364,1.820563,1.631481
2019-07-11,3.23977,2.205199,2.664455,2.295505,1.818935,1.630598
2019-07-12,3.255688,2.212739,2.674168,2.303351,1.823405,1.633854
2019-07-15,3.256513,2.21332,2.675197,2.30495,1.824695,1.634912
2019-07-16,3.245902,2.205779,2.663373,2.29907,1.819893,1.632339
2019-07-17,3.223969,2.195339,2.649689,2.291807,1.816565,1.630578
2019-07-18,3.235761,2.204329,2.654796,2.298624,1.822444,1.633854
2019-07-19,3.218427,2.195629,2.646401,2.289939,1.81721,1.630258
2019-07-22,3.22621,2.197949,2.652097,2.294346,1.81915,1.632253
2019-07-23,3.248377,2.212159,2.67118,2.303558,1.82591,1.635383
2019-07-24,3.263353,2.219409,2.681007,2.311085,1.830314,1.638607
2019-07-25,3.247435,2.203459,2.663608,2.303034,1.821336,1.635348
2019-07-26,3.270664,2.214479,2.679276,2.313438,1.827026,1.639193
2019-07-29,3.264767,2.212449,2.674834,2.311309,1.82639,1.638687
2019-07-30,3.256866,2.199689,2.665428,2.307565,1.819636,1.637209
2019-07-31,3.219961,2.179678,2.642996,2.292059,1.810128,1.631837
2019-08-01,3.192958,2.162278,2.626842,2.28605,1.806046,1.631991
2019-08-02,3.169613,2.142268,2.609218,2.276415,1.796375,1.628691
2019-08-05,3.076107,2.082527,2.535681,2.238227,1.768502,1.61573
2019-08-06,3.115726,2.105728,2.568217,2.258128,1.782219,1.624036
2019-08-07,3.117848,2.111818,2.574465,2.259079,1.785363,1.624491
2019-08-08,3.178691,2.144588,2.615682,2.287049,1.802864,1.63528
2019-08-09,3.156523,2.128058,2.594846,2.27558,1.793088,1.630361
2019-08-12,3.119499,2.105728,2.566005,2.262794,1.784616,1.627095
2019-08-13,3.167843,2.132408,2.602774,2.283114,1.797319,1.634253
2019-08-14,3.072452,2.070057,2.528658,2.243466,1.767602,1.620514
2019-08-15,3.082121,2.077597,2.541136,2.252005,1.774885,1.625484
2019-08-16,3.127281,2.106307,2.575341,2.271309,1.788966,1.632315
2019-08-19,3.165721,2.124288,2.59801,2.285755,1.796019,1.636686
2019-08-20,3.141195,2.112688,2.581977,2.277028,1.791848,1.634313
2019-08-21,3.166664,2.130378,2.599513,2.288025,1.800652,1.638226
2019-08-22,3.165485,2.126028,2.597735,2.285855,1.797083,1.636949
2019-08-23,3.084243,2.082237,2.541451,2.252647,1.777033,1.625659
2019-08-26,3.118437,2.102538,2.572118,2.267451,1.787103,1.631059
2019-08-27,3.106175,2.095867,2.562551,2.264934,1.786055,1.63128
2019-08-28,3.127753,2.106598,2.575082,2.274907,1.791845,1.635079
2019-08-29,3.168432,2.130088,2.604338,2.292614,1.803561,1.641615
2019-08-30,3.167136,2.133858,2.605861,2.291931,1.805425,1.641371
2019-09-03,3.149566,2.122548,2.595843,2.284863,1.800231,1.639115
2019-09-04,3.18329,2.148648,2.619894,2.301614,1.815034,1.645952
2019-09-05,3.225384,2.173008,2.650123,2.315943,1.823968,1.649671
2019-09-06,3.227743,2.176779,2.654084,2.318027,1.826743,1.650886
2019-09-09,3.228568,2.178519,2.659429,2.314386,1.82441,1.648022
2019-09-10,3.229276,2.179389,2.662006,2.31028,1.821296,1.644929
2019-09-11,3.252503,2.194759,2.682392,2.32017,1.828819,1.648389
2019-09-12,3.262055,2.204619,2.693047,2.322802,1.832585,1.648858
2019-09-13,3.26123,2.208969,2.701458,2.317496,1.830854,1.645023
2019-09-16,3.2505,2.200849,2.691047,2.314953,1.828484,1.644919
2019-09-17,3.259344,2.205199,2.699125,2.320868,1.832304,1.647914
2019-09-18,3.261347,2.203459,2.698696,2.322383,1.831903,1.648812
2019-09-19,3.26064,2.204909,2.70394,2.3233,1.833646,1.649617
2019-09-20,3.243189,2.197659,2.691835,2.318569,1.832387,1.649051
2019-09-23,3.245429,2.19708,2.692354,2.32019,1.832586,1.649989
2019-09-24,3.218545,2.182641,2.677485,2.311131,1.827533,1.647714
2019-09-25,3.238237,2.187307,2.692268,2.315837,1.826628,1.647936
2019-09-26,3.231852,2.188183,2.689829,2.314417,1.82824,1.648043
2019-09-27,3.213726,2.174474,2.668019,2.307224,1.821907,1.645697
2019-09-30,3.2296,2.182349,2.680942,2.314951,1.826471,1.648871
2019-10-01,3.190741,2.159015,2.654519,2.298391,1.815102,1.642973
2019-10-02,3.134466,2.12343,2.611697,2.275144,1.798305,1.635004
2019-10-03,3.159345,2.139764,2.630231,2.289173,1.809065,1.641486
2019-10-04,3.203181,2.162516,2.665,2.310251,1.821976,1.649917
2019-10-07,3.189437,2.155515,2.651993,2.301827,1.816534,1.645964
2019-10-08,3.139915,2.127222,2.618166,2.280059,1.802256,1.63797
2019-10-09,3.169179,2.145014,2.642133,2.292135,1.810613,1.642105
2019-10-10,3.190741,2.15989,2.653979,2.299112,1.816135,1.643813
2019-10-11,3.224032,2.188767,2.683167,2.310829,1.828473,1.647053
2019-10-14,3.221071,2.183224,2.67804,2.310945,1.826773,1.647587
2019-10-15,3.252228,2.205975,2.707985,2.322633,1.836694,1.651163
2019-10-16,3.247134,2.204809,2.703345,2.32128,1.83684,1.651054
2019-10-17,3.255901,2.210934,2.706522,2.325206,1.840002,1.652574
2019-10-18,3.242514,2.204226,2.697097,2.319622,1.836871,1.650638
2019-10-21,3.265142,2.219684,2.71605,2.327696,1.843192,1.652938
2019-10-22,3.25365,2.213559,2.710176,2.324095,1.841275,1.652169
2019-10-23,3.263246,2.219976,2.719105,2.328805,1.84492,1.654086
2019-10-24,3.268578,2.224643,2.722672,2.331297,1.847413,1.655158
2019-10-25,3.282203,2.233102,2.73035,2.335956,1.850619,1.656362
2019-10-28,3.301276,2.245061,2.743957,2.342644,1.855299,1.65812
2019-10-29,3.299145,2.243019,2.746064,2.341895,1.85441,1.658017
2019-10-30,3.310755,2.250019,2.755109,2.349879,1.860268,1.662098
2019-10-31,3.300092,2.24331,2.748918,2.349226,1.860125,1.663446
2019-11-01,3.331488,2.265478,2.775364,2.362513,1.870948,1.668126
2019-11-04,3.344757,2.27627,2.788629,2.365977,1.874523,1.668544
2019-11-05,3.340492,2.276562,2.787178,2.361071,1.87226,1.665536
2019-11-06,3.34227,2.27627,2.786479,2.363727,1.873608,1.667276
2019-11-07,3.354116,2.283563,2.798226,2.364591,1.873795,1.666037
2019-11-08,3.362291,2.285312,2.802671,2.367426,1.874033,1.666789
2019-11-11,3.355776,2.279479,2.796783,2.365024,1.871436,1.666083
2019-11-12,3.36241,2.281229,2.802472,2.368512,1.872756,1.667633
2019-11-13,3.36383,2.277145,2.800483,2.370698,1.871896,1.669031
2019-11-14,3.368332,2.277728,2.799647,2.375194,1.874194,1.671692
2019-11-15,3.393449,2.293771,2.819267,2.386134,1.882228,1.675621
2019-11-18,3.395582,2.294645,2.821206,2.388329,1.883678,1.677007
2019-11-19,3.393924,2.29523,2.81766,2.388516,1.884729,1.677375
2019-11-20,3.381957,2.283854,2.808134,2.385532,1.880769,1.677197
2019-11-21,3.376744,2.281229,2.805851,2.381751,1.878248,1.67524
2019-11-22,3.384209,2.286187,2.810818,2.385611,1.881225,1.676929
2019-11-25,3.409918,2.303688,2.831598,2.397952,1.890928,1.681858
2019-11-26,3.41679,2.305731,2.834326,2.402476,1.893147,1.684143
2019-11-27,3.432901,2.315064,2.845501,2.40835,1.896885,1.685939
2019-11-29,3.419751,2.300771,2.830014,2.40246,1.889505,1.683734
2019-12-02,3.391908,2.284437,2.81188,2.387711,1.879236,1.677396
2019-12-03,3.368096,2.272479,2.800856,2.381704,1.876813,1.676841
2019-12-04,3.389659,2.289688,2.822682,2.389603,1.884282,1.679189
2019-12-05,3.395938,2.29173,2.82317,2.391483,1.884586,1.679644
2019-12-06,3.426149,2.312147,2.850396,2.403876,1.894211,1.683857
2019-12-09,3.415722,2.304272,2.839626,2.399413,1.890311,1.682314
2019-12-10,3.412524,2.30223,2.837324,2.39736,1.888757,1.681313
2019-12-11,3.42141,2.312147,2.844348,2.404238,1.896213,1.684973
2019-12-12,3.451502,2.333439,2.864222,2.413576,1.903872,1.687018
2019-12-13,3.452805,2.337523,2.867152,2.418093,1.90915,1.690082
2019-12-16,3.477211,2.357358,2.885397,2.426644,1.917473,1.692492
2019-12-17,3.477922,2.356483,2.884044,2.427065,1.917105,1.692638
2019-12-18,3.478158,2.357358,2.880909,2.426033,1.91664,1.691926
2019-12-19,3.492612,2.363482,2.888665,2.433128,1.920303,1.694864
2019-12-20,3.510383,2.370483,2.898661,2.441295,1.924084,1.698024
2019-12-23,3.513824,2.373745,2.90002,2.442286,1.925326,1.698189
2019-12-24,3.513824,2.372864,2.896745,2.443116,1.925539,1.698861
2019-12-26,3.5318,2.383737,2.909592,2.451998,1.931823,1.702546
2019-12-27,3.5318,2.386677,2.908091,2.453243,1.934344,1.703428
2019-12-30,3.512396,2.372569,2.889348,2.44424,1.926808,1.699992
2019-12-31,3.521443,2.380211,2.897307,2.447359,1.930002,1.70081
2020-01-02,3.552634,2.404309,2.92427,2.46247,1.943365,1.707044
2020-01-03,3.526681,2.382562,2.899644,2.455196,1.935595,1.705743
2020-01-06,3.539895,2.391378,2.910335,2.459518,1.938945,1.706778
2020-01-07,3.530133,2.384031,2.906176,2.454638,1.934734,1.704802
2020-01-08,3.548348,2.39373,2.916818,2.460688,1.938234,1.706482
2020-01-09,3.572871,2.405486,2.937103,2.47206,1.944861,1.710886
2020-01-10,3.562633,2.400489,2.925049,2.469444,1.943734,1.710549
2020-01-13,3.586204,2.417535,2.943613,2.478661,1.951538,1.713541
2020-01-14,3.581442,2.416654,2.941162,2.478087,1.952221,1.71383
2020-01-15,3.58942,2.416947,2.942535,2.48293,1.953567,1.716093
2020-01-16,3.619419,2.434286,2.960406,2.49482,1.961513,1.720122
2020-01-17,3.631681,2.441634,2.968058,2.499802,1.964984,1.721753
2020-01-21,3.62418,2.426058,2.959046,2.499146,1.959374,1.722435
2020-01-22,3.625133,2.429291,2.963553,2.500363,1.96159,1.723141
2020-01-23,3.628707,2.426645,2.966637,2.503609,1.961696,1.724933
2020-01-24,3.59561,2.407542,2.944196,2.49137,1.953634,1.721219
2020-01-27,3.538467,2.362871,2.89559,2.470889,1.934562,1.715315
2020-01-28,3.5768,2.386088,2.925298,2.485072,1.944434,1.719621
2020-01-29,3.573229,2.383737,2.920456,2.486402,1.945515,1.721113
2020-01-30,3.584419,2.383737,2.925731,2.49129,1.9457,1.722889
2020-01-31,3.520133,2.343181,2.87462,2.467135,1.928068,1.715411
2020-02-03,3.545729,2.356112,2.895817,2.476876,1.933625,1.718518
2020-02-04,3.600371,2.394906,2.940198,2.496544,1.950027,1.724276
2020-02-05,3.641085,2.416654,2.971425,2.511831,1.959276,1.729117
2020-02-06,3.653467,2.424294,2.985154,2.51792,1.963723,1.731609
2020-02-07,3.634896,2.404603,2.965953,2.513253,1.956585,1.731051
2020-02-10,3.660967,2.41724,2.979949,2.525624,1.96392,1.735812
2020-02-11,3.667634,2.429291,2.988187,2.526751,1.968465,1.735688
2020-02-12,3.691205,2.444279,2.997519,2.535378,1.974806,1.738328
2020-02-13,3.687635,2.435462,2.98784,2.534834,1.971273,1.738521
2020-02-14,3.693824,2.437225,2.984958,2.538466,1.972963,1.740147
2020-02-18,3.683706,2.426645,2.966378,2.535786,1.969038,1.739803
2020-02-19,3.701443,2.439577,2.975132,2.543046,1.975217,1.742279
2020-02-20,3.68692,2.426058,2.961342,2.539473,1.970608,1.741896
2020-02-21,3.648705,2.406366,2.932288,2.526049,1.963007,1.738211
2020-02-24,3.526681,2.323784,2.833987,2.478476,1.925462,1.722766
2020-02-25,3.420728,2.268533,2.771619,2.435234,1.899316,1.708063
2020-02-26,3.405609,2.264712,2.766865,2.428359,1.896999,1.705588
2020-02-27,3.254657,2.180954,2.652335,2.366756,1.857307,1.684756
2020-02-28,3.235014,2.1739,2.640138,2.365287,1.859174,1.686513
2020-03-02,3.379419,2.23356,2.733162,2.424672,1.887578,1.707015
2020-03-03,3.286204,2.190358,2.66934,2.39203,1.871459,1.697936
2020-03-04,3.422396,2.263536,2.764666,2.448434,1.906763,1.717629
2020-03-05,3.307752,2.198881,2.684247,2.404642,1.878474,1.70391
2020-03-06,3.252275,2.160087,2.644807,2.388638,1.865238,1.700812
2020-03-09,3.001322,1.989631,2.460934,2.282033,1.780806,1.663311
2020-03-10,3.155352,2.079855,2.571521,2.332193,1.813593,1.675767
2020-03-11,2.998906,1.976994,2.455878,2.247812,1.748463,1.639936
2020-03-12,2.708859,1.774798,2.217384,2.072767,1.607457,1.560457
2020-03-13,2.961947,1.916159,2.384754,2.217953,1.707525,1.624733
2020-03-16,2.61425,1.693097,2.139715,2.083717,1.607528,1.581854
2020-03-17,2.785407,1.790374,2.269404,2.134285,1.638436,1.592237
2020-03-18,2.633147,1.676346,2.167604,2.047405,1.564544,1.55407
2020-03-19,2.63542,1.692803,2.178,2.047762,1.572061,1.553878
2020-03-20,2.520597,1.646662,2.113452,2.016145,1.562419,1.54868
2020-03-23,2.443212,1.60745,2.061976,2.0054,1.560321,1.552274
2020-03-24,2.676206,1.754387,2.241657,2.103358,1.632417,1.586595
2020-03-25,2.710534,1.794514,2.274626,2.130945,1.662382,1.60077
2020-03-26,2.873438,1.88539,2.391939,2.203288,1.71008,1.627438
2020-03-27,2.785168,1.822544,2.340199,2.171996,1.683878,1.618357
2020-03-30,2.875232,1.870933,2.401033,2.210512,1.708181,1.632075
2020-03-31,2.832533,1.852934,2.355912,2.183331,1.692016,1.619444
2020-04-01,2.704912,1.771204,2.247938,2.13545,1.656479,1.604603
2020-04-02,2.768185,1.807497,2.293189,2.166486,1.677805,1.617053
2020-04-03,2.727278,1.775925,2.253937,2.149002,1.662122,1.610661
2020-04-06,2.912789,1.8848,2.401129,2.22934,1.717439,1.639668
2020-04-07,2.914344,1.891882,2.409792,2.230931,1.721618,1.640435
2020-04-08,3.013259,1.93732,2.465027,2.274666,1.745704,1.65655
2020-04-09,3.057992,1.973316,2.500328,2.304484,1.772012,1.67066
2020-04-13,3.028329,1.955613,2.480159,2.288843,1.760818,1.664205
2020-04-14,3.120785,2.002527,2.546915,2.327294,1.78357,1.677589
2020-04-15,3.052849,1.950302,2.500296,2.304116,1.762248,1.671259
2020-04-16,3.068278,1.957974,2.502884,2.311123,1.766435,1.673836
2020-04-17,3.152959,2.009608,2.561496,2.344924,1.790358,1.685173
2020-04-20,3.096146,1.979512,2.517329,2.319644,1.774458,1.675782
2020-04-21,3.001537,1.923452,2.455929,2.281596,1.748295,1.663044
2020-04-22,3.06756,1.965645,2.506574,2.308227,1.768105,1.671988
2020-04-23,3.066963,1.96417,2.507256,2.309631,1.768694,1.673104
2020-04-24,3.111456,1.985709,2.538608,2.327782,1.778861,1.679216
2020-04-27,3.156428,2.019345,2.574779,2.342825,1.792285,1.683162
2020-04-28,3.141836,2.019345,2.577363,2.339826,1.794707,1.683186
2020-04-29,3.222809,2.07688,2.637502,2.374209,1.823169,1.695293
2020-04-30,3.194702,2.045014,2.599324,2.361694,1.807063,1.690781
2020-05-01,3.107629,1.991904,2.535817,2.325056,1.78097,1.677844
2020-05-04,3.117437,1.997805,2.537804,2.330199,1.784672,1.679996
2020-05-05,3.146143,2.011968,2.561526,2.341191,1.790794,1.683478
2020-05-06,3.124971,2.000166,2.543611,2.327773,1.781429,1.677285
2020-05-07,3.16193,2.027311,2.576044,2.346455,1.797207,1.684852
2020-05-08,3.214797,2.063012,2.619403,2.365485,1.812188,1.690423
2020-05-11,3.215275,2.062717,2.627006,2.36249,1.809524,1.688334
2020-05-12,3.150568,2.027311,2.57961,2.338891,1.794967,1.681302
2020-05-13,3.09471,1.998986,2.55109,2.316844,1.782164,1.67407
2020-05-14,3.132028,2.008132,2.56116,2.335203,1.78884,1.681474
2020-05-15,3.146143,2.011968,2.570612,2.341664,1.791167,1.683806
2020-05-18,3.242306,2.08278,2.644926,2.379764,1.824015,1.696356
2020-05-19,3.211687,2.061832,2.618197,2.368332,1.814883,1.692844
2020-05-20,3.264074,2.097533,2.65996,2.392839,1.834344,1.702282
2020-05-21,3.240632,2.079536,2.638099,2.384154,1.826456,1.699697
2020-05-22,3.247927,2.07747,2.643328,2.387544,1.825734,1.700939
2020-05-26,3.28967,2.117007,2.693614,2.404312,1.844442,1.706602
2020-05-27,3.337633,2.145627,2.731508,2.424733,1.858695,1.713788
2020-05-28,3.331055,2.146807,2.73827,2.422351,1.859547,1.713085
2020-05-29,3.346006,2.151528,2.739996,2.431526,1.864171,1.71729
2020-06-01,3.360597,2.179264,2.760714,2.436753,1.876958,1.718867
2020-06-02,3.388226,2.203458,2.780298,2.449074,1.889346,1.723425
2020-06-03,3.432959,2.2427,2.811788,2.465307,1.906506,1.72823
2020-06-04,3.42423,2.231783,2.797379,2.459188,1.899248,1.725246
2020-06-05,3.51178,2.285482,2.859696,2.49548,1.925197,1.737672
2020-06-08,3.554361,2.314103,2.896541,2.514255,1.939919,1.744606
2020-06-09,3.529123,2.289908,2.877602,2.50447,1.928746,1.74146
2020-06-10,3.507116,2.283122,2.864482,2.499703,1.928916,1.741384
2020-06-11,3.30498,2.153004,2.712547,2.413742,1.864316,1.710819
2020-06-12,3.344809,2.185459,2.750005,2.431372,1.880897,1.717412
2020-06-15,3.375309,2.198737,2.758598,2.44619,1.88902,1.723288
2020-06-16,3.441332,2.236209,2.812298,2.472344,1.906164,1.731901
2020-06-17,3.425544,2.232963,2.806894,2.466015,1.904777,1.729789
2020-06-18,3.428654,2.230898,2.807209,2.468494,1.904711,1.731004
2020-06-19,3.408441,2.220571,2.791573,2.460443,1.899983,1.728336
2020-06-22,3.431046,2.240138,2.810212,2.469489,1.909192,1.731348
2020-06-23,3.446594,2.249328,2.821386,2.475481,1.913275,1.733261
2020-06-24,3.358444,2.19537,2.753165,2.438939,1.8872,1.720636
2020-06-25,3.393968,2.219977,2.782939,2.45478,1.899976,1.726553
2020-06-26,3.314429,2.177287,2.729133,2.423597,1.880769,1.716346
2020-06-29,3.362797,2.203376,2.75715,2.444424,1.893982,1.723811
2020-06-30,3.407642,2.217606,2.774717,2.46414,1.901725,1.731014
2020-07-01,3.430967,2.232429,2.786531,2.474103,1.909121,1.734558
2020-07-02,3.44828,2.25259,2.801825,2.482965,1.92021,1.738262
2020-07-06,3.501782,2.294096,2.84314,2.504859,1.940057,1.745671
2020-07-07,3.465472,2.267117,2.814833,2.491421,1.928286,1.74159
2020-07-08,3.491202,2.289649,2.829067,2.501527,1.938745,1.744887
2020-07-09,3.473408,2.275121,2.814826,2.496977,1.933948,1.744297
2020-07-10,3.508273,2.293502,2.845551,2.510289,1.941925,1.748556
2020-07-13,3.476533,2.275121,2.822979,2.497564,1.933385,1.74431
2020-07-14,3.523061,2.301804,2.856287,2.518221,1.947357,1.751923
2020-07-15,3.554322,2.326114,2.884787,2.53134,1.95924,1.756511
2020-07-16,3.543981,2.31307,2.870261,2.527751,1.953476,1.755458
2020-07-17,3.553359,2.321371,2.876994,2.53272,1.958345,1.757607
2020-07-20,3.582936,2.340048,2.894627,2.54609,1.968247,1.762611
2020-07-21,3.590391,2.348943,2.899366,2.549783,1.973028,1.764097
2020-07-22,3.610829,2.35843,2.908926,2.559708,1.978754,1.767975
2020-07-23,3.567667,2.333526,2.88125,2.542708,1.967426,1.762468
2020-07-24,3.544583,2.321075,2.867063,2.53287,1.9612,1.758919
2020-07-27,3.570431,2.345979,2.898353,2.542908,1.972716,1.762152
2020-07-28,3.54831,2.329969,2.880437,2.534183,1.965326,1.759348
2020-07-29,3.591232,2.359616,2.905611,2.553695,1.981016,1.766688
2020-07-30,3.578128,2.344199,2.885505,2.548839,1.974007,1.765154
2020-07-31,3.608064,2.335009,2.881482,2.562715,1.970675,1.770514
2020-08-03,3.630788,2.362284,2.910972,2.571796,1.983612,1.773477
2020-08-04,3.646056,2.374143,2.928928,2.580406,1.991147,1.777301
2020-08-05,3.668778,2.390152,2.941429,2.588427,1.997784,1.77953
2020-08-06,3.693426,2.400529,2.95504,2.600344,2.004131,1.784238
2020-08-07,3.69535,2.392227,2.956444,2.599955,1.999166,1.783747
2020-08-10,3.707132,2.398749,2.967221,2.603665,2.00139,1.784621
2020-08-11,3.677194,2.391339,2.956766,2.587528,1.994887,1.777693
2020-08-12,3.72757,2.427211,3.003519,2.605742,2.010124,1.783058
2020-08-13,3.721198,2.420688,2.998814,2.599643,2.004239,1.779805
2020-08-14,3.721198,2.416242,2.998666,2.598454,2.001144,1.778924
2020-08-17,3.733221,2.431065,3.009139,2.604762,2.009365,1.781564
2020-08-18,3.741036,2.433141,3.016596,2.609439,2.011498,1.783736
2020-08-19,3.725166,2.420985,3.002872,2.601055,2.004195,1.780212
2020-08-20,3.736948,2.421578,3.006559,2.607739,2.00589,1.783147
2020-08-21,3.750294,2.42395,3.011885,2.615549,2.008824,1.786638
2020-08-24,3.788407,2.44915,3.043299,2.630211,2.020107,1.791307
2020-08-25,3.801632,2.457748,3.049738,2.633688,2.022681,1.791755
2020-08-26,3.840465,2.477019,3.074476,2.649243,2.031557,1.796941
2020-08-27,3.848159,2.471386,3.070933,2.648638,2.025822,1.795412
2020-08-28,3.873169,2.48947,3.089923,2.659872,2.035249,1.799651
2020-08-31,3.859582,2.475239,3.080912,2.657313,2.030788,1.799835
2020-09-01,3.89565,2.493918,3.104058,2.675209,2.042132,1.807042
2020-09-02,3.952399,2.522081,3.145323,2.701073,2.057577,1.816791
2020-09-03,3.815578,2.446483,3.051274,2.644291,2.021008,1.797095
2020-09-04,3.785041,2.437291,3.038406,2.625395,2.01166,1.788454
2020-09-08,3.681042,2.380962,2.971392,2.583694,1.985565,1.774537
2020-09-09,3.753661,2.424544,3.016189,2.613179,2.006137,1.784453
2020-09-10,3.688016,2.390448,2.978808,2.586117,1.989789,1.775155
2020-09-11,3.690781,2.399935,2.99148,2.588339,1.995237,1.776241
2020-09-14,3.738752,2.430176,3.025324,2.608289,2.009903,1.783269
2020-09-15,3.757989,2.444407,3.040397,2.616885,2.017274,1.786342
2020-09-16,3.742841,2.440257,3.034771,2.610347,2.015073,1.784106
2020-09-17,3.710137,2.427211,3.016961,2.596746,2.008746,1.779391
2020-09-18,3.666977,2.405865,2.988252,2.577605,1.997454,1.772231
2020-09-21,3.62718,2.370796,2.952322,2.56165,1.980917,1.766907
2020-09-22,3.663851,2.381821,2.976111,2.577258,1.986545,1.772442
2020-09-23,3.578968,2.335936,2.932225,2.539574,1.962412,1.758554
2020-09-24,3.588827,2.337128,2.934508,2.543793,1.963084,1.760114
2020-09-25,3.646297,2.362751,2.968951,2.567575,1.975417,1.768259
2020-09-28,3.707373,2.399996,3.016255,2.593929,1.994232,1.777781
2020-09-29,3.68623,2.391355,3.003334,2.585851,1.990606,1.775229
2020-09-30,3.714605,2.402678,3.012889,2.595983,1.99478,1.778106
2020-10-01,3.73815,2.422044,3.026602,2.606849,2.00502,1.782244
2020-10-02,3.703377,2.40655,3.002283,2.591671,1.99694,1.776735
2020-10-05,3.768093,2.446178,3.046662,2.614647,2.01305,1.783334
2020-10-06,3.715451,2.42115,3.01441,2.594186,2.002043,1.776794
2020-10-07,3.779202,2.455415,3.055722,2.619267,2.01753,1.784935
2020-10-08,3.812646,2.475675,3.075287,2.634967,2.028769,1.790998
2020-10-09,3.846575,2.494446,3.094689,2.649315,2.03806,1.796054
2020-10-12,3.908637,2.521857,3.132812,2.676678,2.052578,1.806132
2020-10-13,3.883642,2.50547,3.115604,2.667118,2.045291,1.803052
2020-10-14,3.859375,2.494446,3.102951,2.657623,2.040416,1.799968
2020-10-15,3.854786,2.482528,3.092921,2.655117,2.034164,1.798892
2020-10-16,3.851526,2.48372,3.08927,2.652926,2.034083,1.797899
2020-10-19,3.793328,2.460183,3.056771,2.627767,2.021914,1.788848
2020-10-20,3.808301,2.471802,3.065545,2.632205,2.026137,1.789709
2020-10-21,3.801418,2.465545,3.068375,2.628149,2.02216,1.78789
2020-10-22,3.822306,2.47508,3.077899,2.635045,2.025371,1.789716
2020-10-23,3.835346,2.486401,3.085856,2.641781,2.031898,1.792506
2020-10-26,3.764714,2.442305,3.036738,2.613958,2.011737,1.7834
2020-10-27,3.752276,2.431876,3.032674,2.611292,2.008658,1.783288
2020-10-28,3.623082,2.356495,2.946416,2.55613,1.97097,1.763672
2020-10-29,3.661238,2.377054,2.974901,2.569731,1.979151,1.767656
2020-10-30,3.620065,2.353515,2.946155,2.550817,1.966322,1.76048
2020-11-02,3.662203,2.382714,2.979445,2.569789,1.981625,1.767557
2020-11-03,3.726801,2.427705,3.034983,2.596415,2.003255,1.776703
2020-11-04,3.810715,2.473292,3.081856,2.638487,2.031025,1.793716
2020-11-05,3.885334,2.525731,3.146713,2.670595,2.057306,1.805275
2020-11-06,3.884851,2.528711,3.147173,2.668003,2.056863,1.803491
2020-11-09,3.933268,2.569232,3.201808,2.683237,2.072646,1.807128
2020-11-10,3.928196,2.57102,3.19534,2.679096,2.07191,1.804932
2020-11-11,3.955846,2.587407,3.216885,2.691312,2.080423,1.809415
2020-11-12,3.919262,2.559996,3.181329,2.679564,2.069865,1.806545
2020-11-13,3.972509,2.596047,3.225157,2.702067,2.087632,1.814525
2020-11-16,4.020684,2.62912,3.266209,2.7227,2.104143,1.821884
2020-11-17,4.000642,2.623757,3.250968,2.716159,2.102958,1.820238
2020-11-18,3.952103,2.601113,3.216649,2.697167,2.09292,1.81407
2020-11-19,3.968644,2.617202,3.232384,2.706199,2.102421,1.817947
2020-11-20,3.942081,2.61303,3.227714,2.696108,2.101152,1.81478
2020-11-23,3.965385,2.625843,3.241733,2.704963,2.106706,1.81756
2020-11-24,4.029619,2.665768,3.29322,2.730601,2.125219,1.826073
2020-11-25,4.022979,2.661597,3.282451,2.727362,2.122819,1.824728
2020-11-27,4.034449,2.674706,3.302945,2.734403,2.130969,1.828012
2020-11-30,4.016337,2.644613,3.26533,2.728305,2.117507,1.82634
2020-12-01,4.060528,2.683943,3.310291,2.743487,2.134058,1.830455
2020-12-02,4.069102,2.685731,3.313606,2.745256,2.133507,1.830501
2020-12-03,4.067894,2.69467,3.315273,2.746789,2.139449,1.831739
2020-12-04,4.102909,2.720591,3.339881,2.758597,2.149846,1.834932
2020-12-07,4.095301,2.71195,3.321168,2.75687,2.14679,1.83472
2020-12-08,4.107134,2.720591,3.330202,2.762151,2.151264,1.836675
2020-12-09,4.070671,2.703905,3.315987,2.74519,2.141754,1.830173
2020-12-10,4.06874,2.711652,3.316499,2.746542,2.147212,1.831389
2020-12-11,4.063548,2.704502,3.315576,2.746059,2.145067,1.831859
2020-12-14,4.044953,2.698542,3.308095,2.737967,2.141894,1.828874
2020-12-15,4.100856,2.733403,3.347275,2.761695,2.159178,1.837264
2020-12-16,4.107134,2.739958,3.350745,2.763228,2.161506,1.837478
2020-12-17,4.129472,2.757537,3.369399,2.772757,2.170221,1.840864
2020-12-18,4.11293,2.748896,3.35705,2.765519,2.165747,1.838231
2020-12-21,4.100253,2.729173,3.339068,2.760366,2.156276,1.836486
2020-12-22,4.092167,2.726476,3.333964,2.75868,2.156291,1.836483
2020-12-23,4.09544,2.739065,3.339409,2.758852,2.161458,1.836073
2020-12-24,4.111806,2.745359,3.34528,2.767461,2.165933,1.839738
2020-12-28,4.14757,2.757948,3.375823,2.781974,2.171754,1.844644
2020-12-29,4.138842,2.763345,3.383103,2.778704,2.174655,1.843636
2020-12-30,4.144419,2.772935,3.386761,2.781745,2.179875,1.844883
2020-12-31,4.166725,2.775035,3.402728,2.792463,2.182031,1.849154
2021-01-04,4.110231,2.759147,3.358312,2.767526,2.173189,1.840011
2021-01-05,4.137265,2.789421,3.383131,2.776563,2.186015,1.842328
2021-01-06,4.162362,2.809206,3.409558,2.781799,2.191515,1.842499
2021-01-07,4.224554,2.837681,3.443016,2.804662,2.203195,1.849347
2021-01-08,4.248318,2.863458,3.475471,2.813256,2.214587,1.85181
2021-01-11,4.220554,2.837681,3.449782,2.800909,2.201517,1.84739
2021-01-12,4.220918,2.848471,3.455423,2.800805,2.206419,1.847211
2021-01-13,4.231465,2.85087,3.464474,2.807957,2.209823,1.85055
2021-01-14,4.21716,2.855665,3.467158,2.800795,2.211003,1.84777
2021-01-15,4.187093,2.82599,3.431852,2.789528,2.19767,1.844316
2021-01-19,4.22019,2.850569,3.456818,2.804407,2.21047,1.849764
2021-01-20,4.277533,2.885041,3.494897,2.827447,2.226662,1.857382
2021-01-21,4.281537,2.885939,3.493112,2.827557,2.225902,1.856917
2021-01-22,4.26626,2.872451,3.484978,2.821889,2.219923,1.855139
2021-01-25,4.283596,2.878746,3.498969,2.831406,2.224872,1.859199
2021-01-26,4.27717,2.870353,3.495444,2.828684,2.220807,1.858192
2021-01-27,4.173395,2.801412,3.413152,2.786759,2.188227,1.844255
2021-01-28,4.208431,2.824192,3.439831,2.800034,2.198301,1.848436
2021-01-29,4.124173,2.76874,3.369757,2.765114,2.171405,1.836535
2021-02-01,4.191942,2.816099,3.419082,2.792858,2.194072,1.845879
2021-02-02,4.252196,2.855066,3.461693,2.815815,2.2114,1.85299
2021-02-03,4.256439,2.859562,3.470156,2.815641,2.212042,1.852304
2021-02-04,4.304086,2.879344,3.498614,2.835142,2.221588,1.858931
2021-02-05,4.3213,2.897031,3.516609,2.840585,2.22876,1.860238
2021-02-08,4.353185,2.917113,3.553559,2.854726,2.239239,1.865358
2021-02-09,4.349669,2.926105,3.557283,2.852802,2.243093,1.864551
2021-02-10,4.347971,2.925806,3.55435,2.853878,2.244335,1.865434
2021-02-11,4.355004,2.940793,3.563956,2.855587,2.250528,1.865686
2021-02-12,4.37719,2.954881,3.583285,2.861654,2.254913,1.86668
2021-02-16,4.373068,2.958778,3.585606,2.854827,2.252701,1.862755
2021-02-17,4.374038,2.949186,3.584652,2.857485,2.249947,1.864391
2021-02-18,4.355368,2.933299,3.560995,2.849313,2.241945,1.861405
2021-02-19,4.347366,2.940793,3.563058,2.842303,2.242521,1.85788
2021-02-22,4.313178,2.909319,3.540939,2.82547,2.225274,1.851219
2021-02-23,4.318632,2.914715,3.541644,2.827422,2.227627,1.851784
2021-02-24,4.3664,2.933299,3.560061,2.84609,2.235915,1.857721
2021-02-25,4.261653,2.866457,3.481891,2.794331,2.196912,1.837436
2021-02-26,4.238254,2.842777,3.453568,2.794194,2.193037,1.840487
2021-03-01,4.341669,2.910219,3.529768,2.834574,2.22381,1.853385
2021-03-02,4.308086,2.891335,3.500299,2.82088,2.214787,1.848791
2021-03-03,4.251227,2.860761,3.461591,2.794505,2.197665,1.838952
2021-03-04,4.198852,2.819097,3.421826,2.769941,2.175302,1.829654
2021-03-05,4.275838,2.857764,3.474158,2.800413,2.19308,1.839575
2021-03-08,4.254863,2.837381,3.450692,2.787022,2.179586,1.833428
2021-03-09,4.31439,2.881443,3.495906,2.814601,2.203181,1.84377
2021-03-10,4.34106,2.894932,3.514782,2.827393,2.21114,1.848693
2021-03-11,4.386888,2.9321,3.535862,2.846033,2.228804,1.854992
2021-03-12,4.393072,2.9324,3.55298,2.842101,2.223896,1.851486
2021-03-15,4.418531,2.94469,3.573125,2.853647,2.230694,1.855744
2021-03-16,4.41356,2.942292,3.573753,2.851513,2.229462,1.854993
2021-03-17,4.427987,2.954881,3.588796,2.856963,2.235114,1.856739
2021-03-18,4.362884,2.911717,3.554428,2.826249,2.211251,1.845001
2021-03-19,4.355125,2.914715,3.557687,2.823997,2.213361,1.844546
2021-03-22,4.389555,2.927728,3.570286,2.840932,2.221886,1.851182
2021-03-23,4.357309,2.891364,3.535997,2.830301,2.206583,1.848504
2021-03-24,4.333181,2.868224,3.510728,2.822192,2.196934,1.846293
2021-03-25,4.357549,2.884752,3.536436,2.831281,2.204151,1.849063
2021-03-26,4.428637,2.929831,3.590978,2.858108,2.223969,1.857353
2021-03-29,4.425961,2.918712,3.583109,2.85564,2.217626,1.856071
2021-03-30,4.414645,2.918111,3.568941,2.852204,2.218233,1.855366
2021-03-31,4.432165,2.923821,3.569001,2.858777,2.220535,1.857324
2021-04-01,4.479127,2.962289,3.605217,2.881187,2.241413,1.865976
2021-04-05,4.54373,2.996248,3.654843,2.905643,2.256171,1.8735
2021-04-06,4.541175,2.989937,3.637385,2.908402,2.256166,1.875617
2021-04-07,4.546893,2.985428,3.643673,2.909448,2.253043,1.875544
2021-04-08,4.569035,3.004362,3.657394,2.920795,2.263876,1.880175
2021-04-09,4.601884,3.015481,3.683425,2.932675,2.268039,1.883602
2021-04-12,4.603952,3.009171,3.678119,2.933259,2.264859,1.883712
2021-04-13,4.616483,3.020591,3.691927,2.941101,2.272438,1.887243
2021-04-14,4.601641,3.019389,3.681476,2.934346,2.271275,1.884745
2021-04-15,4.651036,3.048539,3.714707,2.958851,2.288623,1.894464
2021-04-16,4.667339,3.06026,3.725239,2.962531,2.29188,1.894722
2021-04-19,4.644344,3.046436,3.701976,2.95261,2.284851,1.891153
2021-04-20,4.610278,3.012176,3.659855,2.940617,2.27005,1.887754
2021-04-21,4.653591,3.042829,3.693381,2.959252,2.285429,1.894327
2021-04-22,4.610888,3.023596,3.670767,2.942505,2.276736,1.888988
2021-04-23,4.660038,3.058758,3.708085,2.962488,2.293452,1.895673
2021-04-26,4.670137,3.067773,3.709937,2.96581,2.297118,1.896465
2021-04-27,4.668677,3.064468,3.696425,2.96244,2.293372,1.894481
2021-04-28,4.666488,3.070177,3.694871,2.962061,2.296467,1.894463
2021-04-29,4.697632,3.07709,3.713589,2.973758,2.29904,1.898057
2021-04-30,4.666609,3.044633,3.68649,2.962742,2.284891,1.894959
2021-05-03,4.677193,3.058758,3.704616,2.967283,2.291775,1.896558
2021-05-04,4.648725,3.029005,3.675355,2.957175,2.278809,1.8936
2021-05-05,4.649575,3.042529,3.688066,2.958151,2.285696,1.894195
2021-05-06,4.687412,3.062665,3.718007,2.973944,2.29561,1.899613
2021-05-07,4.72087,3.091514,3.742273,2.987587,2.309343,1.90413
2021-05-10,4.674639,3.06026,3.713719,2.966378,2.292585,1.896238
2021-05-11,4.633638,3.033514,3.672612,2.947662,2.278256,1.889301
2021-05-12,4.534727,2.967999,3.581029,2.903906,2.244314,1.873433
2021-05-13,4.588623,2.995646,3.620003,2.927831,2.259068,1.882102
2021-05-14,4.659066,3.044032,3.675988,2.958821,2.283922,1.893245
2021-05-17,4.647873,3.038021,3.661135,2.953287,2.280287,1.891129
2021-05-18,4.607724,3.032611,3.650849,2.935928,2.276835,1.88498
2021-05-19,4.595558,3.016684,3.638759,2.929874,2.268414,1.882529
2021-05-20,4.644588,3.051244,3.676008,2.953226,2.28753,1.89147
2021-05-21,4.64106,3.047037,3.679573,2.952053,2.28574,1.891224
2021-05-24,4.687899,3.071379,3.71089,2.972242,2.298237,1.898296
2021-05-25,4.678045,3.071981,3.702839,2.971045,2.300708,1.898823
2021-05-26,4.686561,3.079493,3.709974,2.974106,2.30396,1.899715
2021-05-27,4.688629,3.084002,3.711911,2.973423,2.304898,1.899043
2021-05-28,4.697754,3.092717,3.721808,2.976982,2.308917,1.900184
2021-06-01,4.694105,3.104437,3.713232,2.975432,2.314397,1.899584
2021-06-02,4.702013,3.108945,3.727263,2.979767,2.317422,1.901404
2021-06-03,4.684128,3.091815,3.717336,2.970514,2.307734,1.897653
2021-06-04,4.726589,3.121267,3.752939,2.991978,2.325038,1.906282
2021-06-07,4.722573,3.123371,3.754717,2.989596,2.325434,1.905117
2021-06-08,4.723302,3.122469,3.750003,2.991918,2.326601,1.906563
2021-06-09,4.715882,3.114354,3.738364,2.991075,2.324458,1.906999
2021-06-10,4.737659,3.129681,3.755304,3.002155,2.333493,1.911441
2021-06-11,4.745933,3.135392,3.761556,3.005244,2.335993,1.912443
2021-06-14,4.757855,3.140801,3.768071,3.007272,2.336359,1.91213
2021-06-15,4.747879,3.13449,3.767382,3.003241,2.333377,1.91079
2021-06-16,4.721842,3.114054,3.750818,2.98968,2.32133,1.905331
2021-06-17,4.720139,3.10594,3.745892,2.992669,2.320382,1.907487
2021-06-18,4.657485,3.05996,3.686189,2.970779,2.301341,1.901408
2021-06-21,4.722695,3.102091,3.734279,2.993321,2.318265,1.907577
2021-06-22,4.747757,3.109944,3.74983,3.004967,2.323171,1.911954
2021-06-23,4.742647,3.105414,3.739002,3.002142,2.320432,1.910762
2021-06-24,4.769779,3.128066,3.763489,3.013611,2.331536,1.914804
2021-06-25,4.78742,3.140449,3.778292,3.018709,2.335795,1.915824
2021-06-28,4.797397,3.137127,3.779741,3.025655,2.336514,1.919042
2021-06-29,4.799508,3.137731,3.781708,3.027015,2.337198,1.919663
2021-06-30,4.803902,3.129274,3.77434,3.029551,2.333798,1.920759
2021-07-01,4.831004,3.140751,3.789081,3.040399,2.339143,1.924391
2021-07-02,4.867747,3.15404,3.816481,3.057147,2.346918,1.930532
2021-07-06,4.858591,3.138033,3.807444,3.057383,2.342444,1.931858
2021-07-07,4.875317,3.145886,3.817466,3.066426,2.34795,1.935624
2021-07-08,4.836497,3.109944,3.7793,3.051759,2.331762,1.931146
2021-07-09,4.887524,3.155853,3.835697,3.068945,2.350766,1.93572
2021-07-12,4.905225,3.163403,3.848862,3.075716,2.354035,1.937844
2021-07-13,4.888622,3.148604,3.836021,3.06558,2.344349,1.933335
2021-07-14,4.895337,3.15102,3.845031,3.071975,2.348382,1.936625
2021-07-15,4.879589,3.137429,3.823254,3.068279,2.344053,1.936342
2021-07-16,4.841623,3.113267,3.79105,3.051925,2.331837,1.930568
2021-07-19,4.769233,3.066151,3.735052,3.028901,2.314456,1.924923
2021-07-20,4.83662,3.102998,3.785604,3.054982,2.330972,1.933212
2021-07-21,4.877269,3.13471,3.81615,3.06785,2.343167,1.936309
2021-07-22,4.887646,3.138033,3.821477,3.074454,2.346631,1.939366
2021-07-23,4.936477,3.15857,3.855182,3.092912,2.35534,1.945019
2021-07-26,4.94905,3.154946,3.858725,3.097356,2.353128,1.946346
2021-07-27,4.927076,3.134409,3.840532,3.091272,2.345616,1.945192
2021-07-28,4.924391,3.15102,3.844469,3.091203,2.354264,1.945507
2021-07-29,4.945631,3.166423,3.860114,3.09788,2.360048,1.947154
2021-07-30,4.921461,3.148604,3.83504,3.089766,2.352923,1.944944
2021-08-02,4.911451,3.15102,3.839196,3.088341,2.356122,1.945342
2021-08-03,4.951126,3.174276,3.86949,3.104624,2.367311,1.950839
2021-08-04,4.927444,3.164007,3.845303,3.095056,2.362459,1.947658
2021-08-05,4.958205,3.179712,3.868978,3.10494,2.367884,1.950099
2021-08-06,4.96675,3.176994,3.871737,3.103179,2.362505,1.94784
2021-08-09,4.961989,3.175483,3.868405,3.099222,2.360194,1.945849
2021-08-10,4.968216,3.177899,3.872575,3.100084,2.360037,1.945525
2021-08-11,4.980178,3.190585,3.892187,3.105679,2.366631,1.947639
2021-08-12,4.994706,3.190585,3.896999,3.111676,2.366731,1.949675
2021-08-13,5.004594,3.197834,3.905848,3.119994,2.373552,1.953938
2021-08-16,5.016558,3.190585,3.905545,3.125845,2.370925,1.956101
2021-08-17,4.983475,3.160685,3.877958,3.111335,2.355896,1.950896
2021-08-18,4.929883,3.139542,3.841986,3.08943,2.345705,1.94353
2021-08-19,4.936842,3.123234,3.836236,3.094657,2.339895,1.946191
2021-08-20,4.975907,3.142261,3.859339,3.110184,2.348687,1.951268
2021-08-23,5.019976,3.175182,3.897922,3.128243,2.364445,1.957236
2021-08-24,5.02791,3.192397,3.911582,3.129286,2.370883,1.956864
2021-08-25,5.037188,3.198135,3.914912,3.131255,2.372196,1.956926
2021-08-26,5.007768,3.176994,3.892764,3.119496,2.362306,1.95312
2021-08-27,5.052203,3.210821,3.925324,3.140627,2.380788,1.961201
2021-08-30,5.075398,3.218372,3.937221,3.151269,2.385355,1.965162
2021-08-31,5.066729,3.219882,3.937737,3.146368,2.38497,1.963007
2021-09-01,5.072102,3.235587,3.957684,3.148729,2.392541,1.963856
2021-09-02,5.087239,3.245553,3.971207,3.156373,2.398451,1.967025
2021-09-03,5.085286,3.251292,4.000191,3.153292,2.399364,1.965118
2021-09-07,5.066485,3.242533,4.00084,3.142513,2.392724,1.960477
2021-09-08,5.061603,3.226224,3.993334,3.142323,2.386417,1.961006
2021-09-09,5.038896,3.217767,3.990077,3.137097,2.38552,1.960582
2021-09-10,4.999955,3.201458,3.966589,3.118691,2.375713,1.953634
2021-09-13,5.011674,3.212935,3.988494,3.125081,2.382437,1.956309
2021-09-14,4.985672,3.193907,3.967389,3.117251,2.375545,1.954535
2021-09-15,5.0273,3.213237,4.002144,3.13305,2.38388,1.959448
2021-09-16,5.018633,3.205988,3.994602,3.12751,2.378854,1.956989
2021-09-17,4.969436,3.174276,3.958559,3.106234,2.362767,1.94939
2021-09-20,4.888256,3.117029,3.896014,3.076494,2.338114,1.94058
2021-09-21,4.883495,3.126732,3.903173,3.074316,2.342499,1.939711
2021-09-22,4.930616,3.15675,3.922066,3.094499,2.357585,1.946802
2021-09-23,4.990189,3.192226,3.962523,3.112708,2.36975,1.950968
2021-09-24,4.998491,3.180703,3.963471,3.113769,2.362504,1.950498
2021-09-27,4.984329,3.178582,3.954459,3.106774,2.360502,1.94775
2021-09-28,4.884717,3.112481,3.873618,3.061819,2.325564,1.931238
2021-09-29,4.892408,3.108842,3.877409,3.065053,2.323944,1.932416
2021-09-30,4.830435,3.087618,3.830714,3.039762,2.313714,1.923924
2021-10-01,4.888243,3.112481,3.858913,3.066816,2.328369,1.934147
2021-10-04,4.828108,3.076096,3.795026,3.041756,2.310572,1.925441
2021-10-05,4.875016,3.100049,3.827631,3.058028,2.319789,1.930021
2021-10-06,4.896695,3.100049,3.831061,3.067296,2.32019,1.933271
2021-10-07,4.938826,3.130674,3.861087,3.081256,2.332258,1.936894
2021-10-08,4.929518,3.127642,3.85105,3.074816,2.328722,1.933863
2021-10-11,4.893631,3.111268,3.835086,3.05866,2.319682,1.927941
2021-10-12,4.883834,3.108842,3.822793,3.058656,2.32164,1.929254
2021-10-13,4.899511,3.130977,3.831152,3.067924,2.334405,1.93331
2021-10-14,4.981815,3.174336,3.887954,3.103087,2.356398,1.945575
2021-10-15,5.020639,3.196774,3.921105,3.116094,2.364898,1.949069
2021-10-18,5.035948,3.199806,3.924692,3.12164,2.36583,1.95064
2021-10-19,5.075141,3.222851,3.953646,3.134413,2.374317,1.953869
2021-10-20,5.09486,3.234675,3.96386,3.141104,2.378903,1.955669
2021-10-21,5.107352,3.23316,3.952761,3.14462,2.376985,1.956329
2021-10-22,5.102209,3.234979,3.958333,3.144838,2.379648,1.957165
2021-10-25,5.128662,3.245592,3.973919,3.156035,2.385063,1.961117
2021-10-26,5.133561,3.244075,3.976873,3.160183,2.38605,1.963096
2021-10-27,5.111272,3.224974,3.956523,3.155132,2.380128,1.962731
2021-10-28,5.16124,3.254082,3.993312,3.173916,2.392782,1.96863
2021-10-29,5.170427,3.246501,3.997046,3.177883,2.3894,1.970034
2021-11-01,5.181327,3.266513,4.018939,3.181443,2.398194,1.970937
2021-11-02,5.201414,3.26712,4.029211,3.191602,2.400087,1.974873
2021-11-03,5.232768,3.288951,4.053529,3.202353,2.408899,1.977809
2021-11-04,5.257262,3.294409,4.075139,3.217231,2.41539,1.984472
2021-11-05,5.275144,3.305021,4.086735,3.227776,2.423014,1.989082
2021-11-08,5.281512,3.311995,4.088097,3.227921,2.424403,1.988384
2021-11-09,5.263019,3.302898,4.07083,3.223517,2.422512,1.987818
2021-11-10,5.220642,3.271061,4.030022,3.198987,2.401648,1.9772
2021-11-11,5.222355,3.28137,4.037084,3.19789,2.405116,1.976301
2021-11-12,5.261181,3.303202,4.074492,3.213704,2.415533,1.9816
2021-11-15,5.263631,3.301383,4.074981,3.210222,2.411162,1.978957
2021-11-16,5.283716,3.307144,4.084341,3.21757,2.413283,1.981084
2021-11-17,5.27098,3.295015,4.072647,3.214724,2.409357,1.980903
2021-11-18,5.289228,3.296228,4.08582,3.223374,2.410933,1.984263
2021-11-19,5.279308,3.28137,4.082275,3.221666,2.405717,1.98446
2021-11-22,5.265345,3.262571,4.068816,3.210659,2.39262,1.979017
2021-11-23,5.272205,3.261965,4.073956,3.209087,2.388923,1.97699
2021-11-24,5.285186,3.263784,4.068458,3.216886,2.391789,1.980493
2021-11-26,5.170182,3.181613,3.975014,3.17809,2.358976,1.970084
2021-11-29,5.232645,3.209812,4.013628,3.203197,2.372202,1.978448
2021-11-30,5.13246,3.161601,3.943861,3.164767,2.351023,1.966292
2021-12-01,5.073426,3.128248,3.904777,3.141621,2.335814,1.958892
2021-12-02,5.150831,3.176459,3.964098,3.173021,2.358698,1.969372
2021-12-03,5.105269,3.147048,3.943969,3.158836,2.348114,1.966
2021-12-06,5.166263,3.181613,3.979462,3.180534,2.362138,1.972235
2021-12-07,5.27245,3.247411,4.064062,3.221002,2.391324,1.984879
2021-12-08,5.287269,3.259539,4.071322,3.223662,2.394443,1.984718
2021-12-09,5.251261,3.23043,4.042214,3.209627,2.381089,1.980162
2021-12-10,5.301354,3.246804,4.072384,3.230248,2.389128,1.987205
2021-12-13,5.254322,3.214057,4.035443,3.214959,2.376566,1.983356
2021-12-14,5.218559,3.194045,4.013756,3.198719,2.365702,1.977362
2021-12-15,5.300129,3.234372,4.078122,3.230265,2.383655,1.987381
2021-12-16,5.25224,3.216179,4.051964,3.212326,2.376163,1.981825
2021-12-17,5.197738,3.186768,4.008009,3.192227,2.363771,1.975842
2021-12-20,5.141523,3.157593,3.967077,3.167725,2.348576,1.967041
2021-12-21,5.23277,3.211055,4.025273,3.203436,2.372937,1.978469
2021-12-22,5.285627,3.240687,4.057198,3.225942,2.387845,1.986334
2021-12-23,5.318202,3.261462,4.079834,3.237447,2.396363,1.989608
2021-12-27,5.394046,3.295983,4.122288,3.268601,2.41308,2.000195
2021-12-28,5.38999,3.292316,4.1212,3.266834,2.411246,1.999505
2021-12-29,5.396505,3.293538,4.119997,3.265871,2.409001,1.99799
2021-12-30,5.381262,3.290789,4.108353,3.262152,2.409617,1.997625
2021-12-31,5.366512,3.28193,4.100687,3.255937,2.405229,1.995473
2022-01-03,5.399455,3.300871,4.120607,3.261929,2.408434,1.994973
2022-01-04,5.397242,3.302092,4.135654,3.260972,2.408855,1.994698
2022-01-05,5.293864,3.245882,4.074711,3.219005,2.380928,1.98049
2022-01-06,5.286733,3.242826,4.061681,3.215025,2.37856,1.978846
2022-01-07,5.268418,3.238244,4.043967,3.204821,2.373922,1.974636
2022-01-10,5.261533,3.227551,4.037338,3.20124,2.368439,1.973144
2022-01-11,5.30763,3.264822,4.071553,3.220585,2.386701,1.9798
2022-01-12,5.323488,3.282846,4.097729,3.225868,2.394249,1.981338
2022-01-13,5.250102,3.242215,4.045985,3.201437,2.378064,1.974596
2022-01-14,5.2517,3.24191,4.045364,3.194886,2.372666,1.970413
2022-01-18,5.15963,3.18631,3.97663,3.153454,2.342374,1.955148
2022-01-19,5.10542,3.168286,3.932548,3.136904,2.336772,1.951166
2022-01-20,5.049243,3.142319,3.89719,3.117937,2.326435,1.945792
2022-01-21,4.950043,3.088857,3.839586,3.086784,2.306578,1.93767
2022-01-24,4.970695,3.084886,3.845455,3.092255,2.303351,1.938792
2022-01-25,4.910339,3.054336,3.80897,3.068672,2.288719,1.930928
2022-01-26,4.899276,3.040589,3.786647,3.057533,2.277436,1.925407
2022-01-27,4.874446,3.017677,3.756785,3.052717,2.270495,1.925279
2022-01-28,4.993927,3.067472,3.825038,3.097576,2.293439,1.93934
2022-01-31,5.08526,3.131626,3.898357,3.129751,2.320838,1.949026
2022-02-01,5.11845,3.156371,3.916457,3.14127,2.331293,1.952326
2022-02-02,5.167251,3.175006,3.960599,3.160822,2.340826,1.95894
2022-02-03,5.047153,3.113601,3.871361,3.111856,2.309932,1.942304
2022-02-04,5.070878,3.12735,3.893256,3.112538,2.310105,1.939961
2022-02-07,5.054161,3.123683,3.885064,3.107565,2.309302,1.938773
2022-02-08,5.095094,3.147511,3.913754,3.11821,2.316638,1.940811
2022-02-09,5.169832,3.198835,3.970093,3.146232,2.339795,1.9496
2022-02-10,5.07899,3.152705,3.902385,3.10166,2.311003,1.93241
2022-02-11,4.977701,3.098022,3.838686,3.073174,2.293139,1.926215
2022-02-14,4.961475,3.082442,3.830018,3.060151,2.281045,1.919983
2022-02-15,5.041131,3.136514,3.885664,3.086385,2.302768,1.927329
2022-02-16,5.047153,3.145985,3.889066,3.090276,2.308176,1.929041
2022-02-17,4.93984,3.085191,3.814218,3.054172,2.283624,1.91879
2022-02-18,4.908249,3.063501,3.795498,3.044894,2.275733,1.916682
2022-02-22,4.854531,3.027147,3.757396,3.024647,2.259245,1.910254
2022-02-23,4.767132,2.984989,3.698719,2.986601,2.23609,1.896608
2022-02-24,4.840394,2.997514,3.731217,3.015952,2.243636,1.906438
2022-02-25,4.946109,3.063806,3.814247,3.055357,2.27346,1.91882
2022-02-28,4.933694,3.044866,3.796366,3.060173,2.272046,1.923141
2022-03-01,4.859694,2.994154,3.740974,3.04002,2.25477,1.919162
2022-03-02,4.948937,3.038756,3.792521,3.056663,2.262701,1.919449
2022-03-03,4.924106,3.006985,3.773539,3.05326,2.252925,1.920186
2022-03-04,4.884278,2.962993,3.737509,3.043333,2.236996,1.918529
2022-03-07,4.740088,2.868596,3.620831,2.984848,2.191078,1.898743
2022-03-08,4.704318,2.865541,3.586046,2.965974,2.185377,1.891164
2022-03-09,4.829701,2.951995,3.681981,3.008,2.2207,1.902969
2022-03-10,4.808188,2.929083,3.665878,2.993517,2.205733,1.896496
2022-03-11,4.746849,2.891814,3.615406,2.97035,2.188728,1.88906
2022-03-14,4.712185,2.873788,3.598363,2.946279,2.172341,1.878247
2022-03-15,4.815564,2.919308,3.671294,2.985772,2.193761,1.89081
2022-03-16,4.923246,3.011872,3.753347,3.02667,2.235661,1.904018
2022-03-17,4.983478,3.043338,3.796035,3.049591,2.25024,1.91136
2022-03-18,5.038549,3.075721,3.840023,3.073129,2.267058,1.919587
2022-03-21,5.038795,3.067972,3.839786,3.060467,2.254251,1.911815
2022-03-22,5.097306,3.102888,3.874547,3.078566,2.26724,1.916399
2022-03-23,5.031665,3.064909,3.832658,3.060371,2.254747,1.912678
2022-03-24,5.106457,3.099519,3.885153,3.085926,2.26875,1.920017
2022-03-25,5.132358,3.106563,3.898805,3.084429,2.263797,1.916099
2022-03-28,5.167756,3.11667,3.900379,3.100836,2.270863,1.922211
2022-03-29,5.233127,3.167205,3.9578,3.129974,2.297005,1.932785
2022-03-30,5.200565,3.149748,3.928233,3.12097,2.291429,1.931019
2022-03-31,5.120641,3.102275,3.871706,3.092933,2.271334,1.92273
2022-04-01,5.134826,3.122183,3.885185,3.095393,2.27807,1.922662
2022-04-04,5.178364,3.147604,3.917664,3.112111,2.28989,1.927995
2022-04-05,5.114352,3.102275,3.853408,3.076436,2.260837,1.913207
2022-04-06,5.062549,3.067666,3.808952,3.053918,2.242924,1.905243
2022-04-07,5.08808,3.07471,3.818718,3.060678,2.244166,1.906547
2022-04-08,5.075746,3.06736,3.807518,3.049661,2.236115,1.90111
2022-04-11,4.987806,3.024481,3.743389,3.012172,2.213199,1.887996
2022-04-12,4.969552,3.011923,3.719437,3.009453,2.210579,1.888356
2022-04-13,5.025671,3.048983,3.764723,3.031198,2.227839,1.895435
2022-04-14,4.964619,3.019886,3.729158,3.000806,2.209001,1.883549
2022-04-18,4.965482,3.011311,3.716709,2.997222,2.202369,1.881327
2022-04-19,5.044789,3.045614,3.75926,3.018486,2.211862,1.885476
2022-04-20,5.040965,3.048064,3.767176,3.024582,2.218459,1.889759
2022-04-21,4.966221,3.00151,3.718395,2.991098,2.193359,1.877565
2022-04-22,4.830672,2.933516,3.630124,2.940406,2.162442,1.861521
2022-04-25,4.857067,2.936885,3.650679,2.957456,2.169442,1.869089
2022-04-26,4.718188,2.856641,3.554174,2.910234,2.136614,1.855537
2022-04-27,4.730399,2.86736,3.564754,2.910919,2.138545,1.854602
2022-04-28,4.848927,2.926778,3.647068,2.953415,2.164212,1.867585
2022-04-29,4.670827,2.851128,3.539385,2.880751,2.125108,1.842755
2022-05-02,4.700181,2.860316,3.554698,2.885317,2.124645,1.842359
2022-05-03,4.720532,2.87563,3.573869,2.895505,2.133424,1.846268
2022-05-04,4.863728,2.944542,3.668991,2.955062,2.169243,1.866952
2022-05-05,4.692904,2.844084,3.548413,2.881274,2.116501,1.840758
2022-05-06,4.663426,2.815906,3.536723,2.865591,2.100475,1.834434
2022-05-09,4.512953,2.722492,3.426832,2.816359,2.063501,1.820937
2022-05-10,4.524547,2.731986,3.4345,2.823996,2.070194,1.824323
2022-05-11,4.451654,2.697071,3.384495,2.801636,2.057907,1.818728
2022-05-12,4.448201,2.69309,3.3939,2.802726,2.057893,1.819842
2022-05-13,4.553161,2.767515,3.470995,2.836399,2.087247,1.828868
2022-05-16,4.53688,2.758633,3.456765,2.832372,2.084743,1.828144
2022-05-17,4.627658,2.8156,3.51282,2.858248,2.104492,1.833908
2022-05-18,4.444377,2.721879,3.404952,2.796812,2.067153,1.816649
2022-05-19,4.414652,2.728924,3.397925,2.788536,2.072082,1.815013
2022-05-20,4.415763,2.73658,3.411796,2.792531,2.078086,1.817334
2022-05-23,4.49951,2.779459,3.466678,2.81867,2.093745,1.824038
2022-05-24,4.467071,2.755876,3.445291,2.816595,2.09057,1.826298
2022-05-25,4.504319,2.775478,3.467403,2.834938,2.102726,1.833453
2022-05-26,4.593863,2.822338,3.523536,2.866145,2.122317,1.842745
2022-05-27,4.70906,2.879306,3.59153,2.911337,2.149794,1.857485
2022-05-31,4.682913,2.865217,3.563915,2.894987,2.138552,1.850318
2022-06-01,4.643691,2.843778,3.543516,2.875419,2.125215,1.842704
2022-06-02,4.731879,2.901358,3.601507,2.90848,2.151232,1.85328
2022-06-03,4.655286,2.854803,3.538276,2.878996,2.12958,1.843607
2022-06-06,4.667989,2.865829,3.550779,2.876559,2.129207,1.840774
2022-06-07,4.713625,2.886963,3.578477,2.897169,2.141463,1.848255
2022-06-08,4.66207,2.858479,3.537105,2.873631,2.125412,1.839639
2022-06-09,4.552421,2.793854,3.471006,2.832321,2.095965,1.826594
2022-06-10,4.418846,2.720654,3.380842,2.77389,2.056525,1.805532
2022-06-13,4.248516,2.619277,3.26136,2.693215,1.998164,1.775137
2022-06-14,4.237908,2.611007,3.248989,2.683111,1.989923,1.770068
2022-06-15,4.298591,2.652355,3.292393,2.718251,2.017729,1.784899
2022-06-16,4.157369,2.569047,3.201124,2.669566,1.983107,1.770908
2022-06-17,4.168222,2.571804,3.196121,2.674126,1.984776,1.772428
2022-06-21,4.270346,2.625726,3.260732,2.705823,2.004454,1.780625
2022-06-22,4.261342,2.610918,3.25108,2.712104,2.005019,1.785531
2022-06-23,4.306114,2.62665,3.280957,2.733966,2.016066,1.793939
2022-06-24,4.440183,2.70562,3.371943,2.780372,2.049019,1.807328
2022-06-27,4.423532,2.698833,3.354296,2.768703,2.041889,1.802037
2022-06-28,4.327946,2.660583,3.301744,2.734681,2.025606,1.791956
2022-06-29,4.330076,2.652562,3.298413,2.742182,2.027063,1.796372
2022-06-30,4.295895,2.632511,3.278663,2.7348,2.021982,1.795712
2022-07-01,4.339983,2.648861,3.306312,2.760172,2.036074,1.806297
2022-07-05,4.347662,2.634979,3.304083,2.764993,2.031501,1.808394
2022-07-06,4.363389,2.636522,3.312298,2.763483,2.026852,1.805727
2022-07-07,4.427417,2.678473,3.360468,2.783398,2.042786,1.81081
2022-07-08,4.424816,2.677549,3.364107,2.778536,2.039487,1.808059
2022-07-11,4.374783,2.637755,3.323785,2.76479,2.025308,1.805263
2022-07-12,4.33441,2.62264,3.30259,2.752194,2.020196,1.80197
2022-07-13,4.314224,2.613386,3.286592,2.74864,2.018923,1.802034
2022-07-14,4.30283,2.593335,3.270823,2.740747,2.007366,1.798535
2022-07-15,4.384196,2.636831,3.32453,2.774474,2.029534,1.810077
2022-07-18,4.347909,2.632203,3.307008,2.757715,2.024845,1.80385
2022-07-19,4.465932,2.69945,3.384209,2.799554,2.05359,1.816356
2022-07-20,4.49454,2.708396,3.403775,2.808826,2.056696,1.818856
2022-07-21,4.539991,2.737084,3.440717,2.835022,2.076433,1.830036
2022-07-22,4.498627,2.71364,3.421786,2.829749,2.073346,1.831461
2022-07-25,4.503085,2.72382,3.423981,2.826975,2.074562,1.829205
2022-07-26,4.449089,2.690813,3.383963,2.807716,2.060343,1.823412
2022-07-27,4.565627,2.755901,3.466516,2.853251,2.091269,1.838343
2022-07-28,4.623338,2.782738,3.505725,2.882479,2.109153,1.849888
2022-07-29,4.691081,2.816361,3.551597,2.906093,2.123178,1.856887
2022-08-01,4.676962,2.809576,3.557462,2.906207,2.12407,1.858567
2022-08-02,4.646744,2.787674,3.521209,2.883,2.105434,1.847789
2022-08-03,4.719317,2.82068,3.557742,2.915275,2.124291,1.859418
2022-08-04,4.715601,2.825307,3.555385,2.916914,2.128521,1.860963
2022-08-05,4.705817,2.818829,3.543827,2.8997,2.115594,1.851651
2022-08-08,4.701607,2.822839,3.541206,2.903515,2.121293,1.854517
2022-08-09,4.68303,2.807724,3.52104,2.894111,2.112704,1.850759
2022-08-10,4.781115,2.869727,3.602673,2.932963,2.142284,1.863714
2022-08-11,4.781115,2.871579,3.602301,2.926207,2.138106,1.859582
2022-08-12,4.862975,2.910445,3.659811,2.961378,2.159181,1.87215
2022-08-15,4.883782,2.911063,3.675209,2.970177,2.16038,1.875159
2022-08-16,4.892326,2.914456,3.674746,2.971703,2.160705,1.875211
2022-08-17,4.858888,2.891321,3.653531,2.952513,2.145357,1.867181
2022-08-18,4.873874,2.891629,3.657812,2.960145,2.147116,1.87045
2022-08-19,4.806626,2.851219,3.603639,2.928228,2.123858,1.858384
2022-08-22,4.705323,2.79847,3.538908,2.886167,2.096821,1.843954
2022-08-23,4.694177,2.797236,3.535374,2.881655,2.095933,1.842299
2022-08-24,4.708419,2.80649,3.54261,2.883833,2.09778,1.842249
2022-08-25,4.777028,2.847209,3.590993,2.915143,2.120362,1.853859
2022-08-26,4.613307,2.762687,3.478207,2.853442,2.08162,1.834271
2022-08-29,4.582841,2.747572,3.45169,2.837057,2.071059,1.827627
2022-08-30,4.533055,2.719809,3.423977,2.819954,2.059601,1.822751
2022-08-31,4.497389,2.702227,3.400455,2.802156,2.048308,1.81595
2022-09-01,4.511258,2.692355,3.395946,2.800823,2.03929,1.813722
2022-09-02,4.463951,2.669529,3.359874,2.786667,2.031506,1.810373
2022-09-06,4.448965,2.656572,3.336599,2.770687,2.018046,1.802261
2022-09-07,4.528721,2.695131,3.377715,2.807939,2.041087,1.81627
2022-09-08,4.55832,2.70778,3.405072,2.815048,2.043951,1.817468
2022-09-09,4.628663,2.759294,3.460899,2.840074,2.066154,1.824977
2022-09-12,4.679563,2.791992,3.488462,2.857106,2.079423,1.829686
2022-09-13,4.475469,2.682484,3.346847,2.777302,2.027181,1.803633
2022-09-14,4.492187,2.693589,3.369558,2.78478,2.033089,1.806352
2022-09-15,4.44203,2.666135,3.335129,2.763135,2.018513,1.798872
2022-09-16,4.407106,2.643925,3.315727,2.749217,2.00786,1.79423
2022-09-19,4.440916,2.660134,3.336954,2.760684,2.014374,1.797496
2022-09-20,4.390883,2.625422,3.300171,2.736882,1.994994,1.788419
2022-09-21,4.313604,2.583892,3.247901,2.712019,1.979137,1.78191
2022-09-22,4.277195,2.563746,3.2359,2.687014,1.9616,1.770916
2022-09-23,4.206108,2.505169,3.178745,2.658098,1.933631,1.761111
2022-09-26,4.165364,2.475106,3.141895,2.628846,1.909776,1.747605
2022-09-27,4.153598,2.466738,3.127975,2.619701,1.90251,1.743513
2022-09-28,4.235185,2.518186,3.188692,2.666592,1.937819,1.763214
2022-09-29,4.146869,2.470767,3.132574,2.628754,1.912758,1.749993
2022-09-30,4.083679,2.444733,3.091183,2.603173,1.899385,1.741352
2022-10-03,4.191649,2.505169,3.165248,2.651713,1.932786,1.758907
2022-10-04,4.318898,2.59009,3.262833,2.700678,1.97206,1.774946
2022-10-05,4.311435,2.577692,3.248791,2.691977,1.962206,1.770452
2022-10-06,4.266033,2.548869,3.215971,2.67126,1.946442,1.762945
2022-10-07,4.146246,2.487193,3.142483,2.622002,1.915131,1.746097
2022-10-10,4.115274,2.466118,3.122214,2.605728,1.902177,1.739643
2022-10-11,4.088157,2.444423,3.09823,2.596214,1.892912,1.73683
2022-10-12,4.07547,2.438224,3.084749,2.592877,1.891131,1.736195
2022-10-13,4.182195,2.490602,3.14977,2.627618,1.911149,1.74581
2022-10-14,4.088033,2.438534,3.086246,2.588122,1.884393,1.732092
2022-10-17,4.191897,2.50269,3.150856,2.628136,1.914227,1.745052
2022-10-18,4.241279,2.526864,3.17407,2.64856,1.926674,1.75207
2022-10-19,4.211924,2.50021,3.152802,2.62877,1.908249,1.743219
2022-10-20,4.177343,2.488433,3.133584,2.608819,1.897617,1.735114
2022-10-21,4.277725,2.540191,3.203037,2.647098,1.921674,1.747465
2022-10-24,4.329844,2.54515,3.22492,2.664412,1.92268,1.752211
2022-10-25,4.400249,2.59195,3.283387,2.700345,1.950857,1.766383
2022-10-26,4.36741,2.59257,3.271245,2.69286,1.95439,1.765577
2022-10-27,4.344025,2.578003,3.247021,2.690221,1.952323,1.766753
2022-10-28,4.445401,2.619224,3.311046,2.724758,1.968738,1.776573
2022-10-31,4.415175,2.600628,3.289499,2.710331,1.958034,1.771099
2022-11-01,4.397387,2.605897,3.287072,2.705038,1.961194,1.769887
2022-11-02,4.285189,2.551039,3.22099,2.66263,1.935893,1.756584
2022-11-03,4.239539,2.531514,3.193996,2.641813,1.924193,1.749111
2022-11-04,4.301609,2.59071,3.245217,2.664628,1.950341,1.756316
2022-11-07,4.342905,2.607756,3.272679,2.675327,1.954651,1.758217
2022-11-08,4.366539,2.626351,3.299084,2.688796,1.966412,1.7639
2022-11-09,4.277353,2.575833,3.235053,2.658049,1.945463,1.755312
2022-11-10,4.511451,2.715302,3.413181,2.765835,2.023451,1.79535
2022-11-11,4.554615,2.754973,3.456164,2.78148,2.040818,1.800068
2022-11-14,4.518045,2.728319,3.422662,2.764587,2.026464,1.79379
2022-11-15,4.555361,2.755903,3.4493,2.78602,2.044378,1.802894
2022-11-16,4.520781,2.732658,3.427289,2.77997,2.038989,1.803093
2022-11-17,4.50772,2.72615,3.41845,2.770492,2.032637,1.798942
2022-11-18,4.527622,2.732658,3.428709,2.775808,2.034085,1.799987
2022-11-21,4.5117,2.716542,3.41201,2.770037,2.027029,1.798288
2022-11-22,4.57178,2.751564,3.46552,2.797665,2.046682,1.808658
2022-11-23,4.600391,2.772639,3.492536,2.814994,2.061045,1.816217
2022-11-25,4.599893,2.775738,3.499346,2.814813,2.062402,1.816161
2022-11-28,4.527125,2.735757,3.452466,2.787014,2.043849,1.807292
2022-11-29,4.519164,2.741336,3.441881,2.779858,2.043138,1.803996
2022-11-30,4.65823,2.81603,3.52753,2.839122,2.082376,1.824826
2022-12-01,4.658853,2.822538,3.534939,2.848937,2.092306,1.830892
2022-12-02,4.652136,2.820988,3.526695,2.851258,2.095139,1.833122
2022-12-05,4.569292,2.772329,3.460653,2.812036,2.067049,1.818384
2022-12-06,4.503242,2.742886,3.422203,2.791899,2.056968,1.813587
2022-12-07,4.494535,2.738237,3.420531,2.798886,2.062422,1.818825
2022-12-08,4.529985,2.759001,3.4458,2.808408,2.069055,1.821117
2022-12-09,4.496898,2.744746,3.43129,2.789599,2.057782,1.813215
2022-12-12,4.561083,2.77016,3.465392,2.812864,2.068908,1.820396
2022-12-13,4.594792,2.795884,3.498218,2.833008,2.086021,1.828979
2022-12-14,4.567054,2.784416,3.482467,2.825807,2.083107,1.827848
2022-12-15,4.454731,2.715612,3.397082,2.785726,2.053453,1.815917
2022-12-16,4.401617,2.690198,3.369454,2.763462,2.040104,1.808188
2022-12-19,4.363679,2.673899,3.342655,2.742737,2.02782,1.799791
2022-12-20,4.370328,2.680143,3.360578,2.737539,2.024936,1.795941
2022-12-21,4.435694,2.715113,3.394004,2.763927,2.042234,1.804901
2022-12-22,4.373327,2.68233,3.357701,2.741162,2.027765,1.798289
2022-12-23,4.397824,2.694818,3.371534,2.746419,2.030558,1.798789
2022-12-27,4.380326,2.694507,3.357521,2.73118,2.023853,1.791408
2022-12-28,4.326583,2.660786,3.316679,2.710111,2.007918,1.784678
2022-12-29,4.403323,2.706683,3.376338,2.742216,2.031177,1.796073
2022-12-30,4.3912,2.691071,3.361837,2.733056,2.020824,1.791748
2023-01-03,4.374326,2.692633,3.357675,2.732977,2.025965,1.793637
2023-01-04,4.405822,2.725729,3.364654,2.75099,2.045507,1.801525
2023-01-05,4.357705,2.697628,3.325357,2.731741,2.031923,1.794988
2023-01-06,4.456816,2.759449,3.403287,2.781004,2.068809,1.815068
2023-01-09,4.453566,2.766006,3.40375,2.782813,2.074013,1.816773
2023-01-10,4.485312,2.780993,3.418414,2.790324,2.077525,1.817739
2023-01-11,4.542556,2.809093,3.457274,2.817686,2.094587,1.828654
2023-01-12,4.559554,2.829075,3.490899,2.832686,2.110004,1.83682
2023-01-13,4.577301,2.84375,3.504855,2.835554,2.113823,1.836578
2023-01-17,4.570302,2.843126,3.511038,2.831418,2.112419,1.834724
2023-01-18,4.496062,2.812528,3.469675,2.813881,2.106237,1.832406
2023-01-19,4.463691,2.800039,3.451729,2.799475,2.098915,1.827168
2023-01-20,4.545805,2.843438,3.50782,2.825262,2.114804,1.83405
2023-01-23,4.601174,2.870289,3.534623,2.843293,2.124906,1.839073
2023-01-24,4.596299,2.867479,3.539186,2.846461,2.127341,1.84181
2023-01-25,4.597924,2.872787,3.55295,2.848432,2.130747,1.842963
2023-01-26,4.647042,2.897141,3.577131,2.864726,2.140171,1.847908
2023-01-27,4.660291,2.899014,3.587197,2.868481,2.140118,1.848802
2023-01-30,4.602048,2.863733,3.549457,2.843469,2.121834,1.839551
2023-01-31,4.667415,2.896828,3.588262,2.87312,2.140591,1.851029
2023-02-01,4.718534,2.928363,3.619412,2.899504,2.160181,1.862092
2023-02-02,4.78615,2.952093,3.653165,2.925611,2.171456,1.871144
2023-02-03,4.735032,2.919309,3.61336,2.896434,2.149232,1.858402
2023-02-06,4.70766,2.893082,3.588893,2.879193,2.132218,1.850513
2023-02-07,4.768402,2.923992,3.636999,2.900446,2.145048,1.857048
2023-02-08,4.716159,2.89995,3.597143,2.882834,2.135656,1.851916
2023-02-09,4.675789,2.885588,3.576557,2.86315,2.125798,1.84414
2023-02-10,4.687162,2.88028,3.588744,2.862709,2.119915,1.842511
2023-02-13,4.74128,2.912128,3.61727,2.886031,2.136542,1.851278
2023-02-14,4.739531,2.914,3.61099,2.881582,2.134575,1.848573
2023-02-15,4.755404,2.915562,3.609022,2.885105,2.133481,1.849051
2023-02-16,4.689287,2.887774,3.569998,2.856071,2.117787,1.838425
2023-02-17,4.677164,2.881217,3.563116,2.853954,2.116626,1.838585
2023-02-21,4.584301,2.83251,3.500329,2.809584,2.087551,1.820889
2023-02-22,4.578551,2.823143,3.489505,2.809856,2.085122,1.821952
2023-02-23,4.601549,2.83813,3.512174,2.822422,2.094813,1.827547
2023-02-24,4.552305,2.801288,3.470246,2.797893,2.073681,1.817566
2023-02-27,4.568052,2.816899,3.488468,2.805617,2.082079,1.820757
2023-02-28,4.550804,2.804722,3.475333,2.799455,2.076807,1.818893
2023-03-01,4.534183,2.810342,3.468059,2.786745,2.074541,1.812626
2023-03-02,4.568052,2.825017,3.487363,2.797161,2.079475,1.815473
2023-03-03,4.640419,2.865606,3.550002,2.832653,2.103999,1.829983
2023-03-06,4.646043,2.861235,3.553024,2.832176,2.100109,1.829037
2023-03-07,4.574177,2.817523,3.505017,2.804019,2.079474,1.819398
2023-03-08,4.5813,2.825017,3.521735,2.805777,2.082181,1.819794
2023-03-09,4.497437,2.778495,3.474833,2.777989,2.063884,1.811992
2023-03-10,4.432944,2.740092,3.427474,2.766892,2.056242,1.81276
2023-03-13,4.425445,2.731349,3.413501,2.772901,2.058834,1.817745
2023-03-14,4.498936,2.767567,3.450042,2.793455,2.069999,1.822253
2023-03-15,4.47119,2.725105,3.41414,2.79446,2.059285,1.826622
2023-03-16,4.54768,2.770377,3.475864,2.817811,2.075777,1.832775
2023-03-17,4.497937,2.737593,3.442691,2.807223,2.066951,1.832063
2023-03-20,4.538557,2.767195,3.479433,2.817583,2.076707,1.833925
2023-03-21,4.597924,2.803531,3.517777,2.836797,2.090857,1.839232
2023-03-22,4.521683,2.771267,3.473865,2.818102,2.083619,1.836459
2023-03-23,4.532433,2.777845,3.484245,2.824717,2.088505,1.839716
2023-03-24,4.562641,2.784737,3.503607,2.838322,2.093307,1.845047
2023-03-27,4.57017,2.795387,3.512256,2.829434,2.089434,1.838228
2023-03-28,4.562137,2.798206,3.509966,2.824446,2.089242,1.836061
2023-03-29,4.627021,2.832663,3.54888,2.849985,2.105699,1.844841
2023-03-30,4.654631,2.85459,3.568687,2.861856,2.116725,1.849354
2023-03-31,4.719639,2.884661,3.616691,2.892005,2.134585,1.861025
2023-04-03,4.738338,2.898131,3.63171,2.903786,2.144203,1.866588
2023-04-04,4.711607,2.885914,3.616979,2.898339,2.142078,1.866361
2023-04-05,4.700186,2.871818,3.594637,2.897107,2.137975,1.867254
2023-04-06,4.718133,2.881216,3.599677,2.90353,2.141991,1.869321
2023-04-10,4.723278,2.884661,3.600231,2.897835,2.137896,1.865011
2023-04-11,4.723906,2.891553,3.604068,2.898529,2.141346,1.865448
2023-04-12,4.705081,2.887481,3.597452,2.892691,2.140412,1.864051
2023-04-13,4.766073,2.925383,3.64514,2.914945,2.157071,1.871451
2023-04-14,4.756284,2.916298,3.631777,2.906245,2.14924,1.866945
2023-04-17,4.772475,2.92319,3.643607,2.906216,2.147831,1.865053
2023-04-18,4.775737,2.928202,3.651805,2.909116,2.151337,1.866615
2023-04-19,4.775486,2.921311,3.643015,2.907497,2.147096,1.865643
2023-04-20,4.748503,2.91066,3.632016,2.902261,2.145904,1.865941
2023-04-21,4.751265,2.9116,3.639577,2.901314,2.144859,1.864921
2023-04-24,4.75754,2.914733,3.642396,2.908087,2.14955,1.868654
2023-04-25,4.682366,2.867119,3.594454,2.887225,2.133481,1.86415
2023-04-26,4.661533,2.860855,3.579393,2.875452,2.127714,1.859105
2023-04-27,4.754026,2.908468,3.646585,2.905246,2.145592,1.867459
2023-04-28,4.794688,2.925696,3.659778,2.926739,2.158003,1.876563
2023-05-01,4.791424,2.922251,3.656735,2.913901,2.147838,1.868556
2023-05-02,4.737711,2.88936,3.618851,2.904769,2.141146,1.869052
2023-05-03,4.704704,2.879336,3.607562,2.897134,2.140133,1.86816
2023-05-04,4.670318,2.869312,3.591111,2.882715,2.134475,1.863106
2023-05-05,4.756033,2.918179,3.651715,2.91072,2.153477,1.871061
2023-05-08,4.758669,2.919745,3.650737,2.90636,2.150219,1.867935
2023-05-09,4.738087,2.907842,3.651464,2.897422,2.143939,1.864661
2023-05-10,4.758795,2.913793,3.657066,2.912061,2.151723,1.871781
2023-05-11,4.752143,2.906902,3.656622,2.913235,2.151331,1.873728
2023-05-12,4.745742,2.898758,3.658523,2.904876,2.143236,1.869148
2023-05-15,4.762183,2.918492,3.673986,2.908135,2.149993,1.869324
2023-05-16,4.730682,2.893432,3.654851,2.893576,2.13664,1.863584
2023-05-17,4.787158,2.920685,3.692746,2.91276,2.14747,1.869347
2023-05-18,4.833969,2.936346,3.718083,2.925723,2.151142,1.872395
2023-05-19,4.826313,2.93666,3.71581,2.919797,2.149018,1.869447
2023-05-22,4.828948,2.941358,3.722198,2.920479,2.150913,1.86963
2023-05-23,4.774984,2.904396,3.676997,2.901013,2.134792,1.863493
2023-05-24,4.739217,2.878397,3.645994,2.884549,2.12079,1.857088
2023-05-25,4.780506,2.887167,3.67444,2.895901,2.12169,1.859817
2023-05-26,4.842627,2.922251,3.711501,2.920564,2.138548,1.868481
2023-05-30,4.844134,2.911914,3.705129,2.928464,2.13932,1.87354
2023-05-31,4.817779,2.8903,3.681392,2.922252,2.132281,1.872824
2023-06-01,4.863963,2.926323,3.733646,2.942583,2.150781,1.880792
2023-06-02,4.935372,2.972056,3.79356,2.96307,2.16677,1.885513
2023-06-05,4.925834,2.962032,3.784384,2.959648,2.162359,1.884441
2023-06-06,4.935999,2.979574,3.813049,2.964991,2.171414,1.886817
2023-06-07,4.91981,2.966731,3.774517,2.95264,2.160959,1.880762
2023-06-08,4.949302,2.9849,3.800005,2.969212,2.17325,1.88831
2023-06-09,4.957584,2.988345,3.817434,2.970018,2.173102,1.88788
2023-06-12,5.003141,3.008393,3.849144,2.989394,2.183856,1.895052
2023-06-13,5.036148,3.031886,3.883566,2.996864,2.190827,1.896014
2023-06-14,5.040038,3.036585,3.891033,2.999242,2.19363,1.897216
2023-06-15,5.10467,3.071668,3.924092,3.030365,2.214579,1.909931
2023-06-16,5.085845,3.062897,3.902667,3.020856,2.208802,1.906067
2023-06-20,5.062377,3.032625,3.873926,3.013592,2.196272,1.904305
2023-06-21,5.034642,3.023164,3.872745,3.005033,2.193363,1.9021
2023-06-22,5.052964,3.021902,3.872947,3.006539,2.188819,1.901074
2023-06-23,5.015064,2.988792,3.824029,2.995549,2.176257,1.898583
2023-06-26,4.994356,2.9869,3.812902,2.989165,2.176425,1.897001
2023-06-27,5.049701,3.017488,3.846904,3.007767,2.188643,1.902521
2023-06-28,5.05196,3.019065,3.860727,3.012138,2.191967,1.905172
2023-06-29,5.071313,3.024741,3.865377,3.010966,2.188283,1.902202
2023-06-30,5.131411,3.058167,3.9049,3.037325,2.206212,1.912288
2023-07-03,5.141238,3.067943,3.913703,3.037844,2.20828,1.911559
2023-07-05,5.129773,3.050599,3.898086,3.028938,2.197034,1.907184
2023-07-06,5.087943,3.013074,3.860592,3.006192,2.174856,1.897582
2023-07-07,5.0761,3.020957,3.87036,3.001138,2.177959,1.895782
2023-07-10,5.089707,3.030417,3.876002,3.010079,2.185076,1.900096
2023-07-11,5.122339,3.05659,3.898542,3.024616,2.1986,1.905683
2023-07-12,5.162657,3.092224,3.928178,3.048485,2.221177,1.916509
2023-07-13,5.204739,3.127857,3.968033,3.071018,2.242274,1.926362
2023-07-14,5.200581,3.116505,3.951707,3.064238,2.233278,1.922483
2023-07-17,5.218724,3.125335,3.962012,3.072267,2.238175,1.925581
2023-07-18,5.258285,3.144255,3.999215,3.08848,2.247741,1.931355
2023-07-19,5.269624,3.147093,4.005493,3.095342,2.250958,1.934584
2023-07-20,5.235229,3.12565,3.971437,3.077226,2.237406,1.927226
2023-07-21,5.235858,3.126911,3.970477,3.07823,2.238545,1.927808
2023-07-24,5.258033,3.138263,3.98406,3.084699,2.242303,1.929386
2023-07-25,5.27353,3.147723,3.993871,3.08928,2.245663,1.930546
2023-07-26,5.27479,3.1534,3.999183,3.093439,2.250959,1.933181
2023-07-27,5.239008,3.132587,3.989413,3.070501,2.234503,1.922829
2023-07-28,5.290035,3.165067,4.023505,3.09347,2.252013,1.931686
2023-07-31,5.30024,3.172005,4.023797,3.099292,2.256625,1.934313
2023-08-01,5.283862,3.152769,4.00109,3.086268,2.242838,1.927925
2023-08-02,5.21066,3.100107,3.939879,3.055285,2.216438,1.916656
2023-08-03,5.195919,3.093485,3.926396,3.042982,2.208424,1.910636
2023-08-04,5.170468,3.087809,3.923661,3.042528,2.212598,1.91359
2023-08-07,5.217085,3.110513,3.95835,3.058309,2.221592,1.918213
2023-08-08,5.194534,3.091277,3.936035,3.05386,2.215877,1.918188
2023-08-09,5.160012,3.078664,3.907473,3.041227,2.210411,1.914203
2023-08-10,5.163035,3.083394,3.913919,3.036199,2.207979,1.910834
2023-08-11,5.158247,3.072358,3.909492,3.030863,2.200371,1.907981
2023-08-14,5.187352,3.07488,3.914932,3.040387,2.200482,1.910712
2023-08-15,5.127883,3.038616,3.870927,3.01563,2.182284,1.90184
2023-08-16,5.08996,3.015596,3.836644,2.998333,2.169608,1.895274
2023-08-17,5.04876,2.99573,3.809871,2.98181,2.15984,1.88974
2023-08-18,5.053421,2.993838,3.815157,2.985868,2.160699,1.89189
2023-08-21,5.086809,3.008659,3.834024,2.993148,2.163508,1.892621
2023-08-22,5.072573,3.002352,3.831752,2.989197,2.161688,1.89184
2023-08-23,5.127253,3.036724,3.87578,3.019552,2.184512,1.905156
2023-08-24,5.059091,2.998883,3.824508,2.991382,2.165488,1.895234
2023-08-25,5.092605,3.016227,3.848263,3.003945,2.173318,1.899477
2023-08-28,5.126119,3.041139,3.879436,3.018511,2.186049,1.905035
2023-08-29,5.198943,3.082132,3.926352,3.052587,2.209579,1.918381
2023-08-30,5.220613,3.089701,3.935956,3.060248,2.212653,1.920864
2023-08-31,5.213936,3.081818,3.94442,3.059593,2.210465,1.921618
2023-09-01,5.225023,3.092539,3.957794,3.058437,2.211366,1.919586
2023-09-05,5.202218,3.072988,3.946098,3.043865,2.198075,1.912949
2023-09-06,5.16631,3.055329,3.92977,3.029169,2.189187,1.907721
2023-09-07,5.150939,3.042715,3.921512,3.027113,2.18624,1.908566
2023-09-08,5.157995,3.043977,3.913807,3.030067,2.187039,1.909697
2023-09-11,5.191888,3.068573,3.945182,3.041073,2.196883,1.912752
2023-09-12,5.164043,3.055645,3.930035,3.031408,2.191619,1.910016
2023-09-13,5.17009,3.052176,3.932729,3.035373,2.191313,1.911935
2023-09-14,5.214818,3.083078,3.976416,3.050287,2.203889,1.916403
2023-09-15,5.149805,3.057536,3.934994,3.023753,2.190756,1.907107
2023-09-18,5.155475,3.053927,3.940822,3.02696,2.189928,1.908575
2023-09-19,5.145145,3.048226,3.941019,3.020771,2.185637,1.905845
2023-09-20,5.097015,3.027326,3.899398,3.001339,2.175171,1.899073
2023-09-21,5.013482,2.977609,3.836529,2.96323,2.14769,1.884641
2023-09-22,5.001387,2.976977,3.833182,2.963175,2.150724,1.886154
2023-09-25,5.022176,2.980143,3.842869,2.962937,2.1462,1.883501
2023-09-26,4.94847,2.938343,3.785651,2.934226,2.126528,1.873785
2023-09-27,4.949604,2.93866,3.791082,2.93079,2.123809,1.871573
2023-09-28,4.978478,2.958927,3.808821,2.944394,2.135019,1.877131
2023-09-29,4.96659,2.950693,3.786487,2.939474,2.130959,1.875425
2023-10-02,4.966209,2.93486,3.776641,2.931929,2.118324,1.870606
2023-10-03,4.899432,2.89496,3.721478,2.898224,2.093882,1.856822
2023-10-04,4.935477,2.906993,3.728978,2.918705,2.10448,1.86589
2023-10-05,4.931304,2.91396,3.747873,2.917915,2.108199,1.866251
2023-10-06,4.990113,2.94626,3.782254,2.93578,2.119682,1.870741
2023-10-09,5.023376,2.955126,3.803278,2.959089,2.13172,1.882008
2023-10-10,5.049303,2.98141,3.831672,2.967724,2.142783,1.884486
2023-10-11,5.070676,2.995027,3.840375,2.980692,2.152603,1.890489
2023-10-12,5.040197,2.968426,3.826779,2.959974,2.133706,1.880885
2023-10-13,5.013637,2.948793,3.798602,2.954973,2.128517,1.880993
2023-10-16,5.066124,2.978876,3.830326,2.969074,2.137965,1.883851
2023-10-17,5.06625,2.978876,3.832619,2.962152,2.132799,1.879354
2023-10-18,4.998461,2.933594,3.778766,2.932094,2.108912,1.868027
2023-10-19,4.956092,2.90826,3.748028,2.911566,2.094031,1.86001
2023-10-20,4.894374,2.87501,3.707635,2.892302,2.081891,1.855081
2023-10-23,4.885773,2.869627,3.700418,2.893104,2.082446,1.856726
2023-10-24,4.922325,2.891477,3.726917,2.910368,2.09495,1.863621
2023-10-25,4.85289,2.853793,3.685345,2.876286,2.071968,1.849855
2023-10-26,4.793321,2.829726,3.63869,2.861079,2.066384,1.847447
2023-10-27,4.772074,2.817377,3.636174,2.853115,2.060809,1.845016
2023-10-30,4.829492,2.850627,3.674998,2.872006,2.073868,1.850412
2023-10-31,4.858709,2.86456,3.703861,2.882648,2.079928,1.853803
2023-11-01,4.912205,2.892743,3.751333,2.913,2.100285,1.867314
2023-11-02,5.005543,2.951643,3.819655,2.954203,2.131481,1.883056
2023-11-03,5.051833,2.987743,3.863996,2.977923,2.152499,1.892991
2023-11-06,5.061571,2.987426,3.854395,2.976914,2.148902,1.891193
2023-11-07,5.075862,2.985527,3.85169,2.987708,2.152075,1.896641
2023-11-08,5.080035,2.983626,3.83539,2.992689,2.15375,1.899458
2023-11-09,5.041715,2.964627,3.819436,2.970247,2.139185,1.889749
2023-11-10,5.12038,2.999459,3.872458,3.001756,2.156407,1.900812
2023-11-13,5.115196,2.999143,3.869116,2.999501,2.156034,1.900032
2023-11-14,5.213465,3.068493,3.944167,3.049542,2.197129,1.920846
2023-11-15,5.224847,3.07451,3.941754,3.047751,2.195355,1.918393
2023-11-16,5.232183,3.068809,3.949589,3.057024,2.197617,1.923822
2023-11-17,5.239897,3.08591,3.971534,3.061469,2.206488,1.925912
2023-11-20,5.279356,3.106176,3.992922,3.077815,2.216789,1.931786
2023-11-21,5.265571,3.097943,3.980694,3.0742,2.214223,1.931293
2023-11-22,5.288337,3.105543,4.000157,3.083666,2.218345,1.93495
2023-11-24,5.291246,3.113776,4.003945,3.079476,2.218147,1.931903
2023-11-27,5.282013,3.107759,3.998058,3.082694,2.220382,1.935212
2023-11-28,5.287198,3.112827,4.000658,3.089297,2.226124,1.93903
2023-11-29,5.283784,3.11346,3.997711,3.093764,2.23067,1.942444
2023-11-30,5.304272,3.122642,4.010945,3.097873,2.232168,1.942864
2023-12-01,5.335384,3.149559,4.038787,3.118585,2.251028,1.952748
2023-12-04,5.308573,3.130243,4.006581,3.104017,2.238959,1.946485
2023-12-05,5.306928,3.123276,4.001432,3.110566,2.241125,1.951108
2023-12-06,5.284795,3.117576,4.001592,3.10554,2.240977,1.950594
2023-12-07,5.326151,3.138476,4.032713,3.120731,2.250181,1.955722
2023-12-08,5.348791,3.147343,4.038017,3.123766,2.250142,1.955052
2023-12-11,5.369531,3.159059,4.055836,3.131697,2.255547,1.957829
2023-12-12,5.396218,3.166977,4.068506,3.144972,2.261546,1.963258
2023-12-13,5.469699,3.213843,4.125789,3.186848,2.293327,1.981764
2023-12-14,5.485761,3.238859,4.129042,3.201436,2.310971,1.989608
2023-12-15,5.477413,3.223976,4.114359,3.196593,2.302982,1.987641
2023-12-18,5.5084,3.236775,4.128783,3.205872,2.307028,1.989987
2023-12-19,5.541914,3.261032,4.150314,3.220617,2.319596,1.995541
2023-12-20,5.46192,3.216348,4.101409,3.194368,2.302194,1.988278
2023-12-21,5.515131,3.257841,4.150307,3.214159,2.320811,1.995092
2023-12-22,5.527958,3.262628,4.160959,3.218202,2.322404,1.996229
2023-12-26,5.550944,3.278906,4.172934,3.227912,2.330564,1.999898
2023-12-27,5.561104,3.288481,4.184973,3.239062,2.340329,2.005966
2023-12-28,5.561993,3.290716,4.192595,3.236584,2.339253,2.004601
2023-12-29,5.547135,3.283694,4.186492,3.228359,2.334115,2.00103
2024-01-02,5.511703,3.255925,4.156549,3.210234,2.317989,1.993556
2024-01-03,5.470811,3.227838,4.128096,3.196995,2.30675,1.989968
2024-01-04,5.453539,3.224008,4.116035,3.185174,2.300937,1.984697
2024-01-05,5.460524,3.227838,4.128944,3.183758,2.299788,1.983125
2024-01-08,5.538626,3.266778,4.188419,3.216662,2.320472,1.995149
2024-01-09,5.525165,3.250819,4.173661,3.211782,2.313528,1.993645
2024-01-10,5.561611,3.266778,4.215462,3.22224,2.3187,1.996316
2024-01-11,5.559707,3.265501,4.225836,3.228237,2.322965,2.000573
2024-01-12,5.562246,3.270608,4.239537,3.231754,2.327046,2.002613
2024-01-16,5.543325,3.239009,4.219935,3.216025,2.306965,1.994964
2024-01-17,5.512464,3.213475,4.187556,3.202259,2.293906,1.989895
2024-01-18,5.561485,3.240924,4.225401,3.217637,2.304365,1.994387
2024-01-19,5.629554,3.270289,4.26467,3.241425,2.316908,2.001839
2024-01-22,5.64238,3.277949,4.286743,3.248011,2.321699,2.004602
2024-01-23,5.659143,3.283056,4.284017,3.250889,2.321729,2.004636
2024-01-24,5.663842,3.291673,4.288067,3.249901,2.323511,2.003578
2024-01-25,5.695718,3.306036,4.29999,3.267001,2.33395,2.011066
2024-01-26,5.692289,3.30827,4.287781,3.263875,2.333512,2.009561
2024-01-29,5.733689,3.33189,4.324939,3.283427,2.347273,2.017277
2024-01-30,5.729626,3.324229,4.318085,3.284286,2.345646,2.018316
2024-01-31,5.636285,3.283694,4.274305,3.257102,2.332256,2.011629
2024-02-01,5.71045,3.321995,4.327385,3.290792,2.354228,2.024805
2024-02-02,5.769121,3.334443,4.350313,3.29969,2.351166,2.024096
2024-02-05,5.74804,3.318484,4.332907,3.282125,2.336985,2.015475
2024-02-06,5.765946,3.336997,4.342163,3.294361,2.349209,2.021263
2024-02-07,5.813315,3.353913,4.374624,3.308452,2.354658,2.024939
2024-02-08,5.817252,3.35519,4.373367,3.306487,2.352791,2.023555
2024-02-09,5.850272,3.373702,4.395506,3.316972,2.359937,2.026548
2024-02-12,5.847604,3.378171,4.400769,3.316391,2.362099,2.026608
2024-02-13,5.765183,3.324867,4.352747,3.27651,2.331332,2.010786
2024-02-14,5.820046,3.361892,4.386809,3.30043,2.350575,2.019819
2024-02-15,5.859415,3.390618,4.420148,3.317705,2.365385,2.026603
2024-02-16,5.829444,3.382639,4.40413,3.303187,2.359057,2.020971
2024-02-20,5.797442,3.373383,4.393122,3.293586,2.356245,2.018547
2024-02-21,5.803283,3.37434,4.393459,3.292111,2.354115,2.017063
2024-02-22,5.925197,3.429239,4.479593,3.335243,2.377946,2.030947
2024-02-23,5.927865,3.431792,4.48316,3.340747,2.382338,2.034142
2024-02-26,5.906149,3.422855,4.4715,3.330872,2.37687,2.030366
2024-02-27,5.917069,3.430196,4.480796,3.332754,2.378609,2.030481
2024-02-28,5.907927,3.41711,4.465964,3.332372,2.37505,2.031302
2024-02-29,5.92977,3.431154,4.486323,3.342116,2.382573,2.035245
2024-03-01,5.986917,3.461795,4.54023,3.367412,2.399507,2.044918
2024-03-04,5.979806,3.456369,4.528432,3.361929,2.395025,2.042351
2024-03-05,5.919864,3.429877,4.504244,3.347859,2.388674,2.040118
2024-03-06,5.951231,3.457326,4.541795,3.361113,2.402054,2.045076
2024-03-07,6.010157,3.492755,4.572313,3.383821,2.418716,2.053048
2024-03-08,5.97371,3.476158,4.549934,3.372318,2.412518,2.049926
2024-03-11,5.968757,3.468179,4.516322,3.370058,2.408727,2.049126
2024-03-12,6.032636,3.501692,4.557498,3.388503,2.420242,2.053846
2024-03-13,6.023491,3.495946,4.540703,3.38319,2.416259,2.05154
2024-03-14,6.010284,3.480307,4.527649,3.370993,2.404104,2.045662
2024-03-15,5.968884,3.464959,4.5158,3.35582,2.397039,2.040864
2024-03-18,6.00622,3.477775,4.556698,3.367281,2.401368,2.043996
2024-03-19,6.039874,3.489951,4.57976,3.382392,2.408988,2.04986
2024-03-20,6.092577,3.524556,4.618372,3.403102,2.425425,2.057068
2024-03-21,6.112896,3.53513,4.636161,3.411261,2.430705,2.060128
2024-03-22,6.104908,3.524235,4.631748,3.412701,2.429107,2.061955
2024-03-25,6.08911,3.517187,4.607125,3.404711,2.424314,2.05884
2024-03-26,6.072037,3.513021,4.604194,3.399803,2.423298,2.05771
2024-03-27,6.125037,3.539296,4.638254,3.422733,2.437705,2.066595
2024-03-28,6.124274,3.540576,4.63275,3.42088,2.437106,2.065526
2024-04-01,6.116247,3.531285,4.607521,3.409338,2.426829,2.059396
2024-04-02,6.076242,3.510778,4.57934,3.393943,2.417047,2.054309
2024-04-03,6.08172,3.51975,4.591649,3.396741,2.421518,2.055452
2024-04-04,6.006807,3.483543,4.537781,3.373214,2.407968,2.049236
2024-04-05,6.070636,3.51206,4.5754,3.389154,2.415552,2.052341
2024-04-08,6.073056,3.51975,4.583544,3.388938,2.41807,2.052011
2024-04-09,6.080573,3.525197,4.592613,3.396163,2.423717,2.055748
2024-04-10,6.021713,3.484825,4.53996,3.360738,2.395745,2.040268
2024-04-11,6.065158,3.50469,4.574862,3.375921,2.404231,2.045181
2024-04-12,5.982472,3.447977,4.512967,3.349855,2.382049,2.038033
2024-04-15,5.90654,3.415615,4.467194,3.315008,2.362224,2.024764
2024-04-16,5.895966,3.396071,4.442778,3.308128,2.351576,2.021706
2024-04-17,5.860421,3.383253,4.409889,3.30172,2.350443,2.021649
2024-04-18,5.847044,3.378127,4.398903,3.293685,2.345827,2.018443
2024-04-19,5.798121,3.362426,4.36523,3.27818,2.34027,2.014189
2024-04-22,5.848445,3.393827,4.405136,3.296296,2.354065,2.020111
2024-04-23,5.922212,3.432597,4.44702,3.324375,2.372287,2.02961
2024-04-24,5.91788,3.431636,4.450423,3.319677,2.369577,2.027163
2024-04-25,5.893419,3.420742,4.41691,3.307592,2.36237,2.022644
2024-04-26,5.952406,3.451501,4.459231,3.331036,2.377553,2.030802
2024-04-29,5.973173,3.466561,4.482162,3.342007,2.386667,2.035494
2024-04-30,5.878767,3.413693,4.423105,3.30424,2.360636,2.022351
2024-05-01,5.859656,3.407285,4.409878,3.302067,2.361152,2.023195
2024-05-02,5.914312,3.448938,4.465411,3.326135,2.382531,2.032543
2024-05-03,5.987697,3.485787,4.519649,3.358166,2.402882,2.044538
2024-05-06,6.048086,3.516866,4.559572,3.380512,2.417055,2.051862
2024-05-07,6.05675,3.517827,4.549235,3.386023,2.419259,2.054411
2024-05-08,6.057004,3.515584,4.532301,3.383096,2.416123,2.052699
2024-05-09,6.091785,3.537373,4.556547,3.398621,2.427864,2.058899
2024-05-10,6.099301,3.54314,4.552864,3.3977,2.427765,2.057511
2024-05-13,6.099684,3.542499,4.547769,3.398898,2.428261,2.058347
2024-05-14,6.128605,3.564287,4.573434,3.41273,2.440257,2.063865
2024-05-15,6.203262,3.605621,4.627755,3.44698,2.463805,2.0771
2024-05-16,6.191415,3.594085,4.607768,3.440711,2.45734,2.074758
2024-05-17,6.200587,3.604019,4.621634,3.440723,2.459278,2.073837
2024-05-20,6.206703,3.606262,4.634476,3.441619,2.459339,2.073863
2024-05-21,6.223393,3.605941,4.635439,3.450112,2.461124,2.077393
2024-05-22,6.205302,3.587678,4.610194,3.442194,2.45217,2.074571
2024-05-23,6.159182,3.562045,4.579962,3.422351,2.438531,2.067653
2024-05-24,6.201097,3.588318,4.616607,3.438418,2.450778,2.073149
2024-05-28,6.206065,3.585435,4.626881,3.434123,2.445192,2.069876
2024-05-29,6.162367,3.546345,4.576739,3.414241,2.425164,2.062404
2024-05-30,6.120961,3.544102,4.566456,3.405269,2.428176,2.061458
2024-05-31,6.174215,3.570696,4.612421,3.428492,2.442867,2.070234
2024-06-03,6.180967,3.574221,4.624422,3.437951,2.449498,2.075476
2024-06-04,6.188484,3.567172,4.629959,3.445382,2.449956,2.079409
2024-06-05,6.262506,3.604019,4.665111,3.474809,2.468266,2.089718
2024-06-06,6.261104,3.606582,4.663586,3.474497,2.469489,2.089743
2024-06-07,6.25295,3.58896,4.649277,3.461327,2.454509,2.082716
2024-06-10,6.273462,3.59729,4.672072,3.466538,2.456654,2.083861
2024-06-11,6.287731,3.591202,4.664367,3.476685,2.45778,2.08868
2024-06-12,6.340094,3.626127,4.698531,3.500856,2.476939,2.098142
2024-06-13,6.35207,3.613311,4.680346,3.510735,2.475575,2.103045
2024-06-14,6.357166,3.601776,4.68264,3.514473,2.472061,2.105147
2024-06-17,6.407618,3.625166,4.698997,3.5273,2.478583,2.107705
2024-06-18,6.42469,3.637022,4.708997,3.537714,2.48686,2.112454
2024-06-20,6.406853,3.630613,4.696023,3.52899,2.482324,2.109105
2024-06-21,6.392839,3.620887,4.679337,3.524448,2.478426,2.108006
2024-06-24,6.37564,3.624752,4.680139,3.519149,2.480591,2.106715
2024-06-25,6.402139,3.631837,4.71488,3.529122,2.484131,2.110033
2024-06-26,6.409274,3.626362,4.713705,3.525565,2.477424,2.107117
2024-06-27,6.419211,3.633125,4.725671,3.531351,2.481983,2.109765
2024-06-28,6.394459,3.627328,4.724265,3.516651,2.475139,2.103523
2024-07-01,6.409162,3.632159,4.723133,3.515025,2.472318,2.101132
2024-07-02,6.450715,3.649228,4.766216,3.533294,2.482315,2.108036
2024-07-03,6.479866,3.677247,4.794055,3.550799,2.499567,2.115945
2024-07-05,6.518607,3.694316,4.823795,3.570228,2.511112,2.124008
2024-07-08,6.524872,3.69335,4.820383,3.572417,2.510699,2.124822
2024-07-09,6.532031,3.692706,4.831673,3.574384,2.510038,2.125266
2024-07-10,6.594937,3.731675,4.890178,3.597438,2.527457,2.132891
2024-07-11,6.538425,3.724268,4.855009,3.584114,2.528932,2.130816
2024-07-12,6.578827,3.749388,4.884045,3.601624,2.542111,2.137575
2024-07-15,6.598772,3.748421,4.887854,3.604489,2.538734,2.137324
2024-07-16,6.636233,3.776118,4.924231,3.622578,2.554173,2.144492
2024-07-17,6.543539,3.72942,4.866998,3.591434,2.535128,2.135411
2024-07-18,6.494315,3.697859,4.819668,3.570841,2.519198,2.128031
2024-07-19,6.450971,3.673382,4.788091,3.552302,2.506294,2.121424
2024-07-22,6.517968,3.710097,4.830178,3.57518,2.52159,2.128495
2024-07-23,6.5071,3.698503,4.823254,3.571561,2.516767,2.127427
2024-07-24,6.358148,3.627328,4.71735,3.515759,2.483657,2.109138
2024-07-25,6.326056,3.61509,4.679064,3.5074,2.480492,2.107429
2024-07-26,6.397016,3.656635,4.734508,3.537374,2.501976,2.118679
2024-07-29,6.401747,3.651805,4.740168,3.540633,2.501072,2.12019
2024-07-30,6.368248,3.642465,4.724263,3.530534,2.498242,2.11762
2024-07-31,6.468615,3.699147,4.817367,3.572748,2.52761,2.133078
2024-08-01,6.380394,3.632159,4.703203,3.546823,2.502537,2.1267
2024-08-02,6.26379,3.565493,4.584334,3.521112,2.484919,2.123723
2024-08-05,6.075714,3.469198,4.460938,3.454133,2.442881,2.102537
2024-08-06,6.136318,3.495284,4.486804,3.467077,2.448077,2.104134
2024-08-07,6.093742,3.486267,4.48508,3.448976,2.441899,2.097648
2024-08-08,6.235917,3.560662,4.587012,3.496691,2.472255,2.111919
2024-08-09,6.262639,3.575477,4.597956,3.510684,2.481944,2.117845
2024-08-12,6.265836,3.576121,4.606759,3.514129,2.4839,2.119839
2024-08-13,6.369911,3.631837,4.698855,3.555512,2.511319,2.134313
2024-08-14,6.390239,3.640854,4.711563,3.565123,2.516981,2.138142
2024-08-15,6.49994,3.694638,4.795166,3.597909,2.535947,2.146666
2024-08-16,6.51362,3.709131,4.809503,3.605554,2.544207,2.150267
2024-08-19,6.57627,3.747133,4.86214,3.629059,2.561603,2.158066
2024-08-20,6.565402,3.736827,4.849684,3.6292,2.560044,2.159467
2024-08-21,6.588416,3.758405,4.877842,3.640107,2.57133,2.163878
2024-08-22,6.5351,3.726843,4.839419,3.616104,2.55397,2.154758
2024-08-23,6.605804,3.780949,4.90876,3.64672,2.581348,2.166368
2024-08-26,6.589567,3.763558,4.882402,3.639614,2.572885,2.163784
2024-08-27,6.59839,3.774508,4.900894,3.642697,2.577562,2.164877
2024-08-28,6.560671,3.752608,4.874856,3.628621,2.567561,2.160295
2024-08-29,6.561694,3.758083,4.877767,3.627009,2.568478,2.159183
2024-08-30,6.623448,3.785459,4.918866,3.645905,2.578232,2.164553
2024-09-03,6.489456,3.711063,4.826787,3.604753,2.550551,2.153782
2024-09-04,6.473345,3.703011,4.803855,3.605049,2.551391,2.155781
2024-09-05,6.457364,3.696571,4.803719,3.602697,2.550973,2.156122
2024-09-06,6.349838,3.63377,4.697745,3.566736,2.525315,2.145797
2024-09-09,6.421309,3.671128,4.759981,3.593509,2.542569,2.154667
2024-09-10,6.447774,3.674992,4.770197,3.607247,2.547461,2.16053
2024-09-11,6.513748,3.704944,4.813325,3.629584,2.559737,2.167243
2024-09-12,6.56975,3.736827,4.856525,3.647718,2.572318,2.172495
2024-09-13,6.604654,3.756473,4.86744,3.662789,2.582785,2.178405
2024-09-16,6.614627,3.770965,4.885946,3.669865,2.591569,2.181853
2024-09-17,6.617696,3.768711,4.871162,3.669142,2.589309,2.181139
2024-09-18,6.596215,3.758083,4.853499,3.657505,2.581787,2.176379
2024-09-19,6.711286,3.824749,4.950609,3.697718,2.610264,2.189
2024-09-20,6.698117,3.810432,4.944448,3.692937,2.604019,2.187731
2024-09-23,6.71461,3.822713,4.961653,3.697802,2.608616,2.18903
2024-09-24,6.733916,3.848569,4.959591,3.706165,2.620828,2.192197
2024-09-25,6.720235,3.8295,4.949799,3.696356,2.609052,2.187725
2024-09-26,6.746957,3.877009,5.004224,3.705695,2.629346,2.190625
2024-09-27,6.738222,3.865697,4.961864,3.706593,2.627366,2.192333
2024-09-30,6.767594,3.868606,4.98646,3.713805,2.626405,2.193693
2024-10-01,6.704363,3.844044,4.955058,3.695688,2.618787,2.189446
2024-10-02,6.705519,3.849861,4.947565,3.69357,2.61945,2.188073
2024-10-03,6.692822,3.828531,4.935328,3.68319,2.606048,2.183141
2024-10-04,6.754513,3.862466,4.986275,3.695923,2.614171,2.18449
2024-10-07,6.693718,3.839195,4.93758,3.670715,2.60137,2.175569
2024-10-08,6.757076,3.84566,4.975375,3.694838,2.605562,2.183675
2024-10-09,6.803248,3.86085,4.992435,3.707372,2.60945,2.186516
2024-10-10,6.791834,3.854709,4.986608,3.702842,2.606436,2.185009
2024-10-11,6.832234,3.881211,5.010899,3.717141,2.617887,2.189845
2024-10-14,6.888152,3.900602,5.042789,3.735781,2.62552,2.195285
2024-10-15,6.835696,3.860527,4.986243,3.722673,2.612173,2.193041
2024-10-16,6.864425,3.879595,5.00971,3.734514,2.621618,2.197277
2024-10-17,6.865452,3.877656,5.00294,3.728389,2.616108,2.193498
2024-10-18,6.891872,3.896724,5.024199,3.738342,2.624774,2.197016
2024-10-21,6.881226,3.876686,4.995653,3.725617,2.609712,2.190404
2024-10-22,6.876482,3.867313,4.975163,3.724499,2.606099,2.190293
2024-10-23,6.813766,3.833701,4.914585,3.699341,2.5894,2.181475
2024-10-24,6.829155,3.843721,4.933578,3.706879,2.59524,2.184555
2024-10-25,6.826463,3.837257,4.932553,3.703237,2.590528,2.182857
2024-10-28,6.847751,3.857294,4.952882,3.709056,2.597917,2.18416
2024-10-29,6.858654,3.854063,4.971682,3.713946,2.597317,2.18615
2024-10-30,6.838005,3.839842,4.961967,3.70547,2.590332,2.183195
2024-10-31,6.703468,3.784253,4.884028,3.658274,2.566457,2.168621
2024-11-01,6.73258,3.799443,4.897618,3.663352,2.569267,2.168882
2024-11-04,6.71796,3.797504,4.891086,3.663483,2.572222,2.170686
2024-11-05,6.79876,3.843398,4.954096,3.694971,2.594173,2.181472
2024-11-06,6.968055,3.893816,5.049592,3.743294,2.607883,2.193248
2024-11-07,7.022307,3.93486,5.09009,3.772009,2.63246,2.205261
2024-11-08,7.053344,3.923872,5.095604,3.785385,2.629593,2.210541
2024-11-11,7.059117,3.928397,5.102011,3.784872,2.629699,2.209528
2024-11-12,7.037953,3.897048,5.069099,3.769528,2.610568,2.202364
2024-11-13,7.041544,3.888968,5.055974,3.77024,2.606725,2.202553
2024-11-14,6.996784,3.86893,5.033927,3.754237,2.597905,2.197472
2024-11-15,6.906493,3.83047,4.979741,3.723045,2.581737,2.188104
2024-11-18,6.935094,3.853093,5.002547,3.734305,2.592314,2.192061
2024-11-19,6.960359,3.863112,5.013908,3.745483,2.59829,2.196466
2024-11-20,6.962926,3.862142,5.005381,3.744934,2.596832,2.195915
2024-11-21,6.998067,3.880564,5.027687,3.756492,2.604179,2.199348
2024-11-22,7.021536,3.89737,5.049562,3.765235,2.611749,2.202435
2024-11-25,7.04411,3.913853,5.070768,3.785229,2.627531,2.21247
2024-11-26,7.083613,3.916438,5.084704,3.796685,2.626939,2.215298
2024-11-27,7.061041,3.91159,5.069033,3.79241,2.627477,2.215298
2024-11-29,7.098234,3.941001,5.12444,3.810286,2.643562,2.222499
2024-12-02,7.118242,3.949404,5.151801,3.818057,2.647715,2.225326
2024-12-03,7.119909,3.955868,5.172643,3.815559,2.648251,2.22373
2024-12-04,7.164796,3.972028,5.188433,3.835776,2.658425,2.231483
2024-12-05,7.15287,3.972674,5.179567,3.83179,2.658832,2.23037
2024-12-06,7.167105,3.977522,5.188268,3.840389,2.66352,2.234439
2024-12-09,7.129784,3.969442,5.156313,3.823359,2.65719,2.227982
2024-12-10,7.109521,3.944233,5.138106,3.814829,2.645375,2.22502
2024-12-11,7.163387,3.97429,5.186107,3.830753,2.65612,2.229133
2024-12-12,7.126449,3.947465,5.152774,3.812589,2.640867,2.221998
2024-12-13,7.125937,3.94294,5.136099,3.807155,2.63514,2.218885
2024-12-16,7.153895,3.948112,5.143743,3.818375,2.638396,2.222887
2024-12-17,7.123884,3.931628,5.123163,3.808069,2.631485,2.219812
2024-12-18,6.914702,3.815603,4.978614,3.724638,2.574466,2.1907
2024-12-19,6.912136,3.814956,4.981475,3.720117,2.571573,2.18826
2024-12-20,6.990372,3.845792,5.019162,3.751444,2.587623,2.1995
2024-12-23,7.040409,3.866957,5.051197,3.764762,2.593654,2.202341
2024-12-24,7.112848,3.897564,5.088634,3.79195,2.60808,2.211502
2024-12-26,7.112719,3.902123,5.104022,3.792814,2.610684,2.21219
2024-12-27,7.038993,3.871515,5.075339,3.764322,2.595641,2.202772
2024-12-30,6.960636,3.83407,5.022534,3.742029,2.583321,2.197431
2024-12-31,6.932588,3.825278,5.006523,3.730047,2.577991,2.19317
2025-01-02,6.915218,3.817463,4.995547,3.724522,2.575046,2.191762
2025-01-03,7.004513,3.856862,5.04674,3.751514,2.589704,2.199227
2025-01-06,7.045298,3.880632,5.070719,3.763244,2.598322,2.202324
2025-01-07,6.966042,3.842536,5.027062,3.732455,2.579323,2.191885
2025-01-08,6.975433,3.843838,5.028009,3.737146,2.580996,2.193897
2025-01-10,6.869285,3.782298,4.932734,3.695181,2.550791,2.179511
2025-01-13,6.878164,3.7836,4.94125,3.696601,2.550316,2.179574
2025-01-14,6.886913,3.796624,4.942766,3.700464,2.556303,2.181158
2025-01-15,7.012875,3.854583,5.02838,3.752974,2.587922,2.200154
2025-01-16,7.002453,3.858165,5.013717,3.752505,2.591376,2.200869
2025-01-17,7.069616,3.890401,5.05506,3.774623,2.604709,2.207858
2025-01-21,7.133947,3.937614,5.113311,3.799762,2.626824,2.216534
2025-01-22,7.174478,3.947708,5.132017,3.809753,2.628762,2.218704
2025-01-23,7.214235,3.968873,5.164869,3.820323,2.635753,2.221144
2025-01-24,7.19249,3.969198,5.168634,3.816195,2.637889,2.22107
2025-01-27,7.092389,3.923938,5.101465,3.791716,2.625012,2.216254
2025-01-28,7.151832,3.949336,5.144272,3.810097,2.634718,2.221419
2025-01-29,7.120438,3.937288,5.1237,3.799124,2.629269,2.218018
2025-01-30,7.157622,3.970501,5.165316,3.813211,2.644143,2.222845
2025-01-31,7.11941,3.942172,5.127877,3.798791,2.631246,2.218208
2025-02-03,7.072704,3.911239,5.089722,3.785048,2.619661,2.21475
2025-02-04,7.119667,3.947708,5.127112,3.802303,2.635857,2.220438
2025-02-05,7.148873,3.968547,5.160891,3.819428,2.649606,2.227811
2025-02-06,7.174606,3.981571,5.180166,3.826081,2.653728,2.229424
2025-02-07,7.104871,3.949336,5.124327,3.798976,2.637521,2.220248
2025-02-10,7.155694,3.975385,5.156066,3.815815,2.648351,2.225397
2025-02-11,7.162127,3.977664,5.159095,3.815401,2.64755,2.224613
2025-02-12,7.138451,3.973757,5.13102,3.800062,2.640654,2.217911
2025-02-13,7.213849,4.016738,5.196879,3.833362,2.664226,2.230481
2025-02-14,7.214106,4.020971,5.19947,3.838224,2.669243,2.233535
2025-02-18,7.23495,4.0366,5.226336,3.83935,2.67169,2.23236
2025-02-19,7.252448,4.031716,5.22445,3.847082,2.67115,2.235318
2025-02-20,7.221955,4.02618,5.211043,3.839098,2.670202,2.233664
2025-02-21,7.099079,3.969524,5.135041,3.806038,2.651868,2.226109
2025-02-24,7.065499,3.949987,5.111127,3.797264,2.645398,2.224211
2025-02-25,7.030373,3.945429,5.108796,3.79547,2.650161,2.226495
2025-02-26,7.034747,3.95129,5.111903,3.799169,2.654113,2.2284
2025-02-27,6.921781,3.891703,5.043372,3.760793,2.628704,2.21663
2025-02-28,7.029344,3.925892,5.085911,3.801994,2.646994,2.230793
2025-03-03,6.90827,3.884213,5.041236,3.766389,2.63256,2.22149
2025-03-04,6.825024,3.855886,4.986393,3.735111,2.61807,2.211
2025-03-05,6.90158,3.919705,5.058876,3.754433,2.640153,2.215163
2025-03-06,6.776389,3.861421,4.983493,3.712726,2.6157,2.202596
2025-03-07,6.812929,3.885842,5.014494,3.722868,2.624431,2.205379
2025-03-10,6.632799,3.786856,4.890083,3.671742,2.589267,2.192493
2025-03-11,6.578373,3.771553,4.853168,3.648319,2.57904,2.183957
2025-03-12,6.610283,3.792066,4.897483,3.655505,2.585181,2.185224
2025-03-13,6.523948,3.747132,4.848011,3.632189,2.570164,2.179857
2025-03-14,6.657889,3.824953,4.94012,3.671723,2.599067,2.190531
2025-03-17,6.708711,3.863049,4.982369,3.690231,2.615927,2.196734
2025-03-18,6.637945,3.835372,4.942111,3.669028,2.605877,2.190986
2025-03-19,6.707681,3.866957,4.995491,3.696149,2.62183,2.200387
2025-03-20,6.692242,3.85035,4.979185,3.691785,2.615541,2.199432
2025-03-21,6.693915,3.841693,4.980255,3.691075,2.611173,2.199072
2025-03-24,6.811385,3.890368,5.036079,3.722369,2.626263,2.206318
2025-03-25,6.827599,3.897881,5.055683,3.729483,2.6306,2.209035
2025-03-26,6.747954,3.855413,4.99461,3.700411,2.611107,2.199573
2025-03-27,6.729387,3.851167,4.982984,3.693786,2.608956,2.197585
2025-03-28,6.594984,3.783545,4.883038,3.659105,2.587639,2.190172
2025-03-31,6.635137,3.787792,4.888581,3.674789,2.591231,2.195584
2025-04-01,6.659538,3.800206,4.892869,3.687484,2.59958,2.200887
2025-04-02,6.699691,3.822746,4.913621,3.699205,2.607835,2.204039
2025-04-03,6.380142,3.671822,4.689187,3.603885,2.552245,2.178403
2025-04-04,6.01037,3.45295,4.414978,3.485644,2.464529,2.144199
2025-04-07,5.985064,3.411463,4.397932,3.458859,2.434874,2.130916
2025-04-08,5.89701,3.369975,4.360785,3.421623,2.412011,2.117522
2025-04-09,6.443924,3.658102,4.742239,3.601917,2.531081,2.171616
2025-04-10,6.223919,3.55618,4.583574,3.518694,2.481447,2.143634
2025-04-11,6.333534,3.629682,4.674787,3.552445,2.510039,2.153363
2025-04-14,6.397186,3.663982,4.731129,3.581586,2.529848,2.164459
2025-04-15,6.379239,3.667576,4.734131,3.57955,2.533904,2.165113
2025-04-16,6.239025,3.613021,4.648466,3.53842,2.514715,2.154314
2025-04-17,6.247675,3.631969,4.681691,3.53787,2.520071,2.153458
2025-04-21,6.09881,3.57578,4.603058,3.481401,2.491548,2.134455
2025-04-22,6.25271,3.653855,4.711075,3.533852,2.525026,2.150688
2025-04-23,6.353159,3.70057,4.766567,3.569449,2.546101,2.16223
2025-04-24,6.48666,3.764925,4.851967,3.621163,2.578073,2.179968
2025-04-25,6.53443,3.782892,4.887082,3.641618,2.588814,2.187753
2025-04-28,6.538433,3.793672,4.9108,3.646675,2.595779,2.190421
2025-04-29,6.578069,3.810986,4.937106,3.663456,2.605533,2.196528
2025-04-30,6.581297,3.809026,4.925543,3.663454,2.604016,2.196292
2025-05-01,6.627907,3.822746,4.943297,3.674237,2.606611,2.198366
2025-05-02,6.722932,3.889388,5.007452,3.697395,2.628362,2.203177
2025-05-05,6.687814,3.880894,5.000876,3.683949,2.623475,2.198604
2025-05-06,6.630876,3.859007,4.972979,3.668904,2.616937,2.19531
2025-05-07,6.660831,3.86162,4.978062,3.681521,2.620025,2.199886
2025-05-08,6.705244,3.875014,4.997166,3.687694,2.61979,2.199441
2025-05-09,6.696336,3.880568,4.996687,3.686074,2.622908,2.199554
2025-05-12,6.919309,3.97661,5.127108,3.752886,2.658153,2.217669
2025-05-13,6.964757,3.99621,5.13779,3.766943,2.665651,2.221766
2025-05-14,6.973408,3.99621,5.124272,3.764495,2.662026,2.219503
2025-05-15,7.007622,4.018751,5.160584,3.783732,2.676804,2.227643
2025-05-16,7.052811,4.038351,5.187684,3.799384,2.685462,2.232848
2025-05-19,7.060041,4.049458,5.193129,3.801301,2.689667,2.233289
2025-05-20,7.034994,4.045212,5.189856,3.79048,2.686063,2.229449
2025-05-21,6.917374,3.994577,5.115171,3.743032,2.659045,2.212783
2025-05-22,6.920602,3.991637,5.118145,3.748269,2.660755,2.215704
2025-05-23,6.873862,3.98249,5.10927,3.735473,2.658648,2.21291
2025-05-27,7.015111,4.047171,5.223637,3.788249,2.689757,2.230537
2025-05-28,6.975086,4.019404,5.173429,3.771959,2.676199,2.224829
2025-05-29,7.001941,4.035738,5.196402,3.786091,2.68658,2.230665
2025-05-30,6.994711,4.030184,5.194759,3.786691,2.686362,2.231924
2025-06-02,7.03538,4.056972,5.2359,3.796467,2.694876,2.233926
2025-06-03,7.075276,4.067425,5.235722,3.807676,2.697943,2.236875
2025-06-04,7.070757,4.076899,5.232319,3.815685,2.708324,2.242018
2025-06-05,7.037704,4.065792,5.200173,3.802058,2.701792,2.237215
2025-06-06,7.10962,4.097479,5.246156,3.817091,2.708942,2.239443
2025-06-09,7.117236,4.10434,5.252468,3.821867,2.713319,2.241675
2025-06-10,7.157779,4.12394,5.271851,3.837915,2.723289,2.247337
2025-06-11,7.138023,4.1161,5.257164,3.83637,2.723462,2.248307
2025-06-12,7.165008,4.13374,5.282887,3.850772,2.73453,2.254289
2025-06-13,7.085218,4.081799,5.228897,3.819516,2.709725,2.243775
2025-06-16,7.153646,4.117406,5.266678,3.838683,2.722099,2.248548
2025-06-17,7.092705,4.077226,5.216247,3.82383,2.709183,2.245748
2025-06-18,7.091285,4.079512,5.232889,3.824212,2.710691,2.246255
2025-06-20,7.07166,4.061623,5.193881,3.818923,2.704178,2.245154
2025-06-23,7.144479,4.100356,5.236566,3.846243,2.722473,2.254454
2025-06-24,7.222979,4.151889,5.292494,3.87624,2.746531,2.264642
2025-06-25,7.226594,4.144667,5.287559,3.877829,2.743899,2.265306
2025-06-26,7.28379,4.1834,5.350977,3.900732,2.76263,2.273419
2025-06-27,7.319941,4.201453,5.398793,3.908837,2.767463,2.275043
2025-06-30,7.356527,4.218521,5.410305,3.926763,2.778591,2.282186
2025-07-01,7.35316,4.218849,5.396201,3.924514,2.777921,2.2813
2025-07-02,7.385796,4.237887,5.413607,3.933371,2.784458,2.283483
2025-07-03,7.449645,4.260208,5.44905,3.950205,2.790865,2.287685
2025-07-07,7.38994,4.221475,5.378727,3.925843,2.771685,2.279099
2025-07-08,7.385019,4.230338,5.384581,3.923409,2.774689,2.278135
2025-07-09,7.428793,4.255612,5.409196,3.943678,2.789151,2.285974
2025-07-10,7.450551,4.26349,5.412082,3.95092,2.792485,2.288313
2025-07-11,7.423743,4.242154,5.38545,3.935923,2.779471,2.282184
2025-07-14,7.438377,4.249704,5.393977,3.940441,2.782381,2.283525
2025-07-15,7.406129,4.22804,5.361437,3.925376,2.770402,2.277799
2025-07-16,7.430477,4.244781,5.381189,3.936199,2.779221,2.282
2025-07-17,7.475028,4.266444,5.41206,3.951018,2.78828,2.286484
2025-07-18,7.471661,4.262833,5.39728,3.952464,2.78857,2.287948
2025-07-21,7.485001,4.273337,5.422063,3.961208,2.795886,2.291973
2025-07-22,7.485001,4.285154,5.430405,3.963741,2.80242,2.293537
2025-07-23,7.548589,4.334389,5.541696,3.981124,2.820158,2.297793
2025-07-24,7.553771,4.3229,5.545669,3.980899,2.814195,2.297168
2025-07-25,7.583817,4.332092,5.541248,3.994408,2.820542,2.302481
2025-07-28,7.582004,4.310429,5.508541,3.991289,2.810023,2.300891
2025-07-29,7.562318,4.302551,5.489794,3.992949,2.812381,2.303813
2025-07-30,7.553123,4.287451,5.487398,3.985967,2.803496,2.300652
2025-07-31,7.52476,4.264803,5.46494,3.977012,2.794476,2.298153
2025-08-01,7.400819,4.214911,5.412411,3.950346,2.783538,2.294532
2025-08-04,7.513363,4.273994,5.496828,3.987774,2.808183,2.30593
2025-08-05,7.477229,4.265459,5.472694,3.976733,2.805168,2.302869
2025-08-06,7.53279,4.29336,5.523336,3.993417,2.815582,2.307625
2025-08-07,7.528257,4.301238,5.534345,3.991317,2.818331,2.30682
2025-08-08,7.585889,4.326512,5.593024,4.006552,2.826217,2.310526
2025-08-11,7.570346,4.315024,5.582008,4.002589,2.822299,2.309745
2025-08-12,7.651161,4.366557,5.65534,4.028916,2.843302,2.317628
2025-08-13,7.677841,4.388549,5.669733,4.043257,2.856157,2.323604
2025-08-14,7.67797,4.378045,5.659202,4.03885,2.848831,2.321072
2025-08-15,7.661393,4.378045,5.681256,4.031376,2.847367,2.318544
2025-08-18,7.658674,4.380343,5.683263,4.028802,2.847125,2.317288
2025-08-19,7.616841,4.36032,5.655796,4.018249,2.841071,2.315203
2025-08-20,7.596768,4.35474,5.637078,4.012821,2.839545,2.314065
2025-08-21,7.566851,4.338985,5.600757,3.999341,2.830533,2.308977
2025-08-22,7.682632,4.413166,5.689065,4.044593,2.865974,2.324818
2025-08-25,7.650126,4.384282,5.650758,4.03197,2.852819,2.320554
2025-08-26,7.680689,4.39577,5.663282,4.043754,2.858787,2.324656
2025-08-27,7.698303,4.397739,5.665651,4.050928,2.860609,2.327277
2025-08-28,7.725501,4.415136,5.694285,4.061624,2.868968,2.331059
2025-08-29,7.680948,4.390846,5.648984,4.04532,2.857819,2.325995
2025-09-02,7.624353,4.359335,5.617434,4.023694,2.842759,2.318813
2025-09-03,7.663335,4.37542,5.632186,4.041392,2.852795,2.325595
2025-09-04,7.726406,4.406602,5.682117,4.067724,2.869529,2.335241
2025-09-05,7.705297,4.410869,5.681588,4.068341,2.876399,2.337833
2025-09-08,7.725241,4.434831,5.731805,4.079886,2.889623,2.342804
2025-09-09,7.74402,4.439098,5.721009,4.082979,2.889293,2.342913
2025-09-10,7.766424,4.448616,5.739103,4.092982,2.895055,2.346743
2025-09-11,7.829756,4.4926,5.792772,4.116848,2.915208,2.354839
2025-09-12,7.828071,4.483738,5.779295,4.114391,2.910298,2.353775
2025-09-15,7.868867,4.509012,5.813227,4.13055,2.922584,2.359479
2025-09-16,7.858506,4.507371,5.807987,4.127414,2.922067,2.358693
2025-09-17,7.84944,4.500806,5.799345,4.121722,2.9175,2.356279
2025-09-18,7.886349,4.521814,5.825223,4.129612,2.923211,2.357486
2025-09-19,7.923132,4.528006,5.828042,4.142136,2.926158,2.361655
2025-09-22,7.961725,4.546451,5.857928,4.151633,2.931566,2.363648
2025-09-23,7.920023,4.529324,5.833233,4.141343,2.926838,2.361558
2025-09-24,7.893603,4.508902,5.814462,4.129618,2.916369,2.357318
2025-09-25,7.855916,4.48354,5.786612,4.115739,2.904929,2.352734
2025-09-26,7.90215,4.507914,5.809541,4.13068,2.914793,2.357352
2025-09-29,7.924361,4.525042,5.82235,4.141895,2.924517,2.361914
2025-09-30,7.953584,4.538876,5.830364,4.150701,2.929676,2.364317
2025-10-01,7.982027,4.562262,5.844747,4.16388,2.941897,2.369524
2025-10-02,7.990859,4.56885,5.84786,4.16844,2.945743,2.371441
2025-10-03,7.991508,4.581037,5.884938,4.16673,2.949348,2.370522
2025-10-06,8.018783,4.597506,5.932324,4.171921,2.953508,2.371131
2025-10-07,7.99021,4.569179,5.88834,4.165671,2.944107,2.37017
2025-10-08,8.036577,4.593882,5.907053,4.180655,2.954105,2.374727
2025-10-09,8.014887,4.569837,5.891575,4.17258,2.943636,2.372038
2025-10-10,7.799416,4.451919,5.710695,4.109131,2.900186,2.355485
2025-10-13,7.917607,4.523065,5.791429,4.149884,2.93075,2.368303
2025-10-14,7.906436,4.52076,5.80269,4.148619,2.931438,2.36862
2025-10-15,7.941245,4.546123,5.848474,4.158802,2.940966,2.371377
2025-10-16,7.888774,4.533935,5.827802,4.147815,2.94016,2.369975
2025-10-17,7.932543,4.548099,5.860081,4.159827,2.944419,2.37303
2025-10-20,8.015795,4.593224,5.9369,4.188863,2.964156,2.382349
2025-10-21,8.014757,4.581366,5.914506,4.190446,2.960683,2.383379
2025-10-22,7.974234,4.561603,5.885222,4.177351,2.952685,2.379674
2025-10-23,8.019302,4.591577,5.908913,4.188717,2.962605,2.382152
2025-10-24,8.085671,4.620562,5.948787,4.212296,2.97581,2.389939
2025-10-27,8.182432,4.666676,6.020939,4.244418,2.995063,2.399642
2025-10-28,8.204381,4.669969,6.041057,4.252364,2.996985,2.402305
2025-10-29,8.207758,4.663712,6.026983,4.245567,2.988999,2.398207
2025-10-30,8.120609,4.622538,5.982462,4.214633,2.970419,2.388289
2025-10-31,8.143986,4.630774,5.999695,4.221761,2.973458,2.390409
2025-11-03,8.159963,4.636373,6.012058,4.225085,2.974452,2.390943
2025-11-04,8.06541,4.578072,5.945982,4.195385,2.951448,2.38253
2025-11-05,8.089697,4.603105,5.957587,4.198742,2.958474,2.382271
2025-11-06,8.003717,4.561933,5.917716,4.177159,2.946099,2.37782
2025-11-07,8.012159,4.572802,5.929425,4.179032,2.949906,2.378342
2025-11-10,8.136583,4.636702,6.001137,4.218813,2.975472,2.39007
2025-11-11,8.155286,4.649218,6.012172,4.229348,2.983644,2.394417
2025-11-12,8.159313,4.660418,6.027511,4.230008,2.987732,2.394497
2025-11-13,8.026445,4.587953,5.930337,4.182365,2.955151,2.379169
2025-11-14,8.024368,4.586306,5.951156,4.179341,2.952858,2.377884
2025-11-17,7.949167,4.535911,5.879084,4.155895,2.933053,2.371237
2025-11-18,7.883708,4.501985,5.80788,4.136025,2.92021,2.365917
2025-11-19,7.912281,4.506597,5.820074,4.144617,2.921633,2.368257
2025-11-20,7.792272,4.437755,5.732559,4.108188,2.895397,2.358379
2025-11-21,7.86981,4.484527,5.810096,4.137094,2.916989,2.368166
2025-11-24,7.986833,4.538876,5.881672,4.177692,2.940907,2.380929
2025-11-25,8.061123,4.581037,5.923297,4.205335,2.960485,2.390281
2025-11-26,8.116843,4.618586,5.981685,4.225053,2.976865,2.396661
2025-11-28,8.161781,4.640654,5.998773,4.237008,2.984022,2.399647
2025-12-01,8.124246,4.618586,5.96897,4.218634,2.970774,2.392485
2025-12-02,8.138013,4.627149,5.974579,4.224586,2.975278,2.394902
2025-12-03,8.166457,4.646254,5.992119,4.236138,2.984642,2.39907
2025-12-04,8.17334,4.653501,6.018372,4.235358,2.985498,2.398032
2025-12-05,8.188666,4.662723,6.027925,4.23838,2.987895,2.398501
2025-12-08,8.164378,4.64856,6.004144,4.22817,2.980531,2.394878
2025-12-09,8.157754,4.64329,6.0035,4.224957,2.977657,2.393766
2025-12-10,8.210485,4.682816,6.043693,4.246718,2.996918,2.401558
2025-12-11,8.230617,4.695661,6.060863,4.253224,3.002116,2.403547
2025-12-12,8.141779,4.651524,6.010979,4.21958,2.980841,2.392494
2025-12-15,8.129961,4.651524,6.024618,4.217692,2.982176,2.392507
2025-12-16,8.107231,4.633737,5.990693,4.213351,2.977054,2.392188
2025-12-17,8.018134,4.591247,5.919676,4.184129,2.959561,2.383538
2025-12-18,8.078657,4.625833,5.955661,4.207068,2.975895,2.391394
2025-12-19,8.150741,4.664845,6.00638,4.227994,2.990047,2.397079
2025-12-22,8.202071,4.692734,6.02953,4.244151,3.001037,2.401707
2025-12-23,8.240364,4.714979,6.064799,4.256311,3.009891,2.405221
2025-12-24,8.267846,4.7266,6.075421,4.269067,3.017273,2.410339
2025-12-26,8.268628,4.731248,6.075115,4.26932,3.019155,2.410638
2025-12-29,8.239453,4.714979,6.063168,4.26226,3.014208,2.409258
2025-12-30,8.227991,4.713983,6.054799,4.25791,3.013358,2.407863
2025-12-31,8.168207,4.683437,6.018955,4.234285,2.998019,2.39972
2026-01-02,8.183446,4.717968,6.04046,4.238563,3.011547,2.401088
2026-01-05,8.23763,4.75781,6.108563,4.258607,3.029084,2.407674
2026-01-06,8.286472,4.785699,6.132463,4.273786,3.039765,2.412052
2026-01-07,8.259901,4.765777,6.115391,4.267361,3.033437,2.410908
2026-01-08,8.258469,4.769099,6.113314,4.263938,3.032594,2.409096
2026-01-09,8.313824,4.80064,6.180908,4.284805,3.047277,2.416201
2026-01-12,8.327239,4.822221,6.202991,4.287371,3.054403,2.416553
2026-01-13,8.310177,4.804292,6.175459,4.283443,3.048513,2.415908
2026-01-14,8.269931,4.800972,6.16781,4.27437,3.049682,2.41439
2026-01-15,8.291811,4.811928,6.187582,4.278651,3.052089,2.414889
2026-01-16,8.284909,4.811928,6.185353,4.273758,3.050136,2.41304
2026-01-20,8.116369,4.729588,6.059055,4.215199,3.014208,2.394702
2026-01-21,8.209365,4.785035,6.130723,4.248908,3.03886,2.405691
2026-01-22,8.252086,4.811596,6.154579,4.262871,3.049521,2.409919
2026-01-23,8.255473,4.820892,6.149645,4.265755,3.054383,2.411492
2026-01-26,8.297934,4.842142,6.173144,4.281012,3.063986,2.416397
2026-01-27,8.331928,4.882316,6.217668,4.290202,3.078396,2.41869
2026-01-28,8.330626,4.874015,6.202958,4.28911,3.074728,2.418264
2026-01-29,8.313303,4.87136,6.213615,4.283956,3.073874,2.417027
2026-01-30,8.286602,4.829193,6.191575,4.274971,3.057237,2.414445
2026-02-02,8.331667,4.852434,6.218648,4.287253,3.064913,2.417546
2026-02-03,8.259641,4.834505,6.199035,4.265329,3.058373,2.411467
2026-02-04,8.217441,4.818569,6.195278,4.251525,3.05178,2.40752
2026-02-05,8.115717,4.760133,6.111747,4.227264,3.034623,2.40273
2026-02-06,8.273838,4.862727,6.266975,4.276633,3.074079,2.417016
2026-02-09,8.312781,4.902901,6.329209,4.289195,3.089792,2.420704
2026-02-10,8.289468,4.899913,6.357492,4.287005,3.092239,2.421594
2026-02-11,8.288295,4.913193,6.376271,4.283194,3.094876,2.419697
2026-02-12,8.159872,4.846126,6.296547,4.251096,3.07474,2.412818
2026-02-13,8.165082,4.858743,6.309934,4.257769,3.083163,2.416456
2026-02-17,8.179408,4.857083,6.273219,4.261992,3.082365,2.417666
2026-02-18,8.220567,4.880987,6.283567,4.272944,3.090214,2.420326
2026-02-19,8.199467,4.870031,6.268655,4.267076,3.086507,2.41886
2026-02-20,8.257948,4.912197,6.304887,4.285021,3.102493,2.424114
2026-02-23,8.17472,4.869035,6.260102,4.262832,3.088574,2.418871
2026-02-24,8.234373,4.903897,6.287359,4.280451,3.101273,2.423759
2026-02-25,8.303664,4.944071,6.350122,4.301525,3.116333,2.429677
2026-02-26,8.257036,4.927138,6.32692,4.289562,3.111643,2.427083
2026-02-27,8.219134,4.908546,6.304886,4.281229,3.106971,2.425857
2026-03-02,8.22226,4.878996,6.25815,4.275241,3.090709,2.422293
2026-03-03,8.149842,4.782379,6.145644,4.250892,3.052396,2.414953
2026-03-04,8.207933,4.822884,6.214874,4.267793,3.067091,2.419494
2026-03-05,8.164039,4.766774,6.132036,4.250234,3.042817,2.41349
2026-03-06,8.054892,4.712323,6.050685,4.214011,3.020326,2.402735
2026-03-09,8.124834,4.755817,6.106209,4.240586,3.040422,2.411712
2026-03-10,8.110767,4.755153,6.117211,4.230915,3.036402,2.407551
2026-03-11,8.101781,4.749177,6.096302,4.220517,3.02871,2.402452
2026-03-12,7.977655,4.666504,5.997854,4.175721,2.992627,2.38816
2026-03-13,7.933242,4.632307,5.956413,4.160306,2.978383,2.383575
2026-03-16,8.012692,4.697714,6.035565,4.191449,3.008018,2.394223
2026-03-17,8.034834,4.715311,6.047228,4.201786,3.017214,2.39821
2026-03-18,7.923993,4.642267,5.969236,4.160427,2.984327,2.384695
2026-03-19,7.902763,4.633303,5.956707,4.155673,2.982203,2.383871
2026-03-20,7.788015,4.536692,5.833248,4.106417,2.935542,2.366306
2026-03-23,7.872546,4.612569,5.929285,4.139139,2.969187,2.377481
2026-03-24,7.845844,4.589274,5.909473,4.126463,2.957154,2.37273
2026-03-25,7.888565,4.631539,5.9643,4.146191,2.977925,2.380066
2026-03-26,7.74868,4.540685,5.846568,4.092811,2.936089,2.362298
2026-03-27,7.616872,4.480116,5.749944,4.051849,2.912892,2.350934
2026-03-30,7.590348,4.465806,5.738245,4.052133,2.913469,2.353509
2026-03-31,7.807503,4.603251,5.915508,4.123304,2.968729,2.374712
2026-04-01,7.869566,4.648844,5.99303,4.143285,2.986683,2.380758
2026-04-02,7.878581,4.638195,5.971173,4.149786,2.985233,2.383807
2026-04-06,7.913597,4.661491,5.995504,4.158125,2.992348,2.385607
2026-04-07,7.918432,4.663487,5.996665,4.162171,2.99492,2.387553
2026-04-08,8.11834,4.811582,6.186853,4.227533,3.053939,2.406983
2026-04-09,8.166422,4.823896,6.185182,4.243169,3.059148,2.411688
2026-04-10,8.160934,4.824894,6.180341,4.238919,3.057723,2.410002
2026-04-13,8.240897,4.872151,6.22656,4.267469,3.078451,2.419136
2026-04-14,8.34059,4.928394,6.301688,4.302612,3.102948,2.430349
2026-04-15,8.407226,4.946033,6.328543,4.321008,3.108061,2.434984
2026-04-16,8.425648,4.95169,6.345637,4.32419,3.10842,2.435244
2026-04-17,8.52913,5.019913,6.416485,4.363054,3.139313,2.44839
2026-04-20,8.512928,5.007932,6.388951,4.356863,3.133903,2.446388
2026-04-21,8.456876,4.950691,6.311194,4.334125,3.108202,2.438521
2026-04-22,8.543764,4.995286,6.369903,4.362977,3.126595,2.447217
2026-04-23,8.50927,4.963671,6.336706,4.349251,3.112351,2.442637
2026-04-24,8.576689,5.003273,6.377111,4.373209,3.129654,2.450433
2026-04-27,8.590801,5.002608,6.392424,4.37482,3.127428,2.450183
2026-04-28,8.548468,4.973988,6.367877,4.361202,3.116139,2.446274
2026-04-29,8.548206,4.956682,6.351031,4.35349,3.104089,2.441929
2026-04-30,8.631044,5.031894,6.444856,4.381777,3.134701,2.450741
2026-05-01,8.656392,5.039881,6.440129,4.39202,3.139442,2.454551
2026-05-04,8.625033,5.010595,6.419915,4.376475,3.124105,2.448665
2026-05-05,8.692715,5.062511,6.480286,4.400524,3.146131,2.456411
2026-05-06,8.81501,5.160353,6.597396,4.445721,3.188713,2.47117
2026-05-07,8.787311,5.115759,6.56771,4.432705,3.168502,2.466394
2026-05-08,8.859173,5.164347,6.632246,4.459445,3.190243,2.475376
2026-05-11,8.878511,5.169007,6.64313,4.461279,3.18906,2.474872
2026-05-12,8.867404,5.136725,6.632934,4.452724,3.17307,2.471083
2026-05-13,8.916271,5.171668,6.681133,4.468606,3.186948,2.475778
2026-05-14,8.985781,5.192302,6.694099,4.489743,3.194521,2.481793
2026-05-15,8.877466,5.109103,6.616075,4.446339,3.155733,2.466899
2026-05-18,8.87054,5.115426,6.609154,4.443027,3.157331,2.465632
2026-05-19,8.814097,5.079484,6.565953,4.419918,3.139609,2.457669
2026-05-20,8.905296,5.146043,6.633574,4.457539,3.171694,2.471113
2026-05-21,8.92189,5.165346,6.645713,4.464552,3.180405,2.473625
2026-05-22,8.957298,5.177327,6.669355,4.47718,3.186148,2.477821
2026-05-26,9.015572,5.237563,6.728208,4.500161,3.212679,2.48587
2026-05-27,9.014918,5.230241,6.714279,4.501582,3.211029,2.486812
2026-05-28,9.066528,5.253869,6.75008,4.520868,3.222386,2.493274
2026-05-29,9.087172,5.262189,6.76654,4.528212,3.226232,2.495856
2026-06-01,9.110822,5.278164,6.778091,4.534793,3.231804,2.497575
2026-06-02,9.123366,5.303124,6.799055,4.539157,3.241694,2.498863
2026-06-03,9.059342,5.256532,6.773996,4.516002,3.221534,2.491541
2026-06-04,9.09462,5.276167,6.796457,4.529293,3.230708,2.495965
2026-06-05,8.858651,5.114428,6.598555,4.44828,3.163306,2.471162
2026-06-08,8.880601,5.141052,6.637302,4.454636,3.173172,2.472911
2026-06-09,8.854732,5.135061,6.601654,4.450321,3.173524,2.472743
2026-06-10,8.715579,5.055856,6.492769,4.40568,3.142197,2.459784
2026-06-11,8.861655,5.178658,6.632638,4.460852,3.196175,2.47826
2026-06-12,8.910261,5.201288,6.669561,4.473862,3.203353,2.481591
2026-06-15,9.065483,5.282158,6.79123,4.523497,3.235318,2.496046
2026-06-16,9.012174,5.257864,6.76503,4.509491,3.227833,2.492884
2026-06-17,8.903205,5.205282,6.716119,4.469342,3.203229,2.479811
2026-06-18,8.990746,5.265836,6.801899,4.501202,3.229729,2.490474
2026-06-22,8.964484,5.262495,6.804235,4.488385,3.225141,2.485525
2026-06-23,8.836962,5.154614,6.643808,4.450618,3.185147,2.475435
2026-06-24,8.828469,5.152276,6.636283,4.45566,3.18971,2.479119
2026-06-25,8.82873,5.171982,6.653892,4.456905,3.198084,2.479881
2026-06-26,8.783024,5.141922,6.617059,4.444331,3.187729,2.477021
2026-06-29,8.923891,5.204714,6.699028,4.489039,3.212439,2.490028
2026-06-30,8.999893,5.242122,6.739642,4.505674,3.221804,2.492762
2026-07-01,8.982203,5.214399,6.725574,4.497701,3.209428,2.490027
2026-07-02,8.974079,5.21607,6.723392,4.496344,3.210897,2.490294
2026-07-06,9.049819,5.270845,6.810243,4.520582,3.232373,2.497277
2026-07-07,9.003432,5.221747,6.73699,4.499394,3.208757,2.489518
2026-07-08,8.979583,5.204045,6.712794,4.488479,3.199488,2.485434
2026-07-09,9.050737,5.243791,6.771513,4.513627,3.216868,2.493497
2026-07-10,9.092276,5.264834,6.816051,4.525135,3.223931,2.49668
2026-07-13,9.022039,5.204045,6.738764,4.497002,3.19617,2.486926
2026-07-14,9.056109,5.236443,6.782578,4.51226,3.211896,2.492651
2026-07-15,9.09149,5.253477,6.792122,4.526058,3.220412,2.497433
2026-07-16,9.04353,5.214734,6.731722,4.51092,3.205407,2.493159
2026-07-17,8.952195,5.169644,6.652718,4.483705,3.188968,2.485942
2026-07-20,8.939616,5.153278,6.644875,4.475591,3.179713,2.482533
2026-07-21,9.013784,5.215068,6.734946,4.494903,3.200723,2.486945
2026-07-22,9.002777,5.21106,6.716938,4.48868,3.197197,2.484549
2026-07-23,8.892441,5.153946,6.63551,4.450888,3.172833,2.472852
2026-07-24,8.899387,5.150272,6.641562,4.454448,3.172422,2.474498
2026-07-27,8.901614,5.158622,6.649434,4.458644,3.178109,2.476759
2026-07-28,8.923236,5.155282,6.62297,4.469567,3.179817,2.481124
2026-07-29,8.787872,5.08414,6.542275,4.421428,3.148256,2.465849
2026-07-30,8.934112,5.192022,6.706102,4.467808,3.190237,2.47933
2026-07-31,8.997797,5.205716,6.718845,4.483162,3.192329,2.482663
2026-08-03,9.12556,5.264166,6.796509,4.526898,3.217579,2.496297
2026-08-04,9.290407,5.359021,6.919768,4.584923,3.258736,2.514658
2026-08-05,9.272323,5.349669,6.922745,4.579772,3.255488,2.513412
2026-08-06,9.256599,5.341319,6.914397,4.569964,3.248793,2.5094
2026-08-07,9.313077,5.387411,6.982783,4.591031,3.268944,2.516604
2026-08-10,9.312291,5.37639,6.963334,4.584927,3.260559,2.513216
2026-08-11,9.283069,5.37138,6.953388,4.577252,3.25964,2.511521
2026-08-12,9.306,5.395093,6.999064,4.586019,3.269887,2.51463
2026-08-13,9.368638,5.423817,7.046662,4.610172,3.284219,2.522798
2026-08-14,9.351078,5.419141,7.031764,4.600731,3.279597,2.519156
2026-08-17,9.307311,5.405113,7.008254,4.583615,3.271727,2.513473
2026-08-18,9.243495,5.345996,6.912555,4.565189,3.250084,2.508733
2026-08-19,9.263282,5.367371,6.909561,4.579306,3.263933,2.515069
2026-08-20,9.185969,5.341653,6.858189,4.550124,3.250419,2.505343
2026-08-21,9.22135,5.369709,6.896856,4.558541,3.259333,2.507238
2026-08-24,9.196714,5.347332,6.87651,4.554166,3.253094,2.507009
2026-08-25,9.225412,5.377057,6.909036,4.570116,3.269474,2.513598
2026-08-26,9.227771,5.373049,6.905774,4.568739,3.26644,2.512692
2026-08-27,9.287393,5.39643,6.945765,4.586331,3.274729,2.517409
2026-08-28,9.267606,5.377725,6.936214,4.574791,3.263735,2.512774
2026-08-31,9.236812,5.362361,6.920527,4.563581,3.256685,2.509215
2026-09-01,9.176403,5.320945,6.874528,4.540174,3.237531,2.501353
2026-09-02,9.217418,5.347665,6.91409,4.553861,3.248433,2.505577
2026-09-03,9.313207,5.402775,7.005252,4.585981,3.271211,2.515502
2026-09-04,9.277696,5.401773,6.995417,4.575416,3.271161,2.512885
2026-09-08,9.226067,5.374719,6.961572,4.55796,3.259797,2.507622
2026-09-09,9.184134,5.340317,6.918399,4.541166,3.243948,2.501799
2026-09-10,9.128836,5.294893,6.877282,4.513162,3.218864,2.490883
2026-09-11,9.20628,5.341988,6.964789,4.536053,3.236065,2.497276
2026-09-14,9.163561,5.301573,6.920762,4.521601,3.219751,2.492849
2026-09-15,9.122939,5.278193,6.884988,4.508507,3.210463,2.489088
2026-09-16,9.084151,5.257486,6.866963,4.495512,3.201864,2.485141
2026-09-17,9.186231,5.31794,6.939869,4.535702,3.231033,2.499084
2026-09-18,9.196059,5.309166,6.924561,4.532406,3.223161,2.496513
2026-09-21,9.340202,5.387523,7.020544,4.581905,3.256512,2.512027
