Price,Close,High,Low,Open,Volume
Ticker,BND,BND,BND,BND,BND
Date,,,,,
2007-04-10,40.7978515625,40.808698603457586,40.667716029546966,40.70567239903052,35000
2007-04-11,40.68939971923828,40.82495875183026,40.68397619959326,40.75446954417844,87700
2007-04-12,40.683998107910156,40.71111158380249,40.64604172382224,40.70026453867132,78100
2007-04-13,40.618919372558594,40.70567502113776,40.58638238452392,40.68940859558756,18000
2007-04-16,40.656883239746094,40.66230262463907,40.635193289369106,40.66230262463907,52700
2007-04-17,40.7598876953125,40.7598876953125,40.72193133281095,40.754468312764594,25600
2007-04-18,40.83583068847656,40.84667773547886,40.80329782134229,40.80329782134229,30400
2007-04-19,40.81956481933594,40.86294473407234,40.80329838554388,40.86294473407234,59700
2007-04-20,40.80869674682617,40.84122959435082,40.78158328259976,40.83038669082054,32200
2007-04-23,40.86295700073242,40.90091340328682,40.78704419562362,40.81957707297379,43200
2007-04-24,40.92799758911133,40.93884049481898,40.743635096604145,40.8791941710903,77500
2007-04-25,40.89548110961914,40.96597451134672,40.87921467443177,40.90090463366051,264200
2007-04-26,40.80869674682617,40.87376244187546,40.80327322659413,40.87376244187546,68400
2007-04-27,40.7978515625,40.82496502795996,40.78158513799762,40.81954150748117,44800
2007-04-30,40.93342208862305,40.93342208862305,40.87919927943972,40.8954657085012,35900
2007-05-01,40.91008758544922,40.94810794734269,40.85034071048681,40.937246762762555,54800
2007-05-02,40.91548538208008,40.95893837118791,40.89375888752617,40.937211876633995,28900
2007-05-03,40.88835144042969,40.91551061134521,40.76885771865366,40.91551061134521,33800
2007-05-04,40.920928955078125,40.96438196017495,40.89920659643636,40.942655457626536,19200
2007-05-07,40.94810104370117,41.018709091339566,40.920941870966736,40.93180719762369,135500
2007-05-08,40.9534797668457,41.002361240695926,40.91545946143914,40.99693272842534,34000
2007-05-09,40.90464401245117,40.99155004155016,40.89378283076757,40.99155004155016,50200
2007-05-10,40.942665100097656,40.942665100097656,40.90464474766036,40.90464474766036,42000
2007-05-11,40.88835144042969,40.99155131721947,40.87749025840809,40.99155131721947,38200
2007-05-14,40.8612060546875,40.89922641659559,40.83404687736372,40.89922641659559,71200
2007-05-15,40.844879150390625,40.899197466589605,40.83401797349426,40.893764806188564,31600
2007-05-16,40.8612060546875,40.88292842385613,40.828614213117234,40.84490806194804,56600
2007-05-17,40.80144500732422,40.834032693666494,40.785147020245866,40.823171512854806,42700
2007-05-18,40.703651428222656,40.779692076351395,40.698218769383594,40.779692076351395,62200
2007-05-21,40.75797653198242,40.763409192280626,40.6710705428337,40.70909087710985,49400
2007-05-22,40.69280242919922,40.76341459071037,40.6765085900524,40.7579819296927,49800
2007-05-23,40.66022872924805,40.71454292637854,40.6167757139806,40.703681744515485,47200
2007-05-24,40.65476608276367,40.66563140052098,40.56786426022802,40.643904908910926,38600
2007-05-25,40.66022872924805,40.66566139213338,40.627641039751275,40.63306955872899,21100
2007-05-29,40.60587692260742,40.627603410117885,40.567856605440056,40.6113054365572,27900
2007-05-30,40.6439323425293,40.68195269253352,40.6222058362544,40.6710873674424,35200
2007-05-31,40.611328125,40.64391994642575,40.557013947831884,40.64391994642575,52200
2007-06-01,40.51758575439453,40.566640686360586,40.50668696854363,40.566640686360586,84900
2007-06-04,40.56120681762695,40.56665829204571,40.512156022627956,40.54485655262729,28500
2007-06-05,40.495765686035156,40.55571937054597,40.4685124991657,40.53391765270091,37400
2007-06-06,40.53394317626953,40.5448419629286,40.473989454006826,40.4794367682088,185900
2007-06-07,40.25051498413086,40.38677265446187,40.19056127652489,40.38677265446187,75500
2007-06-08,40.24504852294922,40.25595146113698,40.136044090586886,40.19599777586193,62700
2007-06-11,40.20150375366211,40.25055456725677,40.17425052949295,40.20150375366211,77100
2007-06-12,40.005313873291016,40.11976999199382,39.9835121137866,40.11976999199382,405400
2007-06-13,40.09790802001953,40.11425827553059,39.97254913067774,40.01615258421003,93800
2007-06-14,40.04339599609375,40.136050193515615,40.04339599609375,40.08699943896987,109800
2007-06-15,40.24504852294922,40.24504852294922,40.14149555968077,40.15784580870986,108600
2007-06-18,40.20150375366211,40.29960953910962,40.18515348246389,40.23965577254402,60300
2007-06-19,40.39224624633789,40.44129703855768,40.29959197775182,40.34319129586172,73400
2007-06-20,40.196041107177734,40.35410061526799,40.19604110717773,40.34864914029742,70300
2007-06-21,40.21780776977539,40.299563189996576,40.185107264988275,40.29411171978092,38500
2007-06-22,40.27778625488281,40.332288515820565,40.16333025943674,40.18513199546303,55800
2007-06-25,40.38676834106445,40.43037178889441,40.315915857031,40.38676834106445,85500
2007-06-26,40.37040328979492,40.4303569690215,40.348601573871434,40.40855525309801,163100
2007-06-27,40.40311050415039,40.479414443446956,40.386760254051524,40.479414443446956,212000
2007-06-28,40.34864044189453,40.41949712646548,40.29958965250493,40.41949712646548,74300
2007-06-29,40.484893798828125,40.484893798828125,40.40313833376796,40.419492753384546,389200
2007-07-02,40.58494186401367,40.59587494443431,40.448255416389316,40.51386224159182,74900
2007-07-03,40.5029411315918,40.63962761961309,40.49200387659937,40.60682002597639,21900
2007-07-05,40.33890914916992,40.42092186297826,40.32250744067623,40.42092186297826,43100
2007-07-06,40.25688934326172,40.28969692580925,40.23501901200976,40.284228300161466,55400
2007-07-09,40.30063247680664,40.317034183416496,40.26782906358693,40.30610110278973,34900
2007-07-10,40.50838088989258,40.50838088989258,40.39903343468063,40.43730546113862,110400
2007-07-11,40.41000747680664,40.50841777329834,40.36079815721896,40.486551599416956,37300
2007-07-12,40.35531997680664,40.47560476139446,40.30064621235968,40.47560476139446,28100
2007-07-13,40.420902252197266,40.44824120064946,40.31155480106424,40.4045005516611,86400
2007-07-16,40.53023147583008,40.535700097328714,40.40995100221216,40.40995100221216,66700
2007-07-17,40.481056213378906,40.50839099833399,40.39904351583553,40.49198929309312,37500
2007-07-18,40.54665756225586,40.59586266627573,40.47010933710592,40.508381364011846,51500
2007-07-19,40.53023147583008,40.53023147583008,40.44822301003059,40.47008915335312,23500
2007-07-20,40.64506912231445,40.68880977490139,40.57946231477227,40.57946231477227,46300
2007-07-23,40.6341438293457,40.63961245480128,40.55213113286813,40.61774212431799,36700
2007-07-24,40.65053176879883,40.67240209187612,40.595858046774396,40.6669334682724,31400
2007-07-25,40.68883514404297,40.710705483972404,40.66150034763679,40.67790205974866,24900
2007-07-26,40.847373962402344,40.84737396240234,40.72708923151799,40.81457055264806,51500
2007-07-27,40.814571380615234,40.84190616551866,40.73802730874314,40.787232424372746,45700
2007-07-30,40.77629470825195,40.847370146526174,40.7434871302235,40.77629470825195,33600
2007-07-31,40.858314514160156,40.85831451416015,40.645079819513114,40.732561147710804,24300
2007-08-01,40.83854675292969,40.893443814283664,40.76718099200725,40.8769751147152,32600
2007-08-02,40.909889221191406,40.92087114023587,40.75068909042105,40.84950541994657,40600
2007-08-03,41.04714584350586,41.06361872686943,40.94284271246007,40.95931140744751,118800
2007-08-06,40.93190002441406,41.06365808735902,40.89347163648348,41.06365808735902,34100
2007-08-07,40.953819274902344,41.01420728037971,40.844025185875864,40.970287969418706,41700
2007-08-08,40.822086334228516,40.88247437048095,40.750720558829336,40.86051470380932,40900
2007-08-09,40.915401458740234,41.00872687727735,40.80560734144682,40.96481174338624,44900
2007-08-10,40.83854675292969,41.00324212536893,40.79462742849558,41.00324212536893,33900
2007-08-13,40.876983642578125,40.90992104858654,40.7616985331705,40.76718949696463,354100
2007-08-14,40.975826263427734,40.981317230734724,40.82760365318569,40.84956333403282,38900
2007-08-15,40.98129653930664,41.01972491429144,40.79464144053851,41.01972491429144,33600
2007-08-16,40.975826263427734,41.1460085545169,40.909947220886345,40.99778594427486,43100
2007-08-17,41.1020622253418,41.11303996325368,41.00324583062418,41.03618323273749,37300
2007-08-20,41.01422882080078,41.21186163554479,41.008737856952834,41.15696456219995,66500
2007-08-21,41.156982421875,41.26128983835816,41.15698242187501,41.250307905896754,24900
2007-08-22,41.156982421875,41.20090177496055,41.09659435847739,41.11855403502016,38900
2007-08-23,41.156982421875,41.211879519041915,41.11306306878946,41.129531779101534,46600
2007-08-24,41.19535827636719,41.21182696567836,41.11301064143659,41.18986731713856,54300
2007-08-27,41.3436279296875,41.3436279296875,41.13501731265233,41.13501731265233,82200
2007-08-28,41.45888900756836,41.47536189452216,41.360072627730815,41.37105455236668,55400
2007-08-29,41.365570068359375,41.45889550049478,41.32714170286963,41.41498036020487,92200
2007-08-30,41.43693542480469,41.45889089832361,41.398507063580716,41.431444462236335,44500
2007-08-31,41.4643669128418,49.90766329691427,41.33261317733974,41.33261317733974,23600
2007-09-04,41.439029693603516,41.51067432546361,41.36187264244836,41.49414127232235,85500
2007-09-05,41.59886932373047,41.60437754001733,41.46108823114422,41.52170804351653,56800
2007-09-06,41.52170181274414,41.59335066117429,41.48312328079892,41.57681760530414,46500
2007-09-07,41.78071594238281,41.81378624702792,41.64844733803174,41.76418289243182,45700
2007-09-10,41.9019660949707,41.9625900844404,41.83032147320803,41.85787515631213,94800
2007-09-11,41.802757263183594,41.89644734010603,41.8027572631836,41.868893661169096,36400
2007-09-12,41.73663330078125,41.791744874266314,41.72009604446655,41.791744874266314,73900
2007-09-13,41.63194274902344,41.68154193278402,41.59336420451653,41.665008871530496,77800
2007-09-14,41.63746643066406,41.79728886916484,41.57684238650979,41.79728886916484,45800
2007-09-17,41.6705207824707,41.6705207824707,41.58233885053871,41.653987721419945,39300
2007-09-18,41.786251068115234,41.84136266614835,41.58233353017274,41.653982391886665,74700
2007-09-19,41.720123291015625,41.77523910523922,41.6594992591667,41.77523910523922,93600
2007-09-20,41.42250061035156,41.653971786000994,41.41147577070483,41.637438731275225,112700
2007-09-21,41.59886932373047,41.59886932373047,41.455575810112094,41.53824530661289,233800
2007-09-24,41.57128143310547,41.58781447952937,41.52719050614693,41.554748386681574,121500
2007-09-25,41.59886932373047,41.72562557425248,41.587844481666224,41.709092515901375,77500
2007-09-26,41.60988998413086,41.6484685218866,41.52170806654902,41.543753545944476,173600
2007-09-27,41.698062896728516,41.71459595151837,41.60436857834543,41.609880998190164,36300
2007-09-28,41.714595794677734,41.81379832778822,41.642946951198624,41.81379832778822,129200
2007-10-01,41.68857192993164,41.74942342037533,41.644315533150355,41.644315533150355,246000
2007-10-02,41.83794403076172,41.83794403076172,41.70517902274186,41.74943543225632,214300
2007-10-03,41.81584167480469,41.87116433115766,41.73839502054187,41.86563122141714,99300
2007-10-04,41.860050201416016,41.860050201416016,41.76600854609165,41.80473182890293,70200
2007-10-05,41.68305206298828,41.7273084738246,41.627733659704695,41.71071337489189,80500
2007-10-08,41.804771423339844,41.82136652875931,41.69966346164947,41.78817631792037,43600
2007-10-09,41.66645812988281,41.73837163411125,41.63879681720524,41.71071454195743,67200
2007-10-10,41.7106819152832,41.743872088115474,41.6498304514104,41.67195864013873,69900
2007-10-11,41.74946594238281,41.75499905274654,41.60563461661197,41.627762837540295,125100
2007-10-12,41.68305206298828,41.754969785728214,41.64986186512286,41.66645696405557,61200
2007-10-15,41.649864196777344,41.766034116333415,41.62220288332519,41.6332690969156,394500
2007-10-16,41.73838424682617,41.74391735513846,41.694132041902954,41.72732225072662,107100
2007-10-17,41.94859313964844,41.94859313964844,41.73837726419987,41.78263368224423,90200
2007-10-18,42.00392150878906,42.01498350566019,41.9596650802539,41.98179329452148,92000
2007-10-19,42.20305633544922,42.20305633544922,42.06475821043616,42.075820203406714,117300
2007-10-22,42.17542266845703,42.192017779052975,42.11457111592085,42.153294447486914,90200
2007-10-23,42.164344787597656,42.208601212869304,42.12008836232601,42.131154578906425,84800
2007-10-24,42.33029556274414,42.38008509102616,42.252848936993935,42.28051025498668,207300
2007-10-25,42.297096252441406,42.346885770005436,42.2639060544145,42.31922445796724,88600
2007-10-26,42.236263275146484,42.30264792085276,42.16434974102548,42.21966816885129,154300
2007-10-29,42.241783142089844,42.2639113503885,42.1809316243996,42.20305983269825,54500
2007-10-30,42.252838134765625,42.252838134765625,42.19751973344724,42.22518104436818,86800
2007-10-31,42.09796142578125,42.23625959355355,42.04264300277736,42.192003166940374,116100
2007-11-01,42.3394889831543,42.34504288920988,42.16735602293286,42.16735602293286,141200
2007-11-02,42.38947677612305,42.42834989619754,42.250658729196175,42.250658729196175,105800
2007-11-05,42.267333984375,42.43946706202404,42.22846508824806,42.43946706202404,63500
2007-11-06,42.200660705566406,42.311713381289,42.17289541844175,42.311713381289,55800
2007-11-07,42.261756896972656,42.32283716258711,42.167361663346554,42.32283716258711,88700
2007-11-08,42.31172180175781,42.38945953751184,42.261749358654015,42.38945953751184,552500
2007-11-09,42.36726379394531,42.48387042897132,42.28397212995816,42.48387042897132,36000
2007-11-12,42.46165084838867,42.46165084838867,42.20067232853467,42.20067232853467,47700
2007-11-13,42.333961486816406,42.39504178236508,42.306200411998084,42.37838429019575,66900
2007-11-14,42.333961486816406,42.3339614868164,42.245120116449414,42.2950925929574,66100
2007-11-15,42.4838752746582,42.48942494620433,42.35060690252223,42.400583601170844,94400
2007-11-16,42.467220306396484,42.52274667988505,42.44500890972291,42.4783238865379,99500
2007-11-19,42.58937454223633,42.67822012456802,42.45055649713596,42.45055649713596,144100
2007-11-20,42.4949951171875,42.64492103412023,42.46723403966107,42.64492103412023,89500
2007-11-21,42.755958557128906,42.76151246520882,42.606036930096295,42.66711297341284,49300
2007-11-23,42.67265701293945,42.70042231052732,42.57826177936409,42.70042231052732,15000
2007-11-26,43.00581741333008,43.05579409939925,42.58381371695857,43.05579409939925,171100
2007-11-27,42.77816390991211,43.03358857242681,42.650449460459754,42.86700524468722,60000
2007-11-28,42.73373031616211,42.78370699639994,42.65599257924898,42.77815309050931,73100
2007-11-29,42.92255401611328,42.97252649375699,39.62423492709085,42.933657599014616,119500
2007-11-30,42.92255401611328,42.95031509156252,42.744867034949316,42.744867034949316,107300
2007-12-03,43.13269805908203,43.132698059082024,43.01562649669743,43.06579820059893,78700
2007-12-04,43.11042404174805,43.16617183071495,42.98777635405065,43.16617183071495,89300
2007-12-05,43.015647888183594,43.09926743626971,42.97661976136578,43.01007183388345,74500
2007-12-06,42.792640686035156,42.96546004207045,42.78148858051428,42.86511235879272,75500
2007-12-07,42.65328598022461,42.79265758128756,42.55293825732793,42.647709925262646,135500
2007-12-10,42.57522964477539,42.69230125568372,42.497181904169835,42.67557734745151,84600
2007-12-11,42.859527587890625,42.89855144271171,42.57521275417182,42.72573212182994,97200
2007-12-12,42.77589797973633,42.831645722991794,42.57520270139252,42.60865049668977,133600
2007-12-13,42.55850601196289,42.67558188861228,42.513910336359146,42.61982985086178,62300
2007-12-14,42.463722229003906,42.541769955630805,42.41912231285079,42.45257437660668,265300
2007-12-17,42.642112731933594,42.642112731933594,42.51946510327116,42.53619325986463,144700
2007-12-18,42.74248504638672,42.77593712557738,42.552941695203984,42.552941695203984,72000
2007-12-19,42.920841217041016,42.96544111291121,42.64767429807635,42.83164567858079,105900
2007-12-20,42.92644119262695,43.01564103408336,42.87069341835797,42.998912873848376,54800
2007-12-21,42.642112731933594,42.948731803589666,42.614240977507706,42.948731803589666,3511900
2007-12-24,42.66504669189453,42.71539445163874,42.62029834393165,42.70420416376476,91000
2007-12-26,42.53639602661133,42.69862108766379,42.51401971462011,42.648273318722275,130800
2007-12-27,42.704227447509766,42.88323800834109,42.55878776860433,42.71541774148506,100700
2007-12-28,42.916778564453125,42.933559729049094,42.73777236235524,42.87762109111435,99000
2007-12-31,43.285972595214844,43.285972595214844,42.961526820989434,43.02865147255962,140500
2008-01-02,43.27479553222656,43.778251862420674,43.023069501051985,43.778251862420674,2723300
2008-01-03,43.33072280883789,43.6607679762109,43.14612149155352,43.6607679762109,281400
2008-01-04,43.38108825683594,43.48737041523535,43.34193077366867,43.48737041523535,231100
2008-01-07,43.39225387573242,43.464973662320695,43.2803766243899,43.464973662320695,186300
2008-01-08,43.437007904052734,43.571261463623344,43.274782896809874,43.571261463623344,144000
2008-01-09,43.38665771484375,43.532101552451365,43.29715676943838,43.29715676943838,195500
2008-01-10,43.3698844909668,43.520923499003324,43.274788385370016,43.520923499003324,77400
2008-01-11,43.504154205322266,43.778260871854634,43.392276894630655,43.778260871854634,139200
2008-01-14,43.560115814208984,43.61045934526199,43.47061051298453,43.61045934526199,171500
2008-01-15,43.71672058105469,43.73350174838275,43.470585412655886,43.73350174838275,204800
2008-01-16,43.63277816772461,43.750250519881284,43.57683956210363,43.58802557609101,173700
2008-01-17,43.81181335449219,43.81181335449219,43.599244804864526,43.599244804864526,131700
2008-01-18,43.789432525634766,43.86215659478008,43.63839777898079,43.63839777898079,100500
2008-01-22,44.06351852416992,44.06351852416992,43.772635158793015,43.97401759168582,205700
2008-01-23,43.990821838378906,44.38799177063809,43.87334940217648,44.337648269913515,263500
2008-01-24,43.70552062988281,43.929279436434165,43.63280083158743,43.845369350496874,136200
2008-01-25,43.99644470214844,43.99644470214844,43.403482734792696,43.470611712563475,168800
2008-01-28,43.839786529541016,43.91810148604676,43.755876428186276,43.91810148604676,172100
2008-01-29,43.778236389160156,43.81179871002896,43.6551688555166,43.66076399827588,107600
2008-01-30,43.795013427734375,43.8677332053871,43.63278844573088,43.63838358796357,121500
2008-01-31,43.8286018371582,43.985231770172774,43.79503949946811,43.97404574689127,120800
2008-02-01,43.974605560302734,44.08130052488989,43.88476055137416,44.04760918207294,126500
2008-02-04,43.81736755371094,43.91282920139343,43.72190590602844,43.91282920139343,181700
2008-02-05,43.935279846191406,44.01389580389133,43.82858920888344,43.91281753195595,143400
2008-02-06,43.8454475402832,43.94090919017614,43.80613955007731,43.80613955007731,149000
2008-02-07,43.57589340209961,43.89036153169033,43.49727744076407,43.88474488180963,135100
2008-02-08,43.70507049560547,43.74999514655964,43.60960882551574,43.68822482256028,88000
2008-02-11,43.800498962402344,43.84542357930108,43.71064972860488,43.77242000577881,93500
2008-02-12,43.72752380371094,43.7499861245559,43.536596218653536,43.70506148286597,113000
2008-02-13,43.491668701171875,43.69944194206204,43.491668701171875,43.632054983982954,123500
2008-02-14,43.28950881958008,43.44674504314217,43.23335516757527,43.4074370583139,144900
2008-02-15,43.35688400268555,43.48042457410867,43.26703904071737,43.48042457410867,161000
2008-02-19,42.95819091796875,43.42427427902379,42.95819091796875,43.42427427902379,602700
2008-02-20,42.991920471191406,43.10984450758863,42.896458768048696,42.896458768048696,197000
2008-02-21,43.35131072998047,43.42431438663861,43.12107930362178,43.22777431919774,205100
2008-02-22,43.24457550048828,43.474806689941744,43.227729838363366,43.34003710869465,175400
2008-02-25,43.03120803833008,43.21090233473786,42.97505437399951,43.126673980367,180900
2008-02-26,43.19404220581055,43.255812501173196,43.0424269344422,43.07611826491327,271500
2008-02-27,43.27265930175781,43.35689191439404,43.18843097337023,43.35689191439404,221900
2008-02-28,43.59275817871094,43.62645380851886,43.42990953476574,43.42990953476574,146900
2008-02-29,43.86786651611328,43.957711425988805,43.67132247503515,43.67132247503515,163100
2008-03-03,43.76138687133789,43.88538942938839,43.65993062386648,43.73884056075879,117300
2008-03-04,43.552818298339844,43.75573070743906,43.47390839483095,43.74445970705231,229800
2008-03-05,43.27101135253906,43.58665537893633,43.259740348149656,43.56410906988876,158900
2008-03-06,43.2371711730957,43.378082304920525,43.21462487597175,43.37244465557291,187600
2008-03-07,43.35553741455078,43.47390225309223,43.11880773746789,43.36681271361184,142800
2008-03-10,43.485206604003906,43.53593258286815,43.33302006687222,43.45702263778856,71100
2008-03-11,43.2371711730957,43.36117365714418,43.12444398774244,43.35553600779657,85900
2008-03-12,43.63737869262695,43.64301634461284,43.24282905898488,43.24282905898488,66200
2008-03-13,43.445743560791016,43.64301838684333,43.310465708410554,43.502107182481865,207000
2008-03-14,43.631771087646484,43.9079559941703,43.53594814841612,43.603587111354436,119900
2008-03-17,43.77826690673828,43.998087915828,43.40062612704735,43.75572061090008,83700
2008-03-18,43.81774139404297,44.99576115050742,43.73319382200429,44.99576115050742,86200
2008-03-19,43.85157012939453,44.04884496269874,43.81211516273369,43.91357140561426,144700
2008-03-20,43.969913482666016,44.155912919910485,43.77827209546051,44.155912919910485,77400
2008-03-24,43.727569580078125,44.53358190758849,43.643021990426455,44.53358190758849,300600
2008-03-25,43.812095642089844,44.161552533878655,43.682455494955114,44.161552533878655,134900
2008-03-26,43.85157012939453,44.116479591106554,43.76138489115898,44.116479591106554,117400
2008-03-27,43.85720443725586,43.92484336740641,43.71065987233307,43.71065987233307,86600
2008-03-28,43.89103317260742,44.33067553923383,43.79521026428221,44.33067553923383,78900
2008-03-31,44.043216705322266,44.178490291262634,43.77266953344153,44.178490291262634,101600
2008-04-01,43.585445404052734,44.27009229319965,43.39872234785898,43.99849904500587,1952300
2008-04-02,43.52885437011719,43.70991793516631,43.44397987967943,43.57412134060345,170100
2008-04-03,43.51190185546875,43.738232502942445,43.477949452363966,43.65901742386136,279000
2008-04-04,43.913665771484375,43.96458793450082,43.721283082875715,43.96458793450082,294600
2008-04-07,43.743858337402344,43.86834032597309,43.59674718445069,43.86834032597309,105600
2008-04-08,43.76652526855469,43.85139980898402,43.67033613728738,43.85139980898402,97200
2008-04-09,43.9362678527832,43.9758753902072,43.760859343993076,43.862707914068764,78500
2008-04-10,43.80613327026367,43.97588235289876,43.73823709072843,43.947589400160076,118100
2008-04-11,44.060733795166016,44.060733795166016,43.828743791646495,43.828743791646495,174500
2008-04-14,43.913665771484375,44.213552243205825,43.86839874864694,44.213552243205825,116900
2008-04-15,43.76652526855469,43.87969276142662,43.692969635861765,43.87969276142662,154000
2008-04-16,43.53451156616211,43.96453481282454,43.460951663707355,43.96453481282454,284500
2008-04-17,43.49492263793945,43.62505983084872,43.3421476343881,43.62505983084872,396200
2008-04-18,43.52885437011719,43.60240995948543,43.257256864095545,43.438320429144675,253000
2008-04-21,43.602413177490234,43.658999053222246,43.45530198789646,43.551491069606904,106100
2008-04-22,43.69860076904297,43.72122993605314,43.60240738321932,43.62504086712514,111400
2008-04-23,43.65901184082031,43.68730047007574,43.52321087956326,43.65335238821022,118600
2008-04-24,43.4722785949707,43.540174742830786,43.308189042814725,43.455304558005686,126000
2008-04-25,43.415706634521484,43.43833581088181,43.308198620771456,43.38175423618611,134300
2008-04-28,43.5684700012207,43.5684700012207,43.37043236459449,43.432673381376546,129600
2008-04-29,43.54018783569336,43.68730339512308,43.54018783569335,43.66466990006483,212900
2008-04-30,43.890995025634766,43.890995025634766,43.54584182388271,43.675983324911044,193000
2008-05-01,43.897769927978516,43.96593572822947,43.70463999458265,43.948895361608145,341900
2008-05-02,43.789859771728516,43.90915105449183,43.608088563672815,43.744420220040176,280500
2008-05-05,43.875064849853516,43.920508734145464,43.761459472890984,43.920508734145464,154400
2008-05-06,43.7160530090332,43.96030867897327,43.647887124246076,43.954627105131586,132800
2008-05-07,43.77852249145508,43.858047163218195,43.65355391189317,43.71035662975688,265900
2008-05-08,43.994361877441406,44.022765395074586,43.852352956812126,43.9091599920785,97900
2008-05-09,43.96596145629883,44.09092999633869,43.89779561615848,44.06820804962524,106300
2008-05-12,43.92052459716797,44.02845277790054,43.83531836678799,43.96028692684278,101000
2008-05-13,43.69330596923828,44.03980810059524,43.67058402068405,44.03980810059524,156900
2008-05-14,43.72172164916992,43.84100866193178,43.53426877178568,43.84100866193178,130900
2008-05-15,43.95457458496094,43.95457458496094,43.710319206875226,43.76144464281989,99300
2008-05-16,43.86940002441406,44.034126567477365,43.73874990355826,43.92052115837814,111000
2008-05-19,43.98870086669922,43.99437810530531,43.81260679320201,43.96597891096506,548600
2008-05-20,43.971675872802734,44.108003321150406,43.96599429843825,44.096640172421424,155100
2008-05-21,43.960269927978516,44.005713811111136,43.88074529938005,43.943229555245594,111400
2008-05-22,43.78419876098633,43.863723423118785,43.61378629426303,43.75011366738023,487800
2008-05-23,43.971675872802734,44.01711546640433,43.738778995344504,43.738778995344504,591200
2008-05-27,43.7274284362793,43.829675125287444,43.68198450032629,43.82399354985025,146100
2008-05-28,43.50020980834961,43.67629962966685,43.45476587582518,43.67629962966685,168900
2008-05-29,43.426353454589844,43.42635345458985,43.26162681697353,43.409313066820644,234400
2008-05-30,43.45475769042969,43.539963964420046,43.307067104431134,43.307067104431134,188500
2008-06-02,43.666812896728516,43.75803695091567,43.18789966165292,43.34183481584085,369000
2008-06-03,43.8378791809082,43.8378791809082,43.32475447721073,43.38746996042957,126300
2008-06-04,43.62693405151367,43.7580676339075,43.524309093494054,43.67824870542617,181200
2008-06-05,43.42740249633789,43.53573008852103,43.330480097967154,43.450208534155756,108200
2008-06-06,43.64974594116211,43.66684937816067,43.444495997567444,43.444495997567444,187100
2008-06-09,43.29052734375,43.51288055293958,43.26772132873022,43.353242797603734,127400
2008-06-10,43.0453987121582,43.32476498254317,43.0453987121582,43.26204948411716,129200
2008-06-11,43.29623794555664,43.36465165347117,43.13089756842419,43.170807014642136,114000
2008-06-12,42.82305908203125,43.102425442033386,42.82305908203125,43.07392115620864,146700
2008-06-13,42.862945556640625,43.06819544356826,42.77172145142624,42.97697133835386,132500
2008-06-16,42.90287399291992,43.016899825071455,42.84586107684415,42.874365359978704,168500
2008-06-17,43.0453987121582,43.09670902006729,42.81734274968232,42.92567031056465,199400
2008-06-18,43.18791580200195,43.239226089306364,43.03398059028479,43.03398059028479,110100
2008-06-19,43.079586029052734,43.21071956163799,43.04537917264081,43.16510751988627,130100
2008-06-20,43.16511535644531,43.23923167539476,43.090999037495855,43.23923167539476,145900
2008-06-23,43.0168571472168,43.22210692130263,43.01685714721679,43.22210692130263,99200
2008-06-24,43.19929885864258,43.233510052569194,43.073872313585504,43.15938942389666,194100
2008-06-25,43.2164192199707,43.256328666342725,42.98836337650052,43.256328666342725,108900
2008-06-26,43.2164192199707,43.35895357841414,43.079583104006545,43.079583104006545,100500
2008-06-27,43.3304557800293,43.638330593074464,43.20502481732891,43.638330593074464,123300
2008-06-30,43.47301483154297,43.49582086949701,43.31907951261192,43.49582086949701,180900
2008-07-01,43.44209289550781,43.602352878858355,43.23604309784081,43.40774835139195,255700
2008-07-02,43.293277740478516,43.41347272676463,43.2131477496211,43.41347272676463,118400
2008-07-03,43.327571868896484,43.40198132900805,43.16159161192227,43.356191563824375,303000
2008-07-07,43.35049819946289,43.47069314519942,43.07576814256669,43.32760330026229,216700
2008-07-08,43.59664535522461,43.63671036695609,43.37915020107641,43.42494003355775,92400
2008-07-09,43.602325439453125,43.69962545857587,43.49357579057811,43.659560487951545,812300
2008-07-10,43.72254943847656,43.73399907584588,43.556564630678984,43.62524935462332,255500
2008-07-11,43.44779968261719,43.865619556272584,43.44207486651424,43.865619556272584,206100
2008-07-14,43.682464599609375,43.76259455776895,43.516479867205916,43.522204683290234,193800
2008-07-15,43.72254943847656,43.76261443575479,43.62524935462332,43.62524935462332,237100
2008-07-16,43.361934661865234,43.55653469583007,43.29324998512542,43.53363980358347,152000
2008-07-17,43.161617279052734,43.39628232335188,43.092932590432156,43.34477208195266,101400
2008-07-18,43.09294128417969,43.2989910248558,43.0128113146674,43.21886105534352,110400
2008-07-21,43.184513092041016,43.184513092041016,43.01280789961422,43.09866267920536,84300
2008-07-22,43.05288314819336,43.17307812158218,42.97275316593416,43.138737948258665,118000
2008-07-23,43.070030212402344,43.110095182115806,42.94411048851598,43.02424042794291,163400
2008-07-24,43.37908935546875,43.41915431100318,43.17876457779658,43.207379907891095,132400
2008-07-25,43.104400634765625,43.32190008029639,43.07578527445075,43.28183508244976,127300
2008-07-28,43.39057159423828,43.43636140151753,43.25320653915689,43.379126325796655,111700
2008-07-29,43.32187271118164,43.367658132111394,43.218847872269315,43.367658132111394,90100
2008-07-30,43.33333206176758,43.38484668134765,43.12728231695913,43.26464735791279,77400
2008-07-31,43.48215103149414,43.49932111746475,43.41346632085533,43.4935962998891,120300
2008-08-01,43.55914306640625,43.74303372507201,43.44420866455319,43.74303372507201,393000
2008-08-04,43.47870635986328,43.576397347327365,43.39825005832152,43.44997165329118,190900
2008-08-05,43.3005485534668,43.44421328283086,43.2775616706526,43.40973515075935,158000
2008-08-06,43.243080139160156,43.27181483649392,43.09941542108985,43.21434544182639,233300
2008-08-07,43.51890563964844,43.5361446993032,43.23731971762743,43.277545651587864,245000
2008-08-08,43.50164794921875,43.51314357475584,43.36373113284946,43.42119610764528,231000
2008-08-11,43.31781005859375,43.51894429133281,43.21437122449722,43.51894429133281,201200
2008-08-12,43.5131721496582,43.53615903153122,43.363759609633284,43.363759609633284,196300
2008-08-13,43.398216247558594,43.541880899891254,43.34075126348498,43.478672486418354,135100
2008-08-14,43.507442474365234,43.53042936582307,43.398255836015814,43.495951220786935,151600
2008-08-15,43.64535140991211,43.67408611502375,43.55915606317807,43.63386015844772,94500
2008-08-18,43.760284423828125,43.760284423828125,43.616619671539986,43.65109780911304,77600
2008-08-19,43.6798095703125,43.70853987509925,43.59360988735625,43.70853987509925,109600
2008-08-20,43.7774772644043,43.817703177195135,43.6280648521973,43.6280648521973,120800
2008-08-21,43.76602554321289,43.806251492325046,43.62236081291237,43.70855614365298,105400
2008-08-22,43.67409896850586,43.67409896850586,43.53043416926735,43.66260771365954,146100
2008-08-25,43.79475021362305,43.800498029698076,43.67407238184174,43.67407238184174,93000
2008-08-26,43.85221862792969,43.886701142759435,43.70855390498739,43.800501432134176,585500
2008-08-27,43.86370086669922,43.88093992670024,43.68555368332642,43.71428837286018,391900
2008-08-28,43.9039421081543,44.030367771303034,43.783264261775855,43.846477093350224,341400
2008-08-29,43.84648132324219,44.13955424230576,43.78326848556965,44.13955424230576,110900
2008-09-02,43.98952865600586,44.035672206067105,43.70111056379663,44.035672206067105,149000
2008-09-03,44.04722213745117,44.08183090866595,43.926087037287566,43.99530457971711,171600
2008-09-04,44.07028579711914,44.23179922617683,44.04721182140934,44.122198941783026,184500
2008-09-05,44.10490417480469,44.28949161981101,44.07029540415095,44.214504483090636,174100
2008-09-08,44.416404724121094,44.416404724121094,44.058764556299614,44.31834358809208,148900
2008-09-09,44.497154235839844,44.554836988776344,44.35294515304261,44.39909311575659,225100
2008-09-10,44.497154235839844,44.5144586216296,44.30679719032863,44.329871171685625,134900
2008-09-11,44.46831130981445,44.59521600867948,44.40486336129396,44.57214202698475,183500
2008-09-12,44.3240966796875,44.549066872837976,44.22027037641854,44.49137972536216,133700
2008-09-15,44.65866470336914,45.02207438418071,44.37024655715636,45.02207438418071,118600
2008-09-16,44.226043701171875,45.0047719252346,44.226043701171875,44.895176006887105,166400
2008-09-17,44.28369903564453,44.45675160090106,44.12795524764129,44.197177153925814,294400
2008-09-18,43.65496826171875,44.39331796917009,43.585746326303415,44.28371767165699,359200
2008-09-19,44.191444396972656,44.722132918110326,43.56269032662935,44.722132918110326,222800
2008-09-22,44.0760612487793,44.09913082664406,43.55113813367106,43.695347200338844,171800
2008-09-23,44.21448516845703,44.30101145820511,43.86838441037463,43.94337151433768,195100
2008-09-24,44.208736419677734,44.47408060601252,43.88570947995051,44.312567136148914,3408100
2008-09-25,44.35293960571289,44.68173609733071,43.903008027805484,44.416391946280484,200100
2008-09-26,43.908775329589844,44.197193444049,43.90300573504553,44.185654254960376,319500
2008-09-29,44.1221923828125,44.41061043494394,43.67803051893058,44.41061043494394,461600
2008-09-30,43.62037658691406,44.41640935201099,43.48193266183476,44.41640935201099,240500
2008-10-01,43.38820266723633,44.042357208487246,43.249269026450094,43.567663220565215,344400
2008-10-02,44.233394622802734,44.42442672652856,43.451882388042684,43.799223121989776,300800
2008-10-03,43.99028778076172,44.10606958330212,43.53874979241455,44.10606958330212,209600
2008-10-06,43.637149810791016,44.14079058515677,43.41717106736731,44.00185687439564,326900
2008-10-07,43.76446533203125,43.99602423765847,43.4171291818998,43.70078652256829,252000
2008-10-08,43.11613082885742,43.95552738234905,43.0813941019629,43.79343737891243,321800
2008-10-09,41.77310562133789,43.417166887499,41.52418035451799,43.08140640357958,366000
2008-10-10,40.49953842163086,41.44313672431588,38.78600785818923,40.667418687131246,648000
2008-10-13,42.18411636352539,42.311469662622486,40.522684700808284,41.39681813600849,127000
2008-10-14,42.72250747680664,43.11036656350801,42.03941032537223,42.93669607445939,368600
2008-10-15,42.46198272705078,42.50250523413131,41.79046626448448,42.2941025072537,229700
2008-10-16,42.45619583129883,42.51408891729822,41.964135516660576,42.49672275814734,203200
2008-10-17,42.6877326965332,42.734045374567245,41.9756940423951,42.34039644451802,304700
2008-10-20,42.67037582397461,42.94824753597468,42.37513795809098,42.39829430214274,219900
2008-10-21,43.3997688293457,43.446081499976145,42.78035121367655,43.17978585216082,582600
2008-10-22,43.59660720825195,43.66607623993765,43.16243569761355,43.28979338072684,416900
2008-10-23,43.39398193359375,43.64869722476663,43.11032453354558,43.64869722476663,172500
2008-10-24,42.89616394042969,43.48663993762831,42.36937123046614,43.48663993762831,283800
2008-10-27,42.664615631103516,43.03510856318148,42.39832411221148,42.861442485621005,242800
2008-10-28,42.33462142944336,42.809315507884875,42.25936661312979,42.809315507884875,185900
2008-10-29,42.64146041870117,43.06984201046158,42.35779833883557,42.50252226735418,732300
2008-10-30,42.35776138305664,42.68773147552586,42.103050494395106,42.68773147552586,181100
2008-10-31,42.33462142944336,42.65301568427313,42.056754094884326,42.36356796774484,282300
2008-11-03,42.665950775146484,42.67176481660676,42.43343789969217,42.526444823799594,308800
2008-11-04,43.09610366821289,43.1019177106116,42.43344474883815,42.6078305422799,1260600
2008-11-05,43.42162322998047,43.555319609022106,43.07285604462301,43.154234906712574,332200
2008-11-06,43.45651626586914,43.49720570928557,43.107748974468755,43.247255004065565,238400
2008-11-07,43.363521575927734,43.44490048581797,43.18332605185908,43.363521575927734,223000
2008-11-10,43.363521575927734,43.53209344207692,43.08450943768066,43.33446021372007,132800
2008-11-11,43.473934173583984,43.59600244826135,43.01472241561787,43.072849531919275,167200
2008-11-12,43.33443069458008,43.56693917313002,42.968221414715515,43.56693917313002,160600
2008-11-13,43.33443069458008,43.54950148072027,43.04960026917098,43.0786660463972,222600
2008-11-14,43.48556137084961,43.53787888415969,43.194921330814914,43.40999655697401,297400
2008-11-17,43.37507629394531,43.46807870442905,43.20650471295742,43.334386907831714,157000
2008-11-18,43.404170989990234,43.47974021861617,43.27628869675915,43.27628869675915,205300
2008-11-19,43.555320739746094,43.59019612874262,43.22980528293726,43.22980528293726,154900
2008-11-20,43.52045822143555,43.81109837520142,43.351886400073326,43.351886400073326,225200
2008-11-21,43.30537414550781,43.6250800238641,43.113550618494045,43.20655757758529,269000
2008-11-24,43.11937713623047,43.53789970358449,42.87524045021301,43.014746494391964,410200
2008-11-25,43.863372802734375,44.014506791196496,43.18909054657233,43.218151875437385,340200
2008-11-26,44.1366081237793,44.142422167838696,43.64833042356233,43.654144467621734,211500
2008-11-28,43.9970817565918,43.9970817565918,43.64831023143209,43.9040748339321,97200
2008-12-01,44.25735855102539,44.50245807776876,44.058949524671796,44.187333931007224,236200
2008-12-02,44.525787353515625,44.589979536862565,44.07644207008704,44.25151247052874,259600
2008-12-03,44.315731048583984,44.58416922417943,44.12315438384338,44.350743368635776,223200
2008-12-04,44.508304595947266,44.584170561305285,44.15816802824476,44.35074469876094,261300
2008-12-05,44.18147277832031,44.5199397631307,44.06476217428701,44.26900795745736,376700
2008-12-08,43.98891830444336,44.368234635850555,43.942236710786254,44.2165072128424,180600
2008-12-09,44.222381591796875,44.555012159463374,44.053147871092136,44.053147871092136,347300
2008-12-10,44.146461486816406,44.32736426283003,44.08810618347888,44.32736426283003,299300
2008-12-11,44.619171142578125,44.66002032385838,44.15232399255043,44.35073302956116,293400
2008-12-12,44.385738372802734,44.77089155202695,44.21067238861312,44.461604306288436,542800
2008-12-15,44.852569580078125,44.852569580078125,44.50243331811156,44.50243331811156,319800
2008-12-16,45.22609329223633,45.22609329223633,44.52582008021569,44.78258455010139,304200
2008-12-17,45.23773956298828,45.51785137659301,45.15020879519889,45.48867148584573,234900
2008-12-18,45.55868148803711,45.61703679288637,45.354435694952535,45.37194184118487,201100
2008-12-19,45.26692581176758,45.51785776987004,45.26692581176758,45.389473356111544,258500
2008-12-22,45.657936096191406,45.67544226165022,45.37199167182915,45.4478532062271,261200
2008-12-23,45.82716751098633,45.86217984016837,45.2961278920662,45.2961278920662,338900
2008-12-24,45.7884635925293,45.95247426429724,45.49558611609921,45.5365887840412,187200
2008-12-26,45.82360076904297,45.929036813638895,45.548295293211694,45.60101108103238,138700
2008-12-29,46.11064529418945,46.20436379264714,45.60103671402515,45.66547013688353,278100
2008-12-30,46.19852828979492,46.21610023610839,45.78849684365886,45.835358346467366,292500
2008-12-31,46.25709915161133,46.403537984195154,45.95250387722021,45.95250387722021,381800
2009-01-02,46.08720016479492,46.368364510307984,45.90561755831178,45.93490262476886,269800
2009-01-05,45.89390182495117,46.186779315179265,45.63031387132823,45.96419403143002,648200
2009-01-06,45.60104751586914,45.82363738172708,45.390175258192215,45.82363738172708,449700
2009-01-07,45.74163818359375,45.81778924762991,45.46047808718702,45.81778924762991,500400
2009-01-08,45.665462493896484,45.74160904045859,45.27886649040752,45.74160904045859,305700
2009-01-09,45.82952880859375,45.90567991652818,45.67723553064836,45.73581021208595,203700
2009-01-12,45.64787292480469,45.917319603507444,45.54829567877522,45.718165111448506,402000
2009-01-13,45.89390182495117,45.905619427175566,45.583452400342324,45.66545774008973,235600
2009-01-14,46.063777923583984,46.063777923583984,45.68303623779478,45.93491109433627,230600
2009-01-15,45.86463165283203,46.18093551232374,45.78262628645162,46.18093551232374,317500
2009-01-16,45.9349250793457,45.95835582533852,45.54247013912117,45.74162477662335,256200
2009-01-20,45.73575973510742,45.75333167324899,45.237868788950344,45.68889825409205,374800
2009-01-21,45.41941452026367,45.765007606666714,45.343268027230756,45.6888611136338,350500
2009-01-22,45.51902389526367,45.58931610930973,45.2027156354909,45.466308086446375,373600
2009-01-23,45.4311637878418,45.46631213247082,45.243722335994974,45.46631213247082,260100
2009-01-26,45.278892517089844,45.56591140106542,45.19102831657846,45.413613751442945,265600
2009-01-27,45.55418014526367,45.671333867172095,45.267161347263745,45.284733288310626,382400
2009-01-28,45.57763671875,45.63035704072508,45.40191273973991,45.57178238105505,283700
2009-01-29,45.27303695678711,45.507340018624035,45.109026154189024,45.42533461732499,403700
2009-01-30,45.29645919799805,45.37260577947833,45.12073081740249,45.126589621811235,337400
2009-02-02,45.44874954223633,45.67805075675101,45.28411900360212,45.30763765197844,407600
2009-02-03,44.978370666503906,45.466372365994815,44.87253902668325,45.466372365994815,391300
2009-02-04,45.060672760009766,45.15474729962527,44.80197226178807,44.890166021247374,337800
2009-02-05,45.16061019897461,45.26056548909858,44.96070859016588,45.1606101989746,367500
2009-02-06,45.15476989746094,45.18416484151086,44.94898286049553,45.18416484151086,344000
2009-02-09,45.166481018066406,45.348744737169426,45.054768681471074,45.348744737169426,263800
2009-02-10,45.4134407043457,45.44872089753609,45.1253452933282,45.3428892894063,291900
2009-02-11,45.578086853027344,45.595729200301705,45.20179752084908,45.22531616482555,250000
2009-02-12,45.46049118041992,45.62511717740639,45.40169682231361,45.55456574196761,238100
2009-02-13,45.24882888793945,45.4134548885106,45.24882888793945,45.33114188822503,300700
2009-02-17,45.54278564453125,45.60157997871024,45.37227893540805,45.378159714541994,303100
2009-02-18,45.36642074584961,45.59572188065637,45.3017456067275,45.519285178572815,387400
2009-02-19,45.17238235473633,45.313489669693276,45.03715133385045,45.254695328937935,351200
2009-02-20,45.25468826293945,45.378157704963535,45.23705041203887,45.35463907518943,419300
2009-02-23,45.33118438720703,45.33118438720703,45.11364460495629,45.26063288408843,418400
2009-02-24,45.29584884643555,45.40168044714508,45.12534212941905,45.25469236203297,564800
2009-02-25,45.06653594970703,45.24291891405854,45.00774162825653,45.2194047740537,553300
2009-02-26,44.98424530029297,45.03127808933504,44.878413674935835,44.98424530029297,612000
2009-02-27,45.03126907348633,45.04303063268309,44.85488605701957,44.98423629386084,548700
2009-03-02,45.10505676269531,45.19356386629165,44.96343639316665,45.016545157211716,759200
2009-03-03,44.95162582397461,45.1286489911398,44.86901621313382,44.99883260213681,893600
2009-03-04,44.94575119018555,44.969354593623784,44.815934722219666,44.827738674883236,536700
2009-03-05,45.15224075317383,45.18764808215117,44.886710546213656,44.92801534511603,679700
2009-03-06,44.96340560913086,45.1935329247,44.96340560913086,45.093221941376875,690800
2009-03-09,44.79819107055664,45.0519217910026,44.739184868521804,45.04012235134949,754100
2009-03-10,44.845455169677734,44.957570248206856,44.68023579198665,44.745144047778204,635400
2009-03-11,44.93979263305664,45.016500213552426,44.81587380796556,44.927988696437126,545900
2009-03-12,45.040122985839844,45.140433980900625,44.86309987535694,45.022421575168494,438300
2009-03-13,45.00473403930664,45.134550439750484,44.89262355864868,45.05784279489119,407000
2009-03-16,44.97520065307617,45.0696096475632,44.86898772060121,44.933895873884985,422700
2009-03-17,44.874916076660156,45.057836706083364,44.81000788520949,45.057836706083364,600000
2009-03-18,45.6715202331543,46.02556211830233,44.92212714940224,44.99883930080698,401300
2009-03-19,45.64200210571289,45.93703767782724,45.52989164959162,45.665605491708305,375800
2009-03-20,45.43552780151367,45.66565543931815,45.35291811111671,45.52994144876191,495800
2009-03-23,45.3292350769043,45.535758940130265,45.3292350769043,45.49445416748507,335100
2009-03-24,45.30564498901367,45.45316272054961,45.152225287688815,45.211235981810304,475500
2009-03-25,45.15224075317383,45.352867277760645,45.14044131143834,45.352867277760645,573300
2009-03-26,45.30564498901367,45.38825455852308,45.1699311970556,45.211235981810304,302200
2009-03-27,45.417762756347656,45.48856839072351,45.32925121149366,45.43546416494162,411900
2009-03-30,45.50627517700195,45.56528137407884,45.30564870467942,45.482671797794346,358200
2009-03-31,45.523983001708984,45.61249456074053,45.45317285410676,45.506281590279656,398700
2009-04-01,45.617530822753906,45.688597018752496,45.51685710037863,45.64714286729423,521700
2009-04-02,45.52872848510742,45.664937652154805,45.39844715257645,45.63532558857207,567900
2009-04-03,45.28592300415039,45.57610222706973,45.27999968828823,45.51095930708451,546800
2009-04-06,45.333282470703125,45.47541036772324,45.31551253018178,45.428032895995074,541000
2009-04-07,45.422115325927734,45.51094696710934,45.345130313258316,45.451727379043255,274100
2009-04-08,45.63533020019531,45.63533020019531,45.45174803829707,45.505044336331906,260600
2009-04-09,45.582000732421875,45.6471436169495,45.41618412386562,45.49909242814375,495100
2009-04-13,45.65310287475586,45.700480381524706,45.42806649485544,45.617572003763094,376700
2009-04-14,45.771549224853516,45.80115677962919,45.63534001474788,45.730095033633184,316000
2009-04-15,45.8366813659668,45.86628891376325,45.65901800652045,45.78338055086613,639000
2009-04-16,45.74784469604492,45.777456758778186,45.65308970983161,45.65308970983161,436800
2009-04-17,45.50503921508789,45.753768799092235,45.4162120616933,45.70046798888898,609300
2009-04-20,45.73006820678711,45.77744568843649,45.5760936505093,45.5760936505093,247700
2009-04-21,45.64124298095703,45.76560549916317,45.552411319905225,45.76560549916317,408000
2009-04-22,45.72417449951172,45.73009781809471,45.564281043116985,45.706409061931005,379400
2009-04-23,45.75969314575195,45.77746309675205,45.57018766525437,45.75969314575195,374200
2009-04-24,45.735992431640625,45.75967665477128,45.593859983864185,45.67676831931773,273100
2009-04-27,45.8366813659668,45.8366813659668,45.664941323346504,45.67086464017255,405700
2009-04-28,45.67084503173828,45.85442711102419,45.5820133901543,45.85442711102419,431400
2009-04-29,45.6057014465332,45.79520683726568,45.540558544890956,45.74190604584707,374800
2009-04-30,45.735992431640625,45.747834543205954,45.611625410294884,45.629395354891,487600
2009-05-01,45.657562255859375,45.675389551195885,45.55653789301906,45.6278470743651,413600
2009-05-04,45.69321823120117,45.77641530122615,45.639736343570945,45.65756363944769,449600
2009-05-05,45.68727111816406,45.81206671454322,45.687271118164055,45.770468182416835,341000
2009-05-06,45.88340377807617,45.9309462772446,45.717009564888954,45.717009564888954,550900
2009-05-07,45.722923278808594,45.871490090051,45.65160957720851,45.80017638845091,517100
2009-05-08,45.835819244384766,45.871478353010424,45.699140351997094,45.835819244384766,429100
2009-05-11,46.02598190307617,46.04975312950241,45.79421811279268,45.82987721938096,336100
2009-05-12,46.00818634033203,46.07950006878304,45.954704444419505,45.99630298587402,356500
2009-05-13,46.14487075805664,46.17458141173485,46.02007513124559,46.05572972921987,299000
2009-05-14,46.12703323364258,46.21616970881853,46.06760287165853,46.13891658569935,396300
2009-05-15,46.1151237487793,46.16861014273354,46.06164188872298,46.103240402288314,535900
2009-05-18,45.97847366333008,46.19834971538202,45.91310388193605,46.16863906359432,507000
2009-05-19,46.07950210571289,46.0913854606962,45.91310793253945,46.00818837410948,362400
2009-05-20,46.21615219116211,46.26963858989439,46.04381871520941,46.14484303805019,710600
2009-05-21,45.97847366333008,46.281546794628824,45.907159938018204,46.24589219892327,292700
2009-05-22,45.96659469604492,46.043852380267744,45.883397600652394,45.96659469604492,515000
2009-05-26,45.87150573730469,46.037899897231085,45.87150573730469,46.037899897231085,298900
2009-05-27,45.598114013671875,45.88930360680513,45.53274427363613,45.86553238007414,473700
2009-05-28,45.71696853637695,45.740739764627776,45.47926078776697,45.621883623373684,328800
2009-05-29,46.043861389160156,46.091399357327354,45.66946985273907,45.69324110377394,360300
2009-06-01,45.732582092285156,46.102304046789676,45.690839144207544,45.994964387498655,510500
2009-06-02,45.90548324584961,45.90548324584962,45.72061786077892,45.85181118255921,417500
2009-06-03,46.06050109863281,46.09031940112018,45.88160493261116,45.99490447286795,420100
2009-06-04,45.7742919921875,46.03071407371524,45.73850909849832,46.03071407371524,457300
2009-06-05,45.46419906616211,45.66098906300965,45.42245614710083,45.63117074240719,546400
2009-06-08,45.36876678466797,45.60133501454806,45.32702388570577,45.52380923816486,334100
2009-06-09,45.49399948120117,45.577485286465304,45.321063298972554,45.321063298972554,458900
2009-06-10,45.38071060180664,45.553646842091595,45.32107851368965,45.4880501802719,379800
2009-06-11,45.601356506347656,45.64309942498319,45.29722692792485,45.29722692792485,379200
2009-06-12,45.72060012817383,45.77427217064768,45.529774793132646,45.67885722830966,289200
2009-06-15,45.810054779052734,45.86372682654095,45.66693690180964,45.66693690180964,348500
2009-06-16,46.02474594116211,46.03071051458859,45.81006679417352,45.83988511166946,381900
2009-06-17,46.00089645385742,46.21557562071168,45.98897185553748,46.060528544730964,374700
2009-06-18,45.66099548339844,45.929342208004975,45.625217133354255,45.917417607869446,502600
2009-06-19,45.76831817626953,45.774282748952764,45.631160302370546,45.684832357247856,514800
2009-06-22,45.87564468383789,46.00683794772649,45.87564468383789,45.9949088057541,336200
2009-06-23,46.08435821533203,46.09032278619441,45.88756832358434,45.917386628261696,333000
2009-06-24,45.98301696777344,46.2096207806812,45.93530946517037,46.06650282250987,364400
2009-06-25,46.299068450927734,46.299068450927734,45.94723587688682,46.0903538265274,449600
2009-06-26,46.322898864746094,46.364641768597366,46.27519138902028,46.358677196722816,383500
2009-06-29,46.40643310546875,46.41835771202792,46.26331507855855,46.41239768356836,392500
2009-06-30,46.32887268066406,46.400429358895266,46.21556854061638,46.322908107599396,439600
2009-07-01,46.30135726928711,46.379147431338154,46.15775133456645,46.20562150119012,430400
2009-07-02,46.31930160522461,46.39708718465955,46.23552654986863,46.25348128218376,373000
2009-07-06,46.28339385986328,46.36118399966438,46.22954336167704,46.331264012794875,240300
2009-07-07,46.37916564941406,46.48088636958324,46.32531054952017,46.373180734947596,281200
2009-07-08,46.69628143310547,46.72021651751261,46.403084638131446,46.486855150981164,337200
2009-07-09,46.558658599853516,46.636448770077116,46.44497264861652,46.612513684250686,462400
2009-07-10,46.72617721557617,46.72617721557617,46.54667100573394,46.54667100573394,440100
2009-07-13,46.648441314697266,46.78606699740764,46.612540947535216,46.7381967977559,789000
2009-07-14,46.510765075683594,46.58855063406628,46.39108971838551,46.576580815762426,374300
2009-07-15,46.277435302734375,46.42702619197024,46.25350477779009,46.38514092559027,1087100
2009-07-16,46.480838775634766,46.52272400370745,46.3491981830785,46.52272400370745,529400
2009-07-17,46.36121368408203,46.43899930853909,46.30735858626409,46.42104913098376,575800
2009-07-20,46.510765075683594,46.534695581995116,46.36117430292205,46.421009698997054,473200
2009-07-21,46.79199981689453,46.815934892407,46.403067393976286,46.46888771034836,438600
2009-07-22,46.69026565551758,46.81592134172586,46.64239551834846,46.81592134172586,608300
2009-07-23,46.53472137451172,46.74415222457631,46.41505051603249,46.714232227381196,498100
2009-07-24,46.55266189575195,46.60052748543617,46.43298650866835,46.546676985110466,417900
2009-07-27,46.492862701416016,46.492862701416016,46.37319177451083,46.43302723796342,597100
2009-07-28,46.54069137573242,46.66036676101929,46.37913531203161,46.52274120922669,686600
2009-07-29,46.522727966308594,46.666333822625575,46.432972594180036,46.66035347892544,420200
2009-07-30,46.732181549072266,46.732181549072266,46.46291983981947,46.48685492410981,415200
2009-07-31,46.93559265136719,46.95952771789496,46.73214686845476,46.8338674773374,481200
2009-08-03,46.7855110168457,46.93559927179769,46.71346700554994,46.91158460136577,596900
2009-08-04,46.7435188293457,47.00767580653043,46.64746008115736,46.94763679874611,485900
2009-08-05,46.63541793823242,46.737476841764256,46.58738860233641,46.67143764998964,485200
2009-08-06,46.66545486450195,46.71347963802283,46.59941564803805,46.67145509848501,331800
2009-08-07,46.3412971496582,46.52740530517182,46.28125812370643,46.38332171962369,986100
2009-08-10,46.71949768066406,46.73150273236061,46.425325820606425,46.50337010746547,482000
2009-08-11,46.80953598022461,46.83955088961696,46.689462601662065,46.80953598022461,444600
2009-08-12,46.77952575683594,46.82755511777487,46.56339821294273,46.79753562210505,419500
2009-08-13,46.89961624145508,46.99567041798684,46.701498490670446,46.791552430148336,562200
2009-08-14,47.04364013671875,47.12768915222005,46.929571652683634,47.04964494649108,640800
2009-08-17,47.17577362060547,47.19978830744134,46.97765588945941,47.19978830744134,483900
2009-08-18,47.10970687866211,47.19375594336111,46.98363328161361,47.17574608382997,466600
2009-08-19,47.16375732421875,47.26582087393602,47.03167885544671,47.26582087393602,384500
2009-08-20,47.229793548583984,47.229793548583984,47.025675622823215,47.025675622823215,487700
2009-08-21,47.07970428466797,47.26581692070448,47.00166000525404,47.187768060958405,705500
2009-08-24,47.169776916503906,47.27784073568454,46.97766396910877,47.06771791514829,760500
2009-08-25,47.24781036376953,47.25381518021394,47.055697460544614,47.187775940324165,554900
2009-08-26,47.27780532836914,47.33783972065651,47.1997610764286,47.27180051504124,512000
2009-08-27,47.223812103271484,47.26583666825708,47.12775333739924,47.223812103271484,402300
2009-08-28,47.319820404052734,47.319820404052734,47.11570259500285,47.169732163164426,633000
2009-08-31,47.40987014770508,47.41587495931146,47.20574777605102,47.33782614941614,421700
2009-09-01,47.4647102355957,47.500849405940976,47.3020747780017,47.38038244110997,653800
2009-09-02,47.56707763671875,47.62128635807232,47.39842215404023,47.452630875393794,390700
2009-09-03,47.482791900634766,47.57916457791325,47.45267285400451,47.57314444500424,443300
2009-09-04,47.43456268310547,47.57310374535043,47.37432923689706,47.56707902207438,423200
2009-09-08,47.41045379638672,47.48875679281053,47.36828993746374,47.45864237673181,494800
2009-09-09,47.48878479003906,47.48878479003906,47.29001482108273,47.41650647242537,523900
2009-09-10,47.66950225830078,47.72371560622654,47.48879722590806,47.54903530038555,490200
2009-09-11,47.6935920715332,47.78394457920942,47.60323956385699,47.71166165396456,370000
2009-09-14,47.512874603271484,47.66346054475747,47.482760172285225,47.66346054475747,429800
2009-09-15,47.54902648925781,47.57914092539629,47.470718845155915,47.5369770383872,378100
2009-09-16,47.561073303222656,47.591192336120486,47.43458163698633,47.524934140160624,535500
2009-09-17,47.69961929321289,47.69961929321289,47.50686941132782,47.57914774483493,879600
2009-09-18,47.64540100097656,47.69961434099809,47.55504849795348,47.69358961532476,432800
2009-09-21,47.60927963256836,47.6574682649277,47.543021411954506,47.645418809077405,414600
2009-09-22,47.54902648925781,47.63937439319228,47.53095690847092,47.609259957053794,641400
2009-09-23,47.68754959106445,47.69357431480499,47.536963666175005,47.61527128824886,540700
2009-09-24,47.71163558959961,47.7598241801046,47.6574268719192,47.72970516215975,781200
2009-09-25,47.86226272583008,47.88635704184194,47.71167669739661,47.75384060153715,440400
2009-09-28,47.8863639831543,47.89238871191079,47.741802661649295,47.83215521091051,463800
2009-09-29,47.8863639831543,47.89840884514573,47.771917114388664,47.802036162649586,752400
2009-09-30,47.8863639831543,47.91648303141521,47.82613048215401,47.850224801658435,575600
2009-10-01,48.10264587402344,48.10264587402344,47.903249302043776,47.9757584036452,2491800
2009-10-02,47.957645416259766,48.223502975151696,47.933475709105906,48.223502975151696,787100
2009-10-05,48.030174255371094,48.102683413558964,47.98787839890382,48.102683413558964,465500
2009-10-06,48.08454132080078,48.102667451857386,47.9757799245601,48.054328029105726,769800
2009-10-07,48.10869598388672,48.13286568770232,48.05431299782671,48.1207785308447,802700
2009-10-08,48.09054946899414,48.163058556649055,47.94553590358244,48.163058556649055,1109400
2009-10-09,47.74014663696289,47.993921774674355,47.73410305466425,47.993921774674355,1349300
2009-10-12,47.90326690673828,47.91535406639679,47.68574413189229,47.75825326014119,350700
2009-10-13,47.93952560424805,47.9939086102136,47.81868165083776,47.9939086102136,745700
2009-10-14,47.73408508300781,47.8790987342599,47.703871792792405,47.81263318370668,1088300
2009-10-15,47.74617385864258,47.78846970451848,47.61928632101488,47.70992159357794,736700
2009-10-16,47.76432800292969,47.794536701983645,47.67369268596039,47.77641056057053,858500
2009-10-19,47.83073043823242,47.84281297991927,47.6796733127098,47.83073043823242,973400
2009-10-20,47.927425384521484,47.93950793144777,47.85491627326485,47.91534283759519,533100
2009-10-21,47.921382904052734,47.92742648260416,47.77636928811664,47.89117423109507,453700
2009-10-22,47.879146575927734,47.921442458551574,47.800598396742174,47.830811717147256,349200
2009-10-23,47.73408508300781,47.842846473922094,47.69783282267001,47.81263318370668,552700
2009-10-26,47.67366027832031,47.77637808310486,47.6313644404737,47.73408224525824,390700
2009-10-27,47.84284973144531,47.879101994251464,47.63740948577439,47.75825804496351,315300
2009-10-28,47.79450225830078,47.9093072177199,47.66761474994826,47.836798094418285,766700
2009-10-29,47.81869888305664,47.86703832580116,47.70993744183296,47.77640302313093,357900
2009-10-30,48.01803207397461,48.01803207397462,47.81863559398656,47.91531435151903,428700
2009-11-02,47.97747039794922,48.080516285012315,47.916855442301795,48.06233226078056,525700
2009-11-03,47.89259719848633,47.989580179640484,47.856224534007886,47.989580179640484,609900
2009-11-04,47.880470275878906,47.95321097845057,47.79560843519037,47.89259603861925,446700
2009-11-05,47.922889709472656,47.95319948443503,47.81984387399637,47.88045879929875,454300
2009-11-06,47.935035705566406,48.00171353893446,47.874420754674816,47.9714037511765,413500
2009-11-09,48.03205108642578,48.038113972989976,47.96537320810191,48.00174590285966,335200
2009-11-10,48.050201416015625,48.11687924756741,47.98352820908803,48.10475810756899,432700
2009-11-11,48.17137145996094,48.21380233009641,48.06832572172022,48.080446845494066,681700
2009-11-12,48.2259521484375,48.238077904044204,48.05016568910629,48.092596584488255,480300
2009-11-13,48.1956787109375,48.1956787109375,48.09869110077011,48.18355294735468,398000
2009-11-16,48.31687545776367,48.35324347431919,48.22595079175427,48.26838168594258,488700
2009-11-17,48.30480194091797,48.353291135914006,48.250245237687814,48.329048850728576,729200
2009-11-18,48.31687545776367,48.35930635195198,48.26232343293041,48.35930635195198,660800
2009-11-19,48.353275299072266,48.41995312305657,48.316907258580336,48.395706221187396,699900
2009-11-20,48.32904815673828,48.38360023455991,48.304801247275854,48.353290441575595,476900
2009-11-23,48.36543655395508,48.395741735062416,48.26239061386144,48.3533107818105,517500
2009-11-24,48.48663330078125,48.49269618269878,48.37146629209158,48.40783433434896,586900
2009-11-25,48.583621978759766,48.58362197875976,48.432082299864454,48.45026632139206,579800
2009-11-27,48.66849136352539,48.66849136352539,48.559382592844266,48.66849136352539,117700
2009-11-30,48.64420700073242,48.69270077805656,48.626022990391164,48.69270077805656,373600
2009-12-01,48.57432174682617,48.7020043500762,48.57432174682617,48.677683191535245,535900
2009-12-02,48.50741958618164,48.61078098798769,48.47094018290533,48.61078098798769,463400
2009-12-03,48.458797454833984,48.46487890417234,48.397996877810456,48.458797454833984,454800
2009-12-04,48.25813293457031,48.312852036085495,48.19125094019545,48.252051488140474,618000
2009-12-07,48.38582229614258,48.41014344650518,48.27029799161651,48.31285884505478,482200
2009-12-08,48.4648551940918,48.5378186340967,48.4648551940918,48.48309489439692,387300
2009-12-09,48.416221618652344,48.531745926432166,48.37974221147356,48.531745926432166,580600
2009-12-10,48.349342346191406,48.404066098838406,48.27030207990742,48.404066098838406,624500
2009-12-11,48.294639587402344,48.31287929819975,48.179115233969306,48.25207871594603,280200
2009-12-14,48.25210189819336,48.325065415224685,48.19737810072254,48.30682105687487,393800
2009-12-15,48.20953369140625,48.25209457685273,48.12441192051331,48.12441192051331,517200
2009-12-16,48.233802795410156,48.306761583828695,48.221639904818005,48.23987960192264,709400
2009-12-17,48.36761474609375,48.39193127383598,48.30073269783214,48.3189724130329,514100
2009-12-18,48.355472564697266,48.39803346466663,48.306830210792214,48.367635472568615,349000
2009-12-21,48.130435943603516,48.28243958722715,48.130435943603516,48.26419525341454,654800
2009-12-22,48.02709197998047,48.0939739849695,47.97237286978137,48.08789253757453,603200
2009-12-23,48.02102279663086,48.08182336387945,47.990620193613594,48.03318105456621,680000
2009-12-24,47.82645797729492,47.88117709593018,47.79605537441806,47.862937389718425,567900
2009-12-28,47.87827682495117,47.95147754959103,47.798979530327316,47.84167878956635,2665700
2009-12-29,47.90882873535156,47.90882873535156,47.792928629437114,47.811227666397265,741700
2009-12-30,47.97590255737305,48.0125006116506,47.89050399481033,47.95150230323047,599000
2009-12-31,47.939273834228516,47.969775298822796,47.78067924917452,47.90877702350433,404300
2010-01-04,47.99419403076172,48.0246955071075,47.908795481639785,47.94539353015722,1098100
2010-01-05,48.13451385498047,48.189410950051496,48.06131307434532,48.12231139793772,814600
2010-01-06,48.1162109375,48.17721391593997,48.00641209173144,48.171112687321205,981300
2010-01-07,48.07957077026367,48.11007223277353,48.01857249911373,48.01857249911373,661700
2010-01-08,48.128414154052734,48.165012218595045,48.04301556753808,48.116211696622685,1270000
2010-01-11,48.14672088623047,48.16501992142811,48.08572255094678,48.1406196565397,2237100
2010-01-12,48.329715728759766,48.329715728759766,48.238215908017004,48.25651494139071,702100
2010-01-13,48.21990203857422,48.33579743224098,48.17720275588167,48.280900349010324,460500
2010-01-14,48.335819244384766,48.36021951034469,48.268719676463704,48.299221172382325,777700
2010-01-15,48.36632537841797,48.4517239905296,48.35412291733041,48.40292345393001,745300
2010-01-19,48.34188461303711,48.42728315360847,48.329686816043235,48.396781680316664,782000
2010-01-20,48.45778274536133,48.476081767077325,48.41508347673359,48.451681520165586,417300
2010-01-21,48.51274871826172,48.567650515263736,48.45175034127559,48.4883484366917,647300
2010-01-22,48.49439239501953,48.591993406025466,48.49439239501953,48.55539069996206,403200
2010-01-25,48.42730712890625,48.543207200149,48.40290686896705,48.543207200149,692900
2010-01-26,48.54319381713867,48.57369064324962,48.469993057502,48.54929039003739,494400
2010-01-27,48.47605895996094,48.59195891479505,48.451658724529075,48.57365524781936,597800
2010-01-28,48.49439239501953,48.52489387442697,48.37849235791806,48.37849235791806,696100
2010-01-29,48.555389404296875,48.57978965639726,48.433392797667196,48.45779304976758,469400
2010-02-01,48.523536682128906,48.59084586808148,48.48681960989163,48.58472557797302,437300
2010-02-02,48.55418014526367,48.57253636658854,48.45627874205826,48.51134740603285,573000
2010-02-03,48.523536682128906,48.53577259393232,48.4439869159594,48.48681960989163,444700
2010-02-04,48.61532211303711,48.65815481086478,48.56637379295829,48.56637379295829,428800
2010-02-05,48.69491958618164,48.77446476909142,48.60925410661156,48.69491958618164,903800
2010-02-08,48.701019287109375,48.72549579732718,48.62147413021425,48.72549579732718,411100
2010-02-09,48.60313034057617,48.70103173805996,48.56641790007202,48.67043959377922,691600
2010-02-10,48.49297332763672,48.62147149801098,48.45014060417863,48.615351203683616,453700
2010-02-11,48.41347122192383,48.46853991458429,48.321685399068855,48.456303983466704,505300
2010-02-12,48.48074722290039,48.57864860987586,48.46238633620092,48.51745965946398,387900
2010-02-16,48.54192352294922,48.5725156559738,48.437901867516025,48.46237370656911,1246100
2010-02-17,48.43178176879883,48.53580342465139,48.364472540090354,48.523567505075526,660100
2010-02-18,48.36447525024414,48.48685312652631,48.30328631210305,48.48685312652631,510600
2010-02-19,48.36447525024414,48.36447525024414,48.26656921448501,48.34611903564348,509300
2010-02-22,48.34613800048828,48.39508636915219,48.30330526014575,48.39508636915219,484700
2010-02-23,48.529685974121094,48.535806268475866,48.40118780317131,48.419544017818886,516000
2010-02-24,48.59090042114258,48.62761286618345,48.52970678818279,48.57865982718312,378600
2010-02-25,48.6581916809082,48.6581916809082,48.57252622034109,48.6581916809082,858200
2010-02-26,48.71324157714844,48.78055078785824,48.65205265879823,48.65205265879823,936200
2010-03-01,48.764808654785156,48.80776765004474,48.703439330439934,48.80776765004474,565000
2010-03-02,48.801631927490234,48.81390860232459,48.72799060720239,48.75867292992913,709800
2010-03-03,48.807796478271484,48.8139348189854,48.73415511843284,48.789386138311826,731900
2010-03-04,48.84458923339844,48.85686590780761,48.752537586226694,48.795496582299975,461200
2010-03-05,48.770957946777344,48.78322994153118,48.67890159849221,48.770957946777344,900200
2010-03-08,48.6911735534668,48.70958856885307,48.66662956397916,48.6911735534668,720200
2010-03-09,48.72184371948242,48.74025404632352,48.666612738959145,48.72184371948243,577300
2010-03-10,48.68503189086914,48.68503189086914,48.60524755052367,48.660483223238195,1147900
2010-03-11,48.67890930175781,48.697319637892136,48.62367829335485,48.66049896562349,337600
2010-03-12,48.69729995727539,48.746397288578706,48.6113819685842,48.62979229727814,554900
2010-03-15,48.764808654785156,48.77094699187347,48.703439330439934,48.75253666278784,459600
2010-03-16,48.85072708129883,48.85072708129883,48.72185009436984,48.74026042361979,523800
2010-03-17,48.86301803588867,48.86301803588867,48.82005902769083,48.844603019077546,380500
2010-03-18,48.77707290649414,48.8875395350538,48.75252424657221,48.875262864003766,594000
2010-03-19,48.81392288208008,48.856881892208165,48.770963871951984,48.81392288208007,341300
2010-03-22,48.86301803588867,48.869151692644984,48.82005902769083,48.832331023384185,484000
2010-03-23,48.86301803588867,48.912110700842824,48.83846936232123,48.88142837051907,538700
2010-03-24,48.6175422668457,48.77096798483894,48.568444913364345,48.70959863407791,654000
2010-03-25,48.46409225463867,48.61137955906882,48.38430792468065,48.59910756794089,998900
2010-03-26,48.568443298339844,48.59299197426422,48.45183825824438,48.50093561009312,863200
2010-03-29,48.46409225463867,48.59296923128743,48.46409225463867,48.556148575724634,853200
2010-03-30,48.562286376953125,48.56842471413074,48.47023473018582,48.53773771042205,465600
2010-03-31,48.60524368286133,48.65434101421639,48.56228468847045,48.623658693753896,463000
2010-04-01,48.58988952636719,48.62067177331384,48.5344824212055,48.62067177331384,605200
2010-04-05,48.30665969848633,48.44209392731815,48.263567416285895,48.43593654508765,817000
2010-04-06,48.343650817871094,48.38058576079313,48.32518334641008,48.343650817871094,487900
2010-04-07,48.52827835083008,48.55905586848018,48.386686740178845,48.386686740178845,526900
2010-04-08,48.50368118286133,48.620648028080865,48.491366411412336,48.61449064235637,669600
2010-04-09,48.59599685668945,48.6206216895386,48.50365490768178,48.54674719099114,338100
2010-04-12,48.645267486572266,48.68835979261328,48.5898651059663,48.59602249160333,606500
2010-04-13,48.74374771118164,48.75605778090812,48.67603058591785,48.74374771118164,464600
2010-04-14,48.70683670043945,48.78686393469038,48.67605446596087,48.74992901068373,605000
2010-04-15,48.78069305419922,48.79916051109387,48.61448124543908,48.68835107301769,712200
2010-04-16,48.88535690307617,48.891509591795646,48.78685752305728,48.82379244220989,481900
2010-04-19,48.82378387451172,48.916125852897835,48.79300634618843,48.916125852897835,436600
2010-04-20,48.8730354309082,48.8730354309082,48.8053182906076,48.86687804632407,391100
2010-04-21,48.909942626953125,48.94072483572074,48.854540287218185,48.879165114891144,704900
2010-04-22,48.87921905517578,48.99618124481303,48.85459420032824,48.9407788439392,476400
2010-04-23,48.84225845336914,48.8607306091066,48.76838861725452,48.84225845336913,533300
2010-04-26,48.817649841308594,48.90998715827097,48.805335067907,48.90998715827097,447200
2010-04-27,48.99615478515625,49.03309439583426,48.87919265868268,48.909970188088025,598500
2010-04-28,48.96538162231445,48.99615915446443,48.891507091078836,48.977691695832696,733100
2010-04-29,48.983856201171875,49.039263281829655,48.93460650652259,48.99001358718038,689300
2010-04-30,49.125431060791016,49.15620858686542,49.00230686637009,49.051556544138464,516100
2010-05-03,49.098880767822266,49.1050564936137,49.006268434443484,49.05566010867932,533800
2010-05-04,49.24087905883789,49.26557724371218,49.16061349101926,49.216180873963594,468400
2010-05-05,49.26559829711914,49.389084563564744,49.2409001016902,49.31499468797703,504900
2010-05-06,49.45702362060547,50.22264914877279,48.69757382149222,49.27796516364599,1561600
2010-05-07,49.3335075378418,49.71014670097273,49.3335075378418,49.481691970823384,767500
2010-05-10,49.27791213989258,49.38905158977282,49.21616904789154,49.22234477030043,517000
2010-05-11,49.345863342285156,49.352039068747466,49.22855280369563,49.339692326521906,568700
2010-05-12,49.21000289916992,49.3581920016374,49.203831886256445,49.339669541503184,2226900
2010-05-13,49.30265426635742,49.364397413395224,49.21621291836448,49.364397413395224,413300
2010-05-14,49.46933364868164,49.5557749402407,49.37671663324062,49.41993727902015,698500
2010-05-17,49.47551727294922,49.62987743446426,49.438472341609064,49.53108938065775,380900
2010-05-18,49.66078567504883,49.69165961297027,49.42615976323117,49.537299344766176,753200
2010-05-19,49.67311096191406,49.72868308402171,49.592845352980234,49.605192096393324,459400
2010-05-20,49.75954055786133,49.8274594073576,49.642230035666465,49.796590200758274,801300
2010-05-21,49.82749938964844,50.00038687026528,49.76575621620779,49.95716617778661,997400
2010-05-24,49.821292877197266,49.870684554341935,49.79041895712038,49.82746389265358,836400
2010-05-25,49.833656311035156,49.97566979597916,49.703994282538666,49.90157518939528,1072100
2010-05-26,49.77193069458008,49.77810642497943,49.623746139910196,49.753408214084104,700200
2010-05-27,49.58049774169922,49.64841660603109,49.50640315041915,49.64841660603109,870700
2010-05-28,49.67930603027344,49.70400423741469,49.58051791240973,49.6113871383103,511900
2010-06-01,49.71891784667969,49.774659001679304,49.632213583371815,49.700339036689144,595400
2010-06-02,49.675594329833984,49.743719822393885,49.63224217320776,49.70036766576765,2665400
2010-06-03,49.619815826416016,49.66316794631133,49.54549588158403,49.54549588158403,1188600
2010-06-04,49.756103515625,49.83661803767639,49.69417253906822,49.7437192103259,2046300
2010-06-07,49.91089630126953,49.92328532241049,49.73748780551312,49.73748780551312,472900
2010-06-08,49.89234161376953,49.94188827223119,49.855183982438,49.855183982438,538700
2010-06-09,49.89234161376953,49.9109204294353,49.7684796926448,49.83041065320717,446300
2010-06-10,49.68793487548828,49.82418100263021,49.669351347898576,49.768444594939346,845800
2010-06-11,49.768455505371094,49.83658094638982,49.694135553797814,49.756066484261986,621300
2010-06-14,49.78085708618164,49.793246111592424,49.669379482628436,49.731315159624806,539600
2010-06-15,49.69411849975586,49.83656384346343,49.669345191066476,49.81798504320277,808100
2010-06-16,49.81184005737305,49.81803457196031,49.72513575327212,49.76848790532258,662000
2010-06-17,49.94811248779297,49.99146465846923,49.83044028522929,49.83663480247796,785200
2010-06-18,49.92947769165039,49.97901959900814,49.90470437545806,49.96044079312062,902100
2010-06-21,49.941864013671875,49.96663733086941,49.83038644879652,49.83038644879652,624500
2010-06-22,50.0595817565918,50.084355096389125,49.94190957381233,49.97906722099261,496900
2010-06-23,50.18341827392578,50.22677041532194,50.05336184973729,50.102908504198346,583500
2010-06-24,50.11528015136719,50.23914675624394,50.06573350941649,50.23295224474314,451400
2010-06-25,50.177207946777344,50.220560074510445,50.102892713536335,50.11527701073398,449400
2010-06-28,50.27012252807617,50.307284881415306,50.2019970594883,50.232964899766074,1230200
2010-06-29,50.38776779174805,50.39396230150741,50.28248475097151,50.28248475097151,1188300
2010-06-30,50.40018081665039,50.443532959625585,50.3072867424387,50.412569843231424,1286700
2010-07-01,50.424407958984375,50.51135691975988,50.374721484723224,50.467882439372126,1631400
2010-07-02,50.39334487915039,50.44924333857866,50.325027172272634,50.40576886496211,640400
2010-07-06,50.51757049560547,50.52999448490663,50.380939781837704,50.393359032775294,787900
2010-07-07,50.455413818359375,50.5423627022192,50.43678259158352,50.53615545219978,588100
2010-07-08,50.41819381713867,50.461668295674286,50.32503286645872,50.374719338603065,619500
2010-07-09,50.362308502197266,50.380944487889785,50.30641476021176,50.37473249265895,582400
2010-07-12,50.380924224853516,50.43681794435875,50.34365700682124,50.39334347195619,425700
2010-07-13,50.29397201538086,50.34986573125794,50.25670479976766,50.34986573125794,514100
2010-07-14,50.424407958984375,50.44925119611494,50.312615761078284,50.362297496976446,795800
2010-07-15,50.47406005859375,50.55480171645068,50.41195437141471,50.455428826276055,2924400
2010-07-16,50.64177703857422,50.66662027407496,50.48651037046663,50.54240409657128,350800
2010-07-19,50.58584976196289,50.68522264736609,50.579642510395175,50.66659141594298,455600
2010-07-20,50.57965850830078,50.6976579240893,50.57965850830078,50.672814694880806,2581000
2010-07-21,50.75975799560547,50.79702046262441,50.61069865080868,50.61069865080868,791100
2010-07-22,50.7038688659668,50.753555323354846,50.672813645508924,50.753555323354846,473900
2010-07-23,50.616939544677734,50.7101005037823,50.585884312188476,50.7038885096118,713500
2010-07-26,50.64177703857422,50.65419628714325,50.55482808350298,50.62935305164252,570400
2010-07-27,50.616939544677734,50.654202032974275,50.548621823891935,50.548621823891935,815500
2010-07-28,50.7038688659668,50.72250010289697,50.585864714260524,50.585864714260524,513600
2010-07-29,50.75975799560547,50.772177238491615,50.6417538655648,50.703859556716544,507100
2010-07-30,50.83430099487305,50.90261870092651,50.80325050744287,50.883987460795964,1510600
2010-08-02,50.82308578491211,50.841769982977766,50.76703319071514,50.82931543487754,2218700
2010-08-03,50.96010208129883,50.966331730348415,50.82307831318764,50.91650404161163,1232500
2010-08-04,50.86048126220703,50.94144773998189,50.83556740323799,50.92898843458101,1559400
2010-08-05,50.94141387939453,50.94764352795415,50.87290200072745,50.91650003698563,753400
2010-08-06,51.09090042114258,51.09090042114258,50.96633594083988,51.022388531427,2527100
2010-08-09,51.028621673583984,51.07221971985698,50.985023627310994,51.0597651717064,427000
2010-08-10,51.1345329284668,51.14076258222974,50.97882484722796,51.022422919901494,1123200
2010-08-11,51.171878814697266,51.1967879128006,51.122051114828594,51.1594195138146,865000
2010-08-12,51.07845687866211,51.18433718491428,51.05977267777424,51.11582528043785,482900
2010-08-13,51.221702575683594,51.2279322262238,51.078453876076395,51.14073612598523,670400
2010-08-16,51.414764404296875,51.44590314163272,51.346252529597024,51.39607545970023,585500
2010-08-17,51.34000015258789,51.37736852157921,51.29017249271468,51.371143627965445,823700
2010-08-18,51.30887222290039,51.40229792551222,51.29018803274376,51.377384088027156,500300
2010-08-19,51.42720413208008,51.4458883194643,51.24658240098602,51.24658240098602,490300
2010-08-20,51.35871887207031,51.445914959567844,51.346264324640835,51.43968530993791,626400
2010-08-23,51.3898811340332,51.41479498982015,51.30268501469495,51.30268501469495,399200
2010-08-24,51.570491790771484,51.5891759905836,51.470836389332106,51.508204788956334,543000
2010-08-25,51.50196838378906,51.68259019467052,51.45214069420175,51.61407830944548,1040100
2010-08-26,51.54558563232422,51.57049948640185,51.470844070091346,51.51444212676924,459400
2010-08-27,51.30887222290039,51.58914933073587,51.296417680072175,51.49572362812405,736600
2010-08-30,51.539344787597656,51.539344787597656,51.3836367973028,51.42723484451213,499700
2010-08-31,51.62654495239258,51.64522915240815,51.57049235234585,51.57671725113029,553800
2010-09-01,51.46165466308594,51.58655968363838,51.361726834787106,51.57407108751158,547900
2010-09-02,51.36174392700195,51.430443140613924,51.33052004388369,51.40546117522569,636800
2010-09-03,51.26803970336914,51.29302165752815,51.13688801764972,51.23056915454089,814100
2010-09-07,51.48662567138672,51.49911426485779,51.32424536734229,51.39294454348339,751900
2010-09-08,51.342960357666016,51.411659506668514,51.33047176912839,51.39292424145296,499800
2010-09-09,51.149375915527344,51.28677426632058,51.13064064311373,51.26179231482907,586000
2010-09-10,51.08696746826172,51.136926649501305,51.03700352219797,51.10570275682958,417400
2010-09-13,51.21809005737305,51.255560613149555,51.06195638854234,51.074444985527364,732400
2010-09-14,51.29302978515625,51.336747020656595,51.211841994890264,51.211841994890264,678800
2010-09-15,51.24309158325195,51.324279406709636,51.21810961492115,51.26182686829424,469300
2010-09-16,51.16184616088867,51.21181004595332,51.093147010129364,51.18058142658333,490600
2010-09-17,51.211891174316406,51.29307904254813,51.19315587894185,51.20564448758293,553400
2010-09-20,51.249305725097656,51.268040999985615,51.180606540628034,51.199346580336666,510300
2010-09-21,51.43669509887695,51.4741656683912,51.255579404852774,51.255579404852774,577700
2010-09-22,51.48039627075195,51.567830748855584,51.45541431060496,51.4928848684146,497700
2010-09-23,51.49287414550781,51.58030860540404,51.46165027544242,51.57406669028338,684300
2010-09-24,51.374229431152344,51.46791059581806,51.36173606795854,51.46791059581806,563500
2010-09-27,51.59281921386719,51.611554495134165,51.44917411611651,51.492891360680225,785900
2010-09-28,51.705230712890625,51.73021267379408,51.59281427123603,51.59281427123603,818200
2010-09-29,51.64900588989258,51.70521647765516,51.62402870068757,51.69896979794365,430600
2010-09-30,51.62405776977539,51.64903497304486,51.45543067635562,51.61156440331745,770400
2010-10-01,51.582096099853516,51.619668028103426,51.48816150151661,51.594618483366105,1249200
2010-10-04,51.713558197021484,51.7198169945445,51.594574156171745,51.638409627373015,571700
2010-10-05,51.7260856628418,51.75113518852439,51.669727813337346,51.694777339019936,758800
2010-10-06,51.8450927734375,51.90771422664053,51.826306815247655,51.88266468981719,454000
2010-10-07,51.93279266357422,51.94531505009916,51.87017117552292,51.90774311281104,559800
2010-10-08,51.87013626098633,52.014165108785086,51.87013626098633,51.976593196787164,1220000
2010-10-11,51.851383209228516,51.951576630707834,51.84511962735071,51.94531304883003,442300
2010-10-12,51.80126953125,51.932776047395464,51.80126953124999,51.92025366487713,431400
2010-10-13,51.8826904296875,51.88895401142845,51.763711042887266,51.8200689454169,612500
2010-10-14,51.68225860595703,51.87638648948339,51.67599502908897,51.813765053930624,926900
2010-10-15,51.56328201293945,51.68852967992065,51.56328201293945,51.60712227966535,829400
2010-10-18,51.75745391845703,51.77623988831067,51.63846973909923,51.67604167880649,486900
2010-10-19,51.83256149291992,51.851352227325606,51.66348310495077,51.66348310495077,470800
2010-10-20,51.81378173828125,51.90145273182757,51.769946241508094,51.81378173828126,602700
2010-10-21,51.76991271972656,51.84506128455395,51.75739034777586,51.82001176294482,673900
2010-10-22,51.73863983154297,51.807524868713514,51.73237625242446,51.75116221206898,524400
2010-10-25,51.76991271972656,51.87011080616308,51.73860440099594,51.84506128455395,1413900
2010-10-26,51.62590408325195,51.71357505423283,51.60711812914313,51.66347599146959,386600
2010-10-27,51.51943588256836,51.607111620200726,51.500649930828914,51.563271362530045,1980200
2010-10-28,51.694766998291016,51.694766998291016,51.582046544121575,51.61335486168069,700500
2010-10-29,51.788726806640625,51.79499038487324,51.707319400457884,51.73236893567803,442900
2010-11-01,51.787498474121094,51.91936857362055,51.737260876905786,51.8942497750129,648700
2010-11-02,51.87540054321289,51.887957544313544,51.837724748991,51.887957544313544,870300
2010-11-03,51.931922912597656,52.0700739023901,51.818890720123896,51.98216050723504,1443800
2010-11-04,52.09518051147461,52.120299302916486,52.01982413714897,52.03866682392008,838100
2010-11-05,51.87540054321289,52.03238940703064,51.87540054321289,51.96959481968752,1200000
2010-11-08,51.88794708251953,51.944465553376865,51.87539008395065,51.91306587057624,556900
2010-11-09,51.62419509887695,51.90049691291539,51.6116381032015,51.8879351263221,502300
2010-11-10,51.60536193847656,51.66187561057119,51.40441645283185,51.617918935302605,884000
2010-11-11,51.62419509887695,51.655594774442356,51.53000086309859,51.64931388114571,252900
2010-11-12,51.391845703125,51.61163383205847,51.37300781571184,51.54883448612465,779900
2010-11-15,51.14698791503906,51.35421443802617,51.10931210755835,51.29141982858445,1803700
2010-11-16,51.316524505615234,51.316524505615234,51.0276655489548,51.19721142687191,1044200
2010-11-17,51.32906723022461,51.42954238246504,51.27883444502335,51.34162901971414,507300
2010-11-18,51.32906723022461,51.32906723022461,51.197197186098265,51.29139144359392,558600
2010-11-19,51.34164047241211,51.39187326881872,51.28512198893964,51.322802574894624,1286400
2010-11-22,51.49236297607422,51.49236297607422,51.423287471735044,51.423287471735044,650500
2010-11-23,51.50489807128906,51.62421112637869,51.50489807128907,51.54885475617693,728000
2010-11-24,51.259986877441406,51.42953748296493,51.24114898592068,51.4044186972978,539400
2010-11-26,51.3792724609375,51.3792724609375,51.24740249982882,51.372991570146816,341200
2010-11-29,51.416996002197266,51.46723359337324,51.34792051206039,51.46723359337324,373100
2010-11-30,51.435813903808594,51.580240920185865,51.410695120326004,51.567683923903616,517500
2010-12-01,51.12104034423828,51.2973407317534,51.10215170326528,51.22807917896885,1170600
2010-12-02,51.07691192626953,51.20283927051287,51.06431630955304,51.09580054752401,720300
2010-12-03,51.158756256103516,51.284683580744584,51.114681212097196,51.23431553317987,569200
2010-12-06,51.328758239746094,51.328758239746094,51.209128723380246,51.23431514888345,1060300
2010-12-07,50.957279205322266,51.17135665810057,50.862831292229316,51.15246803624606,990300
2010-12-08,50.692867279052734,50.78731526366672,50.52915775931009,50.76842182368468,966500
2010-12-09,50.7369384765625,50.82508864109391,50.65508132105213,50.774715745983485,791900
2010-12-10,50.57319259643555,50.71801336476504,50.57319259643555,50.699119939819276,934600
2010-12-13,50.70542526245117,50.74320251030067,50.4850499769609,50.52282722481039,1026300
2010-12-14,50.38433074951172,50.64248822247907,50.31507402662801,50.57952450833349,1305100
2010-12-15,50.22690200805664,50.4787615829453,50.189124753160975,50.428388707203204,926500
2010-12-16,50.34025192260742,50.36543836715582,50.11357872549495,50.19543587123302,1117000
2010-12-17,50.64876174926758,50.67394818361375,50.37171577528076,50.37171577528076,868800
2010-12-20,50.680240631103516,50.812465807098654,50.61097913836971,50.6991292556998,639600
2010-12-21,50.7369384765625,50.74952929842827,50.61100623878642,50.71804984185201,1499700
2010-12-22,50.680240631103516,50.76209774278225,50.64246338191093,50.736911308713495,546700
2010-12-23,50.623592376708984,50.64248100787941,50.57321949103934,50.64248100787941,477000
2010-12-27,50.764991760253906,50.764991760253906,50.54934585320425,50.60643044347609,514800
2010-12-28,50.435245513916016,50.72065914965054,50.43524551391602,50.7016325417176,688600
2010-12-29,50.73329544067383,50.79038005106333,50.44788690545354,50.460569686146165,642100
2010-12-30,50.73963165283203,50.752314431625564,50.60009689156141,50.720605065187556,670800
2010-12-31,50.91086959838867,50.93623999180333,50.73962549147436,50.73962549147436,534500
2011-01-03,50.847496032714844,50.88555407971326,50.714304965501704,50.758701987906086,936500
2011-01-04,50.85383987426758,50.94897773344578,50.79041624778629,50.879210292642604,1784100
2011-01-05,50.631805419921875,50.726943186385476,50.53666765345827,50.695228984595005,837300
2011-01-06,50.67625045776367,50.71430366487364,50.593795390475535,50.676250457763665,591000
2011-01-07,50.86650848388672,50.92993693159851,50.70160806878734,50.739661266285474,847000
2011-01-10,50.98702621459961,50.98702621459961,50.87286176195234,50.923602593998254,509800
2011-01-11,50.88554763793945,50.987024459626376,50.828462994124635,50.98068064611097,980700
2011-01-12,50.85383987426758,50.898236896695735,50.739675411036245,50.80309903751753,517500
2011-01-13,51.01239776611328,51.01239776611328,50.80943927232403,50.80943927232403,1025900
2011-01-14,50.942596435546875,51.082131214483496,50.92991365514762,51.044078034376774,1107000
2011-01-18,50.891883850097656,50.929941890212355,50.80308982134943,50.89822766326871,766200
2011-01-19,50.95529556274414,50.974326997811886,50.86650155473676,50.90455958596172,722200
2011-01-20,50.764991760253906,50.87915610189023,50.695224393759084,50.86012951810207,1012000
2011-01-21,50.86650848388672,50.86650848388671,50.72697848008982,50.75234405248113,573300
2011-01-24,50.860172271728516,50.936278670857035,50.8474846459328,50.853828458830655,582000
2011-01-25,50.99333953857422,51.044080340281376,50.83477816242126,50.910884526072806,1380800
2011-01-26,50.815757751464844,50.955287714764665,50.815757751464844,50.91723452831106,1104100
2011-01-27,50.91722106933594,50.96161805476626,50.815744319313126,50.86014130474345,441100
2011-01-28,51.02506637573242,51.05678059738209,50.82210793834274,50.83479556256694,1006300
2011-01-31,50.95529556274414,51.031406786283554,50.90455958596172,51.00603637843708,1061200
2011-02-01,50.85672378540039,50.913968744832864,50.780398790324234,50.875803821044066,1186900
2011-02-02,50.799476623535156,50.920318449996664,50.748593300550965,50.90123841700278,810400
2011-02-03,50.62775802612305,50.76132313966819,50.627758026123054,50.691359767929995,851500
2011-02-04,50.456024169921875,50.615030923373666,50.42422087823111,50.57686600284454,988600
2011-02-07,50.46238327026367,50.500548192550454,50.379701501561264,50.40514316558537,1222300
2011-02-08,50.30337905883789,50.48782749298446,50.290660652431896,50.462385827670985,994100
2011-02-09,50.42422866821289,50.50055366856148,50.25886026037517,50.322466853583215,1252300
2011-02-10,50.26522445678711,50.42423124292271,50.25886282664112,50.35426786882288,519000
2011-02-11,50.436912536621094,50.506875852507164,50.37330599308977,50.436912536621094,769000
2011-02-14,50.494171142578125,50.59593776759517,50.39876614474958,50.42420780100384,559300
2011-02-15,50.56414031982422,50.58322035109203,50.46237368306216,50.481458566830284,473400
2011-02-16,50.583229064941406,50.65319242664266,50.513265703240144,50.56414903038673,635400
2011-02-17,50.65953063964844,50.710413943275576,50.6468073874922,50.67224903930577,561800
2011-02-18,50.65953063964844,50.678610665383886,50.56412565847229,50.60228570994319,555800
2011-02-22,50.85033416748047,50.86941904512108,50.70405073972718,50.71041236560738,1618800
2011-02-23,50.843971252441406,50.95209461685034,50.82489122960432,50.894849695840904,638700
2011-02-24,50.89487075805664,50.97119573348931,50.86943395207927,50.88851398281239,939000
2011-02-25,51.03479766845703,51.03479766845703,50.92031263107576,50.94575428966051,998100
2011-02-28,51.104774475097656,51.104774475097656,51.00936944340458,51.034811108689496,1833400
2011-03-01,51.08053207397461,51.099662581306006,50.933861607542184,50.965744164648655,558500
2011-03-02,50.97850036621094,51.13154928805746,50.96574345127686,51.06140085193249,595200
2011-03-03,50.774436950683594,50.88284640827076,50.74892798442699,50.87008949247354,840700
2011-03-04,50.94660949707031,50.96574000283953,50.83820005415328,50.850952102887035,960000
2011-03-07,50.94023513793945,51.02951408226934,50.876465158466324,50.89559566577451,443900
2011-03-08,50.89559555053711,50.94661348013512,50.86371299354152,50.92110451533611,499600
2011-03-09,50.98485565185547,51.061382517969946,50.88282469570525,50.94021619628929,712800
2011-03-10,51.220829010009766,51.23358105980024,51.03589266335376,51.11241955810929,553100
2011-03-11,51.22720718383789,51.26546819833494,51.18894130400328,51.23995923355772,724200
2011-03-14,51.2782096862793,51.361110147861396,51.27183123066957,51.290961732162664,568800
2011-03-15,51.3100700378418,51.456745261399924,51.30369158499128,51.44398835569888,601100
2011-03-16,51.552425384521484,51.75649706254746,51.39299803506613,51.44401595457262,875800
2011-03-17,51.47587966918945,51.52051911186983,51.3674702891563,51.45674917451706,540100
2011-03-18,51.46953201293945,51.47591047009162,51.3611225680389,51.386631531310314,533600
2011-03-21,51.3228645324707,51.43127398365889,51.2718466029689,51.43127398365889,813800
2011-03-22,51.3037109375,51.322846303269706,51.2526978914549,51.278206847145356,999300
2011-03-23,51.284542083740234,51.41208676680779,51.26541159761315,51.39295141534852,1049500
2011-03-24,51.20170593261719,51.28460643162898,51.18894901563797,51.265475921498435,650000
2011-03-25,51.131561279296875,51.26547972548597,51.09330025619675,51.24634921393591,727400
2011-03-28,51.08692169189453,51.13156117386552,51.04228220992355,51.05503426248442,810700
2011-03-29,50.99761962890625,51.1379164702224,50.972110670000006,51.06776804956432,649500
2011-03-30,51.08692169189453,51.10605220340515,51.004021186902314,51.0486606688733,746900
2011-03-31,51.029518127441406,51.16981501260633,51.01676607667094,51.15068450378165,717300
2011-04-01,51.09218978881836,51.11777164366206,50.94510022251695,50.96428539383975,953300
2011-04-04,51.1561279296875,51.220080109604105,51.11775759758526,51.14973612716284,605000
2011-04-05,51.04103469848633,51.14336213514128,51.02824620852482,51.117780275977545,990900
2011-04-06,50.964290618896484,51.02824282294242,50.964290618896484,51.01544945458898,476600
2011-04-07,50.95146179199219,51.021810631257104,50.9066947923906,50.98983699110569,679700
2011-04-08,50.91954803466797,50.951521712421325,50.868384295171296,50.88117279042409,687500
2011-04-11,50.92591857910156,50.97708229723538,50.88754823012156,50.91952677376537,444000
2011-04-12,51.1049690246582,51.13054599318963,51.015430117843984,51.015430117843984,778200
2011-04-13,51.20090103149414,51.22008619982644,51.060203291405095,51.07299665645273,514500
2011-04-14,51.17532730102539,51.25846954931037,51.16253881318766,51.220094327317334,562100
2011-04-15,51.33522415161133,51.341620836884275,51.264880130573914,51.2840653071515,1045900
2011-04-18,51.392791748046875,51.45034728582898,51.28407247940826,51.32244283792967,795500
2011-04-19,51.475887298583984,51.50786582417951,51.43112029029302,51.45670213492185,531200
2011-04-20,51.405548095703125,51.48229364399657,51.39275961060699,51.43752662730178,631200
2011-04-21,51.44389724731445,51.4694790837855,51.40552205298967,51.41191873191653,568100
2011-04-25,51.475887298583984,51.50786582417951,51.424728488564284,51.45670213492185,719400
2011-04-26,51.635780334472656,51.642177016698774,51.52066445059715,51.53345781504938,538200
2011-04-27,51.610206604003906,51.62939665370119,51.514280751715916,51.539857726166254,760700
2011-04-28,51.706119537353516,51.71891289941466,51.6357706837312,51.667749209646075,1046600
2011-04-29,51.77647018432617,51.7956553488444,51.680539482496876,51.680539482496876,526000
2011-05-02,51.791259765625,51.85538862660045,51.74636907367034,51.85538862660045,820700
2011-05-03,51.84893798828125,51.86817614383899,51.784809172183785,51.842523638856996,693400
2011-05-04,51.9130744934082,51.945141352563994,51.83612185977953,51.8553600181867,821600
2011-05-05,52.028526306152344,52.05417882379368,51.93874494076641,51.95157364594581,581500
2011-05-06,52.06700134277344,52.131130182898744,51.938738769805944,51.97721998805463,602600
2011-05-09,52.11187744140625,52.13752994882325,52.06698677660538,52.09904874134,544300
2011-05-10,51.977176666259766,52.079781746397884,51.964347973297,52.06695794614792,643600
2011-05-11,52.04136276245117,52.07983909828516,51.932343215776065,51.957990844519934,570800
2011-05-12,51.99004364013672,52.0734106427732,51.94515296291448,52.015696154651835,994000
2011-05-13,52.06700134277344,52.17602086025815,52.047763180007536,52.06058699094584,696200
2011-05-16,52.188838958740234,52.19525330986573,52.06699564365387,52.11188631609966,1271500
2011-05-17,52.272216796875,52.291454959725584,52.227326119318015,52.25938809316335,713200
2011-05-18,52.12471389770508,52.25938592478814,52.118299546115395,52.246562114325485,705300
2011-05-19,52.105491638183594,52.131144159654724,51.970819569998774,51.970819569998774,759900
2011-05-20,52.15038299560547,52.195273685575444,52.111906659264996,52.111906659264996,752700
2011-05-23,52.18246078491211,52.2850660008525,52.18246078491211,52.2850660008525,540400
2011-05-24,52.214473724365234,52.23371187848689,52.14393056410935,52.18241176506736,1002500
2011-05-25,52.233734130859375,52.278624807172264,52.18884345454648,52.25938664485485,486300
2011-05-26,52.304290771484375,52.362010165996224,52.233747563035465,52.25940008362762,1436000
2011-05-27,52.323486328125,52.34272937243669,52.291424373033585,52.323486328125,774700
2011-05-31,52.38759994506836,52.42607623351681,52.240099351495694,52.29781867688053,1267900
2011-06-01,52.64103698730469,52.64103698730469,52.47383955305063,52.49313062120073,1058300
2011-06-02,52.42876434326172,52.56380656915359,52.42876434326172,52.52522447780341,892100
2011-06-03,52.51882553100586,52.62171771421934,52.4352293117719,52.62171771421934,747300
2011-06-06,52.4866943359375,52.53170845578818,52.441680216086816,52.44810730022898,841900
2011-06-07,52.55097961425781,52.55741160213465,52.403073330106096,52.448087432905446,917800
2011-06-08,52.65385437011719,52.71173243490874,52.5702581722717,52.58311723879867,825100
2011-06-09,52.53166198730469,52.660272242777346,52.493074985729486,52.647413179696784,1069900
2011-06-10,52.59600830078125,52.647454405722314,52.53170312269022,52.589576311120965,975900
2011-06-13,52.54452133178711,52.62811750767536,52.50593923617204,52.51879829932147,844200
2011-06-14,52.32591247558594,52.41594068699197,52.32591247558593,52.41594068699197,860100
2011-06-15,52.538116455078125,52.58956254655391,52.35163295927471,52.377351098843285,1002500
2011-06-16,52.57026672363281,52.65386293507651,52.538111692832764,52.602421754432854,885200
2011-06-17,52.62172317504883,52.634582246200296,52.531694958478994,52.54455402963047,1254100
2011-06-20,52.557403564453125,52.64743175628368,52.51881654926253,52.63456778249732,804700
2011-06-21,52.57026672363281,52.62171281044534,52.4995295808078,52.4995295808078,700300
2011-06-22,52.5831298828125,52.67316299482274,52.52525671027298,52.615284916113964,681100
2011-06-23,52.71174621582031,52.75676031968527,52.66673211195536,52.67316409998446,925200
2011-06-24,52.76320266723633,52.82107585235293,52.67960152495192,52.68603351424387,725000
2011-06-27,52.60883331298828,52.756739542391124,52.58311027717181,52.756739542391124,704000
2011-06-28,52.41593551635742,52.55097782014507,52.33876638297774,52.544545832487835,2249600
2011-06-29,52.30017852783203,52.40949777515866,52.26159151229375,52.377342746571514,1438900
2011-06-30,52.19086456298828,52.37092096649616,52.0944043736322,52.351629909858744,1808400
2011-07-01,52.21469497680664,52.30496448933323,52.1502125370138,52.25338050522675,922700
2011-07-05,52.388824462890625,52.40171800902543,52.29210564924834,52.29210564924834,739900
2011-07-06,52.42106246948242,52.466197257151364,52.36302921715213,52.39527045948262,1144400
2011-07-07,52.31145095825195,52.32434942433383,52.214737059255135,52.29855741149353,915900
2011-07-08,52.582252502441406,52.63383159689902,52.49842725021844,52.51132571332458,1066800
2011-07-11,52.73701095581055,52.78214574773531,52.66608415145402,52.685426930947,592200
2011-07-12,52.78857421875,52.82081053211854,52.678956979196954,52.80146776023313,882600
2011-07-13,52.8594856262207,52.85948562622071,52.71118288601613,52.73697488080475,1043600
2011-07-14,52.65962219238281,52.82726777301312,52.65962219238281,52.7563409857973,998500
2011-07-15,52.756343841552734,52.78858508087688,52.595147483576916,52.601596715306236,574100
2011-07-18,52.68539047241211,52.78210922227059,52.68539047241211,52.76921076531881,799100
2011-07-19,52.82724380493164,52.8336930333858,52.63380630586657,52.64025553432073,799000
2011-07-20,52.743446350097656,52.82081744776923,52.71765434443311,52.79502544210468,822100
2011-07-21,52.627403259277344,52.711223617620966,52.55647644863128,52.68543160290205,656800
2011-07-22,52.769248962402344,52.769248962402344,52.67253506185735,52.68542860882218,926000
2011-07-25,52.59513473510742,52.74343751300013,52.569342733764294,52.620926736450556,797600
2011-07-26,52.724098205566406,52.78213144764598,52.63382864617332,52.66606988280887,605900
2011-07-27,52.61446762084961,52.73697837438132,52.59512485330678,52.653158075255604,846300
2011-07-28,52.769248962402344,52.79504097565552,52.678979375678004,52.70477138893118,1649000
2011-07-29,53.040042877197266,53.05938565009842,52.78212776009788,52.846605309542305,1959000
2011-08-01,53.20880889892578,53.25406528102509,53.027778437952826,53.04717825820313,1305200
2011-08-02,53.43507385253906,53.4997251017968,53.2023254091519,53.254048381587744,1295500
2011-08-03,53.47388458251953,53.62904862809225,53.460956300628496,53.49327947164411,1389200
2011-08-04,53.797122955322266,53.803589559799214,53.51265154922426,53.55144624351197,1100600
2011-08-05,53.44802474975586,53.77128606543007,53.37690686570143,53.622588622462615,1354000
2011-08-08,53.700138092041016,53.77772254005804,53.41567164779217,53.41567164779217,4990000
2011-08-09,53.887630462646484,54.29494265144279,53.48032320642368,53.693676740309975,2320800
2011-08-10,54.31434631347656,54.33374119558916,54.03634149385585,54.15271571910578,2467300
2011-08-11,53.790672302246094,54.12686677870881,53.75188252902941,53.99755931369414,1863900
2011-08-12,53.965240478515625,54.08161474008216,53.84886621694909,53.881189386365676,1140700
2011-08-15,53.87471008300781,54.03634067492906,53.86177687341255,53.971689424675404,1549600
2011-08-16,54.03633117675781,54.07512093357694,53.822977649105916,53.85530573483742,1283500
2011-08-17,54.133323669433594,54.17211343568842,53.95875985613778,54.04927259911541,958800
2011-08-18,54.24968338012695,54.469498573500594,54.236750173120726,54.32726289187143,2431000
2011-08-19,54.301414489746094,54.32727597741446,54.19150686658637,54.256158119470065,1547900
2011-08-22,54.17859649658203,54.243247770834785,54.11394028975324,54.197991385600254,1035400
2011-08-23,54.0169677734375,54.17859843112872,53.99110627629776,54.10101393970949,1660600
2011-08-24,53.706600189208984,53.98460493889183,53.70013358594016,53.98460493889183,1464900
2011-08-25,53.85532760620117,53.881184166199056,53.73895335590932,53.79713801476757,2174800
2011-08-26,53.920005798339844,54.01051860125946,53.80363148993207,53.96526219979965,971100
2011-08-29,53.790672302246094,53.81007212142987,53.68723126280979,53.79713890864068,1632100
2011-08-30,53.99109649658203,54.02988626897732,53.81007098197024,53.93937351167143,830500
2011-08-31,53.920005798339844,54.07516989869093,53.881211073818704,54.06870328917444,2267600
2011-09-01,54.14874267578125,54.14874267578125,53.83113712220018,54.00614285105468,1902400
2011-09-02,54.2978515625,54.375634677960385,54.207107067064946,54.284890182525324,1355800
2011-09-06,54.3756217956543,54.420994032622545,54.30432185967521,54.40154949466515,1240900
2011-09-07,54.252464294433594,54.31728601197274,54.20061384368611,54.304319690383814,1235500
2011-09-08,54.32378387451172,54.362677908142324,54.21359482716815,54.362677908142324,973600
2011-09-09,54.36914825439453,54.4469313651896,54.284886926602724,54.2978483058,909700
2011-09-12,54.20709991455078,54.349699801477,54.14876629455558,54.33673842321255,2441200
2011-09-13,54.14874267578125,54.239487119661554,54.08392592232407,54.239487119661554,995300
2011-09-14,54.26542663574219,54.26542663574219,54.122826779939906,54.122826779939906,1044900
2011-09-15,54.1617317199707,54.207103965091825,54.109881257835006,54.1617317199707,1146400
2011-09-16,54.14228820800781,54.18766045399167,54.019132849535666,54.032099174219006,1211300
2011-09-19,54.310794830322266,54.42746698137825,54.30431167048527,54.35616705877726,1104100
2011-09-20,54.3820915222168,54.40801921482249,54.31727476330341,54.37560836276494,705500
2011-09-21,54.53118896484375,54.55711666666951,54.35618315902424,54.39507223916114,1434000
2011-09-22,54.66083526611328,54.82287971672179,54.64139072327293,54.69972435179399,1033100
2011-09-23,54.479347229003906,54.69972531200204,54.44045319743627,54.69972531200204,803000
2011-09-26,54.310794830322266,54.49228374414224,54.284867136176274,54.42098382154125,986600
2011-09-27,54.200618743896484,54.2330246603931,54.09690794261967,54.20061874389649,1943800
2011-09-28,54.083984375,54.20713485610633,54.05805665655481,54.1876903035741,2090900
2011-09-29,54.07748794555664,54.15527108181441,54.01914935706195,54.03211568570763,1204300
2011-09-30,54.278377532958984,54.31727154216188,54.15522718188718,54.21356077788939,1283000
2011-10-03,54.58641052246094,54.5929102928702,54.33297401309357,54.391457073160424,2078800
2011-10-04,54.37197494506836,54.61891669742223,54.35898035920023,54.586422795942,1500000
2011-10-05,54.138057708740234,54.32651151693252,54.11206356714038,54.313516925070374,3989600
2011-10-06,54.10553741455078,54.19001460741809,54.07304351690114,54.164020480872914,1159300
2011-10-07,53.98857879638672,54.09905014132011,53.91709617134185,53.98857879638672,4949900
2011-10-10,53.91060256958008,54.021073927158504,53.75464271430027,53.96909061398151,1072500
2011-10-11,53.884586334228516,53.94956916745399,53.87159175073237,53.9430743546421,976200
2011-10-12,53.871578216552734,53.9105669151184,53.75460716298462,53.76760174321613,2032400
2011-10-13,53.93656921386719,54.01455158069702,53.8715863871116,53.94956379606955,1690600
2011-10-14,53.8390998840332,53.90408271970747,53.774117048358946,53.79361140327397,861400
2011-10-17,54.02756881713867,54.0340685899012,53.83911507001683,53.83911507001683,1680700
2011-10-18,53.96907424926758,54.11203451449836,53.943080121623915,54.0535514457048,844700
2011-10-19,54.112022399902344,54.17051041347451,53.949562856905565,53.98855651857761,1940700
2011-10-20,54.0860481262207,54.203019227696224,54.01456551099271,54.0860481262207,1844200
2011-10-21,54.0015869140625,54.144552199972814,54.0015869140625,54.099063696080904,1885800
2011-10-24,54.04057693481445,54.0795656618263,53.988588660215484,54.021077613433775,1261000
2011-10-25,54.31995391845703,54.33295345435673,54.03402858097735,54.03402858097735,1615800
2011-10-26,54.183509826660156,54.352469154645966,54.17051524352536,54.23549807494383,887900
2011-10-27,53.90413284301758,54.138075235276695,53.871643873906535,54.12508063920771,1586200
2011-10-28,54.09904098510742,54.138029698397155,53.94308117407552,53.995064472504154,654900
2011-10-31,54.33950424194336,54.35899860622598,54.19653896003754,54.294015739325594,1457400
2011-11-01,54.74342346191406,54.74993960123505,54.476321394049414,54.59358705003726,2003400
2011-11-02,54.71082305908203,54.74339379732142,54.5805251950586,54.5805251950586,1038100
2011-11-03,54.57402801513672,54.70432592441813,54.567516847440416,54.5935764292967,1275300
2011-11-04,54.65219497680664,54.67173841639571,54.54796164221293,54.56098894515366,2324000
2011-11-07,54.66521453857422,54.7955074191078,54.574003557774965,54.60006312795264,2067200
2011-11-08,54.4958381652832,54.69127751602102,54.48280589302068,54.645674503813304,1891400
2011-11-09,54.56096649169922,54.678232051331356,54.50884736067296,54.678232051331356,1346800
2011-11-10,54.4958381652832,54.5740119174361,54.36554029443577,54.469778591113716,2487500
2011-11-11,54.456703186035156,54.4892788705341,54.404589049329104,54.476251578945494,698100
2011-11-14,54.46330642700195,54.51542561742038,54.37861647034169,54.50239830499556,1279600
2011-11-15,54.43071746826172,54.541466983115136,54.39814174254816,54.48934781011662,1323200
2011-11-16,54.53490447998047,54.53490447998047,54.45672578694784,54.53490447998047,1705400
2011-11-17,54.50886154174805,54.56098068633368,54.4111393882388,54.463258532824426,1147800
2011-11-18,54.476318359375,54.52843255996585,54.31996084652933,54.52192139136556,1032700
2011-11-21,54.46330642700195,54.548001354021785,54.450279114577135,54.50890947602819,2076200
2011-11-22,54.52192306518555,54.547982651459854,54.4046574121301,54.48283120059516,1217400
2011-11-23,54.580562591552734,54.613138322467044,54.443753468358274,54.46329691876338,1525400
2011-11-25,54.502384185791016,54.58707412051179,54.47632459733271,54.47632459733271,1453300
2011-11-28,54.502384185791016,54.547987223003474,54.25482058061628,54.30042361782874,1550300
2011-11-29,54.42415237426758,54.52838565614839,54.32643025538634,54.43066850762058,744300
2011-11-30,54.3068962097168,54.39810221100511,54.170087207784334,54.391586076526146,1965300
2011-12-01,54.28927993774414,54.34152632226427,54.093363469527816,54.269688789171454,1570600
2011-12-02,54.46562194824219,54.47868105593478,54.22398610475968,54.25664134772696,2347000
2011-12-05,54.472129821777344,54.48518892367507,54.269676373700186,54.34804593255151,2386300
2011-12-06,54.40031051635742,54.459083968304874,54.32194093127083,54.374187321328556,858400
2011-12-07,54.472129821777344,54.543962355947315,54.374169118835276,54.43294255110752,1397000
2011-12-08,54.596256256103516,54.63544356088699,54.46564519347234,54.46564519347234,1075900
2011-12-09,54.46562194824219,54.64847935088169,54.44603079545803,54.576641802346096,1187600
2011-12-12,54.52436065673828,54.58966611856137,54.511301557368604,54.54395179703647,841400
2011-12-13,54.66151809692383,54.70723243055492,54.47213370222979,54.47213370222979,2088000
2011-12-14,54.766075134277344,54.792198353085666,54.64199109056144,54.687705477852376,1996800
2011-12-15,54.73989486694336,54.77255010204494,54.69418052729474,54.71377167535996,2590900
2011-12-16,54.89010238647461,54.896629447552634,54.805200767566575,54.805200767566575,1355900
2011-12-19,54.87051010131836,54.98806198132315,54.85745099575771,54.90316533895459,1316300
2011-12-20,54.75949478149414,54.92929306272468,54.75949478149414,54.92929306272468,1285400
2011-12-21,54.60930252075195,54.792159941725785,54.60930252075195,54.78562789597928,1065100
2011-12-22,54.71380615234375,54.74646140802249,54.674623831523235,54.70074703956774,859700
2011-12-23,54.783477783203125,54.8426723122367,54.59931033529433,54.61904184497219,990300
2011-12-27,54.651947021484375,54.75718847112032,54.51382138247859,54.691415074192115,1686800
2011-12-28,54.8624153137207,54.87556798232906,54.60589060307953,54.67166900068286,1416800
2011-12-29,54.90846633911133,54.9545082142005,54.803224899942926,54.862424464022155,1062300
2011-12-30,54.94794464111328,55.02029689610306,54.895323906904466,54.9874076826752,1535100
2012-01-03,54.77690505981445,54.875567637412125,54.711131680811725,54.875567637412125,2282600
2012-01-04,54.80322265625,54.82953301496493,54.73087042433089,54.80322265625,2227400
2012-01-05,54.783477783203125,54.86240884010115,54.737435921225924,54.79005662582461,1194800
2012-01-06,54.816383361816406,54.88873560434133,54.783499172243246,54.7966518444348,1053000
2012-01-09,54.8624153137207,54.95449904854074,54.8163684281235,54.8163684281235,833800
2012-01-10,54.83611297607422,54.92161787999842,54.81637644299517,54.86899716149679,964100
2012-01-11,54.96766662597656,54.980819298152305,54.88873553835648,54.9282035912608,853400
2012-01-12,54.88871383666992,55.020265597357636,54.83609815058139,55.020265597357636,2047900
2012-01-13,55.053157806396484,55.105778518349176,54.98080558200836,55.053157806396484,889100
2012-01-17,55.00712203979492,55.13209498999869,55.00054821371209,55.09920578683311,878100
2012-01-18,54.99396514892578,55.125511915116824,54.99396514892578,55.118938089538496,1904100
2012-01-19,54.94133758544922,55.040000156885625,54.90187456414939,54.993958292640215,1783800
2012-01-20,54.83611297607422,54.96108090978068,54.750603053962095,54.95450708360892,1139400
2012-01-23,54.77029037475586,54.84922138881894,54.73740621586748,54.790026891909534,885500
2012-01-24,54.783477783203125,54.8426723122367,54.757167430903785,54.8426723122367,1057600
2012-01-25,54.94133758544922,55.09919468883537,54.796633149767395,54.82294350336289,1101200
2012-01-26,55.08607864379883,55.0992313202474,54.980837159449536,55.03345790162418,2096700
2012-01-27,55.184722900390625,55.19130174551877,55.06632877902643,55.132102175742425,1708100
2012-01-30,55.250526428222656,55.34261023748107,55.19133184435279,55.28998948413591,1646400
2012-01-31,55.2965202331543,55.29652023315429,55.18470499320179,55.27020987936778,3801200
2012-02-01,55.23981475830078,55.325532659337696,55.21344040647352,55.285968616400176,2908500
2012-02-02,55.325538635253906,55.40465666888828,55.24641557122574,55.285974588042926,2303800
2012-02-03,55.25303649902344,55.25962631800775,55.180508247026644,55.23325195088199,1326000
2012-02-06,55.27943420410156,55.31240343752698,55.20691094528339,55.24647000107489,2564400
2012-02-07,55.20685958862305,55.25301345424435,55.127736520246216,55.23982376098451,1496300
2012-02-08,55.14088821411133,55.22001123518013,55.121108716441896,55.2002317375107,1088200
2012-02-09,55.147499084472656,55.15409392907616,55.0749708850116,55.15409392907616,937500
2012-02-10,55.18709182739258,55.24643540431609,55.15412764500894,55.200281524662515,1003600
2012-02-13,55.180503845214844,55.226657726404135,55.140939782484196,55.20687821023669,933300
2012-02-14,55.25303649902344,55.338749419385024,55.2200672825172,55.23325195088199,953400
2012-02-15,55.180503845214844,55.3057757910739,55.180503845214844,55.279401426052054,1290200
2012-02-16,55.18709182739258,55.23984055568112,55.12775328086467,55.193686676027546,976100
2012-02-17,55.06178283691406,55.107936685512634,55.00243929992036,55.088157183312134,1172700
2012-02-21,55.028846740722656,55.081595465241925,55.015662074790455,55.07500061707821,900400
2012-02-22,55.213436126708984,55.22662581679687,55.06837971809943,55.1145335726213,1847600
2012-02-23,55.23981475830078,55.26618911012804,55.14091219654685,55.19366090020138,991600
2012-02-24,55.27943420410156,55.299218762396066,55.239875148310055,55.272844381735474,1276200
2012-02-27,55.37826919555664,55.398048699279634,55.34530503281586,55.398048699279634,970300
2012-02-28,55.37171936035156,55.44424258290105,55.35193481195127,55.43105791436375,1615700
2012-02-29,55.31895065307617,55.41785323778497,55.272796784264656,55.4112583906992,1128100
2012-03-01,55.22972106933594,55.27598245062346,55.157023892725206,55.17684947868952,1559000
2012-03-02,55.34206771850586,55.375113722173246,55.23632958257228,55.24293474961596,1074400
2012-03-05,55.22972106933594,55.3618950038396,55.20989548337163,55.33546425062879,1208500
2012-03-06,55.32225036621094,55.381732173241865,55.309034988044615,55.34868616465657,704800
2012-03-07,55.335472106933594,55.368513074194325,55.29581588726234,55.342077275117866,809900
2012-03-08,55.24956512451172,55.335482748561404,55.22312932035136,55.32226232542418,847000
2012-03-09,55.196685791015625,55.2231215914761,55.137209021564594,55.2231215914761,1251700
2012-03-12,55.23635482788086,55.30244182330788,55.229744615703794,55.2892264410683,1095300
2012-03-13,55.07114791870117,55.20993215474658,55.07114791870117,55.15706052898192,1346400
2012-03-14,54.747310638427734,55.024884140699065,54.734095253612686,55.024884140699065,1069500
2012-03-15,54.760536193847656,54.83323342242756,54.72088499357353,54.753925979763295,747300
2012-03-16,54.7538948059082,54.79355102572027,54.62172085216968,54.654761819547744,1452700
2012-03-19,54.6085205078125,54.76713536114768,54.5820846989233,54.74730472289454,945800
2012-03-20,54.621742248535156,54.67461386758663,54.58208601318899,54.65478322885599,971200
2012-03-21,54.780357360839844,54.83322898500401,54.69444475315978,54.747311335208344,1520500
2012-03-22,54.85965347290039,54.886089279525564,54.81999724190534,54.83321766627521,1169100
2012-03-23,54.95880889892578,54.9720242865702,54.85967584418444,54.892716834353806,1151600
2012-03-26,54.952178955078125,54.97861476299259,54.87287153133474,54.90591755175652,1137700
2012-03-27,55.044700622558594,55.0843518125523,54.96539320045648,54.96539320045648,1095500
2012-03-28,55.03144836425781,55.09754036550192,54.99179719720077,55.04466878135135,639000
2012-03-29,55.150421142578125,55.15703135283107,55.05789836748918,55.1107699652866,1040900
2012-03-30,55.038089752197266,55.18348416992223,54.99182835038611,55.163658575162394,1454300
2012-04-02,55.03543472290039,55.16804820470475,54.98901949838086,55.06859062279151,1856700
2012-04-03,54.82990264892578,55.12828562311805,54.80337893094928,55.115026293570764,962700
2012-04-04,54.98241424560547,55.0023057717341,54.82990917269764,55.0023057717341,1045100
2012-04-05,55.08847427368164,55.1017335964169,55.0089031606321,55.1017335964169,857200
2012-04-09,55.28076171875,55.38685146648984,55.274129528616626,55.33380406318051,1167600
2012-04-10,55.439910888671875,55.4929583034814,55.35371263376632,55.38023128229117,1209700
2012-04-11,55.36033248901367,55.373596870412335,55.300657949357465,55.36696467971301,1017900
2012-04-12,55.366973876953125,55.40675690999913,55.327190843907125,55.3802332016751,876200
2012-04-13,55.506195068359375,55.52608657610846,55.419996848487365,55.44652054511211,2484000
2012-04-16,55.506195068359375,55.5658746504845,55.47967137173463,55.51945944611067,1235900
2012-04-17,55.49958801269531,55.51285239645344,55.43991346242418,55.51285239645344,838200
2012-04-18,55.539371490478516,55.55263081425481,55.48632407761386,55.545998622926795,726200
2012-04-19,55.52609634399414,55.585775936617814,55.519469212830536,55.585775936617814,664200
2012-04-20,55.519474029541016,55.53936554251506,55.45316224112197,55.52610116127957,592900
2012-04-23,55.58576965332031,55.625552671319944,55.54598157644251,55.625552671319944,843700
2012-04-24,55.519474029541016,55.58578075908088,55.49957745768779,55.5592570554891,1104600
2012-04-25,55.506195068359375,55.53935095385976,55.413364659611716,55.499562879483726,905200
2012-04-26,55.579166412353516,55.61894945107408,55.5526427002462,55.599057931713794,751400
2012-04-27,55.61228942871094,55.625548747482775,55.5459776582183,55.585765732289445,890600
2012-04-30,55.64546203613281,55.65872641897448,55.61893832932926,55.645462036132805,912700
2012-05-01,55.56570816040039,55.70526978887279,55.54577150924132,55.70526978887279,1993800
2012-05-02,55.65209197998047,55.678675866856516,55.61221868484538,55.61886592415389,768300
2012-05-03,55.72520446777344,55.725204467773445,55.59229008451121,55.59229008451121,1258600
2012-05-04,55.7850227355957,55.798312146551744,55.72520771039599,55.758438843324605,633500
2012-05-07,55.76506423950195,55.804937527109786,55.76506423950195,55.804937527109786,1049200
2012-05-08,55.8182258605957,55.89133026671041,55.79828921717477,55.79828921717477,761300
2012-05-09,55.7850227355957,55.85147993109393,55.758438843324605,55.81824879816531,1595100
2012-05-10,55.751773834228516,55.78500495656616,55.66538001465097,55.72518995042987,1650600
2012-05-11,55.79161834716797,55.844786087341085,55.77168171219175,55.83813885223075,1734700
2012-05-14,55.89139175415039,55.91797566474287,55.84487117820418,55.878102334035404,759400
2012-05-15,55.90464401245117,55.917933422526914,55.831539581137946,55.90464401245118,1469000
2012-05-16,55.87141418457031,55.90464531607257,55.79166251118018,55.82489364268243,1371000
2012-05-17,55.91794967651367,55.96447023083915,55.791677427475875,55.87807636433758,1500200
2012-05-18,55.88470458984375,55.951166854031456,55.83154187699602,55.85812576859932,1041300
2012-05-21,55.89139175415039,55.91797566474287,55.87145508879666,55.91132841950412,2278400
2012-05-22,55.79830551147461,55.844826049827425,55.738495563746014,55.844826049827425,1593200
2012-05-23,55.838233947753906,55.904696271336604,55.838233947753906,55.864817863114304,1218300
2012-05-24,55.77838897705078,55.85149343087651,55.77838897705079,55.83155677444408,860300
2012-05-25,55.8448486328125,55.86478529011751,55.81162256075764,55.818264732952336,738700
2012-05-29,55.8448486328125,55.90466367508798,55.831559218062644,55.87807977522782,1351600
2012-05-30,56.05752182006836,56.0708163068527,55.96448069402232,55.97777518080667,693800
2012-05-31,56.16379165649414,56.25018543796765,56.103976676739286,56.15049718527966,1459100
2012-06-01,56.36102294921875,56.39432232354767,56.261114663138954,56.347699134249964,1657000
2012-06-04,56.22113800048828,56.281079906809495,56.181171648062346,56.241118635928686,1700800
2012-06-05,56.10790252685547,56.19449205057145,56.09458379788484,56.174506334798274,2069200
2012-06-06,56.001304626464844,56.161154688143775,55.96800020124173,56.161154688143775,3526600
2012-06-07,56.021297454833984,56.06125870857496,55.95469367141803,56.00797364922502,2325800
2012-06-08,56.05461883544922,56.14786517673321,55.99467185516981,56.11456073418415,1572200
2012-06-11,56.101192474365234,56.147815603843675,56.0279268306791,56.04124554701294,1175500
2012-06-12,56.01467514038086,56.08794087838182,55.994694499389055,56.074622144902804,1194400
2012-06-13,56.13457107543945,56.147894892128285,55.99470148948968,56.04798659315069,1212900
2012-06-14,56.101192474365234,56.141153704906756,56.04790744594986,56.141153704906756,718800
2012-06-15,56.2277946472168,56.23445655285762,56.16119083544386,56.1745095651804,793200
2012-06-18,56.23441696166992,56.25439758298016,56.161151295837996,56.24107886262051,845900
2012-06-19,56.161170959472656,56.19447539434493,56.12120970286059,56.18781349106181,908900
2012-06-20,56.05461883544922,56.14786517673321,55.9880099503511,56.074599468360866,1274100
2012-06-21,56.14787673950195,56.20781865058097,56.10125355925865,56.127891020930086,972700
2012-06-22,56.034584045410156,56.141154102996566,56.02126532898187,56.1344922040124,2219900
2012-06-25,56.181129455566406,56.187791356225105,56.121187594262025,56.16781073579031,1189200
2012-06-26,56.1212158203125,56.19448151978311,56.11455391630321,56.13453454678722,1166300
2012-06-27,56.181129455566406,56.20111007600119,56.12784441337942,56.194453256883804,669200
2012-06-28,56.24108123779297,56.2810424821011,56.221100615638896,56.247738057483154,916300
2012-06-29,56.20115661621094,56.20781852238637,56.10125343130709,56.1345527990932,2044900
2012-07-02,56.31930923461914,56.37270757565994,56.22585577175805,56.245880786252314,1244100
2012-07-03,56.23917770385742,56.35265612798378,56.225829398066416,56.35265612798378,1731700
2012-07-05,56.39939498901367,56.39939498901367,56.26589153102216,56.29259324118656,1283700
2012-07-06,56.45280456542969,56.49285458862844,56.41275454223094,56.426102852353516,861200
2012-07-09,56.55959701538086,56.566268622327776,56.47281519677369,56.492840203273886,800000
2012-07-10,56.612979888916016,56.62633328482598,56.539551489896205,56.572929886842786,791600
2012-07-11,56.53291702270508,56.65974381019554,56.526240320363996,56.572967051088206,1357600
2012-07-12,56.63972091674805,56.639720916748054,56.579645871923994,56.62637260439777,2024300
2012-07-13,56.64639663696289,56.64639663696289,56.57296818823009,56.613018217418244,703600
2012-07-16,56.679725646972656,56.786527329315874,56.673048950317664,56.73980063838559,1885600
2012-07-17,56.659732818603516,56.70645954026307,56.64638450934252,56.693111231002064,1046800
2012-07-18,56.75318145751953,56.79323656757309,56.72648484125751,56.733156448907884,630600
2012-07-19,56.73980712890625,56.81323552202872,56.7331304314875,56.73980712890625,864100
2012-07-20,56.846649169921875,56.87334579049701,56.81327075495633,56.83329576680322,881700
2012-07-23,56.87334060668945,56.92674402863436,56.84664398854762,56.92674402863436,912200
2012-07-24,56.94007873535156,56.973452043486674,56.82659522777111,56.85329692997657,743200
2012-07-25,56.980133056640625,56.980133056640625,56.92005294892198,56.953431352413375,483400
2012-07-26,56.94007873535156,56.973452043486674,56.926725337834355,56.96010373879842,702700
2012-07-27,56.726505279541016,56.83330706156005,56.646400123402664,56.80660534284727,957400
2012-07-30,56.83330154418945,56.86000326031003,56.70646966582457,56.76654980030379,1772900
2012-07-31,56.89337921142578,56.926752535505535,56.81995076848638,56.9067275224914,754800
2012-08-01,56.82443618774414,56.911403699153475,56.80436715465174,56.871265632968665,1587100
2012-08-02,56.93149948120117,57.00508937313362,56.90473905649582,56.944882245568415,899500
2012-08-03,56.7241096496582,56.831146238940335,56.71741826781905,56.824459961130046,1918100
2012-08-06,56.777626037597656,56.82445549873651,56.74417423505771,56.81776411742283,1236000
2012-08-07,56.630409240722656,56.657169644449574,56.5701970563308,56.657169644449574,1753600
2012-08-08,56.6170539855957,56.69064385558086,56.59698494905932,56.65719716269608,948500
2012-08-09,56.583621978759766,56.62376006225021,56.48996304792943,56.556861555089824,1676600
2012-08-10,56.6505126953125,56.71741119327297,56.610374617341854,56.71741119327297,898300
2012-08-13,56.65721893310547,56.710734683089946,56.650527550346325,56.66390521183505,911800
2012-08-14,56.5167121887207,56.55685026419807,56.483260389804286,56.54346750302034,1119600
2012-08-15,56.31602096557617,56.43644031605539,56.30932958387489,56.43644031605539,780400
2012-08-16,56.25580596923828,56.36284765507478,56.19559884897663,56.35615627370287,723800
2012-08-17,56.349449157714844,56.38958722304577,56.30261971348654,56.30261971348654,799100
2012-08-20,56.32269287109375,56.389591352887,56.309310112318904,56.336070525841606,741100
2012-08-21,56.423011779785156,56.423011779785156,56.27583722995291,56.35611332912966,661500
2012-08-22,56.6505126953125,56.67058173429782,56.50333293738252,56.51002431838703,1242900
2012-08-23,56.677276611328125,56.73079745460913,56.67727661132813,56.710723310357345,1125400
2012-08-24,56.677276611328125,56.77093553505561,56.65720757110489,56.77093553505561,3865000
2012-08-27,56.76426315307617,56.77095453673309,56.717433675538246,56.73081644285208,715600
2012-08-28,56.78431701660156,56.81107744004358,56.74417893345297,56.76424797502727,1081700
2012-08-29,56.73746871948242,56.77092051368897,56.69733064965632,56.76422913404222,853600
2012-08-30,56.78431701660156,56.82446020377903,56.76424797502727,56.79769978033701,573200
2012-08-31,56.98503494262695,56.98503494262695,56.79102564178741,56.81778607335463,1176500
2012-09-04,56.9474983215332,56.981017442669106,56.90726821505771,56.95419907671221,2076400
2012-09-05,56.9474983215332,56.9877233129284,56.920679955576304,56.94079245127391,1049300
2012-09-06,56.81338882446289,56.853618918428005,56.746345487959296,56.853618918428005,2350400
2012-09-07,56.81338882446289,56.96759310199199,56.81338882446289,56.940774744374814,928300
2012-09-10,56.826786041259766,56.83348679264296,56.75303685542551,56.813374308338595,990500
2012-09-11,56.7530517578125,56.82680096301203,56.7530517578125,56.82680096301203,912300
2012-09-12,56.672603607177734,56.6994219682607,56.639084492133556,56.6860153452589,808600
2012-09-13,56.78655242919922,56.79325829524314,56.51837916836723,56.726214980035145,1350200
2012-09-14,56.505008697509766,56.665913794520904,56.49160207070918,56.665913794520904,2127500
2012-09-17,56.5854377746582,56.64577524012727,56.54520768260037,56.54520768260037,852900
2012-09-18,56.65247344970703,56.74633512668967,56.632360963936144,56.69940428819835,3447100
2012-09-19,56.726226806640625,56.7932701358262,56.71952093919863,56.74633929388849,1133600
2012-09-20,56.73964309692383,56.826804043290764,56.70612398415725,56.82009817470584,948600
2012-09-21,56.799964904785156,56.82678325423481,56.70610323924991,56.739622339754135,1264700
2012-09-24,56.86028289794922,56.88039537438497,56.820057945077714,56.84017042151346,1697300
2012-09-25,56.97427749633789,56.98097824690762,56.8535974900847,56.893822453810174,1235500
2012-09-26,57.068115234375,57.101634318404095,57.001066836167574,57.05470350870367,1245800
2012-09-27,57.03463363647461,57.081564481229364,57.02122701586402,57.03463363647462,963400
2012-09-28,57.088294982910156,57.11511335078203,57.014545750032674,57.08829498291016,1426400
2012-10-01,57.131256103515625,57.1379757013568,57.05735590391684,57.07078997404782,994800
2012-10-02,57.131256103515625,57.1379757013568,57.084229169730165,57.097663239861134,771000
2012-10-03,57.11113739013672,57.15816435270481,57.070824903968,57.08426410787574,1630200
2012-10-04,57.01704025268555,57.11780857785036,57.01704025268554,57.090940441506824,666500
2012-10-05,56.95658493041992,56.98345819740898,56.922997190847305,56.98345819740898,665100
2012-10-08,57.030513763427734,57.05738704390758,56.93645984452536,56.99692088143939,588800
2012-10-09,56.92972183227539,56.9969024489721,56.92972183227539,56.93644143161082,1113600
2012-10-10,57.01704025268555,57.03047432085731,56.89611313693714,56.94314006386426,633000
2012-10-11,57.064109802246094,57.064109802246094,56.94318259617409,56.970055878140585,821900
2012-10-12,57.104373931884766,57.12452759671381,57.07750067026252,57.10437393188477,2403700
2012-10-15,57.084232330322266,57.11110559762348,57.06407866123426,57.09095192853548,803000
2012-10-16,56.970035552978516,57.06408944352848,56.970035552978516,57.06408944352848,1308000
2012-10-17,56.82892990112305,56.943142550548494,56.76846890338384,56.93642295339386,5638300
2012-10-18,56.802093505859375,56.86927413829522,56.75506655059892,56.86927413829522,1367200
2012-10-19,56.8894157409668,56.92972308676252,56.78192265144137,56.78192265144137,1120200
2012-10-22,56.808780670166016,56.889400465662966,56.78862700267959,56.882680867983744,588400
2012-10-23,56.93644332885742,56.943162928416754,56.85582351080344,56.896135982606765,949800
2012-10-24,56.9095573425293,56.93643060921045,56.889403673906315,56.89612327196449,648000
2012-10-25,56.815521240234375,56.86254819024557,56.768494290223174,56.788647965148954,650900
2012-10-26,56.93644332885742,56.95659700198275,56.84238943723744,56.86254311036277,583800
2012-10-31,57.030513763427734,57.07754072287892,56.97005272651371,57.030513763427734,1030900
2012-11-01,56.94314193725586,56.9565760058696,56.86924174600331,56.92298827155985,1039100
2012-11-02,56.96329116821289,56.97001076477202,56.82221039377356,56.89611057927279,1107500
2012-11-05,57.05061721801758,57.064056409203424,56.983436638737324,56.99015623433024,1520800
2012-11-06,56.8692741394043,57.01035500518843,56.84240086131869,56.96332804992705,1074400
2012-11-07,57.00362014770508,57.117827704836856,56.99018607503466,57.104393632166435,1036900
2012-11-08,57.09095764160156,57.13798458269674,56.98346456163992,57.003618232744685,667800
2012-11-09,57.037147521972656,57.090894002041956,56.983401041903356,57.02370833918211,1533200
2012-11-12,57.12454605102539,57.13126564998939,57.04393136566631,57.09095830730985,842200
2012-11-13,57.11783218383789,57.17157872983889,57.07752483711351,57.104398110114005,3720600
2012-11-14,57.104373931884766,57.11780799992061,57.017039675775386,57.050627408640274,810800
2012-11-15,57.09767532348633,57.124548594986855,57.02377510824798,57.043933906037715,1045400
2012-11-16,57.07080841064453,57.137994159657715,57.05065473616179,57.0909672106803,1151500
2012-11-19,57.07080841064453,57.07752801065646,57.00362778718437,57.03722066169096,1094200
2012-11-20,56.98345947265625,57.06407927542762,56.96330580335134,57.050640078856546,770400
2012-11-21,56.92299270629883,56.94986084561955,56.902833913481516,56.93642677595919,643200
2012-11-23,56.93644332885742,56.95659700198275,56.875982309481444,56.896135982606765,664200
2012-11-26,56.92299270629883,57.017046570574905,56.92299270629883,57.01032697296913,951100
2012-11-27,57.037147521972656,57.050581579216754,56.96996698465926,56.97668145050808,873200
2012-11-28,57.07080841064453,57.10440128515113,57.03722066169096,57.05737433617371,803400
2012-11-29,57.104373931884766,57.11780799992061,57.043912937397636,57.050627408640274,921600
2012-11-30,57.064109802246094,57.15144412447137,57.064109802246094,57.14472452259113,976300
2012-12-03,57.109222412109375,57.12268809450538,56.981329243265876,57.01498317794971,2669300
2012-12-04,57.15630340576172,57.16303110615588,57.11591152515097,57.14283773367509,918000
2012-12-05,57.19670104980469,57.210161588807125,57.12265524616591,57.12265524616591,1058300
2012-12-06,57.19670104980469,57.24382063978844,57.17650767347595,57.216894426133415,771800
2012-12-07,57.088966369628906,57.149551602613094,57.06877300385,57.0956992034377,1239200
2012-12-10,57.122623443603516,57.14281680868975,57.0889644113616,57.122623443603516,1378600
2012-12-11,57.07551956176758,57.10244576782982,57.03513282049855,57.03513282049855,2083600
2012-12-12,56.98801040649414,57.095710089732314,56.95435136667997,57.0822495551957,1105800
2012-12-13,56.87359619140625,56.96783537894591,56.87359619140626,56.92071578517608,1208700
2012-12-14,56.90721893310547,56.96107133037984,56.8870255680394,56.90721893310547,2883600
2012-12-17,56.80625534057617,56.940881217947314,56.80625534057617,56.940881217947314,1348100
2012-12-18,56.67840576171875,56.7995712095068,56.67167805703506,56.759184438794925,1772600
2012-12-19,56.799564361572266,56.83995626306679,56.71879082988683,56.71879082988683,2254500
2012-12-20,56.81300354003906,56.893777034047474,56.813003540039055,56.86012312342711,1117200
2012-12-21,56.89381790161133,56.927476972058855,56.87362451360406,56.89381790161133,1312800
2012-12-24,56.51009750366211,56.523563178806256,56.4697107495303,56.483176424674454,830100
2012-12-26,56.557186126708984,56.577384628365245,56.51006656080607,56.51006656080607,1009700
2012-12-27,56.60432052612305,56.658172940023746,56.48988799832071,56.5437404122214,965200
2012-12-28,56.61778259277344,56.65144163323064,56.57066301752247,56.64470879800949,1627500
2012-12-31,56.56394958496094,56.651461065908585,56.516829993546935,56.63126255331662,2099100
2013-01-02,56.4764289855957,56.503355193272135,56.39565036256641,56.39565036256641,1857300
2013-01-03,56.30815887451172,56.49663724225496,56.30815887451172,56.483176702694884,1908500
2013-01-04,56.395652770996094,56.395652770996094,56.261026862513596,56.28122023522105,1822700
2013-01-07,56.3552360534668,56.382162247972644,56.31484932953127,56.34850322092871,1866600
2013-01-08,56.409088134765625,56.44274202597949,56.36196857854906,56.37542910790531,1189000
2013-01-09,56.38890838623047,56.40910689045041,56.32832828051513,56.38890838623047,1439600
2013-01-10,56.38890838623047,56.40910689045041,56.32159544577515,56.37544785239867,1198700
2013-01-11,56.42930603027344,56.442766565481904,56.321601206010996,56.321601206010996,1385000
2013-01-14,56.42930603027344,56.496618977613124,56.429306030273445,56.449499400910476,893900
2013-01-15,56.503360748291016,56.543747495951706,56.48316737446066,56.49662791179773,1283200
2013-01-16,56.49662399291992,56.55720411020884,56.462964948437765,56.537010737779205,1136500
2013-01-17,56.40239715576172,56.44951674694346,56.36873810392464,56.436051071948526,1043700
2013-01-18,56.4898796081543,56.48987960815429,56.40237330029918,56.40237330029918,920000
2013-01-22,56.43600082397461,56.48312550884901,56.39561410624878,56.402346937751645,2053700
2013-01-23,56.52355194091797,56.53028477715144,56.48316519481577,56.48316519481577,1278200
2013-01-24,56.44274139404297,56.48986094973199,56.42928086483742,56.469667588100464,1061700
2013-01-25,56.26105499267578,56.3485613633771,56.24758931370525,56.32163514108782,1473000
2013-01-28,56.1937255859375,56.220646664709115,56.11967978018984,56.139873157093696,1427100
2013-01-29,56.13313674926758,56.240841600104694,56.112943373648115,56.18698917468614,1082600
2013-01-30,56.072547912597656,56.119667493607274,56.03888886802687,56.099468985475305,1626700
2013-01-31,56.173484802246094,56.173484802246094,56.09271135541354,56.160024272989475,1630700
2013-02-01,56.015689849853516,56.27873721950339,56.015689849853516,56.27873721950339,1840500
2013-02-04,56.21128463745117,56.224777148882396,56.11011653114385,56.13035015240531,1742600
2013-02-05,56.11683654785156,56.17754253470324,56.09660293419549,56.15730892104716,2385600
2013-02-06,56.251712799072266,56.271946404425464,56.16402698136666,56.184265732601176,2416200
2013-02-07,56.25848388671875,56.305697368680654,56.22475776565299,56.25173763332888,1047200
2013-02-08,56.2449836730957,56.26521728460926,56.15055672211054,56.2449836730957,892100
2013-02-11,56.17757797241211,56.231537740122626,56.17083171497663,56.1910653413964,2254800
2013-02-12,56.191036224365234,56.20452873224467,56.14382273855526,56.19103622436524,1120300
2013-02-13,56.11683654785156,56.15730892104716,56.08986182689908,56.123582801031404,1154500
2013-02-14,56.197811126708984,56.20455738408779,56.11687147582319,56.11687147582319,945500
2013-02-15,56.15058898925781,56.197802491881816,56.110121742976055,56.164076356056455,2579400
2013-02-19,56.13034439086914,56.19779150344599,56.11011077168457,56.184304139284556,1055800
2013-02-20,56.17079544067383,56.197775307105864,56.09660209445654,56.09660209445654,944600
2013-02-21,56.22478103637695,56.25176091521947,56.19105490135238,56.238268402855354,803000
2013-02-22,56.251712799072266,56.26520015401396,56.224732943307565,56.251712799072266,829500
2013-02-25,56.433841705322266,56.46082157127589,56.191028057622916,56.22475417653576,1017700
2013-02-26,56.46083068847656,56.52153668314573,56.40012983969148,56.40012983969148,1070500
2013-02-27,56.44734191894531,56.521535273977825,56.393382179670034,56.521535273977825,691400
2013-02-28,56.47431182861328,56.487799188111445,56.427098351545105,56.47431182861328,628400
2013-03-01,56.505401611328125,56.53918553056484,56.451341153962595,56.505401611328125,839700
2013-03-04,56.491905212402344,56.53920684155406,56.49190521240235,56.53245314845447,914700
2013-03-05,56.458106994628906,56.49864976493143,56.44458930086832,56.49189091805114,1009500
2013-03-06,56.36354064941406,56.43786739178463,56.36354064941406,56.41759599336602,919600
2013-03-07,56.28242874145508,56.34324291384845,56.26215735065729,56.3297303718136,764800
2013-03-08,56.12696075439453,56.18778003308509,56.01884503909235,56.167508658683865,6339500
2013-03-11,56.099998474121094,56.18108922541426,56.099998474121094,56.113516177083184,1668900
2013-03-12,56.20805740356445,56.20805740356445,56.13372558583924,56.13372558583924,1214000
2013-03-13,56.140506744384766,56.20807974495161,56.12698905097771,56.16077812900587,1287700
2013-03-14,56.16075897216797,56.201301727580756,56.113457372357146,56.13372875006354,1735500
2013-03-15,56.22836685180664,56.25539709068931,56.16079383234544,56.16079383234544,894000
2013-03-18,56.33647918701172,56.34999172663997,56.289177565077644,56.302690104705896,1176100
2013-03-19,56.37026596069336,56.45811551692911,56.35675342038268,56.37026596069336,2258800
2013-03-20,56.31623077392578,56.38380897229231,56.31623077392579,56.35677872404424,819100
2013-03-21,56.329715728759766,56.39052988534435,56.316198034747835,56.39052988534435,1017000
2013-03-22,56.383785247802734,56.39729778849477,56.32296592596222,56.35675501092812,722900
2013-03-25,56.37701416015625,56.410803237786475,56.32971254476759,56.343225082526025,1071500
2013-03-26,56.39727020263672,56.41078789220732,56.322938376462446,56.35672744490094,655500
2013-03-27,56.51218795776367,56.51218795776367,56.417584680451455,56.42434353040003,1096500
2013-03-28,56.51899337768555,56.53251108872089,56.45817914451513,56.49196311111107,906400
2013-04-01,56.57050704956055,56.590852884366726,56.48233486616856,56.48233486616856,1056100
2013-04-02,56.57725143432617,56.577251434326165,56.50943030105378,56.543343454900366,2004900
2013-04-03,56.611175537109375,56.68578035046425,56.577262376703786,56.58404604366926,1293900
2013-04-04,56.77395248413086,56.794298312454956,56.68578550325237,56.68578550325237,784400
2013-04-05,56.929969787597656,56.96387779095573,56.90962395069792,56.950315624497385,1041600
2013-04-08,56.902828216552734,56.97064938331487,56.875698714963214,56.929957718142255,1088700
2013-04-09,56.84177780151367,56.916382627116526,56.82143197169883,56.868907299407674,1455400
2013-04-10,56.73324203491211,56.80784683033621,56.71967470424198,56.80784683033621,864100
2013-04-11,56.7603874206543,56.7671659134675,56.726474258900296,56.74004159337069,1152300
2013-04-12,56.89600372314453,56.89600372314453,56.780707304934836,56.780707304934836,1110300
2013-04-15,56.95708465576172,56.96386315003645,56.86891248595908,56.86891248595908,1435800
2013-04-16,56.94351577758789,56.963861608707795,56.89604044683379,56.91638627795369,893700
2013-04-17,56.970611572265625,57.02487053943332,56.92313626959887,56.92313626959887,916300
2013-04-18,57.00453186035156,57.01809401663224,56.957056551738376,56.977402373369664,744700
2013-04-19,56.95708465576172,57.011338482075146,56.950300987063876,57.011338482075146,1219800
2013-04-22,57.03165817260742,57.031658172607415,56.990966527918076,57.01131235026274,872500
2013-04-23,57.01808166503906,57.08590278059173,56.96382270282915,57.031643818381816,899100
2013-04-24,57.00453186035156,57.03843983826353,56.970618708019046,56.977402373369664,851500
2013-04-25,56.970611572265625,57.00452472035042,56.957049417683656,57.00452472035042,875200
2013-04-26,57.04520797729492,57.07912112039711,57.01129483419273,57.02486216120127,732500
2013-04-29,57.09270095825195,57.133392603044065,57.0791388014615,57.09948462385755,697900
2013-04-30,57.09270095825195,57.14017626864967,57.03165831664303,57.03165831664303,792600
2013-05-01,57.1891975402832,57.18919754028321,57.134833943316885,57.14842225035949,872300
2013-05-02,57.202796936035156,57.209593683072974,57.15523007556832,57.18241187932065,801900
2013-05-03,56.93095016479492,57.07365066117784,56.93095016479492,57.07365066117784,894100
2013-05-06,56.924198150634766,56.95137995955124,56.86983971720177,56.944588395622084,1101900
2013-05-07,56.86983108520508,56.90380445289406,56.84944602771186,56.869831085205085,1174000
2013-05-08,56.924198150634766,56.937791647292975,56.86983971720177,56.883428029460035,792000
2013-05-09,56.83586120605469,56.94458844180876,56.82906445772007,56.90381313620101,830200
2013-05-10,56.69313049316406,56.82224272096296,56.638766904154295,56.82224272096296,804900
2013-05-13,56.6319694519043,56.65235968582612,56.60479284213614,56.61838114702022,962500
2013-05-14,56.52324676513672,56.65915054989619,56.50286171586251,56.62517719590486,1085600
2013-05-15,56.591224670410156,56.60481816577277,56.49609094046966,56.55045455312121,1295000
2013-05-16,56.672752380371094,56.7271159760352,56.62518553026446,56.62518553026446,1367000
2013-05-17,56.550453186035156,56.65917522431051,56.536859691001155,56.652383661192836,920800
2013-05-20,56.536865234375,56.631998971343435,56.48250680210721,56.59802559922605,1911900
2013-05-21,56.591224670410156,56.618406476735935,56.46890913414387,56.50288768815096,757500
2013-05-22,56.400936126708984,56.67954564909871,56.38055107568486,56.604797005745255,1320000
2013-05-23,56.39413833618164,56.482480468178586,56.35336823488916,56.45529867251779,1309000
2013-05-24,56.400936126708984,56.48248151520299,56.373754330544315,56.40773287184953,941100
2013-05-28,56.08837890625,56.36698337169583,56.06119709765042,56.36019180784585,943200
2013-05-29,56.135929107666016,56.142725853897836,56.02041034371686,56.06118045231107,1453200
2013-05-30,56.08837890625,56.1767158958987,56.08158215800013,56.10196721834984,1593200
2013-05-31,55.993228912353516,56.16311127848056,55.8505283469346,56.142726224049056,1391000
2013-06-03,55.94218444824219,56.030698688801145,55.86047539901677,55.901327326228206,2786500
2013-06-04,55.92172622680664,55.976198899928484,55.88087431936527,55.94896256336756,1378500
2013-06-05,55.90129089355469,55.98981027122526,55.89448051185715,55.908101275252235,1224100
2013-06-06,55.9762077331543,56.10557905353389,55.88088313754856,55.94216620318131,1101400
2013-06-07,55.833229064941406,56.010262709203964,55.805992720070115,55.901317329718815,1194600
2013-06-10,55.69023513793945,55.77874935152419,55.68342475387879,55.73108705270149,996500
2013-06-11,55.71748352050781,55.71748352050781,55.49278755115554,55.54044986027856,2045800
2013-06-12,55.60852813720703,55.71747350693827,55.56767622095839,55.65619043776416,1255800
2013-06-13,55.85361099243164,55.87403693628181,55.65615154388413,55.68338786728353,1600400
2013-06-14,55.9149284362793,55.9625907328666,55.874071328632525,55.901307668796804,1128700
2013-06-17,55.87409973144531,55.95580879347379,55.84005818503597,55.928572439464304,1028600
2013-06-18,55.82638168334961,55.85361801017112,55.74467789768324,55.75148308328998,1328400
2013-06-19,55.49956512451172,55.87405299056057,55.377004231397784,55.84001147262832,1557800
2013-06-20,54.99570846557617,55.20678876333527,54.988903277919235,55.091038235570444,1505200
2013-06-21,54.7710075378418,55.08421753981071,54.75738677547863,55.05017082870155,1687300
2013-06-24,54.505470275878906,54.70292461485372,54.32843669477071,54.43057165290235,3496300
2013-06-25,54.63486862182617,54.69615171079654,54.532733603410776,54.66891535956558,6285500
2013-06-26,54.82545471191406,54.94121036996458,54.70289386999933,54.94121036996458,2360500
2013-06-27,55.04338073730469,55.043380737304695,54.914014615960966,54.934440572236255,895100
2013-06-28,55.07059860229492,55.13188164536235,54.87994948128324,54.95484809236625,1066100
2013-07-01,55.164066314697266,55.18453452350029,55.027608118979416,55.034432590429255,1415900
2013-07-02,55.1777229309082,55.23230309345766,55.15043024685987,55.184542197759875,874000
2013-07-03,55.13681411743164,55.239160442138804,55.1299948465214,55.18457504155494,562300
2013-07-05,54.52272415161133,54.72058703762113,54.502250730651674,54.67965060679816,1563000
2013-07-08,54.768367767333984,54.80930941852532,54.62508500203944,54.62508500203944,1975500
2013-07-09,54.82978820800781,54.87072466153827,54.802495503803826,54.82978820800781,1352500
2013-07-10,54.69331741333008,54.86389287152203,54.693317413330085,54.8434194438771,3070900
2013-07-11,55.06175994873047,55.06175994873047,54.89800895414789,54.95259435419217,1029600
2013-07-12,54.98667526245117,55.13678242500055,54.925270626252235,55.08902152833004,1393700
2013-07-15,55.13681411743164,55.143638593892206,55.02082404535368,55.0344729982748,2293200
2013-07-16,55.21867752075195,55.225501995396044,55.157267660053,55.17774108398527,1929100
2013-07-17,55.341468811035156,55.40287344041505,55.29370791966855,55.35511254904844,1612200
2013-07-18,55.25275802612305,55.36192352024841,55.21181641097375,55.355099050132615,1372000
2013-07-19,55.39606857299805,55.39606857299805,55.266429603215116,55.266429603215116,1412000
2013-07-22,55.43017578125,55.464292940548575,55.36877114116974,55.36877114116974,1041200
2013-07-23,55.41656494140625,55.43703316691822,55.33468683380761,55.36197953634049,1570700
2013-07-24,55.23918151855469,55.293766939965515,55.15048411292631,55.28011798183666,1171100
2013-07-25,55.21867752075195,55.259613957518646,55.116331223286316,55.12315569793041,777300
2013-07-26,55.25960159301758,55.29371875305528,55.21184069229344,55.26642606613467,1013900
2013-07-29,55.25275802612305,55.25957729069337,55.17770447148572,55.24593355600725,1536900
2013-07-30,55.21867752075195,55.26643843216273,55.150448390957834,55.225501995396044,1289700
2013-07-31,55.28010940551758,55.28010940551758,54.993543795897786,54.993543795897786,1400500
2013-08-01,55.01069259643555,55.16110795388831,54.949161886333144,55.10641051186273,1449800
2013-08-02,55.18845748901367,55.22263947860751,55.11324980917786,55.11324980917786,1042700
2013-08-05,55.20899200439453,55.22266376299723,55.11327404546301,55.18848175837171,1503100
2013-08-06,55.174827575683594,55.181666065928624,55.113296812197405,55.147484047182864,824900
2013-08-07,55.2568359375,55.26367442305801,55.18162824507024,55.18846673062826,925100
2013-08-08,55.2841911315918,55.352560346462546,55.270514158875606,55.2841911315918,731600
2013-08-09,55.35254669189453,55.35938517656568,55.222641564319865,55.236318533662164,746900
2013-08-12,55.250022888183594,55.379928092411504,55.229512638303085,55.34574086511831,1036200
2013-08-13,55.05851364135742,55.126882788693436,55.01065471659905,55.126882788693436,900800
2013-08-14,55.03120422363281,55.07906318255568,55.01069398641378,55.04488119260238,809100
2013-08-15,54.83292770385742,54.93548410207392,54.791907231064854,54.867114908674615,913900
2013-08-16,54.68938064575195,54.86030633054473,54.61417292714409,54.839796082967666,813800
2013-08-19,54.532108306884766,54.64833647028256,54.511598068195234,54.620987746617956,766500
2013-08-20,54.68938064575195,54.68938064575195,54.58682419162869,54.607339655443695,982500
2013-08-21,54.4774169921875,54.66885286315434,54.47741699218751,54.62099389541263,737300
2013-08-22,54.532108306884766,54.5526185455743,54.422713412226365,54.48424934453063,751500
2013-08-23,54.68938064575195,54.71672938126735,54.463762706166314,54.49110622544377,1628700
2013-08-26,54.785091400146484,54.798768374222746,54.723560665515066,54.77825812934561,683400
2013-08-27,54.921852111816406,54.949200852222894,54.805623877268,54.839805890596956,731300
2013-08-28,54.82609939575195,54.86711987225546,54.778240434419345,54.86028138742635,768800
2013-08-29,54.88079071044922,54.90813943307399,54.70986510622102,54.70986510622102,855000
2013-08-30,54.80559158325195,54.92865301820928,54.79875309812017,54.8739607858624,1216800
2013-09-03,54.682926177978516,54.75144674611758,54.559596473667796,54.7377405415356,1608800
2013-09-04,54.614418029785156,54.74460085353157,54.57330986539623,54.724046771337115,810100
2013-09-05,54.237586975097656,54.48424121602498,54.223880767198715,54.44998615105101,1637700
2013-09-06,54.44312286376953,54.55275159690874,54.42256878315236,54.47053004705433,954100
2013-09-09,54.580196380615234,54.60759835539161,54.545936071060794,54.59389736800342,989800
2013-09-10,54.46371078491211,54.56648647924243,54.429455705061315,54.53222617200267,1120800
2013-09-11,54.614418029785156,54.61441802978516,54.47053422703781,54.53904957681472,1474000
2013-09-12,54.60074996948242,54.710373549740126,54.580195874895935,54.669265360567145,757000
2013-09-13,54.68977355957031,54.69662666114445,54.607552022835286,54.62125822598357,1067000
2013-09-16,54.75831985473633,54.96387119910478,54.72406478226681,54.95701809365575,816700
2013-09-17,54.806297302246094,54.82000351718658,54.74463501718206,54.813150409716336,952700
2013-09-18,55.24474334716797,55.2995576938686,54.70346343511284,54.806239028330566,1103800
2013-09-19,55.18313217163086,55.340717029930154,55.148871866406495,55.340717029930154,1050200
2013-09-20,55.17622756958008,55.203634742702945,55.11456535059146,55.169374469453416,560900
2013-09-23,55.21735382080078,55.244761002910195,55.14883847922,55.14883847922,833000
2013-09-24,55.333824157714844,55.37493230864726,55.2584557294158,55.29271077939802,1052900
2013-09-25,55.45035934448242,55.464060333479516,55.34073052294601,55.361289847526535,788300
2013-09-26,55.36813735961914,55.39554456482073,55.34073015441754,55.36128947886116,679000
2013-09-27,55.3818244934082,55.4366388849244,55.34756419186356,55.361270403436656,488200
2013-09-30,55.41606903076172,55.422922135245216,55.32014647754112,55.38181396311842,1218500
2013-10-01,55.348785400390625,55.403716601794386,55.30758961860166,55.376251001092506,1146300
2013-10-02,55.41062545776367,55.465556705150824,55.37629735704576,55.383165072602175,984500
2013-10-03,55.43804168701172,55.4517771058865,55.35565012787268,55.36251259878266,6070900
2013-10-04,55.37623596191406,55.39683384721454,55.34190266072909,55.35563807661359,749000
2013-10-07,55.41745376586914,55.50671305050177,55.40372358305195,55.49985057835735,840000
2013-10-08,55.396827697753906,55.451758878141575,55.369362107560065,55.38309752191983,841700
2013-10-09,55.36248016357422,55.42427903524981,55.32815211355386,55.410543624422196,1117400
2013-10-10,55.37623596191406,55.39683384721454,55.26637358894317,55.28697147424364,899700
2013-10-11,55.396827697753906,55.49295464416949,55.38309752191983,55.4448911709617,762600
2013-10-14,55.286956787109375,55.410549304605794,55.25262873357002,55.39681913089503,486600
2013-10-15,55.27328109741211,55.37627583660398,55.27328109741211,55.36254041082904,939600
2013-10-16,55.5067138671875,55.5067138671875,55.259533903142746,55.28699426918116,936300
2013-10-17,55.6989631652832,55.71269334585364,55.58223305706073,55.60283618570764,717600
2013-10-18,55.76072311401367,55.78818869707207,55.71265965329255,55.74012523635095,805700
2013-10-21,55.69207763671875,55.75387128730572,55.68520992936715,55.75387128730572,952900
2013-10-22,55.8706169128418,55.91181269136889,55.83628360505103,55.83628360505103,763900
2013-10-23,55.89808654785156,55.980478110855366,55.89121883809202,55.92554690983439,741100
2013-10-24,55.89808654785156,55.980478110855366,55.87748341857295,55.973610401095826,706500
2013-10-25,55.959877014160156,55.96674472352625,55.9049458162862,55.93241141522318,703100
2013-10-28,55.911808013916016,55.97360167653714,55.904940305226944,55.91867572260509,943100
2013-10-29,55.95299530029297,55.952995300292976,55.87746623175232,55.89120164704664,683700
2013-10-30,55.89122009277344,56.021675149967216,55.836288890519334,55.98734707745423,907100
2013-10-31,55.89122009277344,55.980479367540525,55.82942118060563,55.939283585113834,1615500
2013-11-01,55.74053192138672,55.871282997316925,55.74053192138672,55.850639195897166,1010100
2013-11-04,55.774940490722656,55.816228092624634,55.754291439567965,55.78181825757052,701100
2013-11-05,55.609779357910156,55.7405304303428,55.609779357910156,55.7405304303428,2158400
2013-11-06,55.70610427856445,55.73363108839286,55.67169970393056,55.69922651375896,1300300
2013-11-07,55.81620788574219,55.82309090030193,55.73362746163074,55.768037284227624,839300
2013-11-08,55.451480865478516,55.534056030450884,55.437714837848965,55.527178266837346,2391600
2013-11-11,55.4033088684082,55.458357226930914,55.39642585476745,55.458357226930914,1695300
2013-11-12,55.3757438659668,55.4239144278219,55.34821708059282,55.36197784818107,1787400
2013-11-13,55.52717208862305,55.54781587756922,55.465235471583895,55.499645286627945,1375900
2013-11-14,55.685462951660156,55.699228982285526,55.57536095766908,55.602887768717444,1175300
2013-11-15,55.70610427856445,55.71298729357209,55.651055909109786,55.69234349875132,818600
2013-11-18,55.809322357177734,55.823088385677096,55.719864172738106,55.719864172738106,875500
2013-11-19,55.69921112060547,55.781786277067894,55.65791829217356,55.761142487952284,820200
2013-11-20,55.54780960083008,55.7680187417073,55.52028280194541,55.67167757071102,1025000
2013-11-21,55.54780960083008,55.582214161785856,55.444585417562614,55.51339978967424,3170500
2013-11-22,55.67169189453125,55.67169189453125,55.58222846258796,55.58911147663008,1977800
2013-11-25,55.71300506591797,55.73364886732408,55.66483444590246,55.671717463105765,1588700
2013-11-26,55.71989059448242,55.78182200149205,55.71989059448242,55.72677361199595,1177800
2013-11-27,55.69921112060547,55.761142487952284,55.63039148995252,55.754259474846855,1571100
2013-11-29,55.72672653198242,55.74048730517982,55.60973633390626,55.60973633390626,1058600
2013-12-02,55.51641082763672,55.661235615798354,55.51641082763672,55.62675652999188,1297500
2013-12-03,55.57157897949219,55.633644485638975,55.550890477443254,55.578471639127,1043700
2013-12-04,55.48881530761719,55.50261114893683,55.40605604441478,55.44054038614207,1816600
2013-12-05,55.39228820800781,55.48194016710813,55.38539028451579,55.447461072795996,2193800
2013-12-06,55.47502517700195,55.49571367757709,55.38536799241385,55.419852334420334,1622700
2013-12-09,55.530208587646484,55.55779501680118,55.49572949738314,55.530208587646484,957100
2013-12-10,55.647430419921875,55.668118918287185,55.585359663254664,55.640532499943006,957400
2013-12-11,55.55086898803711,55.63362296422012,55.53017523242115,55.61983238871302,1326200
2013-12-12,55.40606689453125,55.49572409595096,55.399174234093465,55.461239747470636,1917600
2013-12-13,55.46812438964844,55.49571080951356,55.43364004942414,55.46812438964844,1117500
2013-12-16,55.48881530761719,55.55088607041194,55.46122888654972,55.516401728684656,1865100
2013-12-17,55.59226608276367,55.59916400379716,55.488818313549665,55.50950681507804,2186000
2013-12-18,55.57157897949219,55.6819194109439,55.46123328646823,55.53709463502914,1787000
2013-12-19,55.46812438964844,55.49571080951356,55.385365130053074,55.41984947027738,1591400
2013-12-20,55.57157897949219,55.578471639127,55.47502912888235,55.50950821177315,1135800
2013-12-23,55.50260543823242,55.59225735129848,55.475019020003344,55.55777301311931,3419000
2013-12-24,55.38573455810547,55.44799178128808,55.38573455810547,55.44799178128808,575000
2013-12-26,55.30268096923828,55.38568877240249,55.30268096923828,55.364938140954735,2086900
2013-12-27,55.30268096923828,55.34418750950699,55.26809834261643,55.28884897406419,1983400
2013-12-30,55.392635345458984,55.40646734760913,55.34421542186968,55.36496606378283,2818200
2013-12-31,55.37187576293945,55.42720903998153,55.323455847168255,55.37878912421033,1633600
2014-01-02,55.42029571533203,55.461796992484764,55.37187579952884,55.4064584380311,1413300
2014-01-03,55.427215576171875,55.482554137114704,55.37879565469081,55.39263293361434,1577300
2014-01-06,55.47563934326172,55.51714590553392,55.44105669830689,55.47563934326172,1287400
2014-01-07,55.5448112487793,55.5448112487793,55.48947268792489,55.524055330427174,2719600
2014-01-08,55.36496353149414,55.44797137272599,55.36496353149414,55.43413409383287,3472700
2014-01-09,55.468719482421875,55.48947012243899,55.39263028410885,55.44105020327392,1043900
2014-01-10,55.73847579956055,55.73847579956055,55.63471734547627,55.65546798081828,1374900
2014-01-13,55.8145751953125,55.8629951124299,55.75231800051862,55.77306863965819,784400
2014-01-14,55.7315788269043,55.82841868106172,55.7246601866427,55.81458667791477,798700
2014-01-15,55.69698715209961,55.73157507370207,55.6485672282817,55.676236510088486,780600
2014-01-16,55.82150650024414,55.82150650024414,55.773086567562466,55.786923849686865,988200
2014-01-17,55.88378143310547,55.88378143310547,55.780022893783084,55.81461083268339,668600
2014-01-21,55.88378143310547,55.92528273788301,55.84228012832793,55.84919349420516,2570400
2014-01-22,55.78689956665039,55.84915147698247,55.779980928599755,55.82148220215447,1637900
2014-01-23,55.939090728759766,56.02209329484591,55.87683352681939,55.87683352681939,1552800
2014-01-24,56.084346771240234,56.105097411383355,56.02208957343545,56.029008212608296,1174900
2014-01-27,55.98058319091797,56.11201093634625,55.96675119120838,56.077423021009885,8599900
2014-01-28,56.029022216796875,56.056691503028645,55.97368364433332,56.035940857699,4081300
2014-01-29,56.15352249145508,56.19502377555537,56.06360128344583,56.10510256754611,3245200
2014-01-30,56.15352249145508,56.15352249145508,56.06360128344583,56.11202120735479,2204000
2014-01-31,56.22959518432617,56.25726445805939,56.18117527463664,56.18117527463664,3366900
2014-02-03,56.41054916381836,56.41054916381836,56.18873349502353,56.23032756876817,4118600
2014-02-04,56.32039260864258,56.36891458150394,56.29266501150775,56.35505342718572,1923700
2014-02-05,56.20257568359375,56.327347273952014,56.20257568359375,56.31348082585642,1353800
2014-02-06,56.18179702758789,56.20259141705208,56.1332750226708,56.18179702758789,2321400
2014-02-07,56.251136779785156,56.28579234711528,56.181820356620804,56.202614754719704,921100
2014-02-10,56.285770416259766,56.29270364242601,56.22338724626969,56.25111486243262,1302200
2014-02-11,56.16792297363281,56.19565058533295,56.126334200333204,56.16792297363281,5401900
2014-02-12,56.07089614868164,56.11248493471784,56.00851296962733,56.11248493471784,3057200
2014-02-13,56.20948791503906,56.216421137149815,56.15403800364982,56.160965937261636,3466300
2014-02-14,56.188697814941406,56.23029186227364,56.174836658163564,56.22335863963504,4205900
2014-02-18,56.26491928100586,56.29958008837832,56.202536173931456,56.216397323782424,2767900
2014-02-19,56.2164192199707,56.389712747337136,56.20255806472085,56.32732961596463,1985600
2014-02-20,56.20948791503906,56.216421137149815,56.11937718159497,56.18176560359391,1079500
2014-02-21,56.251136779785156,56.251136779785156,56.13329833155535,56.147159500786586,592600
2014-02-24,56.23720932006836,56.2510757627624,56.20255379033,56.24414254141538,3138000
2014-02-25,56.3481330871582,56.36892746763839,56.27881672272436,56.30654432619782,1424300
2014-02-26,56.465965270996094,56.47289849323245,56.33426049100065,56.33426049100065,987100
2014-02-27,56.535274505615234,56.535274505615234,56.47289137884415,56.535274505615234,670700
2014-02-28,56.49371337890625,56.49371337890625,56.41746377212458,56.48678015415311,2445800
2014-03-03,56.613189697265625,56.63402806024747,56.51594047022675,56.571512971301935,1398800
2014-03-04,56.41868209838867,56.52982178283922,56.41173421195909,56.52287919609418,1083400
2014-03-05,56.495086669921875,56.495086669921875,56.363103340854195,56.4047800554297,1623500
2014-03-06,56.356136322021484,56.3908704388313,56.32140750489381,56.36308420531988,1739100
2014-03-07,56.18949508666992,56.231171839658586,56.16865671017559,56.19644297873098,1926100
2014-03-10,56.22417449951172,56.231117085123664,56.1824924874217,56.19638825801293,2006400
2014-03-11,56.217227935791016,56.24501417794302,56.18249380818007,56.224175821249965,2263600
2014-03-12,56.33533477783203,56.34923055350746,56.27281968634945,56.30754852616679,2303700
2014-03-13,56.502044677734375,56.51594045284159,56.27281738531919,56.27281738531919,2204100
2014-03-14,56.467323303222656,56.564572543086086,56.46037541475067,56.550682065828205,1835300
2014-03-17,56.390933990478516,56.46734489382821,56.377043507909534,56.44650652013068,2693700
2014-03-18,56.45343780517578,56.46733358464986,56.3909226966036,56.40481317639062,1487900
2014-03-19,56.18949508666992,56.44651409604064,56.16170881811453,56.43956620397959,2357300
2014-03-20,56.14081573486328,56.20333610311176,56.13386784957263,56.19638821782112,826700
2014-03-21,56.300621032714844,56.30756362272831,56.168637626840415,56.18947599625489,1149700
2014-03-24,56.30752182006836,56.342255943097264,56.21027263520714,56.23111098915124,4480700
2014-03-25,56.29362869262695,56.36309163572181,56.26584245545244,56.28668080841262,1477200
2014-03-26,56.44649887084961,56.46733724172326,56.33535382660697,56.35619219748062,3725100
2014-03-27,56.502044677734375,56.522888340395205,56.404795450725416,56.42563911338625,2935700
2014-03-28,56.39784240722656,56.52287786158416,56.363108275583286,56.52287786158416,1387200
2014-03-31,56.39784240722656,56.41868076633876,56.30753578482781,56.335322030205546,2791900
2014-04-01,56.335227966308594,56.37700248105112,56.31433539681694,56.35611522367986,2824000
2014-04-02,56.22376251220703,56.31427563546909,56.19591109456145,56.293388400263595,3058800
2014-04-03,56.27250671386719,56.307322317385875,56.22376805621019,56.25161947660209,1978900
2014-04-04,56.43960189819336,56.47441749676114,56.35605296101391,56.35605296101391,936500
2014-04-07,56.544044494628906,56.57189591160838,56.4604902436905,56.4604902436905,1099400
2014-04-08,56.585853576660156,56.60674613626036,56.50926877326425,56.55800745476231,674200
2014-04-09,56.57189178466797,56.62063043279789,56.488337539824876,56.530117318303546,3904300
2014-04-10,56.74597930908203,56.794717974531565,56.62065055333806,56.648501978182956,1101400
2014-04-11,56.78084945678711,56.8295881690507,56.739069623331716,56.815659787191834,1570700
2014-04-14,56.77383804321289,56.80864834466353,56.73902242964544,56.77383804321289,2437000
2014-04-15,56.801700592041016,56.864362334189906,56.71814629039131,56.732074663391856,2219600
2014-04-16,56.766876220703125,56.787763464866195,56.711173361523585,56.725101732376984,2892500
2014-04-17,56.62068557739258,56.794753106259634,56.571946881794574,56.794753106259634,1054500
2014-04-21,56.634578704833984,56.69028155953508,56.606732589600036,56.627619832083795,3440000
2014-04-22,56.634578704833984,56.64154288970077,56.56495279251591,56.57888116224949,1573300
2014-04-23,56.725067138671875,56.7529185512765,56.676328494642235,56.68329267582184,1792600
2014-04-24,56.73904037475586,56.73904037475586,56.64156300047757,56.66941443771687,814300
2014-04-25,56.759883880615234,56.836473945966794,56.75292501075738,56.773812244559736,1456300
2014-04-28,56.697227478027344,56.773817550536876,56.67634024227291,56.73900194953622,851800
2014-04-29,56.725067138671875,56.73203131985148,56.634548719678406,56.634548719678406,840500
2014-04-30,56.85044479370117,56.85044479370117,56.732080172292164,56.77385467111455,1861000
2014-05-01,56.98858642578125,57.00254522626594,56.856009763511935,56.86996324027409,1774100
2014-05-02,57.05135726928711,57.079269530334344,56.84899736948422,56.89086309919536,1517900
2014-05-05,56.98858642578125,57.07232325752177,56.960674148534416,57.06534385727942,1813300
2014-05-06,57.04441452026367,57.05836799789173,56.99556936298117,57.00952284060923,1304000
2014-05-07,57.07229995727539,57.12114509158529,57.009496028179605,57.04438769142397,1070900
2014-05-08,57.100223541259766,57.18395503169052,57.05835247232297,57.12115641386745,1937800
2014-05-09,57.03046798706055,57.08628722809259,57.023488585535226,57.06535434724013,1523700
2014-05-12,56.97462463378906,57.00951098246418,56.932753562168465,57.00253690696221,996800
2014-05-13,57.07929611206055,57.08627018778059,57.023471563968684,57.023471563968684,1551700
2014-05-14,57.225807189941406,57.27465231779192,57.15602919640061,57.15602919640061,1266000
2014-05-15,57.33047103881836,57.4142024931037,57.288599987956566,57.288599987956566,1113300
2014-05-16,57.33047103881836,57.36535737019754,57.29557938372005,57.32349164305487,754200
2014-05-19,57.309566497802734,57.40725680096873,57.28863362194177,57.38632392510777,1171300
2014-05-20,57.337493896484375,57.37936498297219,57.26073644893431,57.26073644893431,1292900
2014-05-21,57.288612365722656,57.29559176299411,57.22581376144039,57.24674662953448,1189300
2014-05-22,57.25374221801758,57.288628566800064,57.218850545513305,57.27467509203142,493300
2014-05-23,57.309566497802734,57.31654589766381,57.26072134621974,57.28863362194177,841900
2014-05-27,57.36537551879883,57.37235491677038,57.260705844108834,57.31653038043961,884200
2014-05-28,57.553749084472656,57.57468194269553,57.44210007566032,57.44210007566032,708300
2014-05-29,57.50495529174805,57.637531953377554,57.49797589153938,57.567753922458465,1413700
2014-05-30,57.44910430908203,57.4979494406273,57.42817144180835,57.456078382359884,1462600
2014-06-02,57.30858612060547,57.43446242780554,57.294602235505174,57.38551082696798,1071100
2014-06-03,57.168701171875,57.273598938337344,57.161706564691634,57.25960972397061,652700
2014-06-04,57.1756706237793,57.21063297366985,57.119724461570776,57.20364370488355,1466400
2014-06-05,57.2386360168457,57.25961450482535,57.154722064927114,57.16171133737201,611600
2014-06-06,57.231624603271484,57.35750082950886,57.21764072716551,57.34351695340289,1039800
2014-06-09,57.18271255493164,57.21768027234537,57.14075556229484,57.21768027234537,1205400
2014-06-10,57.070804595947266,57.13374006189132,57.06380998795704,57.1127615732433,1505400
2014-06-11,57.09175109863281,57.154691864636604,57.07776722580956,57.140702656493694,1646000
2014-06-12,57.2386360168457,57.266609112592725,57.09877587343307,57.13373824162499,1693500
2014-06-13,57.22463607788086,57.24561455997339,57.11274372629274,57.11973833209724,835600
2014-06-16,57.210655212402344,57.252617518030014,57.17569284892133,57.20366594089919,3534000
2014-06-17,57.07778549194336,57.16169942637649,57.07778549194336,57.147715549078086,612900
2014-06-18,57.22463607788086,57.23861995416889,57.10575445580922,57.14071681418977,1495900
2014-06-19,57.1756706237793,57.32252529808688,57.12671906567677,57.3155306939809,3345400
2014-06-20,57.210655212402344,57.21764981922725,57.13373054329366,57.13373054329366,2863700
2014-06-23,57.18965530395508,57.280569152657165,57.1756714308654,57.273574548452444,1136900
2014-06-24,57.29458236694336,57.30856624719434,57.20367380700574,57.2666092711189,1305800
2014-06-25,57.371490478515625,57.43442592445387,57.33652278500262,57.42044204824124,1928000
2014-06-26,57.44841003417969,57.48337238926684,57.39246386365567,57.42043694891768,533200
2014-06-27,57.44841003417969,57.511345474528845,57.434420823888445,57.48337238926684,633900
2014-06-30,57.49739456176758,57.504389170923076,57.434453750015116,57.48340534345657,904900
2014-07-01,57.38664245605469,57.44971518201287,57.372629265011504,57.40766491587223,1288100
2014-07-02,57.23250198364258,57.323606488115054,57.22549805753584,57.323606488115054,981800
2014-07-03,57.16241455078125,57.21146875684892,57.11336034471357,57.14840135469369,667100
2014-07-07,57.23250198364258,57.24652052887303,57.20447023969016,57.21147951230539,1656900
2014-07-08,57.33761978149414,57.379664724237934,57.309588037495445,57.330610508867345,1397600
2014-07-09,57.39363479614258,57.414657249759394,57.28851718155453,57.33056208878816,1275800
2014-07-10,57.407676696777344,57.49878117002343,57.393663502858445,57.47074943567899,665400
2014-07-11,57.491756439208984,57.53380135616567,57.45671544407495,57.48474717088114,958600
2014-07-14,57.407676696777344,57.46374016546622,57.386654232645675,57.46374016546622,994700
2014-07-15,57.365604400634766,57.449699563548116,57.31655022556133,57.372613667503565,3125400
2014-07-16,57.38664245605469,57.40766491587223,57.35160145868841,57.38664245605469,767200
2014-07-17,57.54081726074219,57.58286218254795,57.44971814799442,57.49877233893642,841700
2014-07-18,57.54081726074219,57.568848990781305,57.47774453152771,57.568848990781305,1146600
2014-07-21,57.54081726074219,57.61790318172331,57.54081726074218,57.55483045250883,2327800
2014-07-22,57.6179084777832,57.6179084777832,57.52680401015557,57.58286747538699,776700
2014-07-23,57.589874267578125,57.66696019232841,57.58286499809916,57.64593773039762,1361700
2014-07-24,57.477718353271484,57.5337817878156,57.44969198250281,57.5337817878156,800900
2014-07-25,57.58289337158203,57.58990264451475,57.52682988113773,57.55486162635988,1414500
2014-07-28,57.56884002685547,57.61789421015934,57.526789765091436,57.60387567406967,1249900
2014-07-29,57.6179084777832,57.6529441336731,57.54783181949709,57.624917747563714,1271300
2014-07-30,57.400699615478516,57.5128212587813,57.35864932104447,57.5128212587813,1913600
2014-07-31,57.33761978149414,57.40769646823663,57.288565566123545,57.30257876486865,3113700
2014-08-01,57.52861404418945,57.55670483132596,57.346031964456884,57.43029896809659,3550300
2014-08-04,57.60588455200195,57.648018070046405,57.53566023600392,57.56375103395751,4089900
2014-08-05,57.52861404418945,57.59883833314581,57.49350457859618,57.56372886755254,3960800
2014-08-06,57.591796875,57.64095439360282,57.57073013242275,57.612863617577254,2925900
2014-08-07,57.71822738647461,57.7252460651586,57.57777344624506,57.619912307198916,2207500
2014-08-08,57.67610549926758,57.81655948083193,57.66908681851803,57.74633516893554,1608500
2014-08-11,57.70421600341797,57.746354891164835,57.6620824734445,57.71124004433801,928800
2014-08-12,57.65501403808594,57.71119560663961,57.64097132483215,57.71119560663961,2365300
2014-08-13,57.76033020019531,57.78139694059397,57.66903920587871,57.70414865395411,944100
2014-08-14,57.81652069091797,57.85163014442496,57.732248358518845,57.84461146838434,2623800
2014-08-15,57.921875,58.03423278164679,57.830578609782016,57.85866939463606,6875700
2014-08-18,57.8025016784668,57.88677405322651,57.79548299889816,57.87273133631856,4011900
2014-08-19,57.79547119140625,57.872719513044984,57.753332333749945,57.865695477140676,1674900
2014-08-20,57.711204528808594,57.788452858070194,57.676089703591465,57.76738610604795,5183000
2014-08-21,57.774410247802734,57.80250103907857,57.73227673977427,57.73930077703588,3563500
2014-08-22,57.774410247802734,57.816549113601795,57.67609515722259,57.77441024780273,1193000
2014-08-25,57.79547119140625,57.823556619484364,57.76738040555857,57.80951390544531,1897400
2014-08-26,57.823585510253906,57.85870034955055,57.795500068143284,57.851676310136774,1317100
2014-08-27,57.91486358642578,57.92890630302861,57.837615250683854,57.87273007884675,1062900
2014-08-28,57.99211883544922,58.02020962977415,57.94997996507624,58.006161553726095,685500
2014-08-29,57.99211883544922,58.027228310027,57.957004003100266,57.964028041124294,1081300
2014-09-02,57.79433059692383,57.885819929479204,57.78729130383268,57.885819929479204,1211100
2014-09-03,57.89286804199219,57.89286804199219,57.752109005762875,57.77322151884522,972800
2014-09-04,57.79433059692383,57.871746712704294,57.766178793966624,57.84359490974709,1882600
2014-09-05,57.77323913574219,57.85769458323293,57.73805339301177,57.8225088405025,1872800
2014-09-08,57.73101043701172,57.86473021137615,57.71693721469365,57.8436176931943,2740700
2014-09-09,57.632484436035156,57.688788066728506,57.61841121306669,57.653596955192725,1288600
2014-09-10,57.526885986328125,57.56911637167439,57.526885986328125,57.56911637167439,2719000
2014-09-11,57.48469543457031,57.611375927744895,57.48469543457031,57.60433663106571,2529000
2014-09-12,57.39317321777344,57.44947145076535,57.36502141657396,57.4283589422175,1921700
2014-09-15,57.42133331298828,57.44948512088649,57.3931868744984,57.42837260731491,2550500
2014-09-16,57.40020751953125,57.48466292368662,57.39317359624029,57.42835932091638,1077700
2014-09-17,57.329864501953125,57.49173611300389,57.329864501953125,57.4635842950207,2606500
2014-09-18,57.33687973022461,57.34391902411805,57.29465470567996,57.33687973022461,1802900
2014-09-19,57.456539154052734,57.456539154052734,57.329858670718664,57.3650497819708,1238900
2014-09-22,57.526885986328125,57.5479984942978,57.4776216779299,57.49873418589958,638400
2014-09-23,57.5550537109375,57.56913229975045,57.51282868331543,57.5550537109375,986900
2014-09-24,57.519866943359375,57.59024377793339,57.49874906051971,57.56209197022213,3552500
2014-09-25,57.66065979003906,57.6676990891018,57.576204309522,57.58324360858474,3152500
2014-09-26,57.604312896728516,57.64654328999354,57.54800928531375,57.60431289672851,3500300
2014-09-29,57.674720764160156,57.695838656861305,57.646574312713575,57.6817600617272,9772600
2014-09-30,57.66065979003906,57.7239973733679,57.63954726226278,57.66065979003906,8536000
2014-10-01,57.90813064575195,57.915178419598014,57.802354858280744,57.802354858280744,5094500
2014-10-02,57.86582565307617,57.985707765913446,57.851724723320466,57.950447371552926,2731500
2014-10-03,57.83054733276367,57.872855484961285,57.76707972448859,57.80234010463904,3526900
2014-10-06,57.96456527709961,57.99982568178667,57.85879482300325,57.8940498477079,3645800
2014-10-07,58.11263656616211,58.14083842514578,58.00686076504079,58.04916893349702,3012400
2014-10-08,58.267757415771484,58.267757415771484,58.02800399937352,58.1478807075725,1586800
2014-10-09,58.17607879638672,58.25364733184688,58.147871567130395,58.23954102722928,2160900
2014-10-10,58.22544479370117,58.23954571947598,58.16198255774558,58.17608348352039,1538200
2014-10-13,58.39468002319336,58.41583410083825,58.295957407531176,58.31006371261381,1178400
2014-10-14,58.472267150878906,58.472267150878906,58.38059765861422,58.45816622129232,5402700
2014-10-15,58.60627365112305,59.2832315218516,58.53575821500229,58.937702118871826,5461400
2014-10-16,58.507503509521484,58.78957040520492,58.465195358161466,58.77546410143254,3699800
2014-10-17,58.46523666381836,58.52869893569445,58.39471585509068,58.472284440705245,2143400
2014-10-20,58.514583587646484,58.563944913606946,58.47227003683679,58.54278544821158,1379300
2014-10-21,58.429969787597656,58.50753836462053,58.41586347542163,58.46523018805597,1647700
2014-10-22,58.415855407714844,58.44406264818949,58.34533999651874,58.352393151632654,2292400
2014-10-23,58.23953628540039,58.36646611672983,58.204281286684584,58.36646611672983,6617200
2014-10-24,58.288978576660156,58.352440884655294,58.24666499134464,58.28192541577666,2202100
2014-10-27,58.267757415771484,58.32417188315208,58.24660333549868,58.288916876024,2454200
2014-10-28,58.23250961303711,58.2959718617069,58.225456458747004,58.274817778816974,2201200
2014-10-29,58.1337890625,58.21840539710123,58.06326827702487,58.21135762253819,2219900
2014-10-30,58.17607879638672,58.23954102722928,58.154924719439194,58.211339177951835,4741900
2014-10-31,58.077392578125,58.154961162193445,58.063286264667695,58.133807071989736,4598600
2014-11-03,58.05119705200195,58.114792852949094,57.973465256642854,58.0865262554274,3063600
2014-11-04,58.03711700439453,58.14311549945608,58.03711700439453,58.0865822499156,3231100
2014-11-05,58.10776138305664,58.114823992744775,58.022961545053086,58.05829615871418,2566600
2014-11-06,57.97349166870117,58.065354109021484,57.95229305872762,58.01588888864829,2183500
2014-11-07,58.17133712768555,58.17840512623774,58.03000950446113,58.05827610736666,1772400
2014-11-10,58.05119705200195,58.199592645514166,58.044129054795974,58.192524648308186,2490600
2014-11-11,58.07950973510742,58.11483896656631,58.008840489576656,58.015908492391034,1102500
2014-11-12,58.07243347167969,58.17136393178243,58.058302859367465,58.14309731585226,809800
2014-11-13,58.11480712890625,58.1501417323139,58.07240991785991,58.100676522325315,1665300
2014-11-14,58.12893295288086,58.171330156506706,58.05120115203173,58.079467751549835,1519100
2014-11-17,58.12893295288086,58.22079535783773,58.10773435106793,58.22079535783773,1787000
2014-11-18,58.213748931884766,58.213748931884766,58.157221103204144,58.18548232189216,1607500
2014-11-19,58.06537628173828,58.18550537833046,58.05124566679492,58.0865748998067,1368600
2014-11-20,58.13605880737305,58.22792670357856,58.093661557621864,58.206728078702966,914900
2014-11-21,58.26322555541992,58.270293557127644,58.16429509673442,58.16429509673442,3286200
2014-11-24,58.27027893066406,58.2914775391605,58.1925471053076,58.21374571380404,1118300
2014-11-25,58.3763313293457,58.40459796390628,58.22793554138467,58.24206616301031,1010800
2014-11-26,58.46106719970703,58.49639641072915,58.43986320352971,58.45399920098126,1149600
2014-11-28,58.56003189086914,58.58123050815028,58.517629265000316,58.52469726786288,726300
2014-12-01,58.472198486328125,58.64921530998342,58.46511630078698,58.63505093890114,3682100
2014-12-02,58.34476089477539,58.41556656169769,58.337678707445335,58.41556656169769,5205900
2014-12-03,58.33060073852539,58.35892408776784,58.295200603567196,58.32352395280965,3877200
2014-12-04,58.42974090576172,58.465146449600304,58.33769405475992,58.351858433146376,1558300
2014-12-05,58.2597770690918,58.34474709057054,58.18897141892193,58.34474709057054,3695700
2014-12-08,58.38017654418945,58.41558208812418,58.23856517270563,58.273970716640356,2838200
2014-12-09,58.40142059326172,58.50054962945096,58.37309723976089,58.43682073354226,3727800
2014-12-10,58.557159423828125,58.578405979116134,58.41554813465448,58.429707102722084,4081900
2014-12-11,58.50053405761719,58.52885740357883,58.422646206754145,58.48636968357343,3280600
2014-12-12,58.69877624511719,58.755422921761856,58.55715955350552,58.635047383360835,6232900
2014-12-15,58.59259796142578,58.69172700012688,58.56427460720726,58.656321456821864,5511400
2014-12-16,58.72709655761719,58.755419894480205,58.62088539491191,58.755419894480205,6532800
2014-12-17,58.58552169799805,58.7412974608922,58.543039363437096,58.70589731613407,3942400
2014-12-18,58.49348449707031,58.52889004980233,58.44391996452282,58.49348449707031,1625500
2014-12-19,58.62092590332031,58.62092590332032,58.47223233363191,58.48639131078552,2204800
2014-12-22,58.59259796142578,58.6209213156443,58.543033442075235,58.55719241812077,2157100
2014-12-23,58.33722686767578,58.55774140776893,58.33011191980065,58.536401991258636,6121200
2014-12-24,58.358551025390625,58.358551025390625,58.22339418667761,58.32298172243026,2280200
2014-12-26,58.40834045410156,58.46524916376493,58.36566163541067,58.40834045410156,1300800
2014-12-29,58.5079231262207,58.579056293839145,58.44390490349796,58.50080818132502,2730600
2014-12-30,58.55062484741211,58.67155724949844,58.536400379168676,58.64310288589665,5854700
2014-12-31,58.59331512451172,58.650218430444916,58.5790852276918,58.614654542626106,1708900
2015-01-02,58.7924690246582,58.820923380903594,58.6288578330256,58.63597277886533,2218800
2015-01-05,58.963218688964844,58.984558109849246,58.828061787208696,58.85651615742663,5820100
2015-01-06,59.1339225769043,59.31175826958644,59.06278938525437,59.06278938525437,3887600
2015-01-07,59.16950607299805,59.24063928170315,59.07703344439301,59.14105170409282,2433400
2015-01-08,59.077022552490234,59.119701384421504,59.02011382517191,59.119701384421504,1873400
2015-01-09,59.17658233642578,59.247715498628914,59.04142552926114,59.048540473615176,1646100
2015-01-12,59.254844665527344,59.276184076599,59.18370605913689,59.21927536233212,4397900
2015-01-13,59.311744689941406,59.37576834674814,59.20504764045253,59.261950924475464,2223400
2015-01-14,59.446937561035156,59.55364010232445,59.43271308818437,59.49673135668793,2481200
2015-01-15,59.710147857666016,59.72437233323695,59.43272445353206,59.43272445353206,4214500
2015-01-16,59.53226852416992,59.64608052685269,59.454020397963255,59.61762616940356,3631300
2015-01-20,59.468231201171875,59.63184236213866,59.44689179476588,59.53936436489602,3029500
2015-01-21,59.354434967041016,59.6105187660583,59.34732002064777,59.603403819665054,2473900
2015-01-22,59.36867904663086,59.48960603969749,59.304660789283496,59.48960603969749,2157400
2015-01-23,59.56072998046875,59.589178914194854,59.475366897947204,59.49670631179899,6255000
2015-01-26,59.489585876464844,59.574948951111026,59.45402199903103,59.56072448556028,7810500
2015-01-27,59.52513122558594,59.674512475764004,59.4895619353528,59.65317307246881,1154100
2015-01-28,59.73857498168945,59.816817702309905,59.482491121302644,59.496715590384014,1394600
2015-01-29,59.67456817626953,59.73147692291673,59.58209553330542,59.71013749970323,1551300
2015-01-30,60.00176239013672,60.00176239013672,59.83104164257846,59.89505988774479,10474400
2015-02-02,59.930503845214844,60.00178071019246,59.80933263094528,59.83783902647535,6070500
2015-02-03,59.74517059326172,59.86634178917151,59.709529447135125,59.823576764279906,1237200
2015-02-04,59.766517639160156,59.77364695176989,59.55981107805525,59.623964015398506,2945700
2015-02-05,59.63822937011719,59.70238232054913,59.59546436187808,59.65248799824574,2128200
2015-02-06,59.25334167480469,59.460048325851055,59.23908848145559,59.431536501078334,2907700
2015-02-09,59.231964111328125,59.36739393078768,59.203452284174794,59.35313529817352,1384600
2015-02-10,59.1250114440918,59.18916437708189,59.08937575960557,59.16065256664983,1447900
2015-02-11,59.1250114440918,59.196293689207856,59.082246447479605,59.16065256664983,1904000
2015-02-12,59.15354919433594,59.23195534788856,59.13216668665326,59.15354919433594,4662900
2015-02-13,59.01810073852539,59.18203685588092,59.01810073852539,59.18203685588092,1883000
2015-02-17,58.78290939331055,59.01812786605678,58.76152688452897,59.003869234819426,5281500
2015-02-18,58.94683837890625,59.03237384164904,58.7971553976617,58.868432230910464,3813000
2015-02-19,58.89693069458008,59.025231140560095,58.87554819326217,58.97533682479412,1322700
2015-02-20,58.911197662353516,59.075133821051686,58.82566220689795,58.98247448952982,3145800
2015-02-23,59.032371520996094,59.08226584611619,58.982477195876,59.018118330136176,3952700
2015-02-24,59.27471160888672,59.317476614012634,58.9325752536607,59.0323638910031,2542200
2015-02-25,59.33176040649414,59.346019040939346,59.217718521310985,59.26761286571781,4934600
2015-02-26,59.1678352355957,59.331771495826,59.16070591704061,59.26049462450515,2187500
2015-02-27,59.21769332885742,59.23907583335296,59.11077536830633,59.1820521959826,4094400
2015-03-02,59.02629852294922,59.276257555431265,59.01201203612267,59.24769003047642,2476100
2015-03-03,58.954872131347656,59.0691367624987,58.94058564701796,59.012001722574524,2648100
2015-03-04,58.954872131347656,59.03343144906907,58.926304611385575,58.99057744477729,1425400
2015-03-05,58.99056625366211,59.04770128274718,58.9191501916539,58.96914197992927,1340800
2015-03-06,58.64775848388672,58.783447347444614,58.583480223299944,58.783447347444614,1580000
2015-03-09,58.71919250488281,58.77632754317882,58.6906249857348,58.76204105925625,1982300
2015-03-10,58.94773864746094,58.95488189080829,58.86917931673472,58.88346035473121,3766100
2015-03-11,59.01200485229492,59.05485885885948,58.92630773656099,58.94773201549448,4829700
2015-03-12,59.054901123046875,59.1977333839568,59.02633358112459,59.1834523373464,8421500
2015-03-13,58.997745513916016,59.11201019315103,58.97632122710317,58.99774551391601,2114500
2015-03-16,59.11197280883789,59.183394317977566,59.040556748394366,59.147683563407725,1203700
2015-03-17,59.161991119384766,59.161991119384766,59.09057502692415,59.11914255364812,1471300
2015-03-18,59.52623748779297,59.52623748779297,59.11201640356061,59.226286543500635,5534300
2015-03-19,59.34766387939453,59.50478251644736,59.31195856559903,59.49050148066863,1208100
2015-03-20,59.504798889160156,59.51194213336366,59.38339098119488,59.38339098119488,1011200
2015-03-23,59.533363342285156,59.540506586119704,59.433379723395845,59.53336334228516,1572700
2015-03-24,59.63338088989258,59.66909168068456,59.51197291912251,59.56910800490902,2300500
2015-03-25,59.54052734375,59.70478386831928,59.526240851100205,59.70478386831928,1559900
2015-03-26,59.34766387939453,59.46193396041381,59.290528838884896,59.45479071817576,2342500
2015-03-27,59.404815673828125,59.48337501451061,59.36910490126376,59.404815673828125,6542300
2015-03-30,59.47624206542969,59.50480959868636,59.42625024440547,59.490528556407945,1634800
2015-03-31,59.54052734375,59.590519170623324,59.447681487627776,59.490535516876676,1996000
2015-04-01,59.77747344970703,59.806106590704914,59.66294088571552,59.67726018682108,3132700
2015-04-02,59.69867706298828,59.80604987460174,59.677203592907205,59.798890230838694,791200
2015-04-06,59.7487907409668,59.84900392071565,59.69152450647925,59.841844276102535,1768800
2015-04-07,59.784629821777344,59.79894912340569,59.6486292235886,59.698735856860964,977400
2015-04-08,59.741641998291016,59.79890824322878,59.65574263088437,59.78458895138949,3470700
2015-04-09,59.6128044128418,59.75597004616425,59.55553815951282,59.75597004616425,1025400
2015-04-10,59.58419418334961,59.68440743458029,59.5555610456819,59.662933946632656,4290100
2015-04-13,59.598472595214844,59.66289301486206,59.55552018757451,59.62710571323878,6046400
2015-04-14,59.705841064453125,59.83468189434321,59.69868142016753,59.791734951046514,1398100
2015-04-15,59.76312255859375,59.827548457087595,59.741649079499254,59.8060749779931,1022400
2015-04-16,59.7487907409668,59.813211158858756,59.68436486186613,59.77742385821057,1289900
2015-04-17,59.84903335571289,59.88482613517342,59.69871351215919,59.73450083040832,1693900
2015-04-20,59.784629821777344,59.83473645504971,59.71304969727588,59.80610877421987,2463600
2015-04-21,59.71299743652344,59.784577498378106,59.670050491652376,59.755949842603165,1788000
2015-04-22,59.49110794067383,59.698693978958396,59.49110794067382,59.69153433316663,1501300
2015-04-23,59.60563659667969,59.67722213413508,59.512583043681346,59.548375812409034,5518000
2015-04-24,59.69867706298828,59.755943290676534,59.648570479063075,59.68435777546219,1597900
2015-04-27,59.65573501586914,59.72732054350835,59.61278806825282,59.72732054350835,1591400
2015-04-28,59.469608306884766,59.619928035136454,59.45528902159954,59.60560874985122,1217700
2015-04-29,59.28354263305664,59.35512273237616,59.211962533737115,59.29070228135205,1905200
2015-04-30,59.34794616699219,59.34794616699219,59.104567367622714,59.19046673114302,4229900
2015-05-01,59.1679573059082,59.26118969306117,59.11058100379623,59.210986796639524,7173200
2015-05-04,59.081871032714844,59.239653069398294,59.06752969833603,59.21813833197843,1190000
2015-05-05,58.98862075805664,59.1105412141962,58.90972976368359,59.1105412141962,4175700
2015-05-06,58.82365036010742,58.95274418417146,58.77344751028809,58.95274418417146,3938900
2015-05-07,58.94561767578125,58.98864715680443,58.86672664610269,58.88106798254238,3602900
2015-05-08,59.10337448120117,59.20378020848954,59.060339546862046,59.15357734484536,1735900
2015-05-11,58.79496765136719,59.03880850120014,58.75193272892001,58.988605651428635,929200
2015-05-12,58.7232780456543,58.83085720548495,58.63004569204285,58.70176330802884,2139600
2015-05-13,58.69456481933594,58.924069847127875,58.66588216256297,58.88820831861013,2372000
2015-05-14,58.809329986572266,58.852359452690905,58.73761238580713,58.7734684503386,1485300
2015-05-15,59.04599380493164,59.07468193511371,58.90972655449216,58.92407335543387,1402700
2015-05-18,58.830833435058594,58.99578880970965,58.82366003484738,58.99578880970965,3747700
2015-05-19,58.701751708984375,58.78781611418387,58.63720750886147,58.66589564392797,4856500
2015-05-20,58.701751708984375,58.78064271249168,58.651548840543576,58.72326644235868,4097400
2015-05-21,58.888206481933594,58.92406800933285,58.77345397161667,58.80931549901592,2314100
2015-05-22,58.852394104003906,58.87390884973075,58.74482037536968,58.852394104003906,816600
2015-05-26,58.995784759521484,59.03164081471366,58.83082939619497,58.85234412365043,1178300
2015-05-27,59.024478912353516,59.05316157075509,58.90972639194189,59.01013211145139,2564500
2015-05-28,59.03169250488281,59.08189540347186,58.98866301229379,59.04603931688286,1073300
2015-05-29,59.05316162109375,59.13922601147584,59.01730556221055,59.11053788134848,2494300
2015-06-01,58.856285095214844,59.064690177561,58.82753899943361,59.064690177561,1362800
2015-06-02,58.69099426269531,58.80597864160328,58.64068996761231,58.78442044124728,1510000
2015-06-03,58.43224334716797,58.59034401437726,58.36756879208402,58.58315612511691,1390000
2015-06-04,58.57600784301758,58.64787032922654,58.49695746336085,58.51132776750014,1111300
2015-06-05,58.3460578918457,58.46103679942713,58.281377801590686,58.40354460425767,4115300
2015-06-08,58.41791915893555,58.45384766808847,58.37480275484908,58.403543369068466,4954500
2015-06-09,58.24541473388672,58.35320568242876,58.216668653357424,58.35320568242876,2883300
2015-06-10,58.12327194213867,58.20951022737917,58.08734343535623,58.15201803721884,1222800
2015-06-11,58.39632797241211,58.403510380531365,58.1663648092473,58.209481188979986,1815900
2015-06-12,58.353267669677734,58.511368539158404,58.295780930306634,58.33170945706856,1785100
2015-06-15,58.360416412353516,58.51851717575958,58.346046107842234,58.48258319034678,2082900
2015-06-16,58.51131820678711,58.51131820678711,58.374781150127035,58.45382603411163,2250700
2015-06-17,58.53289031982422,58.5472661077893,58.28136885800202,58.48258602745978,865700
2015-06-18,58.48976516723633,58.52569914901409,58.35322261578784,58.475394864178725,1210300
2015-06-19,58.65506362915039,58.676621828724564,58.57601324220727,58.60475933589174,1176700
2015-06-22,58.374820709228516,58.56166217290841,58.36044491493987,58.511357858416275,1020000
2015-06-23,58.23828887939453,58.374831536667465,58.20954276824443,58.23828887939453,1096000
2015-06-24,58.3460578918457,58.37480398943044,58.26700749417707,58.317311794260974,6836900
2015-06-25,58.26701354980469,58.353246368763465,58.2382674492324,58.32450575094925,2894500
2015-06-26,58.159210205078125,58.19514419725794,58.1017180106934,58.16639810006558,963000
2015-06-29,58.453826904296875,58.496948775823114,58.266985564453144,58.346035932369894,2168400
2015-06-30,58.39632797241211,58.55442867510435,58.38195219066502,58.39632797241211,1547800
2015-07-01,58.25453186035156,58.34814037701609,58.20412642925836,58.232930317565895,5399300
2015-07-02,58.39847946166992,58.45608717283695,58.36967560608642,58.36967560608642,1060100
2015-07-06,58.60014724731445,58.64335581170855,58.48493722774565,58.64335581170855,2210700
2015-07-07,58.65777587890625,58.88099914823313,58.65777587890625,58.82339686483846,4183200
2015-07-08,58.82334518432617,58.87375057162428,58.72973125521884,58.78733898178101,1967800
2015-07-09,58.62890625,58.744121675158844,58.600102393710294,58.72971700012707,1670900
2015-07-10,58.35529327392578,58.44170486562567,58.29048320670704,58.34088859508815,2038300
2015-07-13,58.21848678588867,58.33370226225247,58.21128444517186,58.22568912660548,2846500
2015-07-14,58.326534271240234,58.376939698390125,58.29773038518608,58.326534271240234,1567700
2015-07-15,58.49213409423828,58.513735627523786,58.31211399182238,58.33371552510788,2631000
2015-07-16,58.49213409423828,58.52813481845494,58.36251940074773,58.37691859167889,1063100
2015-07-17,58.49931335449219,58.556921088451624,58.470509487512466,58.506515694681084,807900
2015-07-20,58.42011260986328,58.484922693459225,58.38411189122258,58.463321163519474,1026900
2015-07-21,58.52811050415039,58.56411670718655,58.398495864505584,58.412900543230144,1422900
2015-07-22,58.549713134765625,58.636124727420004,58.54251628904262,58.556915474263995,1624100
2015-07-23,58.68656539916992,58.71536928070516,58.5353491414439,58.57855221685743,1178400
2015-07-24,58.72255325317383,58.76575631507128,58.68654703907467,58.75135163192083,804300
2015-07-27,58.8377685546875,58.84497089691214,58.7657616137735,58.823369364015676,2022800
2015-07-28,58.7369499206543,58.79455766322877,58.7297475793883,58.765753791941535,1434700
2015-07-29,58.68656539916992,58.7441731622404,58.64336232375639,58.736970818411926,1020500
2015-07-30,58.7081298828125,58.74413608545064,58.643325310594086,58.67212917394956,788000
2015-07-31,58.9097900390625,58.92419472706794,58.84498542437437,58.888188500833124,1589100
2015-08-03,59.0461540222168,59.06058301940617,58.90905377574445,58.95234627246218,2085800
2015-08-04,58.84409713745117,59.01005532783797,58.82966263950139,58.99562633503615,1007300
2015-08-05,58.75028991699219,58.786370657026225,58.6709166930357,58.77193615895341,2097000
2015-08-06,58.7863655090332,58.84409248597325,58.7502847721588,58.76471926896757,1173000
2015-08-07,58.909095764160156,58.95960554804906,58.844156972797364,58.88023224405884,1773800
2015-08-10,58.7863655090332,58.88738496610452,58.7502847721588,58.865738726038884,1173300
2015-08-11,59.01005172729492,59.08942494573184,58.95954199784849,58.98118823830445,1424200
2015-08-12,58.98843002319336,59.19046902501762,58.97400102527016,59.111095773565246,1029700
2015-08-13,58.86579895019531,58.98846477282866,58.844152687983915,58.9307377368295,845500
2015-08-14,58.84409713745117,58.93068210455804,58.81523364669957,58.84409713745117,2279800
2015-08-17,58.95234680175781,59.01007380133285,58.92348880711998,58.98121030154533,821900
2015-08-18,58.84409713745117,58.92347036073111,58.8224453905265,58.88017237202972,1083900
2015-08-19,59.05336380004883,59.0750155528357,58.75030532282601,58.78638607232135,1356600
2015-08-20,59.10385513305664,59.14714761081174,59.05333990214606,59.07499164617083,1536900
2015-08-21,59.197696685791016,59.233771939517396,59.075030913849766,59.147186926453394,3459200
2015-08-24,59.1832160949707,59.479062672969796,59.11827738573964,59.385260480142726,4751800
2015-08-25,58.98843002319336,59.111095773565246,58.88019327074468,59.111095773565246,5325500
2015-08-26,58.73585510253906,58.98118649398122,58.699774366081115,58.83687455844436,2742500
2015-08-27,58.815277099609375,58.89465038153054,58.69982305130514,58.714257559919176,2671000
2015-08-28,58.84409713745117,58.981191837086364,58.81523364669957,58.945116602507824,2723900
2015-08-31,58.764732360839844,58.95233681996906,58.75751511082757,58.93790782509326,3103700
2015-09-01,58.907901763916016,58.95851591740104,58.81390010992314,58.850055440924855,2577700
2015-09-02,58.864532470703125,58.9296054607007,58.80668613524072,58.85006812857244,1934700
2015-09-03,58.907901763916016,58.980206909390475,58.857287610431,58.94405157838875,2503000
2015-09-04,59.052513122558594,59.07420411494021,58.91513499863198,59.00913113779535,1213800
2015-09-08,58.907901763916016,58.94405157838875,58.86451977993714,58.94405157838875,1194600
2015-09-09,58.89345169067383,58.98022119617875,58.712686024936296,58.72715036745228,4265400
2015-09-10,58.770511627197266,58.878972091680055,58.77051162719726,58.878972091680055,1889000
2015-09-11,58.89345169067383,58.95129802767711,58.871760693430176,58.92237485917547,1411500
2015-09-14,58.907901763916016,58.97297473988433,58.88621077192658,58.965748086907176,905900
2015-09-15,58.66209411621094,58.857324198536816,58.61147993126209,58.85009202453486,1697300
2015-09-16,58.6258659362793,58.66924788925397,58.568019654629694,58.61863377194183,1579000
2015-09-17,58.95853042602539,58.95853042602539,58.582534750586134,58.596999093157834,1833200
2015-09-18,59.12483596801758,59.13206813981939,58.994684458238666,59.02360762891517,1639800
2015-09-21,58.907901763916016,59.05251205486493,58.86451977993714,59.01636224039219,933800
2015-09-22,59.01636505126953,59.1320521862329,58.987441888396376,59.001900711568325,1444000
2015-09-23,59.01636505126953,59.074205860486586,58.96575089537382,59.04528821414269,709000
2015-09-24,59.03804397583008,59.18988641247781,59.02357963908565,59.17542207573339,1454400
2015-09-25,58.929595947265625,59.02359208981992,58.92959594726562,59.00190109665579,1134000
2015-09-28,59.081443786621094,59.12482577689289,58.95852446983115,59.02359745523884,1305000
2015-09-29,59.12483596801758,59.20437330824528,59.074221798466375,59.088686142069996,1256600
2015-09-30,59.240516662597656,59.24774883293594,59.11036517915667,59.13928834398018,4432000
2015-10-01,59.27239227294922,59.38107030190366,59.26515112458798,59.33035462540414,2023700
2015-10-02,59.496971130371094,59.6563592442676,59.41002763657958,59.53319344042359,1770400
2015-10-05,59.26512908935547,59.42451720795353,59.26512908935547,59.42451720795353,4199900
2015-10-06,59.34485626220703,59.402813095158905,59.2651593983539,59.337609585239946,1925300
2015-10-07,59.34485626220703,59.38832526881967,59.2651593983539,59.315875081933626,1871000
2015-10-08,59.25062561035156,59.38828474080957,59.22164444985561,59.35205690829183,1118100
2015-10-09,59.243377685546875,59.29409333344455,59.17817422150316,59.17817422150316,1197400
2015-10-12,59.34485626220703,59.38832526881967,59.2651593983539,59.29413505103237,864100
2015-10-13,59.381072998046875,59.4100541755902,59.308622817985764,59.366585173072416,971700
2015-10-14,59.59841537475586,59.59841537475586,59.43902169868101,59.468002869566725,786300
2015-10-15,59.48249435424805,59.569437872259314,59.45351318157763,59.518722201984446,2264300
2015-10-16,59.46075439453125,59.51871673454763,59.439019898923355,59.45350772013096,1241200
2015-10-19,59.46075439453125,59.49698223893973,59.39555090770756,59.46800106893154,840100
2015-10-20,59.366573333740234,59.39555450550392,59.33759216197656,59.366573333740234,1348200
2015-10-21,59.47524642944336,59.54045544847996,59.43177743514787,59.47524642944336,943500
2015-10-22,59.57667541503906,59.62014440358475,59.475238562444716,59.475238562444716,1101300
2015-10-23,59.424537658691406,59.46801218562713,59.41004983477551,59.46801218562713,1367100
2015-10-26,59.489742279052734,59.554945773235836,59.489742279052734,59.51147677711377,1512200
2015-10-27,59.50425720214844,59.61293526954289,59.50425720214844,59.59844744010182,929400
2015-10-28,59.337581634521484,59.54044427328279,59.33033496096791,59.54044427328279,2617300
2015-10-29,59.12749099731445,59.26515020034957,59.098509821538954,59.26515020034957,943200
2015-10-30,59.25791931152344,59.25791931152344,59.11301339404127,59.12750674958726,1474100
2015-11-02,59.14105224609375,59.19913464878666,59.104754898692775,59.126534414941915,2939200
2015-11-03,59.03936004638672,59.126483575513625,58.99580105134228,59.09744239913799,3997100
2015-11-04,59.07568359375,59.126504285448554,58.97404221035289,59.090201417503884,3594400
2015-11-05,58.96677780151367,59.07568086127051,58.886915926961294,59.06115749914842,1715400
2015-11-06,58.734466552734375,58.82158458813622,58.683645852403,58.79254893569621,1198700
2015-11-09,58.68362808227539,58.756228269473,58.62554571690161,58.64006353872544,2358300
2015-11-10,58.74897384643555,58.83609740525878,58.69089147388672,58.756235527764126,1421000
2015-11-11,58.756221771240234,58.785262950715264,58.71266277154699,58.756221771240234,1303500
2015-11-12,58.763465881347656,58.85058385468699,58.763465881347656,58.83606603880942,1263900
2015-11-13,58.87233352661133,58.89411854794806,58.81425675348252,58.81425675348252,1583300
2015-11-16,58.87233352661133,58.95219532107687,58.843297909564,58.89411854794806,949100
2015-11-17,58.937767028808594,58.98132605957236,58.77804319728469,58.828863912856605,1155900
2015-11-18,58.90867614746094,58.94497900184278,58.85785547474909,58.901414468776984,944100
2015-11-19,58.9885368347168,59.02483968838405,58.97401901667258,59.010316331302036,1085500
2015-11-20,58.974063873291016,59.03940241274426,58.952278821097934,59.03940241274426,1273800
2015-11-23,58.99576950073242,59.03206679751185,58.915907693168585,58.959466664917926,1647300
2015-11-24,59.017616271972656,59.06117529338319,58.98857507801851,59.017616271972656,1361900
2015-11-25,59.02482223510742,59.068381215397764,59.0030372059261,59.04660172525259,904600
2015-11-27,59.05386734008789,59.090170188846805,59.032087846447354,59.07565237276546,516000
2015-11-30,59.02482223510742,59.08289902914916,58.99578106856847,59.04660172525259,6285200
2015-12-01,59.24818420410156,59.25545527930163,59.02992983843983,59.05175416491818,1780200
2015-12-02,59.17544937133789,59.226380217864126,59.13180070339082,59.21910358972595,1413700
2015-12-03,58.71708297729492,59.03718779894438,58.695258657716515,59.03718779894438,2510600
2015-12-04,58.94991683959961,58.95719346687206,58.77531663814298,58.83351855544197,3815200
2015-12-07,59.0517463684082,59.13904921323425,58.957172449342075,58.97172014826057,1543300
2015-12-08,59.06634521484375,59.1245416058816,59.00814327336326,59.1099938957328,1687300
2015-12-09,59.044471740722656,59.1172213318136,58.90624363234324,59.00809416995818,2076900
2015-12-10,59.03721237182617,59.08813765551803,59.02265911909156,59.08813765551803,2004100
2015-12-11,59.197296142578125,59.23366819276263,59.12454094132395,59.19729614257812,1994400
2015-12-14,58.92081832885742,59.11724842029224,58.91354725172321,59.073594205284195,2974600
2015-12-15,58.85533142089844,58.89898007514908,58.79712951493807,58.840778169188724,1806300
2015-12-16,58.78985595703125,58.928084103290736,58.70255864397435,58.83351016399924,2332700
2015-12-17,58.91352844238281,58.94262384251147,58.84804991599637,58.86987424131225,2290500
2015-12-18,59.044471740722656,59.05174281452514,58.94261565266971,58.99354092147718,3211500
2015-12-21,58.978981018066406,59.09538478007323,58.957156700299336,59.066283839571526,3158300
2015-12-22,58.89896774291992,58.95716963669401,58.884420044695446,58.94989301236273,2348600
2015-12-23,58.90629577636719,58.90629577636719,58.796857648003126,58.81874972667948,2538600
2015-12-24,58.950077056884766,58.9719635703052,58.877114590477085,58.91359582368092,1361700
2015-12-28,58.950077056884766,59.00843923725436,58.884411950368786,58.884411950368786,1580600
2015-12-29,58.76765060424805,58.898975180814865,58.73846674653856,58.898975180814865,2586600
2015-12-30,58.804168701171875,58.840649941206685,58.70932526983938,58.75309830487657,2367200
2015-12-31,58.920894622802734,58.957370290642864,58.833343000727744,58.899008108847696,2419700
2016-01-04,58.891685485839844,59.04489658405655,58.87709077196067,58.942755851912075,2750500
2016-01-05,58.96464157104492,59.02300929327926,58.87708998769341,58.92086856249534,1513600
2016-01-06,59.22727966308594,59.22727966308594,59.08136595107837,59.1178415959546,2391100
2016-01-07,59.23460006713867,59.241891859200415,59.07409158172464,59.18352969143907,2792900
2016-01-08,59.307533264160156,59.3294197641109,59.168911342803774,59.19809519815519,1405100
2016-01-11,59.059486389160156,59.21270305533498,59.059486389160156,59.17622183648336,2146900
2016-01-12,59.212703704833984,59.33673094428595,59.09596825623032,59.15433598053215,1645300
2016-01-13,59.35862731933594,59.42428684540377,59.21271355057175,59.2418918513218,2887800
2016-01-14,59.285648345947266,59.43885941594139,59.256464489817226,59.34401049195592,4545800
2016-01-15,59.38779830932617,59.47534432510075,59.35861444865055,59.46075517788908,1773900
2016-01-19,59.31483840942383,59.3877952742582,59.263768047414565,59.3877952742582,3856700
2016-01-20,59.38052749633789,59.541036018676714,59.31486795515643,59.48266827123446,7796900
2016-01-21,59.34402847290039,59.50453694712315,59.33673668134706,59.48265043995697,3062600
2016-01-22,59.32210922241211,59.33670392996929,59.24185502959769,59.3294065761907,3004100
2016-01-25,59.32210922241211,59.40966076900512,59.314817434883544,59.38777427391937,2164700
2016-01-26,59.409698486328125,59.43888235372037,59.32944424256285,59.39510933575878,2659100
2016-01-27,59.409698486328125,59.460768862701165,59.27837386618981,59.35133075154364,1734400
2016-01-28,59.4534797668457,59.48266363829378,59.3659337187558,59.395117590203874,1487600
2016-01-29,59.62855529785156,59.67962565759974,59.57018758206743,59.65044179970768,3634300
2016-02-01,59.5071907043457,59.68266187715647,59.463324305675016,59.6022364275082,2255300
2016-02-02,59.711944580078125,59.74850365345071,59.646144941765186,59.711944580078125,2554600
2016-02-03,59.75577926635742,59.90200431226758,59.63148184139304,59.704599942476065,3238200
2016-02-04,59.79963684082031,59.85081615714995,59.72652432865329,59.76307779567324,1179000
2016-02-05,59.741172790527344,59.80697798721884,59.66074731575427,59.73385986242168,2360200
2016-02-08,59.9970817565918,60.0555740371337,59.84354370376747,59.89472305470891,2519500
2016-02-09,59.98976135253906,60.11405323804899,59.931269084723915,60.106740310039676,2354500
2016-02-10,60.114013671875,60.121326595071054,59.89467060100148,60.02627532790039,2553900
2016-02-11,60.150577545166016,60.37723357847538,60.11402407910945,60.31874133903251,1887700
2016-02-12,59.953216552734375,60.09944167892767,59.87279105988876,60.070201116193815,1474600
2016-02-16,59.86547088623047,59.90202995242053,59.80698418970883,59.87278381509454,1488800
2016-02-17,59.85087966918945,59.86549995588664,59.70465448968543,59.81432058524693,2158200
2016-02-18,60.05552291870117,60.06283584207698,59.85080568918789,59.85080568918789,1819100
2016-02-19,59.97510528564453,60.06284364317137,59.953172090794546,59.997038480494524,1862600
2016-02-22,59.98976135253906,60.01900190831696,59.931269084723915,59.98976135253906,1596900
2016-02-23,60.026302337646484,60.12135364758693,59.8800772766853,59.90932340450324,2243700
2016-02-24,60.070167541503906,60.311438307057585,60.033608491323825,60.12865421241298,2434300
2016-02-25,60.1579475402832,60.238373051283496,60.12139403954906,60.12870139281653,2407600
2016-02-26,60.099430084228516,60.10674301256663,59.975138193130164,60.04094339191336,1628400
2016-02-29,60.135948181152344,60.18712748839424,60.048209835255044,60.048209835255044,1827800
2016-03-01,59.934505462646484,60.19824411551979,59.87590122038445,60.19824411551979,2546300
2016-03-02,59.897884368896484,59.93451132522533,59.817297239894614,59.89055674189403,2137300
2016-03-03,59.92721176147461,60.02977622060587,59.88325157231562,59.912556501973675,2750500
2016-03-04,59.897884368896484,59.97847149789836,59.817297239894614,59.96381624389344,1147700
2016-03-07,59.88318634033203,59.91249123806765,59.83190416662912,59.86120906436474,1303200
2016-03-08,60.08101272583008,60.16892185855762,60.07368510165626,60.124967292193844,1713100
2016-03-09,59.978424072265625,60.073660790625915,59.95644120864035,59.99307372534517,2010000
2016-03-10,59.94913864135742,60.08832995348698,59.897856454922504,60.044375390639665,1785600
2016-03-11,59.86859893798828,60.00046832024857,59.86859893798828,60.00046832024857,1422300
2016-03-14,60.000450134277344,60.05173234576043,59.927190630636055,59.94916792279426,1534200
2016-03-15,59.94184875488281,60.08104574398464,59.91987145962308,60.05906844872491,1870200
2016-03-16,60.1762580871582,60.1762580871582,59.86123727471496,59.89786981148246,1402900
2016-03-17,60.30815124511719,60.32280091201362,60.20558680881444,60.227564103830375,1571000
2016-03-18,60.35945510864258,60.41073734518416,60.30817287210099,60.35945510864258,1219400
2016-03-21,60.24953079223633,60.293490963871825,60.22755350108938,60.293490963871825,1613600
2016-03-22,60.23486328125,60.3813822383794,60.21288599661459,60.35940495374399,2150200
2016-03-23,60.3667106628418,60.374038284840026,60.24216903556147,60.27146834487856,1234500
2016-03-24,60.29349899291992,60.45466767924029,60.22756152135685,60.45466767924029,1752300
2016-03-28,60.32276916503906,60.39603422899064,60.278814598139824,60.28614222240291,2369600
2016-03-29,60.57183074951172,60.61578529657402,60.38135173001324,60.40332900354439,1841800
2016-03-30,60.54990768432617,60.61583956394626,60.46932054967353,60.53525242929363,1624300
2016-03-31,60.66708755493164,60.74767464412425,60.57917843169531,60.601155712504394,3037600
2016-04-01,60.735382080078125,60.779428671365466,60.58855077405096,60.67664955766726,3027400
2016-04-04,60.735382080078125,60.830818228214575,60.71335318339284,60.76474274024194,1452400
2016-04-05,60.845497131347656,60.92625294750831,60.845497131347656,60.904229652381126,2149200
2016-04-06,60.81612777709961,60.874860295145346,60.78676711911795,60.86017996615451,1833100
2016-04-07,61.014381408691406,61.04374768349298,60.93362555324815,60.992358102851284,1533400
2016-04-08,60.96294403076172,60.98496731933474,60.911554490411405,60.97762435613046,1402100
2016-04-11,60.95565414428711,60.9850204216349,60.88224125143998,60.92628786693932,1214400
2016-04-12,60.86021041870117,60.918942966134836,60.80147787126751,60.87489075503758,2388000
2016-04-13,60.89687728881836,60.93358650905934,60.786760830176654,60.838150377889654,1749400
2016-04-14,60.845497131347656,60.918915583160235,60.82347383622047,60.89688668699157,1617200
2016-04-15,60.985015869140625,61.03640545040188,60.904260012723746,60.926283318829384,1181000
2016-04-18,60.96294403076172,60.962944030761726,60.904211527207124,60.948258104353165,1395400
2016-04-19,60.99967956542969,60.99967956542969,60.88956306494135,60.96297593228116,1163600
2016-04-20,60.830787658691406,61.04368874465962,60.83078765869141,61.01432249821171,2388600
2016-04-21,60.75740432739258,60.830817178618666,60.698671805995104,60.78677058809132,1683900
2016-04-22,60.735382080078125,60.845498558296484,60.7206961489546,60.801451967009136,5115300
2016-04-25,60.66200256347656,60.76478174314533,60.6546651942468,60.72807809386089,2483300
2016-04-26,60.573890686035156,60.69135016906689,60.522501112013124,60.69135016906689,1689600
2016-04-27,60.75740432739258,60.794107952484865,60.603235659505344,60.64728225003269,1456400
2016-04-28,60.867557525634766,60.91160413868264,60.74274945359182,60.77211572930519,1625800
2016-04-29,60.91158676147461,60.91892972856921,60.80146465922681,60.83817389365701,2856900
2016-05-02,60.8042106628418,60.89247836258454,60.78213812576854,60.89247836258454,2443700
2016-05-03,60.97339630126953,61.02488766530516,60.9366143503279,61.017530152689275,1765500
2016-05-04,60.99546432495117,61.06167071541034,60.92926354662989,61.01017935044782,2868300
2016-05-05,61.105777740478516,61.127844656897615,60.95866122292756,61.024861972184866,1270700
2016-05-06,61.07637023925781,61.12786159588283,61.032236394189795,61.10579467334881,1520600
2016-05-09,61.120487213134766,61.15726914862977,61.076353380249074,61.135202232186934,1373200
2016-05-10,61.120487213134766,61.17198416768194,61.076353380249074,61.12048721313476,1889300
2016-05-11,61.135231018066406,61.24557126437038,61.10580657824281,61.15729794489959,2381000
2016-05-12,61.14256286621094,61.18669670135194,61.09842341893423,61.1278478464068,1653300
2016-05-13,61.208778381347656,61.2308453042403,61.12050507764006,61.17200204723895,1397400
2016-05-16,61.07637023925781,61.164643541530815,61.06901272770082,61.164643541530815,3132000
2016-05-17,61.03220748901367,61.14989955750113,61.010140576930674,61.14989955750113,1735900
2016-05-18,60.74534225463867,60.99544147300322,60.70120280682346,60.99544147300322,1685900
2016-05-19,60.81155014038086,60.82626516209036,60.752701277815724,60.78212570909829,1464000
2016-05-20,60.81155014038086,60.88510841251907,60.77477381037997,60.80419824166254,2044000
2016-05-23,60.82621383666992,60.88505703744649,60.78207442092288,60.85563824312405,1310700
2016-05-24,60.79682922363281,60.83360554667295,60.73062286274398,60.82625364934614,2656800
2016-05-25,60.7747802734375,60.833623530123866,60.75270773852596,60.81155660734935,1474800
2016-05-26,60.87775802612305,60.92189186807506,60.811551651058465,60.84833359410952,1571700
2016-05-27,60.85566329956055,60.914506524564956,60.79681446242214,60.90715462902316,2045600
2016-05-31,60.907203674316406,60.97340446030455,60.76008146300078,60.80422093246473,1361400
2016-06-01,60.9285774230957,61.01702566243812,60.884347679808045,60.987541041451834,1625600
2016-06-02,61.04646682739258,61.09806347148532,60.98013069510725,60.994870183299845,1503200
2016-06-03,61.429771423339844,61.45188909682371,61.3044660583341,61.34132322385997,1964500
2016-06-06,61.333953857421875,61.36343846665397,61.27498463895768,61.34869897384502,1603100
2016-06-07,61.34130096435547,61.4002701583526,61.326555854050255,61.385525048047384,1283100
2016-06-08,61.415042877197266,61.42241543633922,61.363446210433395,61.400303382528264,1374500
2016-06-09,61.473995208740234,61.52559186132425,61.45188316100614,61.52559186132425,1611200
2016-06-10,61.532962799072266,61.606671497450584,61.4961056380765,61.54032973238085,1575300
2016-06-13,61.547725677490234,61.60669490804653,61.532986181658835,61.59194978859978,1681500
2016-06-14,61.540348052978516,61.6361744506498,61.52560855836018,61.6361744506498,1524200
2016-06-15,61.680397033691406,61.73199369900269,61.57720370306882,61.59194319732286,1345100
2016-06-16,61.74676513671875,61.84996414434404,61.68780150558415,61.783622326843336,1111400
2016-06-17,61.658287048339844,61.724623210129906,61.61405731686487,61.70251115619989,1860800
2016-06-20,61.518218994140625,61.569815646464576,61.50347950359664,61.53296410829794,2347500
2016-06-21,61.437164306640625,61.54773021618327,61.422424809722294,61.53299071926494,1785100
2016-06-22,61.459224700927734,61.48870929359527,61.415000623731935,61.459224700927734,1337700
2016-06-23,61.34868240356445,61.451875696197185,61.34130984734421,61.37816138122008,1152800
2016-06-24,61.69511413574219,61.85727663175369,61.673002090579295,61.79830742891084,2030400
2016-06-27,62.00468444824219,62.041535973281135,61.92360322010065,62.03416904244014,2465500
2016-06-28,62.078407287597656,62.100519332389034,62.004698597088854,62.100519332389034,2971800
2016-06-29,62.0562858581543,62.15947913398342,62.0120561516477,62.15210657896369,2425700
2016-06-30,62.13739013671875,62.21847140117014,62.056308872267365,62.07104836416133,3362300
2016-07-01,62.310184478759766,62.39142375931745,62.214171346515144,62.36188169051706,2531600
2016-07-05,62.5244026184082,62.561326003497996,62.39884733228646,62.48008666789223,3193800
2016-07-06,62.63517761230469,62.63517761230469,62.50224103160069,62.583480366174086,1936800
2016-07-07,62.53168869018555,62.6055409824787,62.465223317492324,62.53168869018555,2032500
2016-07-08,62.69424819946289,62.71640335234829,62.539156494689074,62.62778274080669,1748000
2016-07-11,62.509620666503906,62.657325456901226,62.487465511401965,62.635170301799285,2617100
2016-07-12,62.25852584838867,62.42838580603563,62.206828604594776,62.42838580603563,1775400
2016-07-13,62.36927032470703,62.42835446926396,62.354502105854884,62.413586250411804,1352500
2016-07-14,62.27329635620117,62.32499360188913,62.214212179821445,62.25852812939483,1621500
2016-07-15,62.07386016845703,62.228951820232844,62.03693116988342,62.228951820232844,2233900
2016-07-18,62.09605026245117,62.192057824373485,62.03696608530948,62.18467089358646,2155800
2016-07-19,62.19205093383789,62.20682479377508,62.11819853788184,62.16250884854014,1559600
2016-07-20,62.12555694580078,62.15509901753567,62.073859728908246,62.15509901753567,1688100
2016-07-21,62.19940185546875,62.206788781160924,61.999994303793684,62.07385229156867,2076000
2016-07-22,62.2067985534668,62.24372191858135,62.103398481252974,62.140327480941785,1612000
2016-07-25,62.16988754272461,62.24373992889727,62.140345461340374,62.20681655309889,1204600
2016-07-26,62.162479400634766,62.23633176160512,62.118169110967344,62.23633176160512,2385100
2016-07-27,62.347129821777344,62.34712982177735,62.18465120337372,62.19942506026976,1575400
2016-07-28,62.310184478759766,62.36926298178704,62.236326489472056,62.302797552916296,1418900
2016-07-29,62.509620666503906,62.5096206665039,62.36191587610658,62.398839256417624,2757900
2016-08-01,62.31352615356445,62.483723521495925,62.30612479524163,62.3431259412735,3705700
2016-08-02,62.254302978515625,62.34310230798034,62.19510907111925,62.29130411052095,4575700
2016-08-03,62.254302978515625,62.29130411052095,62.14331087365986,62.25430297851562,3472400
2016-08-04,62.36531066894531,62.43930729916969,62.33571088773936,62.35790931224857,1202000
2016-08-05,62.1580924987793,62.343086821692324,62.14329543700088,62.343086821692324,2018700
2016-08-08,62.16551971435547,62.20991656373924,62.06931901324921,62.12851857614829,1843100
2016-08-09,62.34313201904297,62.343132019042976,62.19513871165225,62.20253442511383,2262700
2016-08-10,62.4245491027832,62.446747541115265,62.343151065175974,62.38754794184009,1672200
2016-08-11,62.26171875,62.44671316169969,62.21732189777813,62.44671316169969,1760100
2016-08-12,62.40235137939453,62.50594785652073,62.38754865661389,62.461550979347955,1606000
2016-08-15,62.2986946105957,62.39488963323558,62.29129325636829,62.32089302769882,1942500
2016-08-16,62.269081115722656,62.32828064533667,62.239481350915646,62.32087929274045,2163100
2016-08-17,62.36531066894531,62.40970751796374,62.26911561421173,62.29871539541767,2024600
2016-08-18,62.43189239501953,62.46149216712581,62.335691724279286,62.394891268491854,1750900
2016-08-19,62.30615234375,62.35055486773716,62.21735858694516,62.320955066940634,1995100
2016-08-22,62.39493179321289,62.41713022531539,62.3283364969054,62.37273336111039,1388100
2016-08-23,62.4245491027832,62.49114441777938,62.39494930314562,62.48374870205837,1668300
2016-08-24,62.417144775390625,62.49114144817598,62.39494633811345,62.47634437185261,2083300
2016-08-25,62.350521087646484,62.43931479634492,62.343119730061055,62.3949179419957,1737800
2016-08-26,62.195091247558594,62.52067740446414,62.195091247558594,62.439279453843135,2874500
2016-08-29,62.409725189208984,62.409725189208984,62.29133167644319,62.328332824822716,1446800
2016-08-30,62.357879638671875,62.42448052608787,62.328285517129565,62.42448052608787,4750700
2016-08-31,62.31352615356445,62.417122587755,62.31352615356445,62.380127087305375,1911900
2016-09-01,62.39951705932617,62.42175932713796,62.206741310404965,62.206741310404965,3108600
2016-09-02,62.310546875,62.37727368330107,62.23640409131043,62.37727368330107,1797500
2016-09-06,62.49592208862305,62.54040663847067,62.29573030084238,62.355046805128,4316100
2016-09-07,62.5032958984375,62.57743865040805,62.48846395400576,62.57743865040805,1849500
2016-09-08,62.26602554321289,62.436553279261084,62.18446683232778,62.40689505196391,3475600
2016-09-09,61.99176788330078,62.140053546526374,61.96210961930858,62.06591071491358,2888900
2016-09-12,62.013938903808594,62.04359713371906,61.91755389914631,61.94721212905677,3191000
2016-09-13,61.83600616455078,62.11033494067389,61.75444743199257,62.11033494067389,2669800
2016-09-14,61.91758728027344,61.98431409099914,61.836028518231785,61.85085481281572,2124500
2016-09-15,61.96949768066406,61.99173995445365,61.83603838119364,61.88793890561364,1817200
2016-09-16,62.021385192871094,62.051043437279155,61.947242410216816,62.021385192871094,1307800
2016-09-19,61.976905822753906,62.03622232193022,61.954663549745966,62.01398004892228,1558100
2016-09-20,61.99176788330078,62.102984959087706,61.99176788330078,62.02884212747491,1260900
2016-09-21,62.169677734375,62.169677734375,61.93241740921876,61.947249361452975,1979800
2016-09-22,62.29570007324219,62.35501654874581,62.21414699033777,62.23638925446901,1473900
2016-09-23,62.2808952331543,62.340211729087365,62.26606893753723,62.30313750494609,1441500
2016-09-26,62.38461685180664,62.40685909528219,62.317890121379975,62.34013236485553,1709200
2016-09-27,62.458831787109375,62.48107405630972,62.37727302888697,62.47366373773077,2458100
2016-09-28,62.458831787109375,62.5033219822418,62.414347248708694,62.45883178710938,2284600
2016-09-29,62.46622848510742,62.51071300978002,62.36242748971805,62.38466975205434,2886200
2016-09-30,62.38461685180664,62.488417759176016,62.29564222117923,62.46617551570046,1663600
2016-10-03,62.31857681274414,62.40772212726342,62.28143151480025,62.36314663621541,1509200
2016-10-04,62.110599517822266,62.28888454464807,62.10316932199404,62.28145434881984,1815500
2016-10-05,62.00655746459961,62.15512727510115,61.98427255978187,62.14770275187856,2666100
2016-10-06,61.984222412109375,62.07336195926292,61.939646970962215,61.9990771141115,1148500
2016-10-07,62.03628921508789,62.05114393309609,61.88771369712332,62.04371374030374,1783300
2016-10-10,61.96943283081055,61.97686302408439,61.887717707528914,61.939717725292056,1425500
2016-10-11,61.87284851074219,61.9768485219332,61.86541831920696,61.9397032318326,1476700
2016-10-12,61.91000747680664,61.92486786452017,61.82829801469151,61.88029803653422,1286400
2016-10-13,61.984222412109375,62.05850725726079,61.976792227323116,62.043646887688276,1625500
2016-10-14,61.858001708984375,61.999147041265324,61.85057718339459,61.910001725996814,1379900
2016-10-17,61.99174499511719,62.00660538819761,61.865459991830356,61.90260530695206,1008900
2016-10-18,62.07344436645508,62.08087456110548,61.93230467356489,61.93972920063738,1167300
2016-10-19,62.1180419921875,62.1180419921875,62.02889662736431,62.036326824661224,1546400
2016-10-20,62.08087158203125,62.16258671653069,62.05115647243349,62.12544141263907,1283200
2016-10-21,62.132843017578125,62.1402732084531,62.05112792067848,62.103127921653254,1018800
2016-10-24,62.0437126159668,62.140288117787776,61.99171260251565,62.140288117787776,1453900
2016-10-25,62.0437126159668,62.10314282207565,61.99914279517335,62.014003180488764,1462100
2016-10-26,61.932273864746094,61.99169838965426,61.90998329188354,61.947128579079354,1144500
2016-10-27,61.76141357421875,61.80598338486291,61.67226828535533,61.78369847954083,1848200
2016-10-28,61.7317008972168,61.7911310921215,61.709415991021366,61.72427070595988,1574400
2016-10-31,61.798561096191406,61.84313090844727,61.76141580759465,61.81341581108493,1664700
2016-11-01,61.778465270996094,61.83056736395607,61.65193242790789,61.69658974224438,1623500
2016-11-02,61.83799362182617,61.92730822374903,61.778446768077245,61.82310406903868,3138400
2016-11-03,61.800846099853516,61.87527691281553,61.785962208743925,61.82317477587142,2335700
2016-11-04,61.91244125366211,61.957098566816356,61.838010505504336,61.838010505504336,1047000
2016-11-07,61.830604553222656,61.89759624372312,61.82315977012134,61.89759624372312,1290000
2016-11-08,61.71894836425781,61.875254719025236,61.70406447848686,61.867815615492255,2509100
2016-11-09,61.108612060546875,61.488216485299475,61.04906515495716,61.40634090978998,3448800
2016-11-10,60.84809112548828,61.10860169487179,60.84064634387603,61.02672613325061,2836000
2016-11-11,60.736446380615234,60.90764229749003,60.71411771291524,60.825766730120115,1580900
2016-11-14,60.50566101074219,60.66196723874768,60.44611415853999,60.61730993894622,2079400
2016-11-15,60.5875358581543,60.68429523291203,60.56520720849484,60.60986450781375,2098100
2016-11-16,60.71406555175781,60.72151032749676,60.602416630473655,60.63963483046839,1629100
2016-11-17,60.46846008300781,60.64710069064828,60.45357620505544,60.617327256041534,1762200
2016-11-18,60.31960678100586,60.55034383216826,60.28983334235543,60.49824173420569,1561600
2016-11-21,60.31214904785156,60.40146934461869,60.28982039333516,60.364251134623665,2074000
2016-11-22,60.364253997802734,60.45357429880648,60.341925342227256,60.431245643231,1866900
2016-11-23,60.207969665527344,60.28984521826822,60.06654722375604,60.207969665527344,1642900
2016-11-25,60.23025131225586,60.282353379809564,60.15582059842192,60.22281221596209,942700
2016-11-28,60.37172317504883,60.394051839648405,60.28984761904761,60.29729240014885,1352600
2016-11-29,60.41636657714844,60.468468675438324,60.28983372111625,60.29727850050132,1583600
2016-11-30,60.207969665527344,60.319618662783434,60.140983674396026,60.23774311004256,2372200
2016-12-01,59.984214782714844,60.051333515043645,59.86488500529879,60.021506760646595,2998200
2016-12-02,60.20053482055664,60.31240513702405,60.118496967811254,60.12595650623192,1951400
2016-12-05,60.275062561035156,60.34218697057907,60.06624118015345,60.11098699321213,2479500
2016-12-06,60.26765441894531,60.319859808681144,60.23782195481616,60.29748688307446,2337800
2016-12-07,60.409297943115234,60.454043750435595,60.334719700929575,60.35709260458976,4273100
2016-12-08,60.290000915527344,60.334752437083935,60.245255083928996,60.32729290183146,2323000
2016-12-09,60.11099624633789,60.29744474939102,60.05879089308129,60.26015846275445,2697000
2016-12-12,60.0439338684082,60.10359312100903,59.98426892584528,60.03647432809731,3464800
2016-12-13,60.11099624633789,60.18557450956779,60.021504606444715,60.14828822293122,4372500
2016-12-14,59.805259704589844,60.24527570581254,59.79780016678398,60.230362320161,2971300
2016-12-15,59.715755462646484,59.85745821488285,59.70829592569732,59.81270668314742,2651200
2016-12-16,59.76792526245117,59.864876425238585,59.68588747472484,59.775384794959784,3080100
2016-12-19,59.924560546875,59.9618525314362,59.842522732806735,59.91710101197116,2936800
2016-12-20,59.932010650634766,59.93947018436474,59.81268087078352,59.83505947197343,5853400
2016-12-21,60.02153396606445,60.036447350022634,59.95440951335379,59.991701508188555,2752300
2016-12-22,59.98039627075195,60.02525637153692,59.94300905043854,59.94300905043854,2851500
2016-12-23,60.010292053222656,60.085060773346754,60.010292053222656,60.085060773346754,2096800
2016-12-27,59.96543884277344,59.96543884277344,59.905627276813846,59.91310015725324,2178300
2016-12-28,60.114986419677734,60.167325109029434,59.95049176614686,59.99535187002281,4097100
2016-12-29,60.27947235107422,60.301902399766675,60.174794987517096,60.21965508490201,3115800
2016-12-30,60.406593322753906,60.43650196255358,60.2794858819726,60.2869587635552,2338200
2017-01-03,60.414058685302734,60.443961614067454,60.18974678814777,60.22713400583643,3312600
2017-01-04,60.45893478393555,60.473886252274944,60.376687446843796,60.44397761110613,3095000
2017-01-05,60.76545715332031,60.77293573589272,60.48881234749931,60.54862959910437,3890400
2017-01-06,60.526187896728516,60.66077384735559,60.526187896728516,60.638343806332166,2287900
2017-01-09,60.675743103027344,60.69817314852082,60.630877307552716,60.69069456519377,1785900
2017-01-10,60.6607780456543,60.698165252938566,60.60843937814847,60.668256628008535,2250700
2017-01-11,60.69068145751953,60.8850846506229,60.60843417214835,60.668251416870376,2327600
2017-01-12,60.70568084716797,60.87764841475457,60.67577220400282,60.84026688916593,2981200
2017-01-13,60.60849380493164,60.675789697578054,60.49634349134103,60.65335963485993,2425000
2017-01-17,60.795379638671875,60.86267548819081,60.720610909364034,60.81780968701539,2188600
2017-01-18,60.481353759765625,60.72061714079808,60.47387517472084,60.72061714079808,1981700
2017-01-19,60.37665939331055,60.44394952630705,60.29441209443436,60.399089437642715,2121300
2017-01-20,60.42151641845703,60.4514250442126,60.279457576726905,60.316839080556065,1836300
2017-01-23,60.58600997924805,60.7056444802392,60.4289939750624,60.4289939750624,1490200
2017-01-24,60.496334075927734,60.60101148864875,60.429038193754984,60.54119419438212,2136000
2017-01-25,60.31686782836914,60.40659374840042,60.27948630672346,60.36920652226494,1897400
2017-01-26,60.33928298950195,60.3617187423396,60.20469699491804,60.27947142873341,2381600
2017-01-27,60.406593322753906,60.44397484413618,60.36920609688187,60.36920609688187,1768700
2017-01-30,60.39163589477539,60.48136181379432,60.37668442718377,60.39911448081607,2699500
2017-01-31,60.51873779296875,60.57854935670985,60.41406042581099,60.41406042581099,2857600
2017-02-01,60.41234588623047,60.50225842102848,60.31494492746493,60.35989833668685,2313400
2017-02-02,60.449806213378906,60.577178007262184,60.442312073634675,60.532224601504254,1745400
2017-02-03,60.464778900146484,60.64460392651288,60.39734880252369,60.584662251057416,2398900
2017-02-06,60.6520881652832,60.6970472769502,60.539704676996706,60.659582303286435,3238100
2017-02-07,60.74948501586914,60.801932540731066,60.61461913531683,60.65957252338377,5239300
2017-02-08,60.914329528808594,60.95178878487811,60.74949279631648,60.74949279631648,2172700
2017-02-09,60.74948501586914,60.85438006559299,60.7120200482457,60.794438403936084,3410400
2017-02-10,60.73454666137695,60.75702337388454,60.6446398113466,60.65212823794501,2011900
2017-02-13,60.667083740234375,60.697054579500744,60.59964792279678,60.67457787913924,1863000
2017-02-14,60.53969955444336,60.66707130795879,60.43480449668336,60.644594612203356,2178300
2017-02-15,60.44231414794922,60.4797791316024,60.38986660064712,60.397360740648544,1503700
2017-02-16,60.5546989440918,60.64461146845678,60.48726883808319,60.4947572611818,3290700
2017-02-17,60.697059631347656,60.72703047310851,60.659594650058196,60.68956549181905,1520000
2017-02-21,60.689544677734375,60.7494863406985,60.61462045720503,60.64459128868709,1811300
2017-02-22,60.72703552246094,60.816942338865545,60.59965800529767,60.816942338865545,1965800
2017-02-23,60.83942413330078,60.83942413330078,60.786976580558544,60.81694742731904,1590500
2017-02-24,61.064205169677734,61.079187735504874,60.92933921181444,60.95931005982348,1703800
2017-02-27,60.93681335449219,61.04170842992169,60.90684251631907,61.03421429129018,2005600
2017-02-28,60.89185333251953,60.99675412274019,60.8843649103524,60.93681244728633,1975700
2017-03-01,60.64262771606445,60.66514820173328,60.59007800700763,60.64262771606445,2954300
2017-03-02,60.53003692626953,60.597604130149726,60.462475449879705,60.59009539027629,2077300
2017-03-03,60.575035095214844,60.575035095214844,60.45491826345893,60.53749715341967,2242600
2017-03-06,60.53755569458008,60.59761416853591,60.48500596174156,60.59761416853591,1880900
2017-03-07,60.42490768432617,60.53000708077151,60.42490768432617,60.50748659974573,1644800
2017-03-08,60.282318115234375,60.319850367297505,60.21475089753427,60.237271394270465,2172700
2017-03-09,60.09458541870117,60.19217605894976,60.07205921481023,60.1771643171755,2761300
2017-03-10,60.21474838256836,60.22976586475962,60.13216941299036,60.16219864988157,3430900
2017-03-13,60.09458541870117,60.21469653535433,60.079567949440545,60.147135106140624,2164600
2017-03-14,60.087100982666016,60.16217117686764,60.07208350733248,60.07959224499925,3620700
2017-03-15,60.46246337890625,60.46997211728061,60.1546681079389,60.17719432306198,2281200
2017-03-16,60.37236404418945,60.45494296789543,60.364861034753,60.41741073824879,2617800
2017-03-17,60.49251174926758,60.51503224402861,60.40993278348312,60.40993278348312,1293000
2017-03-20,60.61260986328125,60.62011860240903,60.48498993555794,60.50000168632371,1510900
2017-03-21,60.75522232055664,60.75522232055665,60.552532267258144,60.58255575646074,2079000
2017-03-22,60.83780288696289,60.89035258572588,60.77023571570327,60.80777366945724,1339600
2017-03-23,60.80776596069336,60.88283613119685,60.72518705489347,60.86031565279448,1790300
2017-03-24,60.79279327392578,60.86035475253773,60.755255300814326,60.76276404093473,3736700
2017-03-27,60.92037582397461,60.97292551757992,60.8753291383936,60.957908046557236,1870300
2017-03-28,60.80776596069336,60.980432507589555,60.77773674699459,60.980432507589555,1990800
2017-03-29,60.92790603637695,60.92790603637695,60.83030962278822,60.845327099104516,1356800
2017-03-30,60.83028793334961,60.89034636222244,60.7852469754385,60.88283762674158,1403500
2017-03-31,60.86781311035156,60.882824850676094,60.81526342798698,60.81526342798698,2399400
2017-04-03,61.08901596069336,61.08901596069336,60.87084594652017,60.91598377844487,2142600
2017-04-04,61.02131271362305,61.07397543382505,60.99874379636591,61.07397543382505,1983200
2017-04-05,61.073974609375,61.11911244327995,60.953599399220536,60.99121808734529,2050500
2017-04-06,61.0965576171875,61.111607391830745,60.983707266592205,61.0739886950299,1855300
2017-04-07,60.96110534667969,61.20937483564162,60.94606131998692,61.16423701575914,1608200
2017-04-10,61.02131271362305,61.08150031951276,60.991218910678185,61.02883759931076,1481700
2017-04-11,61.2169189453125,61.247012747953775,61.111593505971015,61.11911265177686,1340500
2017-04-12,61.35982894897461,61.3598289489746,61.18679683858675,61.209365745176186,1801600
2017-04-13,61.45012283325195,61.48774151176658,61.32974765384873,61.39746012721416,1393500
2017-04-17,61.412532806396484,61.4877701985273,61.34482604124732,61.457676389636404,1494600
2017-04-18,61.63071823120117,61.6683369331356,61.48025490307958,61.48025490307958,1782800
2017-04-19,61.51787567138672,61.56301926739804,61.48026270448753,61.56301926739804,1437000
2017-04-20,61.435089111328125,61.49527097132064,61.374901511530176,61.49527097132064,1425700
2017-04-21,61.45012283325195,61.53287933414055,61.435078805728786,61.48774151176658,1241700
2017-04-24,61.36735916137695,61.382403187142174,61.262033761609004,61.29965243572776,2665700
2017-04-25,61.1793327331543,61.28465822840617,61.1417140249319,61.24704525999279,1670900
2017-04-26,61.239437103271484,61.254481122219715,61.13411175123023,61.15668064955318,1876200
2017-04-27,61.284637451171875,61.33730018094366,61.216930687096905,61.25454364275843,1543100
2017-04-28,61.352317810058594,61.38240586290062,61.20937372994072,61.2394675225868,2100000
2017-05-01,61.2377815246582,61.37348039092921,61.16992921569371,61.32070317748019,1478100
2017-05-02,61.343299865722656,61.35083453463199,61.21513572274049,61.245291653344786,1664300
2017-05-03,61.27544021606445,61.403598591980945,61.23020920142451,61.36590799699931,2948400
2017-05-04,61.20759582519531,61.215130493461004,61.13220312929714,61.169899477246226,1216100
2017-05-05,61.24528503417969,61.24528503417969,61.139742164299165,61.21512910683453,1658900
2017-05-08,61.13973617553711,61.222663529699616,61.109580251145786,61.2075884433312,1832300
2017-05-09,61.1096076965332,61.13976363446808,61.06437666545942,61.10207302579228,2532200
2017-05-10,61.10205078125,61.21512831776796,61.07189485429356,61.16989730316078,1845500
2017-05-11,61.14728546142578,61.14728546142578,61.0115866578146,61.0643580952381,1421500
2017-05-12,61.32819366455078,61.350809165238275,61.25280674504139,61.2829626631758,1510300
2017-05-15,61.31316375732422,61.35839479202578,61.29054823997344,61.29054823997344,1823500
2017-05-16,61.37348937988281,61.44887637181746,61.33579300808608,61.33579300808608,1760600
2017-05-17,61.70515441894531,61.72023525882623,61.539299690186404,61.539299690186404,1987100
2017-05-18,61.652366638183594,61.73529398057841,61.62221071807151,61.720218896349195,1881800
2017-05-19,61.690059661865234,61.69005966186524,61.59205148885316,61.674978826792604,1394700
2017-05-22,61.63731384277344,61.66746977379028,61.62223300143715,61.66746977379028,1570700
2017-05-23,61.50914001464844,61.697610240091024,61.50160534682221,61.697610240091024,1679500
2017-05-24,61.63731384277344,61.644848511785845,61.50161502902551,61.539305629054766,1568700
2017-05-25,61.63731384277344,61.65992935312214,61.584542401407894,61.644848511785845,1108400
2017-05-26,61.66747283935547,61.67500750874243,61.61470139536659,61.6448515762265,952700
2017-05-30,61.757938385009766,61.757938385009766,61.68255142527584,61.72024778097098,1283300
2017-05-31,61.788082122802734,61.825778471056935,61.742851106221856,61.75792619453041,2290100
2017-06-01,61.80470657348633,61.81226285160979,61.71405429101055,61.729161083506035,1710900
2017-06-02,62.00867462158203,62.031337688138656,61.92557286837417,61.940679658161784,1795200
2017-06-05,61.91044235229492,61.95577423600608,61.89533556689035,61.933111176024866,1916200
2017-06-06,62.023773193359375,62.06154880844882,61.986003342019565,62.03132946912719,3262500
2017-06-07,61.940711975097656,62.023813771663036,61.92560517742822,62.008706973993604,1743500
2017-06-08,61.89536666870117,61.92558601844395,61.80470861947281,61.92558601844395,1827800
2017-06-09,61.84246063232422,61.88023624601555,61.774465680429714,61.79713450689416,1404500
2017-06-12,61.827362060546875,61.91046381845762,61.77447964767193,61.78959220206519,2053900
2017-06-13,61.84246063232422,61.86512369503925,61.78957823140601,61.804685018632895,1515100
2017-06-14,62.069087982177734,62.19751581609641,62.008649320187274,62.10685782311073,2472800
2017-06-15,62.001136779785156,62.04646292637534,61.970917427474326,62.04646292637534,2063400
2017-06-16,62.069087982177734,62.07663849211551,62.00109304650146,62.008649320187274,1376200
2017-06-19,61.97844314575195,62.053988607402516,61.955780083631716,62.02376926999244,1776500
2017-06-20,62.069087982177734,62.10685782311073,62.008649320187274,62.03131237749668,1864100
2017-06-21,62.099369049072266,62.12203789476989,62.023823521343104,62.061599167084836,1249600
2017-06-22,62.12199401855469,62.15220759730332,62.06911161011922,62.129544531366726,1195100
2017-06-23,62.13709259033203,62.159755653271446,62.09176646445321,62.121985802955585,1356000
2017-06-26,62.205081939697266,62.242857553860105,62.182418876699366,62.21263821527973,4665500
2017-06-27,61.993587493896484,62.09180184092367,61.978480697913014,62.09180184092367,2374200
2017-06-28,61.993587493896484,62.02380684961617,61.91048570660551,62.00870005363271,1604300
2017-06-29,61.865135192871094,61.92557388051017,61.789589715197486,61.82735957215905,1548100
2017-06-30,61.81979751586914,61.872679916741376,61.7669151149969,61.850016854046046,1978100
2017-07-03,61.82664489746094,61.95560706217996,61.77354248918084,61.94802513794596,1092500
2017-07-05,61.86457061767578,61.88732796324053,61.78870508215625,61.819050138818504,1917100
2017-07-06,61.72041702270508,61.7735194111466,61.67490234339129,61.75834978061742,1827500
2017-07-07,61.70530319213867,61.743235987911504,61.68254582976779,61.72047862554062,2441500
2017-07-10,61.735599517822266,61.78870191732936,61.720429884132,61.75836264994885,2228800
2017-07-11,61.79631042480469,61.82665549012492,61.72803836863123,61.76596535948446,1931500
2017-07-12,61.94043731689453,61.993539725081106,61.91009225682672,61.97836430118299,1378800
2017-07-13,61.91767501831055,61.940432364609805,61.826639845385586,61.9328446532674,1321400
2017-07-14,61.94043731689453,62.092156829505186,61.925261892996424,62.03905442131862,1201700
2017-07-17,62.02385330200195,62.04661063856915,61.94799358420283,61.993508257337204,1432500
2017-07-18,62.16802215576172,62.18319758101948,62.10733781791749,62.130095168075194,1607300
2017-07-19,62.175575256347656,62.205920302241694,62.15281791885856,62.1831629647526,1589100
2017-07-20,62.213558197021484,62.27424255003663,62.18321312664872,62.22114012381689,1646800
2017-07-21,62.28182601928711,62.32734651560866,62.25148095098273,62.25148095098273,1942000
2017-07-24,62.251502990722656,62.281848069770504,62.205988266016895,62.27426035307553,1417400
2017-07-25,62.016292572021484,62.137672803482886,62.00870486062315,62.13008509208455,1385000
2017-07-26,62.16802215576172,62.20595493117718,62.001132992028914,62.02389034218662,1583000
2017-07-27,62.09209442138672,62.130027155277794,62.046579770895505,62.09209442138672,1224000
2017-07-28,62.20594787597656,62.205947875976555,62.08456763859679,62.08456763859679,1867100
2017-07-31,62.198368072509766,62.20595578524282,62.13768373383236,62.175610722039615,2561600
2017-08-01,62.45124816894531,62.45886184790577,62.27603474938724,62.28365424031637,1783600
2017-08-02,62.4131965637207,62.48937408597317,62.4131965637207,62.44366873501617,1336600
2017-08-03,62.542694091796875,62.58840525118813,62.46651657544073,62.49698874437758,1904800
2017-08-04,62.443668365478516,62.474140536593644,62.352251852133115,62.474140536593644,1046700
2017-08-07,62.46650314331055,62.47412263689934,62.39794513692358,62.43603098092611,1257900
2017-08-08,62.382728576660156,62.45890610402212,62.344636906992775,62.45890610402212,1929000
2017-08-09,62.428436279296875,62.54270548062513,62.428436279296875,62.53508598401044,1808600
2017-08-10,62.51984786987305,62.527467365886544,62.42081766958775,62.451289841669194,1376700
2017-08-11,62.57315444946289,62.580773943251835,62.428413127327126,62.44365211490503,1153400
2017-08-14,62.52747344970703,62.57317880628999,62.48938177790583,62.535087134488776,2082000
2017-08-15,62.420780181884766,62.45886601513416,62.3750690452288,62.3903080281038,1419600
2017-08-16,62.51224136352539,62.56556622275537,62.38273896424883,62.40559164506543,1594800
2017-08-17,62.626487731933594,62.626487731933594,62.47413270742321,62.50460487471961,1723600
2017-08-18,62.596031188964844,62.695067210391024,62.542706335878854,62.664595035488595,1663100
2017-08-21,62.626487731933594,62.664579394047,62.596015564637185,62.6341072267506,1258400
2017-08-22,62.5503044128418,62.618862423915424,62.54268491873214,62.61124874177686,1157400
2017-08-23,62.733150482177734,62.733150482177734,62.6188812840007,62.64173977321439,1237800
2017-08-24,62.64173126220703,62.7102892846147,62.6264922714684,62.64173126220704,1540200
2017-08-25,62.717918395996094,62.73315157709824,62.62650187346434,62.64935455110405,1453100
2017-08-28,62.74839401245117,62.76362719438899,62.679830163797824,62.71792183660227,1408700
2017-08-29,62.81692123413086,62.90833771683299,62.763596405547226,62.86262656949671,2054300
2017-08-30,62.809288024902344,62.81690751645622,62.763582699517414,62.80167434531762,1150700
2017-08-31,62.86262130737305,62.893093465722984,62.80929648325314,62.832154960993044,1696700
2017-09-01,62.75883865356445,62.850448349399485,62.713036717774095,62.835177154633165,1471200
2017-09-05,63.01836395263672,63.04889467787,62.88858216126451,62.94201966679967,2008400
2017-09-06,62.91147232055664,63.07178479480809,62.903836729139975,63.04124825339118,1586500
2017-09-07,63.1099739074707,63.14051045992165,62.98783352191877,63.00309888601832,1899100
2017-09-08,63.041263580322266,63.10996644702641,63.01836262475422,63.10996644702641,2702200
2017-09-11,62.850440979003906,62.95731603281785,62.82754001379429,62.91914387463275,1423100
2017-09-12,62.75883865356445,62.84281275201632,62.713036717774095,62.797010816225956,1604300
2017-09-13,62.682472229003906,62.758810696065716,62.67483663502222,62.74354533235404,1594000
2017-09-14,62.72064208984375,62.735907452999335,62.659568988718426,62.659568988718426,1325200
2017-09-15,62.728275299072266,62.789348403546605,62.68247338284242,62.75117625718719,1536200
2017-09-18,62.682472229003906,62.70537318669728,62.62903471963548,62.6901078229856,1756300
2017-09-19,62.636680603027344,62.70538348739337,62.636680603027344,62.68248252593803,1220000
2017-09-20,62.583255767822266,62.70539619508761,62.51454704527927,62.6977605983042,1672500
2017-09-21,62.56795120239258,62.66719061063022,62.55268584122169,62.60612334169591,1168200
2017-09-22,62.62904739379883,62.69012050950824,62.60614643147101,62.68248491398135,1394100
2017-09-25,62.76645278930664,62.774088384078965,62.63667679943852,62.651942164730876,2626100
2017-09-26,62.73592758178711,62.7359275817871,62.66721886491309,62.72829198563369,1446500
2017-09-27,62.545074462890625,62.58324661697234,62.49163694172801,62.53743886722368,1511900
2017-09-28,62.56035232543945,62.56035232543945,62.445847488829706,62.484013826281576,1198400
2017-09-29,62.56795120239258,62.57558679510339,62.46871179415494,62.560315609681766,3001200
2017-10-02,62.543487548828125,62.57408682349617,62.489940277212774,62.53583627110739,3642600
2017-10-03,62.574092864990234,62.5893895856937,62.50524303128601,62.51289430974546,2752100
2017-10-04,62.574092864990234,62.63528558401955,62.52819103044893,62.627640141775544,2616700
2017-10-05,62.5281867980957,62.58938534919812,62.48229080287642,62.58938534919812,2859800
2017-10-06,62.4593391418457,62.51288641186585,62.35989004308349,62.413437313103636,1860000
2017-10-09,62.520545959472656,62.528191401762065,62.45934740386447,62.46699868236937,987800
2017-10-10,62.55115509033203,62.642952946769334,62.512910360645876,62.53585836570096,4719400
2017-10-11,62.58169937133789,62.59700191873616,62.543454675265856,62.55875138645231,1249500
2017-10-12,62.635284423828125,62.64293570214586,62.551137870979076,62.619987703408,1723400
2017-10-13,62.765342712402344,62.7729881557109,62.673544866753275,62.734743430519316,1772800
2017-10-16,62.704158782958984,62.742403517076376,62.658262767531056,62.72710679067294,1471500
2017-10-17,62.71175765991211,62.727054373533015,62.64290785808613,62.650559133002965,1381100
2017-10-18,62.61231231689453,62.619963592266224,62.566416337090565,62.58936432699255,1522900
2017-10-19,62.642940521240234,62.734738359468984,62.61234124183065,62.65824307905292,1515800
2017-10-20,62.48994827270508,62.53584427247201,62.4516977154222,62.528192993772315,1935600
2017-10-23,62.543487548828125,62.58938354272274,62.520539551880816,62.520539551880816,2649700
2017-10-24,62.436431884765625,62.48232790723969,62.413478037310064,62.44407733103228,2287200
2017-10-25,62.38283920288086,62.39048464358627,62.3139893830322,62.35223993141637,1576700
2017-10-26,62.30635452270508,62.421100361876775,62.29105780104957,62.413449082941106,1915600
2017-10-27,62.44404602050781,62.44404602050781,62.32930602185525,62.359899464018866,1734400
2017-10-30,62.58939743041992,62.60469415304062,62.505250865465605,62.53585014692319,1542600
2017-10-31,62.55115509033203,62.612353661290236,62.55115509033204,62.60470238086622,1977100
2017-11-01,62.59174728393555,62.64540806931841,62.492087362090984,62.54574814747384,1596000
2017-11-02,62.65309524536133,62.706756047598354,62.62243109428462,62.65309524536133,2373200
2017-11-03,62.70676803588867,62.70676803588867,62.5917789095146,62.683765531741926,1370500
2017-11-06,62.752750396728516,62.77574704827246,62.706757093640626,62.752750396728516,1336700
2017-11-07,62.77576446533203,62.77576446533204,62.70677449155902,62.71443614514012,2450800
2017-11-08,62.729713439941406,62.78337420859533,62.706716803173315,62.7527100767095,2312700
2017-11-09,62.66842269897461,62.69908684922065,62.60709439848254,62.66842269897461,2115800
2017-11-10,62.41546630859375,62.51512628852029,62.41546630859375,62.49979128456681,1724400
2017-11-13,62.42313766479492,62.51513014842467,62.41547016234476,62.507462645974506,1698500
2017-11-14,62.49977111816406,62.49977111816406,62.430781168405034,62.45377781832471,1659300
2017-11-15,62.64541244506836,62.65307994311205,62.515094221262615,62.58408415789364,2859400
2017-11-16,62.56108093261719,62.622409213341825,62.53041679225486,62.57641007850497,1637000
2017-11-17,62.622432708740234,62.66075851213258,62.591768556872985,62.622432708740234,2257700
2017-11-20,62.584075927734375,62.63006921277336,62.55341178817953,62.591743424769746,1528300
2017-11-21,62.63777542114258,62.69910373815435,62.56111794917298,62.65311042469063,1925700
2017-11-22,62.768070220947266,62.77573771985216,62.64541948140905,62.65308698031395,1631900
2017-11-24,62.752750396728516,62.76807954822818,62.71441874509601,62.73741539663995,837000
2017-11-27,62.729713439941406,62.77570671347759,62.69904930805557,62.76037757182724,1516900
2017-11-28,62.729713439941406,62.82169998701377,62.729713439941406,62.78337420859533,1846700
2017-11-29,62.57646560668945,62.62246478234439,62.55346894315797,62.59180061477175,1837400
2017-11-30,62.48442840576172,62.61474662608051,62.446096765156334,62.59941747899068,3044100
2017-12-01,62.65191650390625,62.84395892169475,62.49060157624425,62.605828199051246,2384800
2017-12-04,62.659549713134766,62.667233044686995,62.575050648054635,62.61346144515099,1834000
2017-12-05,62.73640441894531,62.744087755270485,62.61350034108479,62.67494944968083,1763900
2017-12-06,62.80556106567383,62.87469353078383,62.79019438853595,62.79787772710489,1509300
2017-12-07,62.72106170654297,62.836288341998014,62.65960671954426,62.72106170654297,1641000
2017-12-08,62.698001861572266,62.744090159952755,62.659591039142754,62.69031852495263,1368300
2017-12-11,62.65191650390625,62.75945978901425,62.63655568917775,62.72873815955724,1780800
2017-12-12,62.64424133300781,62.64424133300781,62.575103012510624,62.63655799502597,2962800
2017-12-13,62.8209114074707,62.87468304714717,62.65191315115347,62.69800731421128,2095400
2017-12-14,62.843936920166016,62.85162025517509,62.69798871899816,62.73639367270868,1998800
2017-12-15,62.85164260864258,62.859325946384274,62.7364159851953,62.80555430353148,2781800
2017-12-18,62.75176239013672,62.82857816073147,62.7210349097653,62.82857816073147,1946900
2017-12-19,62.55974197387695,62.65960192460561,62.498286991581,62.65960192460561,3307700
2017-12-20,62.436824798583984,62.50596311084971,62.41378064805175,62.43682479858399,2325500
2017-12-21,62.475242614746094,62.513647583041326,62.42914844785429,62.459875938892274,3103400
2017-12-22,62.50593948364258,62.52898362546415,62.467528673495444,62.482889481154224,2566700
2017-12-26,62.56831359863281,62.59912095821871,62.514402188333236,62.5606161656636,1696400
2017-12-27,62.760868072509766,62.78397212796617,62.56832644250067,62.63764448477415,1708000
2017-12-28,62.72238540649414,62.74548947010388,62.67617140336837,62.73778615693186,2235000
2017-12-29,62.822444915771484,62.822444915771484,62.73772617958947,62.76853352691936,2531500
2018-01-02,62.64534378051758,62.76857324781857,62.55292755594623,62.73006257031091,3104500
2018-01-03,62.699283599853516,62.71468435084561,62.606861466181385,62.71468435084561,2216700
2018-01-04,62.668453216552734,62.668453216552734,62.57603111680849,62.63764584997132,2152400
2018-01-05,62.58372497558594,62.66074044245586,62.537510994741204,62.653037132997824,4257400
2018-01-08,62.591434478759766,62.637648468516026,62.54522636490811,62.637648468516026,2587300
2018-01-09,62.40663146972656,62.56066839625829,62.391230715027355,62.52986101095195,2725200
2018-01-10,62.41429901123047,62.42200232211876,62.24486142711552,62.291069540636116,3411400
2018-01-11,62.41429901123047,62.475913746527645,62.35268427593329,62.39119495447017,3381600
2018-01-12,62.40663146972656,62.47594955564283,62.337319259718235,62.38352739972379,2829100
2018-01-16,62.45283126831055,62.52985265924313,62.406623134476725,62.49904527805153,4300500
2018-01-17,62.38350296020508,62.47592507991659,62.3681022115393,62.414310333442245,3674600
2018-01-18,62.260284423828125,62.30649842976944,62.22948292107613,62.244883672452126,2528400
2018-01-19,62.12933349609375,62.229458907073216,62.11393275066082,62.20634897506722,2148300
2018-01-22,62.083133697509766,62.1986598693924,62.083133697509766,62.17555581019691,5473200
2018-01-23,62.24485778808594,62.27566515393344,62.16784231141932,62.21405042223845,2442900
2018-01-24,62.175559997558594,62.19096074609106,62.09853862717953,62.16785668533957,1709700
2018-01-25,62.345008850097656,62.35271216443141,62.12166561758366,62.17557706610552,2537700
2018-01-26,62.229469299316406,62.283380731191414,62.16785455548629,62.2756774192363,1590200
2018-01-29,62.14472579956055,62.175533159232934,62.029199669764864,62.12162174878202,2219700
2018-01-30,62.029232025146484,62.09084677663044,61.990721336492484,62.05233608797644,2735100
2018-01-31,62.044620513916016,62.16014668114183,61.94450096946962,62.16014668114183,3082600
2018-02-01,61.87249755859375,62.065463173401476,61.85705701165692,62.03458796837105,2814300
2018-02-02,61.68721008300781,61.833865748521404,61.64862051602618,61.779835643675305,3137600
2018-02-05,61.9574089050293,62.080909748858836,61.594638426179834,61.64866857314417,4349200
2018-02-06,61.756710052490234,61.94195537295399,61.756710052490234,61.92652071659975,3891500
2018-02-07,61.6177978515625,61.833918455166035,61.59464291386851,61.833918455166035,3797200
2018-02-08,61.571495056152344,61.656400438143784,61.455720343296775,61.51746489387107,4639800
2018-02-09,61.41710662841797,61.61007227773295,61.401671967564255,61.447981838969675,3725500
2018-02-12,61.43252182006836,61.54830235073302,61.40165250814403,61.50199249400412,5336200
2018-02-13,61.48658752441406,61.502022187828246,61.3862416012635,61.45571230874045,2669400
2018-02-14,61.28590774536133,61.39396806669022,61.247312249667075,61.363092847903985,3509700
2018-02-15,61.347633361816406,61.440253091855524,61.32447254046316,61.33991308803199,1981200
2018-02-16,61.47884750366211,61.532877641527236,61.43253175060388,61.50200243576954,1957800
2018-02-20,61.41710662841797,61.43254128927168,61.316766610758116,61.43254128927168,2294300
2018-02-21,61.18552780151367,61.432523525662674,61.154658488732295,61.409368596655355,2330100
2018-02-22,61.2627067565918,61.33217153001462,61.231831561012285,61.25498648548656,2156000
2018-02-23,61.42483901977539,61.45571423641747,61.34765392259292,61.35536831011936,1660600
2018-02-26,61.455665588378906,61.57144019808322,61.447945318118364,61.51741008394095,2715300
2018-02-27,61.32447814941406,61.48657446949534,61.239572796550156,61.463413646023724,3007200
2018-02-28,61.40165710449219,61.40937148862954,61.332186425356056,61.33990669833626,1947700
2018-03-01,61.50607681274414,61.5602192522371,61.35912213473946,61.42873131362326,2877400
2018-03-02,61.390037536621094,61.451910371101256,61.32042248384452,61.39776795275548,4448000
2018-03-05,61.351409912109375,61.49063422564483,61.30500377462611,61.45969483362744,2229100
2018-03-06,61.37459182739258,61.46740997145392,61.366855506783224,61.39779488813701,1905000
2018-03-07,61.359153747558594,61.4906417539163,61.335950675976214,61.44423561075155,2167700
2018-03-08,61.42872619628906,61.482868631271664,61.38232008089906,61.38232008089906,1479700
2018-03-09,61.351409912109375,61.38234930412677,61.28180070588447,61.32047052009199,2290800
2018-03-12,61.41325759887695,61.42099391823534,61.33591210854101,61.35911516553353,2253900
2018-03-13,61.42872619628906,61.475138212761884,61.39005640049167,61.44419883547428,2471700
2018-03-14,61.5601921081543,61.60660410802878,61.41323749494714,61.41323749494714,1733800
2018-03-15,61.567970275878906,61.5911733410481,61.490624758286685,61.52156414554052,1590100
2018-03-16,61.51385498046875,61.53705805588159,61.46744882964307,61.49838823055597,1492000
2018-03-19,61.467403411865234,61.53701258667008,61.42872771402944,61.45193077229772,1328100
2018-03-20,61.390037536621094,61.41324058718628,61.35136185162511,61.37456490219029,2234600
2018-03-21,61.390037536621094,61.42870732053607,61.212137647152964,61.328158801059914,1760300
2018-03-22,61.490596771240234,61.60661794536464,61.43645434345978,61.52153614441221,2871700
2018-03-23,61.50607681274414,61.5292857734554,61.436467633860346,61.490610073353295,2114500
2018-03-26,61.467403411865234,61.54474890645383,61.45193077229772,61.490606470133514,2303700
2018-03-27,61.67622375488281,61.70716312637213,61.49832974517139,61.49832974517139,1693500
2018-03-28,61.66849899291992,61.77678385252157,61.63755961859342,61.74584447819506,3251800
2018-03-29,61.82322311401367,61.83868985892929,61.69173512843188,61.69173512843188,2157300
2018-04-02,61.81541442871094,61.8619369311243,61.714607785638236,61.745624759208084,2336700
2018-04-03,61.7457160949707,61.79224458209294,61.68368797196032,61.78448884825731,2580800
2018-04-04,61.7457160949707,61.799994400037015,61.70694925757566,61.799994400037015,2226300
2018-04-05,61.66037368774414,61.691390683511116,61.6138511520372,61.691390683511116,1978300
2018-04-06,61.81541442871094,61.83091995755446,61.7223635080014,61.78439745514109,2155900
2018-04-09,61.877464294433594,61.877464294433594,61.71462366232886,61.76890781695332,2052000
2018-04-10,61.76892852783203,61.846468049761725,61.74566134695544,61.799939603894856,1854600
2018-04-11,61.81541442871094,61.877448375850626,61.776641732777925,61.83867567991762,1645200
2018-04-12,61.699134826660156,61.79993560706097,61.68362928963155,61.76892453300375,1397700
2018-04-13,61.7457160949707,61.75347182880633,61.66042077045341,61.67593223812468,1461800
2018-04-16,61.75343704223633,61.75343704223632,61.64488049325511,61.64488049325511,1939600
2018-04-17,61.77665710449219,61.78441282878519,61.71462314191676,61.75339584749747,1588500
2018-04-18,61.57508850097656,61.73016757439328,61.55182131566536,61.73016757439328,1721200
2018-04-19,61.4277458190918,61.489779801259985,61.38122329040873,61.489779801259985,1602300
2018-04-20,61.27266311645508,61.41223662352207,61.27266311645508,61.41223662352207,1576600
2018-04-23,61.24163055419922,61.272641619657456,61.202857848549975,61.24938036262163,2263300
2018-04-24,61.13302993774414,61.2105753005569,61.11752441470995,61.19506386164211,2664000
2018-04-25,61.04779815673828,61.10207641227561,61.01678116559036,61.071059421127686,2201300
2018-04-26,61.17185974121094,61.20287673212347,61.13308702359873,61.1408427502984,3297100
2018-04-27,61.264915466308594,61.28817673232586,61.210637206972784,61.210637206972784,1407300
2018-04-30,61.29594802856445,61.334714843144326,61.26493102736771,61.28043657002205,1602900
2018-05-01,61.201107025146484,61.29436798942431,61.18556649571854,61.28659476009198,1410700
2018-05-02,61.20886993408203,61.28658442659179,61.18555617925267,61.255497443740744,1434000
2018-05-03,61.26328659057617,61.35654163412523,61.255513360534664,61.317687342392205,1477700
2018-05-04,61.302181243896484,61.35658203153021,61.22446668002562,61.33326825529306,1342100
2018-05-07,61.270999908447266,61.31763331837259,61.247686168100614,61.3098600951797,1634400
2018-05-08,61.22447204589844,61.263332295860266,61.16229801765619,61.208931503458714,1380900
2018-05-09,61.15449905395508,61.20112658637882,61.12341205592638,61.14672582213825,2260900
2018-05-10,61.27883529663086,61.302149060628416,61.22443453755722,61.27106206555233,1695500
2018-05-11,61.34099197387695,61.34876520276157,61.26327747273993,61.34099197387695,1457800
2018-05-14,61.26328659057617,61.3099141123507,61.255513360534664,61.27882712142193,1519500
2018-05-15,60.9757194519043,61.092294153230796,60.90577818864976,61.092294153230796,1602600
2018-05-16,60.92909240722656,61.0301206535535,60.92131917928275,60.999033671013905,2201300
2018-05-17,60.87474060058594,60.9446819205914,60.851426827250776,60.929141381448105,2036000
2018-05-18,61.03787612915039,61.03787612915038,60.94461520865575,60.94461520865575,1539700
2018-05-21,61.03787612915039,61.053416651282525,60.96792895647093,60.99124863352003,1254900
2018-05-22,61.0534553527832,61.08454234598731,61.00682782759588,61.0690018140041,2225800
2018-05-23,61.239959716796875,61.24772701593797,61.131158236461715,61.13892553560281,1177200
2018-05-24,61.364288330078125,61.410915831690794,61.309887601785114,61.309887601785114,1209400
2018-05-25,61.4964599609375,61.51200642856219,61.43429187815916,61.44205918273137,1039500
2018-05-29,61.92384338378906,62.00155786454177,61.59743900708679,61.61297953154341,2414400
2018-05-30,61.73735046386719,61.82283820334105,61.64408949464924,61.69849024438379,3549700
2018-05-31,61.71406173706055,61.8073168148687,61.644114499465005,61.721829040718276,4272100
2018-06-01,61.752281188964844,61.783513302984765,61.642971768353426,61.70543599639328,3442400
2018-06-04,61.61956024169922,61.7288696819475,61.61175667947985,61.7288696819475,2272100
2018-06-05,61.674217224121094,61.721068383744445,61.61956250199214,61.68202674354465,2760500
2018-06-06,61.50241470336914,61.564878915635774,61.43995644801766,61.564878915635774,2624600
2018-06-07,61.658592224121094,61.76790164725044,61.479009053599,61.486818571513034,3290700
2018-06-08,61.58055114746094,61.643009456771026,61.564932102443194,61.611783280576134,1977000
2018-06-11,61.525856018066406,61.5492786132981,61.479004870686644,61.51023698330103,1725200
2018-06-12,61.51805877685547,61.54148137676123,61.455594539161716,61.455594539161716,1850400
2018-06-13,61.47901153564453,61.57270788364533,61.3540890285605,61.51805316987412,1542800
2018-06-14,61.611759185791016,61.61956274832782,61.54148542453403,61.588330627426714,3920100
2018-06-15,61.61956024169922,61.76010180157812,61.61956024169922,61.72106611972814,1827800
2018-06-18,61.61956024169922,61.65079236132983,61.57271504071216,61.65079236132983,3510300
2018-06-19,61.72108840942383,61.76012410537099,61.68985627851417,61.713278887466444,2767100
2018-06-20,61.58055114746094,61.721092768019155,61.572741624952066,61.721092768019155,2102200
2018-06-21,61.611759185791016,61.68202699013003,61.588330627426714,61.62737226778259,2695400
2018-06-22,61.65076446533203,61.666383496538835,61.59610976993827,61.61953235983345,1509900
2018-06-25,61.642940521240234,61.72882730202944,61.63513696437841,61.681982133203924,4554800
2018-06-26,61.74448013305664,61.74448013305664,61.67420638443171,61.68201590248268,1670800
2018-06-27,61.892852783203125,61.90847182625714,61.82258496021869,61.82258496021869,1762700
2018-06-28,61.84596633911133,61.89281152320558,61.822543747064195,61.869388931158454,1266500
2018-06-29,61.830379486083984,61.91626633129239,61.82256996645101,61.86941517041265,1419000
2018-07-02,61.791988372802734,61.87807191528825,61.760684723666124,61.84676826615165,1800600
2018-07-03,61.9172477722168,61.925069212240054,61.792033085065945,61.792033085065945,1121900
2018-07-05,62.003326416015625,62.01114785541307,61.90158799820457,61.925064257525754,1991900
2018-07-06,62.07377624511719,62.08942509978352,62.01899629793536,62.07377624511719,1331800
2018-07-09,62.01895523071289,62.03460407501699,61.9798241641089,61.99547897897549,1556600
2018-07-10,61.9798698425293,62.01900093797244,61.948572130855055,61.972048399894184,1661500
2018-07-11,62.01115036010742,62.01897777038545,61.94854898957718,62.003328920394054,3750100
2018-07-12,62.05810546875,62.07375431788846,61.979843311364704,61.987670721216105,1807800
2018-07-13,62.11286926269531,62.12069069995074,62.073738194167,62.08156560198522,4071900
2018-07-16,62.02681350708008,62.07376603392178,61.940729894159986,62.03463494784339,1688000
2018-07-17,62.003326416015625,62.05810634461988,61.995499006053755,62.003326416015625,2432200
2018-07-18,61.972007751464844,62.04243651238688,61.964180343396954,62.01113285067831,2182900
2018-07-19,62.089420318603516,62.11290255464444,61.91725904826533,61.964211579215196,1990100
2018-07-20,61.948585510253906,62.0503180215842,61.91728182125193,62.0503180215842,1607800
2018-07-23,61.75288391113281,61.92504508303497,61.721580251542626,61.90939623852117,1427200
2018-07-24,61.84680938720703,61.86246420746429,61.74507693779305,61.792029457435724,1811100
2018-07-25,61.84680938720703,61.91724413723559,61.792029457435724,61.86246420746429,2075200
2018-07-26,61.84680938720703,61.84680938720703,61.84680938720703,61.84680938720703,0
2018-07-27,61.83116149902344,61.8937628693323,61.82333408877309,61.862465169460194,1376600
2018-07-30,61.760738372802734,61.823345725460506,61.760738372802734,61.77639319625006,2115400
2018-07-31,61.807674407958984,61.88593058505532,61.76071592525031,61.83897210234664,3328200
2018-08-01,61.77395248413086,61.797484460852985,61.69551056681223,61.77395248413086,3168600
2018-08-02,61.80534362792969,61.82102962084456,61.75043367562369,61.813189616755096,2817700
2018-08-03,61.93864059448242,61.96217255535738,61.86019872998902,61.891576672732505,2711600
2018-08-06,61.99359130859375,62.064193222426624,61.97790531926121,62.024969271993406,2083800
2018-08-07,61.88376235961914,61.95436426310488,61.86807637258548,61.946518277221195,1886900
2018-08-08,61.86812210083008,61.89950008282334,61.84458412578154,61.883808099457646,2101300
2018-08-09,61.985755920410156,61.985755920410156,61.90731399086564,61.92300596761591,2603800
2018-08-10,62.11125946044922,62.166169402235305,61.98574760223257,61.98574760223257,2414900
2018-08-13,62.11908721923828,62.13477320454499,62.04848532352549,62.103395249198535,3315700
2018-08-14,62.079864501953125,62.16615238467265,62.07201851677867,62.13477442870799,2692700
2018-08-15,62.15047836303711,62.20538830036215,62.12694040298268,62.1347863896675,3051300
2018-08-16,62.181861877441406,62.205399841863034,62.11911192652333,62.181861877441406,2226900
2018-08-17,62.252445220947266,62.29166916520751,62.20538127562188,62.22891324828457,1018100
2018-08-20,62.33089065551758,62.37795460350894,62.307358681521904,62.307358681521904,2473200
2018-08-21,62.299503326416016,62.30734931147932,62.252439385502335,62.28381734102248,1883300
2018-08-22,62.33871841430664,62.3779363645877,62.29165448007648,62.3779363645877,2025500
2018-08-23,62.33871841430664,62.37009636537082,62.315186447191564,62.37009636537082,1447500
2018-08-24,62.37015151977539,62.377991525925246,62.24463960452752,62.27601758333949,1845300
2018-08-27,62.291690826416016,62.330908799580214,62.283844837888886,62.31522280726168,2340800
2018-08-28,62.19755554199219,62.24461950264209,62.17402356166724,62.23677351428858,2375800
2018-08-29,62.158321380615234,62.213231320604244,62.11910341475714,62.213231320604244,1560100
2018-08-30,62.205387115478516,62.252451065222274,62.17400915407128,62.22107310381504,1157400
2018-08-31,62.22109603881836,62.30738396831087,62.21325004939093,62.29953797888344,2888300
2018-09-04,62.125125885009766,62.17230163212597,62.09367338728211,62.117261260840216,2400700
2018-09-05,62.14086151123047,62.16444938948666,62.08582112898211,62.14872613696645,2558000
2018-09-06,62.235225677490234,62.25881355826847,62.15659740857862,62.18804391698136,2133300
2018-09-07,62.03864669799805,62.093687081422416,62.00719419333386,62.093687081422416,2481100
2018-09-10,62.07795715332031,62.09368640495698,62.02291677049557,62.04651064795058,1464300
2018-09-11,61.94429397583008,62.02292224409707,61.920706095245215,61.97574648292734,1496800
2018-09-12,61.99146270751953,62.05436771458098,61.98360408085059,62.03077983667085,1088400
2018-09-13,62.03078079223633,62.101550426008565,62.01505753970458,62.07795654878332,1723800
2018-09-14,61.92856216430664,61.96787329353185,61.904974286981215,61.92856216430664,3196000
2018-09-17,61.92070770263672,61.96002483726701,61.865667313525805,61.881390568006424,2375200
2018-09-18,61.7791633605957,61.881379493808524,61.75557548361977,61.881379493808524,2504000
2018-09-19,61.68482208251953,61.771314986821125,61.637646316156115,61.74772710363942,1968700
2018-09-20,61.76343536376953,61.79488186468718,61.6690778641637,61.67694248886859,2297700
2018-09-21,61.80276870727539,61.80276870727539,61.73200505634495,61.73200505634495,1750600
2018-09-24,61.72413635253906,61.78704137073616,61.700548470453334,61.71627172552625,2915800
2018-09-25,61.67695236206055,61.69267561503634,61.629770605229346,61.676952362060554,1698200
2018-09-26,61.8342399597168,61.87355711034127,61.716294506798334,61.72415913671421,1831100
2018-09-27,61.88141632080078,61.88141632080078,61.818517277749514,61.84996979875264,1374700
2018-09-28,61.88141632080078,61.95218599279657,61.84996979875264,61.92859810178297,2577700
2018-10-01,61.76552963256836,61.85222410392419,61.75764667709968,61.80493238404532,2853300
2018-10-02,61.875858306884766,61.90738411141883,61.828566593617474,61.828566593617474,2597600
2018-10-03,61.56061935424805,61.78917697598229,61.48968477574186,61.78917697598229,2300300
2018-10-04,61.403038024902344,61.48184960005666,61.371512192253064,61.45032376740738,3221400
2018-10-05,61.292640686035156,61.379335146322546,61.20595223868023,61.33993239987621,2299100
2018-10-08,61.26902389526367,61.31631562921942,61.253263992568435,61.30843267140429,1885400
2018-10-09,61.38725662231445,61.38725662231445,61.26903628292527,61.26903628292527,4273200
2018-10-10,61.3399543762207,61.363597235145555,61.237493970300186,61.29266264543638,2813100
2018-10-11,61.51335525512695,61.57640088680756,61.39513492470517,61.403017883516156,3245600
2018-10-12,61.497554779052734,61.584249238448514,61.481794883222776,61.489671824671554,2365700
2018-10-15,61.481807708740234,61.56061923019545,61.473924752714616,61.56061923019545,2077800
2018-10-16,61.529083251953125,61.55272610318957,61.45027174352074,61.47391459475718,2367000
2018-10-17,61.418758392333984,61.552738585131415,61.40299849262471,61.51333582939129,1877300
2018-10-18,61.37934875488281,61.473926190601446,61.324180087280396,61.37934875488281,1681500
2018-10-19,61.347843170166016,61.403017868894054,61.30844040199199,61.38725195127582,1716700
2018-10-22,61.32420349121094,61.41878096302436,61.31632654492855,61.37937217986808,1520000
2018-10-23,61.41089630126953,61.54487653958872,61.395136396205594,61.48970785246106,1934300
2018-10-24,61.576377868652344,61.5921437803808,61.51333226053911,61.529092159334034,1615500
2018-10-25,61.50547409057617,61.56852573703193,61.4739482673483,61.521233995722135,1981000
2018-10-26,61.615779876708984,61.71035729790541,61.60001997964269,61.64730568377446,2224400
2018-10-29,61.56061935424805,61.62367097671274,61.51333364386637,61.592145165480396,1900700
2018-10-30,61.473934173583984,61.55274570711705,61.4660512163503,61.489694075116766,2546300
2018-10-31,61.347843170166016,61.46606350055965,61.347843170166016,61.395134910084934,6206300
2018-11-01,61.46159744262695,61.48529936929124,61.34308178134857,61.350984432888986,3784100
2018-11-02,61.23250198364258,61.39842158824303,61.2008973882958,61.38262230454975,2024600
2018-11-05,61.27988815307617,61.31939539283229,61.25618622040589,61.28779080661909,1858900
2018-11-06,61.271976470947266,61.303575021437204,61.24826851614435,61.28777574619224,2024700
2018-11-07,61.32731246948242,61.44582216070525,61.311507158679454,61.39051562881463,2673700
2018-11-08,61.224586486816406,61.351004841689054,61.224586486816406,61.32730290714017,2233100
2018-11-09,61.37472152709961,61.40632612341365,61.28781039422609,61.28781039422609,1697200
2018-11-12,61.4694938659668,61.47739048875017,61.42208398948494,61.4536885644874,1067200
2018-11-13,61.43790817260742,61.44580479781766,61.35889972479785,61.39840093472355,2735900
2018-11-14,61.48529052734375,61.54849967466329,61.35887826066073,61.398379456768396,2905100
2018-11-15,61.493202209472656,61.54060606294665,61.39048582300306,61.5248067877743,2557800
2018-11-16,61.62751770019531,61.64331697550967,61.50900203748815,61.580113846295255,1811300
2018-11-19,61.62751770019531,61.651219627145345,61.580113846295255,61.580113846295255,2495900
2018-11-20,61.5880126953125,61.65122185476783,61.56431076750605,61.61172065107617,1891300
2018-11-21,61.65119934082031,61.65119934082031,61.572190934332255,61.61959477263409,3871300
2018-11-23,61.64328384399414,61.722298261968916,61.627484577171444,61.69859031980422,644500
2018-11-26,61.595943450927734,61.62754804507528,61.56433885678019,61.58014416783395,1520500
2018-11-27,61.63544845581055,61.66705304880704,61.58803855233594,61.58803855233594,2563100
2018-11-28,61.66706085205078,61.706562077324996,61.57224706106374,61.6354562550551,2217500
2018-11-29,61.71443176269531,61.76183561888312,61.65912525449044,61.72233441471238,2395900
2018-11-30,61.738136291503906,61.738136291503906,61.66703050422687,61.7065317100616,2181200
2018-12-03,61.83477783203125,61.83477783203125,61.739730525727424,61.771412961162035,2187500
2018-12-04,61.98524475097656,62.08028597899546,61.89811959675628,61.89811959675628,3204700
2018-12-06,62.09615707397461,62.22288078041988,62.06447463666154,62.088234953944585,4447800
2018-12-07,62.222877502441406,62.24663781847273,62.08030956344674,62.096153802672106,3806000
2018-12-10,62.28623580932617,62.333756436380575,62.199110631189036,62.23871518227176,2712100
2018-12-11,62.294132232666016,62.35749707113886,62.23868950970318,62.30205434817602,4157200
2018-12-12,62.23078918457031,62.29415404523063,62.22286706628634,62.270393733184434,2662400
2018-12-13,62.2783317565918,62.31793631916323,62.246649315096214,62.246649315096214,2587600
2018-12-14,62.33378219604492,62.37338676349438,62.30210579345565,62.3258661168019,3490600
2018-12-17,62.452579498291016,62.4605016190288,62.34961609993014,62.35753822066793,2924300
2018-12-18,62.54758834838867,62.57134865318051,62.444618970552256,62.444618970552256,3210700
2018-12-19,62.65849304199219,62.77730064524155,62.5713678691297,62.634732729903455,3117500
2018-12-20,62.57139205932617,62.73772035105577,62.54763173805167,62.72188215114212,3451000
2018-12-21,62.57139205932617,62.61891270187519,62.52387141677716,62.59515238060068,4516100
2018-12-24,62.585670471191406,62.728596629882894,62.514210420840676,62.665072546466675,6031000
2018-12-26,62.45066452026367,62.649172668097954,62.45066452026367,62.62535265963591,5912400
2018-12-27,62.585670471191406,62.72065460495836,62.577728446266875,62.68095659631574,2751800
2018-12-28,62.73651885986328,62.7444548242938,62.58565072384994,62.617412755536336,3495100
2018-12-31,62.89533233642578,62.9270943728471,62.673004139465576,62.688882128681726,5651100
2019-01-02,63.02239227294922,63.03032824004752,62.92710614585821,62.950926163133424,4142500
2019-01-03,63.26850128173828,63.32408330689824,63.0223531785994,63.03823116093665,4908400
2019-01-04,63.07796096801758,63.1097230036517,62.99855284993784,63.101780980245955,4583600
2019-01-07,62.98270034790039,63.13356856371608,62.958880326032926,63.10180651522902,4121700
2019-01-08,62.903255462646484,62.98265750085133,62.8873714202132,62.92707546830922,1745400
2019-01-09,62.99062728881836,63.01444730498113,62.911225215612475,62.919161182340154,1989600
2019-01-10,62.863590240478516,63.00651642071645,62.839770220104015,62.94299232772382,2579900
2019-01-11,62.99062728881836,63.04620934586146,62.96680727265558,62.99856325554604,3097100
2019-01-14,62.935035705566406,63.022379790268936,62.92709368205101,63.00649574323814,2395700
2019-01-15,62.94296646118164,63.046194584370575,62.903268462868425,63.014432550926934,1742900
2019-01-16,62.96680450439453,62.9826824951417,62.879460410311076,62.91122244979502,1697700
2019-01-17,62.89533233642578,62.97473439848457,62.87151232360705,62.966798432871,2394700
2019-01-18,62.847686767578125,62.95885085625348,62.83974474467603,62.89532678901371,3722400
2019-01-22,62.95886993408203,63.04621403850665,62.950927908773345,62.96681195939072,3917700
2019-01-23,63.02239227294922,63.07003230749964,62.92710614585821,62.92710614585821,2536100
2019-01-24,63.1573371887207,63.197035173530175,63.117633145924835,63.1414531484078,2700300
2019-01-25,63.08588409423828,63.133530166987,63.05412812305598,63.09382611602767,2073100
2019-01-28,63.10974884033203,63.14944685763512,63.08592276036056,63.093864787017715,2938200
2019-01-29,63.23677062988281,63.23677062988281,63.15736856283363,63.15736856283363,1772300
2019-01-30,63.30030822753906,63.32412824694279,63.1335620337223,63.18914409832789,2961400
2019-01-31,63.59406280517578,63.59406280517578,63.47496277134412,63.50672479969506,3698100
2019-02-01,63.41737747192383,63.592498606331645,63.361657663067135,63.51289974696546,3335000
2019-02-04,63.36164474487305,63.369606451087535,63.305924947376525,63.369606451087535,4078600
2019-02-05,63.49695587158203,63.52084098739905,63.43328044840851,63.44123608067912,2400300
2019-02-06,63.47311019897461,63.52883001917153,63.433313797693906,63.51291267326023,2724700
2019-02-07,63.52085494995117,63.55268963203466,63.481052487842206,63.51289324292876,2474700
2019-02-08,63.61638641357422,63.66415059417157,63.5527048881141,63.57659001491504,1538700
2019-02-11,63.59247970581055,63.61635874922287,63.528798208043106,63.56063895692683,2600900
2019-02-12,63.584529876708984,63.59249158366748,63.528810074005555,63.560650828836515,1541200
2019-02-13,63.488983154296875,63.52877952394583,63.449180711647834,63.52082389381609,1631600
2019-02-14,63.6004524230957,63.67208956573596,63.560649961849165,63.64821051818921,1895800
2019-02-15,63.62430953979492,63.62430953979492,63.57655146116329,63.59246879637355,1917900
2019-02-19,63.680030822753906,63.70390986263228,63.624311038704036,63.680030822753906,3792100
2019-02-20,63.65617370605469,63.68801446119213,63.61637124388211,63.66413541308982,1768400
2019-02-21,63.52878952026367,63.5447129290289,63.49694877573428,63.5447129290289,3411400
2019-02-22,63.67205047607422,63.7436936477341,63.57653434452666,63.61633070833841,1936600
2019-02-25,63.648223876953125,63.67210292951171,63.60842748035688,63.648223876953125,2244600
2019-02-26,63.73574447631836,63.77554692095454,63.695942031682186,63.727782772791045,1405200
2019-02-27,63.60841751098633,63.6959719989773,63.56065334035104,63.6959719989773,1323000
2019-02-28,63.536800384521484,63.6084436333949,63.47311884619084,63.6084436333949,4028500
2019-03-01,63.34050750732422,63.49209903218662,63.34050750732422,63.46816480974208,3035000
2019-03-04,63.452186584472656,63.49208100190795,63.40431815317709,63.452186584472656,2531300
2019-03-05,63.500064849853516,63.516025054112745,63.404327972435865,63.41230807456548,1924500
2019-03-06,63.5798454284668,63.63569396204208,63.53197090894967,63.55591121222505,1629000
2019-03-07,63.76338577270508,63.7953001103736,63.65966874056051,63.699557097368036,2322200
2019-03-08,63.843143463134766,63.8670837722483,63.73144636874542,63.79527501897794,4388500
2019-03-11,63.811214447021484,63.85110277515214,63.803234346582094,63.85110277515214,1891100
2019-03-12,63.96280288696289,63.97876308860365,63.84312572279086,63.867066025252,1958500
2019-03-13,63.93092346191406,63.95486377744097,63.9069892334239,63.938903567089696,1318600
2019-03-14,63.875064849853516,63.93889350714251,63.835176504324735,63.93889350714251,4058400
2019-03-15,63.9947395324707,64.03463396345929,63.93889098130801,63.978785412296595,1639300
2019-03-18,63.95482635498047,63.98673458293877,63.89897173847048,63.96280036845346,5344200
2019-03-19,63.922916412353516,63.97078484459839,63.87504189307505,63.891002095179076,2702400
2019-03-20,64.20218658447266,64.21814070637818,63.96283214663637,63.97879235557811,2528700
2019-03-21,64.21812438964844,64.25801881483007,64.21015037423984,64.23408459453495,1980500
2019-03-22,64.56916809082031,64.60906251120619,64.42555669927864,64.48140523559852,2734000
2019-03-25,64.64894104003906,64.7686181960128,64.52926388406533,64.58511241191533,2034000
2019-03-26,64.66495513916016,64.72080371356024,64.58516624398455,64.60910656476008,3527200
2019-03-27,64.7845687866211,64.87233162376053,64.75266056132737,64.76861467397423,2121900
2019-03-28,64.81653594970703,64.8404701817094,64.72877304100659,64.79260171770467,1818300
2019-03-29,64.76863098144531,64.7845850981091,64.6808681222089,64.6888482240579,1937000
2019-04-01,64.51271057128906,64.67267021239121,64.48071742265479,64.67267021239121,4106700
2019-04-02,64.54472351074219,64.6087098336796,64.51273645134509,64.54472351074219,6305600
2019-04-03,64.45668029785156,64.48867342777997,64.41669346199026,64.44868659191866,2177300
2019-04-04,64.52064514160156,64.52864494694471,64.44866519970391,64.48065831901295,1586000
2019-04-05,64.56867218017578,64.57666588770283,64.46469296165614,64.47269277125,2131700
2019-04-08,64.50472259521484,64.57670261629838,64.47272944070984,64.57670261629838,3794200
2019-04-09,64.60064697265625,64.64063991098008,64.56066013639808,64.60864678073415,1919100
2019-04-10,64.6886978149414,64.70469744872204,64.62471758603601,64.63271130085396,3414300
2019-04-11,64.57670593261719,64.6406922449132,64.55271259102383,64.63269243035855,2641800
2019-04-12,64.45668029785156,64.53666617370537,64.44868659191866,64.52066655770837,1821800
2019-04-15,64.47271728515625,64.48871080835822,64.44072413668317,64.44872394931872,1671300
2019-04-16,64.3607406616211,64.42472695493359,64.34474103725857,64.40872733057107,2002000
2019-04-17,64.3607406616211,64.44072047722733,64.35274084943983,64.3607406616211,1797500
2019-04-18,64.44869232177734,64.49667896990344,64.40869938029485,64.46468583713066,1604600
2019-04-22,64.38471984863281,64.4487061278854,64.35272670900652,64.4487061278854,1840100
2019-04-23,64.49673461914062,64.50473443475278,64.4407481139984,64.46474145876344,2643500
2019-04-24,64.66468811035156,64.67268792521844,64.59270808276216,64.62470124015884,1370500
2019-04-25,64.648681640625,64.68866850281273,64.60068886310226,64.66467516508617,1238100
2019-04-26,64.7926254272461,64.82461856720616,64.76863209779292,64.7926254272461,1622500
2019-04-29,64.65665435791016,64.72064063911782,64.62466731937396,64.70464711984972,1737800
2019-04-30,64.75261688232422,64.75261688232422,64.62465045536976,64.62465045536976,2376200
2019-05-01,64.75662994384766,64.95706523119209,64.70852743226085,64.76464906804532,2035300
2019-05-02,64.61234283447266,64.72459226895221,64.56424030312574,64.70855401396854,2061100
2019-05-03,64.73257446289062,64.77266396446265,64.68447195444352,64.7165423323413,1877500
2019-05-06,64.81278228759766,64.86891006677472,64.79675014840595,64.8288205435918,2261500
2019-05-07,64.9089584350586,64.94102881293273,64.86887505031528,64.90093931139027,3223200
2019-05-08,64.86087036132812,64.98914578457301,64.86087036132812,64.95707539956167,4750500
2019-05-09,64.92501831054688,64.99717209720056,64.82880714487412,64.98113996132236,1926100
2019-05-10,64.91700744628906,64.99718036948616,64.90096919156846,64.9330395842077,4679900
2019-05-13,65.05332946777344,65.10143201862161,65.02125906160647,65.03729732309222,3427000
2019-05-14,65.09337615966797,65.10138916833208,65.05328664914539,65.06932490007462,4478100
2019-05-15,65.18958282470703,65.22967233622995,65.11742904412657,65.21363408490052,1940900
2019-05-16,65.09337615966797,65.13345955339003,65.07733790873873,65.13345955339003,1862700
2019-05-17,65.10943603515625,65.1896089735604,65.06935262435573,65.18159596148216,1615200
2019-05-20,65.02922821044922,65.14147148736038,65.02922821044922,65.10940110584292,2188000
2019-05-21,64.99720764160156,65.03729717842222,64.98117549695601,65.02927804769718,1747000
2019-05-22,65.117431640625,65.15751503694555,65.03725873118299,65.03725873118299,4000500
2019-05-23,65.34992218017578,65.40604381542924,65.18957028173767,65.18957028173767,5334000
2019-05-24,65.34992218017578,65.36595431161984,65.30983267636638,65.34992218017578,1770100
2019-05-28,65.48625946044922,65.49427858980647,65.40608651728716,65.4541890598237,1910600
2019-05-29,65.4701919555664,65.63053775528157,65.4701919555664,65.54234573039818,3142700
2019-05-30,65.64659118652344,65.6706485694059,65.47822620715914,65.53434786694724,2253600
2019-05-31,65.93522644042969,65.93522644042969,65.73479104356339,65.77488056965781,5898700
2019-06-03,66.12245178222656,66.15459760924944,65.9295829512789,66.0099444532413,3787000
2019-06-04,66.00996398925781,66.06621767039904,65.92156447157997,66.02603997312183,2906700
2019-06-05,66.00996398925781,66.12247135154027,65.95371030811658,66.04210982579443,7341700
2019-06-06,65.99388885498047,66.10639620825876,65.95370502972783,66.0340665490422,2995300
2019-06-07,66.17064666748047,66.25904613122238,66.12243100768949,66.18672264153591,2490100
2019-06-10,66.0340576171875,66.10638726662066,66.00994977777314,66.10638726662066,2417400
2019-06-11,65.98583984375,66.04209351099452,65.9617320051009,65.99387783369633,3362100
2019-06-12,66.09835815429688,66.09835815429688,66.00192065249652,66.01799663505871,1904400
2019-06-13,66.21085357666016,66.24299940480111,66.13049207190267,66.13853006173535,1946300
2019-06-14,66.2188949584961,66.23496480779484,66.13853344962216,66.14656530867647,2260700
2019-06-17,66.2188949584961,66.24300279803927,66.13853344962216,66.13853344962216,2792600
2019-06-18,66.37158203125,66.47605751407666,66.32336635067789,66.42784183350454,3342000
2019-06-19,66.59660339355469,66.59660339355469,66.25907523320737,66.28318920488174,2496900
2019-06-20,66.70106506347656,66.80553440393807,66.68499521540159,66.71713491155155,2171600
2019-06-21,66.5162582397461,66.59662591011924,66.46804254247616,66.58054992356763,2398100
2019-06-24,66.63679504394531,66.67697887396383,66.58054136063437,66.60464920616883,2803800
2019-06-25,66.66089630126953,66.74126395336371,66.61268061496585,66.69304213586899,2699800
2019-06-26,66.5082015991211,66.65285476823084,66.50016360883996,66.6448167779497,2195800
2019-06-27,66.70106506347656,66.72517290118387,66.56444989567544,66.61266557109003,2021400
2019-06-28,66.75731658935547,66.77338643691552,66.66087911042686,66.66891709980162,2554600
2019-07-01,66.75249481201172,66.8169308244931,66.65583157497599,66.78471589102362,2354400
2019-07-02,66.8813705444336,66.90553481642604,66.74443557278163,66.7927641167665,3127100
2019-07-03,67.00218200683594,67.0344030769582,66.92163240430065,66.94579667050716,1720800
2019-07-05,66.68800354003906,66.73633205019303,66.55106866424418,66.72022459532101,2356800
2019-07-08,66.67999267578125,66.79276337418703,66.66388520981278,66.76054229670794,1761500
2019-07-09,66.59138488769531,66.68804811815643,66.58333422764673,66.68804811815643,1839400
2019-07-10,66.64777374267578,66.70415909369285,66.59944519767323,66.67193801517705,2097200
2019-07-11,66.43028259277344,66.67193143949527,66.39806151743551,66.62360289925925,3024100
2019-07-12,66.48666381835938,66.51082808698003,66.40611420777671,66.43027847639738,2265000
2019-07-15,66.5833511352539,66.5833511352539,66.47863107261048,66.47863107261048,2245900
2019-07-16,66.49469757080078,66.5188618310442,66.42219864453125,66.47052716501811,2294100
2019-07-17,66.69609832763672,66.70414898688911,66.56721403310164,66.59137830194162,2062300
2019-07-18,66.81693267822266,66.84110309730899,66.6397259570545,66.67194089141772,3323200
2019-07-19,66.74443054199219,66.79275908233436,66.70415266134587,66.73637373675457,2167300
2019-07-22,66.81693267822266,66.88137483803432,66.79276840467894,66.87331803167221,1725500
2019-07-23,66.76052856445312,66.81691390205788,66.71220003094645,66.78469897674735,1799600
2019-07-24,66.82500457763672,66.88138994382143,66.80084029863526,66.8169477694549,2535800
2019-07-25,66.75249481201172,66.8169308244931,66.63972410824125,66.80082335775836,2199000
2019-07-26,66.75249481201172,66.79276655161978,66.72027373299981,66.79276655161978,2413500
2019-07-29,66.79278564453125,66.8330635411953,66.76056455630885,66.82500673275365,1771900
2019-07-30,66.7766342163086,66.81690594091887,66.72829954302003,66.80885528332091,1968800
2019-07-31,66.85720825195312,66.97803576103502,66.679995391372,66.79276609437046,2628700
2019-08-01,67.33597564697266,67.36827181753053,66.96457892535426,66.98879951330649,3278400
2019-08-02,67.40058135986328,67.43287137696255,67.3117684131755,67.3682851828981,5392400
2019-08-05,67.69121551513672,67.73966284683472,67.578182007615,67.626629339313,4284300
2019-08-06,67.86079406738281,67.87693907663798,67.68316816624495,67.7154643446215,4939700
2019-08-07,67.86079406738281,68.22411529435301,67.84464289826145,68.1837435314158,5516400
2019-08-08,67.91730499267578,67.9576705922718,67.65086616390633,67.73967910682947,3244200
2019-08-09,67.79619598388672,68.01418746968187,67.78004481612966,67.94960127825058,2832800
2019-08-12,68.09490203857422,68.15142494694096,67.96572353907999,68.0060952850952,3008000
2019-08-13,67.98999786376953,68.15147881560547,67.92540548303515,68.12725205292874,3299800
2019-08-14,68.232177734375,68.28869449567976,68.18373039621021,68.24832274051994,3395400
2019-08-15,68.56318664550781,68.64392397703472,68.30482348870358,68.36134023675878,4358100
2019-08-16,68.49054718017578,68.51476777152827,68.29677012962482,68.44209983760527,3913600
2019-08-19,68.27256774902344,68.33716011643621,68.22412655339747,68.25642273710385,3640100
2019-08-20,68.45016479492188,68.45016479492188,68.36942744965901,68.4178686248438,2568100
2019-08-21,68.41786193847656,68.53897102446736,68.34520018280047,68.38556577155474,2532300
2019-08-22,68.2886962890625,68.44209541099539,68.25640011605948,68.34521305185149,3232600
2019-08-23,68.53895568847656,68.61162358775678,68.24022083119144,68.26444757085993,3100100
2019-08-26,68.49864959716797,68.61975877212949,68.45020839113077,68.57131756609229,2358800
2019-08-27,68.73273468017578,68.74081026102795,68.57933560316492,68.60355618585804,2450800
2019-08-28,68.75698852539062,68.87002206242302,68.74083735731985,68.86194647838762,3352400
2019-08-29,68.71663665771484,68.72471224408802,68.58745191521425,68.72471224408802,2812400
2019-08-30,68.70856475830078,68.76508154621064,68.62782736983925,68.65204797039092,2861800
2019-09-03,68.77165222167969,68.92539715814392,68.6502749651818,68.76356493181588,3345800
2019-09-04,68.901123046875,68.9092165102549,68.73928464679585,68.75547157355562,2864100
2019-09-05,68.54510498046875,68.69884996256643,68.43991461948407,68.65838880722318,3162800
2019-09-06,68.6259765625,68.6583442310589,68.55315393836862,68.58552160692753,2764600
2019-09-09,68.3104476928711,68.41564423326201,68.2942669339295,68.35090885048389,2618400
2019-09-10,67.96247863769531,68.27805579999847,67.9382044211341,68.26187504679223,2425900
2019-09-11,67.92204284667969,68.00295898256611,67.8977686232643,67.90585591539913,2030200
2019-09-12,67.79254150390625,68.11621207492412,67.75208654096818,68.09193786246075,3025200
2019-09-13,67.40413665771484,67.70352682011493,67.39604319633851,67.66307186023766,3111300
2019-09-16,67.5821762084961,67.64691157799624,67.49317279231417,67.59026967305977,2971000
2019-09-17,67.73592376708984,67.79256567419999,67.57409151063368,67.63073341774383,2974900
2019-09-18,67.78450012207031,68.00298054910878,67.74404512804988,67.88160322003267,2557800
2019-09-19,67.88154602050781,67.97864903664754,67.85727180984843,67.96246211387316,2631100
2019-09-20,68.12429809570312,68.13238538330577,67.93009207020391,67.96245974112045,2436700
2019-09-23,68.17288970947266,68.34281545932245,68.16479624324003,68.21335086712989,2365800
2019-09-24,68.40750885009766,68.42368959912443,68.22948974329259,68.25376395358381,3043500
2019-09-25,68.0838623046875,68.3347041307772,68.03531386699382,68.32661684016445,3009500
2019-09-26,68.19712829589844,68.26995710692108,68.16476062138868,68.22140250840509,2909900
2019-09-27,68.26995086669922,68.30231853825042,68.18902860107018,68.18902860107018,2778400
2019-09-30,68.31849670410156,68.35086437442891,68.15666452596669,68.18093873533674,5258400
2019-10-01,68.38501739501953,68.53908828606984,68.13362750159114,68.15796034560596,5383100
2019-10-02,68.53905487060547,68.60393004933462,68.45796399061281,68.52283916934196,3741400
2019-10-03,68.76614379882812,68.87156136368996,68.61206673824245,68.6201776853364,3149600
2019-10-04,68.87968444824219,68.91212205549402,68.78237162648668,68.81480923373852,3309600
2019-10-07,68.70128631591797,68.83103056868678,68.69317536673196,68.76616153572313,4701400
2019-10-08,68.73370361328125,68.86344782770739,68.68504411938675,68.85534306775801,3876100
2019-10-09,68.65259552001953,68.74990210977035,68.59582509354742,68.74990210977035,3187900
2019-10-10,68.4417495727539,68.59582039157777,68.40120103857844,68.5796046900102,3683300
2019-10-11,68.19041442871094,68.25528966063216,68.08499681697094,68.23907394607318,3411200
2019-10-14,68.30392456054688,68.32014026926154,68.25526506072204,68.312029321484,1600400
2019-10-15,68.12550354003906,68.30390722482316,68.09306594400206,68.2633586830672,2408500
2019-10-16,68.19853973388672,68.23908830908283,68.13366448831052,68.15799734553455,2549900
2019-10-17,68.19853973388672,68.28774164984301,68.13366448831052,68.18232401591465,2420600
2019-10-18,68.23095703125,68.31204797064197,68.22284608125817,68.23095703125,2467600
2019-10-21,68.06877899169922,68.19041231422652,68.06877899169922,68.1579808861142,2328000
2019-10-22,68.19041442871094,68.23096299537237,68.09310776767175,68.20663633011256,4545600
2019-10-23,68.22280883789062,68.32012162414244,68.21470407916534,68.29579497428917,4250400
2019-10-24,68.23095703125,68.33637463377536,68.21474131810844,68.26339464437521,2353700
2019-10-25,68.1174087524414,68.27148582345606,68.07686020106692,68.27148582345606,2157500
2019-10-28,67.971435546875,67.99576220042889,67.92278223976724,67.98765125363104,2861600
2019-10-29,67.98761749267578,68.060603603934,67.97140179397205,68.060603603934,2729800
2019-10-30,68.20662689208984,68.21473784166831,68.02822312241426,68.06877168346482,2831800
2019-10-31,68.53099060058594,68.53909536258709,68.36069779594338,68.39312921763045,3058400
2019-11-01,68.47003173828125,68.55942930839403,68.35625414003118,68.47003173828125,2771900
2019-11-04,68.27497100830078,68.31560231321214,68.23433350297665,68.30747977247754,2444500
2019-11-05,68.0392837524414,68.1043012775785,67.95801494622627,68.09617253683325,2890600
2019-11-06,68.18558502197266,68.21809379166326,68.04742740109795,68.06367868573633,3147000
2019-11-07,67.83612823486328,67.95803457961152,67.66546183238145,67.95803457961152,3767100
2019-11-08,67.77113342285156,67.93367113675838,67.76300467703132,67.81989349694034,2130600
2019-11-11,67.8117446899414,67.88488477274946,67.7629784343221,67.86050474514677,1926100
2019-11-12,67.85238647460938,67.90115273775513,67.76298889265955,67.83613518717073,3072600
2019-11-13,67.97430419921875,68.03119301538992,67.93366667320394,67.99056168979105,2690800
2019-11-14,68.16932678222656,68.23434432088798,68.16120424020421,68.2099642939934,2299700
2019-11-15,68.1449203491211,68.20180912330196,68.10428905351269,68.12054033167378,2342200
2019-11-18,68.24246215820312,68.29935094533762,68.22620467592884,68.25871344006465,3553000
2019-11-19,68.31562805175781,68.34813682818255,68.2424879551135,68.25061669932346,3712600
2019-11-20,68.50253295898438,68.51066170093888,68.38875537327476,68.43751542417505,4924100
2019-11-21,68.38874816894531,68.42125693292537,68.32373064098519,68.41312819182717,2779600
2019-11-22,68.42940521240234,68.47004273276586,68.37251640414246,68.46191398861014,3119700
2019-11-25,68.4944076538086,68.51878768048203,68.45377634282409,68.47815636949753,3444700
2019-11-26,68.60814666748047,68.6244041430638,68.55125790375925,68.59189539230735,3207400
2019-11-27,68.50253295898438,68.55129300988466,68.48627547507535,68.51878424248001,2293000
2019-11-29,68.50253295898438,68.51878424248001,68.42126414067941,68.50253295898438,2535100
2019-12-02,68.3233642578125,68.3233642578125,68.21748930534604,68.27449985108697,3745800
2019-12-03,68.68983459472656,68.76313739166905,68.51880302010234,68.55138135055665,3393600
2019-12-04,68.55139923095703,68.64098810965373,68.46181035226034,68.62470204701924,3876800
2019-12-05,68.47809600830078,68.51881426779188,68.3966532756364,68.44551767249858,2850000
2019-12-06,68.38850402832031,68.49437895460117,68.3070612993595,68.33963963368022,4121700
2019-12-09,68.40479278564453,68.48623551781638,68.39665286200486,68.47809559417672,2795100
2019-12-10,68.35594940185547,68.45368443871497,68.33151719606161,68.445538298889,2700500
2019-12-11,68.58399200439453,68.61657035020289,68.44553869497209,68.46997090090733,2581800
2019-12-12,68.25820922851562,68.54326817781728,68.1767664774367,68.5351220386043,4645900
2019-12-13,68.56771850585938,68.60029685763891,68.2989517639422,68.43740509874127,3877700
2019-12-16,68.38037872314453,68.46996761639892,68.36409265786365,68.45368155111802,2876500
2019-12-17,68.38850402832031,68.49437895460117,68.36407183100026,68.47809289428177,3282700
2019-12-18,68.2989730834961,68.40484809956456,68.25010864741637,68.40484809956456,3786100
2019-12-19,68.3478012084961,68.40481175819689,68.27450459331673,68.31522286385508,3240600
2019-12-20,68.36409759521484,68.38038366167193,68.26636255541955,68.30708704208865,3646300
2019-12-23,68.32083129882812,68.40246212769624,68.26369345515518,68.39429779929786,4192500
2019-12-24,68.3861312866211,68.40245994289634,68.24736884607005,68.26369127478759,1682800
2019-12-26,68.45146179199219,68.45146179199219,68.33718606099202,68.41881069348354,2036400
2019-12-27,68.54940795898438,68.55756606209297,68.50859253320293,68.53307929764794,1940300
2019-12-30,68.5248794555664,68.5248794555664,68.34530786684184,68.36979461859717,2562000
2019-12-31,68.45146179199219,68.50043532597503,68.37799526345763,68.44329746047495,5931300
2020-01-02,68.54121398925781,68.65548965895844,68.50856290826378,68.54937831639555,5511000
2020-01-03,68.78610229492188,68.80243095264879,68.64733984203427,68.71264201782547,5368300
2020-01-06,68.7044448852539,68.81872052454717,68.65547139057257,68.81056242713714,3710400
2020-01-07,68.64734649658203,68.72897111045444,68.62285973517619,68.72897111045444,3029900
2020-01-08,68.54121398925781,68.72894992052731,68.48407615440749,68.67181208567699,3674400
2020-01-09,68.62283325195312,68.64732000390893,68.45141976070606,68.49223516567002,5886600
2020-01-10,68.73711395263672,68.76160070638791,68.64732503717777,68.69630477223704,4525700
2020-01-13,68.69632720947266,68.71264964145229,68.64734745841587,68.71264964145229,3735700
2020-01-14,68.79425048828125,68.8024148152298,68.71262590146621,68.7289483278065,3492300
2020-01-15,68.90035247802734,68.90035247802734,68.81872168211169,68.8921881529247,2594300
2020-01-16,68.85955810546875,68.9166959435228,68.81874269504846,68.86772243306427,4784100
2020-01-17,68.85139465332031,68.85955898101963,68.76977005899914,68.78609248684043,3090600
2020-01-21,69.02281951904297,69.04730627860992,68.90854382269157,68.96568167086727,2910600
2020-01-22,69.07991790771484,69.07991790771484,69.02278009217714,69.0472668377569,4192100
2020-01-23,69.20237731933594,69.24319272514728,69.15340381440758,69.20237731933594,3104800
2020-01-24,69.3084945678711,69.38195482492917,69.2187056575402,69.24319240989288,4548400
2020-01-27,69.53704071044922,69.54519880892103,69.46357423131025,69.5207120583934,3208600
2020-01-28,69.41461944580078,69.49624404541916,69.36564593154131,69.48807971718999,3993400
2020-01-29,69.61048126220703,69.65129665323967,69.49620564038082,69.52069238397867,4177500
2020-01-30,69.62682342529297,69.74925716704855,69.56968560328852,69.6757969219952,4795700
2020-01-31,69.80641174316406,69.85539147917737,69.69213607172807,69.7084647262515,6264000
2020-02-03,69.74345397949219,69.77617509069697,69.60438769664344,69.71073286828741,6030800
2020-02-04,69.53075408935547,69.56347519313054,69.46531188180533,69.55529335695867,4180900
2020-02-05,69.41624450683594,69.48168672490739,69.39170523528749,69.44078377838437,3537200
2020-02-06,69.48165893554688,69.49801636306584,69.40803490943425,69.45711967381297,3435700
2020-02-07,69.69435119628906,69.71889670404006,69.62073339577272,69.66981192945029,4169700
2020-02-10,69.80068969726562,69.84976822627219,69.75160492734743,69.81704712663061,2785500
2020-02-11,69.68617248535156,69.79251138386888,69.6779906498004,69.76797211812733,3799400
2020-02-12,69.60438537597656,69.63710648609039,69.57167050677636,69.61256721373341,4127500
2020-02-13,69.66981506347656,69.71889984027437,69.61255469130619,69.6452757955339,2852500
2020-02-14,69.74345397949219,69.80888996098791,69.73527214146253,69.79253252584243,3069000
2020-02-18,69.8497543334961,69.91519651976314,69.79249398074003,69.88247542662961,3645200
2020-02-19,69.84163665771484,69.8825396219335,69.79255809338534,69.82527921657704,3109600
2020-02-20,70.01335906982422,70.01335906982422,69.89883835529682,69.92338385776202,8404000
2020-02-21,70.18515014648438,70.29148903255955,70.12788978614986,70.15242904902018,6561500
2020-02-24,70.40603637695312,70.50419970646568,70.39785453926535,70.48783603109014,6314500
2020-02-25,70.46328735351562,70.5532688333297,70.40602697917146,70.42238441145005,7928900
2020-02-26,70.4223861694336,70.58599170086731,70.34876836097308,70.41421057354657,8015900
2020-02-27,70.50419616699219,70.65961362977613,70.44693578787953,70.56145654610485,9514600
2020-02-28,70.970458984375,71.06044046907982,70.6759752600525,70.7741323408846,16377200
2020-03-02,70.92374420166016,71.23521270373095,70.89915589957731,71.16144154409938,10154400
2020-03-03,71.34992980957031,71.735156789182,70.9319101042621,70.95649839515431,9323900
2020-03-04,71.33354949951172,71.63681974665026,71.3089612030862,71.52207019441008,7445600
2020-03-05,71.60401153564453,71.71876105305905,71.53843859615633,71.62040164382674,5385000
2020-03-06,72.0958023071289,72.34169772477546,71.84991314286259,72.30071307070762,10176200
2020-03-09,71.94009399414062,73.21054368651248,71.8991155787179,73.1613670866522,12445600
2020-03-10,70.97290802001953,71.87452062318476,70.97290802001953,71.66960980489847,14177600
2020-03-11,69.62869262695312,71.50567644791599,69.56312591854315,71.12864129768589,10511600
2020-03-12,65.84191131591797,69.5794806923656,62.69447953571577,68.42378753133399,16986900
2020-03-13,68.6205062866211,69.21884211653521,66.80089800305248,66.95663215898757,14137500
2020-03-16,69.34180450439453,69.38278916044833,65.16982415739652,66.65337615651188,8411000
2020-03-17,67.90741729736328,69.44015186825197,67.85824072134292,68.48117111557836,13629700
2020-03-18,66.26813507080078,67.75988507552134,65.82552710192152,66.75172769089063,10076800
2020-03-19,66.22718048095703,66.86650124804079,65.22721466438722,65.35835433932084,11007200
2020-03-20,67.35006713867188,67.66153549623255,66.13699894059597,66.14519086856747,8864500
2020-03-23,68.84182739257812,68.84182739257812,66.55502222128379,66.56322040384657,10973300
2020-03-24,68.91557312011719,69.04671272586606,67.81724843674903,67.98937268681996,9371200
2020-03-25,69.84178161621094,70.20242654935817,68.96476382700475,68.96476382700475,9655500
2020-03-26,70.16146087646484,70.23523202064673,69.70246265802365,69.71066084146202,10803800
2020-03-27,70.53849792480469,70.6040708873183,69.8418023948977,69.97294831992494,4975200
2020-03-30,70.61223602294922,70.95648453495724,70.50567844539033,70.50567844539033,6030800
2020-03-31,69.95653533935547,70.8335531812101,69.95653533935547,70.69421535899498,8523900
2020-04-01,70.31798553466797,70.8601599364475,70.27691570465386,70.74515438467594,5995000
2020-04-02,70.64654541015625,70.79441052333581,70.55618304836152,70.74512424138591,6356100
2020-04-03,70.61373901367188,70.75338776265464,70.50694989986174,70.68767475964394,4151200
2020-04-06,70.83551788330078,70.89302066007816,70.64657660684217,70.89302066007816,4373100
2020-04-07,70.90125274658203,70.9669720167042,70.69588472795114,70.8355397437944,6009600
2020-04-08,71.08197021484375,71.08197021484375,70.81088295427759,70.89303516705563,4572300
2020-04-09,71.8623275756836,71.8623275756836,71.26265063976413,71.26265063976413,5070700
2020-04-13,71.63235473632812,71.78843641935455,71.41877653225751,71.78843641935455,7018100
2020-04-14,71.63235473632812,71.78843641935455,71.55842526584227,71.78843641935455,5818300
2020-04-15,71.98558044433594,72.00201339206619,71.63234727613437,71.66520690426164,3922500
2020-04-16,72.02664947509766,72.12522834980145,71.87878429670826,71.98557337713792,3459600
2020-04-17,71.9280776977539,72.17452177516448,71.81307213291784,72.0512997364592,3528300
2020-04-20,71.81307983398438,71.91165872898662,71.74736057064955,71.9034422542363,3705200
2020-04-21,71.90343475341797,72.05129994682939,71.82950529037889,72.04308347293619,4513000
2020-04-22,71.84590911865234,71.89519541166848,71.73912006134032,71.83769264737258,3240100
2020-04-23,71.96090698242188,72.01840974059294,71.87876108036757,71.93626383853864,2587200
2020-04-24,71.93630981445312,71.97738592539812,71.85416385989772,71.9280933387972,2272600
2020-04-27,71.68162536621094,71.91985292149148,71.66519242180154,71.90341997708208,3117300
2020-04-28,71.89521789550781,71.91986731705576,71.79664527864888,71.8787912151424,3118800
2020-04-29,71.94449615478516,72.05128522424309,71.86235023463814,71.99378245340698,4867500
2020-04-30,71.88700103759766,72.05950936847256,71.87878456450856,72.03486621653795,5390100
2020-05-01,71.85735321044922,71.98081442490873,71.74211855707526,71.92319709822175,4857100
2020-05-04,71.93146514892578,71.95615740390433,71.83268984919094,71.8903072040811,7276600
2020-05-05,71.86559295654297,71.91498373120601,71.84090070912085,71.86559295654297,3625600
2020-05-06,71.5445785522461,71.84089807006399,71.49519405921596,71.80797298143771,5006600
2020-05-07,71.77503204345703,71.80795712481279,71.58572067543287,71.75857264268772,3425600
2020-05-08,71.56928253173828,71.75036740896032,71.528130874073,71.71744231493635,3078900
2020-05-11,71.34703826904297,71.58574046499751,71.30588033601605,71.55281537453976,4344300
2020-05-12,71.5774917602539,71.66803416899305,71.4293320259369,71.50341503300415,3942700
2020-05-13,71.65982055664062,71.76682867558252,71.61866890150998,71.72567074063268,2628900
2020-05-14,71.85735321044922,71.85735321044922,71.75857795906398,71.79973588376224,2844700
2020-05-15,71.89852905273438,72.03022943223836,71.84091170665631,72.03022943223836,2871300
2020-05-18,71.76683044433594,71.93144962855408,71.66805516591344,71.93144962855408,3573700
2020-05-19,71.85735321044922,71.86557977153477,71.74211855707526,71.83265468773969,3083000
2020-05-20,72.04668426513672,72.07960935792212,71.83267430194124,71.91499017381443,4388600
2020-05-21,72.12073516845703,72.17835248521165,72.07134441136984,72.10426948948913,5762200
2020-05-22,72.14546203613281,72.17015428662016,72.11253694220984,72.17015428662016,3710300
2020-05-26,72.10430145263672,72.15369223161838,72.04668411034089,72.15369223161838,5193900
2020-05-27,72.13725280761719,72.25248753416118,72.07963544434519,72.22779527559055,7606400
2020-05-28,72.16190338134766,72.16190338134766,72.02197647706282,72.06313440411977,7381900
2020-05-29,72.36767578125,72.3841414629361,72.12897363534206,72.20305664329439,6196500
2020-06-01,72.30915069580078,72.30915069580078,72.20194276976608,72.2349249839966,4345600
2020-06-02,72.36688232421875,72.36688232421875,72.26791680125025,72.30090530890642,5445500
2020-06-03,72.2019271850586,72.30913508795258,72.12770148927595,72.26789789119414,5036400
2020-06-04,72.02874755859375,72.27615819504803,71.9957653461861,72.25141838978537,6341700
2020-06-05,72.0205307006836,72.0205307006836,71.77311997646053,71.9133164506261,6465600
2020-06-08,72.0947265625,72.15245487368182,71.92979032824168,71.97926994013638,4491000
2020-06-09,72.1441650390625,72.25962158552551,72.1441650390625,72.2348755039321,5445200
2020-06-10,72.44933319091797,72.44933319091797,72.16069168257029,72.27614828590936,3951600
2020-06-11,72.31741333007812,72.52358681427434,72.30916462897396,72.52358681427434,5026500
2020-06-12,72.3916015625,72.49881575489711,72.31738216029834,72.43283875833161,4087300
2020-06-15,72.54005432128906,72.62252242975077,72.39985790771283,72.45758621282735,4486100
2020-06-16,72.44933319091797,72.64725789779737,72.39160488924843,72.64725789779737,9338500
2020-06-17,72.46578979492188,72.52351806409548,72.33383587000537,72.51526937081084,3900300
2020-06-18,72.54830932617188,72.57304913166963,72.4740836177647,72.52356952067413,2988600
2020-06-19,72.57305908203125,72.58955019065284,72.52357946425168,72.52357946425168,2606400
2020-06-22,72.54830932617188,72.70500315020952,72.53181192789744,72.67201464557455,3048400
2020-06-23,72.51535034179688,72.58956978850412,72.49885922872298,72.5813273779254,3037100
2020-06-24,72.52355194091797,72.5730315399196,72.44932625050316,72.49881214141716,3256700
2020-06-25,72.59779357910156,72.68851039966974,72.57305377202194,72.68026170000509,4318400
2020-06-26,72.72975158691406,72.74624269523167,72.61429495294679,72.7132541866818,2911700
2020-06-29,72.77922821044922,72.78747691022609,72.6802626888699,72.754488403033,3047300
2020-06-30,72.85343170166016,72.86992909760637,72.71323529568235,72.86168039963327,5405900
2020-07-01,72.87165069580078,72.87165069580078,72.7064113731613,72.82208015970416,3569200
2020-07-02,72.98727416992188,72.98727416992188,72.84682020252824,72.89639701132238,4007000
2020-07-06,72.96248626708984,72.9790139705783,72.85508140830277,72.91291576356842,4026800
2020-07-07,73.07817840576172,73.07817840576172,72.94598825283508,73.01208648103538,3300800
2020-07-08,73.036865234375,73.111221006871,72.9955522695616,73.10296345668706,2908100
2020-07-09,73.23515319824219,73.27646616283018,73.06165009322478,73.07817149697594,3189700
2020-07-10,73.15251159667969,73.32601464957477,73.13598389442025,73.32601464957477,2960500
2020-07-13,73.18553924560547,73.20206063955067,73.11117721417799,73.14422630553801,3115800
2020-07-14,73.27647399902344,73.31778066455537,73.23516103001745,73.25994629003142,3067300
2020-07-15,73.28472137451172,73.34255574100541,73.22688700801804,73.30124908120888,3349900
2020-07-16,73.33426666259766,73.41688625014334,73.33426666259766,73.38383715443096,2856100
2020-07-17,73.40863800048828,73.47473620595962,73.34253979501696,73.45821480632769,2430300
2020-07-20,73.48302459716797,73.53259511608964,73.43344777477239,73.53259511608964,2771000
2020-07-21,73.5242919921875,73.5656049382061,73.50777059586238,73.54081969198316,3044700
2020-07-22,73.62347412109375,73.64825937904573,73.57390360518981,73.63173797490226,5609100
2020-07-23,73.68956756591797,73.73087422533472,73.6565184563007,73.73087422533472,4394900
2020-07-24,73.67302703857422,73.72260384610918,73.60692883084228,73.66476949021175,2980400
2020-07-27,73.62347412109375,73.76392811847062,73.53259063962084,73.75566426466212,5146900
2020-07-28,73.65650939941406,73.73086515930521,73.59867504056349,73.70607990600816,5547800
2020-07-29,73.77218627929688,73.77218627929688,73.6647814019689,73.69782420770593,3136200
2020-07-30,73.81348419189453,73.83827574846929,73.78044139007281,73.79696279098367,2621100
2020-07-31,73.91265869140625,73.92092254663712,73.75567695939289,73.82177519429058,5110000
2020-08-03,73.8869857788086,73.93665086941313,73.80421904739681,73.92837230186291,6270000
2020-08-04,74.04423522949219,74.04423522949219,73.95318994498948,73.96974707746041,5325100
2020-08-05,73.94488525390625,73.98627175576587,73.8952265034296,73.96972094383818,4931500
2020-08-06,74.06079864501953,74.14356537030841,74.02769069196471,74.06079864501953,3933400
2020-08-07,73.97804260253906,74.1518546599904,73.95321321071712,74.11875301402638,3764400
2020-08-10,73.8952407836914,74.07733132355298,73.88696221878092,74.06078050842684,3708400
2020-08-11,73.63871002197266,73.74630617704466,73.56421551869288,73.74630617704466,8125700
2020-08-12,73.44829559326172,73.53934086640837,73.42346621234809,73.53934086640837,4530800
2020-08-13,73.20826721191406,73.47312446431319,73.13377906969009,73.47312446431319,3969800
2020-08-14,73.12552642822266,73.2827876482616,73.10897560675936,73.24967969063776,3454400
2020-08-17,73.21654510498047,73.29103956121563,73.1586077788842,73.19999428953652,3995400
2020-08-18,73.31586456298828,73.35724475647423,73.25792724035227,73.30758599841326,6371100
2020-08-19,73.19172668457031,73.41519745734958,73.16689730033883,73.41519745734958,4628100
2020-08-20,73.31586456298828,73.39863126465477,73.30758599841326,73.3820804501993,4623400
2020-08-21,73.47313690185547,73.47313690185547,73.31588202564195,73.39864874702214,3642100
2020-08-24,73.390380859375,73.48970472830129,73.36555147081768,73.45659677199252,2960400
2020-08-25,73.2496566772461,73.29931544073158,73.1172248883578,73.2662074935095,4830800
2020-08-26,73.20826721191406,73.25793228809171,73.12550050454465,73.22482434220494,4853800
2020-08-27,72.94342041015625,73.34898806935377,72.93514815852065,73.34898806935377,5125700
2020-08-28,73.00139617919922,73.07589068601126,72.93518655777646,73.03450414726021,4281200
2020-08-31,73.21654510498047,73.28276099614618,73.05101169176113,73.08411963734399,16000300
2020-09-01,73.41805267333984,73.43463217128838,73.11127819336652,73.16931592464381,7201700
2020-09-02,73.57556915283203,73.60044155889233,73.40145598477258,73.40974889533847,5054900
2020-09-03,73.58384704589844,73.69992246758193,73.55068173604086,73.63359184786678,7543900
2020-09-04,73.15271759033203,73.49265097867173,73.15271759033203,73.47607148499232,6588300
2020-09-08,73.26054382324219,73.36832641055707,73.22737849045905,73.31028865959668,4440300
2020-09-09,73.21076965332031,73.33513169437805,73.16101851125931,73.29367978923811,6048200
2020-09-10,73.22734069824219,73.2605060139089,73.10297234590132,73.15272348221997,5331800
2020-09-11,73.30197143554688,73.3434233399715,73.25222029434444,73.31855093218917,5301400
2020-09-14,73.30197143554688,73.40146106667618,73.29367852440684,73.36829574775382,4256400
2020-09-15,73.34342956542969,73.3683019753232,73.29368474564265,73.34342956542969,3746900
2020-09-16,73.32682800292969,73.45948292432462,73.24391156071688,73.44290343126391,4851800
2020-09-17,73.32682800292969,73.46777583367319,73.31024218423255,73.45948292432462,2815400
2020-09-18,73.24392700195312,73.39316777350803,73.23564041649401,73.39316777350803,2938800
2020-09-21,73.28536224365234,73.3765652601961,73.2770693351568,73.36827235170055,4981500
2020-09-22,73.31024932861328,73.35170755375995,73.25221160879016,73.29366983393683,4442200
2020-09-23,73.14444732666016,73.32685344179116,73.14444732666016,73.30198103075304,4659600
2020-09-24,73.15271759033203,73.23562771000245,73.11955227733654,73.22733480034441,4225900
2020-09-25,73.14444732666016,73.21077797318753,73.11957491562204,73.21077797318753,5602600
2020-09-28,73.21076965332031,73.21905623896556,73.15273192561406,73.18589091947086,4215100
2020-09-29,73.26054382324219,73.32687448880847,73.23567140506493,73.28541624141944,7929700
2020-09-30,73.14444732666016,73.21077797318753,73.0698237679072,73.19419214873638,6113600
2020-10-01,73.21914672851562,73.24406148500125,73.06134482222919,73.07795254775026,4485900
2020-10-02,73.16931915283203,73.2606774945485,73.06966011562044,73.2606774945485,5557100
2020-10-05,72.895263671875,73.0696797065761,72.895263671875,73.0696797065761,6298400
2020-10-06,72.99488830566406,73.11946840241282,72.87030820891532,72.96997355359571,5705900
2020-10-07,72.895263671875,73.00323610634811,72.85374117404037,72.93679250612011,3494600
2020-10-08,73.01986694335938,73.04478171722586,72.96173035886675,72.99495216949289,5661600
2020-10-09,73.03644561767578,73.03644561767578,72.88695071052138,72.94508726683645,4105000
2020-10-12,73.14442443847656,73.16933920460725,73.05306607172368,73.07798083785437,3383500
2020-10-13,73.20255279541016,73.25238232208326,73.16102396557602,73.18594506532239,4121100
2020-10-14,73.24411010742188,73.27733191692606,73.1859735248926,73.22749603446364,6966400
2020-10-15,73.20255279541016,73.28560411866862,73.16933099882482,73.24408162524429,3877900
2020-10-16,73.14442443847656,73.26069757136014,73.11950967234587,73.21917507327916,3424500
2020-10-19,73.07795715332031,73.11117894286424,73.01982060572055,73.09457121629652,5206600
2020-10-20,72.95341491699219,73.02816556639193,72.92850014599618,73.02816556639193,4652700
2020-10-21,72.87034606933594,72.95339739818283,72.85373833813065,72.92018193577225,4115700
2020-10-22,72.74575805664062,72.87033820467055,72.72915032722776,72.86203750816888,5036700
2020-10-23,72.8371353149414,72.87866415386706,72.72916920471037,72.73747623977775,3237300
2020-10-26,72.94511413574219,73.0115577492648,72.92019936477415,72.92850006415566,4177000
2020-10-27,73.11954498291016,73.13615272288058,73.00327179387645,73.0614083883933,3293100
2020-10-28,73.01986694335938,73.1610548862111,72.99495216949289,73.1610548862111,4766400
2020-10-29,72.86207580566406,73.03648557001473,72.78732514299213,73.0198714954597,4200700
2020-10-30,72.73745727539062,72.88695218557044,72.67101368499748,72.82050859517729,9731400
2020-11-02,72.83816528320312,72.90471731837296,72.81320112923812,72.8464803205014,4021200
2020-11-03,72.82150268554688,72.82982406793607,72.7299865213307,72.81318130315768,3985400
2020-11-04,73.3207015991211,73.37062356235725,73.21254898226401,73.27078598324199,5667400
2020-11-05,73.39557647705078,73.45381347414612,73.30406028913572,73.44549208960203,4128700
2020-11-06,73.2291488647461,73.27074942212526,73.14595409734163,73.22083383115337,3844500
2020-11-09,72.88804626464844,73.01284158575174,72.74661452949641,72.99619882434932,5712700
2020-11-10,72.74663543701172,72.8381516089658,72.7050348689033,72.73831405391893,5169600
2020-11-11,72.79653930664062,72.80486068839207,72.69670176768676,72.74662371084094,3365700
2020-11-12,73.0378189086914,73.0378189086914,72.87974436987243,72.92134493714755,4178500
2020-11-13,73.062744140625,73.11265972121974,73.03778635032764,73.07106551984165,3199500
2020-11-16,73.10432434082031,73.1126393703699,73.03776602031874,73.06272380366913,4059400
2020-11-17,73.2291488647461,73.25411300758593,73.14595409734163,73.17923327377419,5537500
2020-11-18,73.31232452392578,73.32063955463136,73.25408757222836,73.31232452392578,6089500
2020-11-19,73.46210479736328,73.49537762721083,73.3539458846196,73.3872250618212,6207000
2020-11-20,73.52864074707031,73.55360488503531,73.42048820529926,73.47872516584562,6611300
2020-11-23,73.47042846679688,73.52035041214405,73.43714928568367,73.51202903002705,3506600
2020-11-24,73.39557647705078,73.47877128042175,73.3789337079626,73.4621348586902,4678800
2020-11-25,73.36229705810547,73.47044966741576,73.35397567358726,73.43717047669954,5282000
2020-11-27,73.52032470703125,73.52863973888626,73.44544498886827,73.45376636807583,2226300
2020-11-30,73.62015533447266,73.6284767136199,73.50368141582123,73.52032417411573,4729900
2020-12-01,73.397705078125,73.55602913453406,73.33103897141073,73.54770063941717,7331400
2020-12-02,73.27268981933594,73.48935143441906,73.18102553440185,73.34768440284837,4631300
2020-12-03,73.41436004638672,73.48936099728704,73.33103060132014,73.43935824414378,3685300
2020-12-04,73.2226791381836,73.34767008630769,73.17267640130689,73.33100674576683,4880200
2020-12-07,73.32269287109375,73.38935896758156,73.29769467431804,73.31436437725444,4734800
2020-12-08,73.34770202636719,73.46437089146617,73.33937353128356,73.45603603875271,3737300
2020-12-09,73.2226791381836,73.26434066834926,73.17267640130689,73.23934247872445,5163900
2020-12-10,73.3727035522461,73.41436509883201,73.26436954433767,73.29770259618414,4731400
2020-12-11,73.48933410644531,73.52266714380072,73.43100288048005,73.46433591783546,5317100
2020-12-14,73.4643783569336,73.48937655998448,73.33938098404872,73.42271044676181,5176800
2020-12-15,73.49771118164062,73.50604603589575,73.41438171198236,73.4227165662375,6539900
2020-12-16,73.42266845703125,73.48933453212821,73.32266934438579,73.40599875944358,4186700
2020-12-17,73.4393310546875,73.58099805224333,73.36433648918157,73.5226668265298,4963600
2020-12-18,73.41436004638672,73.53102254100577,73.38102699683427,73.48936099728704,3472700
2020-12-21,73.42266845703125,73.51433272088286,73.38100057068893,73.48933453212821,5364200
2020-12-22,73.53934478759766,73.5476796379644,73.40601261224197,73.45601535681436,4697300
2020-12-23,73.45655059814453,73.46491302041859,73.32277735639656,73.45655059814453,5643700
2020-12-24,73.58199310302734,73.59871157611542,73.51510645335105,73.56526825127727,1980900
2020-12-28,73.55690002441406,73.59869938954405,73.46493249100277,73.5234567051135,4706500
2020-12-29,73.58199310302734,73.61543642786549,73.49838798026298,73.53182492643913,4884800
2020-12-30,73.63216400146484,73.64052642837342,73.55692129527594,73.59872067249329,3609800
2020-12-31,73.73248291015625,73.7492013827987,73.64887141095852,73.6655962622628,6134900
2021-01-04,73.63216400146484,73.65724490352781,73.55692129527594,73.60708309940188,7568400
2021-01-05,73.50675201416016,73.60708199957568,73.4231468823119,73.59035714600843,6452700
2021-01-06,73.1806411743164,73.24752778888684,73.02178705937628,73.24752778888684,5933700
2021-01-07,73.03016662597656,73.08869083280061,73.01344815773832,73.03852904942575,6196100
2021-01-08,72.96326446533203,73.06359438938648,72.87965938461605,73.06359438938648,7688800
2021-01-11,72.88804626464844,72.94657047865392,72.82115962616761,72.94657047865392,5404300
2021-01-12,72.87135314941406,72.87135314941406,72.68741801892337,72.81282253638234,6078800
2021-01-13,73.06362915039062,73.1639591221784,72.92149980768762,72.96329917860284,7357100
2021-01-14,72.9716567993164,73.15559187948493,72.91313258095927,73.0719867644978,7191900
2021-01-15,73.03016662597656,73.09705325624981,72.9716424191525,73.02180420252736,4083600
2021-01-19,73.13050842285156,73.13887084765597,72.98837909448267,73.04690331079111,7636500
2021-01-20,73.12211608886719,73.15555939574426,73.07195431788085,73.0886727819901,5889500
2021-01-21,73.02182006835938,73.07198824129469,72.96329584881947,73.01346402175477,7890800
2021-01-22,73.05528259277344,73.08872592396678,72.99675835785088,73.08036987516586,4439800
2021-01-25,73.22247314453125,73.2308291903532,73.1137807622365,73.14722408150712,5126900
2021-01-26,73.21410369873047,73.25590943847476,73.15557949028465,73.18902280634802,4608700
2021-01-27,73.21410369873047,73.32278969194118,73.20574127504955,73.26426548349536,4248500
2021-01-28,73.15560913085938,73.21413336301754,73.08036642322583,73.20577093594841,4359300
2021-01-29,73.09707641601562,73.138882167847,72.98002796528239,72.98002796528239,6088400
2021-02-01,73.12135314941406,73.16322546754175,73.04599064336672,73.05435999593726,5774700
2021-02-02,73.02924346923828,73.0543643060695,72.99574689052362,73.02924346923828,4554500
2021-02-03,72.90364074707031,72.99575475125037,72.90364074707031,72.97900965449936,4271700
2021-02-04,72.92037200927734,72.94549284184687,72.80313719807417,72.89525117670782,4652200
2021-02-05,72.81986236572266,72.96221797054503,72.81148662755184,72.92035205732356,4401300
2021-02-08,72.90364074707031,72.95388881496295,72.80315738892465,72.82827822846106,5571500
2021-02-09,72.87012481689453,72.97061453717883,72.8617554651511,72.90362139032264,4474000
2021-02-10,72.98735046386719,72.98735046386719,72.9119815925114,72.95385389757759,3735500
2021-02-11,72.91199493408203,73.01248465133862,72.87012262135397,72.98736381922896,4578200
2021-02-12,72.71940612792969,72.82827160778383,72.69428529067696,72.79477502850712,4825400
2021-02-16,72.37609100341797,72.51007095694185,72.35934590503516,72.49332585855902,6702200
2021-02-17,72.52678680419922,72.53516254368498,72.42629709682203,72.50166597455924,5217000
2021-02-18,72.48491668701172,72.51841325715014,72.36768188593597,72.41792993555235,4607000
2021-02-19,72.23371124267578,72.392811985182,72.18346318662586,72.37606689237755,4011100
2021-02-22,72.03270721435547,72.25880741737578,72.01596212726544,72.17506920429335,4809400
2021-02-23,72.01598358154297,72.05785589496644,71.86525219756376,71.90712451098723,6475900
2021-02-24,71.97412109375,72.00761767129798,71.69778550941221,71.74802718132473,5164600
2021-02-25,71.34608459472656,71.73129209586823,71.11161490799323,71.68104402812551,9956100
2021-02-26,71.96574401855469,71.96574401855469,71.429811612934,71.65590550109782,8580200
2021-03-01,71.87267303466797,71.91460831025374,71.73010333515587,71.79719721672323,7152000
2021-03-02,71.86427307128906,71.88104333826176,71.78879087385415,71.83072613892055,5338800
2021-03-03,71.63783264160156,71.7216967730352,71.5623568428382,71.67976790652993,6022500
2021-03-04,71.41139221191406,71.68814957851181,71.3275280882724,71.66298458283906,9701800
2021-03-05,71.36947631835938,71.3946349224369,71.21851829547002,71.28561217195957,6871000
2021-03-08,71.0423812866211,71.28559172030104,71.0423812866211,71.2520447916808,5806700
2021-03-09,71.27720642089844,71.3443002809933,71.22688922503862,71.22688922503862,7671800
2021-03-10,71.41139221191406,71.46170940641457,71.31913975638147,71.34429835363173,5286700
2021-03-11,71.41979217529297,71.47849771124523,71.31915137147902,71.40301550877888,5510000
2021-03-12,70.99205780029297,71.0759219151988,70.93335228001669,71.06753358418167,5717100
2021-03-15,71.07594299316406,71.11787826226403,71.00046718689258,71.00046718689258,5012200
2021-03-16,71.06754302978516,71.15979548796942,71.00045556799697,71.11786662415464,6159100
2021-03-17,71.0423812866211,71.11786347562224,70.81594751646246,70.95012883252103,7370600
2021-03-18,70.74886322021484,70.84111568678189,70.63145215338828,70.69854601969583,4905200
2021-03-19,70.80758666992188,71.1765966295599,70.69856390840377,71.11789108129247,4969200
2021-03-22,71.00884246826172,71.04238940071352,70.90820806932945,70.97529553580992,4748300
2021-03-23,71.168212890625,71.18498316331664,71.01725484269913,71.17660122618346,5148600
2021-03-24,71.27720642089844,71.28559475301596,71.06754290691897,71.08431957115403,5148200
2021-03-25,71.2269058227539,71.33592857199619,71.14304167730414,71.31076996820367,3876300
2021-03-26,71.10110473632812,71.21851581688651,71.05917586379957,71.08433446700151,3376200
2021-03-29,71.00884246826172,71.1430301980689,70.93336666906252,71.11787159833584,3775500
2021-03-30,71.08432006835938,71.09270200211286,70.87465655291341,70.92497374912517,4769200
2021-03-31,71.05078887939453,71.15981162814828,70.97530666993107,71.08433581710894,6949300
2021-04-01,71.2794189453125,71.313035668127,71.17014215081436,71.26260417094782,4780200
2021-04-05,71.17012023925781,71.203743364678,71.06925727595271,71.12809614219917,8200600
2021-04-06,71.42230224609375,71.43911060509667,71.24578561825881,71.26259397726173,5400600
2021-04-07,71.3382339477539,71.46431264849448,71.32141917901832,71.36344968790202,5480200
2021-04-08,71.4979476928711,71.50635507864054,71.40548568827624,71.42230045981513,3872300
2021-04-09,71.40546417236328,71.50633353233358,71.32140957886524,71.42227893883555,9748500
2021-04-12,71.3886947631836,71.3886947631836,71.32144848651885,71.3886947631836,3995700
2021-04-13,71.5735855102539,71.5735855102539,71.35503841927488,71.35503841927488,4097500
2021-04-14,71.52314758300781,71.55677070567614,71.45590775062605,71.49793184424529,4592300
2021-04-15,71.82575225830078,71.91821424624162,71.67445140648442,71.72488929906001,5395000
2021-04-16,71.6324462890625,71.70809352853469,71.49795375716943,71.6324462890625,6199700
2021-04-19,71.59041595458984,71.60723072759838,71.49795394191366,71.53998446147807,6165300
2021-04-20,71.70811462402344,71.75014515584402,71.56522107656751,71.57362846552338,6383700
2021-04-21,71.78375244140625,71.78375244140625,71.64925989965732,71.68288303509455,4508300
2021-04-22,71.81735229492188,71.83416065071283,71.69126718114617,71.79213655475779,4007800
2021-04-23,71.82575225830078,71.86778276662123,71.74169765461507,71.85097441106616,6435700
2021-04-26,71.77533721923828,71.85939184217719,71.75852885983316,71.83417609659118,3797400
2021-04-27,71.59041595458984,71.75853161989058,71.57360759453822,71.75853161989058,4450300
2021-04-28,71.62401580810547,71.64083057564879,71.4727149649897,71.61560842433381,5479200
2021-04-29,71.56519317626953,71.56519317626953,71.40548491316548,71.49794691675663,6247600
2021-04-30,71.6660385131836,71.6660385131836,71.53995342215231,71.63241539471164,6867600
2021-05-03,71.6837158203125,71.81840883189187,71.65004096171202,71.65846128206778,4601200
2021-05-04,71.77633666992188,71.8857751685579,71.73424148123354,71.75949602531693,5520300
2021-05-05,71.81843566894531,71.84369021662714,71.70057683121352,71.7342517023976,5950300
2021-05-06,71.85211181640625,71.8942070118403,71.7595075247114,71.76792784836321,4143600
2021-05-07,71.86054992675781,72.06259278463513,71.81004081799514,71.96157456710979,4886300
2021-05-10,71.69213104248047,71.88575343713612,71.67529040296654,71.86891922044427,6211800
2021-05-11,71.54904174804688,71.59113694192467,71.50695297699389,71.57429629524363,6630800
2021-05-12,71.2965087890625,71.43120188416026,71.27125423515834,71.43120188416026,7011700
2021-05-13,71.4395980834961,71.47327295160464,71.28806438841978,71.28806438841978,6991000
2021-05-14,71.60797882080078,71.60797882080078,71.4901199727334,71.54063549535192,6262100
2021-05-17,71.54063415527344,71.59114325412034,71.51537318302461,71.59114325412034,4753000
2021-05-18,71.46485137939453,71.49852624691432,71.43117651187475,71.48169202456656,4631000
2021-05-19,71.38911437988281,71.55748235747564,71.30492396825977,71.48171869440685,6511300
2021-05-20,71.62483978271484,71.63325368651626,71.46488569090522,71.46488569090522,5283900
2021-05-21,71.64166259765625,71.68375780126516,71.58273316629955,71.65850324823033,5050800
2021-05-24,71.72583770751953,71.75951258167485,71.6753286076993,71.6837489319445,6954500
2021-05-25,71.9110336303711,71.9110336303711,71.75949993479115,71.76792025755236,5235500
2021-05-26,71.88578033447266,71.94470974917674,71.82685091976857,71.86894611148197,4834400
2021-05-27,71.78477478027344,71.84370421061783,71.72584534992905,71.82686998315924,5215200
2021-05-28,71.77633666992188,71.8857751685579,71.7679163476194,71.78475056940032,5258500
2021-06-01,71.77130126953125,71.78816199612417,71.65325688457132,71.7291398036442,5398000
2021-06-02,71.84712982177734,71.86399696854338,71.74594623997608,71.76281338674211,5479900
2021-06-03,71.71224975585938,71.77969906758935,71.69538260322646,71.77969906758935,4829000
2021-06-04,71.99895477294922,71.99895477294922,71.78816031432531,71.80502747345957,19321400
2021-06-07,71.94837188720703,71.97366619498506,71.91464399919072,71.94837188720703,10706500
2021-06-08,72.08328247070312,72.10014963245835,72.04112743218977,72.08328247070312,5099600
2021-06-09,72.22657012939453,72.2940194239211,72.1759751173343,72.25186441895852,4810300
2021-06-10,72.37837219238281,72.39523934917901,72.10012843460035,72.12542273685918,7400300
2021-06-11,72.36149597167969,72.38679026852151,72.2940402248121,72.36149597167969,4194500
2021-06-14,72.1760025024414,72.3109140085473,72.1591417806455,72.3109140085473,4438400
2021-06-15,72.1760025024414,72.20129680160258,72.10854674938845,72.14227462591492,6173600
2021-06-16,71.97364807128906,72.28562613217811,71.88933158894845,72.24346467454018,7302400
2021-06-17,72.21819305419922,72.40369323336847,72.07485434590926,72.09171507449861,6467500
2021-06-18,72.4458236694336,72.5048458488589,72.20130137383302,72.27719070905702,5842800
2021-06-21,72.19288635253906,72.30249715189775,72.17601919390778,72.277202846887,7907000
2021-06-22,72.29405975341797,72.30249333228808,72.1001324699562,72.10855961589047,4082900
2021-06-23,72.24346923828125,72.31092500158914,72.2013077779799,72.25190281692865,5739900
2021-06-24,72.27721405029297,72.32780266815602,72.25191974136143,72.28564763091586,4852100
2021-06-25,72.14230346679688,72.30250933611069,72.04955337750333,72.29407575537384,6018500
2021-06-28,72.33621978759766,72.37837481524481,72.23503614196021,72.25190329936763,5664100
2021-06-29,72.36994171142578,72.36994171142578,72.22660304994191,72.22660304994191,10672700
2021-06-30,72.42053985595703,72.49642920217066,72.4036791306518,72.42897343507767,4846600
2021-07-01,72.41380310058594,72.43913634486887,72.31246368061485,72.3969164186771,5768000
2021-07-02,72.54045867919922,72.54045867919922,72.40533948439608,72.42223260516538,4315700
2021-07-06,72.80223083496094,72.8528973023854,72.62489175613868,72.62489175613868,5711600
2021-07-07,72.95425415039062,72.99648051191403,72.81914139062445,72.87825443105432,5933900
2021-07-08,73.02181243896484,73.10625871765536,72.94580627815672,72.9964791996415,6991200
2021-07-09,72.79378509521484,72.85289812215409,72.79378509521484,72.85289812215409,10304900
2021-07-12,72.76848602294922,72.86982544934968,72.72626609407884,72.84449220345951,9073900
2021-07-13,72.54045867919922,72.81913718635234,72.51512544088308,72.76002414933542,8583600
2021-07-14,72.78536224365234,72.80224892271045,72.67557627984077,72.69246940173713,5036200
2021-07-15,72.96268463134766,72.97113119035848,72.77689899013022,72.9120117201195,3423000
2021-07-16,72.8951187133789,72.93734506192853,72.78533922712059,72.79377934256154,5725100
2021-07-19,73.30895233154297,73.37651195122002,73.19917278169773,73.22450602836663,6493300
2021-07-20,73.23290252685547,73.53691416472881,73.1906761827148,73.51158093537862,6762200
2021-07-21,72.99649047851562,73.08093677025416,72.92893086798917,73.03871040296535,6293000
2021-07-22,73.15692138671875,73.21603442300767,73.00491551585615,73.00491551585615,4894900
2021-07-23,73.07244873046875,73.09778195932662,72.96266925780616,72.97111581503725,8887500
2021-07-26,73.03023529052734,73.1569014460221,73.0048956165924,73.1569014460221,5427900
2021-07-27,73.21601867675781,73.23291179368594,73.13157242062626,73.19913200266605,4344100
2021-07-28,73.28359985351562,73.28359985351562,73.04714768953657,73.12314740959916,6636700
2021-07-29,73.15692138671875,73.20759430556478,73.1147014709911,73.13158814871461,5201000
2021-07-30,73.26670837402344,73.28359505198485,73.19070221610251,73.21603545446354,7557200
2021-08-02,73.44093322753906,73.53397189285587,73.27176908471202,73.31406173365684,4660800
2021-08-03,73.45783996582031,73.5339654366468,73.4240071402254,73.44938014618367,5297700
2021-08-04,73.45783996582031,73.62700409379491,73.28022247116074,73.5931712682,3916900
2021-08-05,73.28868103027344,73.40709269134321,73.26330802475157,73.39017305236092,4613800
2021-08-06,72.94190216064453,73.07723346579326,72.92498897397684,73.0095678132189,4329800
2021-08-09,72.80663299560547,73.05191633408202,72.80663299560547,73.00962365563696,4541300
2021-08-10,72.69664001464844,72.84043118115373,72.69664001464844,72.84043118115373,4312300
2021-08-11,72.74736785888672,72.85731969913971,72.62049637985544,72.7135350342816,6494000
2021-08-12,72.75582885742188,72.78120831825163,72.6543368259115,72.72200248221985,4946500
2021-08-13,73.04340362548828,73.04340362548828,72.83195329226325,72.84886647962234,4329600
2021-08-16,73.11111450195312,73.24643944338406,73.08574147874458,73.13648752516167,3918900
2021-08-17,73.03494262695312,73.13644110832627,73.01802943986692,73.0518622669913,7168400
2021-08-18,73.0180435180664,73.10262237570855,72.94191802912124,73.0180435180664,4561900
2021-08-19,73.17874908447266,73.17874908447266,73.08571684837915,73.15337606981498,5345600
2021-08-20,73.16181182861328,73.22101766099236,73.13643882230107,73.19564465468015,3581200
2021-08-23,73.17874908447266,73.18720890700985,73.10263004049963,73.14492270023167,4005500
2021-08-24,73.03494262695312,73.14490092834535,73.03494262695312,73.11952146828808,5164800
2021-08-25,72.91654968261719,73.077254039487,72.85734383318415,73.06879421729553,3904900
2021-08-26,72.92501831054688,72.95039132723147,72.8319796140671,72.94193150401847,4810900
2021-08-27,73.136474609375,73.136474609375,72.88273151618806,72.94193737753768,4780900
2021-08-30,73.2210464477539,73.2210464477539,73.06880189707414,73.0857215432354,4119000
2021-08-31,73.12799072265625,73.25486222750256,73.06878488078836,73.21256957490286,4974900
2021-09-01,73.14067840576172,73.19998328651123,73.06444035287144,73.19998328651123,4792400
2021-09-02,73.24234771728516,73.24234771728516,73.14069050024536,73.19999539080148,4885100
2021-09-03,73.0898666381836,73.1068127395634,73.03056820944227,73.07292699984778,4059700
2021-09-07,72.87811279296875,72.9374112438261,72.8188143421114,72.92047159917247,4839700
2021-09-08,72.99666595458984,73.06443741868812,72.92889449049159,72.96278022254072,4864600
2021-09-09,73.25926971435547,73.2846823944931,73.01360303462211,73.07290144262383,5504600
2021-09-10,73.08138275146484,73.17456690610506,72.94584627574285,73.14068117141379,3711400
2021-09-13,73.19151306152344,73.20845269736064,73.13221464152868,73.14068122792575,4047300
2021-09-14,73.36944580078125,73.4287442510674,73.22543620195006,73.25084890020894,4758300
2021-09-15,73.30166625976562,73.36096470355017,73.21695512050852,73.35249165071076,6204400
2021-09-16,73.16610717773438,73.24234524065338,73.10680875222725,73.14916107727882,4604000
2021-09-17,73.07292175292969,73.08986139004915,73.00515027836471,73.06444870284818,6217800
2021-09-20,73.2762222290039,73.30163491360918,73.17456502753991,73.18303807675596,6195100
2021-09-21,73.25926971435547,73.29314897917781,73.22538398649138,73.2846823944931,6962300
2021-09-22,73.33552551269531,73.36093819898653,73.19151598168285,73.25928745382164,6006200
2021-09-23,72.94585418701172,73.16610825487082,72.91196844864541,73.1491621541658,5222300
2021-09-24,72.79334259033203,72.87805367097157,72.75098381849168,72.86111404006013,4170600
2021-09-27,72.70866394042969,72.7849020080979,72.65783209894016,72.68325125120695,4858500
2021-09-28,72.39521789550781,72.539227427622,72.33591947269353,72.48840205465072,6253700
2021-09-29,72.40369415283203,72.57311637893724,72.32744962695413,72.496878316103,5123500
2021-09-30,72.38673400878906,72.42909278861924,72.32743559485223,72.37826742325693,5877700
2021-10-01,72.6328125,72.66674987853769,72.48009753302692,72.50554894870692,6029900
2021-10-04,72.58189392089844,72.64128270223082,72.48856776839156,72.54795654972396,7280000
2021-10-05,72.40372467041016,72.55643961177172,72.37827325899856,72.53947416179466,4395400
2021-10-06,72.43765258789062,72.46311046887119,72.37826381138498,72.4206871401281,7177800
2021-10-07,72.23404693603516,72.32737309657179,72.21708148543406,72.3104076459707,5363500
2021-10-08,72.05585479736328,72.18311828646343,72.01343147669992,72.18311828646343,4547100
2021-10-11,71.945556640625,72.01342488542859,71.92858472475709,71.97100804153752,3286600
2021-10-12,72.20857238769531,72.23402379188832,72.02192012642637,72.02192012642637,5529600
2021-10-13,72.40372467041016,72.42069659327923,72.28494710189472,72.28494710189472,5018100
2021-10-14,72.53096771240234,72.53945367143983,72.39522473225342,72.44612754069799,4336400
2021-10-15,72.35282135009766,72.40372417257083,72.31888397748487,72.40372417257083,5801200
2021-10-18,72.31037902832031,72.36128183287047,72.16614362727869,72.25099026538189,5863600
2021-10-19,72.10676574707031,72.23402925054269,72.09828626029199,72.23402925054269,3865900
2021-10-20,72.02194213867188,72.16617112177342,72.02194213867188,72.08133092423675,5332400
2021-10-21,71.92013549804688,72.02194762658402,71.89468408413575,72.00498217494082,6073300
2021-10-22,72.07284545898438,72.09830334402365,71.93710243656928,72.00497718422292,6076100
2021-10-25,72.10676574707031,72.16615451897201,72.03889748839029,72.04737697516863,4652500
2021-10-26,72.25102233886719,72.25102233886719,72.06437000880544,72.1746616252544,5752800
2021-10-27,72.5140151977539,72.6158208327968,72.2849395731247,72.37826572050825,7618400
2021-10-28,72.42070007324219,72.54796360930743,72.36979724797301,72.47160289851135,6225800
2021-10-29,72.43765258789062,72.48856187696057,72.22554888995747,72.25100677093803,8975200
2021-11-01,72.38155364990234,72.39005294736167,72.21160659910232,72.2455908228108,5201400
2021-11-02,72.5175552368164,72.56004526755768,72.40709023318497,72.41558953594692,4199400
2021-11-03,72.39006042480469,72.57700608983367,72.28808829395294,72.56000749315918,5058700
2021-11-04,72.72148132324219,72.72148132324219,72.43256344958326,72.44106275020857,5564100
2021-11-05,72.94239807128906,72.99338738274423,72.71296886047061,72.76395168886012,4595900
2021-11-08,72.78093719482422,72.8489186091585,72.73844719009918,72.84041931160058,6517200
2021-11-09,72.98490142822266,73.10386570492673,72.96790931000787,73.01039284707826,6027800
2021-11-10,72.49202728271484,72.88291073290733,72.39855444864,72.86591861901427,6206400
2021-11-11,72.37306213378906,72.52601708918013,72.35607002010788,72.5005256771258,3847100
2021-11-12,72.38155364990234,72.53450858884813,72.3220715338159,72.47502647276167,4890900
2021-11-15,72.08418273925781,72.33061063667856,72.0756834371211,72.31361203240513,6239500
2021-11-16,72.0331802368164,72.18613523196645,72.00768881813586,72.0841695572443,5580700
2021-11-17,72.18611145019531,72.20311004576001,71.98217368487165,71.99917228043635,6589200
2021-11-18,72.27110290527344,72.29659431959212,72.14363935061436,72.16063146580491,5320700
2021-11-19,72.4240493774414,72.50902290955645,72.39005866798242,72.44104149063844,5498200
2021-11-22,72.06715393066406,72.2795910135707,72.01617110534735,72.23710748682853,7497100
2021-11-23,71.77824401855469,71.9821818068894,71.77824401855469,71.9651896924721,5779500
2021-11-24,71.94822692871094,71.96522553465978,71.74428903880522,71.7867790706087,4757400
2021-11-26,72.45805358886719,72.50054360817656,72.26261505940418,72.30509859564684,4402500
2021-11-29,72.44955444335938,72.47504585949176,72.20312661563598,72.22011873203553,6133000
2021-11-30,72.58551025390625,72.82343878002888,72.43255527524654,72.64499238543691,11234800
2021-12-01,72.63231658935547,72.64934209571675,72.39401144692258,72.47912599207272,7737300
2021-12-02,72.64083099365234,72.72593904740884,72.50465940630758,72.70040728061473,8831600
2021-12-03,72.92169189453125,73.04935721916816,72.55572142701376,72.5642341802104,7440900
2021-12-06,72.7259292602539,72.94721536490368,72.69189123799462,72.93019635377404,6865000
2021-12-07,72.56422424316406,72.72592757178734,72.55571149113318,72.61528776869487,5351200
2021-12-08,72.34292602539062,72.51314207753167,72.30036876569228,72.49612306964804,9064200
2021-12-09,72.37699127197266,72.49614384127626,72.31741498732084,72.41103579082055,8096700
2021-12-10,72.40251159667969,72.57272767069345,72.3854925866091,72.47911337531478,6869100
2021-12-13,72.64935302734375,72.70892932191649,72.53871319265986,72.55573220825387,4955300
2021-12-14,72.53018951416016,72.59827855293932,72.41103694296069,72.5557212803703,5165800
2021-12-15,72.43656158447266,72.5216696279115,72.31740902499278,72.37698530473271,6036000
2021-12-16,72.53018951416016,72.61529756597004,72.47061322856042,72.47061322856042,6067700
2021-12-17,72.65786743164062,72.75148825285635,72.61531015169557,72.63232916767603,4884200
2021-12-20,72.53868865966797,72.70890473135657,72.51315040492045,72.66634746677096,7129100
2021-12-21,72.46208953857422,72.50464680472,72.30037971921284,72.50464680472,6237800
2021-12-22,72.53868865966797,72.53868865966797,72.41952961749365,72.53017590808547,5110000
2021-12-23,72.42858123779297,72.51396079043002,72.35173508059,72.51396079043002,4631200
2021-12-27,72.46273040771484,72.51395683369343,72.4114974676943,72.43711068068359,5311700
2021-12-28,72.45417785644531,72.59078380656632,72.41148483288453,72.58225041308683,5674800
2021-12-29,72.215087890625,72.33462049891567,72.16385497704428,72.29192748993817,7757900
2021-12-30,72.37736511230469,72.39444493522609,72.19806605589297,72.30906536275057,6352100
2021-12-31,72.36026763916016,72.49688012073514,72.34319433598411,72.38588085094506,7162600
2022-01-03,71.87359619140625,72.09558821422146,71.86505628290216,72.09558821422146,7244300
2022-01-04,71.86505126953125,71.87359117743958,71.71990540529517,71.80528494225514,7384500
2022-01-05,71.61746978759766,71.89922821558149,71.60039648016377,71.89922821558149,7076500
2022-01-06,71.54059600830078,71.56620921425579,71.44667657710562,71.5064428956807,6011000
2022-01-07,71.3442153930664,71.48082784001156,71.24176257189754,71.47228793356749,6345100
2022-01-10,71.28443145751953,71.31004465648124,71.13074574971088,71.19051205196767,5912300
2022-01-11,71.42959594726562,71.4466692448034,71.21614390082608,71.26737030747893,6755600
2022-01-12,71.40399932861328,71.54061180926676,71.39546593410364,71.48938538604251,6672700
2022-01-13,71.52350616455078,71.54058597548564,71.35274713943775,71.42105335509866,5746300
2022-01-14,71.13074493408203,71.37835004460334,71.1222115438849,71.3698101403679,6843000
2022-01-18,70.68680572509766,70.93441096907993,70.68680572509766,70.89171793892919,7453100
2022-01-19,70.85755920410156,70.96855846808312,70.81487269137439,70.84048590181895,8644100
2022-01-20,70.93441772460938,70.98564415443542,70.8917246903927,70.9600309395224,4951300
2022-01-21,71.19908905029297,71.27593520125254,71.10516959581004,71.16493592920446,5204500
2022-01-24,71.08807373046875,71.29298587792327,71.07953382439656,71.25029286160205,10332200
2022-01-25,70.99417114257812,71.20762324672657,70.98563123448064,71.12224370787544,5872700
2022-01-26,70.60142517089844,71.08809574307652,70.60142517089844,71.05394262225188,7382500
2022-01-27,70.83194732666016,70.94294007868919,70.7721809964843,70.78072090480697,6295600
2022-01-28,70.91730499267578,70.93438480405271,70.66969984002574,70.67823974571421,5992500
2022-01-31,70.86608123779297,70.93438745777722,70.7550885158483,70.78070171983248,8033400
2022-02-01,70.83786010742188,70.90627925979794,70.71812985316849,70.88917120929918,5013300
2022-02-02,70.94049835205078,71.10299224448427,70.90629529293834,70.94049835205078,7248800
2022-02-03,70.64115905761719,70.70957821230041,70.56419240220585,70.64971308315502,6156500
2022-02-04,70.20502471923828,70.31620752370456,70.13661206050419,70.29909946541169,7746000
2022-02-07,70.264892578125,70.31620370058889,70.14515575102241,70.20502090216765,6252200
2022-02-08,70.03394317626953,70.13657189281321,70.03394317626953,70.11091634487947,6727000
2022-02-09,70.08528137207031,70.2477752715606,70.07673386932649,70.15370054288846,5862000
2022-02-10,69.4438705444336,69.8629330975398,69.4438705444336,69.81161545390357,8869700
2022-02-11,69.89710998535156,69.94842108017149,69.40108098606368,69.65764298497187,11100900
2022-02-14,69.50373077392578,69.66622467178932,69.42676410113434,69.59780550165613,6301600
2022-02-15,69.35834503173828,69.51228490235596,69.34124350158574,69.41821017448898,6731200
2022-02-16,69.45242309570312,69.4951867103554,69.23861807206478,69.47807865456988,7142400
2022-02-17,69.60635375976562,69.6918744529381,69.48662348436204,69.52938709335359,6833600
2022-02-18,69.72605895996094,69.74316700732935,69.6234367749837,69.70040341371663,4744400
2022-02-22,69.6833267211914,69.6833267211914,69.52938686406435,69.60635353022256,7058800
2022-02-23,69.33267211914062,69.54647707899055,69.33267211914062,69.52937555311877,7938900
2022-02-24,69.48663330078125,69.68333679519594,69.40111259552722,69.60636359309922,8883500
2022-02-25,69.54647064208984,69.5550246666388,69.39253082425348,69.44384192192928,5923200
2022-02-28,70.05963134765625,70.08528690753657,69.82017075569094,69.83727881215233,6494400
2022-03-01,70.42707061767578,70.6583412618677,70.26432049410757,70.27288800984792,9319000
2022-03-02,69.56196594238281,70.16156814824453,69.56196594238281,70.11873708528915,6491500
2022-03-03,69.87028503417969,69.9216770476158,69.68183893811613,69.78462950008671,10349100
2022-03-04,70.11872100830078,70.25576861515052,70.0416264196781,70.14441702614128,8042600
2022-03-07,69.77609252929688,70.00736976119327,69.70756545798675,69.83605208291794,6425400
2022-03-08,69.45057678222656,69.49340128692792,69.35635372274474,69.4248807723859,8565900
2022-03-09,69.26213073730469,69.38204980675535,69.20217120257936,69.2963942621619,5761500
2022-03-10,68.89384460449219,69.04802728516468,68.77392546786945,69.02233126090307,8261200
2022-03-11,68.84243774414062,68.94522181907253,68.80817420746286,68.8681337628736,7883400
2022-03-14,68.20860290527344,68.47414380060681,68.19147439675403,68.46557627879494,15449700
2022-03-15,68.3199234008789,68.5340655823328,68.2342678353175,68.47410603292974,6265000
2022-03-16,68.42271423339844,68.42271423339844,67.9773013273616,68.32849114143079,8156400
2022-03-17,68.48267364501953,68.66255884574493,68.43128160772736,68.54263320022754,6774600
2022-03-18,68.67970275878906,68.72253382287846,68.55978362146217,68.58547964587467,8895700
2022-03-21,67.977294921875,68.3798832705098,67.94303138846982,68.3541872542311,6831300
2022-03-22,67.80598449707031,67.88307254671028,67.71176141299867,67.79741697985448,6488400
2022-03-23,68.11434936523438,68.11434936523438,67.78885556782741,67.95160573408161,8919400
2022-03-24,68.0286865234375,68.04582155758192,67.76315231010568,67.78028080914936,18907400
2022-03-25,67.42908477783203,67.75457851028544,67.33486170407707,67.75457851028544,21372500
2022-03-28,67.62610626220703,67.70320085487226,67.46336262898313,67.50618714926247,7494000
2022-03-29,67.92591094970703,67.95160696903491,67.6603701680819,67.73746476116712,7308100
2022-03-30,68.08009338378906,68.10578940303506,67.7374645452723,67.74602552828661,7071800
2022-03-31,68.13148498535156,68.24283657973726,68.04582941004708,68.11434994922976,8244200
2022-04-01,67.98377227783203,68.0954082832955,67.64028846735995,67.69181529734647,6326900
2022-04-04,68.03533172607422,68.04391407567931,67.80347725849859,68.01815392404022,9091700
2022-04-05,67.34834289550781,67.85497652443475,67.30540495514694,67.83780527913632,6956300
2022-04-06,67.14225006103516,67.3225776042248,66.89322443908486,66.9876826595284,8649400
2022-04-07,67.0048599243164,67.14225609418358,66.90181934832599,67.06496911078081,9157600
2022-04-08,66.64422607421875,66.8245536911613,66.55835671635259,66.68716402885786,8989600
2022-04-11,66.3350601196289,66.49821640925427,66.27495094209466,66.46386737189056,7858300
2022-04-12,66.54974365234375,66.76442024477068,66.51539461138628,66.65279077521616,8168200
2022-04-13,66.6270523071289,66.85031789223285,66.6098810550805,66.6270523071289,7790300
2022-04-14,66.17192077636719,66.63562307241607,66.12898938222474,66.60127402625571,7046100
2022-04-18,65.9572525024414,66.18910695552688,65.93149235241225,66.18051805504665,7187800
2022-04-19,65.54508209228516,65.81986796630076,65.51932194025431,65.71682080676541,11568000
2022-04-20,65.9572525024414,66.04312840442061,65.74257585031638,65.78551380130598,7366100
2022-04-21,65.60517120361328,65.85419684932523,65.40766584618311,65.84560795080827,7869900
2022-04-22,65.519287109375,65.66526559422041,65.34754193478463,65.41624000462078,8625100
2022-04-25,65.9314956665039,66.13758342850785,65.83703741070796,65.83703741070796,6091600
2022-04-26,66.10323333740234,66.25780077901011,66.03453524081866,66.22345173071827,8837100
2022-04-27,65.89715576171875,66.18053056844298,65.8284641991233,66.11183245443479,10802000
2022-04-28,65.87138366699219,65.87138366699219,65.63953576350515,65.72540511474438,7644000
2022-04-29,65.42481231689453,65.70818031817375,65.39905218508795,65.50209271231427,7120400
2022-05-02,65.0901870727539,65.24503450034126,65.02136161812179,65.22783141846153,10166700
2022-05-03,65.24503326416016,65.51173025491742,65.19341745594232,65.45150962414446,7769000
2022-05-04,65.66658020019531,65.66658020019531,65.0729721880113,65.19341344214196,12238000
2022-05-05,65.01277160644531,65.27086383833536,64.74608111343488,65.27086383833536,10540000
2022-05-06,64.73745727539062,64.96973496502531,64.66863182529288,64.7460620975419,8803000
2022-05-09,65.02998352050781,65.0557979980478,64.64285168367506,64.6772644235027,7420300
2022-05-10,65.2192153930664,65.40848207901617,65.15899477149652,65.2880408358764,24792700
2022-05-11,65.44293212890625,65.46013521764361,64.92675414051557,64.96976514413858,9843600
2022-05-12,65.57193756103516,65.7181866969712,65.520321763306,65.58054238184174,6079800
2022-05-13,65.33109283447266,65.46873722913153,65.28807526913985,65.43432448957708,5024800
2022-05-16,65.43434143066406,65.58919551697169,65.40853351020623,65.41713833821238,6104400
2022-05-17,65.04715728759766,65.23642397045734,65.0299476453984,65.10737790818435,5881200
2022-05-18,65.32250213623047,65.3569148832275,64.98698605745993,64.98698605745993,4963300
2022-05-19,65.46012115478516,65.70101029027232,65.41711016040225,65.67519581737318,5461400
2022-05-20,65.65799713134766,65.70101469217052,65.48594001517272,65.48594001517272,6960100
2022-05-23,65.42573547363281,65.70103086541556,65.38271790222056,65.6322053765799,7332900
2022-05-24,65.95909881591797,66.0537321966571,65.65799558791079,65.65799558791079,6587100
2022-05-25,66.22579193115234,66.24299501591835,66.0623330898655,66.17416954973888,5737200
2022-05-26,66.15693664550781,66.32899366984611,66.07950639006725,66.24296515767696,5328400
2022-05-27,66.34623718261719,66.43226573870709,66.24299897717444,66.33763235794076,6355300
2022-05-31,65.9676742553711,66.01929005330638,65.77840757820145,65.95906943453015,9067000
2022-06-01,65.67288970947266,66.06076999565897,65.56083043585333,65.99181145439299,7294600
2022-06-02,65.73324584960938,65.79358294665087,65.55223455848491,65.76772513024028,5276600
2022-06-03,65.63843536376953,65.67291464749536,65.50051822886621,65.50051822886621,5549600
2022-06-06,65.25053405761719,65.58669877997649,65.22467624455102,65.53498315384414,6698000
2022-06-07,65.47462463378906,65.60392023304908,65.35395049481234,65.37980829941488,6989800
2022-06-08,65.20745849609375,65.44880692189268,65.20745849609375,65.33675417455785,3778300
2022-06-09,65.1212387084961,65.25052776135139,65.08675943565173,65.1643328673649,4828500
2022-06-10,64.5696029663086,65.00919903107359,64.4403072982156,64.87128847435835,14690800
2022-06-13,63.52658462524414,64.00066626511412,63.24214221756906,63.96618700255567,11255300
2022-06-14,63.18181610107422,63.793808320984596,63.095614641616606,63.70761343777503,9530100
2022-06-15,63.90586853027344,63.94896926507319,63.35421332133046,63.65589873618227,9098600
2022-06-16,64.0438003540039,64.06103670613976,63.276654447076766,63.34560643187052,8477600
2022-06-17,64.07826232910156,64.20755796534758,63.81967763285876,64.12136306659998,4913600
2022-06-21,63.785194396972656,64.0265427289776,63.73347877618555,63.880010752581576,7069900
2022-06-22,64.31100463867188,64.43167882877292,64.25066754362136,64.33686245422922,8407600
2022-06-23,64.62132263183594,64.93162962410476,64.5437425956431,64.5609855264643,8542600
2022-06-24,64.50064086914062,64.75922561492116,64.45754012338529,64.52649868609363,6979000
2022-06-27,64.19032287597656,64.4144348781184,64.12136432512533,64.25065996390906,6238900
2022-06-28,64.22477722167969,64.22477722167969,64.05238091146957,64.15581869759563,5578800
2022-06-29,64.59545135498047,64.59545135498047,64.22480733455458,64.22480733455458,3896400
2022-06-30,64.87128448486328,65.03505284987541,64.7937044582782,64.7937044582782,4387100
2022-07-01,65.38862609863281,65.68227809384754,65.23316482805947,65.30226019038017,5801800
2022-07-05,65.50086212158203,65.61314366582545,65.37994860416026,65.50950068405287,6253900
2022-07-06,65.1036148071289,65.68228024893061,65.08634426063028,65.66500311313534,5312000
2022-07-07,64.9222183227539,65.17268397674195,64.86176155036328,65.16404541231644,7536700
2022-07-08,64.7063217163086,64.80996475577675,64.63722635666316,64.78405564323374,4187100
2022-07-11,64.94813537597656,65.11223517367618,64.90495572715204,64.93950339978853,4128600
2022-07-12,65.06041717529297,65.31088286076766,65.06041717529297,65.18996930078606,6013700
2022-07-13,65.26771545410156,65.31953368353192,64.6458703437505,64.66314747975844,6382700
2022-07-14,65.06041717529297,65.14678306252343,64.73221757880447,64.86176970429757,5598000
2022-07-15,65.29362487792969,65.37999079048805,65.08634536993027,65.08634536993027,5276400
2022-07-18,65.0949935913086,65.18135951667469,64.9654414086106,65.16408237802283,3438000
2022-07-19,65.04313659667969,65.14677960943956,64.93086160816067,65.103593373466,3493400
2022-07-20,64.98270416259766,65.25907904419367,64.94815647873604,65.25044706520097,3966900
2022-07-21,65.5181884765625,65.55273616311233,65.14680908277376,65.14680908277376,6832900
2022-07-22,66.05363464355469,66.20045729586526,65.88089629734152,65.95863020046099,6617000
2022-07-25,65.81182098388672,65.87227777613342,65.71681651188533,65.76000275890274,4256200
2022-07-26,65.8290786743164,66.13136254626352,65.80316956947725,66.07954433658522,6964100
2022-07-27,66.01046752929688,66.23502414976868,65.93273360366214,65.94137217079846,5919600
2022-07-28,66.46820068359375,66.56320513696102,66.33864855724795,66.46820068359375,5140200
2022-07-29,66.4163818359375,66.64957038970215,66.28682971082611,66.3300159489615,6601700
2022-08-01,66.70455932617188,66.75648084422546,66.47955507722115,66.54878816957999,5370800
2022-08-02,66.02955627441406,66.79110051873704,65.97762815149719,66.71321163557742,10808300
2022-08-03,66.35838317871094,66.36703896360851,65.74395449957085,65.96895868990208,5747700
2022-08-04,66.52281188964844,66.53146107235197,66.32376844616473,66.39300152237033,9869900
2022-08-05,65.76993560791016,65.85647367638165,65.64878099156378,65.8132079433616,8946400
2022-08-08,66.06415557861328,66.1593494191244,65.99492909659365,66.02954563881863,8534700
2022-08-09,65.91706848144531,65.99495738544631,65.84783536731845,65.90841929400433,6888800
2022-08-10,66.09878540039062,66.40167855510425,66.03820808993423,66.20263504792945,4305000
2022-08-11,65.72664642333984,66.34973092049627,65.70068566969661,66.26319287420893,5179500
2022-08-12,66.02955627441406,66.02955627441406,65.77859125468196,65.95166739125446,4376800
2022-08-15,66.09878540039062,66.23725159710905,66.08148042701666,66.17667428665266,3922300
2022-08-16,66.01224517822266,66.0209009658435,65.7958967047217,66.00358939060182,4104000
2022-08-17,65.622802734375,65.77857385706328,65.5189531184396,65.70934077977302,4131100
2022-08-18,65.7439956665039,65.90842267037019,65.71803489798471,65.80457299385988,4026800
2022-08-19,65.3285903930664,65.38916770821037,65.21609155135108,65.3632069449247,5115800
2022-08-22,65.03434753417969,65.21607944587834,64.98241941481511,65.19011868741153,4158600
2022-08-23,65.00839233398438,65.29396730396718,64.91319847651293,65.00839233398438,6294800
2022-08-24,64.84395599365234,64.9131890804159,64.76606712043571,64.87857253703413,3808600
2022-08-25,65.19877624511719,65.25070437115065,64.83531237504195,64.8872405010754,3688400
2022-08-26,65.06898498535156,65.22475618863047,64.9478303386272,65.1036015419061,4276600
2022-08-29,64.77473449707031,64.86992835779567,64.72281297392257,64.8612725697938,3263800
2022-08-30,64.82667541503906,64.97379082794276,64.64493684329562,64.8439803920259,6878700
2022-08-31,64.55840301513672,64.85264046280041,64.48052070990524,64.77475155513545,5155600
2022-09-01,64.20801544189453,64.26871967515527,63.95652458516714,64.19066759452564,6160700
2022-09-02,64.37281036376953,64.5896122210126,64.32944734581388,64.39015160119123,3600600
2022-09-06,63.79178237915039,64.12999277907105,63.774441140091895,64.12132546767592,6869800
2022-09-07,64.25137329101562,64.25137329101562,63.98254119706228,63.999889044826254,4208300
2022-09-08,64.05193328857422,64.27740904469528,64.03458543703663,64.13865269746177,3580300
2022-09-09,64.02595520019531,64.25142447060203,63.99126609330106,64.13001590460745,3831700
2022-09-12,63.94788360595703,64.2340636885904,63.869838101385355,64.17335942405623,4008200
2022-09-13,63.62700271606445,63.6790330374587,63.49692029631211,63.54895061770637,9481200
2022-09-14,63.70506286621094,63.79178229392403,63.548965249820085,63.56631310512365,4332200
2022-09-15,63.514278411865234,63.64436086619024,63.47092200460254,63.57498267504778,4967200
2022-09-16,63.44490051269531,63.57497633778568,63.323485382164634,63.375522328468584,5050000
2022-09-19,63.40151596069336,63.46222019720807,63.22807717529863,63.29744871969719,6374900
2022-09-20,63.089324951171875,63.20205950737319,62.97659039497055,63.054635868587006,4750500
2022-09-21,63.262794494628906,63.29748359407327,62.820523363319026,63.150059883636644,6360300
2022-09-22,62.61237716674805,62.86386812892519,62.53433166965927,62.85520081787176,5216100
2022-09-23,62.43890380859375,62.655705557929146,62.22210205925836,62.655705557929146,6885400
2022-09-26,61.64110565185547,62.27416337002479,61.623757798162615,62.23947427890669,8658900
2022-09-27,61.37227249145508,61.75384591256298,61.28555306382189,61.67580041257358,9946100
2022-09-28,62.32620620727539,62.35222137400658,61.82322426291153,61.944632785169254,11649700
2022-09-29,62.00531005859375,62.126718528008645,61.805849506689064,61.953279747777465,6100300
2022-09-30,61.8578987121582,62.32619145125386,61.78852053978847,62.17876118090152,8919100
2022-10-03,62.37590026855469,62.73223785715268,62.21077419916771,62.315062952302604,6762600
2022-10-04,62.5323371887207,62.784379381965536,62.47149987523194,62.60186744149925,6124400
2022-10-05,62.20206069946289,62.26289799560605,61.95001857807895,62.21075363627419,7252400
2022-10-06,61.967403411865234,62.228131834917384,61.91525242264051,62.167294539795094,7108400
2022-10-07,61.645816802978516,61.81094940758381,61.59367245658371,61.715347018682465,5023200
2022-10-10,61.36774826049805,61.64586269960952,61.23738066668333,61.64586269960952,4950700
2022-10-11,61.38511276245117,61.66322713473772,61.29820326438094,61.46333595225315,9225500
2022-10-12,61.45464324951172,61.55024568698747,61.280824252702914,61.31558937821862,5442000
2022-10-13,61.237369537353516,61.44595367108606,60.655068572349734,60.72459882718393,6668900
2022-10-14,60.94186019897461,61.5589261324103,60.91578138705337,61.55023319510322,6544400
2022-10-17,61.07221603393555,61.42855349548741,61.07221603393554,61.315571842949595,19605200
2022-10-18,61.211280822753906,61.30688323964626,60.959238690107554,61.237353003584865,7008000
2022-10-19,60.70722961425781,60.91581380525369,60.646392282268515,60.8289042782364,6483600
2022-10-20,60.2987174987793,60.70719936607806,60.26395237914019,60.58552476272548,6260900
2022-10-21,60.40300369262695,60.4725339213552,60.04666624347036,60.09012429411741,6984400
2022-10-24,60.31610870361328,60.56815087019121,60.16836190516837,60.3856389490353,7259400
2022-10-25,60.88970947265625,61.020077009760186,60.75934856632069,60.7854207475878,7780900
2022-10-26,61.133060455322266,61.24604875179993,60.98531366998686,61.0287717272119,7001000
2022-10-27,61.45464324951172,61.58501081250318,61.16783593708446,61.306896439147266,5493300
2022-10-28,61.33295822143555,61.454632824715496,61.16782556094051,61.18521143613397,4828800
2022-10-31,61.141761779785156,61.18521984297137,60.88971960099797,61.1504547185763,6785000
2022-11-01,61.20537185668945,61.51026491257521,61.0659883761873,61.4841321715236,7019000
2022-11-02,61.10953140258789,61.61478641808949,60.97886108531425,61.28375406150713,10223800
2022-11-03,60.87434768676758,60.96146569700635,60.60430046430633,60.63914633916763,6408200
2022-11-04,60.891746520996094,61.065969170659805,60.752363084330675,60.91787925382884,8780400
2022-11-07,60.65654754638672,60.91788820545325,60.65654754638672,60.90046859639437,6246100
2022-11-08,60.92658996582031,61.03983401899739,60.78720653467825,60.804632786654906,6358100
2022-11-09,61.01368713378906,61.10079843496165,60.79590555777447,60.856884133211906,7269400
2022-11-10,62.27684020996094,62.27684020996094,61.75416556713519,61.76287869426341,7014100
2022-11-11,62.27684020996094,62.31168607230515,62.067771682064375,62.13746340675279,4525300
2022-11-14,62.07648468017578,62.18972874793259,62.03292569079389,62.102617415337455,6914500
2022-11-15,62.51203918457031,62.520745664285464,62.320390292153355,62.42492786424471,11948800
2022-11-16,62.86921310424805,62.92148522627532,62.63401181671804,62.69499042060874,8856700
2022-11-17,62.60789108276367,62.63402382570313,62.42495523601683,62.54691246718139,6260600
2022-11-18,62.503334045410156,62.755961558952734,62.48591443758623,62.66013710049974,8564600
2022-11-21,62.503334045410156,62.755961558952734,62.47720131058998,62.71240257014008,6834600
2022-11-22,62.82564163208008,62.886620217408684,62.66012548068788,62.66883860606835,9534200
2022-11-23,63.20893096923828,63.20893096923828,62.921464301448744,62.921464301448744,4855000
2022-11-25,63.20893096923828,63.20893096923828,63.0695541979111,63.0695541979111,2536400
2022-11-28,63.130550384521484,63.3047730588016,63.06085865634184,63.25250758575137,5852100
2022-11-29,62.89533996582031,63.05214302491321,62.86050074928299,62.89533996582031,5437600
2022-11-30,63.38315963745117,63.39186611633629,62.729814828045,62.85177199410745,5479900
2022-12-01,63.91139602661133,63.91139602661133,63.43992435720474,63.5010415485185,7462500
2022-12-02,64.17334747314453,64.18208040598523,63.55344246697476,63.69313608604597,6828300
2022-12-05,63.66694641113281,63.88522311166024,63.588369996355546,63.87649683975805,7552900
2022-12-06,63.876487731933594,63.946331203573784,63.73678746610259,63.80663759901809,7584100
2022-12-07,64.43523406982422,64.46142618751895,64.1209153349454,64.15584037896204,7472500
2022-12-08,64.25191497802734,64.38288230737865,64.14714644356637,64.24318870767232,5378100
2022-12-09,63.876487731933594,64.13841573845376,63.876487731933594,64.10349067199601,12079600
2022-12-12,63.876487731933594,64.18207373684477,63.7804454644936,64.13841573845376,7533500
2022-12-13,64.31301879882812,64.74083905754752,64.26936081555608,64.74083905754752,12563900
2022-12-14,64.47020721435547,64.52259815551747,64.11223686634469,64.35670572084507,9833900
2022-12-15,64.50507354736328,64.57492363112011,64.35664711533296,64.50507354736328,7800400
2022-12-16,64.33919525146484,64.46142958132307,64.09472659174838,64.1383779031141,6541900
2022-12-19,63.9550666809082,64.09476695229925,63.867757341926584,64.07730108773758,6300000
2022-12-20,63.53595733642578,63.64946544510987,63.466113878705556,63.5621561270041,6130500
2022-12-21,63.68438720703125,63.82408077651235,63.588344963705765,63.771696520616146,8169000
2022-12-22,63.6756477355957,63.79788209431159,63.61453055623777,63.69310693200957,6833800
2022-12-23,63.47611999511719,63.55488881799852,63.40610474744968,63.449865946497255,4693400
2022-12-27,62.98603439331055,63.2135806378177,62.97728081701579,63.126058228914864,6959600
2022-12-28,62.89853286743164,63.16983370064275,62.88977928915984,63.11732558505966,7868200
2022-12-29,63.134788513183594,63.16104255535972,62.968504010041585,62.98601115617226,7391000
2022-12-30,62.87226867675781,63.082314481592434,62.83726771964219,62.99479873475642,7051900
2023-01-03,63.20482635498047,63.43237259694398,63.07354942011605,63.40611186835328,8634800
2023-01-04,63.56362533569336,63.67740176382775,63.44110201079512,63.62488699814248,5257100
2023-01-05,63.49362564086914,63.52862658685192,63.204817758851,63.30983395084206,5632400
2023-01-06,64.19375610351562,64.22876372544742,63.51112416839855,63.58113941226214,5627200
2023-01-09,64.36878204345703,64.45629774323001,64.12372873626485,64.15873635157801,7398200
2023-01-10,64.11500549316406,64.22002170082568,63.9662214039395,64.1587600206823,4827900
2023-01-11,64.4563217163086,64.49132934464205,64.28128357464125,64.29879072731917,8453200
2023-01-12,64.95516204833984,64.95516204833984,64.42130745600228,64.65760057664959,5927600
2023-01-13,64.7363510131836,64.95514359782892,64.67508935656369,64.81511313868641,6331600
2023-01-17,64.64885711669922,64.76262689535501,64.53508066102137,64.55258781282814,6815100
2023-01-18,65.24398040771484,65.34024972190429,65.00768057215065,65.28773493787737,5112800
2023-01-19,65.11268615722656,65.17394782478992,64.99016282209986,65.07767853618736,4765200
2023-01-20,64.8238754272461,64.92889828572336,64.70135209753296,64.87638351797438,4714300
2023-01-23,64.66634368896484,64.8151210622267,64.63133606989959,64.65759011494337,6116700
2023-01-24,64.95516204833984,64.98141609763158,64.57008485333657,64.71886225067085,3907700
2023-01-25,65.03392791748047,65.07768912015186,64.83264241004508,64.94641218915977,4414400
2023-01-26,64.91141510009766,65.0689461074572,64.8063988798734,64.99018394228901,3866800
2023-01-27,64.84138488769531,64.87639251204098,64.71886154099629,64.76262274068378,4474100
2023-01-30,64.6575698852539,64.84135482007943,64.64006941970703,64.72758510147844,6258700
2023-01-31,64.95516204833984,64.95516204833984,64.64010010279566,64.86764632502684,5502300
2023-02-01,65.3727035522461,65.42534313279711,64.84635459696648,65.05689953339039,7473900
2023-02-02,65.41659545898438,65.67099900801783,65.39905338689954,65.61836609887051,4273500
2023-02-03,64.83760833740234,65.00428143437135,64.73233583440168,64.93409976570425,5332900
2023-02-06,64.4340591430664,64.53933163308497,64.41651707450904,64.48669873452143,5282300
2023-02-07,64.34634399414062,64.65338043151922,64.32002754134994,64.38143482882566,4674500
2023-02-08,64.46038055419922,64.55687196801067,64.24983557981615,64.38142451558274,4308200
2023-02-09,64.19723510742188,64.64463503784465,64.16214426063434,64.63586065292411,4268100
2023-02-10,63.92525863647461,64.16211337214716,63.89016780658026,64.14457130364572,3606100
2023-02-13,64.1007080078125,64.1007080078125,63.92526054599139,63.94280261501684,3805800
2023-02-14,63.88139343261719,64.10948048050878,63.69717159532102,64.02175675220938,4328000
2023-02-15,63.741050720214844,63.85509092260923,63.63577820754032,63.79368363010565,4370800
2023-02-16,63.495426177978516,63.65333162869698,63.4252511832435,63.539291405970246,5912000
2023-02-17,63.635765075683594,63.64453945648569,63.32872867652565,63.337496364436205,5165700
2023-02-21,63.08309555053711,63.293633826174485,63.06554679004751,63.23222655024312,16093200
2023-02-22,63.22346115112305,63.3813665535049,63.19714469954141,63.249777602704675,4375600
2023-02-23,63.451534271240234,63.4690763374744,63.24976369864906,63.27608014444561,4789200
2023-02-24,63.10065460205078,63.188378349436796,62.98661439973825,63.1269710569773,4345900
2023-02-27,63.2059211730957,63.3199613646881,63.13573950462702,63.2059211730957,3340500
2023-02-28,63.22346115112305,63.24100322121345,62.95151556092343,62.99537408259546,5032400
2023-03-01,62.848880767822266,63.15661735618132,62.81370991370202,63.02472833026901,4427800
2023-03-02,62.71699905395508,62.7345811289878,62.576315621072084,62.61148647929283,4966600
2023-03-03,63.20058059692383,63.20058059692383,62.89284398565902,63.02473302138822,4008600
2023-03-06,63.05113983154297,63.33250011270328,63.0423454360872,63.33250011270328,4538700
2023-03-07,62.98078536987305,63.174221781900165,62.87527947833599,63.15663970269628,4253100
2023-03-08,62.928043365478516,63.21819803396873,62.813743060387544,63.112685415929185,4774500
2023-03-09,63.13906478881836,63.27095389037643,62.97201152112595,63.00718239541866,4597800
2023-03-10,63.89521789550781,64.0359013840472,63.666617288868245,63.75454111512638,4779500
2023-03-13,64.4051742553711,64.90634735667706,64.22053223995908,64.47551598738237,7270500
2023-03-14,64.00074005126953,64.35244211688148,63.886439730913196,64.18538212638003,5432500
2023-03-15,64.6601791381836,64.93274505362457,64.37002442991218,64.72172649677216,6677200
2023-03-16,64.35244750976562,64.95912674792444,64.25572926591315,64.91516817863847,6964800
2023-03-17,64.81841278076172,64.99426037342852,64.61618201185479,64.61618201185479,4352700
2023-03-20,64.53704833984375,64.92391435975887,64.50187748200506,64.87116142707845,6924500
2023-03-21,64.3612060546875,64.51068390541991,64.29965871902938,64.3612060546875,3997700
2023-03-22,64.93272399902344,64.99427133765514,64.24690888051119,64.36120916421096,5220500
2023-03-23,65.08222961425781,65.16136578192467,64.78328715635273,64.88879981052176,5392100
2023-03-24,65.21409606933594,65.43390899126965,65.0910013697057,65.27564341915105,4638000
2023-03-27,64.53704833984375,64.82720288589651,64.53704833984375,64.71289592088196,5769800
2023-03-28,64.42276763916016,64.51069817368263,64.3612202898892,64.41397995223427,3473300
2023-03-29,64.49309539794922,64.55464273387341,64.3172477833534,64.32604217653014,4231300
2023-03-30,64.58102416992188,64.64257151057753,64.46672388246338,64.46672388246338,3455300
2023-03-31,64.9151611328125,64.95033200931958,64.59862995240756,64.70413587377001,4549200
2023-04-03,65.19102478027344,65.21746679201937,64.80319067513325,64.85608142345006,5346200
2023-04-04,65.45548248291016,65.50836652590205,64.97950592150079,65.01476419177119,4126700
2023-04-05,65.63175964355469,66.01959384758403,65.56124311103541,65.62294339578311,4345900
2023-04-06,65.6141357421875,65.75516208641722,65.59650324614199,65.67583602869304,4381700
2023-04-10,65.17339324951172,65.27035176722086,65.0588022423149,65.25271927773318,4224300
2023-04-11,65.19985961914062,65.25274365771367,65.05882654984335,65.24392740967586,4401600
2023-04-12,65.27037811279297,65.45547897818106,65.09408677088021,65.45547897818106,4134800
2023-04-13,65.23509216308594,65.48189321221118,65.18220142054179,65.41137670536847,5012700
2023-04-14,64.9442367553711,65.05001154843622,64.88253647395635,65.00593703678584,4349600
2023-04-17,64.5916519165039,64.7679432139332,64.57402614917368,64.74149447569975,5085500
2023-04-18,64.6886215209961,64.77676382238448,64.60047921960769,64.61810498995476,3728400
2023-04-19,64.60047912597656,64.62692114387211,64.47707855924635,64.60047912597656,4611000
2023-04-20,64.88253021240234,64.88253021240234,64.77675542954512,64.78557167598964,3605400
2023-04-21,64.76795959472656,65.02357027220239,64.72388507801578,64.98831872862627,3371600
2023-04-24,65.02354431152344,65.04999304588648,64.8913342638302,64.8913342638302,2993000
2023-04-25,65.44667053222656,65.4819288048125,65.27919541865035,65.27919541865035,3508100
2023-04-26,65.21749877929688,65.47311622625534,65.13817270515196,65.41141592697767,5819900
2023-04-27,64.93541717529297,65.07645022547467,64.90015891274754,65.05881773178898,3078100
2023-04-28,65.29679107666016,65.31441684059466,65.12931605757399,65.25271657958777,4469100
2023-05-01,64.62525939941406,65.08472632964414,64.55457114227048,65.03170676618483,4546500
2023-05-02,65.261474609375,65.27031233147424,64.78433873411767,64.79317645621691,4825100
2023-05-03,65.535400390625,65.5442381150258,65.26149160507694,65.4028614894471,4205600
2023-05-04,65.44702911376953,65.72093783965144,65.29682153771861,65.31449024146286,11535800
2023-05-05,65.20844268798828,65.26145552266576,65.10241027742852,65.21727366629798,3143200
2023-05-08,64.89920043945312,65.04057702447328,64.8726940150635,64.94338230757357,9895900
2023-05-09,64.8285140991211,64.94337751005979,64.81967637790854,64.88152694398417,3827700
2023-05-10,65.22611999511719,65.27913283679192,65.07591244956834,65.10241887040569,5291800
2023-05-11,65.43817138671875,65.59721663662488,65.40282724882793,65.54420380039117,4745900
2023-05-12,65.09357452392578,65.4381714421468,65.09357452392578,65.39399632564962,2970500
2023-05-15,64.92568969726562,64.96986480791273,64.88150784541439,64.96102708930165,3268600
2023-05-16,64.76663970947266,64.78430840419244,64.64293862282325,64.74012655558752,3818500
2023-05-17,64.65177154541016,64.8461608991965,64.60759643667933,64.83732318096881,4574400
2023-05-18,64.38671112060547,64.51041223105696,64.35136698316148,64.51041223105696,3530000
2023-05-19,64.20999908447266,64.4485703590613,64.15698624176666,64.25418094753154,4166800
2023-05-22,64.19233703613281,64.39555744836913,64.1569928902642,64.24534988433246,5294900
2023-05-23,64.23648834228516,64.30717660780962,64.0421057238989,64.11278724821933,4561100
2023-05-24,64.05978393554688,64.28951746202556,64.05094621574248,64.27184202241679,4245100
2023-05-25,63.82123565673828,64.05096250041896,63.79472249058428,64.02445607547172,4012300
2023-05-26,63.9007453918457,63.90958311257766,63.67984956198711,63.75937556616319,3783100
2023-05-30,64.32486724853516,64.32486724853516,64.07745826072222,64.10397142246354,3533000
2023-05-31,64.53694152832031,64.61646080985658,64.28953921970887,64.33371435127101,4898400
2023-06-01,64.71143341064453,64.83545203901265,64.64056369200323,64.71143341064453,3984000
2023-06-02,64.34823608398438,64.68485713546652,64.34823608398438,64.6760034888417,4595500
2023-06-05,64.35710144042969,64.53426900568037,64.15335265773294,64.21536198142162,4674600
2023-06-06,64.44569396972656,64.45455437674447,64.2508055663946,64.39254504463979,5001900
2023-06-07,64.08248901367188,64.45455174964542,64.03820049740814,64.4013960682149,4326500
2023-06-08,64.40139770507812,64.43683257409576,64.15336038046486,64.16222078734683,3567600
2023-06-09,64.26851654052734,64.3571003216127,64.17992600093271,64.25965613486602,12690400
2023-06-12,64.40139770507812,64.41025811196009,64.1445067320931,64.3393883739248,4632800
2023-06-13,64.11791229248047,64.59627278783137,64.05590297411139,64.54312387451753,4302500
2023-06-14,64.17106628417969,64.32165937363192,63.958457119473266,64.22421519610198,5986200
2023-06-15,64.56970977783203,64.58743059108399,64.37482138312055,64.45455152573435,5061200
2023-06-16,64.42796325683594,64.51654702858136,64.25964935956367,64.38366799170896,3905300
2023-06-20,64.51656341552734,64.62286126521764,64.46340773217192,64.47226813914953,4921700
2023-06-21,64.6228256225586,64.65826047241472,64.29506508877584,64.39250923625357,3678700
2023-06-22,64.31282043457031,64.52542291172865,64.25081109712784,64.42798546018554,3975500
2023-06-23,64.49884033203125,64.65829385946623,64.3925424860813,64.64944021131042,4163100
2023-06-26,64.57857513427734,64.64944487569718,64.51656580016262,64.58743554158245,6287800
2023-06-27,64.45455169677734,64.6937286082334,64.37482155395197,64.59628441061908,4816100
2023-06-28,64.65826416015625,64.66712456275226,64.43680140480436,64.54310596043577,5517200
2023-06-29,64.17106628417969,64.23307560092523,64.06476170182648,64.2065011449641,5803000
2023-06-30,64.39253234863281,64.4102464006657,64.16220912115143,64.22421844103,5612300
2023-07-03,64.20957946777344,64.52041285489777,64.19181368813224,64.37831372040684,3146500
2023-07-05,63.94312286376953,64.20067236616079,63.88983909626,64.18290659321954,4415700
2023-07-06,63.53464126586914,63.61456697134787,63.36590018675398,63.57016606019137,5613400
2023-07-07,63.49908447265625,63.68558446711932,63.46355969623591,63.53460924907659,5726600
2023-07-10,63.72113800048828,63.7921875853932,63.543520813887355,63.55239693025445,4450800
2023-07-11,63.85435104370117,63.90763484185007,63.738893780163885,63.80106046989126,5709100
2023-07-12,64.36056518554688,64.40496609055296,64.1474232247997,64.19182412980578,6397500
2023-07-13,64.75131225585938,64.78683025926705,64.56480547184576,64.60921313959354,5868400
2023-07-14,64.44939422607422,64.69806105514422,64.44051133198946,64.62701145379197,7410000
2023-07-17,64.52042388916016,64.55594867885833,64.39609051304697,64.45825720110356,5942700
2023-07-18,64.60032653808594,64.76906753503874,64.59145042557356,64.72465986984324,7748100
2023-07-19,64.75131225585938,64.81347892531099,64.62697214129737,64.71578747679291,11522100
2023-07-20,64.44939422607422,64.54708573401786,64.3250608115392,64.53820283993309,5262100
2023-07-21,64.49378967285156,64.60924017137665,64.46714099565811,64.56483248504921,5170600
2023-07-24,64.38719177246094,64.6180994608295,64.37830888330775,64.57369179072276,3553400
2023-07-25,64.31617736816406,64.37834407490064,64.22736875506365,64.25401066142749,4200800
2023-07-26,64.5293197631836,64.54707877377521,64.31617098211106,64.46714628695746,4478200
2023-07-27,63.97865676879883,64.44934818409014,63.91649010594258,64.40494052105365,5342600
2023-07-28,64.20069885253906,64.21845785714979,64.04084070840292,64.09412449789501,5273200
2023-07-31,64.31617736816406,64.37834407490064,64.20960974270872,64.20960974270872,4607900
2023-08-01,63.918121337890625,64.10511976628905,63.846881900281694,64.0516935849657,11078000
2023-08-02,63.71332931518555,63.740042411242484,63.51742421907729,63.71332931518555,6546700
2023-08-03,63.32149887084961,63.401638133389454,63.25025944163692,63.33930533126983,5395200
2023-08-04,63.84684753417969,63.873567404225874,63.53518365460469,63.552996901302144,6925000
2023-08-07,63.748931884765625,63.820171325182564,63.69550570133641,63.7845516049741,4987400
2023-08-08,63.980464935302734,64.09623073937856,63.92703874497102,63.99827819459186,4338200
2023-08-09,63.998260498046875,64.07839976138465,63.95373415590414,63.98044724368339,4937800
2023-08-10,63.642059326171875,64.1318150376777,63.63315270050383,64.05167578795967,5195800
2023-08-11,63.4372673034668,63.64207899453945,63.419460840392475,63.45508056030802,4577400
2023-08-14,63.35711669921875,63.50849538646452,63.25916418540898,63.36602332604665,7992400
2023-08-15,63.214637756347656,63.40163615687696,63.196831296482536,63.250257469843575,5028100
2023-08-16,63.036537170410156,63.33039467034726,63.009824087464004,63.214628919227636,5149700
2023-08-17,62.97420883178711,63.06325471249219,62.849543240046955,63.04544825385726,7357800
2023-08-18,63.1077766418457,63.1968225163312,62.98311105881305,63.009824141782225,5094400
2023-08-21,62.805030822753906,62.902983351369,62.73379138489444,62.87627026061338,4280100
2023-08-22,62.885169982910156,62.947502785750295,62.76050437722988,62.82283718007002,4301900
2023-08-23,63.45507049560547,63.46397032884756,63.19683266250244,63.205739289510355,5205800
2023-08-24,63.30367660522461,63.44615544336776,63.28587014733918,63.357109566410756,4186400
2023-08-25,63.30367660522461,63.41944235965715,63.098871767599995,63.23244397991796,4853100
2023-08-28,63.41945266723633,63.446165755288625,63.3215001485339,63.446165755288625,3969000
2023-08-29,63.811283111572266,63.82908957803588,63.321520361720445,63.33932682818405,6214600
2023-08-30,63.78455352783203,63.909219155436375,63.77565369283685,63.87360622792128,4721500
2023-08-31,63.891422271728516,63.98937482150022,63.82908944858,63.86470917520318,4747100
2023-09-01,63.58424377441406,63.9056925437137,63.51280920070839,63.88783730647523,3940700
2023-09-05,63.23601150512695,63.45030842322826,63.227080479929676,63.44138421040718,4634300
2023-09-06,63.164581298828125,63.31638148818054,63.093153529436215,63.307450462365296,7800400
2023-09-07,63.378875732421875,63.38779994454929,63.22707556537216,63.298510136645476,4742800
2023-09-08,63.39672088623047,63.548514216762804,63.37886565243973,63.47707965685068,4270600
2023-09-11,63.298500061035156,63.352072574774844,63.24492754729547,63.30743108411663,4215800
2023-09-12,63.34317398071289,63.361029221722106,63.262808365228075,63.334242954019615,4246300
2023-09-13,63.44137954711914,63.503883094153345,63.271724142722434,63.271724142722434,6142500
2023-09-14,63.3342170715332,63.52172768119894,63.3163618378208,63.486010401399575,5227300
2023-09-15,63.209205627441406,63.32528166948164,63.191343582589624,63.30742643700395,4946100
2023-09-18,63.2717170715332,63.28957230624362,63.10206168609703,63.10206168609703,5882500
2023-09-19,63.13776397705078,63.271702048890184,63.11097772515757,63.22705375415261,4200900
2023-09-20,63.05742263793945,63.32529204323092,63.05742263793945,63.25385747686978,5518400
2023-09-21,62.66455078125,62.76277162484318,62.655619755729774,62.74490957380272,9127100
2023-09-22,62.92348861694336,62.95920590244431,62.709191716313306,62.75383321390776,8149800
2023-09-25,62.45915985107422,62.66453250387975,62.450235640533364,62.60202896822145,22744300
2023-09-26,62.39664840698242,62.584158990191376,62.36986215400594,62.575234780781614,7329100
2023-09-27,62.17342758178711,62.60202811501291,62.048420512174246,62.59309709221931,7701800
2023-09-28,62.33415222167969,62.3520142673504,61.95019998825211,62.06628284798855,9004600
2023-09-29,62.3073616027832,62.61987925639421,62.227002840014904,62.55737572567201,7650600
2023-10-02,61.879371643066406,62.112171074027295,61.84355582052091,62.06739958805301,6719800
2023-10-03,61.37797546386719,61.83461191804281,61.36006413360287,61.762987090498434,8099500
2023-10-04,61.780887603759766,61.80774776625238,61.47646332061613,61.62867546218795,7915900
2023-10-05,61.82565689086914,61.915193039708804,61.7540252393293,61.897281711238705,6845000
2023-10-06,61.583927154541016,61.727190516662056,61.32426743407643,61.369038942532534,8385100
2023-10-09,62.21067428588867,62.21067428588867,61.834611495786675,61.906243154012856,3561600
2023-10-10,62.14799880981445,62.2822996311423,61.90624366908237,61.986830993050056,11555900
2023-10-11,62.43452072143555,62.443469555712156,62.246485902887414,62.344977729299785,18074400
2023-10-12,61.89728546142578,62.32706856553392,61.84356513510127,62.309157235978624,6144000
2023-10-13,62.18380355834961,62.282295374706315,62.09426740652638,62.255435212276396,5570100
2023-10-16,61.86146545410156,62.013684420354856,61.83460529275399,62.013684420354856,4914800
2023-10-17,61.45854949951172,61.57494580931696,61.35110202272748,61.494365325106465,5851900
2023-10-18,61.18994140625,61.37797622048846,61.091456413266066,61.33320472544673,5885900
2023-10-19,60.92134094238281,61.252632288221086,60.885525107872844,61.127273451850215,9433800
2023-10-20,61.14519500732422,61.22577552506464,61.05565882166605,61.08251899424619,5197700
2023-10-23,61.37797546386719,61.467511621675875,60.876560684030764,60.95714800787826,9587100
2023-10-24,61.583927154541016,61.59288282246685,61.31531859732369,61.413803619815546,9462100
2023-10-25,61.118309020996094,61.35110163915112,61.06458186735477,61.33319714205081,7392400
2023-10-26,61.53019332885742,61.53914899482119,61.18994633395023,61.198901999914,11426600
2023-10-27,61.53019332885742,61.53019332885742,61.35111416544006,61.485421830210186,5325500
2023-10-30,61.37797546386719,61.45855595654372,61.23471214643651,61.33320396937736,5905300
2023-10-31,61.360069274902344,61.55705293728912,61.34216477430879,61.458561106095736,9248200
2023-11-01,61.9554557800293,61.964438051780576,61.47051587744815,61.497462692701994,9330800
2023-11-02,62.314674377441406,62.41345881721185,62.162010007420264,62.35059661476395,8409100
2023-11-03,62.682865142822266,63.01513381073291,62.67388287163225,62.88940941993449,7995700
2023-11-06,62.41347885131836,62.56614327034327,62.35959890377272,62.53022102149004,7822000
2023-11-07,62.72777557373047,62.85349999013944,62.548171222136745,62.57511118972912,7986100
2023-11-08,62.92534255981445,62.99718703885618,62.745738213676766,62.75471363495701,6543700
2023-11-09,62.45836639404297,62.89840183278825,62.43141957612806,62.86247959370158,6979700
2023-11-10,62.575111389160156,62.74574031974478,62.521231453803686,62.736758046696416,4381800
2023-11-13,62.55714416503906,62.575101856933394,62.287730826363436,62.341610753512235,6058600
2023-11-14,63.32048416137695,63.374364098173956,63.221699709604415,63.30251961479993,8237100
2023-11-15,62.97024917602539,63.078009046721796,62.88942242153624,63.06005135209468,6793500
2023-11-16,63.3474235534668,63.41028576298042,63.230681407646344,63.230681407646344,5623900
2023-11-17,63.43721389770508,63.49109382396127,63.29353181053333,63.410273934576985,5657300
2023-11-20,63.52702331542969,63.553963281635184,63.32047900687654,63.383341211844865,6959100
2023-11-21,63.6168327331543,63.652754976009,63.464168339622255,63.58989276388009,5737800
2023-11-22,63.67071533203125,63.78745747502401,63.527026370070786,63.742559813011475,4949100
2023-11-24,63.365379333496094,63.49110374872392,63.35640391202751,63.44620608698071,3534800
2023-11-27,63.75153732299805,63.75153732299805,63.49110620951325,63.536010724463644,5257000
2023-11-28,64.02094268798828,64.03890038083813,63.670709439953704,63.715607097811414,7051400
2023-11-29,64.35322570800781,64.38914109787362,64.17361450134392,64.25444125720941,7615800
2023-11-30,64.14669799804688,64.22751793200929,64.02995580961132,64.21854250699312,9880000
2023-12-01,64.66990661621094,64.69692260732201,64.12055856094776,64.13857380222274,7643500
2023-12-04,64.40873718261719,64.54382400183982,64.3096808440417,64.45376841262508,11164600
2023-12-05,64.82300567626953,64.87703765598478,64.61587163602596,64.68791885618035,8393500
2023-12-06,65.01213073730469,65.12019470714267,64.88605152529254,64.97610712375811,9365200
2023-12-07,64.9941177368164,65.1652281893639,64.93107812863606,64.94008575003382,9876000
2023-12-08,64.67890930175781,64.79598087790687,64.57984609470826,64.72394053070792,7349900
2023-12-11,64.68791961669922,64.73294397672423,64.48979319434589,64.65189600619851,12895800
2023-12-12,64.87703704833984,64.89504541780923,64.65189464056692,64.72394186004651,8052300
2023-12-13,65.70555877685547,65.7505900062623,64.9941079511934,65.03013156055869,7172600
2023-12-14,66.20089721679688,66.30896121065618,66.01177835673981,66.06581035366948,9105500
2023-12-15,66.10181427001953,66.21888585206872,66.02075942798454,66.10181427001953,7996700
2023-12-18,65.96671295166016,66.0207449206097,65.92168173033572,66.01174417298459,6144200
2023-12-19,66.09281158447266,66.16485881148293,66.0477803498908,66.06579559204424,6924100
2023-12-20,66.30895233154297,66.34497594827342,66.10182512384586,66.200888352154,7496100
2023-12-21,66.29995727539062,66.4800685037114,66.20089403857331,66.44404488388665,6912600
2023-12-22,66.25567626953125,66.4182449970247,66.18342197052323,66.40921148701139,5890700
2023-12-26,66.31890106201172,66.36406172425527,66.21955311751563,66.24664675864192,6394600
2023-12-27,66.74339294433594,66.76145307665246,66.50856988091935,66.56275716841922,7467700
2023-12-28,66.58081817626953,66.73435340401541,66.50856387243041,66.66209910017629,8166600
2023-12-29,66.42728424072266,66.57178596066218,66.36406344627102,66.42728424072266,6939800
2024-01-02,66.14730072021484,66.25568217839263,66.1021469472198,66.16536774185272,8334200
2024-01-03,66.20148468017578,66.24663844620393,65.82215308035651,65.93956803123697,6477200
2024-01-04,65.9034652709961,65.97571959203663,65.82217743718766,65.8944317582282,5056900
2024-01-05,65.70476531982422,66.08409014628893,65.6505780276295,65.7137988320403,6223400
2024-01-08,65.99375915527344,66.09310709309734,65.74087600101228,65.7770031502709,7937500
2024-01-09,65.98471069335938,66.05696497550397,65.88536277804745,65.91246330176237,5649400
2024-01-10,65.86734771728516,66.14732463896296,65.86734771728516,66.10217084964039,6578400
2024-01-11,66.21051788330078,66.25567854436865,65.87635379737652,65.96666822896282,7537300
2024-01-12,66.34600830078125,66.50857707140706,66.24666033592375,66.37310194746038,4461200
2024-01-16,65.87635040283203,66.17438732265433,65.79506259520844,66.12020004460466,5724700
2024-01-17,65.72280883789062,65.78602962631814,65.59636726103558,65.7137822185075,12370300
2024-01-18,65.63250732421875,65.77701594937217,65.56025301164205,65.74992230479353,6086200
2024-01-19,65.63250732421875,65.64154083592847,65.41575127703913,65.55122639048284,7883100
2024-01-22,65.74087524414062,65.87635032966342,65.71378160514588,65.8311896709728,10321400
2024-01-23,65.58734130859375,65.64152858764002,65.52412051952335,65.64152858764002,6840400
2024-01-24,65.45185852050781,65.86731035560267,65.43379150258502,65.86731035560267,7483800
2024-01-25,65.75894165039062,65.76797516110088,65.62347344248562,65.70475436722862,8361100
2024-01-26,65.65961456298828,65.76799605429268,65.61446077619206,65.76799605429268,9120500
2024-01-29,65.92151641845703,65.98473721811035,65.75894766355559,65.8402354862815,7677600
2024-01-30,66.03890991210938,66.09309718259748,65.81312043101148,66.07503705595082,6688100
2024-01-31,66.31890106201172,66.46340277820173,66.18342596583074,66.29180742088545,9916600
2024-02-01,66.71924591064453,66.87322567000281,66.48374298365545,66.58337857159314,12060800
2024-02-02,66.1214599609375,66.24826768747442,66.0037119035826,66.14863205798073,7820000
2024-02-05,65.5960922241211,65.76819134017212,65.53268837776034,65.74101925037479,7577100
2024-02-06,65.90406799316406,65.96747184846575,65.66856499754267,65.6957370911717,8310500
2024-02-07,65.77723693847656,65.99462052086206,65.76817727364815,65.80440902246232,9257500
2024-02-08,65.60514068603516,65.72288869188012,65.56890893565983,65.66854452156703,7987500
2024-02-09,65.5508041381836,65.5779762264998,65.47834062900665,65.51457238359512,5940700
2024-02-12,65.56891632080078,65.65949225169092,65.49645281188845,65.62326049723475,6063000
2024-02-13,64.99827575683594,65.21565935307287,64.98015642602458,65.19754693276143,12938800
2024-02-14,65.24283599853516,65.29718017376746,65.04356480868283,65.06168414076055,6915700
2024-02-15,65.42399597167969,65.52362465794023,65.31530070871291,65.49645256982367,6733900
2024-02-16,65.21566772460938,65.22472739117802,65.08886003465159,65.134151456994,5029200
2024-02-20,65.29718017578125,65.40587543674961,65.26095533262554,65.32435917389864,7605000
2024-02-21,65.11604309082031,65.36965851345026,65.08887099703882,65.36965851345026,6625600
2024-02-22,65.14320373535156,65.23377966887136,65.07074022433542,65.15226340185377,11884200
2024-02-23,65.37870788574219,65.44211173141487,65.1522645925539,65.1522645925539,6147200
2024-02-26,65.2609634399414,65.39682389490419,65.15226816546992,65.39682389490419,5255800
2024-02-27,65.16130828857422,65.31528803168253,65.13413620573148,65.23376487265512,5534300
2024-02-28,65.30622100830078,65.33339308808166,65.17941336232434,65.21564510553166,5255300
2024-02-29,65.41494750976562,65.54175521636293,65.36965608148013,65.39682817425074,6002900
2024-03-01,65.68926239013672,65.73468085807211,65.22602035075974,65.34410559543764,6366800
2024-03-04,65.53484344482422,65.60751021353644,65.48942498190794,65.51667328770391,26404700
2024-03-05,65.88908386230469,65.96175062945346,65.75283540637183,65.80733201679124,6208600
2024-03-06,66.00716400146484,66.13432738257771,65.95266738952633,65.96175246814425,28955300
2024-03-07,66.11614990234375,66.17064650253424,65.99807162530334,66.16156142587482,7495500
2024-03-08,66.17975616455078,66.27967125527319,66.134337694264,66.22517463483754,7187700
2024-03-11,66.1524887084961,66.22515546796949,66.08890702642778,66.21607039056441,5626200
2024-03-12,65.95266723632812,66.05258231123966,65.89817062451621,66.04349723264284,4699400
2024-03-13,65.8436508178711,65.96173602080641,65.8254875950487,65.88906926975126,6123200
2024-03-14,65.45309448242188,65.67109479816702,65.44401633334608,65.67109479816702,5214000
2024-03-15,65.416748046875,65.49849988144246,65.37133652090056,65.42583312402326,4783900
2024-03-18,65.33501434326172,65.43492941937176,65.30776603702891,65.40768111313895,5284200
2024-03-19,65.50757598876953,65.57115766033436,65.41673908949194,65.4439943172047,4560100
2024-03-20,65.62567901611328,65.75284240722083,65.42584885011998,65.55301224122752,5287200
2024-03-21,65.68018341064453,65.79826866628964,65.61660170756096,65.76193527454392,5492900
2024-03-22,65.89815521240234,65.96173688794075,65.84365168345307,65.95265181146873,4169400
2024-03-25,65.77098083496094,65.85272571985615,65.725562390098,65.85272571985615,7950500
2024-03-26,65.82549285888672,65.84365608316156,65.68924442223368,65.79824455753278,7603100
2024-03-27,66.05258178710938,66.07983009279911,65.87091486603698,65.91633332877619,7825200
2024-03-28,65.9708480834961,66.07984826611681,65.91635145712891,65.97993316451941,5326400
2024-04-01,65.52079010009766,65.7667702685132,65.46613092958566,65.73032850465327,6157500
2024-04-02,65.44790649414062,65.45701867273365,65.2110454551679,65.30214638943093,9043000
2024-04-03,65.49344635009766,65.50255852673082,65.19280707619154,65.27480276478151,5419200
2024-04-04,65.63008880615234,65.64830620542489,65.47521658540033,65.64830620542489,12412900
2024-04-05,65.3021469116211,65.52990272437779,65.3021469116211,65.38413566794672,11531700
2024-04-08,65.24747467041016,65.3203512334713,65.20192073676182,65.23836249356961,13873100
2024-04-09,65.48433685302734,65.52989078750294,65.42056551509424,65.42967769210027,8886200
2024-04-10,64.71907043457031,65.04703924872526,64.69174085848297,65.0288148976314,8196500
2024-04-11,64.71907043457031,64.89216701719471,64.60063995467404,64.85572526556044,16574100
2024-04-12,64.86485290527344,65.00150778348606,64.85574767713354,64.91951902689199,12479100
2024-04-15,64.43668365478516,64.55511418634066,64.34557576068165,64.54600200681902,8079200
2024-04-16,64.2726821899414,64.3273413515128,64.15424473913055,64.24534565860108,14378900
2024-04-17,64.5824203491211,64.62797427964959,64.37288895001942,64.47309508618504,6568500
2024-04-18,64.4093246459961,64.58242124373749,64.35466548904789,64.57330906739476,6349500
2024-04-19,64.4913330078125,64.5733217593498,64.43667384012097,64.54599217550403,8338300
2024-04-22,64.51863098144531,64.57329012235718,64.4275300964082,64.46397184053345,5938300
2024-04-23,64.63709259033203,64.78285963708893,64.41844897075204,64.48222031606934,6044400
2024-04-24,64.47309875488281,64.53687009091912,64.34555608281019,64.53687009091912,4616600
2024-04-25,64.29090118408203,64.30911858820495,64.10869934063354,64.18157590768006,5367500
2024-04-26,64.43668365478516,64.5277845983322,64.40934711622023,64.40934711622023,4256600
2024-04-29,64.62796783447266,64.66440958515044,64.51864258243933,64.54597215780935,4799500
2024-04-30,64.38199615478516,64.53686840245655,64.32733699691387,64.4366622632106,6605800
2024-05-01,64.61408233642578,64.81511722785102,64.42218729597357,64.51356489071316,8119200
2024-05-02,64.86995697021484,64.89736955763148,64.55927168393944,64.59582412438334,6014800
2024-05-03,65.19892120361328,65.38168340370538,65.04357856228381,65.2902988178268,7256900
2024-05-06,65.26290130615234,65.30859360964634,65.18979640922862,65.24462856775476,5584300
2024-05-07,65.3908462524414,65.54619593663,65.3451609102304,65.46395116598094,4635400
2024-05-08,65.2354736328125,65.30857851283722,65.2354736328125,65.2628862199055,6774500
2024-05-09,65.40911102294922,65.44566347136802,65.20807604247912,65.24462849089794,4525200
2024-05-10,65.22632598876953,65.3177105637173,65.1989134049509,65.29943086006205,5562000
2024-05-13,65.28118896484375,65.42739180482614,65.27204910869874,65.42739180482614,5600500
2024-05-14,65.47307586669922,65.5187611983345,65.37255837676825,65.45479615671178,4272500
2024-05-15,65.89341735839844,65.93910966086388,65.7380746846824,65.81117260829396,4208200
2024-05-16,65.78374481201172,65.93909442149099,65.76547207824852,65.91167486334882,4359500
2024-05-17,65.6192626953125,65.78374518677796,65.61012981421133,65.72892001351113,4373500
2024-05-20,65.55529022216797,65.6101223608708,65.54615734210431,65.5827028056873,3699600
2024-05-21,65.69237518310547,65.7289276267388,65.65582273947214,65.7289276267388,4612300
2024-05-22,65.61013793945312,65.6832358556398,65.53703305160064,65.55530578773084,4306200
2024-05-23,65.41824340820312,65.65583083528301,65.34514548358878,65.6284182420943,3589900
2024-05-24,65.49134826660156,65.50962797649454,65.36341818401715,65.3999706321365,4025200
2024-05-28,65.18065643310547,65.55530678865456,65.16237672503033,65.55530678865456,4743400
2024-05-29,64.94309997558594,65.07103010640768,64.85172230666602,65.0618902480149,4877500
2024-05-30,65.22632598876953,65.26287842441579,65.116675653495,65.17150082113227,3723200
2024-05-31,65.46393585205078,65.50048830026986,65.37255821733639,65.38169807230783,4193000
2024-06-03,65.82962799072266,65.8387958674974,65.56381550858323,65.6004800226412,4798900
2024-06-04,66.07713317871094,66.12296558928364,65.91215328395488,65.95797870148355,5298400
2024-06-05,66.26045227050781,66.26962015073894,65.99463968815417,66.15962656709631,5506400
2024-06-06,66.26962280273438,66.29711945148449,66.15046133409196,66.15046133409196,4119700
2024-06-07,65.73796081542969,65.838786466432,65.72879293996402,65.838786466432,3826500
2024-06-10,65.63716125488281,65.67382577827945,65.5730000871994,65.64632913399267,3925100
2024-06-11,65.90299224853516,65.93048890051722,65.68301203963382,65.70134080994029,4073200
2024-06-12,66.2054672241211,66.52627314174524,66.19629934274768,66.37961501194876,4495700
2024-06-13,66.49877166748047,66.58126161472455,66.35211354832117,66.41627472719236,4339600
2024-06-14,66.59959411621094,66.66375529194156,66.54459382769636,66.59959411621094,3527000
2024-06-17,66.35211181640625,66.37044757734458,66.26045399084614,66.33378304851176,4019000
2024-06-18,66.5812759399414,66.6729337876145,66.4254568995926,66.43462478227357,8491900
2024-06-20,66.45294189453125,66.48043854470397,66.31545165062336,66.36128406294075,4227800
2024-06-21,66.47127532958984,66.61793346486476,66.3887853732813,66.58126893104603,4115300
2024-06-24,66.50791931152344,66.52625506928919,66.41626150182256,66.48959054680031,31937200
2024-06-25,66.54460144042969,66.55376932173822,66.43461483690537,66.51710478954861,5958500
2024-06-26,66.23295593261719,66.28794922817387,66.20545928483885,66.26962046066954,5910600
2024-06-27,66.35211181640625,66.41627299360272,66.3246151680426,66.36127969687541,5514800
2024-06-28,66.04047393798828,66.49877005971466,66.04047393798828,66.49877005971466,4824500
2024-07-01,65.6920166015625,65.9770392303339,65.64605018790023,65.81154470911707,4960000
2024-07-02,65.88507080078125,65.95861843364047,65.8023200687984,65.91265203992312,6080100
2024-07-03,66.26202392578125,66.28960516402088,66.02297483677599,66.06894824354674,4438600
2024-07-05,66.56546783447266,66.6114342517248,66.3999733003311,66.43675064286931,4201700
2024-07-08,66.56546783447266,66.6114342517248,66.46433189613276,66.55627174519789,4742300
2024-07-09,66.53787994384766,66.5838463565145,66.39077058836939,66.53787994384766,8533200
2024-07-10,66.59302520751953,66.62980253686942,66.4918893054469,66.58382912154248,5591500
2024-07-11,66.92402648925781,67.06193974609371,66.90563431391456,66.9608038253847,4978100
2024-07-12,67.09870910644531,67.09870910644531,66.93321462082586,66.97918102460089,4656800
2024-07-15,66.88724517822266,67.03435451398792,66.8688600185316,66.94240767185502,4557200
2024-07-16,67.14466857910156,67.1538646647308,66.94239678260665,66.95159286823589,4636600
2024-07-17,67.20901489257812,67.24579221383,67.0159392169234,67.06191262212744,8365100
2024-07-18,67.03433990478516,67.21821951985852,66.99756257885895,67.0986984715166,7673700
2024-07-19,66.85964965820312,67.10788784111409,66.84125748787922,67.10788784111409,5593100
2024-07-22,66.83208465576172,66.97918698130647,66.74933389831327,66.96080182107316,5055700
2024-07-23,66.84127807617188,66.96080617642086,66.83208900273723,66.86886634015539,6981700
2024-07-24,66.648193359375,66.96998625034111,66.648193359375,66.92401984566534,5080200
2024-07-25,66.7953109741211,66.94241330771165,66.72175630004591,66.72175630004591,4567700
2024-07-26,67.06192779541016,67.08031295291748,66.9699809641984,67.01595437980427,3692700
2024-07-29,67.14466857910156,67.24580447734901,67.080310008813,67.16306075036005,5185000
2024-07-30,67.2274398803711,67.27340629345876,67.08952661198764,67.24582504269412,4282400
2024-07-31,67.59520721435547,67.59520721435547,67.29180640560614,67.4664900192349,6041400
2024-08-01,67.84789276123047,67.94933777476535,67.72800639796088,67.7833374831626,8733700
2024-08-02,68.62255096435547,68.65021650205006,68.24443651987251,68.36432286188116,6476300
2024-08-05,68.55799865722656,68.98222708371557,68.419670948586,68.9730028911404,8354200
2024-08-06,68.13377380371094,68.5026640919968,68.13377380371094,68.48422274378117,6484400
2024-08-07,67.96778106689453,68.13378136324127,67.86633605046055,68.06922608332853,5907200
2024-08-08,67.8663101196289,67.90319984205507,67.75564798834552,67.78331352116636,4357500
2024-08-09,68.10609436035156,68.18909800037028,68.06920463545386,68.15220827547257,6093100
2024-08-12,68.22599792480469,68.26288061922062,68.00465954232922,68.06921481155207,4822900
2024-08-13,68.4842300415039,68.49344719859539,68.37356083242605,68.4196747618746,4049000
2024-08-14,68.61332702636719,68.68710648448929,68.48421649265168,68.53032337698072,6333600
2024-08-15,68.32743072509766,68.32743072509766,68.16143750477976,68.2075443873138,5108300
2024-08-16,68.4749984741211,68.4749984741211,68.29055684818557,68.44733293383047,4647700
2024-08-19,68.55799865722656,68.63177812583312,68.43811229773894,68.46577783946705,4964700
2024-08-20,68.76087188720703,68.77932026785246,68.62254421234465,68.69631662693936,4444000
2024-08-21,68.90845489501953,69.01911707362301,68.70556485291564,68.84389961216813,4541800
2024-08-22,68.63177490234375,68.77933383262634,68.5487782810576,68.76088544834248,3999700
2024-08-23,68.93610382080078,68.96376935878214,68.68710694297211,68.77932774824211,4292000
2024-08-26,68.86233520507812,69.02833549510072,68.86233520507812,69.02833549510072,4427200
2024-08-27,68.86233520507812,68.89000074741564,68.69633491505554,68.71478330061224,3715900
2024-08-28,68.81622314453125,68.91766814948114,68.79777476036017,68.86233003296492,5179900
2024-08-29,68.71476745605469,68.76087433731982,68.63176381218398,68.71476745605469,3840800
2024-08-30,68.5764389038086,68.8346599772888,68.53954917388334,68.7516633619544,5037400
2024-09-03,68.86873626708984,68.9704905093202,68.75773677188947,68.83174114031972,6220100
2024-09-04,69.17400360107422,69.20175347672257,68.88724547611388,68.90574304073095,7338600
2024-09-05,69.34051513671875,69.36826501445786,69.12776136908822,69.31276525897964,9994300
2024-09-06,69.42377471923828,69.71053287774873,69.25726838842175,69.37752021611567,22536000
2024-09-09,69.51627349853516,69.57177325379479,69.32201729768045,69.4052669305699,5040900
2024-09-10,69.7475357055664,69.76603327251655,69.50702499053632,69.54402718188298,5653900
2024-09-11,69.71052551269531,69.84928194995692,69.59027369770622,69.63652113849638,6471000
2024-09-12,69.63651275634766,69.73826699426164,69.55326313847878,69.68276724901573,5685400
2024-09-13,69.78453063964844,69.8585279572,69.71052626465124,69.80302820467492,4786700
2024-09-16,69.96953582763672,69.99728570441799,69.78453194413107,69.8400316976936,4734900
2024-09-17,69.87704467773438,69.98805125944914,69.84004248382945,69.96954663377325,5398400
2024-09-18,69.66427612304688,69.99728877391682,69.65503086867821,69.76603038067081,5695700
2024-09-19,69.66427612304688,69.70127831285977,69.53477198742479,69.58102648905243,5135600
2024-09-20,69.65503692626953,69.73828656750383,69.5070281541463,69.58103254020791,4265000
2024-09-23,69.60874938964844,69.71050360783674,69.4237455697297,69.54399734693254,6632500
2024-09-24,69.69203186035156,69.71978879812943,69.44227587992408,69.48853038544054,5017900
2024-09-25,69.43302154541016,69.59028262511856,69.43302154541016,69.59028262511856,4793100
2024-09-26,69.43302154541016,69.53477580862587,69.30351740267132,69.50702592910277,4919700
2024-09-27,69.63651275634766,69.68276724901573,69.51626095583327,69.59026532112429,3927900
2024-09-30,69.47928619384766,69.6180426691687,69.40528179935009,69.60879035549463,5661900
2024-10-01,69.6843032836914,69.82346919685106,69.6286397497365,69.70285543558558,6267100
2024-10-02,69.55438995361328,69.58222170977405,69.36883311542545,69.44305585070057,6902500
2024-10-03,69.24826049804688,69.44308996515336,69.24826049804688,69.4245378113555,7733800
2024-10-04,68.79363250732422,68.93279838236806,68.75652113542783,68.8121846541372,5218300
2024-10-07,68.58953094482422,68.67302623194973,68.55241956890026,68.59881055837302,7044200
2024-10-08,68.69160461425781,68.69160461425781,68.48749552889414,68.54315906916672,8642400
2024-10-09,68.50605010986328,68.5988321179688,68.46894580054919,68.5988321179688,4997800
2024-10-10,68.47821044921875,68.51532183253059,68.30194022632828,68.45965829669913,4579000
2024-10-11,68.48749542236328,68.58027034876432,68.4040001120843,68.49677503848534,8508000
2024-10-14,68.44108581542969,68.44108581542969,68.26481562666586,68.2833677755937,3380100
2024-10-15,68.71014404296875,68.73797580795052,68.51531460982447,68.64520089858732,4456200
2024-10-16,68.80292510986328,68.87714078939754,68.75653411666657,68.78436588127589,7437800
2024-10-17,68.46892547607422,68.64519566694871,68.43181409950293,68.64519566694871,4250400
2024-10-18,68.50605010986328,68.63594350555633,68.50605010986328,68.56172073038128,3930300
2024-10-21,68.04216003417969,68.3297714831269,68.02360788179884,68.3297714831269,5259900
2024-10-22,68.06999969482422,68.18132676698674,67.98649731242968,68.14421538350835,4633000
2024-10-23,67.90300750732422,68.0700052073647,67.80095296406208,68.06072559117544,6429400
2024-10-24,68.01431274414062,68.1349264810434,67.88442647229991,67.9864809827849,6219500
2024-10-25,67.87515258789062,68.17203650023413,67.84731374881743,68.17203650023413,4641400
2024-10-28,67.79166412353516,67.98649356735994,67.68032997923288,67.94938218592586,4582800
2024-10-29,67.8473129272461,67.85659254015812,67.53187687094425,67.63393137816442,5543800
2024-10-30,67.78238677978516,68.12566176084839,67.74527539710758,67.97721623013808,4610300
2024-10-31,67.77310943603516,67.8751639615922,67.56900038492108,67.6803274467855,6115700
2024-11-01,67.51065826416016,68.01321984136433,67.48273935994327,67.97599226893068,6409800
2024-11-04,67.78055572509766,67.94807625796547,67.65956433442807,67.77124705648453,6860100
2024-11-05,67.94805908203125,67.9666693141195,67.5664818701189,67.5664818701189,6236900
2024-11-06,67.3896713256836,67.55718474438925,67.2221508065448,67.25006970966241,6382500
2024-11-07,67.89222717285156,67.96668231631185,67.4734294166457,67.4734294166457,6590200
2024-11-08,68.02254486083984,68.16214653048725,67.90156053404455,67.90156053404455,5398500
2024-11-11,67.89222717285156,67.93876341262256,67.79916179374284,67.93876341262256,4372000
2024-11-12,67.48275756835938,67.77126245702372,67.4362213151524,67.6968072920667,7197800
2024-11-13,67.45482635498047,67.86431548669563,67.38967987263256,67.86431548669563,5458100
2024-11-14,67.43621826171875,67.67819398665507,67.38968911105388,67.56651124427638,6643300
2024-11-15,67.45482635498047,67.6223468953657,67.19423332515477,67.3245262898506,18467300
2024-11-18,67.51997375488281,67.57581156895867,67.31522563602581,67.38037211925902,4964800
2024-11-19,67.6409683227539,67.73403372715605,67.62235808204757,67.71542348644971,4900500
2024-11-20,67.5665054321289,67.65026925681622,67.47344003836976,67.482748707876,6557800
2024-11-21,67.5292739868164,67.69679452616194,67.4734361738459,67.56650156227475,5115500
2024-11-22,67.55719757080078,67.63165272687256,67.4920510843466,67.58512357965357,10409500
2024-11-25,68.18074035644531,68.1900419242272,67.9480733540964,67.9480733540964,10207100
2024-11-26,68.05974578857422,68.1062820270414,67.88292370335171,68.1062820270414,5537900
2024-11-27,68.24588775634766,68.32964447011832,68.13420503755326,68.13420503755326,5366600
2024-11-29,68.49715423583984,68.52507313604346,68.40408886835034,68.40408886835034,3870800
2024-12-02,68.53732299804688,68.5933376405595,68.30394883328478,68.41597099629574,6212800
2024-12-03,68.37859344482422,68.6586451405014,68.33191578820787,68.63997122905067,6249200
2024-12-04,68.61199188232422,68.65866955553916,68.22925490359808,68.33194008706054,6769700
2024-12-05,68.62133026123047,68.66800081339808,68.47196740146254,68.49997115716575,6146200
2024-12-06,68.80802154541016,68.88270296968442,68.6773326139365,68.82669546248503,4880500
2024-12-09,68.60265350341797,68.75201635700405,68.58398670772614,68.75201635700405,5432900
2024-12-10,68.52799224853516,68.58399976828912,68.44397384689002,68.49998136664396,5751900
2024-12-11,68.37859344482422,68.69597871938193,68.3505896996586,68.69597871938193,4642900
2024-12-12,68.1078872680664,68.34126133646933,68.07988351937988,68.15456493055154,6880600
2024-12-13,67.83719635009766,68.06124066240136,67.80919259156316,68.06124066240136,5171400
2024-12-16,67.91187286376953,68.04256180879784,67.81852463475121,67.91187286376953,7871100
2024-12-17,67.92120361328125,67.99587791646047,67.87452594203313,67.90252969597692,6084800
2024-12-18,67.38912200927734,67.97722230489033,67.37978504908905,67.9212147877883,7962700
2024-12-19,67.20240783691406,67.32376693421656,67.0997226570486,67.2490855084939,7669100
2024-12-20,67.40778350830078,67.59448708731944,67.38911671140558,67.49180189936251,6696400
2024-12-23,67.19306945800781,67.40776962714985,67.15572874989358,67.33308821092137,7605400
2024-12-24,67.28954315185547,67.28954315185547,67.07414568822773,67.10224038825375,4185300
2024-12-26,67.33637237548828,67.3550997937804,67.08350578511889,67.08350578511889,8714400
2024-12-27,67.19586944580078,67.36444473509411,67.18650216719003,67.32698276579114,9018700
2024-12-30,67.4581069946289,67.50493625011552,67.3363609335614,67.3363609335614,8054500
2024-12-31,67.34574890136719,67.58924109829964,67.317647052358,67.51431712456193,8724200
2025-01-02,67.37382507324219,67.60795706791413,67.28953383968674,67.60795706791413,8053300
2025-01-03,67.28954315185547,67.48621319717999,67.27081573355227,67.40192909710196,6857000
2025-01-06,67.22398376464844,67.31763514268029,67.1490598041661,67.22398376464844,5375700
2025-01-07,66.98985290527344,67.21461764546457,66.90556880713011,67.16779552821015,7875900
2025-01-08,67.06475830078125,67.11158755021368,66.91491041870968,66.94301225545331,5844300
2025-01-10,66.71825408935547,67.18651809897082,66.66206469464699,67.18651809897082,9602400
2025-01-13,66.65269470214844,66.72761865547274,66.58713802927504,66.71825137502184,11856300
2025-01-14,66.69953155517578,66.72762625458653,66.5965128939082,66.63397487483661,5166000
2025-01-15,67.23336029052734,67.31764439880237,67.05541764620035,67.05541764620035,5867900
2025-01-16,67.36446380615234,67.45811518335269,67.09286981067189,67.14905920796369,8494100
2025-01-17,67.38317108154297,67.52365167792244,67.34571625797238,67.52365167792244,5600200
2025-01-21,67.5798568725586,67.62667898059803,67.49556564586223,67.62667898059803,8491600
2025-01-22,67.43937683105469,67.61731227534149,67.40191485722039,67.57049016690429,6616600
2025-01-23,67.33637237548828,67.43002375723373,67.24272099374282,67.43002375723373,7529700
2025-01-24,67.46746826171875,67.51429036789115,67.3082602394796,67.4300062896965,5555700
2025-01-27,67.82334899902344,67.8420835583564,67.67350825006397,67.74842505197327,8621200
2025-01-28,67.785888671875,67.795255951769,67.62668063938222,67.795255951769,4424300
2025-01-29,67.74842834472656,67.88890896598814,67.58922030836267,67.83271957553998,5780200
2025-01-30,67.84208679199219,67.92637087758531,67.78589025645557,67.86081420707693,5622300
2025-01-31,67.74842834472656,67.93573822145572,67.61731500358675,67.87954883100758,6738300
2025-02-03,67.80950164794922,68.05379450831369,67.70614725196533,67.8658813347583,7163800
2025-02-04,67.90348052978516,67.92227615436879,67.62161067690445,67.68738102608633,7296200
2025-02-05,68.25110626220703,68.36385846867104,68.11956560554643,68.13835405574302,8981700
2025-02-06,68.1759262084961,68.26049214067035,68.10076525241853,68.1759262084961,5722100
2025-02-07,67.96923828125,68.06320204989167,67.9034679442583,68.01622016557084,6415300
2025-02-10,67.98802947998047,68.12896795534635,67.95044540865433,68.07258826414282,5439200
2025-02-11,67.87527465820312,67.94104498838979,67.81890213759408,67.94104498838979,6870800
2025-02-12,67.52762603759766,67.6403710645924,67.41487384217547,67.58399855109502,5279600
2025-02-13,67.93164825439453,67.9974185786822,67.71554166406206,67.80010760581918,6452900
2025-02-14,68.14776611328125,68.28870460872142,68.0819957711998,68.0819957711998,6131500
2025-02-18,67.89408874511719,68.07260416507962,67.88469093298328,67.97864754903145,7151700
2025-02-19,67.98802947998047,68.01621574136792,67.8470910046146,67.92225914726687,4720700
2025-02-20,68.07260131835938,68.11958320863388,68.04441505156667,68.08199913010029,6199000
2025-02-21,68.37324523925781,68.45781118142597,68.14774800752232,68.15714581630273,4460600
2025-02-24,68.46722412109375,68.51419883852144,68.29809936780954,68.30749001023747,5580100
2025-02-25,68.8994369506836,68.8994369506836,68.63635556845644,68.6927281022394,4835300
2025-02-26,69.00276947021484,69.04035353694923,68.7866628785991,68.88061946122117,5825400
2025-02-27,68.918212890625,68.98398322423826,68.79607003346575,68.88062881878476,14908500
2025-02-28,69.20950317382812,69.2376894419212,68.9746080484786,69.07795530867648,8363500
2025-03-03,69.36873626708984,69.38758074267194,69.00120787990703,69.02947818818205,7549300
2025-03-04,69.17084503173828,69.50067731663597,69.09545274096035,69.3687444026769,7693100
2025-03-05,68.92581939697266,69.28392197120019,68.91639356376021,69.07660396915527,7758400
2025-03-06,68.86929321289062,68.98237447592625,68.69966412853157,68.89756352864953,7196400
2025-03-07,68.79390716552734,69.14259120113493,68.74678517510789,69.10489504676063,5036100
2025-03-10,69.11429595947266,69.2368102272057,69.04832950369504,69.07660700457498,8167000
2025-03-11,68.8504409790039,69.1991249800564,68.83159649858742,68.98237391133608,8359200
2025-03-12,68.7090835571289,68.85043512274349,68.69023188851031,68.7090835571289,6193000
2025-03-13,68.91639709472656,68.93524876211733,68.57713897973774,68.7184977259505,4711400
2025-03-14,68.74677276611328,68.8598612088234,68.73735412157451,68.8127392269096,5094900
2025-03-17,68.84102630615234,69.02007404476043,68.80333015333854,68.91641142197396,4772900
2025-03-18,68.91639709472656,69.00121521837602,68.76561970462292,68.7750455383183,4196100
2025-03-19,69.12372589111328,69.15199620386478,68.79389359267104,68.8598600523595,4201600
2025-03-20,69.1520004272461,69.42529211687634,69.12373011276802,69.40644763715939,3760700
2025-03-21,69.095458984375,69.28393253854557,69.07661450488003,69.20854743076048,7078500
2025-03-24,68.79390716552734,69.00123241968286,68.77506268324333,68.97296210135372,5637000
2025-03-25,68.87870788574219,68.95410018328816,68.78447110871232,68.79389694335688,6133700
2025-03-26,68.7279281616211,68.85043524864608,68.69023201411994,68.81273910114493,4856900
2025-03-27,68.69966125488281,68.71850573466529,68.62426895614223,68.680809585295,5567900
2025-03-28,69.095458984375,69.12372929852006,68.85986344675918,68.94468157899959,4850500
2025-03-31,69.21795654296875,69.3216191404278,69.04832749165432,69.2650785199244,7106000
2025-04-01,69.43543243408203,69.56779787304703,69.21797080528216,69.22742754045835,4667900
2025-04-02,69.37870025634766,69.60561862365968,69.18960883029649,69.59616188834445,5313100
2025-04-03,69.73797607421875,69.9648872021565,69.60561064847383,69.73797607421875,7426200
2025-04-04,69.7947006225586,70.28634259191097,69.69069818826537,70.15397716887861,12678000
2025-04-07,68.9532470703125,69.67180753725583,68.87760760781822,69.63398780600869,14283000
2025-04-08,68.55613708496094,69.06669253524687,68.5088606269554,68.94377662978236,12629200
2025-04-09,68.71687316894531,68.73577942623245,67.58231018395303,67.59175970590883,20862000
2025-04-10,68.16849517822266,68.65068767337213,68.1306754518016,68.4710457762159,8058500
2025-04-11,68.09285736083984,68.2157732780043,67.51612635584861,67.78085723377913,7260400
2025-04-14,68.48050689697266,68.57505261239282,68.26304525946811,68.28195873057757,5409300
2025-04-15,68.65070343017578,68.77361215922298,68.40487875870448,68.41433549582409,5667500
2025-04-16,68.83978271484375,68.8776024432551,68.55614557182206,68.69796775002072,33963000
2025-04-17,68.68850708007812,68.85869224149315,68.64123061892803,68.82087251524811,7613800
2025-04-21,68.3103256225586,68.67905898310508,68.3103256225586,68.53723679519271,6092900
2025-04-22,68.43321228027344,68.57503442247241,68.42376276060095,68.5372147036611,5408200
2025-04-23,68.57503509521484,69.14231645620218,68.54667210917155,68.84922264925639,5283000
2025-04-24,68.96268463134766,68.97213415149987,68.78304276121732,68.83031921547504,3751500
2025-04-25,69.18960571289062,69.19906244777977,69.02887728665137,69.10450952563883,4021800
2025-04-28,69.35977935791016,69.38814234449312,69.10449805191544,69.11395478523443,4685400
2025-04-29,69.5394287109375,69.54887823189985,69.28414737745838,69.29360411179552,3790700
2025-04-30,69.49214935302734,69.56778879781875,69.36924066527217,69.49214935302734,8020700
2025-05-01,69.29865264892578,69.59269785231544,69.19431519556343,69.5642362623533,6295400
2025-05-02,68.95718383789062,69.09946283693047,68.87182078043301,68.96667103425608,6960800
2025-05-05,68.86234283447266,68.94771314000872,68.74852540923987,68.89079719078086,7575000
2025-05-06,69.01409149169922,69.02357145031574,68.76747507208655,68.82438377022423,6994000
2025-05-07,69.14688873291016,69.21328463151147,69.04255128702093,69.05203848299546,4357400
2025-05-08,68.77696228027344,69.16585044530359,68.77696228027344,69.10894174715519,4283200
2025-05-09,68.83389282226562,68.99513900926262,68.824405624027,68.8718343786082,3730700
2025-05-12,68.59674835205078,68.72005295543573,68.57778119638014,68.57778119638014,6982800
2025-05-13,68.56829071044922,68.70108250360353,68.48292042250145,68.57777790613451,5610300
2025-05-14,68.33116912841797,68.5682983908417,68.30271477478485,68.52086964371264,6426700
2025-05-15,68.70108032226562,68.72004747642401,68.45446389854798,68.53034698840106,5659000
2025-05-16,68.74851989746094,68.93822041538101,68.72005830682312,68.88131170732717,5310000
2025-05-19,68.72955322265625,68.7485276185458,68.3501449075942,68.45448237515156,5787700
2025-05-20,68.60623931884766,68.66314802559765,68.48292747207506,68.57778496547267,5810300
2025-05-21,68.17940521240234,68.48293038901507,68.10352934570744,68.43550887690712,10880400
2025-05-22,68.36910247802734,68.37858243702742,68.06557734799678,68.16991478987697,7067200
2025-05-23,68.47345733642578,68.56830760682155,68.37859982941825,68.54933321077533,4272600
2025-05-27,68.79594421386719,68.86234012150767,68.59675649094574,68.64418524066515,6148800
2025-05-28,68.6441879272461,68.72955099614856,68.56830481936959,68.68212948118435,5214700
2025-05-29,68.89080047607422,68.95719638949681,68.74852868774852,68.74852868774852,4685800
2025-05-30,69.0235824584961,69.03306965523531,68.80542758976962,68.8907906505902,5995600
2025-06-02,68.87133026123047,69.02359140799561,68.74761036514168,68.85229308003653,6888000
2025-06-03,68.79519653320312,68.99504337377753,68.76664802177211,68.93794635091551,7436800
2025-06-04,69.22344207763672,69.2900576943871,69.00456530569589,69.03311381850925,8343000
2025-06-05,69.09020233154297,69.30908633707281,69.07117241219797,69.24247072853012,6620600
2025-06-06,68.71906280517578,68.98552526112132,68.70003288427569,68.87133121460603,14677200
2025-06-09,68.82373046875,68.89034606816656,68.70952918665483,68.70952918665483,10147300
2025-06-10,68.95697021484375,69.05213433144081,68.88083601734341,69.00455590342064,9257000
2025-06-11,69.17585754394531,69.20440605424156,69.01407055133816,69.08068616221509,8034900
2025-06-12,69.43279266357422,69.44231125266136,69.29956145857884,69.37569565016366,5950100
2025-06-13,69.18535614013672,69.32810592590197,69.04261361492718,69.29003883232753,5656200
2025-06-16,69.0521240234375,69.27100799343708,69.04261269558731,69.13777679797842,6415500
2025-06-17,69.27101135253906,69.29955985858521,69.09019446683884,69.17584724553325,5123400
2025-06-18,69.30907440185547,69.48988401644581,69.24245880478418,69.347141494547,5176900
2025-06-20,69.3566665649414,69.43280076541004,69.156819734129,69.19488683436332,5396600
2025-06-23,69.52796936035156,69.6802377710884,69.45184241554058,69.51845803009859,5391900
2025-06-24,69.73731994628906,69.77538704086798,69.4613389560088,69.4613389560088,8789700
2025-06-25,69.75635528564453,69.7658666136217,69.56601981776562,69.65167259345006,5346300
2025-06-26,69.95621490478516,69.9657262345058,69.75636807229627,69.8229836831259,5373300
2025-06-27,69.7944107055664,69.99426474934143,69.77538079025963,69.8324777967352,6928700
2025-06-30,70.07040405273438,70.10847115062973,69.89910574248356,69.95621001960485,6986700
2025-07-01,70.01789855957031,70.12291644833053,69.91288795461429,70.0656366122083,6286300
2025-07-02,69.94151306152344,69.94151306152344,69.82694612973604,69.85558604173224,6342300
2025-07-03,69.76968383789062,69.85560359546963,69.7314948510318,69.8174146086108,6428400
2025-07-07,69.54052734375,69.7123740869307,69.49279658852332,69.65509426713783,8191000
2025-07-08,69.50236511230469,69.50236511230469,69.40688900751579,69.44507799267052,5934200
2025-07-09,69.77923583984375,69.78878490890789,69.58829816139423,69.58829816139423,6720200
2025-07-10,69.78878021240234,69.79832928082386,69.66467145814273,69.76968935936435,6650900
2025-07-11,69.50236511230469,69.59783393328944,69.47371791058552,69.58828486604972,4962400
2025-07-14,69.4928207397461,69.55964964733055,69.40689369639199,69.47372260397646,5624700
2025-07-15,69.28277587890625,69.57873139034868,69.26368502944054,69.57873139034868,5908400
2025-07-16,69.41643524169922,69.4832641420415,69.2350393905685,69.40688617484922,7874900
2025-07-17,69.4355239868164,69.52144372543738,69.38778594282508,69.42597492125756,6857300
2025-07-18,69.55008697509766,69.59782502137931,69.51189799483298,69.57872688934536,5206800
2025-07-21,69.75057983398438,69.86514678492158,69.73148898406343,69.7887688176301,5338500
2025-07-22,69.86514282226562,69.92242265258346,69.76967401046808,69.78876485930621,5507300
2025-07-23,69.7219467163086,69.80787375884185,69.69330679673237,69.76968477147201,5269400
2025-07-24,69.63603210449219,69.73150093807072,69.52146513391487,69.54055598710853,6139200
2025-07-25,69.80786895751953,69.80786895751953,69.62647310094025,69.64556395140983,4845900
2025-07-28,69.69330596923828,69.7410440238349,69.65511698232189,69.71239682079424,5806600
2025-07-29,70.05608367919922,70.06563274596073,69.76967723058792,69.76967723058792,7397900
2025-07-30,69.87470245361328,70.02745111882419,69.81741533083022,69.87470245361328,5554600
2025-07-31,69.88423919677734,70.03699513477441,69.86514834642972,70.02744606769859,6463200
2025-08-01,70.48960876464844,70.50877024595792,70.28845705868225,70.40340402264745,10782300
2025-08-04,70.53749084472656,70.54707158343695,70.40338973463092,70.5279101060162,6834400
2025-08-05,70.56623840332031,70.59497331664035,70.44171800961225,70.46087218250436,8145300
2025-08-06,70.50877380371094,70.54708946029935,70.25014494873024,70.47045814712253,8082200
2025-08-07,70.48004150390625,70.59498116997285,70.43214510440215,70.59498116997285,4193100
2025-08-08,70.32679748535156,70.41300956568391,70.30764330525908,70.40342882165443,5566300
2025-08-11,70.37467956542969,70.45131088612627,70.34594464715971,70.39383374162135,8668100
2025-08-12,70.38424682617188,70.38424682617188,70.24056495437775,70.29803477990997,5493400
2025-08-13,70.64288330078125,70.67161821962918,70.56625197854335,70.58541346308539,6208900
2025-08-14,70.44171142578125,70.64286310818459,70.39381503608202,70.64286310818459,6818100
2025-08-15,70.345947265625,70.4896218623228,70.29805086141556,70.43215202364368,4309100
2025-08-18,70.26931762695312,70.53751995784016,70.22142122159526,70.3746838723681,6941600
2025-08-19,70.40340423583984,70.41298497652359,70.34593440766515,70.34593440766515,5098500
2025-08-20,70.45130157470703,70.49919066283925,70.36508952332663,70.39382443779877,5512500
2025-08-21,70.27888488769531,70.37467037207065,70.20225357700943,70.34593545755445,5695500
2025-08-22,70.63329315185547,70.70034372289282,70.38425234969621,70.40340652372225,5828700
2025-08-25,70.53749084472656,70.61412213848476,70.4895944591371,70.5279101060162,5361700
2025-08-26,70.62372589111328,70.65246080864576,70.48961742935376,70.5470945723835,4648300
2025-08-27,70.69076538085938,70.70033881322551,70.4896063737523,70.55666424809708,6053900
2025-08-28,70.77699279785156,70.8057277200843,70.652472365521,70.68120728775375,5857300
2025-08-29,70.69076538085938,70.75781594724052,70.65244972750392,70.70991955355528,7736300
2025-09-02,70.53987884521484,70.56870868463058,70.45338199486199,70.48221183427772,6222400
2025-09-03,70.77052307128906,70.84740752915609,70.57831925872696,70.58792431688124,6005100
2025-09-04,71.03961944580078,71.04923183715708,70.84741561131239,70.92430007795026,8842600
2025-09-05,71.37599182128906,71.47210108679657,71.35677436745208,71.39521660723358,6321800
2025-09-08,71.60663604736328,71.61624110699226,71.51053412632739,71.52975157769193,6414400
2025-09-09,71.47208404541016,71.61623324508626,71.40481197485938,71.56818595589615,6613200
2025-09-10,71.5970230102539,71.71234971372138,71.53936332457343,71.58741061860499,5680700
2025-09-11,71.75080108642578,71.84690301883501,71.66430421478226,71.66430421478226,6437200
2025-09-12,71.66429901123047,71.67391140340567,71.52975484920533,71.63546916681179,5493000
2025-09-15,71.79884338378906,71.81806816819584,71.74118369478262,71.750796086986,7193600
2025-09-16,71.80845642089844,71.856503718133,71.74118433908444,71.79884402860873,7012200
2025-09-17,71.68350219726562,72.00064508696829,71.62584251990349,71.88532573224403,8872000
2025-09-18,71.50092315673828,71.57780762793887,71.39520884186418,71.49131076481153,7641400
2025-09-19,71.52974700927734,71.54896445941452,71.44325015339474,71.51052955914017,5295700
2025-09-22,71.39521789550781,71.51054461693329,71.3759931092164,71.49131983064188,7813900
2025-09-23,71.53936004638672,71.54896510548897,71.41442095699547,71.47208797213996,6492000
2025-09-24,71.39521789550781,71.48170743749617,71.36638804817837,71.47210237645812,5158400
2025-09-25,71.31831359863281,71.3279259891077,71.18376946040692,71.29909614978867,7402700
2025-09-26,71.31831359863281,71.43364028801456,71.26065391999475,71.3279259891077,5531400
2025-09-29,71.50092315673828,71.53936539233857,71.39520884186418,71.41442629361094,5534500
2025-09-30,71.47208404541016,71.63545802644694,71.44324687336915,71.5297437252806,8840700
2025-10-01,71.65239715576172,71.69096229970316,71.54634484881001,71.65239715576172,8762900
2025-10-02,71.72950744628906,71.7487863351105,71.58489003571356,71.62345516890349,7155600
2025-10-03,71.64273071289062,71.77770499498024,71.62345182496928,71.74878298532485,8372400
2025-10-06,71.47883605957031,71.61381034475379,71.46919293761525,71.50775806988865,8688800
2025-10-07,71.61380767822266,71.68129481830152,71.52704165049839,71.5559636597398,7229500
2025-10-08,71.61380767822266,71.73914619233096,71.59452879057724,71.72950307073496,6298400
2025-10-09,71.56560516357422,71.59452717216185,71.51739691223054,71.57524092940581,9071000
2025-10-10,71.8451919555664,71.90304333027858,71.69093878594289,71.75842592681818,7202600
2025-10-13,71.96089935302734,71.96089935302734,71.77771678771825,71.86449018648757,4358400
2025-10-14,72.06694030761719,72.09586231747524,71.89340089292212,71.95124491263822,6550100
2025-10-15,72.01873779296875,72.18264145446963,71.98018001378338,72.08622493986417,6264800
2025-10-16,72.28868865966797,72.3079675479068,71.98981072536478,71.98981072536478,8485100
2025-10-17,72.19227600097656,72.23084113505728,72.12478885522212,72.22120536819752,20337500
2025-10-20,72.28868865966797,72.29832442601398,72.22120151751179,72.25975929398946,6287200
2025-10-21,72.37545776367188,72.45258803099642,72.35617887461432,72.4043797750318,6179900
2025-10-22,72.37545776367188,72.38510088597423,72.27904860728977,72.3368926300096,7164500
2025-10-23,72.23082733154297,72.32723647054709,72.21154844596047,72.29831446440043,6041700
2025-10-24,72.32723999023438,72.35616935333465,72.2211950810514,72.34652623230122,6912300
2025-10-27,72.36581420898438,72.36581420898438,72.20191790855937,72.26940505317832,7706600
2025-10-28,72.40437316894531,72.42365941179037,72.31760714278198,72.34652915150309,7399700
2025-10-29,72.04765319824219,72.3850888673261,72.02836695683972,72.37544574662488,8938700
2025-10-30,71.92232513427734,72.03802053284592,71.82591597991035,71.83555910201115,7109500
2025-10-31,71.90304565429688,71.999454807871,71.86448052175784,71.98017591937494,7106700
2025-11-03,71.81986999511719,71.85856171973482,71.74248654588192,71.8101952190398,7085100
2025-11-04,71.85855102539062,71.93593446310932,71.81018453189374,71.82953408116882,11476200
2025-11-05,71.6554183959961,71.82952742488344,71.61672668072222,71.81017787740144,10862500
2025-11-06,71.93594360351562,71.96496055142441,71.84888538009751,71.8682349318312,6461200
2025-11-07,71.89725494384766,71.99398056756311,71.82954626927763,71.82954626927763,7073200
2025-11-10,71.8779067993164,71.9359480784363,71.84888984960256,71.88758157578509,7235100
2025-11-11,72.08101654052734,72.09069131481004,71.98429093677196,72.02298265421221,5229400
2025-11-12,72.05198669433594,72.10035317739745,72.00362759096363,72.042319301475,7129700
2025-11-13,71.8392105102539,71.97463523313735,71.8392105102539,71.92626873355813,7105100
2025-11-14,71.73280334472656,71.98428842979406,71.73280334472656,71.96494626159283,6473000
2025-11-17,71.771484375,71.84886780362086,71.76181698118984,71.7811591485001,6908300
2025-11-18,71.82953643798828,71.94560421868384,71.75215299773055,71.89724510329104,8009200
2025-11-19,71.80052185058594,71.93593918563826,71.77149752476791,71.90691485982025,7527500
2025-11-20,71.90692138671875,71.96496266393186,71.85856226534844,71.87790443795818,8461100
2025-11-21,72.08101654052734,72.11004086337543,71.96494876789708,72.11004086337543,6818400
2025-11-24,72.2067642211914,72.23578116344642,72.1100386204446,72.1777472789364,5734400
2025-11-25,72.37120056152344,72.43890922196225,72.25512540947526,72.25512540947526,7446200
2025-11-26,72.4485855102539,72.4485855102539,72.23578475023038,72.33251035577999,7327100
2025-11-28,72.33251190185547,72.42923750947254,72.26480323855444,72.40989533982545,4812100
2025-12-01,72.05013275146484,72.0986543207191,72.01131697673185,72.06953693715532,6891500
2025-12-02,72.11807250976562,72.15688829203559,72.02103675576745,72.05014674163155,6756900
2025-12-03,72.22480773925781,72.26362351813073,72.13747038595555,72.20540355149777,9774000
2025-12-04,72.08895111083984,72.16658266308922,72.05984112958441,72.15687686821997,7337500
2025-12-05,72.0016098022461,72.12776291854853,71.95309563727368,72.10835132987805,7270500
2025-12-08,71.8948745727539,72.01132190492213,71.78814043912371,72.00161610973664,8585700
2025-12-09,71.84635925292969,72.01132075167845,71.81724927119195,72.01132075167845,6665200
2025-12-10,72.05985260009766,72.0695509931584,71.80755371680235,71.81725951321657,8771100
2025-12-11,72.05985260009766,72.22481412237197,72.04044100726922,72.20540993289701,8924600
2025-12-12,71.83665466308594,71.89487462753814,71.81725047605272,71.85606625347171,8117600
2025-12-15,71.92398834228516,72.04042826524675,71.88517256684725,71.97250250906843,10495500
2025-12-16,72.05985260009766,72.0695509931584,71.8657736885807,71.92400106371252,6999300
2025-12-17,72.04044342041016,72.06955340727443,71.97251764994228,71.98222344668162,10071300
2025-12-18,72.19329071044922,72.2419668262495,72.13486897219664,72.19329071044922,6940500
2025-12-19,72.08619689941406,72.17381836960843,72.06672050954889,72.11540405614552,7540400
2025-12-22,72.06671142578125,72.08618781319149,72.01803531338639,72.07644961948637,9855300
2025-12-23,72.05699157714844,72.06672234426244,71.90121016652633,71.91094836170683,10188700
2025-12-24,72.23223114013672,72.24196190579447,72.09592614027436,72.12513329337838,5341700
2025-12-26,72.23223114013672,72.31985259944878,72.18354759958642,72.29064544634475,6730500
2025-12-29,72.33934783935547,72.33934783935547,72.25171892914092,72.30040248237871,9105700
2025-12-30,72.31012725830078,72.32960364920883,72.22250578341468,72.27118933261809,7743200
2025-12-31,72.11540985107422,72.29066023361172,72.1056716553591,72.21276952402462,8846700
2026-01-02,72.08619689941406,72.20303295440618,72.06672050954889,72.17381836960843,7453500
2026-01-05,72.22249603271484,72.25170318706698,72.12513637551915,72.15434352987128,11059100
2026-01-06,72.22249603271484,72.23223422685412,72.07645283288845,72.17381249008415,9079000
2026-01-07,72.30039978027344,72.35881409952178,72.24197803295804,72.33934513579469,11576600
2026-01-08,72.17382049560547,72.22250404363615,72.14461333801367,72.16408972845255,9906800
2026-01-09,72.32959747314453,72.3977499793699,72.17381607144877,72.22249961649521,10536800
2026-01-12,72.26143646240234,72.3393271540832,72.2030221576743,72.25169826892594,9851000
2026-01-13,72.31986236572266,72.3588077178091,72.26144805162618,72.34906952277089,11835200
2026-01-14,72.46590423583984,72.49511139234671,72.35880637660382,72.35880637660382,8765900
2026-01-15,72.35881042480469,72.50485364357584,72.35881042480469,72.48537725277079,9959500
2026-01-16,72.2419662475586,72.36854048937035,72.22249728700761,72.35880229506195,16105100
2026-01-20,71.97909545898438,72.07645511926847,71.94988830370575,71.95962649815394,12982700
2026-01-21,72.18355560302734,72.20303199263309,71.99856704210386,72.05698878285487,11453200
2026-01-22,72.21276092529297,72.2517062754491,72.09593230289062,72.13487022498072,13512400
2026-01-23,72.2906494140625,72.30038760832012,72.16408260097658,72.24196587084018,8079700
2026-01-26,72.37828063964844,72.41722599386559,72.34907348100226,72.37828063964844,7137300
2026-01-27,72.31986236572266,72.41722203190557,72.29065520867442,72.34906952277089,9827900
2026-01-28,72.2906494140625,72.30038760832012,72.19328975568365,72.28091121980488,9328300
2026-01-29,72.30039978027344,72.35881409952178,72.1835637137097,72.19330190960677,16397300
2026-01-30,72.27118682861328,72.33933933829675,72.21276508598,72.29065579078008,8977500
2026-02-02,72.19792175292969,72.32490769617593,72.17838086771391,72.31513725356804,8636400
2026-02-03,72.21745300292969,72.22722344524229,72.12953392744393,72.14907481206914,11287100
2026-02-04,72.18815612792969,72.24676388216015,72.13931136429457,72.17838568466975,11709600
2026-02-05,72.50072479248047,72.52025822136603,72.2955902522,72.34442755074525,12216700
2026-02-06,72.51050567626953,72.53003910796832,72.41281615978437,72.51050567626953,8257200
2026-02-09,72.530029296875,72.54956272593151,72.42257680540736,72.45188067532348,9429800
2026-02-10,72.74495697021484,72.79379428442068,72.70588264725113,72.72541608240044,8288400
2026-02-11,72.59842681884766,72.75472410359058,72.56912294112455,72.58865637538504,7968800
2026-02-12,72.93054962158203,72.95008305444951,72.7058741539529,72.73517802958624,9884300
2026-02-13,73.14543914794922,73.16498003133144,73.07706096143818,73.10636483384815,8307900
2026-02-17,73.13568878173828,73.17476310258337,73.09661446089319,73.15522221582849,9689000
2026-02-18,73.05753326416016,73.1259114560374,73.03799237924439,73.05753326416016,6972500
2026-02-19,73.08683013916016,73.11613401106332,72.98914808192848,72.98914808192848,8147900
2026-02-20,73.07707214355469,73.10637602044868,72.95985663597875,73.10637602044868,9131300
2026-02-23,73.23335266113281,73.282189960556,73.10635928677432,73.10635928677432,6286900
2026-02-24,73.19428253173828,73.23335684510691,73.15520821836964,73.21381596209098,9854400
2026-02-25,73.17474365234375,73.2333513917008,73.13566934188484,73.14543233000255,7002000
2026-02-26,73.2822036743164,73.29197411709458,73.19429204730552,73.19429204730552,14876200
2026-02-27,73.42872619628906,73.48734139685413,73.38965188013361,73.40919276454322,8500900
2026-03-02,73.13282775878906,73.23080700910847,73.04464867610287,73.21121414917965,8732600
2026-03-03,73.05443572998047,73.1524224480748,72.80948388541874,72.82908421917243,8939900
2026-03-04,73.00546264648438,73.09364173782545,72.99566247788924,73.06424870737843,11305400
2026-03-05,72.83887481689453,72.86827531667993,72.74089557695376,72.78008876799744,10025800
2026-03-06,72.74089813232422,72.91726376054804,72.5743326710398,72.62332603039974,10878000
2026-03-09,72.94666290283203,72.99565626630022,72.61353195232914,72.65272514803614,8201800
2026-03-10,72.7213134765625,72.94666501422823,72.71151330851765,72.88787895663508,8622900
2026-03-11,72.39795684814453,72.6037154728757,72.35876366124297,72.59391530731631,9003400
2026-03-12,72.13343048095703,72.33918915788912,72.07463694802077,72.29019579299855,12383500
2026-03-13,72.06483459472656,72.30978643566671,72.02564140313571,72.25099291061196,7060100
2026-03-16,72.33918762207031,72.38817351058293,72.25100106220715,72.33918762207031,7716600
2026-03-17,72.48616790771484,72.51556093899991,72.43717453868068,72.43717453868068,5948100
2026-03-18,72.19221496582031,72.4567596945875,72.1824147979881,72.40777380610206,9210900
2026-03-19,72.2706069946289,72.36858625457958,72.01585493848646,72.03544780034125,8861500
2026-03-20,71.69251251220703,72.04524380792799,71.6827198195144,72.0256509472048,12983200
2026-03-23,71.96685028076172,72.12362305235915,71.76109162454298,71.81988515156061,14898800
2026-03-24,71.78069305419922,71.92766566098065,71.6435206146265,71.70230666720414,11800800
2026-03-25,72.0550308227539,72.13341720201359,71.96684427725262,72.08442384614214,9313300
2026-03-26,71.63372039794922,71.94725847037567,71.62392023074727,71.84927922436815,8602900
2026-03-27,71.63372039794922,71.73169964395674,71.46715493220269,71.50634812567316,13021800
2026-03-30,71.99625396728516,72.11382607584781,71.93746043766632,71.99625396728516,10353800
2026-03-31,72.15301513671875,72.29018757240803,72.08442891887411,72.18240816217543,10948300
2026-04-01,72.18250274658203,72.32014244393757,72.15300959726312,72.19233629662197,9624800
2026-04-02,72.33981323242188,72.40863308460858,72.10385302423775,72.12352012532043,7975600
2026-04-06,72.23167419433594,72.32015365600998,72.18251393731562,72.21200709120697,9844300
2026-04-07,72.33981323242188,72.35947283270322,72.01537357176971,72.2513262791525,7270000
2026-04-08,72.47746276855469,72.70358195606981,72.42830250998061,72.69375590499686,5760200
2026-04-09,72.5069580078125,72.64459773481397,72.33982512513964,72.43813814431176,5646600
2026-04-10,72.3988037109375,72.52660987214303,72.38897015982884,72.49711671961882,6334300
2026-04-13,72.55610656738281,72.5757661677259,72.35947305994519,72.39879976143271,6438100
2026-04-14,72.73308563232422,72.74291168380523,72.536452090664,72.59543840276073,5600100
2026-04-15,72.634765625,72.68392588596355,72.57577931248592,72.6544327297065,6724300
2026-04-16,72.526611328125,72.71341129893075,72.47745857319848,72.70357774762469,7582500
2026-04-17,72.81172180175781,72.90020875886088,72.76256904852424,72.81172180175781,5806900
2026-04-20,72.7625732421875,72.81172599825399,72.68391983151862,72.80189994752195,7609600
2026-04-21,72.53643798828125,72.73307149171238,72.5266044379094,72.69374479102616,5852600
2026-04-22,72.6150894165039,72.73306951535675,72.60525586639925,72.71340241514744,5936800
2026-04-23,72.4872817993164,72.68390779261864,72.37913525275992,72.61508794488277,6181500
2026-04-24,72.6150894165039,72.64458256601687,72.41846341921683,72.50694286775571,5118200
2026-04-27,72.49712371826172,72.60527028849181,72.45779701083237,72.55611752980698,6095200
2026-04-28,72.47746276855469,72.47746276855469,72.35948264845831,72.40864290703239,7242000
2026-04-29,72.15301513671875,72.31032194623123,72.08419528275742,72.31032194623123,7207000
2026-04-30,72.26116943359375,72.33982284677525,72.21200917515473,72.29066258833623,7829100
2026-05-01,72.36177062988281,72.5294555863492,72.26313286287784,72.30258947479567,6933100
2026-05-04,72.11518096923828,72.2828659455149,71.9869526095409,72.26314140001534,7912200
2026-05-05,72.243408203125,72.31245539966761,72.18422704196847,72.19409307735457,8336200
2026-05-06,72.5491943359375,72.56891888092318,72.47028110483494,72.49987168510341,7658300
2026-05-07,72.36177062988281,72.64782542210271,72.32231401796497,72.64782542210271,9777000
2026-05-08,72.5491943359375,72.60837549647445,72.51959623008909,72.55905284564038,7382800
2026-05-11,72.37165069580078,72.49987906521046,72.36178465951367,72.47028848192983,9494200
2026-05-12,72.15463256835938,72.23354579603038,72.13490049865182,72.21381372632284,7431700
2026-05-13,72.1842269897461,72.19409302512504,72.03626656138182,72.13490433843134,10761000
2026-05-14,72.16449737548828,72.3814974595224,72.15463134080235,72.22367853244491,6262500
2026-05-15,71.75021362304688,71.84885140268504,71.71075700607557,71.82912685698949,12189900
2026-05-18,71.70089721679688,71.86858219174809,71.60225191333845,71.78966895921337,8771700
2026-05-19,71.46414947509766,71.56279476745244,71.35564567397077,71.4838815438003,13221200
2026-05-20,71.85871124267578,71.90803389103237,71.47401866734893,71.49375073692339,11123000
2026-05-21,71.9376220703125,71.94748810477064,71.59238612007047,71.66143331011887,10364600
2026-05-22,72.00666809082031,72.05599073673062,71.82911710135403,72.04612470243272,6817600
2026-05-26,72.21382141113281,72.28286861129787,72.13490817506406,72.26314406507089,7374200
2026-05-27,72.28286743164062,72.34204859493616,72.24341081425018,72.29273346738331,7349100
2026-05-28,72.42095947265625,72.48014815960566,72.24340846296806,72.29273111449591,7239100
2026-05-29,72.46041870117188,72.54919797200674,72.38150546611429,72.47028473694915,9177400
2026-06-01,72.4277572631836,72.43765658392687,72.19022642213012,72.24960724465116,7268300
2026-06-02,72.44754791259766,72.54652601748916,72.40796573180415,72.51682805544016,7682700
2026-06-03,72.3089828491211,72.36837121832578,72.2298109417961,72.28919176003204,9330700
2026-06-04,72.40796661376953,72.4772467574559,72.3782686513588,72.43765702521092,6815000
2026-06-05,72.08135986328125,72.2001215137875,72.07146054208252,72.1902297435584,8487200
2026-06-08,72.06155395507812,72.25950260424588,72.0516621858464,72.22981219461293,14019000
2026-06-09,72.21991729736328,72.24960770881455,72.09124877978199,72.17042824429826,8703500
2026-06-10,72.16053009033203,72.28919104556118,72.09124240178325,72.21991090798107,5252500
2026-06-11,72.57621002197266,72.60590043043152,72.1803202902612,72.22980933833834,9058700
2026-06-12,72.48712921142578,72.53661825811412,72.3584682613918,72.45743880380013,7379300
2026-06-15,72.54652404785156,72.67518500936042,72.53662472743733,72.62569595825829,7738300
2026-06-16,72.6553955078125,72.72467565028857,72.56631672407515,72.58610781436722,5902800
2026-06-17,72.3881607055664,72.71477030057413,72.36836961691529,72.66528125249347,8531600
2026-06-18,72.58610534667969,72.74446426750943,72.56631425706045,72.56631425706045,6312500
2026-06-22,72.3881607055664,72.46734016210802,72.35847029710544,72.41785111402737,7359400
2026-06-23,72.46733856201172,72.54651801680504,72.42774883461506,72.42774883461506,7081800
2026-06-24,72.7939453125,72.84342680659086,72.70486654158746,72.72466517999831,7819400
2026-06-25,72.84343719482422,72.97210570993978,72.83353787420705,72.89292624694085,7638100
2026-06-26,72.9127197265625,72.9622087803009,72.80384984911359,72.81374917005516,5965100
2026-06-29,72.95230102539062,72.97209966498485,72.88302088874796,72.93250993676497,7224800
2026-06-30,72.6553955078125,72.86323593524071,72.64549618718186,72.86323593524071,11653200
2026-07-01,72.55012512207031,72.62956863489492,72.48061394238637,72.52033569879868,20719000
2026-07-02,72.59978485107422,72.6593637022455,72.53027366599075,72.55013075766418,7627600
2026-07-06,72.62957000732422,72.62957000732422,72.52033706916387,72.57991591683296,10191800
2026-07-07,72.34159088134766,72.53026732843847,72.2919443684266,72.50047790545577,8412400
2026-07-08,72.19263458251953,72.23235633766194,72.08340164991544,72.22243158098894,8944900
2026-07-09,72.32173919677734,72.41110747240486,72.24229567878564,72.24229567878564,8250700
2026-07-10,72.26214599609375,72.34158950663814,72.19263481840494,72.32173241707711,7170500
2026-07-13,71.9940414428711,72.24229675819133,71.98410910893601,72.14299614729343,7595500
2026-07-14,72.19263458251953,72.28201042562748,72.12312340505785,72.18270982584653,8081100
2026-07-15,72.31179809570312,72.38130927148042,72.2124974983284,72.24228691992582,6181200
2026-07-16,72.30187225341797,72.32173692036606,72.18271455633189,72.22243631407746,6108700
2026-07-17,72.35152435302734,72.49054671323466,72.33165968662605,72.38131377647886,5836000
2026-07-20,72.17277526855469,72.3316547080773,72.11319642575245,72.32172995171018,5578300
2026-07-21,72.0138931274414,72.0734795504269,71.97417894698496,72.06354721723757,5679100
2026-07-22,71.89473724365234,72.01389494032217,71.87487257677364,71.98410551615473,5863000
2026-07-23,71.74578094482422,71.76563803510899,71.66633743138429,71.69612685488666,7641600
2026-07-24,71.80535888671875,71.92452415537656,71.76563713049948,71.76563713049948,5695400
2026-07-27,71.95431518554688,71.9940369426533,71.88480400464826,71.92452576175468,5667200
2026-07-28,72.13306427001953,72.19264312170526,72.00397423265011,72.023831324495,5279700
2026-07-29,71.87487030029297,72.12312559535965,71.86494554331857,72.053614415787,6755300
2026-07-30,71.91458892822266,71.97417534822878,71.85501008436655,71.93445359360804,7744200
2026-07-31,71.72592163085938,71.8252222315055,71.62661345406305,71.79543280892668,6366400
2026-08-03,71.8973159790039,71.92720969582273,71.81759433237062,71.86742226218509,6747500
2026-08-04,72.1863021850586,72.19626168901131,72.07668682018058,72.0866463241333,7988700
2026-08-05,72.20623016357422,72.24609098816454,72.11654901025219,72.1663693389839,11713600
2026-08-06,71.99696350097656,72.12650547342723,71.96706978446292,72.09661175691357,9424200
2026-08-07,72.14644622802734,72.22616788107548,72.0667245749792,72.19626655917597,10067600
2026-08-10,71.8973159790039,72.11654670590814,71.88734887250608,72.11654670590814,5899200
2026-08-11,71.95710754394531,72.06672291369081,71.94714043687523,71.9969683695505,9482900
2026-08-12,72.02686309814453,72.13647846942722,71.9969693791902,72.13647846942722,7233400
2026-08-13,72.22616577148438,72.35570775189746,72.19626445045822,72.23612527581803,16962500
2026-08-14,72.05675506591797,72.22616547366736,72.01689424072252,72.21619836669976,6219800
2026-08-17,71.90728759765625,72.03682957955806,71.87738627628647,71.9870016466169,7752100
2026-08-18,71.96707153320312,72.00693235708144,71.81759534432815,71.82756245096643,6902300
2026-08-19,72.30587768554688,72.31584479226143,72.13647488477362,72.25605735732377,6644700
2026-08-20,72.0866470336914,72.17633578887204,72.01689249196195,72.07668752964067,7095400
2026-08-21,71.97704315185547,72.0966180283114,71.94714183006623,72.0467976973465,7013600
2026-08-24,72.11654663085938,72.17633406443478,72.0467920907965,72.0467920907965,6783800
2026-08-25,72.41549682617188,72.42546393340598,72.26602062836116,72.2959219500635,6290400
2026-08-26,72.32581329345703,72.33577279768878,72.24609164355319,72.32581329345703,7061900
2026-08-27,72.28594970703125,72.37563085774083,72.2460888836021,72.32581053046042,6872800
2026-08-28,72.05675506591797,72.40553538570937,72.04679556162537,72.2560591918952,7870400
2026-08-31,71.98699951171875,72.0069337253741,71.90728546512216,71.977040007566,6571400
2026-09-01,71.79000091552734,71.98999786376953,71.7699966430664,71.8499984741211,8138500
2026-09-02,71.83000183105469,71.86000061035156,71.73999786376953,71.80999755859375,11187400
2026-09-03,71.93000030517578,72.05000305175781,71.91999816894531,72.01000213623047,9479200
2026-09-04,71.94999694824219,72.0199966430664,71.91999816894531,71.94999694824219,8164800
2026-09-08,71.88999938964844,72.0,71.80999755859375,71.94999694824219,10852600
2026-09-09,71.7300033569336,71.9000015258789,71.6500015258789,71.8499984741211,9970700
2026-09-10,71.2699966430664,71.51000213623047,71.25,71.41000366210938,12570600
2026-09-11,71.22000122070312,71.44999694824219,71.18000030517578,71.41000366210938,9358600
2026-09-14,71.16999816894531,71.3499984741211,71.02999877929688,71.13999938964844,11356000
2026-09-15,71.1500015258789,71.16999816894531,71.06999969482422,71.11000061035156,12776700
2026-09-16,71.11000061035156,71.41000366210938,71.08999633789062,71.23999786376953,7993000
2026-09-17,71.47000122070312,71.4800033569336,71.33999633789062,71.41000366210938,7151000
2026-09-18,71.19999694824219,71.37000274658203,71.18000030517578,71.2699966430664,6688400
2026-09-21,71.4000015258789,71.4000015258789,71.30999755859375,71.38999938964844,7591100
