Price,Close,High,Low,Open,Volume
Ticker,EWJ,EWJ,EWJ,EWJ,EWJ
Date,,,,,
1996-03-18,38.45407485961914,38.45407485961914,38.294514383023206,38.294514383023206,16300
1996-03-19,38.29450988769531,38.29450988769531,38.29450988769531,38.29450988769531,2500
1996-03-20,38.29450988769531,38.29450988769531,38.29450988769531,38.29450988769531,4350
1996-03-21,39.251861572265625,39.251861572265625,38.61361992068407,38.61361992068407,18300
1996-03-22,39.092315673828125,39.2518761459662,38.93275520169005,38.93275520169005,19825
1996-03-25,39.41142654418945,39.570986975542446,39.09230568148347,39.570986975542446,65275
1996-03-26,39.41142654418945,39.570986975542446,39.25186611283646,39.41142654418945,94075
1996-03-27,39.73055648803711,39.890116955860556,39.57099602021367,39.73055648803711,24000
1996-03-28,39.73055648803711,39.890116955860556,39.57099602021367,39.57099602021367,102575
1996-03-29,40.04967498779297,40.209235445911666,39.89011452967427,39.89011452967427,254525
1996-04-01,40.04967498779297,40.209235445911666,40.04967498779297,40.209235445911666,80875
1996-04-02,40.36878967285156,40.36878967285156,40.20922923936203,40.20922923936203,6100
1996-04-03,40.04967498779297,40.209235445911666,39.89011452967427,40.209235445911666,25775
1996-04-04,40.20923614501953,40.20923614501953,40.0496756841266,40.0496756841266,25450
1996-04-08,39.57099151611328,39.890112415436775,39.57099151611328,39.890112415436775,15525
1996-04-09,40.20923614501953,40.20923614501953,39.890115223233664,40.0496756841266,276600
1996-04-10,39.890106201171875,40.209227050781244,39.890106201171875,40.04966662597656,71350
1996-04-11,39.890106201171875,40.04966662597656,39.890106201171875,39.890106201171875,1300
1996-04-12,40.04967498779297,40.04967498779297,39.89011452967427,39.89011452967427,450
1996-04-15,40.20923614501953,40.20923614501953,40.0496756841266,40.0496756841266,131250
1996-04-16,40.20923614501953,40.36879660591247,40.0496756841266,40.0496756841266,60900
1996-04-17,40.04967498779297,40.04967498779297,39.89011452967427,40.04967498779297,18300
1996-04-18,40.20923614501953,40.36879660591247,40.0496756841266,40.20923614501953,21350
1996-04-19,40.687923431396484,40.847483915441174,40.52836294735179,40.52836294735179,9750
1996-04-22,41.96440124511719,41.96440124511719,41.16659894007693,41.16659894007693,35500
1996-04-23,41.64527893066406,41.64527893066406,41.485718474991025,41.485718474991025,11975
1996-04-24,42.12394714355469,42.12394714355469,41.6452659260143,41.6452659260143,260600
1996-04-25,41.96440124511719,42.123961706125236,41.80484078410913,41.80484078410913,6550
1996-04-26,42.12394714355469,42.283507549401484,41.80482633186109,42.283507549401484,7600
1996-04-29,41.804832458496094,42.283513746188795,41.80483245849609,42.123953316957895,10700
1996-04-30,41.96440124511719,41.96440124511719,41.80484078410913,41.96440124511719,10425
1996-05-01,41.96440124511719,41.96440124511719,41.485719862093035,41.485719862093035,7175
1996-05-02,41.4857292175293,41.64528971451979,41.1666082235483,41.1666082235483,15300
1996-05-03,41.4857292175293,41.4857292175293,41.326168720538796,41.4857292175293,13475
1996-05-06,41.3261604309082,41.64528136087661,41.16659996592401,41.485720895892406,44525
1996-05-07,41.3261604309082,41.3261604309082,41.007039500939804,41.16659996592401,51075
1996-05-08,41.4857292175293,41.4857292175293,40.84748722956731,41.4857292175293,5100
1996-05-09,41.3261604309082,41.3261604309082,41.16659996592401,41.16659996592401,19275
1996-05-10,41.00703430175781,41.166594746511734,40.84747385700389,41.166594746511734,4000
1996-05-13,40.36878967285156,40.528350106341094,40.20922923936203,40.528350106341094,5100
1996-05-14,40.687923431396484,40.687923431396484,40.52836294735179,40.687923431396484,13400
1996-05-15,41.00703430175781,41.166594746511734,40.84747385700389,41.166594746511734,134775
1996-05-16,41.16660690307617,41.16660690307617,40.8474859193314,41.16660690307617,2350
1996-05-17,40.84748077392578,41.00704124569893,40.687920302152634,40.84748077392578,5625
1996-05-20,40.687923431396484,40.847483915441174,40.687923431396484,40.847483915441174,1825
1996-05-21,40.528350830078125,40.528350830078125,40.528350830078125,40.528350830078125,9950
1996-05-22,40.36878967285156,40.528350106341094,40.36878967285156,40.528350106341094,650
1996-05-23,40.04967498779297,40.209235445911666,39.89011452967427,40.209235445911666,7325
1996-05-24,39.890106201171875,39.890106201171875,39.890106201171875,39.890106201171875,4050
1996-05-28,39.890106201171875,39.890106201171875,39.5709853515625,39.5709853515625,11975
1996-05-29,39.890106201171875,39.890106201171875,39.73054577636719,39.73054577636719,27875
1996-05-30,40.04967498779297,40.209235445911666,39.730554071555574,40.209235445911666,4850
1996-05-31,40.04967498779297,40.04967498779297,39.730554071555574,39.730554071555574,1875
1996-06-03,39.41142654418945,39.73054740689545,39.41142654418945,39.73054740689545,2600
1996-06-04,39.73055648803711,39.73055648803711,39.41143555239023,39.41143555239023,1025
1996-06-05,39.57099151611328,39.73055196577503,39.411431066451534,39.73055196577503,8800
1996-06-06,39.57099151611328,39.57099151611328,39.57099151611328,39.57099151611328,2150
1996-06-07,39.251861572265625,39.251861572265625,38.93274074647485,38.93274074647485,9875
1996-06-10,39.251861572265625,39.251861572265625,38.93274074647485,39.251861572265625,14700
1996-06-11,39.41142654418945,39.41142654418945,39.41142654418945,39.41142654418945,225
1996-06-12,39.890106201171875,39.890106201171875,39.5709853515625,39.5709853515625,20525
1996-06-13,40.04967498779297,40.04967498779297,39.57099361343688,39.89011452967427,26700
1996-06-14,40.20923614501953,40.36879660591247,40.0496756841266,40.0496756841266,79225
1996-06-17,40.04967498779297,40.209235445911666,39.89011452967427,40.209235445911666,14525
1996-06-18,40.528350830078125,40.528350830078125,40.36879039373923,40.36879039373923,29625
1996-06-19,40.687923431396484,40.687923431396484,40.3688024633071,40.52836294735179,8500
1996-06-20,40.84748077392578,40.84748077392578,40.528359830379486,40.687920302152634,2500
1996-06-21,41.16660690307617,41.16660690307617,40.52836493558662,40.52836493558662,36225
1996-06-24,40.528350830078125,41.326153011772575,40.528350830078125,41.326153011772575,131350
1996-06-25,40.36878967285156,40.847470973320156,40.36878967285156,40.687910539830625,20200
1996-06-26,40.528350830078125,40.68791126641701,40.528350830078125,40.68791126641701,5050
1996-06-27,40.528350830078125,40.528350830078125,40.528350830078125,40.528350830078125,2350
1996-06-28,40.528350830078125,40.528350830078125,40.528350830078125,40.528350830078125,725
1996-07-01,40.36878967285156,40.36878967285156,40.20922923936203,40.20922923936203,2250
1996-07-02,39.890106201171875,40.04966662597656,39.5709853515625,39.890106201171875,4725
1996-07-03,39.890106201171875,39.890106201171875,39.890106201171875,39.890106201171875,225
1996-07-05,39.092315673828125,39.570997090242344,39.092315673828125,39.570997090242344,925
1996-07-08,38.77318572998047,39.09230660018607,38.61362529487767,38.93274616508327,5450
1996-07-09,38.932769775390625,38.932769775390625,38.613648711657916,38.77320924352427,37700
1996-07-10,38.77318572998047,38.77318572998047,38.454064859774874,38.77318572998047,31350
1996-07-11,38.29450988769531,38.7731912612915,38.29450988769531,38.613630803426105,32000
1996-07-12,38.45407485961914,38.45407485961914,38.294514383023206,38.294514383023206,4775
1996-07-15,38.13494110107422,38.29450152409127,37.97538067805718,38.29450152409127,9900
1996-07-16,38.29450988769531,38.45407034556071,37.81582851409912,37.81582851409912,17300
1996-07-17,38.45407485961914,38.61363533621507,38.45407485961914,38.61363533621507,1150
1996-07-18,39.092315673828125,39.2518761459662,38.773194729551975,38.773194729551975,20425
1996-07-19,38.6136360168457,38.93275697566261,38.454075537437255,38.93275697566261,875
1996-07-22,38.13494110107422,38.29450152409127,37.81582025504013,38.29450152409127,3850
1996-07-23,38.45407485961914,38.61363533621507,38.13495390642728,38.294514383023206,2650
1996-07-24,37.33714294433594,37.81582426413512,37.01802206446982,37.81582426413512,69775
1996-07-25,37.815834045410156,37.815834045410156,37.49671308300163,37.65627356420589,5025
1996-07-26,38.13494110107422,38.13494110107422,37.97538067805718,37.97538067805718,250
1996-07-29,37.815834045410156,38.134955007818675,37.815834045410156,37.975394526614416,2375
1996-07-30,38.13494110107422,38.13494110107422,37.97538067805718,37.97538067805718,4325
1996-07-31,38.6136360168457,38.6136360168457,38.2945150580288,38.2945150580288,26650
1996-08-01,38.6136360168457,38.77319649625416,38.454075537437255,38.6136360168457,46375
1996-08-02,38.6136360168457,38.6136360168457,38.2945150580288,38.6136360168457,13700
1996-08-05,38.77318572998047,38.77318572998047,38.61362529487767,38.61362529487767,53275
1996-08-06,38.13494110107422,38.13494110107422,37.97538067805718,37.97538067805718,42400
1996-08-07,37.815834045410156,37.815834045410156,37.49671308300163,37.49671308300163,7400
1996-08-08,37.65626907348633,37.65626907348633,37.49670861131054,37.49670861131054,37975
1996-08-09,37.49671173095703,37.49671173095703,37.33715125550615,37.33715125550615,27750
1996-08-12,37.65626907348633,37.65626907348633,37.49670861131054,37.65626907348633,1875
1996-08-13,37.815834045410156,37.815834045410156,37.65627356420589,37.65627356420589,35025
1996-08-14,37.97538375854492,37.97538375854492,37.97538375854492,37.97538375854492,3825
1996-08-15,37.97538375854492,37.97538375854492,37.656262886624376,37.97538375854492,1425
1996-08-16,37.65626907348633,37.65626907348633,37.65626907348633,37.65626907348633,500
1996-08-19,37.97538375854492,37.97538375854492,37.81582332258465,37.97538375854492,675
1996-08-20,37.65626907348633,37.97538999783791,37.65626907348633,37.97538999783791,625
1996-08-21,38.13494110107422,38.13494110107422,37.97538067805718,37.97538067805718,3275
1996-08-22,38.29450988769531,38.29450988769531,38.29450988769531,38.29450988769531,300
1996-08-23,38.13494110107422,38.13494110107422,37.97538067805718,38.13494110107422,5200
1996-08-26,37.815834045410156,37.975394526614416,37.65627356420589,37.65627356420589,2000
1996-08-27,37.49671173095703,37.815832681858794,37.49671173095703,37.65627220640791,2325
1996-08-28,37.33714294433594,37.33714294433594,37.17758250440288,37.17758250440288,475
1996-08-29,37.018028259277344,37.17758872591216,36.698907326007706,37.17758872591216,10025
1996-08-30,36.53934097290039,36.85846185475979,36.53934097290039,36.698901413830086,35775
1996-09-03,36.060672760009766,36.37979375788596,35.741551762133575,36.060672760009766,12075
1996-09-04,36.37977981567383,36.37977981567383,36.06065894009774,36.22021937788578,2800
1996-09-05,36.53934097290039,36.53934097290039,36.379780531970695,36.53934097290039,17575
1996-09-06,36.53934097290039,36.698901413830086,36.379780531970695,36.698901413830086,2150
1996-09-09,36.53934097290039,36.53934097290039,36.53934097290039,36.53934097290039,725
1996-09-10,36.698909759521484,37.01803071395211,36.37978880509086,36.698909759521484,8775
1996-09-11,36.53934097290039,36.53934097290039,36.379780531970695,36.379780531970695,1800
1996-09-12,36.53934097290039,36.698901413830086,36.379780531970695,36.698901413830086,1500
1996-09-13,36.85846710205078,37.01802756569602,36.69890663840554,36.85846710205078,1150
1996-09-16,37.177589416503906,37.177589416503906,36.69890800770772,36.69890800770772,14250
1996-09-17,37.65626907348633,38.29451092218949,37.65626907348633,37.65626907348633,9600
1996-09-18,37.33714294433594,37.65626382420206,37.33714294433594,37.65626382420206,61775
1996-09-19,37.65626907348633,37.81582953566212,37.65626907348633,37.65626907348633,3900
1996-09-20,37.33714294433594,37.496703384269,37.33714294433594,37.496703384269,475
1996-09-23,37.018028259277344,37.17758872591216,37.018028259277344,37.17758872591216,3325
1996-09-24,37.49671173095703,37.49671173095703,37.01803030460439,37.01803030460439,3675
1996-09-25,37.65626907348633,37.81582953566212,37.49670861131054,37.49670861131054,4200
1996-09-26,37.65626907348633,37.97538999783791,37.49670861131054,37.65626907348633,6200
1996-09-27,37.97538375854492,37.97538375854492,37.656262886624376,37.97538375854492,12150
1996-09-30,37.815834045410156,37.815834045410156,37.49671308300163,37.65627356420589,4875
1996-10-01,37.815834045410156,37.815834045410156,37.49671308300163,37.49671308300163,9675
1996-10-02,37.49671173095703,37.65627220640791,37.33715125550615,37.65627220640791,11200
1996-10-03,37.33714294433594,37.496703384269,37.33714294433594,37.496703384269,1900
1996-10-04,37.177589416503906,37.177589416503906,37.018028946905176,37.018028946905176,9225
1996-10-07,37.018028259277344,37.17758872591216,36.85846779264253,37.018028259277344,19900
1996-10-08,36.37977981567383,36.53934025346187,36.37977981567383,36.53934025346187,13625
1996-10-09,36.2202262878418,36.53934722429855,36.2202262878418,36.53934722429855,14150
1996-10-10,36.53934097290039,36.698901413830086,36.220220091041,36.220220091041,26425
1996-10-11,36.698909759521484,36.698909759521484,36.539349282306176,36.539349282306176,450
1996-10-14,36.698909759521484,36.85847023673679,36.22022832787555,36.22022832787555,4300
1996-10-15,37.33714294433594,37.33714294433594,37.17758250440288,37.33714294433594,20325
1996-10-16,37.177589416503906,37.33714988610264,36.858468477306445,37.33714988610264,9950
1996-10-17,37.33714294433594,37.33714294433594,37.01802206446982,37.17758250440288,12425
1996-10-18,37.65626907348633,37.65626907348633,37.33714814913475,37.65626907348633,6250
1996-10-21,36.2202262878418,36.85846816075531,36.2202262878418,36.85846816075531,26500
1996-10-22,36.37977981567383,36.53934025346187,36.06065894009774,36.37977981567383,26150
1996-10-23,36.060672760009766,36.37979375788596,36.060672760009766,36.37979375788596,11050
1996-10-24,36.37977981567383,36.37977981567383,36.06065894009774,36.06065894009774,2550
1996-10-25,35.90110778808594,36.0606682671441,35.74154730902778,36.0606682671441,1450
1996-10-28,35.741546630859375,35.741546630859375,35.42242567879813,35.741546630859375,3225
1996-10-29,35.581993103027344,35.74155361021581,35.422432595838885,35.74155361021581,12425
1996-10-30,35.422420501708984,35.422420501708984,35.26286004899858,35.26286004899858,2575
1996-10-31,35.26285934448242,35.422419794004966,35.10329889495988,35.10329889495988,2400
1996-11-01,35.581993103027344,35.581993103027344,35.26287208865042,35.26287208865042,1575
1996-11-04,35.581993103027344,35.581993103027344,35.422432595838885,35.422432595838885,3675
1996-11-05,35.26285934448242,35.422419794004966,35.26285934448242,35.422419794004966,10150
1996-11-06,36.060672760009766,36.060672760009766,35.58199126319548,35.58199126319548,30800
1996-11-07,36.060672760009766,36.37979375788596,35.901112261071674,35.901112261071674,3100
1996-11-08,36.53934097290039,36.698901413830086,36.53934097290039,36.53934097290039,3500
1996-11-11,36.53934097290039,36.698901413830086,36.379780531970695,36.379780531970695,7650
1996-11-12,36.53934097290039,36.698901413830086,36.53934097290039,36.698901413830086,350
1996-11-13,36.2202262878418,36.53934722429855,36.2202262878418,36.379786756070175,1625
1996-11-14,36.37977981567383,36.53934025346187,36.22021937788578,36.22021937788578,27975
1996-11-15,36.53934097290039,36.698901413830086,36.379780531970695,36.698901413830086,23250
1996-11-18,36.060672760009766,36.060672760009766,35.901112261071674,36.060672760009766,3250
1996-11-19,36.060672760009766,36.37979375788596,36.060672760009766,36.37979375788596,19175
1996-11-20,36.37977981567383,36.69890069124991,36.37977981567383,36.37977981567383,51900
1996-11-21,36.37977981567383,36.53934025346187,36.37977981567383,36.53934025346187,12450
1996-11-22,36.85846710205078,37.01802756569602,36.5393461747603,36.85846710205078,23425
1996-11-25,36.85846710205078,36.85846710205078,36.5393461747603,36.85846710205078,185400
1996-11-26,36.698909759521484,36.85847023673679,36.539349282306176,36.85847023673679,56775
1996-11-27,36.53934097290039,36.698901413830086,36.379780531970695,36.698901413830086,7425
1996-11-29,36.060672760009766,36.220233258947864,35.741551762133575,36.220233258947864,4850
1996-12-02,35.26285934448242,35.58198024352751,35.10329889495988,35.58198024352751,9325
1996-12-03,35.26285934448242,35.422419794004966,35.10329889495988,35.10329889495988,3225
1996-12-04,35.422420501708984,35.422420501708984,35.10329959628819,35.26286004899858,7750
1996-12-05,36.37977981567383,36.37977981567383,35.9010985023097,36.06065894009774,6400
1996-12-06,35.26285934448242,35.422419794004966,35.10329889495988,35.10329889495988,4575
1996-12-09,35.581993103027344,35.581993103027344,35.26287208865042,35.422432595838885,11700
1996-12-10,35.422420501708984,35.581980954419386,35.26286004899858,35.581980954419386,1975
1996-12-11,34.465057373046875,35.26285962705259,34.465057373046875,35.26285962705259,46800
1996-12-12,34.784175872802734,34.784175872802734,34.46505499323574,34.46505499323574,3250
1996-12-13,34.62461853027344,34.62461853027344,34.30549762216032,34.30549762216032,1075
1996-12-16,34.465057373046875,34.94373872545031,34.30549692224574,34.94373872545031,5900
1996-12-17,34.465057373046875,34.784178274649165,34.465057373046875,34.465057373046875,3575
1996-12-18,34.30549240112305,34.46505283089571,34.30549240112305,34.30549240112305,1275
1996-12-19,33.82681655883789,33.82681655883789,33.50769564790546,33.82681655883789,4525
1996-12-20,33.98638153076172,33.98638153076172,33.66726057742123,33.98638153076172,8550
1996-12-23,33.82681655883789,34.145937469770324,33.82681655883789,33.82681655883789,32700
1996-12-24,33.02900314331055,33.18856354496905,32.86944274165204,32.86944274165204,7475
1996-12-26,33.507694244384766,33.507694244384766,33.02901289803641,33.34813379560198,9125
1996-12-27,33.188575744628906,33.507696665250336,33.188575744628906,33.188575744628906,63325
1996-12-30,33.3481330871582,33.50769353255131,33.188572641765106,33.50769353255131,79900
1996-12-31,33.3481330871582,33.50769353255131,33.188572641765106,33.3481330871582,19075
1997-01-02,33.3481330871582,33.50769353255131,33.188572641765106,33.3481330871582,1425
1997-01-03,33.3481330871582,33.3481330871582,33.188572641765106,33.188572641765106,7800
1997-01-06,33.82681655883789,33.82681655883789,33.348135192439244,33.50769564790546,19450
1997-01-07,33.188575744628906,33.188575744628906,33.02901528431819,33.188575744628906,3825
1997-01-08,32.709896087646484,32.869456556366714,32.39077515020603,32.550335618926255,2975
1997-01-09,31.75252342224121,31.75252342224121,31.273842164619484,31.75252342224121,10050
1997-01-10,30.31648826599121,30.63560919510691,29.997367336875513,30.31648826599121,42700
1997-01-13,30.95472526550293,30.95472526550293,30.635604386477127,30.95472526550293,31375
1997-01-14,30.95472526550293,31.11428570501583,30.95472526550293,30.95472526550293,7650
1997-01-15,31.114288330078125,31.11428833007813,30.635606971153848,30.954727877103366,21700
1997-01-16,31.273845672607422,31.43340610971256,30.95472479839714,31.27384567260742,19300
1997-01-17,31.114288330078125,31.11428833007813,30.954727877103366,30.954727877103366,5725
1997-01-20,30.156932830810547,30.635614304315478,29.67825135730562,30.476053813147168,21300
1997-01-21,30.635601043701172,30.635601043701172,30.31648019949595,30.31648019949595,24500
1997-01-22,30.635601043701172,30.95472188790639,30.635601043701172,30.635601043701172,39875
1997-01-23,29.997358322143555,30.476039571964993,29.83779790553641,30.316479155357847,50350
1997-01-24,29.67825698852539,29.99737803141276,29.518696467081707,29.837817509969078,11650
1997-01-27,28.88043785095215,29.199558711183666,28.880437850952152,29.199558711183666,44100
1997-01-28,29.67825698852539,29.67825698852539,29.040014902750652,29.199575424194336,16025
1997-01-29,29.359121322631836,29.678242206573486,29.359121322631836,29.678242206573486,17750
1997-01-30,29.19956398010254,29.359124439010206,29.040003521194876,29.19956398010254,12600
1997-01-31,29.997358322143555,29.997358322143555,29.678237488929263,29.83779790553641,14500
1997-02-03,29.997358322143555,29.997358322143555,29.678237488929263,29.83779790553641,8325
1997-02-04,29.83780288696289,29.83780288696289,29.51868200047131,29.83780288696289,9450
1997-02-05,29.359121322631836,29.678242206573486,29.19956088066101,29.359121322631836,32425
1997-02-06,29.03999900817871,29.03999900817871,28.720878139956966,29.03999900817871,15375
1997-02-07,29.359121322631836,29.359121322631836,28.401758670806885,28.720879554748535,9150
1997-02-10,29.5186824798584,29.67824292569547,29.35912203402133,29.67824292569547,12300
1997-02-11,29.359121322631836,29.51868176460266,29.19956088066101,29.359121322631836,16100
1997-02-12,29.5186824798584,29.67824292569547,29.35912203402133,29.35912203402133,68050
1997-02-13,29.997358322143555,29.997358322143555,29.678237488929263,29.678237488929263,6875
1997-02-14,29.83780288696289,30.156923773454473,29.51868200047131,30.156923773454473,169775
1997-02-18,29.67825698852539,29.837817509969078,29.518696467081707,29.837817509969078,258550
1997-02-19,29.83780288696289,29.83780288696289,29.51868200047131,29.83780288696289,35250
1997-02-20,30.79515838623047,31.433400010815557,30.6355979800842,30.6355979800842,126825
1997-02-21,31.273845672607422,31.27384567260742,30.795164361292,31.27384567260742,44175
1997-02-24,31.114288330078125,31.273848783052888,30.795167424128607,31.11428833007813,125850
1997-02-25,31.273845672607422,31.27384567260742,30.95472479839714,31.27384567260742,176300
1997-02-26,30.31648826599121,31.114290588780452,30.31648826599121,30.954730124222603,28325
1997-02-27,30.95472526550293,31.11428570501583,30.795164825990028,30.795164825990028,6700
1997-02-28,30.635601043701172,30.79516146580378,30.31648019949595,30.79516146580378,11375
1997-03-03,30.476043701171875,30.47604370117187,29.99736238649378,30.47604370117187,66425
1997-03-04,30.476043701171875,30.47604370117187,30.31648326294584,30.47604370117187,8300
1997-03-05,30.156932830810547,30.15693283081055,29.67825135730562,29.99737233964224,24775
1997-03-06,29.5186824798584,29.67824292569547,29.35912203402133,29.67824292569547,12125
1997-03-07,29.67825698852539,29.837817509969078,29.518696467081707,29.518696467081707,7350
1997-03-10,29.67825698852539,29.67825698852539,29.359135945638023,29.67825698852539,8075
1997-03-11,29.997358322143555,30.1569187387507,29.678237488929263,30.1569187387507,11250
1997-03-12,29.5186824798584,29.518682479858402,29.35912203402133,29.518682479858402,17575
1997-03-13,28.72088623046875,29.19956766764323,28.72088623046875,29.040007188585072,11525
1997-03-14,28.88043785095215,29.199558711183666,28.720877420836395,28.880437850952152,7300
1997-03-17,29.03999900817871,29.199559442289583,28.88043857406784,29.03999900817871,55000
1997-03-18,29.67825698852539,29.837817509969078,29.518696467081707,29.67825698852539,7325
1997-03-19,29.997358322143555,30.1569187387507,29.678237488929263,29.83779790553641,11650
1997-03-20,29.67825698852539,30.156938552856445,29.67825698852539,30.156938552856445,8300
1997-03-21,30.31648826599121,30.31648826599121,29.997367336875513,29.997367336875513,4450
1997-03-24,29.67825698852539,29.837817509969078,29.359135945638023,29.67825698852539,5950
1997-03-25,30.156932830810547,30.15693283081055,29.99737233964224,30.15693283081055,10950
1997-03-26,30.31648826599121,30.31648826599121,29.837806872317664,29.997367336875513,14975
1997-03-27,30.31648826599121,30.31648826599121,29.997367336875513,29.997367336875513,1450
1997-03-31,29.359121322631836,29.678242206573486,29.359121322631836,29.678242206573486,13925
1997-04-01,29.997358322143555,29.997358322143555,29.359116655714967,29.678237488929263,7450
1997-04-02,29.997358322143555,30.316479155357847,29.997358322143555,29.997358322143555,6475
1997-04-03,30.156932830810547,30.316493321978857,29.83781184847393,29.83781184847393,7550
1997-04-04,29.5186824798584,29.837803371532544,29.518682479858402,29.67824292569547,11950
1997-04-07,29.19956398010254,29.19956398010254,28.720882603379547,29.19956398010254,15575
1997-04-08,29.19956398010254,29.51868489791787,29.040003521194876,29.040003521194876,5975
1997-04-09,28.88043785095215,28.880437850952152,28.561316990720634,28.561316990720634,7600
1997-04-10,28.72088623046875,28.72088623046875,28.242204793294274,28.40176527235243,9075
1997-04-11,28.401765823364258,28.880447269825453,28.401765823364258,28.72088678767172,5900
1997-04-14,28.401765823364258,28.72088678767172,28.242205341210525,28.242205341210525,6325
1997-04-15,28.88043785095215,29.199558711183666,28.561316990720634,28.561316990720634,12425
1997-04-16,29.359121322631836,29.359121322631836,28.720879554748535,28.88043999671936,6550
1997-04-17,29.359121322631836,29.359121322631836,29.040000438690186,29.359121322631836,2275
1997-04-18,29.67825698852539,29.99737803141276,29.518696467081707,29.518696467081707,10425
1997-04-21,30.31648826599121,30.47604873054906,29.997367336875513,29.997367336875513,306425
1997-04-22,30.31648826599121,30.47604873054906,30.156927801433362,30.31648826599121,3375
1997-04-23,30.31648826599121,30.47604873054906,30.31648826599121,30.47604873054906,7925
1997-04-24,29.997358322143555,30.63559998857214,29.997358322143555,30.476039571964993,2200
1997-04-25,29.997358322143555,30.476039571964993,29.997358322143555,30.476039571964993,5825
1997-04-28,30.156932830810547,30.316493321978857,29.99737233964224,30.15693283081055,14850
1997-04-29,30.156932830810547,30.316493321978857,30.15693283081055,30.316493321978857,17050
1997-04-30,31.114288330078125,31.11428833007813,30.635606971153848,30.635606971153848,33250
1997-05-01,31.114288330078125,31.11428833007813,30.954727877103366,31.11428833007813,4800
1997-05-02,31.592967987060547,31.75252843143964,31.273847098302358,31.273847098302358,16150
1997-05-05,31.75252342224121,31.75252342224121,31.59296300303397,31.75252342224121,19725
1997-05-06,32.550331115722656,32.869452009014054,32.39077066907696,32.550331115722656,27750
1997-05-07,32.23121643066406,32.709897862802634,32.23121643066406,32.709897862802634,18500
1997-05-08,32.709896087646484,33.02901702508694,32.550335618926255,32.709896087646484,21875
1997-05-09,33.02900314331055,33.18856354496905,32.86944274165204,33.02900314331055,17275
1997-05-12,34.30549240112305,34.30549240112305,33.82681111180505,34.14593197135038,41575
1997-05-13,34.14594268798828,34.305503167838694,33.826821728287456,34.14594268798828,43000
1997-05-14,34.784175872802734,34.784175872802734,34.145934113668744,34.30549455345224,26100
1997-05-15,34.62461853027344,34.62461853027344,34.46505807621688,34.46505807621688,19550
1997-05-16,35.103302001953125,35.26286246559837,34.78418107466264,35.103302001953125,40875
1997-05-19,35.581993103027344,35.581993103027344,35.10331158146195,35.26287208865042,34500
1997-05-20,35.90110778808594,36.0606682671441,35.2628658718533,35.74154730902778,27000
1997-05-21,35.26285934448242,35.741540693050055,34.78417799591479,34.78417799591479,173075
1997-05-22,34.30549240112305,34.46505283089571,34.14593197135038,34.30549240112305,11175
1997-05-23,34.94375228881836,34.94375228881836,34.46507075061537,34.78419177608403,7025
1997-05-27,34.465057373046875,34.465057373046875,34.14593647144459,34.465057373046875,6100
1997-05-28,35.103302001953125,35.103302001953125,34.78418107466264,34.94374153830788,30100
1997-05-29,34.784175872802734,34.94373631258623,34.62461543301924,34.94373631258623,5975
1997-05-30,34.14594268798828,34.305503167838694,33.826821728287456,34.14594268798828,21425
1997-06-02,34.784175872802734,34.784175872802734,34.46505499323574,34.62461543301924,7275
1997-06-03,34.784175872802734,34.94373631258623,34.62461543301924,34.94373631258623,27000
1997-06-04,35.103302001953125,35.26286246559837,34.94374153830788,35.26286246559837,56375
1997-06-05,35.26285934448242,35.26285934448242,34.94373844543733,35.26285934448242,20775
1997-06-06,35.581993103027344,35.581993103027344,34.62463005989657,35.10331158146195,23525
1997-06-09,35.741546630859375,36.37978853498186,35.581986154828755,35.741546630859375,9275
1997-06-10,36.2202262878418,36.2202262878418,35.741544883156664,36.06066581961342,110875
1997-06-11,36.698909759521484,36.698909759521484,36.22022832787555,36.22022832787555,61625
1997-06-12,36.060672760009766,36.37979375788596,35.741551762133575,36.060672760009766,49250
1997-06-13,36.060672760009766,36.060672760009766,35.58199126319548,36.060672760009766,26550
1997-06-16,36.698909759521484,36.698909759521484,36.37978880509086,36.37978880509086,11050
1997-06-17,36.37977981567383,36.53934025346187,36.06065894009774,36.37977981567383,21500
1997-06-18,35.90110778808594,36.37978922526042,35.90110778808594,36.0606682671441,4900
1997-06-19,36.2202262878418,36.2202262878418,35.741544883156664,36.06066581961342,9450
1997-06-20,35.90110778808594,35.90110778808594,35.58198682996962,35.90110778808594,6675
1997-06-23,35.422420501708984,35.74154140712979,35.422420501708984,35.74154140712979,4700
1997-06-24,35.741546630859375,36.060667582920615,35.581986154828755,35.581986154828755,6075
1997-06-25,37.018028259277344,37.018028259277344,36.53934685937289,37.018028259277344,10950
1997-06-26,37.177589416503906,37.177589416503906,36.858468477306445,37.018028946905176,9875
1997-06-27,36.53934097290039,36.698901413830086,36.379780531970695,36.698901413830086,8625
1997-06-30,36.060672760009766,36.698914755762154,36.060672760009766,36.698914755762154,119200
1997-07-01,36.060672760009766,36.060672760009766,35.901112261071674,36.060672760009766,120800
1997-07-02,36.060672760009766,36.220233258947864,35.901112261071674,36.220233258947864,7550
1997-07-03,36.53934097290039,36.53934097290039,36.060659650111305,36.379780531970695,10875
1997-07-07,35.90110778808594,36.0606682671441,35.42242635091146,36.0606682671441,72875
1997-07-08,35.741546630859375,36.060667582920615,35.581986154828755,36.060667582920615,13425
1997-07-09,35.741546630859375,35.901107106889995,35.42242567879813,35.901107106889995,7500
1997-07-10,35.581993103027344,35.74155361021581,35.422432595838885,35.422432595838885,18825
1997-07-11,35.422420501708984,35.74154140712979,35.26286004899858,35.74154140712979,9175
1997-07-14,36.2202262878418,36.379786756070175,35.90110535138504,36.2202262878418,6025
1997-07-15,35.741546630859375,36.060667582920615,35.26286520276751,36.060667582920615,23200
1997-07-16,36.2202262878418,36.379786756070175,35.90110535138504,36.379786756070175,38425
1997-07-17,36.53934097290039,36.53934097290039,36.060659650111305,36.379780531970695,5575
1997-07-18,36.060672760009766,36.060672760009766,35.741551762133575,36.060672760009766,14375
1997-07-21,35.741546630859375,36.060667582920615,35.42242567879813,36.060667582920615,4825
1997-07-22,36.060672760009766,36.220233258947864,35.741551762133575,35.901112261071674,5725
1997-07-23,36.060672760009766,36.060672760009766,35.58199126319548,36.060672760009766,12175
1997-07-24,35.741546630859375,36.22022805895124,35.741546630859375,36.22022805895124,5600
1997-07-25,36.060672760009766,36.060672760009766,35.741551762133575,36.060672760009766,3600
1997-07-28,35.741546630859375,36.060667582920615,35.581986154828755,36.060667582920615,16050
1997-07-29,35.422420501708984,35.74154140712979,35.422420501708984,35.74154140712979,41525
1997-07-30,35.422420501708984,35.74154140712979,35.26286004899858,35.74154140712979,16575
1997-07-31,35.581993103027344,35.581993103027344,35.26287208865042,35.26287208865042,10675
1997-08-01,34.465057373046875,35.10329917625145,34.465057373046875,34.62461782384802,19275
1997-08-04,34.465057373046875,34.62461782384802,34.14593647144459,34.14593647144459,10700
1997-08-05,33.507694244384766,33.98637559073312,33.507694244384766,33.98637559073312,9325
1997-08-06,34.465057373046875,34.62461782384802,33.8268155698423,33.8268155698423,48650
1997-08-07,34.14594268798828,34.46506364768911,34.14594268798828,34.46506364768911,17625
1997-08-08,35.103302001953125,35.42242292924361,34.624620611017406,34.78418107466264,14100
1997-08-11,34.14594268798828,34.305503167838694,33.98638220813787,34.305503167838694,13900
1997-08-12,34.30549240112305,34.624613260668376,34.30549240112305,34.30549240112305,43725
1997-08-13,34.62461853027344,34.78417898433,34.46505807621688,34.62461853027344,15975
1997-08-14,34.94375228881836,34.94375228881836,34.6246312633497,34.78419177608403,11425
1997-08-15,34.30549240112305,35.10329454998637,34.30549240112305,34.943734120213705,17000
1997-08-18,34.465057373046875,34.62461782384802,34.30549692224574,34.30549692224574,1850
1997-08-19,34.14594268798828,34.14594268798828,33.826821728287456,33.826821728287456,12450
1997-08-20,34.62461853027344,34.62461853027344,33.986376714047196,34.62461853027344,17700
1997-08-21,34.30549240112305,34.624613260668376,34.14593197135038,34.624613260668376,2700
1997-08-22,33.188575744628906,33.507696665250336,32.071652522453896,33.507696665250336,41050
1997-08-25,33.04172897338867,33.520594610684164,33.04172897338867,33.20135085248717,4050
1997-08-26,33.520591735839844,33.6802136012486,33.360969870431084,33.360969870431084,5175
1997-08-27,32.88209915161133,33.04172099215313,32.722477311069525,33.04172099215313,16175
1997-08-28,32.08399200439453,32.722479407467056,32.08399200439453,32.56285755669892,10525
1997-08-29,32.08399200439453,32.722479407467056,31.764748302858266,32.722479407467056,4150
1997-09-02,31.605131149291992,31.764753023783364,31.285887400309242,31.445509274800617,61700
1997-09-03,32.243614196777344,32.56285790169593,32.08399234431805,32.243614196777344,8250
1997-09-04,32.243614196777344,32.56285790169593,32.243614196777344,32.40323604923664,5250
1997-09-05,32.5628547668457,32.882098441030465,32.24361109266094,32.722476603938084,17200
1997-09-08,32.243614196777344,32.56285790169593,32.243614196777344,32.40323604923664,54075
1997-09-09,32.88209915161133,33.04172099215313,32.56285547052772,33.04172099215313,43275
1997-09-10,32.40323257446289,32.882098080489435,32.40323257446289,32.882098080489435,19550
1997-09-11,31.764741897583008,32.243607353325466,31.44549826042137,32.243607353325466,45125
1997-09-12,31.605131149291992,31.60513114929199,31.126265525817868,31.445509274800617,19175
1997-09-15,31.764741897583008,31.92436371616383,31.126254623259733,31.60512007900219,70575
1997-09-16,31.605131149291992,31.60513114929199,31.126265525817868,31.60513114929199,18175
1997-09-17,31.285884857177734,31.44550671869395,30.8070192726291,31.44550671869395,10550
1997-09-18,31.445505142211914,31.445505142211914,31.126261435184382,31.445505142211914,4750
1997-09-19,31.126258850097656,31.126258850097656,30.807015169583835,31.126258850097656,22325
1997-09-22,31.445505142211914,31.60512699572568,31.126261435184382,31.445505142211914,20475
1997-09-23,31.285884857177734,31.44550671869395,31.126262995661524,31.44550671869395,7175
1997-09-24,32.243614196777344,32.88210160661452,32.243614196777344,32.88210160661452,10175
1997-09-25,32.243614196777344,32.56285790169593,31.924370491858756,32.40323604923664,7175
1997-09-26,31.285884857177734,31.92437230324259,31.285884857177734,31.605128580210163,11125
1997-09-29,31.605131149291992,31.764753023783364,31.285887400309242,31.764753023783364,81475
1997-09-30,31.764741897583008,31.764741897583008,31.44549826042137,31.764741897583008,6675
1997-10-01,32.08399200439453,32.08399200439453,31.605126452090133,31.9243701536264,19200
1997-10-02,31.126258850097656,31.764746211125303,31.126258850097656,31.764746211125303,7750
1997-10-03,31.126258850097656,31.764746211125303,31.126258850097656,31.764746211125303,36100
1997-10-06,31.924365997314453,31.924365997314453,31.445500507354737,31.445500507354737,6575
1997-10-07,31.445505142211914,31.60512699572568,31.126261435184382,31.60512699572568,13400
1997-10-08,31.445505142211914,31.764748849239446,31.126261435184382,31.445505142211914,8775
1997-10-09,30.966632843017578,31.12625466179602,30.807011024239134,31.12625466179602,2825
1997-10-10,31.126258850097656,31.285880690354567,30.966637009840746,31.285880690354567,8950
1997-10-13,31.126258850097656,31.126258850097656,30.647393329326924,30.807015169583835,21225
1997-10-14,30.647390365600586,31.1262558400631,30.647390365600586,30.647390365600586,6800
1997-10-15,30.647390365600586,30.807012190421425,30.328146715958916,30.48776854077975,22725
1997-10-16,31.285884857177734,31.605128580210163,31.126262995661524,31.126262995661524,20100
1997-10-17,31.285884857177734,31.605128580210163,30.96664113414531,31.126262995661524,5625
1997-10-20,31.126258850097656,31.126258850097656,30.807015169583835,31.126258850097656,21900
1997-10-21,30.966632843017578,31.28587648057446,30.647389205460694,31.12625466179602,19425
1997-10-22,31.126258850097656,31.605124370868392,30.966637009840746,31.605124370868392,17450
1997-10-23,29.53005027770996,30.00891595788904,29.53005027770996,30.00891595788904,83575
1997-10-24,29.689674377441406,30.32816199846165,29.370430566931283,30.32816199846165,15150
1997-10-27,28.093456268310547,29.530053463849157,27.774212447079748,29.051187732002955,26750
1997-10-28,29.53005027770996,29.689672171102988,26.177990516456397,26.177990516456397,60850
1997-10-29,28.891550064086914,29.849281005437863,28.891550064086918,29.37041553476239,19800
1997-10-30,28.731943130493164,28.731943130493168,28.093455505371097,28.253077411651613,27375
1997-10-31,28.731943130493164,29.0511869430542,28.572321224212647,29.0511869430542,51050
1997-11-03,29.37042236328125,29.370422363281254,28.89155678127123,29.210800502611246,21150
1997-11-04,28.41269302368164,28.891558636440323,28.41269302368164,28.41269302368164,10050
1997-11-05,28.25305938720703,28.731924800549525,28.25305938720703,28.412681191654528,2775
1997-11-06,28.093456268310547,28.25307817892595,27.61459053646435,28.25307817892595,5225
1997-11-07,26.33759880065918,26.976086044311526,25.85873336791992,26.976086044311526,47750
1997-11-10,26.33759880065918,26.816464233398438,26.177976989746096,26.177976989746096,17675
1997-11-11,26.33759880065918,26.816464233398438,26.33759880065918,26.816464233398438,33275
1997-11-12,25.220251083374023,25.539494767973693,24.741385556474516,25.539494767973693,47375
1997-11-13,25.699127197265625,26.018371013380726,25.379883381150524,26.018371013380726,57225
1997-11-14,26.33759880065918,26.497220611572267,25.22024612426758,25.379867935180666,35850
1997-11-17,27.454957962036133,27.61457981065262,27.135714264803156,27.454957962036133,55050
1997-11-18,26.976099014282227,27.933830340233076,26.816477126623752,27.933830340233076,24200
1997-11-19,26.33759880065918,26.65684242248535,26.177976989746096,26.497220611572267,14875
1997-11-20,27.614582061767578,27.774203923396293,26.81647275362401,26.976094615252723,33275
1997-11-21,27.135704040527344,28.253056559843177,26.816460463579965,28.253056559843177,49475
1997-11-24,26.65684700012207,26.976090676770237,26.497225161797985,26.65684700012207,22225
1997-11-25,26.81647491455078,26.976096789042153,26.177987416585285,26.49723116556803,33325
1997-11-26,26.976099014282227,26.976099014282227,26.4972333513068,26.656855238965278,129825
1997-11-28,26.81647491455078,27.454962412516274,26.81647491455078,27.295340538024902,8025
1997-12-01,27.454957962036133,27.61457981065262,27.295336113419644,27.454957962036133,24125
1997-12-02,27.135704040527344,27.454947617474726,26.976082252053654,27.454947617474726,12050
1997-12-03,27.135704040527344,27.135704040527347,26.816460463579965,26.976082252053654,9700
1997-12-04,26.65684700012207,26.816468838446152,26.3376033234739,26.65684700012207,4325
1997-12-05,26.33759880065918,26.65684242248535,26.33759880065918,26.497220611572267,12850
1997-12-08,26.33759880065918,26.33759880065918,26.01835517883301,26.177976989746096,23375
1997-12-09,26.65684700012207,26.976090676770237,26.497225161797985,26.816468838446152,33800
1997-12-10,26.65684700012207,26.816468838446152,26.3376033234739,26.65684700012207,6775
1997-12-11,26.018367767333984,26.33761154362029,25.85874587919083,26.018367767333984,15750
1997-12-12,25.858734130859375,25.858734130859375,25.699112315236786,25.858734130859375,3800
1997-12-15,26.33759880065918,26.33759880065918,25.699111557006837,25.85873336791992,9500
1997-12-16,25.699127197265625,26.17799292143828,25.699127197265625,26.018371013380726,8225
1997-12-17,26.81647491455078,27.295340538024902,26.81647491455078,26.81647491455078,45000
1997-12-18,26.018367767333984,26.497233431763444,25.85874587919083,26.177989655477138,46375
1997-12-19,25.220251083374023,25.539494767973693,24.90100739877435,25.379872925673858,37750
1997-12-22,24.9010066986084,24.901006698608402,24.422141185173622,24.901006698608402,29000
1997-12-23,24.58429527282715,24.903571834811917,24.424656991834766,24.743933553819534,34600
1997-12-24,25.063196182250977,25.38247256673825,24.743919797763702,24.743919797763702,27850
1997-12-26,24.903553009033203,24.903553009033203,24.58427668840457,24.743914848718887,19025
1997-12-29,25.222843170166016,25.38248141807846,24.743928426428685,25.222843170166016,56200
1997-12-30,25.222843170166016,25.542119665990903,25.222843170166016,25.542119665990903,44750
1997-12-31,25.222843170166016,25.542119665990903,25.063204922253572,25.222843170166016,24225
1998-01-02,25.222843170166016,25.38248141807846,25.222843170166016,25.38248141807846,2350
1998-01-05,24.58429527282715,25.222848396796685,24.424656991834766,24.743933553819534,53500
1998-01-06,24.58429527282715,24.58429527282715,24.105380429849998,24.26501871084238,49950
1998-01-07,25.382469177246094,25.382469177246097,24.743916493541793,25.063192835393945,131825
1998-01-08,24.903553009033203,25.06319116934752,24.903553009033203,25.06319116934752,13600
1998-01-09,24.265010833740234,24.903563750417607,24.265010833740234,24.584287292078923,21375
1998-01-12,24.105369567871094,24.10536956787109,23.786093149753594,23.786093149753594,34975
1998-01-13,24.58429527282715,24.58429527282715,24.26501871084238,24.58429527282715,57250
1998-01-14,25.063196182250977,25.222834374494614,24.584281605520065,25.063196182250977,141275
1998-01-15,24.903553009033203,25.06319116934752,24.743914848718887,24.903553009033203,8275
1998-01-16,27.13849639892578,27.298134613037107,26.659581756591795,26.978858184814452,88325
1998-01-20,27.617414474487305,27.6174144744873,26.978861538661008,27.138499772617582,122875
1998-01-21,27.13849639892578,27.457772827148435,26.978858184814452,27.457772827148435,67050
1998-01-22,27.457782745361328,27.617421017136685,27.138506201810614,27.138506201810614,36800
1998-01-23,28.415607452392578,28.415607452392578,27.777054475934317,28.25596920827801,68675
1998-01-26,28.894529342651367,28.894529342651367,28.09633792434608,28.09633792434608,245800
1998-01-27,29.054157257080078,29.213795483767328,28.575242577018315,28.73488080370557,113775
1998-01-28,29.373445510864258,29.37344551086426,28.575254056764688,28.7348923475846,171650
1998-01-29,28.894529342651367,29.054167626312427,28.575252775329254,28.894529342651367,106275
1998-01-30,28.255962371826172,28.415600577316713,27.77704775535454,28.25596237182617,68200
1998-02-02,28.894529342651367,28.894529342651367,28.09633792434608,28.25597620800714,91400
1998-02-03,28.734882354736328,28.734882354736328,28.415605884128148,28.734882354736328,54275
1998-02-04,28.734882354736328,28.89452059004042,28.415605884128148,28.575244119432238,33575
1998-02-05,29.054157257080078,29.213795483767328,28.73488080370557,29.054157257080075,30700
1998-02-06,29.213808059692383,29.37344635510054,29.05416976428423,29.05416976428423,54725
1998-02-09,29.533069610595703,29.5330696105957,29.213793182373045,29.213793182373045,66375
1998-02-10,29.533069610595703,29.69270782470703,29.213793182373045,29.69270782470703,41025
1998-02-11,29.533069610595703,30.011984252929686,29.373431396484374,29.373431396484374,75875
1998-02-12,29.054157257080078,29.37343371045458,28.89451903039282,29.213795483767328,33375
1998-02-13,28.415607452392578,28.575245696507142,28.25596920827801,28.575245696507142,85250
1998-02-17,28.255962371826172,28.415600577316713,27.936685960845082,28.096324166335627,53925
1998-02-18,27.777050018310547,27.936688236806585,27.61741179981451,27.936688236806585,20775
1998-02-19,27.298128128051758,27.936680832801503,27.298128128051754,27.61740448042663,47425
1998-02-20,26.978862762451172,27.45777748604498,26.978862762451172,27.138501003649107,56400
1998-02-23,26.819211959838867,27.457764625549316,26.819211959838867,26.819211959838867,29650
1998-02-24,26.34029769897461,26.819212202592333,26.180659531102037,26.819212202592333,58525
1998-02-25,26.659587860107422,26.81922611076675,26.499949609448095,26.81922611076675,78050
1998-02-26,27.936691284179688,27.936691284179688,27.298138340541296,27.457776576450893,61425
1998-02-27,28.57523536682129,28.57523536682129,28.255958994007642,28.415597180414466,43075
1998-03-02,28.734882354736328,29.05415882534451,28.734882354736328,29.05415882534451,44375
1998-03-03,28.734882354736328,28.734882354736328,28.415605884128148,28.734882354736328,40400
1998-03-04,28.09632110595703,28.734873858365148,27.936682917855006,28.41559748216109,78150
1998-03-05,27.777050018310547,27.777050018310547,27.61741179981451,27.777050018310547,58100
1998-03-06,28.57523536682129,28.57523536682129,27.936682621194,27.936682621194,47800
1998-03-09,27.617414474487305,27.93669094240045,27.6174144744873,27.93669094240045,24725
1998-03-10,27.617414474487305,27.93669094240045,27.45777624053073,27.93669094240045,20825
1998-03-11,27.13849639892578,27.298134613037107,26.819219970703124,27.138496398925778,55400
1998-03-12,26.978862762451172,27.138501003649107,26.6595862800553,26.6595862800553,24850
1998-03-13,27.617414474487305,27.777052708443875,27.298138006574156,27.45777624053073,51125
1998-03-16,27.298128128051758,27.457766304239193,27.13848995186432,27.298128128051754,39250
1998-03-17,27.13849639892578,27.617411041259764,27.138496398925778,27.617411041259764,30275
1998-03-18,26.819211959838867,26.819211959838867,26.499935626983643,26.819211959838867,25325
1998-03-19,26.49995231628418,26.819228850215314,26.49995231628418,26.819228850215314,17850
1998-03-20,26.978862762451172,26.978862762451172,26.6595862800553,26.978862762451172,15525
1998-03-23,26.659587860107422,26.81922611076675,26.499949609448095,26.659587860107422,43650
1998-03-24,26.34029769897461,26.659574034719757,26.180659531102037,26.499935866847185,15550
1998-03-25,26.659587860107422,26.81922611076675,26.34031135878877,26.499949609448095,37875
1998-03-26,27.617414474487305,27.6174144744873,27.138499772617582,27.138499772617582,34375
1998-03-27,27.13849639892578,27.457772827148435,26.978858184814452,27.457772827148435,14725
1998-03-30,26.34029769897461,26.499935866847185,26.021021363229465,26.34029769897461,17175
1998-03-31,25.382469177246094,26.499936373728627,25.22283100632002,26.499936373728627,76775
1998-04-01,25.542118072509766,25.701756310462955,25.222841596603395,25.222841596603395,24675
1998-04-02,24.743921279907227,24.90355948171308,24.424644876295524,24.584283078101375,71550
1998-04-03,24.903553009033203,24.903553009033203,24.58427668840457,24.743914848718887,37375
1998-04-06,25.382469177246094,25.382469177246097,24.90355466446787,25.063192835393945,63875
1998-04-07,25.542118072509766,25.86139454841614,25.38247983455658,25.542118072509766,46300
1998-04-08,26.659587860107422,26.659587860107422,26.180673108129444,26.499949609448095,50600
1998-04-09,26.978862762451172,27.138501003649107,26.34030979765943,26.819224521253236,46200
1998-04-13,26.978862762451172,27.138501003649107,26.6595862800553,26.978862762451172,15400
1998-04-14,27.13849639892578,27.138496398925778,26.819219970703124,26.819219970703124,14075
1998-04-15,26.819211959838867,27.138488292694092,26.819211959838867,26.97885012626648,30075
1998-04-16,25.861392974853516,26.180669431333186,25.701754746613677,25.861392974853512,52675
1998-04-17,26.021034240722656,26.021034240722653,25.701757746971456,25.861395993847054,21950
1998-04-20,26.021034240722656,26.021034240722653,25.542119500095858,26.021034240722653,23675
1998-04-21,26.1806697845459,26.34030801493947,26.021031554152326,26.34030801493947,19075
1998-04-22,26.34029769897461,26.34029769897461,26.021021363229465,26.34029769897461,11475
1998-04-23,26.49995231628418,26.65959058324975,26.180675782353045,26.49995231628418,30350
1998-04-24,26.659587860107422,26.81922611076675,26.34031135878877,26.81922611076675,42700
1998-04-27,24.903553009033203,25.861381970919098,24.743914848718887,25.861381970919098,57325
1998-04-28,25.701765060424805,25.70176506042481,25.382488475823255,25.70176506042481,34825
1998-04-29,25.861392974853516,25.861392974853512,25.063201833654333,25.382478290134003,55525
1998-04-30,26.34029769897461,26.499935866847185,26.021021363229465,26.34029769897461,42050
1998-05-01,26.1806697845459,26.1806697845459,25.861393323758755,26.1806697845459,78300
1998-05-04,26.021034240722656,26.340310734473853,25.701757746971456,26.021034240722653,68125
1998-05-05,26.1806697845459,26.1806697845459,25.701755093365183,26.1806697845459,37400
1998-05-06,25.382469177246094,25.701745519098246,25.22283100632002,25.701745519098246,25625
1998-05-07,25.222843170166016,25.542119665990903,24.743928426428685,25.38248141807846,89450
1998-05-08,25.222843170166016,25.542119665990903,25.063204922253572,25.222843170166016,62450
1998-05-11,25.542118072509766,25.701756310462955,25.222841596603395,25.38247983455658,24375
1998-05-12,25.222843170166016,25.542119665990903,24.90356667434113,25.542119665990903,42025
1998-05-13,24.903553009033203,25.38246748997615,24.903553009033203,25.06319116934752,11900
1998-05-14,25.222843170166016,25.222843170166016,24.90356667434113,25.222843170166016,14725
1998-05-15,25.063196182250977,25.38247256673825,25.063196182250977,25.38247256673825,13600
1998-05-18,24.903553009033203,25.222829329661835,24.743914848718887,24.903553009033203,15700
1998-05-19,25.222843170166016,25.542119665990903,25.063204922253572,25.063204922253572,12925
1998-05-20,25.222843170166016,25.542119665990903,25.222843170166016,25.542119665990903,18275
1998-05-21,25.542118072509766,25.701756310462955,25.38247983455658,25.542118072509766,28250
1998-05-22,25.222843170166016,25.542119665990903,25.222843170166016,25.542119665990903,8000
1998-05-26,24.903553009033203,25.38246748997615,24.903553009033203,25.06319116934752,31175
1998-05-27,24.903553009033203,24.903553009033203,24.58427668840457,24.58427668840457,36375
1998-05-28,24.903553009033203,24.903553009033203,24.58427668840457,24.58427668840457,40150
1998-05-29,24.743921279907227,24.90355948171308,24.584283078101375,24.743921279907227,17850
1998-06-01,23.94573211669922,24.105370330810544,23.62645568847656,24.105370330810544,26950
1998-06-02,24.265010833740234,24.424649062909577,24.10537260457089,24.265010833740234,22975
1998-06-03,24.265010833740234,24.424649062909577,24.10537260457089,24.265010833740234,12425
1998-06-04,24.424646377563477,24.58428458918154,24.10536995432735,24.265008165945414,11825
1998-06-05,24.105369567871094,24.10536956787109,23.786093149753594,24.10536956787109,27050
1998-06-08,23.786094665527344,23.94573288475907,23.626456446295617,23.786094665527344,14075
1998-06-09,23.94573211669922,24.265008544921873,23.94573211669922,23.94573211669922,11500
1998-06-10,23.466815948486328,23.78609235594873,23.46681594848633,23.78609235594873,25925
1998-06-11,22.66862678527832,23.30717965246926,22.34935035168285,22.98790321887379,42650
1998-06-12,22.66862678527832,22.98790321887379,22.189712134885117,22.66862678527832,88525
1998-06-15,21.71080207824707,22.030078579397763,21.551163827671726,21.71080207824707,44725
1998-06-16,22.508981704711914,22.508981704711914,22.030067200356342,22.189705368474865,40850
1998-06-17,24.903553009033203,24.903553009033203,24.105362207461628,24.743914848718887,115300
1998-06-18,24.424646377563477,24.58428458918154,24.265008165945414,24.58428458918154,63925
1998-06-19,25.222843170166016,25.38248141807846,24.90356667434113,24.90356667434113,87625
1998-06-22,24.265010833740234,24.584287292078923,23.945734375401546,24.10537260457089,140100
1998-06-23,23.626462936401367,23.945739462568955,23.626462936401367,23.626462936401367,53850
1998-06-24,23.626462936401367,23.626462936401367,23.307186410233783,23.466824673317575,76725
1998-06-25,23.307186126708984,23.78610091013451,23.307186126708984,23.626462648992668,42025
1998-06-26,23.466815948486328,23.78609235594873,23.30717774475513,23.78609235594873,51875
1998-06-29,23.626462936401367,23.945739462568955,23.626462936401367,23.626462936401367,161675
1998-06-30,25.063196182250977,25.38247256673825,24.90355799000734,24.90355799000734,304600
1998-07-01,26.34029769897461,26.659574034719757,26.021021363229465,26.180659531102037,389925
1998-07-02,25.063196182250977,25.542110758981885,24.743919797763702,25.542110758981885,163375
1998-07-06,24.743921279907227,25.222835885324788,24.743921279907227,25.063197683518936,62225
1998-07-07,25.222843170166016,25.542119665990903,25.222843170166016,25.38248141807846,120200
1998-07-08,25.382469177246094,25.382469177246097,24.90355466446787,25.382469177246097,35800
1998-07-09,24.58429527282715,25.222848396796685,24.58429527282715,25.222848396796685,40275
1998-07-10,24.743921279907227,24.743921279907227,24.26500667448967,24.424644876295524,27700
1998-07-13,24.903553009033203,25.06319116934752,24.58427668840457,24.903553009033203,95400
1998-07-14,25.542118072509766,25.86139454841614,25.222841596603395,25.38247983455658,96550
1998-07-15,25.382469177246094,25.701745519098246,25.22283100632002,25.542107348172173,229225
1998-07-16,26.1806697845459,26.34030801493947,25.701755093365183,25.701755093365183,296150
1998-07-17,26.1806697845459,26.1806697845459,25.861393323758755,26.1806697845459,71125
1998-07-20,26.1806697845459,26.34030801493947,26.021031554152326,26.34030801493947,85600
1998-07-21,25.542118072509766,25.86139454841614,25.222841596603395,25.86139454841614,72325
1998-07-22,24.743921279907227,25.222835885324788,24.584283078101375,25.222835885324788,77850
1998-07-23,24.265010833740234,24.903563750417607,24.265010833740234,24.584287292078923,108300
1998-07-24,24.743921279907227,25.222835885324788,24.743921279907227,25.063197683518936,42775
1998-07-27,23.94573211669922,24.74392318725586,23.62645568847656,24.105370330810544,187950
1998-07-28,23.94573211669922,24.265008544921873,23.78609390258789,24.265008544921873,70325
1998-07-29,24.105369567871094,24.42464598598859,23.945731358812342,24.265007776929842,29075
1998-07-30,24.265010833740234,24.584287292078923,23.945734375401546,24.265010833740234,80050
1998-07-31,24.105369567871094,24.58428419504734,23.945731358812342,24.42464598598859,44800
1998-08-03,23.147544860839844,23.786097822518183,23.147544860839844,23.786097822518183,112750
1998-08-04,22.828269958496094,23.626461215786165,22.828269958496094,23.466822964328152,58325
1998-08-05,23.94573211669922,24.105370330810544,23.466817474365232,23.466817474365232,195625
1998-08-06,23.786094665527344,23.786094665527344,23.307180007832162,23.307180007832162,25900
1998-08-07,22.987899780273438,23.466814359029133,22.987899780273438,23.466814359029133,33125
1998-08-10,22.66862678527832,22.98790321887379,22.508988568480586,22.98790321887379,25200
1998-08-11,21.870437622070312,22.189714083706374,21.551161160434248,21.870437622070312,220150
1998-08-12,22.18970489501953,22.50898122444427,22.18970489501953,22.50898122444427,49400
1998-08-13,22.349355697631836,22.50899395261492,22.18971744264875,22.349355697631836,57325
1998-08-14,21.71080207824707,22.18971682997311,21.551163827671726,22.030078579397763,28200
1998-08-17,21.71080207824707,21.87044032882242,21.391525577096377,21.551163827671726,41600
1998-08-18,22.508981704711914,22.508981704711914,22.030067200356342,22.030067200356342,104900
1998-08-19,22.66862678527832,22.98790321887379,22.508988568480586,22.828265002076055,38475
1998-08-20,22.508981704711914,22.987896209067486,22.508981704711914,22.987896209067486,23450
1998-08-21,22.349355697631836,22.349355697631836,21.55116442271641,22.18971744264875,34575
1998-08-24,22.030078887939453,22.18971714075061,21.870440635128297,22.18971714075061,26725
1998-08-25,22.058204650878906,22.377888776253965,22.058204650878906,22.218046713566437,30050
1998-08-26,21.73853302001953,21.898375174578497,21.418848710901596,21.898375174578497,40000
1998-08-27,20.779470443725586,21.25899668473464,20.619628363389236,21.25899668473464,71350
1998-08-28,20.29994010925293,20.61962420546164,19.980256013044222,20.61962420546164,109100
1998-08-31,20.140106201171875,21.259000990125866,20.140106201171875,21.099158877418155,114875
1998-09-01,22.218048095703125,22.377890168334083,21.578679805179295,21.73852187781025,100775
1998-09-02,22.218048095703125,22.377890168334083,22.058206023072167,22.218048095703125,24100
1998-09-03,22.537734985351562,22.537734985351562,22.058208709067486,22.058208709067486,30050
1998-09-04,22.058204650878906,22.377888776253965,22.058204650878906,22.218046713566437,70500
1998-09-08,23.816469192504883,23.816469192504883,23.336942967152435,23.6566271173874,262250
1998-09-09,22.537734985351562,22.857419169540947,22.537734985351562,22.537734985351562,74250
1998-09-10,22.537734985351562,22.537734985351562,22.21805080116218,22.37789289325687,40600
1998-09-11,22.537734985351562,22.857419169540947,22.21805080116218,22.37789289325687,83075
1998-09-14,22.537734985351562,22.697577077446255,22.21805080116218,22.697577077446255,45300
1998-09-15,22.377891540527344,22.69757570539202,22.218049458095006,22.218049458095006,13450
1998-09-16,21.73853302001953,22.218059483696432,21.73853302001953,22.218059483696432,39150
1998-09-17,21.89836883544922,22.05821094373717,21.578684618873318,21.578684618873318,118675
1998-09-18,22.058204650878906,22.377888776253965,21.89836258819138,22.058204650878906,33325
1998-09-21,21.418834686279297,21.578676736176906,21.25899263638169,21.418834686279297,34575
1998-09-22,21.099153518676758,21.418837662899133,20.939311446565572,21.418837662899133,29600
1998-09-23,21.73853302001953,21.898375174578497,21.09916440178366,21.09916440178366,44625
1998-09-24,21.73853302001953,21.898375174578497,21.578690865460562,21.898375174578497,31850
1998-09-25,21.418834686279297,21.418834686279297,21.099150586484082,21.25899263638169,188025
1998-09-28,21.418834686279297,21.73851878607451,21.418834686279297,21.578676736176906,33675
1998-09-29,21.73853302001953,21.898375174578497,21.578690865460562,21.578690865460562,49900
1998-09-30,20.459787368774414,21.099155724048615,20.299945279955864,20.939313635230064,206300
1998-10-01,19.66057777404785,20.14010406121975,19.500735678323885,20.14010406121975,155750
1998-10-02,20.619630813598633,20.619630813598633,20.299946614938186,20.299946614938186,82600
1998-10-05,19.820411682128906,20.140095741518085,19.66056965243432,19.980253711823497,214300
1998-10-06,20.779470443725586,21.099154604398286,20.459786283052885,20.459786283052885,41050
1998-10-07,23.496788024902344,23.976314311124842,22.53773545245735,22.53773545245735,179275
1998-10-08,22.218048095703125,23.017258458857913,21.418837732548337,23.017258458857913,140400
1998-10-09,23.33693504333496,23.33693504333496,22.85740898080068,23.01725100164544,68350
1998-10-12,23.976306915283203,24.29599100748698,23.976306915283203,23.976306915283203,52675
1998-10-13,23.33693504333496,23.49677706417972,22.85740898080068,23.33693504333496,23350
1998-10-14,23.177104949951172,23.177104949951172,22.85742074374495,23.177104949951172,60525
1998-10-15,24.295991897583008,24.295991897583008,22.85741342996296,23.017255481920746,77500
1998-10-16,23.816469192504883,24.29599541785733,23.816469192504883,24.13615334273985,44300
1998-10-19,24.77552032470703,24.77552032470703,24.455836191485005,24.61567825809602,32700
1998-10-20,25.255048751831055,25.73457499395443,25.095206671123265,25.41489083253885,187575
1998-10-21,26.054264068603516,26.214106179453843,25.414895625202202,25.89442195775319,191150
1998-10-22,25.734569549560547,25.894411596452226,25.255043408885506,25.574727502668864,109300
1998-10-23,24.935373306274414,25.0952154428531,24.61568903311705,25.0952154428531,62475
1998-10-26,24.77552032470703,24.935362391318044,24.455836191485005,24.77552032470703,21950
1998-10-27,24.45583724975586,24.77552139681149,24.45583724975586,24.77552139681149,13975
1998-10-28,24.295991897583008,24.295991897583008,23.97630779366744,24.295991897583008,70700
1998-10-29,24.61568260192871,24.77552469674643,24.45584050711099,24.77552469674643,25100
1998-10-30,24.77552032470703,24.77552032470703,24.61567825809602,24.77552032470703,66650
1998-11-02,26.693620681762695,26.85346272177325,25.894410481709922,26.05425252172048,453050
1998-11-03,26.693620681762695,27.173146801794363,26.6936206817627,27.013304761783807,163275
1998-11-04,27.013309478759766,27.332993614603076,26.85346741083811,27.013309478759766,406125
1998-11-05,26.533796310424805,26.853480603321486,26.21411201752812,26.693638456873146,221925
1998-11-06,26.054264068603516,26.214106179453843,25.73457984690286,26.214106179453843,77200
1998-11-09,24.935373306274414,25.574741852589145,24.775531169695732,25.414899716010463,119875
1998-11-10,24.77552032470703,24.77552032470703,24.295994124873992,24.61567825809602,136675
1998-11-11,25.255048751831055,25.57473291324664,25.095206671123265,25.41489083253885,65950
1998-11-12,24.935373306274414,25.0952154428531,24.296004759959686,24.455846896538368,142625
1998-11-13,25.0952091217041,25.0952091217041,24.77552492907093,25.0952091217041,84700
1998-11-16,25.734569549560547,26.054253643343905,25.574727502668864,25.734569549560547,77175
1998-11-17,25.57473373413086,25.894417905807497,25.095207476615908,25.57473373413086,309875
1998-11-18,25.0952091217041,25.414893314337274,25.0952091217041,25.25505121802069,68400
1998-11-19,26.214109420776367,26.373951551390856,26.054267290161878,26.214109420776367,393825
1998-11-20,26.533796310424805,26.693638456873146,26.37395416397646,26.533796310424805,269500
1998-11-23,27.013309478759766,27.013309478759766,26.373941207073145,26.5337832749948,232350
1998-11-24,26.533796310424805,27.01332274976983,26.533796310424805,27.01332274976983,217675
1998-11-25,26.533796310424805,26.693638456873146,26.21411201752812,26.533796310424805,106650
1998-11-27,26.533796310424805,26.533796310424805,26.054269871079775,26.533796310424805,46100
1998-11-30,25.57473373413086,25.894417905807497,25.255049562454225,25.894417905807497,85850
1998-12-01,26.054264068603516,26.054264068603516,25.57473773605253,25.73457984690286,124675
1998-12-02,26.054264068603516,26.373948290304174,25.89442195775319,26.214106179453843,41400
1998-12-03,25.894411087036133,26.53377926202468,25.894411087036133,26.53377926202468,67175
1998-12-04,26.214109420776367,26.214109420776367,25.894425159547385,26.054267290161878,32025
1998-12-07,25.894411087036133,26.214095174530406,25.57472699954186,26.214095174530406,49425
1998-12-08,25.894411087036133,26.214095174530406,25.894411087036133,26.214095174530406,44050
1998-12-09,26.853473663330078,27.013315768468946,26.53378945305234,26.693631558191207,81750
1998-12-10,26.533796310424805,26.853480603321486,26.533796310424805,26.853480603321486,57500
1998-12-11,26.37394142150879,26.533783490730055,26.05425728306626,26.214099352287526,34075
1998-12-14,25.734569549560547,26.054253643343905,25.734569549560547,26.054253643343905,53250
1998-12-15,25.894411087036133,26.05425313078327,25.57472699954186,25.734569043288996,69650
1998-12-16,25.894411087036133,26.214095174530406,25.894411087036133,26.05425313078327,77775
1998-12-17,26.214109420776367,26.214109420776367,25.894425159547385,25.894425159547385,48575
1998-12-18,26.533796310424805,26.533796310424805,26.21411201752812,26.37395416397646,45975
1998-12-21,26.37394142150879,26.533783490730055,26.05425728306626,26.214099352287526,97100
1998-12-22,25.439558029174805,25.599555249484077,25.11956358855625,25.4395580291748,57825
1998-12-23,25.439558029174805,25.759552469793356,25.279560808865526,25.599555249484077,132450
1998-12-24,25.11956787109375,25.599559613853504,25.11956787109375,25.43956236626692,21775
1998-12-28,25.439558029174805,25.759552469793356,25.4395580291748,25.4395580291748,65225
1998-12-29,25.75954818725586,26.23953976838485,25.75954818725586,26.079542574675187,83500
1998-12-30,25.91954803466797,26.079545244758513,25.759550824577428,25.759550824577428,81125
1998-12-31,26.23955535888672,26.399552647660418,26.07955807011302,26.07955807011302,20600
1999-01-04,26.079553604125977,26.39954812687599,25.919556342750973,26.39954812687599,60875
1999-01-05,25.91954803466797,26.239542454849055,25.759550824577428,26.239542454849055,34550
1999-01-06,26.23955535888672,26.399552647660418,25.91956078133932,26.07955807011302,75100
1999-01-07,26.3995418548584,26.559539078221174,26.07954740813284,26.23954463149562,38975
1999-01-08,26.3995418548584,26.3995418548584,26.07954740813284,26.23954463149562,38225
1999-01-11,26.079553604125977,26.559545388250996,25.919556342750973,26.559545388250996,85050
1999-01-12,25.439558029174805,26.079546910411906,25.279560808865526,26.079546910411906,79550
1999-01-13,25.27956199645996,25.59955645211135,24.799570312982873,25.119564768634262,42350
1999-01-14,25.439558029174805,26.079546910411906,25.4395580291748,25.91954969010263,48775
1999-01-15,26.079553604125977,26.079553604125977,25.759559081375965,26.079553604125977,54475
1999-01-19,25.75954818725586,26.23953976838485,25.75954818725586,26.23953976838485,91150
1999-01-20,26.3995418548584,26.719536301583954,26.07954740813284,26.559539078221174,37100
1999-01-21,26.559551239013672,26.8795458322548,26.399553942393105,26.719548535634235,35500
1999-01-22,26.079553604125977,26.559545388250996,25.919556342750973,26.079553604125977,199250
1999-01-25,26.3995418548584,26.719536301583954,26.23954463149562,26.3995418548584,45400
1999-01-26,27.03952980041504,27.03952980041504,26.559538147153233,26.719535364907166,158725
1999-01-27,26.559551239013672,26.8795458322548,26.399553942393105,26.719548535634235,64650
1999-01-28,26.559551239013672,26.559551239013672,26.079559349151978,26.559551239013672,25450
1999-01-29,26.87953758239746,27.359529324940272,26.71954033488319,27.039534829911734,104025
1999-02-01,26.719532012939453,27.039526408303995,26.55953481525718,27.039526408303995,27725
1999-02-02,27.03952980041504,27.03952980041504,26.559538147153233,26.879532582661103,104150
1999-02-03,26.87953758239746,27.199532077426003,26.71954033488319,27.039534829911734,31225
1999-02-04,26.719532012939453,26.879529210621723,26.55953481525718,26.71953201293945,20150
1999-02-05,26.23955535888672,26.55954993643412,26.07955807011302,26.55954993643412,100650
1999-02-08,26.23955535888672,26.399552647660418,26.07955807011302,26.23955535888672,82750
1999-02-09,25.91954803466797,26.239542454849055,25.759550824577428,25.91954803466797,119675
1999-02-10,25.91954803466797,26.079545244758513,25.759550824577428,25.759550824577428,17150
1999-02-11,25.91954803466797,26.239542454849055,25.91954803466797,26.239542454849055,10175
1999-02-12,26.23955535888672,26.399552647660418,26.07955807011302,26.23955535888672,29550
1999-02-16,26.079553604125977,26.239550865500984,25.919556342750973,26.239550865500984,26075
1999-02-17,25.439558029174805,25.91954969010263,25.4395580291748,25.759552469793356,35350
1999-02-18,25.439558029174805,25.4395580291748,25.11956358855625,25.279560808865526,72125
1999-02-19,25.11956787109375,25.43956236626692,24.959570623507165,25.11956787109375,73800
1999-02-22,25.599557876586914,25.599557876586914,25.27956340312958,25.27956340312958,74900
1999-02-23,25.599557876586914,25.599557876586914,25.27956340312958,25.439560639858247,38025
1999-02-24,25.11956787109375,25.599559613853504,25.11956787109375,25.43956236626692,41650
1999-02-25,25.91954803466797,25.91954803466797,25.599553614486883,25.91954803466797,50950
1999-02-26,25.91954803466797,26.079545244758513,25.599553614486883,25.91954803466797,22575
1999-03-01,25.599557876586914,25.599557876586914,25.439560639858247,25.599557876586914,18525
1999-03-02,24.959577560424805,25.279572144532814,24.959577560424805,25.279572144532814,51925
1999-03-03,24.959577560424805,25.279572144532814,24.959577560424805,25.11957485247881,12975
1999-03-04,24.959577560424805,24.959577560424805,24.799580268370796,24.959577560424805,33450
1999-03-05,26.079553604125977,26.079553604125977,25.759559081375965,25.919556342750973,76000
1999-03-08,26.3995418548584,26.3995418548584,25.919550184770063,26.07954740813284,111050
1999-03-09,27.03952980041504,27.03952980041504,26.559538147153233,26.879532582661103,200725
1999-03-10,27.679529190063477,27.999523747174035,27.519531911508196,27.839526468618754,442600
1999-03-11,28.31950569152832,28.31950569152832,27.679516862341238,27.83951406963801,401800
1999-03-12,28.31950569152832,28.47950289882509,28.159508484231548,28.31950569152832,135725
1999-03-15,28.79950714111328,29.279498926798503,28.63950987921821,29.279498926798503,215100
1999-03-16,29.439485549926758,29.759479958078135,29.27948834585107,29.759479958078135,218275
1999-03-17,30.079479217529297,30.079479217529297,29.599487527887874,29.919481987648822,285350
1999-03-18,29.919475555419922,29.919475555419922,29.119489578002277,29.439483968969338,176850
1999-03-19,30.079479217529297,30.559470907170724,29.919481987648822,30.39947367729025,135125
1999-03-22,30.079479217529297,30.23947644740977,29.759484757768348,30.079479217529297,246575
1999-03-23,29.119495391845703,29.7594843015566,29.119495391845707,29.599487074128877,100700
1999-03-24,29.439485549926758,29.599482754002448,29.11949114177538,29.27948834585107,77875
1999-03-25,30.239471435546875,30.23947143554688,29.759479825458833,29.919477028821515,155850
1999-03-26,29.439485549926758,29.759479958078135,29.27948834585107,29.599482754002448,50875
1999-03-29,29.919475555419922,29.919475555419922,29.279486773485807,29.439483968969338,74075
1999-03-30,29.5994873046875,29.919481762035474,29.27949284733953,29.599487304687504,273150
1999-03-31,29.439485549926758,30.079474366229515,29.439485549926758,29.759479958078135,85250
1999-04-01,30.39946746826172,30.5594646654631,30.079473073858967,30.5594646654631,106450
1999-04-05,30.239471435546875,30.559465842272242,30.079474232184197,30.39946863890956,63775
1999-04-06,30.879453659057617,30.87945365905762,30.239464982185957,30.559459320621787,68700
1999-04-07,30.7194766998291,30.7194766998291,30.39948215087255,30.559479425350826,123625
1999-04-08,31.19945526123047,31.35945246769832,30.879460848294773,31.199455261230472,344950
1999-04-09,30.879453659057617,31.19944799749345,30.719456489839704,30.87945365905762,331525
1999-04-12,30.7194766998291,30.87947397430738,30.239484876394272,30.559479425350826,360550
1999-04-13,30.879453659057617,31.19944799749345,30.719456489839704,31.039450828275534,90050
1999-04-14,31.679439544677734,31.679439544677734,31.19944803642504,31.51944237526017,301750
1999-04-15,31.519454956054688,31.679452189334153,31.03946325621629,31.519454956054688,59375
1999-04-16,31.679439544677734,31.99943388351286,31.51944237526017,31.8394367140953,175800
1999-04-19,31.03946304321289,31.839449204120438,31.03946304321289,31.679451971938928,196275
1999-04-20,31.359451293945312,31.83944289538325,31.199454093466,31.83944289538325,105725
1999-04-21,30.879453659057617,31.039450828275534,30.559459320621787,30.87945365905762,180625
1999-04-22,30.879453659057617,30.87945365905762,30.559459320621787,30.87945365905762,108450
1999-04-23,31.19945526123047,31.35945246769832,30.879460848294773,31.199455261230472,153200
1999-04-26,31.359451293945312,31.679445694903936,31.199454093466,31.359451293945312,112525
1999-04-27,31.679439544677734,31.8394367140953,31.359445205842604,31.679439544677734,185750
1999-04-28,31.519454956054688,31.679452189334153,31.359457722775222,31.359457722775222,128800
1999-04-29,31.519454956054688,31.839449422613615,31.359457722775222,31.679452189334153,75675
1999-04-30,30.7194766998291,31.35946579774221,30.559479425350826,31.35946579774221,101050
1999-05-03,31.19945526123047,31.199455261230472,30.719463641826927,30.879460848294773,92075
1999-05-04,31.19945526123047,31.199455261230472,30.879460848294773,31.039458054762623,118700
1999-05-05,31.03946304321289,31.1994602753944,30.71946857884987,31.1994602753944,76125
1999-05-06,31.679439544677734,31.99943388351286,31.51944237526017,31.8394367140953,132425
1999-05-07,31.359451293945312,31.679445694903936,31.359451293945312,31.679445694903936,92950
1999-05-10,31.519454956054688,31.519454956054688,31.03946325621629,31.199460489495756,41650
1999-05-11,31.19945526123047,31.199455261230472,30.879460848294773,31.039458054762623,48150
1999-05-12,30.879453659057617,31.039450828275534,30.719456489839704,31.039450828275534,66100
1999-05-13,30.39946746826172,30.719461862664474,30.399467468261722,30.5594646654631,93875
1999-05-14,30.079479217529297,30.23947644740977,29.599487527887874,30.079479217529297,138225
1999-05-17,28.95949935913086,29.759485529272595,28.639504891074164,29.279493827187554,275750
1999-05-18,29.119495391845703,29.599487074128877,29.119495391845707,29.439489846701154,88625
1999-05-19,28.79950714111328,28.959504403008356,28.159518093532988,28.479512617323135,148375
1999-05-20,28.79950714111328,28.959504403008356,28.479512617323135,28.959504403008356,65600
1999-05-21,28.479509353637695,28.799503840757218,28.15951486651817,28.799503840757218,141325
1999-05-24,28.63950538635254,29.11949709673834,28.63950538635254,29.11949709673834,72675
1999-05-25,28.79950714111328,29.11950166490343,28.63950987921821,28.79950714111328,47575
1999-05-26,29.439485549926758,29.439485549926758,28.95949393769969,28.95949393769969,28300
1999-05-27,28.479509353637695,29.119498327876745,28.479509353637695,29.119498327876745,228300
1999-05-28,28.95949935913086,29.119496593159205,28.79950212510251,28.79950212510251,25850
1999-06-01,29.919475555419922,29.919475555419922,29.119489578002277,29.599481164452865,226575
1999-06-02,29.919475555419922,30.079472750903452,29.599481164452865,29.919475555419922,23825
1999-06-03,29.439485549926758,29.759479958078135,29.27948834585107,29.599482754002448,54150
1999-06-04,29.439485549926758,29.759479958078135,29.27948834585107,29.599482754002448,37975
1999-06-07,29.919475555419922,30.079472750903452,29.759478359936395,30.079472750903452,49300
1999-06-08,30.239471435546875,30.719463045634924,30.079474232184197,30.39946863890956,72175
1999-06-09,30.39946746826172,30.87945905986585,30.399467468261722,30.719461862664474,64100
1999-06-10,31.19945526123047,31.519449674166168,31.199455261230472,31.35945246769832,288900
1999-06-11,32.159446716308594,32.159446716308594,31.839452221618956,31.999449468963775,200575
1999-06-14,31.519454956054688,31.519454956054688,31.199460489495756,31.519454956054688,81400
1999-06-15,31.839445114135742,31.839445114135742,31.5194506908781,31.839445114135742,52275
1999-06-16,31.839445114135742,31.839445114135742,31.359453479249275,31.5194506908781,144700
1999-06-17,32.31945037841797,32.31945037841797,31.679461262013653,31.99945582021581,142250
1999-06-18,31.839445114135742,31.999442325764566,31.639448599599714,31.839445114135742,120450
1999-06-21,31.839445114135742,31.999442325764566,31.67944790250692,31.839445114135742,209425
1999-06-22,31.839445114135742,32.15943953739339,31.839445114135742,31.999442325764566,129550
1999-06-23,31.19945526123047,31.519449674166168,31.039458054762623,31.519449674166168,98825
1999-06-24,31.359451293945312,31.519448494424626,31.039456892986685,31.519448494424626,182300
1999-06-25,31.359451293945312,31.679445694903936,31.199454093466,31.359451293945312,109250
1999-06-28,31.519454956054688,31.839449422613615,31.519454956054688,31.839449422613615,160225
1999-06-29,31.999446868896484,32.15944410324097,31.67945240020752,31.999446868896484,199175
1999-06-30,31.999446868896484,32.31944133758545,31.67945240020752,31.999446868896484,87125
1999-07-01,32.63943099975586,32.63943099975586,32.159439367406506,32.319436578189624,109775
1999-07-02,32.799434661865234,32.95943190411823,32.63943741961223,32.799434661865234,106475
1999-07-06,32.63943099975586,33.27941984288833,32.63943099975586,33.27941984288833,220750
1999-07-07,32.799434661865234,32.95943190411823,32.47944017735923,32.799434661865234,95450
1999-07-08,32.479427337646484,32.63942451664967,32.159432979640115,32.479427337646484,112400
1999-07-09,32.159446716308594,32.63943845834305,32.159446716308594,32.47944121099823,68875
1999-07-12,32.799434661865234,32.799434661865234,32.47944017735923,32.799434661865234,78875
1999-07-13,32.799434661865234,32.95943190411823,32.47944017735923,32.799434661865234,61850
1999-07-14,33.439430236816406,33.59942751067677,33.119435689095674,33.279432962956044,348325
1999-07-15,33.75941467285156,34.07940912472693,33.75941467285156,33.91941189878924,104400
1999-07-16,33.75941467285156,33.91941189878924,33.43942022097619,33.91941189878924,51200
1999-07-19,34.239418029785156,34.239418029785156,33.91942346875913,34.079420749272145,93100
1999-07-20,33.599422454833984,34.23941145397368,33.599422454833984,34.07941420418876,137450
1999-07-21,33.919410705566406,34.07940792587568,33.75941348525713,33.75941348525713,238125
1999-07-22,32.799434661865234,33.27942638862424,32.63943741961223,33.27942638862424,266975
1999-07-23,32.63943099975586,32.79942821053898,32.47943378897274,32.63943099975586,67325
1999-07-26,32.479427337646484,32.63942451664967,32.3194301586433,32.479427337646484,61900
1999-07-27,33.27942657470703,33.27942657470703,32.79943484526414,32.79943484526414,252850
1999-07-28,33.439430236816406,33.59942751067677,33.279432962956044,33.439430236816406,164375
1999-07-29,33.599422454833984,34.07941420418876,33.43942520504906,33.919416954403836,186950
1999-07-30,34.3994026184082,34.719397061370145,34.07940817544627,34.23940539692724,187925
1999-08-02,34.239418029785156,34.55941259081119,34.239418029785156,34.399415310298174,215825
1999-08-03,34.239418029785156,34.55941259081119,33.91942346875913,34.399415310298174,169350
1999-08-04,33.75941467285156,34.07940912472693,33.599417446913876,34.07940912472693,81275
1999-08-05,33.599422454833984,33.599422454833984,33.11943070547922,33.43942520504906,494500
1999-08-06,32.799434661865234,33.27942638862424,32.799434661865234,33.27942638862424,56150
1999-08-09,32.799434661865234,33.11942914637123,32.799434661865234,32.799434661865234,22950
1999-08-10,32.63943099975586,32.959425421322095,32.319436578189624,32.959425421322095,47500
1999-08-11,32.95942687988281,32.95942687988281,32.47943522629228,32.639432444155794,81000
1999-08-12,33.27942657470703,33.27942657470703,32.959432088411766,33.1194293315594,30200
1999-08-13,33.75941467285156,33.75941467285156,33.2794229950385,33.43942022097619,141325
1999-08-16,34.07939529418945,34.23939245519504,33.91939813318387,34.23939245519504,62550
1999-08-17,34.55940628051758,34.87940078311497,34.239411777920196,34.55940628051758,206725
1999-08-18,34.3994026184082,34.87939428285111,34.3994026184082,34.559399839889174,161875
1999-08-19,35.039405822753906,35.35940039647769,34.71941124903013,34.71941124903013,85200
1999-08-20,36.4793701171875,36.4793701171875,35.999378405119245,35.999378405119245,191400
1999-08-23,36.31937789916992,36.47937515863763,36.15938063970221,36.31937789916992,591150
1999-08-24,35.839385986328125,35.99938324519566,35.51939146859305,35.839385986328125,139400
1999-08-25,35.48612594604492,35.48612594604492,35.1649845347685,35.48612594604492,86825
1999-08-26,35.00442123413086,35.00442123413086,34.68327975491865,35.00442123413086,115750
1999-08-27,34.84384536743164,34.84384536743164,34.52270393547374,34.68327465145269,64325
1999-08-30,35.325557708740234,35.64669914245606,35.16498699188232,35.486128425598146,77675
1999-08-31,34.36212921142578,34.522699908675435,34.040987816926474,34.36212921142578,148200
1999-09-01,35.807273864746094,35.807273864746094,35.325561660287626,35.48613239510712,65475
1999-09-02,34.68327331542969,35.48612686439797,34.52270260563603,35.32555615460431,228825
1999-09-03,35.48612594604492,35.80726735732135,35.1649845347685,35.1649845347685,171650
1999-09-07,34.68327331542969,35.32555615460431,34.52270260563603,34.84384402522334,247700
1999-09-08,35.00442123413086,35.00442123413086,34.68327975491865,34.84385049452475,92225
1999-09-09,36.12841033935547,36.28898105197482,35.646698201497394,35.96783962673611,143850
1999-09-10,35.967838287353516,36.28897970063346,35.80726758071354,36.28897970063346,115550
1999-09-13,36.77070236206055,36.77070236206055,36.288990104042284,36.288990104042284,325150
1999-09-14,36.28898239135742,36.61012382844908,36.28898239135742,36.61012382844908,177425
1999-09-15,36.77070236206055,37.091843867406055,36.61013160938779,37.091843867406055,137875
1999-09-16,36.28898239135742,36.44955310990325,35.96784095426576,36.28898239135742,105075
1999-09-17,36.28898239135742,36.44955310990325,35.96784095426576,36.28898239135742,197425
1999-09-20,36.61012268066406,36.770693394175744,36.28898125364069,36.61012268066406,77875
1999-09-21,36.12841033935547,37.09183461507161,35.96783962673611,36.7706931898329,297325
1999-09-22,35.967838287353516,36.28897970063346,35.967838287353516,36.12840899399349,144075
1999-09-23,35.646697998046875,36.449551556561445,35.646697998046875,36.12841013315561,186925
1999-09-24,34.84384536743164,35.16498679938954,34.84384536743164,35.00441608341059,150450
1999-09-27,35.00442123413086,35.16499197373696,34.84385049452475,35.00442123413086,128525
1999-09-28,35.48612594604492,35.48612594604492,35.1649845347685,35.1649845347685,121875
1999-09-29,35.16499710083008,35.486138626865056,35.00442633781259,35.32556786384757,153225
1999-09-30,35.807273864746094,36.61012753884354,35.325561660287626,36.28898606920456,184825
1999-10-01,36.61012268066406,36.770693394175744,36.28898125364069,36.449551967152374,110650
1999-10-04,36.77070236206055,36.77070236206055,36.288990104042284,36.61013160938779,113950
1999-10-05,35.967838287353516,36.6101211139134,35.80726758071354,36.44955040727343,119075
1999-10-06,36.449546813964844,36.449546813964844,35.967834741533586,36.28897612315443,127425
1999-10-07,36.28898239135742,36.44955310990325,36.128411672811595,36.28898239135742,55400
1999-10-08,36.61012268066406,36.61012268066406,36.12841054012901,36.12841054012901,46700
1999-10-11,36.77070236206055,36.77070236206055,36.44956085671504,36.61013160938779,32600
1999-10-12,36.93125534057617,37.25239669136379,36.61011398978856,37.091826015969986,425550
1999-10-13,35.807273864746094,36.61012753884354,35.807273864746094,36.449556804024056,604700
1999-10-14,36.93125534057617,36.93125534057617,36.449543314394745,36.93125534057617,98400
1999-10-15,36.12841033935547,36.44955176459418,35.96783962673611,36.28898105197482,59775
1999-10-18,35.48612594604492,35.646696651683136,35.1649845347685,35.646696651683136,198875
1999-10-19,35.967838287353516,36.28897970063346,35.80726758071354,35.967838287353516,69600
1999-10-20,36.449546813964844,36.61011750477526,36.128405432344,36.28897612315443,75550
1999-10-21,36.28898239135742,36.28898239135742,35.96784095426576,35.96784095426576,67200
1999-10-22,36.77070236206055,36.77070236206055,36.288990104042284,36.61013160938779,253300
1999-10-25,36.77070236206055,36.77070236206055,36.44956085671504,36.61013160938779,62875
1999-10-26,37.4129753112793,37.4129753112793,37.09183389229836,37.09183389229836,152350
1999-10-27,37.252403259277344,37.252403259277344,36.770691148166,37.09183255557356,62875
1999-10-28,37.4129753112793,37.4129753112793,37.09183389229836,37.09183389229836,121275
1999-10-29,38.055259704589844,38.215830420642966,37.89468898853672,38.055259704589844,111200
1999-11-01,37.57354736328125,37.89468879373664,37.57354736328125,37.89468879373664,65200
1999-11-02,37.73411560058594,38.21582771463597,37.73411560058594,37.89468630526928,165125
1999-11-03,38.215824127197266,38.215824127197266,37.734112058367046,38.215824127197266,178175
1999-11-04,38.37639236450195,38.53696304385133,38.21582168515257,38.53696304385133,62450
1999-11-05,38.215824127197266,38.53696550641741,37.89468274797712,38.376394816807334,138400
1999-11-08,38.055259704589844,38.215830420642966,37.412976840377354,37.573547556430476,188025
1999-11-09,38.055259704589844,38.215830420642966,37.7341182724836,38.055259704589844,132075
1999-11-10,38.69753646850586,38.69753646850586,38.05525370554311,38.2158243962838,134175
1999-11-11,38.37639236450195,38.53696304385133,38.05525100580319,38.21582168515257,59475
1999-11-12,38.5369758605957,38.697546593348186,38.21583439509074,38.5369758605957,75650
1999-11-15,38.37639236450195,38.53696304385133,38.21582168515257,38.37639236450195,53500
1999-11-16,38.215824127197266,38.376394816807334,37.89468274797712,38.05525343758719,177800
1999-11-17,38.37639236450195,38.53696304385133,38.21582168515257,38.21582168515257,70325
1999-11-18,39.0186767578125,39.179247444058646,38.697535385320215,38.697535385320215,98350
1999-11-19,39.17924880981445,39.17924880981445,38.858107426127454,39.17924880981445,60075
1999-11-22,39.821537017822266,39.821537017822266,39.50039559025918,39.50039559025918,114900
1999-11-23,39.660972595214844,39.821543334466725,39.339831116711075,39.821543334466725,81250
1999-11-24,39.660972595214844,39.660972595214844,39.339831116711075,39.50040185596296,301125
1999-11-26,40.46381759643555,40.46381759643555,39.66096407269675,39.821534777444505,69350
1999-11-29,40.14268493652344,40.46382641601563,39.982114196777346,40.303255676269536,112050
1999-11-30,39.17924880981445,39.66096088534496,39.01867811797096,39.50039019350146,100100
1999-12-01,39.17924880981445,39.50039019350146,39.01867811797096,39.50039019350146,110725
1999-12-02,39.339820861816406,39.50039155921157,39.01867946702607,39.179250164421234,89700
1999-12-03,39.98210144042969,40.14267212894547,39.66096006339812,39.66096006339812,100000
1999-12-06,39.17924880981445,39.821531577188466,39.17924880981445,39.66096088534496,141700
1999-12-07,39.50040054321289,39.82154201104389,39.33982980929739,39.50040054321289,155975
1999-12-08,38.85810470581055,39.17924606701559,38.69753402520802,39.018675386413065,101825
1999-12-09,39.339820861816406,39.50039155921157,38.858108769630896,39.50039155921157,87700
1999-12-10,39.50040054321289,39.66097127712839,39.17925907538189,39.33982980929739,195325
1999-12-13,38.85810470581055,39.17924606701559,38.536963344605496,39.17924606701559,75025
1999-12-14,38.37639236450195,38.69753372320071,38.21582168515257,38.53696304385133,171150
1999-12-15,38.5369758605957,38.5369758605957,38.21583439509074,38.5369758605957,141550
1999-12-16,39.0186767578125,39.179247444058646,38.536964699074076,38.697535385320215,81350
1999-12-17,39.17924880981445,39.66096088534496,39.17924880981445,39.66096088534496,52300
1999-12-20,39.50040054321289,39.66097127712839,39.33982980929739,39.66097127712839,103575
1999-12-21,39.29983901977539,39.62329448495873,39.138111287183726,39.62329448495873,171325
1999-12-22,40.27021026611328,40.431938018186024,40.10848251404053,40.27021026611328,166550
1999-12-23,40.59366989135742,40.91712542834035,40.270214354374495,40.59366989135742,188025
1999-12-27,40.27021026611328,41.078849026477,40.27021026611328,41.078849026477,137475
1999-12-28,41.24058532714844,41.4023131127451,40.755401970358456,40.755401970358456,106650
1999-12-29,41.88750076293945,41.88750076293945,41.40231735641892,41.40231735641892,107175
1999-12-30,41.88750076293945,42.04922856511296,41.56404515859243,41.88750076293945,99350
1999-12-31,42.21095275878906,42.21095275878906,41.56404160539766,41.72576939374551,67600
2000-01-03,41.88750076293945,42.85786757598052,41.725772960765944,42.69613977380701,122625
2000-01-04,40.75540542602539,41.24058882395426,40.431949827406136,41.07886102464464,298000
2000-01-05,39.62330627441406,40.10848961654975,39.138122932278385,39.29985071299028,207700
2000-01-06,38.00603103637695,38.32948661966527,37.84430324473279,38.32948661966527,262875
2000-01-07,38.81467056274414,38.81467056274414,38.32948718070984,38.32948718070984,122650
2000-01-10,39.461578369140625,39.461578369140625,39.13812280873783,39.29985058893923,205225
2000-01-11,39.13810729980469,39.62329044814937,38.97637958368979,39.46156273203447,131950
2000-01-12,38.81467056274414,39.29985394477844,38.81467056274414,39.29985394477844,122025
2000-01-13,39.461578369140625,39.62330614934202,39.29985058893923,39.29985058893923,98025
2000-01-14,39.78504180908203,39.78504180908203,39.46158618461795,39.62331399684999,130400
2000-01-18,39.461578369140625,40.431945050349,39.29985058893923,40.431945050349,158450
2000-01-19,39.13810729980469,39.299835015919584,38.65292415146,39.13810729980469,382075
2000-01-20,38.81467056274414,39.13812615076701,38.491214974721274,38.976398356755574,98350
2000-01-21,38.65293502807617,39.29984607457117,38.65293502807617,39.13811831294742,165850
2000-01-24,38.491214752197266,39.46158151065602,38.16775916604435,39.29985371757956,154575
2000-01-25,38.97639465332031,38.97639465332031,38.32948353874238,38.97639465332031,92675
2000-01-26,39.461578369140625,39.62330614934202,39.13812280873783,39.29985058893923,79825
2000-01-27,39.13810729980469,40.270201312608954,39.13810729980469,39.94674588037916,105100
2000-01-28,38.81467056274414,40.27022070884705,38.65294276873271,40.27022070884705,77500
2000-01-31,39.78504180908203,39.78504180908203,39.299858372385906,39.46158618461795,111500
2000-02-01,39.78504180908203,39.78504180908203,39.299858372385906,39.62331399684999,180450
2000-02-02,40.108482360839844,40.108482360839844,39.623299106474846,40.108482360839844,93650
2000-02-03,40.75540542602539,40.75540542602539,40.10849422878689,40.27022202809651,179000
2000-02-04,41.402313232421875,41.56404101848602,41.07885766029358,41.24058544635773,122575
2000-02-07,40.75540542602539,41.07886102464464,40.59367762671576,41.07886102464464,84850
2000-02-08,40.108482360839844,40.59366561520484,39.94675460938485,40.431937863749845,95400
2000-02-09,40.108482360839844,40.431937863749845,39.94675460938485,40.27021011229485,129150
2000-02-10,40.108482360839844,40.59366561520484,39.94675460938485,40.431937863749845,74625
2000-02-11,39.78504180908203,40.27022524577815,39.62331399684999,39.94676962131407,112525
2000-02-14,40.43194580078125,40.43194580078125,39.138123535156254,40.108490234375,90725
2000-02-15,39.13810729980469,39.46156273203447,38.814651867574895,39.46156273203447,118875
2000-02-16,38.97639465332031,39.29985021060928,38.81466687467583,39.138122431964796,144875
2000-02-17,39.29983901977539,39.7850222175504,39.138111287183726,39.62329448495873,69175
2000-02-18,38.65293502807617,39.461573836194916,38.49120726645242,38.97639055132367,133650
2000-02-22,38.00603103637695,38.00603103637695,37.359119869800324,37.68257545308864,218650
2000-02-23,37.68257522583008,38.006030807167676,37.52084743516128,37.84430301649888,174600
2000-02-24,37.844303131103516,38.49121429573776,37.844303131103516,38.16775871342064,187925
2000-02-25,38.329490661621094,38.81467408771756,38.329490661621094,38.652946279018735,159425
2000-02-28,38.97639465332031,39.29985021060928,38.652939096031346,39.29985021060928,199825
2000-02-29,39.29983901977539,39.29983901977539,38.81465582200039,38.976383554592054,230650
2000-03-01,40.108482360839844,40.108482360839844,39.46157135501985,39.623299106474846,88100
2000-03-02,39.29983901977539,40.108477682733735,39.29983901977539,40.108477682733735,122700
2000-03-03,39.62330627441406,39.78503405512596,39.29985071299028,39.29985071299028,73225
2000-03-06,38.167755126953125,38.65293845483812,38.00602735099146,38.491210678876456,198525
2000-03-07,38.65293502807617,39.29984607457117,38.49120726645242,39.13811831294742,221275
2000-03-08,39.29983901977539,39.29983901977539,38.81465582200039,38.976383554592054,61925
2000-03-09,38.97639465332031,38.97639465332031,38.49121131738686,38.81466687467583,58425
2000-03-10,38.65293502807617,38.814662789699916,38.49120726645242,38.49120726645242,80425
2000-03-13,36.71220779418945,37.359118944747856,36.71220779418945,37.19739115710826,244975
2000-03-14,37.35911560058594,37.68257114691136,37.35911560058594,37.52084337374865,153750
2000-03-15,37.844303131103516,37.844303131103516,37.19739196646927,37.19739196646927,187375
2000-03-16,39.29983901977539,39.29983901977539,38.65292808940872,38.81465582200039,197150
2000-03-17,38.81467056274414,39.13812615076701,38.65294276873271,39.13812615076701,185625
2000-03-20,39.13810729980469,39.13810729980469,38.65292415146,38.814651867574895,156750
2000-03-21,38.97639465332031,39.29985021060928,38.652939096031346,38.652939096031346,131175
2000-03-22,38.65293502807617,38.814662789699916,38.32947950482867,38.32947950482867,273825
2000-03-23,38.65293502807617,38.814662789699916,38.32947950482867,38.32947950482867,658625
2000-03-24,38.65293502807617,38.97639055132367,38.49120726645242,38.97639055132367,197475
2000-03-27,39.13810729980469,39.299835015919584,38.814651867574895,39.299835015919584,152225
2000-03-28,40.108482360839844,40.59366561520484,40.108482360839844,40.108482360839844,112225
2000-03-29,41.402313232421875,41.72576880455017,41.24058544635773,41.402313232421875,114350
2000-03-30,41.07884979248047,41.40230530265748,40.755394282303456,41.07884979248047,101675
2000-03-31,42.69613265991211,42.69613265991211,42.04922155900435,42.210949334231294,88875
2000-04-03,42.21095275878906,42.21095275878906,41.88749718209336,41.88749718209336,148450
2000-04-04,41.07884979248047,41.725760812834494,40.59366652721495,41.725760812834494,151150
2000-04-05,41.24058532714844,41.4023131127451,40.917129755955116,40.917129755955116,50850
2000-04-06,41.07884979248047,41.07884979248047,40.43193877212644,40.91712203739196,50875
2000-04-07,41.24058532714844,41.24058532714844,40.755401970358456,41.07885754155178,39350
2000-04-10,41.07884979248047,41.240577547568975,40.755394282303456,41.240577547568975,86425
2000-04-11,40.75540542602539,40.917133225335014,40.431949827406136,40.917133225335014,57675
2000-04-12,41.07884979248047,41.40230530265748,40.755394282303456,41.240577547568975,147125
2000-04-13,40.43194580078125,40.593673583984376,40.108490234375,40.43194580078125,89550
2000-04-14,39.13810729980469,40.02760973843661,39.13810729980469,39.94674588037916,150975
2000-04-17,39.13810729980469,39.13810729980469,38.006013287000414,38.006013287000414,181575
2000-04-18,39.29983901977539,39.46156675236706,38.976383554592054,39.138111287183726,71525
2000-04-19,38.97639465332031,39.623305767898245,38.97639465332031,39.46157798925376,71950
2000-04-20,39.62330627441406,39.78503405512596,39.29985071299028,39.29985071299028,129200
2000-04-24,39.461578369140625,39.94676170974481,39.29985058893923,39.94676170974481,70400
2000-04-25,40.59366989135742,40.59366989135742,39.94675881739157,40.10848658588303,64475
2000-04-26,39.78504180908203,40.27022524577815,39.62331399684999,40.27022524577815,83800
2000-04-27,39.29983901977539,39.62329448495873,38.976383554592054,39.138111287183726,71350
2000-04-28,39.461578369140625,39.62330614934202,39.13812280873783,39.62330614934202,64750
2000-05-01,40.27021026611328,40.27021026611328,39.785027009895046,39.785027009895046,54575
2000-05-02,39.78504180908203,40.27022524577815,39.78504180908203,40.10849743354611,52450
2000-05-03,39.29983901977539,39.94674995014206,39.138111287183726,39.7850222175504,33225
2000-05-04,39.78504180908203,39.94676962131407,39.46158618461795,39.46158618461795,55350
2000-05-05,39.78504180908203,40.10849743354611,39.46158618461795,39.62331399684999,39100
2000-05-08,39.461578369140625,39.62330614934202,39.461578369140625,39.461578369140625,34825
2000-05-09,38.97639465332031,39.29985021060928,38.81466687467583,39.138122431964796,71950
2000-05-10,38.65293502807617,39.13811831294742,38.65293502807617,38.814662789699916,79275
2000-05-11,38.208187103271484,38.49121071144387,38.00602738314836,38.00602738314836,73150
2000-05-12,38.81467056274414,39.13812615076701,38.32948718070984,38.491214974721274,76100
2000-05-15,38.65293502807617,38.814662789699916,38.16775174320492,38.65293502807617,56875
2000-05-16,38.81467056274414,39.13812615076701,38.65294276873271,38.81467056274414,134825
2000-05-17,37.844303131103516,38.16775871342064,37.844303131103516,38.00603092226208,49900
2000-05-18,38.00603103637695,38.32948661966527,37.84430324473279,38.16775882802111,81900
2000-05-19,37.52084732055664,37.84430290090627,37.35911953038183,37.682575110731456,87875
2000-05-22,36.550479888916016,36.87393546315421,35.741840953320526,36.87393546315421,759425
2000-05-23,36.550479888916016,36.87393546315421,36.550479888916016,36.71220767603511,312225
2000-05-24,37.1973876953125,37.1973876953125,36.71220437754756,36.71220437754756,73925
2000-05-25,36.873931884765625,37.68257074188768,36.873931884765625,37.359115199038854,39875
2000-05-26,37.1973876953125,37.359115467900814,36.71220437754756,36.87393215013587,64875
2000-05-30,38.167755126953125,38.32948290291479,37.52084402310646,37.68257179906813,166750
2000-05-31,37.1973876953125,37.359115467900814,36.87393215013587,37.035659922724186,154750
2000-06-01,37.68257522583008,37.68257522583008,37.03566406315488,37.19739185382368,52675
2000-06-02,38.81467056274414,38.81467056274414,38.16775938669841,38.16775938669841,71475
2000-06-05,38.81467056274414,38.976398356755574,38.65294276873271,38.976398356755574,74950
2000-06-06,38.97639465332031,39.138122431964796,38.81466687467583,38.81466687467583,36200
2000-06-07,39.13810729980469,39.13810729980469,38.814651867574895,38.97637958368979,80725
2000-06-08,38.81467056274414,39.13812615076701,38.81467056274414,39.13812615076701,72525
2000-06-09,38.491214752197266,38.81467033835018,38.32948695912081,38.81467033835018,31200
2000-06-12,38.329490661621094,38.976401896416384,38.329490661621094,38.81467408771756,61350
2000-06-13,38.329490661621094,38.652946279018735,38.167762852922266,38.491218470319915,95000
2000-06-14,37.844303131103516,38.00603092226208,37.52084754878639,37.844303131103516,68800
2000-06-15,37.1973876953125,37.359115467900814,36.71220437754756,37.359115467900814,60250
2000-06-16,37.035667419433594,37.52085083540871,37.035667419433594,37.19739522475863,49125
2000-06-19,38.167755126953125,38.167755126953125,37.68257179906813,37.844299575029794,119200
2000-06-20,38.65293502807617,38.814662789699916,38.32947950482867,38.65293502807617,54350
2000-06-21,38.81467056274414,39.13812615076701,38.65294276873271,38.81467056274414,78275
2000-06-22,39.13810729980469,39.299835015919584,38.97637958368979,39.299835015919584,42175
2000-06-23,38.491214752197266,39.1381259245031,38.491214752197266,38.97639813142664,116025
2000-06-26,38.491214752197266,38.652942545273724,38.16775916604435,38.652942545273724,80125
2000-06-27,38.97639465332031,39.138122431964796,38.81466687467583,38.97639465332031,51100
2000-06-28,39.461578369140625,39.461578369140625,38.81466724833504,39.13812280873783,172475
2000-06-29,41.88750076293945,41.88750076293945,39.29985592816327,39.29985592816327,67125
2000-06-30,39.29983901977539,39.46156675236706,39.138111287183726,39.138111287183726,68650
2000-07-03,39.62330627441406,39.62330627441406,39.29985071299028,39.46157849370217,34175
2000-07-05,38.65293502807617,39.29984607457117,38.65293502807617,39.29984607457117,50400
2000-07-06,38.97639465332031,38.97639465332031,38.49121131738686,38.652939096031346,99100
2000-07-07,39.13810729980469,39.13810729980469,38.814651867574895,38.97637958368979,57900
2000-07-10,39.29983901977539,39.46156675236706,39.138111287183726,39.138111287183726,70450
2000-07-11,39.29983901977539,39.46156675236706,38.976383554592054,39.138111287183726,40575
2000-07-12,38.97639465332031,38.97639465332031,38.49121131738686,38.97639465332031,74000
2000-07-13,38.167755126953125,38.491210678876456,37.68257179906813,38.32948290291479,171175
2000-07-14,38.167755126953125,38.32948290291479,37.844299575029794,38.167755126953125,38550
2000-07-17,38.00603103637695,38.00603103637695,37.68257545308864,38.00603103637695,64200
2000-07-18,36.873931884765625,37.035659656190035,36.712204113341215,36.873931884765625,69450
2000-07-19,36.550479888916016,37.03566325027331,36.38875210179692,36.87393546315421,61650
2000-07-20,37.35911560058594,37.35911560058594,36.38874896160968,36.55047673477239,182600
2000-07-21,36.227027893066406,36.71221130234855,36.06530008997236,36.06530008997236,61275
2000-07-24,35.58011245727539,36.22702359286222,35.58011245727539,36.22702359286222,68475
2000-07-25,36.065303802490234,36.227031622232346,35.58012034326391,35.90357598274812,115425
2000-07-26,35.74184036254883,35.90356814699475,35.41838479365698,35.74184036254883,45150
2000-07-27,35.09492492675781,35.09492492675781,34.77146939747894,34.933197162118375,73600
2000-07-28,34.12456130981445,34.93320020341195,33.639377973655954,34.60974464597295,129250
2000-07-31,34.933204650878906,35.09493245018853,34.60974905225965,34.77147685156928,87050
2000-08-01,35.25666046142578,35.58011606198932,34.93320486086224,35.25666046142578,85975
2000-08-02,35.25666046142578,35.74184386227109,35.094932661144014,35.094932661144014,49350
2000-08-03,35.09492492675781,35.09492492675781,34.448013868200064,34.77146939747894,103950
2000-08-04,35.25666046142578,35.25666046142578,34.93320486086224,35.25666046142578,121875
2000-08-07,35.41839599609375,35.580123831692354,35.256668160495146,35.256668160495146,42350
2000-08-08,35.25666046142578,35.41838826170755,35.094932661144014,35.094932661144014,46075
2000-08-09,35.58011245727539,35.90356802506881,35.58011245727539,35.90356802506881,64725
2000-08-10,35.41839599609375,35.41839599609375,35.09494032489655,35.41839599609375,42700
2000-08-11,35.903564453125,35.903564453125,35.58010891751126,35.58010891751126,48275
2000-08-14,35.74184036254883,35.74184036254883,35.25665700921106,35.41838479365698,57350
2000-08-15,36.065303802490234,36.065303802490234,35.58012034326391,35.74184816300602,229475
2000-08-16,35.58011245727539,35.90356802506881,35.58011245727539,35.90356802506881,76200
2000-08-17,35.58011245727539,35.58011245727539,35.09492910558527,35.41838467337869,149425
2000-08-18,35.74184036254883,35.74184036254883,35.41838479365698,35.580112578102906,45650
2000-08-21,35.58011245727539,35.7418402411721,35.25665688948198,35.58011245727539,30400
2000-08-22,35.74184036254883,36.06529593144067,35.74184036254883,35.90356814699475,61850
2000-08-23,36.38875198364258,36.38875198364258,36.06529641045465,36.227024197048614,100050
2000-08-24,37.09318161010742,37.09318161010742,36.759008802809156,37.09318161010742,83875
2000-08-25,37.4273681640625,37.4273681640625,37.093195234026226,37.26028169904436,45875
2000-08-28,37.928619384765625,37.928619384765625,37.59444652675007,37.76153295575785,55075
2000-08-29,37.76152038574219,37.76152038574219,37.427347638965706,37.76152038574219,37875
2000-08-30,36.92610549926758,37.26027839971344,36.92610549926758,37.26027839971344,46475
2000-08-31,37.260284423828125,37.427370901065025,37.09319794659123,37.260284423828125,55050
2000-09-01,37.594459533691406,37.761546020507815,37.260286560058596,37.260286560058596,80850
2000-09-05,36.42484664916992,36.9261060067273,36.42484664916992,36.9261060067273,161525
2000-09-06,36.42484664916992,36.591933101689044,36.25776019665079,36.591933101689044,75225
2000-09-07,36.75901794433594,36.926104389537464,36.59193149913441,36.59193149913441,54675
2000-09-08,36.59193801879883,36.75902449377051,36.42485154382714,36.75902449377051,40775
2000-09-11,36.090675354003906,36.257761813976146,35.75650243405943,35.75650243405943,41675
2000-09-12,35.756507873535156,35.756507873535156,35.42233490275446,35.756507873535156,42775
2000-09-13,35.58939743041992,35.75648380333269,35.42231105750715,35.58939743041992,59275
2000-09-14,35.58939743041992,35.92357017624546,35.58939743041992,35.75648380333269,51675
2000-09-15,35.25522994995117,35.589402745685305,35.25522994995117,35.589402745685305,46500
2000-09-18,35.42231750488281,35.92357671485757,35.42231750488281,35.75649031153265,71375
2000-09-19,36.090675354003906,36.090675354003906,35.75650243405943,35.75650243405943,62975
2000-09-20,36.257755279541016,36.59192813926028,36.09066884968138,36.42484170940065,84175
2000-09-21,35.92356872558594,36.257741457916964,35.92356872558594,36.09065509175145,38600
2000-09-22,35.58939743041992,35.58939743041992,35.08813831168161,35.25522468459438,45625
2000-09-25,35.25522994995117,35.75648914355237,35.25522994995117,35.75648914355237,51750
2000-09-26,35.42231750488281,35.58940390820773,35.08814469823297,35.42231750488281,36550
2000-09-27,34.92107009887695,35.0881565586802,34.75398363907372,35.0881565586802,74975
2000-09-28,35.42231750488281,35.42231750488281,34.753971891583134,34.92105829490806,141550
2000-09-29,35.42231750488281,35.42231750488281,34.58688548825822,34.92105829490806,159325
2000-10-02,35.42231750488281,35.92357671485757,35.42231750488281,35.75649031153265,30175
2000-10-03,35.92356872558594,36.09065509175145,35.42230962708939,35.75648235942042,63425
2000-10-04,36.090675354003906,36.090675354003906,35.75650243405943,35.92358889403167,71550
2000-10-05,35.92356872558594,36.09065509175145,35.75648235942042,35.92356872558594,91075
2000-10-06,35.42231750488281,35.92357671485757,35.25523110155789,35.92357671485757,75850
2000-10-09,35.42231750488281,35.42231750488281,35.08814469823297,35.25523110155789,28475
2000-10-10,35.42231750488281,35.75649031153265,35.25523110155789,35.25523110155789,47925
2000-10-11,34.58688735961914,34.75397377198445,34.41980094725383,34.58688735961914,38325
2000-10-12,34.085628509521484,35.08814699509564,34.085628509521484,34.921060580833284,43700
2000-10-13,34.92107009887695,34.92107009887695,34.252724259664,34.58689717927048,67275
2000-10-16,34.58688735961914,34.75397377198445,34.25271453488852,34.58688735961914,46375
2000-10-17,33.91853713989258,34.75396908915102,33.91853713989258,34.58688269929933,64650
2000-10-18,33.41728210449219,33.91854133605957,32.9160228729248,33.25019569396972,50425
2000-10-19,34.252723693847656,34.252723693847656,33.75146432271818,33.75146432271818,109975
2000-10-20,33.91853713989258,34.08562352974427,33.751450750040895,34.08562352974427,41525
2000-10-23,34.085628509521484,34.085628509521484,33.5843692667344,33.75145568099676,48300
2000-10-24,33.91853713989258,34.08562352974427,33.751450750040895,33.751450750040895,36900
2000-10-25,33.41728210449219,33.584368515014646,33.25019569396972,33.41728210449219,70750
2000-10-26,33.584373474121094,33.91854634451036,33.0831141685372,33.91854634451036,58850
2000-10-27,34.085628509521484,34.085628509521484,33.75145568099676,33.91854209525912,58325
2000-10-30,33.25019454956055,33.584367359103865,33.25019454956055,33.25019454956055,54750
2000-10-31,33.91853713989258,33.91853713989258,33.417277970337516,33.584364360189205,94300
2000-11-01,33.751461029052734,34.0856339105285,33.751461029052734,33.91854746979062,62175
2000-11-02,34.41980743408203,34.5868938779368,34.085634546372496,34.085634546372496,46525
2000-11-03,34.92107009887695,34.92107009887695,34.419810719467236,34.419810719467236,45950
2000-11-06,35.08815383911133,35.42232673281715,35.08815383911133,35.08815383911133,81375
2000-11-07,34.92107009887695,35.0881565586802,34.75398363907372,34.92107009887695,31275
2000-11-08,34.58688735961914,34.92106018434976,34.58688735961914,34.92106018434976,40825
2000-11-09,34.085628509521484,34.419801338046206,33.91854209525912,34.25271492378384,42550
2000-11-10,33.41728210449219,33.91854133605957,33.25019569396972,33.91854133605957,196400
2000-11-13,33.25019454956055,33.417280954332206,32.91602174001722,32.91602174001722,93025
2000-11-14,33.91853713989258,33.91853713989258,33.417277970337516,33.584364360189205,71325
2000-11-15,33.41728210449219,33.584368515014646,33.25019569396972,33.41728210449219,78725
2000-11-16,32.414772033691406,32.91603139503715,32.414772033691406,32.74894494125524,65725
2000-11-17,32.748939514160156,33.08311236634547,32.581853088067504,32.748939514160156,80025
2000-11-20,32.08060073852539,32.74894658724467,31.91351427634557,32.58186012506485,124450
2000-11-21,31.74641227722168,32.24767141844097,31.579325896815252,32.08058503803454,74425
2000-11-22,31.245159149169922,31.579331974294735,31.078072736607517,31.412245561732327,95325
2000-11-24,31.412246704101562,31.74641954137924,31.412246704101562,31.5793331227404,42000
2000-11-27,31.913509368896484,32.41476867835559,31.746422932410116,32.24768224186922,169500
2000-11-28,31.74641227722168,32.08058503803454,31.74641227722168,32.08058503803454,213100
2000-11-29,31.57933235168457,31.746418766243746,31.24515952256621,31.41224593712539,77900
2000-11-30,31.412246704101562,31.74641954137924,31.245160285462728,31.5793331227404,71575
2000-12-01,32.414772033691406,32.414772033691406,32.08059912612758,32.24768557990949,69075
2000-12-04,31.913509368896484,32.24768224186922,31.746422932410116,32.24768224186922,62825
2000-12-05,31.913509368896484,32.24768224186922,31.579336495923748,31.746422932410116,347425
2000-12-06,31.913509368896484,32.24768224186922,31.746422932410116,31.746422932410116,142675
2000-12-07,31.57933235168457,31.91350518080292,31.579332351684567,31.91350518080292,141825
2000-12-08,31.57933235168457,31.91350518080292,31.579332351684567,31.91350518080292,961375
2000-12-11,32.58185958862305,32.58185958862305,32.080600210336534,32.24768666976537,88900
2000-12-12,32.08060073852539,32.24768720070521,31.91351427634557,32.08060073852539,166800
2000-12-13,31.74641227722168,32.24767141844097,31.74641227722168,32.08058503803454,117275
2000-12-14,31.74641227722168,31.91349865762811,31.41223951640882,31.74641227722168,54175
2000-12-15,30.910987854003906,31.412247116501266,30.74390143317145,31.412247116501266,528050
2000-12-18,31.078073501586914,31.57933275161251,30.910987084911717,31.245159918262114,498700
2000-12-19,30.24264907836914,30.9109949143552,30.24264907836914,30.57682199636217,231025
2000-12-20,30.762971878051758,31.29033711024693,30.58718346732003,31.29033711024693,262350
2000-12-21,30.58718490600586,31.11455016300596,30.235608068005792,30.411396487005824,148150
2000-12-22,31.114545822143555,31.46612261109433,31.11454582214356,31.11454582214356,116450
2000-12-26,30.938766479492188,31.4661318172108,30.938766479492184,31.290343371304598,151900
2000-12-27,31.29035186767578,31.290351867675778,30.938774880398523,30.938774880398523,69400
2000-12-28,31.29035186767578,31.290351867675778,30.938774880398523,31.11456337403715,59200
2000-12-29,31.114545822143555,31.46612261109433,30.93875742766817,30.93875742766817,301900
2001-01-02,30.938766479492188,31.290343371304598,30.76297803358598,31.290343371304598,65075
2001-01-03,32.345062255859375,32.520850637684696,30.58717843760615,30.938755201256793,146200
2001-01-04,30.762971878051758,31.466125520978654,30.411395056588308,31.29033711024693,373900
2001-01-05,30.58718490600586,31.11455016300596,30.411396487005824,30.938761744005927,129725
2001-01-08,30.762971878051758,30.93876028878348,30.58718346732003,30.58718346732003,46350
2001-01-09,30.58718490600586,30.76297332500589,30.235608068005792,30.58718490600586,65375
2001-01-10,30.411407470703125,30.411407470703125,29.884042023234283,30.23561898821351,1478450
2001-01-11,29.532461166381836,29.88403808502924,29.356672707058134,29.532461166381836,124200
2001-01-12,29.532461166381836,29.88403808502924,29.356672707058134,29.532461166381836,153875
2001-01-16,30.059831619262695,30.235620108264232,29.88404313026116,29.88404313026116,65500
2001-01-17,30.58718490600586,30.76297332500589,30.411396487005824,30.58718490600586,500850
2001-01-18,31.466127395629883,31.466127395629883,30.587185289606705,30.938762132015974,477575
2001-01-19,30.938766479492188,31.4661318172108,30.938766479492184,31.290343371304598,184850
2001-01-22,31.114545822143555,31.11454582214356,30.762969033192782,30.93875742766817,192025
2001-01-23,31.114545822143555,31.11454582214356,30.587180638717395,31.11454582214356,198900
2001-01-24,30.762971878051758,30.93876028878348,30.58718346732003,30.762971878051758,87250
2001-01-25,30.762971878051758,30.93876028878348,30.58718346732003,30.762971878051758,82850
2001-01-26,30.411407470703125,30.76298443568235,30.411407470703125,30.587195953192737,29350
2001-01-29,31.02313995361328,31.079393536148192,30.77000419684309,30.798130988110543,70150
2001-01-30,31.135639190673828,31.163765977202516,30.769999012754834,30.910630263080293,68950
2001-01-31,30.938766479492188,31.10752456778242,30.770008391201948,30.966893274593694,129025
2001-02-01,31.0512638092041,31.220021858535507,30.8825057598727,30.938759337089234,68925
2001-02-02,30.629379272460938,30.91063917185596,30.432494392333776,30.798134675634195,127225
2001-02-05,30.460620880126953,30.57312537521541,30.235611889950032,30.26373868430183,35150
2001-02-06,30.43248748779297,30.573118746743358,30.263732122907026,30.263732122907026,22250
2001-02-07,29.954355239868164,30.207491074499497,29.926231122268565,29.98248203978704,52650
2001-02-08,29.898090362548828,30.066845718629498,29.785585897722374,29.813712684508495,35350
2001-02-09,29.954355239868164,30.038735639624793,29.72934620515571,30.038735639624793,931450
2001-02-12,29.898090362548828,30.0387216141614,29.84183678897659,29.98246804058916,64625
2001-02-13,30.038732528686523,30.06685664337347,29.81372351727695,29.8418476319639,175450
2001-02-14,29.785598754882812,29.89810326827262,29.61684064363851,29.841849670418128,114350
2001-02-15,30.235624313354492,30.32000204876081,29.954361618906976,29.9824884248157,62500
2001-02-16,29.532461166381836,29.898101483653416,29.391829862459073,29.813723774227366,96125
2001-02-20,29.67308807373047,29.95434795758353,29.644961280649575,29.81371935681631,140125
2001-02-21,29.335575103759766,29.448079595682426,29.251194723078765,29.39182600856176,74500
2001-02-22,29.419946670532227,29.78558686365525,29.363693095135712,29.532451139007147,138475
2001-02-23,30.010608673095703,30.010608673095707,29.560590606169164,29.560590606169164,118975
2001-02-26,30.151233673095703,30.235611372388018,29.98247559219238,30.01060238606272,98950
2001-02-27,29.8137149810791,30.179352508191865,29.785588192126358,29.98247035015911,86550
2001-02-28,29.616836547851562,29.673090137926604,29.391827552189007,29.391827552189007,148750
2001-03-01,29.223060607910156,29.223060607910156,28.829293679819692,29.026175802706046,97125
2001-03-02,28.126150131225586,28.379285911577607,28.01364563799343,28.041772431881146,63275
2001-03-05,28.06989860534668,28.182405789161837,27.985520899804207,28.013647695758,75625
2001-03-06,28.941818237304688,29.054322768863592,28.82931370574578,28.969945040774316,265775
2001-03-07,28.913684844970703,29.026189350892025,28.77305354198929,28.941811642030782,84400
2001-03-08,28.941818237304688,29.026195965393963,28.80118690227615,28.969945040774316,131500
2001-03-09,28.294912338256836,28.913685800105185,28.29491233825684,28.801181290467387,125700
2001-03-12,27.394880294799805,27.844898443674747,27.31050256246569,27.56363844178778,181425
2001-03-13,27.619892120361328,27.648018928047566,27.141747118975356,27.226127542034067,289400
2001-03-14,25.763551712036133,26.579209914890775,25.45416504278732,25.594796322379892,328900
2001-03-15,27.11360740661621,27.563625341610923,26.944849339833954,27.16985830733131,169075
2001-03-16,27.001110076904297,27.366747734225598,26.719847451851866,27.226119104018565,84900
2001-03-19,27.33861541748047,27.422993106759815,27.05735287679148,27.422993106759815,173875
2001-03-20,27.141738891601562,27.704264145530068,27.141738891601562,27.619883748049272,155675
2001-03-21,28.46366310119629,28.801176574848583,28.266780912145453,28.35115860997886,152350
2001-03-22,28.126150131225586,28.407412705465322,27.422996377944948,28.06989654345016,371275
2001-03-23,29.47620964050293,29.644967753517367,29.166822896015535,29.251200611363153,185900
2001-03-26,30.235624313354492,30.34812885466953,30.01061523072442,30.291877925171935,183675
2001-03-27,30.99502182006836,30.995021820068363,30.09498310222416,30.207487606664813,196450
2001-03-28,30.038732528686523,30.516877348511606,29.81372351727695,30.432496957493772,130475
2001-03-29,29.138702392578125,29.701227769287495,28.998073730720574,29.251206931456043,109975
2001-03-30,28.80118179321289,28.96993990177493,28.491795056888147,28.857435390173283,55525
2001-04-02,28.294912338256836,28.57617227119179,28.126154232640594,28.43554096356477,79575
2001-04-03,28.60428237915039,28.941795711131462,28.294895828747123,28.60428237915039,93950
2001-04-04,29.39183235168457,29.47621006825666,28.913687487243983,28.99806788613532,248050
2001-04-05,30.376239776611328,30.516871050297922,29.869968264266966,30.151230811640154,167175
2001-04-06,29.757469177246094,29.7855959735469,29.36370207599158,29.58871376407911,81175
2001-04-09,28.744937896728516,29.054324708590915,28.68868428603365,28.969946974868407,151550
2001-04-10,29.138702392578125,29.16682919787755,28.68868423706646,28.773061970644953,124550
2001-04-11,28.969938278198242,29.532460804680746,28.857433772901743,29.532460804680746,104375
2001-04-12,29.588712692260742,29.588712692260742,29.054314311179112,29.166818809988058,109850
2001-04-16,28.998064041137695,29.110568542422698,28.744928242666717,28.96993724523672,94275
2001-04-17,29.110570907592773,29.25119953388563,28.941812800794597,29.110570907592773,88850
2001-04-18,31.191898345947266,31.47315821461548,30.235608891374692,30.319986583743308,249050
2001-04-19,30.713762283325195,30.79813999949762,30.404375535813475,30.770013200000403,293825
2001-04-20,30.348114013671875,30.516872084277377,30.179355943066376,30.48874529212337,107225
2001-04-23,30.291872024536133,30.348122943076458,30.09498710384668,30.123113904276504,71775
2001-04-24,30.319990158081055,30.798134941734478,30.319990158081055,30.51687503990933,169475
2001-04-25,30.657493591308594,30.657493591308597,30.34810699611131,30.544989131026135,112425
2001-04-26,30.657493591308594,31.02313375780607,30.657493591308597,30.938756083173704,127225
2001-04-27,31.191898345947266,31.191898345947266,30.966889378085305,31.135644762822537,121575
2001-04-30,31.557546615600586,31.613797530713608,31.360661706907106,31.388788505623197,85700
2001-05-01,32.316932678222656,32.34505946064031,31.866914888810655,31.979419336163655,245700
2001-05-02,32.42945098876953,32.710713568547156,32.23256879231645,32.485704577652555,264775
2001-05-03,32.204437255859375,32.59820427310318,32.06380598667814,32.48569979422186,100800
2001-05-04,32.288818359375,32.373198739199005,31.782549492024163,31.951304887034894,87350
2001-05-07,32.935726165771484,32.963852963292766,32.766968062962825,32.963852963292766,128175
2001-05-08,32.288818359375,32.316945152649666,32.06380937781493,32.20444066186963,96125
2001-05-09,31.5294132232666,31.78254899413585,31.445035527083053,31.613790919450153,114600
2001-05-10,31.41691017150879,31.72629685988135,31.416910171508793,31.72629685988135,80975
2001-05-11,31.276287078857422,31.613800649792786,31.276287078857422,31.55754972912994,62900
2001-05-14,30.770002365112305,30.91063363075938,30.629373781783517,30.91063363075938,157450
2001-05-15,31.0512638092041,31.30439954204211,30.826254864974366,30.938759337089234,116550
2001-05-16,30.966882705688477,31.30439608475782,30.348106836235733,30.404360407239576,1092725
2001-05-17,31.135639190673828,31.38877490479605,31.079388299934443,31.276270440999284,218475
2001-05-18,30.910646438598633,31.079404563763784,30.798141915928333,30.966900041093485,209450
2001-05-21,31.613801956176758,31.641928758830186,31.079406117359333,31.079406117359333,197025
2001-05-22,31.135639190673828,31.416901691324743,31.107515086463135,31.38877490479605,159875
2001-05-23,31.50129508972168,31.641926410231022,31.332539650965945,31.416917370343814,106650
2001-05-24,31.50129508972168,31.613799609665286,31.163781529890873,31.445044170909547,373925
2001-05-25,31.276287078857422,31.41691840399368,31.191909356703437,31.30441388034856,351450
2001-05-29,30.74190330505371,31.27629933113418,30.71377649254409,31.079417008207766,119300
2001-05-30,30.516881942749023,30.657510584312035,30.34812381762625,30.57313286291035,114275
2001-05-31,30.629379272460938,30.7418837686827,30.516874776239174,30.68563017941243,104725
2001-06-01,30.43248748779297,30.60124553499707,30.235605334653314,30.60124553499707,85550
2001-06-04,30.545005798339844,30.657510320011983,30.34812355599344,30.516881679661342,133275
2001-06-05,30.460620880126953,30.488747674478752,30.12310739486157,30.235611889950032,166425
2001-06-06,30.038732528686523,30.235614743090146,29.92622802298174,30.010605731680577,81325
2001-06-07,30.235624313354492,30.32000204876081,30.123119772039455,30.179370701537053,83250
2001-06-08,30.20748519897461,30.29186558231878,30.06685390905308,30.235611993422665,121175
2001-06-11,29.532461166381836,29.841847889156703,29.391829862459073,29.841847889156703,70775
2001-06-12,29.138702392578125,29.16682919787755,28.576179698188547,28.969946925421144,391400
2001-06-13,29.110570907592773,29.307453130258057,28.998066397167026,29.22307541801852,32775
2001-06-14,28.80118179321289,28.913686304814536,28.744930878571637,28.913686304814536,54875
2001-06-15,28.435529708862305,28.88555025161573,28.26677435235805,28.716792212793443,77450
2001-06-18,28.491796493530273,28.576174210906302,28.238660659082914,28.519923293428707,57350
2001-06-19,28.323030471801758,28.744924305574358,28.323030471801758,28.54803944355307,62775
2001-06-20,28.351154327392578,28.491785590750958,28.126145378946465,28.238649853169523,72750
2001-06-21,28.969938278198242,29.138693694983502,28.773053382190128,28.801180179094,114325
2001-06-22,28.82931137084961,29.251202659446477,28.82931137084961,29.251202659446477,57675
2001-06-25,28.632421493530273,28.913681383502407,28.54804111245182,28.913681383502407,47000
2001-06-26,28.716793060302734,28.82929752873189,28.57616180418676,28.57616180418676,41150
2001-06-27,28.57616424560547,28.744922303826183,28.407408869703087,28.63241782578515,72475
2001-06-28,28.688674926757812,28.773052632953284,28.491792718195406,28.491792718195406,189125
2001-06-29,28.77304458618164,28.94180263369603,28.744920480194384,28.77304458618164,172825
2001-07-02,28.716793060302734,28.801170741045073,28.57616180418676,28.688666272615915,274775
2001-07-03,28.632421493530273,28.801176891049817,28.57616790614464,28.66054560490441,23600
2001-07-05,27.73238754272461,28.069901076931824,27.73238754272461,27.901145650987782,95825
2001-07-06,27.02922821044922,27.45112205463877,27.001104100024786,27.422995261895746,137925
2001-07-09,27.394880294799805,27.394880294799805,27.16987122036233,27.197998025246953,55825
2001-07-10,27.141738891601562,27.619883748049272,27.141738891601562,27.423001518565815,36125
2001-07-11,27.254241943359375,27.394873249294704,26.944855216156903,27.169864232725804,82200
2001-07-12,28.013656616210938,28.098034348622004,27.64801619933665,27.704269809157193,113325
2001-07-13,27.535499572753906,27.816762133730844,27.479248669949662,27.704257645803782,134325
2001-07-16,27.141738891601562,27.366747920245285,27.001110260438637,27.197992489922093,57250
2001-07-17,27.057361602783203,27.19799291848126,26.747974854102875,26.747974854102875,44550
2001-07-18,26.607337951660156,26.74796923782985,26.52296025288581,26.663588856736823,48850
2001-07-19,26.8604793548584,27.057361587331698,26.804225755683603,27.0292347877443,80500
2001-07-20,26.888595581054688,27.029224159053875,26.747964320737314,26.747964320737314,124275
2001-07-23,25.876068115234375,26.15733080394162,25.763563576215432,26.129203998606936,95200
2001-07-24,25.932315826416016,26.24170256775403,25.904189027480054,26.24170256775403,93475
2001-07-25,26.66358757019043,26.663587570190426,26.24169641435672,26.551083083146867,72175
2001-07-26,26.32607650756836,26.607339091961723,26.21357201027477,26.607339091961723,206775
2001-07-27,26.83234977722168,26.86047657389701,26.466709467399287,26.55108717510631,401275
2001-07-30,25.960439682006836,26.072946876619444,25.904188767019686,26.072946876619444,117425
2001-07-31,26.438579559326172,26.551084050468546,26.29795095713719,26.410455448279567,81025
2001-08-01,26.916730880737305,26.972984481184906,26.804226362161405,26.832353162385203,53875
2001-08-02,27.535499572753906,27.591753157876724,27.36674149970403,27.535499572753906,70350
2001-08-03,27.141738891601562,27.25424340592342,27.0292343772797,27.085487975600234,38800
2001-08-06,26.972984313964844,27.085488831843268,26.888606596135848,27.085488831843268,43225
2001-08-07,27.22611427307129,27.338618766665853,26.94485169792553,27.057356191520093,30175
2001-08-08,26.972984313964844,27.33862466764954,26.916730713865988,27.33862466764954,24225
2001-08-09,26.888595581054688,26.944846475790726,26.579206271892826,26.63545984894705,60200
2001-08-10,26.7198429107666,26.776096499144362,26.297951727208304,26.551084827952046,80775
2001-08-13,26.55108070373535,26.57920749355526,26.354198539632627,26.354198539632627,87500
2001-08-14,27.08548355102539,27.338619337478143,27.029229961894217,27.113610345590978,144250
2001-08-15,27.08548355102539,27.338619337478143,26.94485226051622,27.338619337478143,136875
2001-08-16,27.169858932495117,27.338617003160405,26.80421868131911,27.0292276539938,91650
2001-08-17,26.32607650756836,26.776097179061498,26.21357201027477,26.522961389571233,103775
2001-08-20,26.438579559326172,26.551084050468546,26.29795095713719,26.29795095713719,104750
2001-08-21,26.579212188720703,26.94485247401419,26.52296128146259,26.55108539393225,108850
2001-08-22,26.83234977722168,27.029231989311057,26.776098866189987,26.88860337057234,41850
2001-08-23,26.32607650756836,26.691716794352214,26.32607650756836,26.522961389571233,170475
2001-08-24,26.7198429107666,26.804220611014514,26.466707127704133,26.607338416329807,101075
2001-08-27,26.49483299255371,26.719841973534827,26.326074915658552,26.438579406149113,279850
2001-08-28,26.185449600219727,26.438582723849443,26.01669150214761,26.410458609436567,93325
2001-08-29,25.763551712036133,26.213569660877514,25.62292043244356,26.15731875843162,113225
2001-08-30,25.313541412353516,25.622928175091754,25.116659170821855,25.48229953532306,164900
2001-08-31,25.707305908203125,25.763556821805444,25.454170091194964,25.454170091194964,61975
2001-09-04,25.201032638549805,25.538546145215157,25.201032638549805,25.426041642993372,70225
2001-09-05,24.722888946533203,25.032275670991737,24.4978799319599,25.00415155590935,160900
2001-09-06,24.385377883911133,24.751018240046925,24.301000165516506,24.63851372141432,110625
2001-09-07,24.329116821289062,24.638506164373332,24.24473912877448,24.329116821289062,123600
2001-09-10,24.188486099243164,24.244736995196547,23.879096783385677,23.90722357252149,190375
2001-09-17,23.31658363342285,23.850979426753135,22.75406103983326,23.6259703893173,181950
2001-09-18,23.372833251953125,23.879102158771964,23.204075161467614,23.34470645648573,136175
2001-09-19,23.794721603393555,24.047857367629422,22.782181228768618,23.879099297366004,193975
2001-09-20,23.00719451904297,23.485339345158952,22.52904969292699,23.34470804059795,102275
2001-09-21,22.782180786132812,23.204071930116633,21.854016782354385,22.500918235264614,102625
2001-09-24,23.6259708404541,23.794728962913062,23.091575036919554,23.091575036919554,124825
2001-09-25,23.485336303710938,23.65409170147439,23.2040737310136,23.62596490774092,76100
2001-09-26,23.1478214263916,23.457210809968668,22.866561520425613,23.457210809968668,302875
2001-09-27,22.894689559936523,23.09157177304422,22.557176045043768,22.83843596629491,41275
2001-09-28,23.6259708404541,23.65409764125049,23.06344823612317,23.06344823612317,89525
2001-10-01,23.485336303710938,23.569714002592665,23.28845142989533,23.541587208859195,73300
2001-10-02,24.047863006591797,24.047863006591797,23.71034946924023,23.738473585613495,96650
2001-10-03,24.27287483215332,24.35725255564712,23.37283862870088,23.625971799182278,198875
2001-10-04,24.188486099243164,24.357241469421567,24.047854835882326,24.329114680285752,216475
2001-10-05,23.90723419189453,24.160370041920995,23.822856469325522,23.90723419189453,65350
2001-10-08,23.991607666015625,24.132238966940523,23.822852250760917,23.850976365090723,40500
2001-10-09,23.541589736938477,23.625967444881336,23.37283432105275,23.625967444881336,48925
2001-10-10,23.82284927368164,23.850973384496854,23.485335803031436,23.54158670698049,183550
2001-10-11,24.329116821289062,24.413497196122126,24.07598374374532,24.18848822787092,114800
2001-10-12,24.329116821289062,24.385370404511104,23.935352468008695,24.160361436259898,102850
2001-10-15,24.104108810424805,24.188489188609356,23.963480211421057,24.160362395881172,85700
2001-10-16,24.300996780395508,24.610383492957876,24.18849227743474,24.216616391435732,160825
2001-10-17,24.21661949157715,24.91977339567738,24.188495373975787,24.751017960792122,138200
2001-10-18,24.047863006591797,24.18849431773474,23.907231695448857,24.07598980528422,48825
2001-10-19,24.07598876953125,24.07598876953125,23.82285295682773,23.93535746443829,30275
2001-10-22,24.300996780395508,24.3291208943965,24.104111888474968,24.160365481114816,93900
2001-10-23,24.329116821289062,24.61037937276231,24.300992711996525,24.469748097025686,121250
2001-10-24,24.385377883911133,24.497882402543738,24.301000165516506,24.357251083673155,37350
2001-10-25,24.83539390563965,24.83539390563965,24.244744561059537,24.441626781813213,257875
2001-10-26,24.582260131835938,24.638513732336833,24.413504694971873,24.638513732336833,132875
2001-10-29,23.991607666015625,24.24474347121665,23.93535675503704,24.21661667456788,108650
2001-10-30,23.400959014892578,23.8509770448222,23.400959014892578,23.822852929690878,40950
2001-10-31,23.59783935546875,23.879099228673994,23.54158577143659,23.62596346516631,112150
2001-11-01,23.90723419189453,23.963487795153497,23.625971540238584,23.87910739026505,460350
2001-11-02,23.82284927368164,23.879100177630693,23.62596440406338,23.65409119719722,24675
2001-11-05,23.991607666015625,24.075988055961943,23.879103161739497,23.879103161739497,45550
2001-11-06,24.385377883911133,24.385377883911133,23.907233009142733,23.99161072753736,66150
2001-11-07,23.56970977783203,23.738465145346872,23.485332094074614,23.56970977783203,64025
2001-11-08,23.82284927368164,24.132235951198005,23.766595687413957,23.99160466784743,93975
2001-11-09,23.372833251953125,23.597842251054576,23.372833251953125,23.597842251054576,109300
2001-11-12,23.175949096679688,23.37283398883988,22.979066886838428,23.26032948574217,86175
2001-11-13,23.34470558166504,23.372832376078406,23.175947497503575,23.175947497503575,74025
2001-11-14,23.091569900512695,23.31657889219487,23.035316311432773,23.31657889219487,70100
2001-11-15,23.513460159301758,23.62596465069292,23.372831556801803,23.541586952729215,272275
2001-11-16,23.485336303710938,23.62596490774092,23.34470501736227,23.513460415125724,151500
2001-11-19,23.654096603393555,24.07599054987008,23.654096603393555,24.07599054987008,85275
2001-11-20,23.654096603393555,23.850978835691055,23.59784568658823,23.654096603393555,51700
2001-11-21,23.85097312927246,23.935353507771048,23.625964151246766,23.625964151246766,215025
2001-11-23,23.85097312927246,23.85097312927246,23.625964151246766,23.682217736912488,57100
2001-11-26,24.244741439819336,24.385372728961144,23.96348154385446,24.188490533553857,253075
2001-11-27,24.047863006591797,24.18849431773474,23.963485292833695,24.132240720349902,124750
2001-11-28,23.485336303710938,23.738469400356117,23.37283181109574,23.541587208859195,105300
2001-11-29,23.457210540771484,23.625965945950657,23.316579248242974,23.541588243361073,81875
2001-11-30,23.56970977783203,23.738465145346872,23.485332094074614,23.59783656652391,64200
2001-12-03,23.06344223022461,23.23220030873766,22.866560040558262,23.09156902369656,100175
2001-12-04,23.1478214263916,23.17594822168385,22.894688315717865,22.922812428691277,104375
2001-12-05,23.794721603393555,23.935352881559986,23.42908135308825,23.597839423351672,200825
2001-12-06,23.59783935546875,23.73846795091211,23.42908128569079,23.73846795091211,85325
2001-12-07,23.091569900512695,23.204074396353782,22.950938610131647,22.950938610131647,75475
2001-12-10,22.275911331176758,22.585298019939117,22.24778453702053,22.52904711394538,232775
2001-12-11,22.47279930114746,22.557179705301937,22.33216931770246,22.3884215793124,209775
2001-12-12,22.754064559936523,22.81031548683797,22.36029734234751,22.725937755325937,186650
2001-12-13,22.163406372070312,22.219658618043717,22.050901880123504,22.050901880123504,83500
2001-12-14,22.247785568237305,22.304037817997774,21.96652431943495,22.07902881895589,547850
2001-12-17,21.9102725982666,22.050903896640264,21.74151584491388,21.9102725982666,136025
2001-12-18,22.079029083251953,22.10715587904859,21.882146877313247,22.079029083251953,326925
2001-12-19,21.96652603149414,22.02277828563888,21.6571379631183,21.797769269059916,354375
2001-12-20,21.938405990600586,22.135288258128735,21.91027918600522,22.135288258128735,173250
2001-12-21,21.96652603149414,22.050905083291017,21.797769269059916,21.882148320856793,95575
2001-12-24,21.741512298583984,21.91026902441024,21.572755572757732,21.600881023149153,30300
2001-12-26,21.43212890625,21.57276021192725,21.23524668769328,21.375876652211005,146225
2001-12-27,21.57275390625,21.741510619039698,21.516501668653433,21.65713159206528,143850
2001-12-28,22.079029083251953,22.191533584119625,21.96652458238428,22.13528133368579,312625
2001-12-31,21.685260772705078,22.163405515581108,21.657133980225648,22.050901027981958,100675
2002-01-02,21.797761917114258,21.88214094045179,21.62900521159827,21.825888705279795,72175
2002-01-03,22.332168579101562,22.332168579101562,21.797771440901588,21.93840276085514,207275
2002-01-04,22.697805404663086,22.697805404663086,22.500923185135253,22.52904998287325,157700
2002-01-07,22.304039001464844,22.641553859095858,22.24778674871959,22.52904935360535,216550
2002-01-08,21.82589340209961,22.05090239120837,21.797766607881332,21.938397896653992,290575
2002-01-09,21.71338653564453,22.079026796168893,21.657134291037654,21.7977655731345,97200
2002-01-10,21.488378524780273,21.544630771920037,21.319621783360983,21.516505318929838,439850
2002-01-11,21.235244750976562,21.48837920048567,21.20711795594255,21.347749248793814,61025
2002-01-14,20.953975677490234,21.263363621274472,20.925850232323842,21.23523817610808,79750
2002-01-15,21.09461212158203,21.17899116017846,20.982107630893005,21.150864366926545,121300
2002-01-16,20.841474533081055,21.09461028568016,20.841474533081055,20.953979013978614,102500
2002-01-17,21.03836441040039,21.094616667868323,20.925859895464527,21.06648986855455,57850
2002-01-18,21.12273406982422,21.150859515465562,21.010228263781798,21.150859515465562,45125
2002-01-22,20.588342666625977,20.644594914028257,20.419585924419128,20.644594914028257,146125
2002-01-23,20.475831985473633,20.475831985473633,20.27894850847022,20.391452969283893,85750
2002-01-24,20.25082778930664,20.503963572549768,20.110197841739964,20.307080036565186,252425
2002-01-25,20.447715759277344,20.532094819042022,20.307084440056094,20.447715759277344,127000
2002-01-28,20.67271614074707,20.841472848452703,20.5883384574738,20.813347401081312,326775
2002-01-29,20.110198974609375,20.419587022539826,20.025819928388547,20.419587022539826,155150
2002-01-30,20.25082778930664,20.278954583515596,19.82893660544725,19.85706205849684,74400
2002-01-31,20.082069396972656,20.307078367513196,20.025817154337524,20.138321639607792,63975
2002-02-01,19.82893943786621,19.913317150227083,19.63205587375825,19.82893943786621,211075
2002-02-04,19.463294982910156,19.969565173257333,19.407042739538248,19.969565173257333,478300
2002-02-05,18.985149383544922,19.322662828485285,18.872644901898134,19.322662828485285,160525
2002-02-06,18.872644424438477,19.322662339640612,18.872644424438477,19.125780172319267,120300
2002-02-07,19.435169219970703,19.57580050642823,19.32266472726842,19.378916973619564,103950
2002-02-08,19.941442489624023,19.941442489624023,19.603927641392996,19.603927641392996,186750
2002-02-11,20.110198974609375,20.194576679670764,19.85706317710633,19.941442223327158,68850
2002-02-12,20.25082778930664,20.363332283823727,20.110197841739964,20.110197841739964,132975
2002-02-13,20.61647605895996,20.67272832802447,20.44771925176644,20.61647605895996,74550
2002-02-14,20.588342666625977,20.86960390363739,20.532090419223692,20.757099408832822,109500
2002-02-15,20.447715759277344,20.644599337955157,20.335211240364206,20.616472537647045,68800
2002-02-19,19.660179138183594,19.96956717837395,19.660179138183594,19.96956717837395,86125
2002-02-20,19.941442489624023,19.99769474080262,19.66017989257159,19.88519023844543,62500
2002-02-21,20.27895164489746,20.447708362218595,20.194572615657307,20.39145612311155,126000
2002-02-22,20.61647605895996,20.61647605895996,20.363340177589738,20.391466982701935,88775
2002-02-25,20.785228729248047,20.813355528762134,20.5602196977738,20.67272421351092,80425
2002-02-26,20.447715759277344,20.560220278190478,20.36333669951266,20.532094819042022,127125
2002-02-27,20.953975677490234,21.150859158290928,20.728966751523146,20.86959800083207,254150
2002-02-28,21.01023292541504,21.26336869814656,20.953980680492403,21.09461196337865,277700
2002-03-01,21.938405990600586,21.938405990600586,21.544638773224573,21.544638773224573,405225
2002-03-04,23.20407485961914,23.232201654720647,22.557174666197334,22.697803277067244,839850
2002-03-05,22.782180786132812,22.894685270016396,22.697800411481268,22.86655847846588,610650
2002-03-06,23.457210540771484,23.569715038330536,22.810307668067853,22.86656125800678,318950
2002-03-07,24.188486099243164,24.272863784332365,23.90722357252149,24.13223252097153,454200
2002-03-08,24.07598876953125,24.41350229236293,24.07598876953125,24.35724869739813,335200
2002-03-11,24.385377883911133,24.46975560230576,24.21661976480257,24.357251083673155,244100
2002-03-12,23.73847198486328,23.87910328652307,23.541589771930962,23.625967479999243,358850
2002-03-13,23.06344223022461,23.344704800306808,23.007191325599365,23.26032710220961,294325
2002-03-14,23.34470558166504,23.682219067669216,23.34470558166504,23.485336871413132,347175
2002-03-15,23.96347999572754,23.99160410588399,23.65409064313948,23.85097282582747,192775
2002-03-18,23.11969566345215,23.372831438379364,23.11969566345215,23.316577851809477,331425
2002-03-19,23.73847198486328,23.766598781659035,23.569716568726715,23.710347870386503,291350
2002-03-20,23.091569900512695,23.260327985433705,23.091569900512695,23.260327985433705,64600
2002-03-21,23.1478214263916,23.2040750169761,22.950939223983525,23.091570518125938,120100
2002-03-22,22.585294723510742,22.782179571549374,22.529043825727083,22.725925991447383,183450
2002-03-25,22.360286712646484,22.500917986525963,22.247782230006592,22.38841350388607,197300
2002-03-26,22.47279930114746,22.613430625752173,22.304042516317633,22.33216931770246,298325
2002-03-27,22.585294723510742,22.754052781498377,22.529043825727083,22.55717061577808,219725
2002-03-28,22.894689559936523,22.95094047125916,22.725931461330656,22.725931461330656,154675
2002-04-01,22.135278701782227,22.191530945527624,21.938396519252983,22.10715325048917,300475
2002-04-02,22.135278701782227,22.332162225470753,22.135278701782227,22.191530945527624,164675
2002-04-03,22.557180404663086,22.894693984786986,22.500926800149355,22.78218945807902,146300
2002-04-04,22.922813415527344,23.0915715122271,22.866562504840054,23.007193805036696,153375
2002-04-05,23.1478214263916,23.31657951582626,23.007192814568025,23.2040750169761,156550
2002-04-08,22.83843231201172,22.950936798974592,22.697801032728492,22.754054617369203,121725
2002-04-09,22.669675827026367,22.89468479007669,22.669675827026367,22.782180308551528,173050
2002-04-10,23.11969566345215,23.175946567703395,22.922810792776176,23.035315283597313,91325
2002-04-11,22.444669723510742,22.72593097996387,22.38841747222012,22.697804183738825,81800
2002-04-12,22.50092315673828,22.50092315673828,22.332166394001888,22.444670902492817,119000
2002-04-15,22.444669723510742,22.669680069832705,22.332165220929493,22.641553273607663,121650
2002-04-16,23.20407485961914,23.485337445996596,22.810307775154463,22.810307775154463,257975
2002-04-17,23.232202529907227,23.457211534558038,23.147822141423983,23.34470703223263,347100
2002-04-18,23.429080963134766,23.485334546392465,23.20407199474094,23.400954171505916,451825
2002-04-19,23.400959014892578,23.42908581234294,23.23220359482849,23.42908581234294,163225
2002-04-22,23.541589736938477,23.68222103838923,23.457212028995613,23.625967444881336,214175
2002-04-23,23.71034812927246,23.850976750148753,23.654094535066736,23.654094535066736,310900
2002-04-24,23.541589736938477,23.850976454274953,23.457212028995613,23.794725543086034,148500
2002-04-25,23.85097312927246,24.019731203951032,23.766595433092476,23.907226714938183,187975
2002-04-26,23.73847198486328,23.907230083318822,23.625967479999243,23.87910328652307,231675
2002-04-29,23.59783935546875,23.82284832696035,23.59783935546875,23.68221704919847,335075
2002-04-30,23.73847198486328,23.82285237525054,23.59784336552247,23.654094276794996,400700
2002-05-01,23.90723419189453,23.935360993524014,23.59784742092854,23.738476064437076,183025
2002-05-02,23.96347999572754,24.075984483309043,23.766595130720983,23.85097282582747,975525
2002-05-03,23.991607666015625,24.104112170291753,23.76659865746337,24.04786125931317,261125
2002-05-06,23.73847198486328,23.82285237525054,23.710347870386503,23.73847198486328,144400
2002-05-07,23.400959014892578,23.654094827307752,23.400959014892578,23.654094827307752,224475
2002-05-08,24.047863006591797,24.047863006591797,23.71034946924023,23.822853981690752,335550
2002-05-09,23.654096603393555,23.87910563525334,23.654096603393555,23.79472791888573,108050
2002-05-10,23.59783935546875,23.794721534944273,23.569712563452672,23.710343841214552,135325
2002-05-13,23.82284927368164,23.907226970764533,23.54158670698049,23.59784029324817,73250
2002-05-14,23.82284927368164,23.907226970764533,23.59784029324817,23.710344783464905,218575
2002-05-15,23.794721603393555,23.99160378343544,23.654090325227127,23.766594811296564,151100
2002-05-16,24.385377883911133,24.46975560230576,24.188495646883897,24.188495646883897,582300
2002-05-17,24.947895050048828,25.397913026684858,24.807263761770386,24.807263761770386,946900
2002-05-20,25.11665916442871,25.36979500765891,24.976027842376446,25.03227876180573,599725
2002-05-21,25.032272338867188,25.34166170446096,24.947894640213736,25.172903624835385,394075
2002-05-22,25.566673278808594,25.62292418950249,25.369791067901524,25.369791067901524,1016300
2002-05-23,25.566673278808594,25.651050986008915,25.369791067901524,25.53854648230217,1067650
2002-05-24,25.51042366027832,25.651054982401625,25.482299541709157,25.651054982401625,425850
2002-05-28,25.313541412353516,25.51042365388518,25.22916369202843,25.48229953532306,566800
2002-05-29,25.144773483276367,25.201027063101233,25.116649375682254,25.172900273188798,397475
2002-05-30,25.313541412353516,25.42604593356009,25.172910090265457,25.20103689114694,271425
2002-05-31,25.201032638549805,25.3979148468582,25.144779046279456,25.25728354850124,361900
2002-06-03,25.313541412353516,25.65105497597324,25.313541412353516,25.42604593356009,455475
2002-06-04,25.144773483276367,25.172900273188798,24.779135943688015,24.835386841194563,361725
2002-06-05,25.060394287109375,25.14477196944844,24.891638922431248,25.032267498890302,199500
2002-06-06,24.441621780395508,24.89164240796178,24.35724408624119,24.86351561580416,512475
2002-06-07,24.694759368896484,24.751012957366072,24.132236895794268,24.35724588503515,250300
2002-06-10,24.441621780395508,24.610379851022678,24.329117294083574,24.554126266707442,299650
2002-06-11,24.329116821289062,24.55412578954027,24.216612337163458,24.49787488863671,318550
2002-06-12,24.07598876953125,24.21661739230517,23.85097707199109,24.04786197204885,330000
2002-06-13,23.682220458984375,23.766598164862867,23.48533825116159,23.738471368797068,651425
2002-06-14,23.429080963134766,23.51345865570283,23.091567510544024,23.23219878636979,429025
2002-06-17,23.429080963134766,23.457207754763616,23.091567510544024,23.17594520311209,506475
2002-06-18,23.11969566345215,23.288451058524533,23.063442076882257,23.175946567703395,223275
2002-06-19,22.360286712646484,22.69780016056616,22.332161262566125,22.52904477776555,531525
2002-06-20,22.613426208496094,22.7821843015208,22.585299412605494,22.7540575056302,287325
2002-06-21,22.41654396057129,22.64155431726505,22.41654396057129,22.61342751974351,212625
2002-06-24,22.782180786132812,23.035313863132018,22.500918235264614,22.613422719148197,215925
2002-06-25,22.866559982299805,23.260327042947928,22.83843318889951,23.17594666274705,286000
2002-06-26,22.72593116760254,22.89468926402724,22.50092216058223,22.529048957039507,698300
2002-06-27,23.260330200195312,23.260330200195312,22.950940795434356,23.091572099205788,544800
2002-06-28,23.71034812927246,23.99160805334405,23.569716826077162,23.766599041159175,274075
2002-07-01,23.429080963134766,23.879098899922422,23.429080963134766,23.850972108293572,189225
2002-07-02,23.400959014892578,23.87910384227256,23.37283489976126,23.766599334790158,159625
2002-07-03,24.07598876953125,24.13223968217701,23.79472615934533,23.99160837708405,473250
2002-07-05,24.441621780395508,24.469748572553126,24.16036190577494,24.16036190577494,1039825
2002-07-08,24.188486099243164,24.4134950476932,24.188486099243164,24.272863784332365,268200
2002-07-09,24.385377883911133,24.63851372141432,24.329124283435174,24.610386921176342,225650
2002-07-10,24.047863006591797,24.329122946558524,23.963485292833695,24.132240720349902,88475
2002-07-11,23.90723419189453,24.075992319351986,23.68222514349755,23.794729667696043,630425
2002-07-12,23.93535614013672,24.188491938834677,23.822851638750837,24.104111551056093,299100
2002-07-15,23.71034812927246,23.766599041159175,23.14782291649127,23.738472244056315,387375
2002-07-16,23.20407485961914,23.625966056866506,23.11969715663343,23.28845256260485,636775
2002-07-17,23.682220458984375,23.85097587074136,23.541589160974283,23.597842753105883,256925
2002-07-18,23.682220458984375,23.907229462872962,23.654093662918573,23.87910266680716,326150
2002-07-19,23.06344223022461,23.457209291875955,23.06344223022461,23.400955704932052,390000
2002-07-22,23.06344223022461,23.429082498404004,22.725928755517163,23.147819928321805,394425
2002-07-23,22.866559982299805,23.204073456147345,22.866559982299805,23.17594666274705,313500
2002-07-24,23.513460159301758,23.513460159301758,22.585297434745023,22.64155102159993,612525
2002-07-25,22.585294723510742,22.922808157167683,22.41653800668227,22.64154830361273,206675
2002-07-26,21.99464988708496,22.219658873566143,21.797766353334254,22.07902758643573,298450
2002-07-29,22.557180404663086,22.585304524600456,22.10716095667147,22.10716095667147,424400
2002-07-30,22.47279930114746,22.585303824367347,22.304042516317633,22.444673840922345,163625
2002-07-31,22.10715675354004,22.275913511517047,21.938399995563028,22.07902995663079,174400
2002-08-01,21.57275390625,21.93839412120725,21.488374879275582,21.797762856636265,420925
2002-08-02,21.797761917114258,21.938393175623787,21.713382893776725,21.825888705279795,197325
2002-08-05,21.516502380371094,21.994647086337434,21.48837559006287,21.854015817114682,121650
2002-08-06,21.629011154174805,21.769641110163377,21.460254402292854,21.460254402292854,267800
2002-08-07,22.19153594970703,22.304040462567528,21.741517898265034,22.163410492071698,348375
2002-08-08,22.163406372070312,22.219658618043717,21.82589289622989,21.91027059461033,170175
2002-08-09,22.38842010498047,22.500924620791658,22.16341107335809,22.27591558916928,162025
2002-08-12,22.022777557373047,22.247786566511245,22.022777557373047,22.135282061942146,78125
2002-08-13,21.882143020629883,22.19152967290749,21.882143020629883,22.135277432387998,516750
2002-08-14,22.669675827026367,22.69779993566884,22.275908800529095,22.388413282054255,172875
2002-08-15,22.782180786132812,22.81030489536485,22.500918235264614,22.641549510698713,421425
2002-08-16,22.50092315673828,22.64155446293171,22.444670902492817,22.585300867526712,223775
2002-08-19,22.219663619995117,22.500924913177915,21.938402326812323,22.500924913177915,134250
2002-08-20,21.71338653564453,21.938396855231346,21.685261083920743,21.938396855231346,180400
2002-08-21,21.938405990600586,22.107162794693224,21.71339557731721,22.050910526662346,147100
2002-08-22,22.19153594970703,22.275915004932198,21.96652692398603,22.022779180416283,163825
2002-08-23,21.99464988708496,22.135279833056025,21.938397640464668,22.022775339815436,84500
2002-08-26,22.557180404663086,22.669684931371055,22.36029547118452,22.500926800149355,150950
2002-08-27,22.444669723510742,22.585299681157576,22.38841747222012,22.444669723510742,142350
2002-08-28,22.022777557373047,22.27591336323326,21.938399849525968,22.163408858664162,239800
2002-08-29,21.854019165039062,21.882145959656167,21.685262420814595,21.685262420814595,548100
2002-08-30,21.96652603149414,22.07903053978362,21.854021523204658,21.9102737773494,482475
2002-09-03,20.86960220336914,21.17899020945522,20.757097717730435,21.010232139837896,328375
2002-09-04,20.98210906982422,21.01023452384563,20.588343325408587,20.64459557461082,380775
2002-09-05,20.728973388671875,20.869604683009115,20.644595684997064,20.785225638174886,121125
2002-09-06,21.09461212158203,21.122738914833946,20.78522410160755,20.78522410160755,116650
2002-09-09,21.01023292541504,21.17899100134226,20.757098493842825,20.78522394572449,67300
2002-09-10,20.92585563659668,21.178991414263525,20.841476596987953,21.038360128635425,375925
2002-09-11,20.98210906982422,21.12274036340951,20.897730025441163,20.953982274643398,64800
2002-09-12,20.841474533081055,20.982105804782606,20.785222292632277,20.982105804782606,127700
2002-09-13,20.447715759277344,20.672724797103612,20.391463499820773,20.616472537647045,145850
2002-09-16,20.30708122253418,20.56021702056088,20.194576721446634,20.39146026892956,53500
2002-09-17,20.644590377807617,20.813347082933678,20.475833672681556,20.78522029483313,157825
2002-09-18,21.600875854492188,21.74150709627678,20.95397455636912,20.95397455636912,583100
2002-09-19,21.178991317749023,21.432125753102977,21.178991317749023,21.20711677005087,195200
2002-09-20,20.89773178100586,20.9539840349337,20.6727227652945,20.785227273150177,212325
2002-09-23,20.39145851135254,20.672719739828985,20.22270177426667,20.560215248438404,348450
2002-09-24,20.053943634033203,20.33520484283018,20.053943634033203,20.166448117551994,603200
2002-09-25,20.335206985473633,20.47583827526952,20.13832344799126,20.307080191050705,760200
2002-09-26,20.728973388671875,20.785225638174886,20.53209118599104,20.58834343549405,951525
2002-09-27,20.785228729248047,20.95398550285373,20.700851013025012,20.841480987116608,283825
2002-09-30,20.61647605895996,20.785232866153482,20.335214713637427,20.503971520830948,277725
2002-10-01,20.757099151611328,20.813351398316534,20.194575343399915,20.222702137332195,1106925
2002-10-02,19.913312911987305,20.27895316415571,19.828935217584917,20.250826371915398,2110100
2002-10-03,19.772680282592773,19.969562436836135,19.547669998778936,19.82893251825646,666475
2002-10-04,19.688304901123047,19.96956613147865,19.575800408980804,19.857061639336408,257650
2002-10-07,18.928903579711914,19.266417139427627,18.928903579711914,19.125787160125913,295800
2002-10-08,19.18203353881836,19.294538024229436,18.73201425601479,19.12578129611282,1141850
2002-10-09,18.478883743286133,18.675765963822688,18.282000181590035,18.591388252495463,1319450
2002-10-10,18.844520568847656,19.06953090264914,18.59138612270499,18.61951157620556,1094200
2002-10-11,19.266414642333984,19.463298197230177,19.013280175935442,19.013280175935442,447550
2002-10-14,19.153907775878906,19.322664513061532,19.041403284423822,19.125782323594798,59850
2002-10-15,20.082069396972656,20.082069396972656,19.603924663994384,19.603924663994384,603525
2002-10-16,19.37891960144043,19.632055414925972,19.35079414503066,19.519550906967847,195850
2002-10-17,19.85706329345703,19.969567794971052,19.74455879194301,19.969567794971052,211425
2002-10-18,19.603933334350586,19.744564673715967,19.51955560365924,19.603933334350586,129775
2002-10-21,19.82893943786621,19.885191693159978,19.43517230965029,19.43517230965029,995775
2002-10-22,18.95703125,19.125789390699193,18.788274450460634,18.985158053836475,124500
2002-10-23,19.266414642333984,19.266414642333984,18.872648873701092,18.985153379024776,104675
2002-10-24,18.95703125,19.23829392372544,18.92890578732335,19.06953712418607,70500
2002-10-25,19.37891960144043,19.37891960144043,19.153910585524184,19.210162839503244,175300
2002-10-28,19.37891960144043,19.57580316094691,19.35079414503066,19.547676363377615,351300
2002-10-29,19.322669982910156,19.463301307618497,19.069535476058736,19.12578773771013,176400
2002-10-30,19.688304901123047,19.80080939326529,19.547673615365575,19.575800408980804,325200
2002-10-31,19.435169219970703,19.51954826007709,19.26641248091728,19.51954826007709,246075
2002-11-01,19.80080795288086,19.80080795288086,19.547672193395183,19.66017667735343,92200
2002-11-04,19.88518714904785,20.166448361243592,19.828934906608705,19.96956484212695,435275
2002-11-05,20.25082778930664,20.278954583515596,20.025818800272468,20.138323294789554,218275
2002-11-06,20.27895164489746,20.39145612311155,19.96956365922913,20.138320376550265,226075
2002-11-07,19.85706329345703,20.053946841686294,19.74455879194301,20.053946841686294,192300
2002-11-08,19.660179138183594,19.857062680333712,19.603926889163475,19.800810431313593,1257900
2002-11-11,19.210163116455078,19.603928899985412,19.18203765963983,19.603928899985412,39475
2002-11-12,19.37891960144043,19.547676363377615,19.35079414503066,19.35079414503066,110600
2002-11-13,19.238292694091797,19.35079721992721,19.06953590533868,19.09766136621766,99400
2002-11-14,19.266414642333984,19.322666894995827,19.18203693392097,19.266414642333984,193975
2002-11-15,19.547672271728516,19.547672271728516,19.153906576296716,19.266411060705803,113875
2002-11-18,18.95703125,19.182041657212316,18.87265352081023,19.182041657212316,139175
2002-11-19,18.675769805908203,18.816401141931113,18.647644343399513,18.732022072085403,96750
2002-11-20,19.153907775878906,19.153907775878906,18.760142055786115,18.760142055786115,151400
2002-11-21,19.491422653198242,19.54767490297471,19.26641365409237,19.26641365409237,357925
2002-11-22,19.435169219970703,19.51954826007709,19.350791521023663,19.350791521023663,99450
2002-11-25,19.80080795288086,19.857060194859983,19.49141995141606,19.547672193395183,311500
2002-11-26,19.547672271728516,19.772682581705933,19.519546821205868,19.688303547819498,103950
2002-11-27,19.997690200805664,20.08206788783789,19.885185723989924,19.96956341102215,225750
2002-11-29,20.13831901550293,20.222698039040328,20.025814544892448,20.025814544892448,181200
2002-12-02,19.969572067260742,20.1383288556356,19.80081527888589,20.1383288556356,517475
2002-12-03,19.772680282592773,19.885184753920147,19.71642804692909,19.800805729845074,263725
2002-12-04,19.407041549682617,19.603923718833713,19.294537069836505,19.32266251921844,145025
2002-12-05,19.210163116455078,19.463298933590064,19.153910861665032,19.463298933590064,145475
2002-12-06,19.37891960144043,19.37891960144043,19.210162839503244,19.2945418910516,438525
2002-12-09,19.153907775878906,19.378916758789074,19.097655530151364,19.322664513061532,132675
2002-12-10,19.294546127319336,19.407050659978708,19.182041594659967,19.32267158990427,128600
2002-12-11,19.18203353881836,19.2382857815239,19.097654504180422,19.153906746885962,145625
2002-12-12,19.266414642333984,19.407045944568335,19.18203693392097,19.18203693392097,127450
2002-12-13,19.153907775878906,19.21016002160645,18.98515103869628,19.013277832139718,203525
2002-12-16,19.266414642333984,19.350793691906492,19.097657884348457,19.18203693392097,404900
2002-12-17,19.125782012939453,19.350790992194856,19.0695297681256,19.294538747381004,153375
2002-12-18,18.591381072998047,18.78826321750395,18.591381072998047,18.760137771642686,676200
2002-12-19,18.872644424438477,19.013275693518732,18.788265394758486,18.957022112959287,119950
2002-12-20,19.06953239440918,19.09765785010993,18.872648839865963,18.872648839865963,306600
2002-12-23,18.985149383544922,19.125780656183014,18.900770351730223,19.069528415359617,150625
2002-12-24,19.125782012939453,19.238286502567153,19.097655219952873,19.125782012939453,120725
2002-12-26,19.407041549682617,19.547671478910658,19.350789309759563,19.378914759141495,395700
2002-12-27,19.322669982910156,19.49142676786434,19.210165459607367,19.49142676786434,213400
2002-12-30,19.632047653198242,19.660173098488332,19.435164171531632,19.519543189719894,381475
2002-12-31,19.547672271728516,19.632051305614954,19.519546821205868,19.519546821205868,203525
2003-01-02,19.913312911987305,19.969565155308654,19.68830393870191,19.68830393870191,382250
2003-01-03,19.88518714904785,19.941439391487002,19.68830362993121,19.828934906608705,90100
2003-01-06,20.25082778930664,20.335206830774137,19.91331430575538,20.110197841739964,653725
2003-01-07,19.603933334350586,19.828943745567166,19.57580787117342,19.744564673715967,222675
2003-01-08,19.350793838500977,19.435171547553207,19.182037079237013,19.266414788289243,227075
2003-01-09,19.660179138183594,19.688305933273355,19.491422391123237,19.491422391123237,407250
2003-01-10,19.463294982910156,19.63205171302588,19.378915947272656,19.519547226282064,236300
2003-01-13,19.463294982910156,19.63205171302588,19.463294982910156,19.63205171302588,250300
2003-01-14,19.82893943786621,19.913317150227083,19.688308129052018,19.71643492727868,417650
2003-01-15,19.997690200805664,20.025815649430022,19.85705893420641,19.96956341102215,356650
2003-01-16,20.1945743560791,20.1945743560791,19.941439928861193,20.053944416771216,267500
2003-01-17,20.082069396972656,20.166448431504985,19.997691703599582,20.053943946234718,162250
2003-01-21,20.025815963745117,20.166447232551647,19.91331148516356,20.053942753970095,211775
2003-01-22,19.969572067260742,20.05395113202804,19.828942080861566,19.969572067260742,223850
2003-01-23,20.39145851135254,20.447710757047826,20.25082722653465,20.33520626565725,1099950
2003-01-24,20.13831901550293,20.30707572141865,20.025814544892448,20.166445803735087,420125
2003-01-27,19.744556427001953,19.857060915040538,19.603925146374078,19.68830418298266,324725
2003-01-28,19.660179138183594,19.800810431313593,19.491422391123237,19.575801435233117,267800
2003-01-29,19.37891960144043,19.463298652988787,19.26641509348231,19.435171855419494,278025
2003-01-30,19.06953239440918,19.238289152092158,19.06953239440918,19.238289152092158,195325
2003-01-31,19.041412353515625,19.041412353515625,18.872655535957076,18.928907808476595,278350
2003-02-03,19.294546127319336,19.350798393649022,19.182041594659967,19.266419323574585,237525
2003-02-04,19.322669982910156,19.322669982910156,18.98515641300179,19.182039999361525,75750
2003-02-05,19.407041549682617,19.660175958756767,19.407041549682617,19.57579826945178,201800
2003-02-06,19.266414642333984,19.49142365298135,19.23828918658281,19.37891914765767,239350
2003-02-07,19.125782012939453,19.378916444022128,19.125782012939453,19.322664199208276,99100
2003-02-10,19.125782012939453,19.266411954394425,19.0695297681256,19.125782012939453,53200
2003-02-11,19.266414642333984,19.350793691906492,19.1539101370103,19.266414642333984,135750
2003-02-12,19.37891960144043,19.519550906967847,19.35079414503066,19.37891960144043,123700
2003-02-13,19.547672271728516,19.547672271728516,19.266411060705803,19.463294579001325,52050
2003-02-14,19.744556427001953,19.772683219591244,19.4351684143162,19.4351684143162,226375
2003-02-18,19.997690200805664,20.053942439213532,19.828933485582052,19.941437962397792,787925
2003-02-19,19.660179138183594,19.800810431313593,19.660179138183594,19.77268497738324,448625
2003-02-20,19.660179138183594,19.857062680333712,19.632053684253236,19.857062680333712,94425
2003-02-21,19.688304901123047,19.688304901123047,19.378916877152214,19.407043670767443,155800
2003-02-24,19.632047653198242,19.716426671386504,19.491416403270808,19.603920866749156,540775
2003-02-25,19.350793838500977,19.407046091588963,19.125784826149022,19.125784826149022,250050
2003-02-26,19.210163116455078,19.294542169219923,19.153910861665032,19.18203765963983,213850
2003-02-27,19.294546127319336,19.407050659978708,19.2101670572449,19.266419323574585,245850
2003-02-28,19.238292694091797,19.26641815497078,19.125788168256385,19.238292694091797,115925
2003-03-03,19.322669982910156,19.407049045967103,19.23829226101292,19.294544522664314,88925
2003-03-04,19.238292694091797,19.37892268080619,19.153913629135367,19.37892268080619,289550
2003-03-05,19.210163116455078,19.294542169219923,19.18203765963983,19.266415371245127,297825
2003-03-06,19.013282775878906,19.069535036232878,18.98515597512208,19.041408235476055,89850
2003-03-07,18.703893661499023,18.732019119574627,18.47888463225578,18.619514604953004,285825
2003-03-10,18.281999588012695,18.42263089053813,18.169495082456145,18.281999588012695,407650
2003-03-11,18.113243103027344,18.197620812888363,18.028864052006806,18.16949535665453,280200
2003-03-12,18.3382511138916,18.3382511138916,18.16949436224603,18.253872067489095,338150
2003-03-13,18.591381072998047,18.647633305879594,18.253866334549745,18.253866334549745,1135150
2003-03-14,18.3382511138916,18.42263016029411,18.253872067489095,18.394503364440126,382425
2003-03-17,18.45075798034668,18.563262495866628,17.94448766050691,17.94448766050691,1631925
2003-03-18,18.25387191772461,18.25387191772461,18.113241963086825,18.141367417550608,692000
2003-03-19,18.16949462890625,18.394503634402636,18.113242377532153,18.338251383028542,539775
2003-03-20,18.563257217407227,18.64763625063383,18.33824825034859,18.33824825034859,786025
2003-03-21,18.872644424438477,19.547671297241678,18.563256437157417,18.703887706237673,1162800
2003-03-24,18.732017517089844,18.928901071414508,18.647639808921767,18.87264881891596,429625
2003-03-25,18.816396713256836,18.84452216914585,18.450756398583145,18.563260904458204,431950
2003-03-26,18.95703125,18.985158053836475,18.788274450460634,18.844526716973757,286450
2003-03-27,18.78826904296875,18.985152589679117,18.76014358838695,18.985152589679117,290700
2003-03-28,18.78826904296875,18.87264808903303,18.619512291999623,18.675764542322664,92125
2003-03-31,18.16949462890625,18.338251383028542,18.00073787478396,18.00073787478396,410075
2003-04-01,18.394502639770508,18.53513393118123,18.225745894773276,18.394502639770508,477350
2003-04-02,18.619510650634766,18.703889689260787,18.591385198532308,18.619510650634766,242950
2003-04-03,18.22574806213379,18.394504827199157,18.169495807112,18.394504827199157,435725
2003-04-04,18.281999588012695,18.42263089053813,18.169495082456145,18.42263089053813,57075
2003-04-07,18.535133361816406,18.81639459483864,18.47888111521196,18.563258814538955,470150
2003-04-08,18.22574806213379,18.366379370268035,18.22574806213379,18.338252572177367,175650
2003-04-09,18.197622299194336,18.366380415018867,18.16949684066333,18.366380415018867,103250
2003-04-10,18.056991577148438,18.169496088937063,18.000739321254127,18.169496088937063,283475
2003-04-11,17.747600555419922,17.860105048547833,17.63509606229201,17.860105048547833,504700
2003-04-14,17.663223266601562,17.719475514472673,17.466339728472974,17.466339728472974,454775
2003-04-15,17.69135093688965,17.860107701650175,17.69135093688965,17.860107701650175,277575
2003-04-16,17.775728225708008,17.86010592913448,17.635096931784663,17.803853679797026,307400
2003-04-17,17.91636085510254,18.00073991229431,17.80385633961992,17.80385633961992,613425
2003-04-21,18.0007381439209,18.02886359944873,17.8882336394906,18.0007381439209,99175
2003-04-22,18.0007381439209,18.0007381439209,17.635097833942687,17.719476882845154,488800
2003-04-23,17.888229370117188,17.944481608906646,17.803850341353417,17.860102580142875,260575
2003-04-24,17.775728225708008,17.86010592913448,17.719475976370553,17.86010592913448,403175
2003-04-25,17.55072021484375,17.60697381280119,17.438215701248055,17.522594757024624,517025
2003-04-28,17.606971740722656,17.63509719523184,17.410088194520657,17.466340444698453,634550
2003-04-29,17.69135093688965,17.775729989849687,17.494467374089258,17.494467374089258,581150
2003-04-30,18.02886199951172,18.113241040926127,17.888232052033526,18.000736546479825,528300
2003-05-01,18.085115432739258,18.169494479687163,17.97261093091502,18.056989977862926,296325
2003-05-02,18.478883743286133,18.535135997890798,18.22574792698537,18.282000181590035,726825
2003-05-05,18.619510650634766,18.675762895999007,18.450753914542044,18.478880707803825,520550
2003-05-06,18.95703125,19.0414103203496,18.788274450460634,18.87265352081023,649825
2003-05-07,19.097652435302734,19.097652435302734,18.90076893658241,18.985147962079438,435900
2003-05-08,18.816396713256836,18.95702667502091,18.760144460319307,18.816396713256836,394850
2003-05-09,19.013282775878906,19.097660495830027,18.928903714768104,18.957029174365253,511075
2003-05-12,19.238292694091797,19.26641815497078,19.041409103299955,19.26641815497078,445250
2003-05-13,19.153907775878906,19.26641226733399,19.097655530151364,19.21016002160645,251375
2003-05-14,19.266414642333984,19.407045944568335,19.18203693392097,19.407045944568335,343325
2003-05-15,19.097652435302734,19.182031460799763,19.01327475096482,19.097652435302734,533700
2003-05-16,19.06953239440918,19.09765785010993,18.928901092426955,18.985153344987946,565100
2003-05-19,18.535133361816406,18.81639459483864,18.450754321330063,18.81639459483864,1124775
2003-05-20,18.76014518737793,18.844522899474573,18.59138842202509,18.59138842202509,665650
2003-05-21,18.591381072998047,18.647633305879594,18.47887660723495,18.5351288401165,306575
2003-05-22,18.928903579711914,18.957029039108388,18.675767739345293,18.675767739345293,1138850
2003-05-23,19.125782012939453,19.210159709580577,19.013277523311753,19.0695297681256,1517900
2003-05-27,19.06953239440918,19.09765785010993,18.78826979044473,18.928901092426955,654100
2003-05-28,18.900772094726562,19.013277927907655,18.844519848715684,18.98515113432255,383750
2003-05-29,18.985149383544922,19.18203289700641,18.957022592553617,19.069528415359617,535150
2003-05-30,19.097652435302734,19.23828369741141,19.041400198691086,19.21015690852603,758475
2003-06-02,19.294546127319336,19.660185187882377,19.294546127319336,19.632059725297445,1105075
2003-06-03,19.463294982910156,19.491420434016472,19.26641146052884,19.463294982910156,929775
2003-06-04,19.632047653198242,19.68829988493742,19.40703872624154,19.40703872624154,865750
2003-06-05,19.772680282592773,19.82893251825646,19.603922234442624,19.800805729845074,991225
2003-06-06,19.88518714904785,20.110196118804442,19.800808114809506,20.025817084566096,1070525
2003-06-09,19.913312911987305,20.053944190870315,19.828935217584917,19.969565155308654,1145825
2003-06-10,20.082069396972656,20.166448431504985,19.997691703599582,20.166448431504985,1324525
2003-06-11,20.419588088989258,20.419588088989258,20.110200024900465,20.25082998773391,586900
2003-06-12,20.39145851135254,20.419585304779847,20.194574980839363,20.194574980839363,1033200
2003-06-13,20.222702026367188,20.419585559334756,20.166449779970645,20.307079725382327,669075
2003-06-16,20.27895164489746,20.36332933297844,20.110194927576327,20.166447166683373,919025
2003-06-17,20.475831985473633,20.532084215880474,20.391452969283893,20.50395743009757,778550
2003-06-18,20.61647605895996,20.644602864072155,20.363340177589738,20.532098325943142,759750
2003-06-19,20.447715759277344,20.58834707849859,20.41959030012889,20.560220278190478,353600
2003-06-20,20.56021499633789,20.61646724134344,20.391458261321247,20.447710506326796,836675
2003-06-23,20.728973388671875,20.8414778876779,20.644595684997064,20.728973388671875,810625
2003-06-24,20.30708122253418,20.41958706478117,20.222703517298243,20.39146026892956,1203600
2003-06-25,20.166458129882812,20.56022401769718,20.166458129882812,20.47584628374548,1060650
2003-06-26,20.39145851135254,20.503963002743117,20.16644952857138,20.16644952857138,686850
2003-06-27,20.363332748413086,20.644595332282172,20.335207294721815,20.419586338114417,1128100
2003-06-30,20.447715759277344,20.532094819042022,20.36333669951266,20.475842559585455,427975
2003-07-01,20.98210906982422,20.98210906982422,20.588343325408587,20.588343325408587,1672125
2003-07-02,22.022777557373047,22.079029809657598,21.375875985520988,21.572759539096655,4848750
2003-07-03,21.797761917114258,22.022770857802243,21.600878423432732,21.600878423432732,5326675
2003-07-07,22.8103084564209,25.11665475956984,22.50092174802042,22.641553045409328,3587975
2003-07-08,22.782180786132812,22.782180786132812,22.58529592759768,22.641549510698713,1652875
2003-07-09,22.72593116760254,22.782184760517087,22.58529986763511,22.75405796405981,1043800
2003-07-10,22.38842010498047,22.500924620791658,22.247788789636672,22.27591558916928,1085900
2003-07-11,22.050901412963867,22.13527910955672,21.882144678618854,21.966522375211706,1569000
2003-07-14,22.275911331176758,22.52904711394538,22.24778453702053,22.444668072636055,2018300
2003-07-15,22.163406372070312,22.44466760193733,22.07902733253054,22.41654080837096,828400
2003-07-16,21.685260772705078,22.079026479302104,21.6290085289055,22.079026479302104,1412675
2003-07-17,21.12273406982422,21.403995232032734,21.09460728302386,21.291490767149327,1322375
2003-07-18,21.488378524780273,21.516505318929838,21.26336953622122,21.375874030500746,754825
2003-07-21,21.26337242126465,21.432129185581086,21.150867911720354,21.34775147400264,754550
2003-07-22,21.375877380371094,21.460256434883686,21.20712061250548,21.263372868460685,1798550
2003-07-23,21.54463005065918,21.600882295915756,21.375873314889446,21.57275684386713,1083250
2003-07-24,21.488378524780273,21.685262060349128,21.460253071790074,21.657135266199568,1089550
2003-07-25,21.882143020629883,21.910268470310026,21.516502786673577,21.79776398927104,4115300
2003-07-28,21.938405990600586,22.050910526662346,21.854026917974338,22.050910526662346,647950
2003-07-29,21.65713882446289,21.938401447532463,21.629013366851684,21.854022392379676,481925
2003-07-30,21.207111358642578,21.375868052870093,21.150859127233407,21.375868052870093,474175
2003-07-31,21.375877380371094,21.51650869083889,21.291499667018073,21.51650869083889,1049425
2003-08-01,21.12273406982422,21.235238534707623,21.038355050582158,21.17898630226592,532975
2003-08-04,21.01023292541504,21.066485170337675,20.78522394572449,20.982107473533375,571800
2003-08-05,20.757099151611328,21.01023359120508,20.67272011097384,21.01023359120508,925700
2003-08-06,20.841474533081055,20.897726773529836,20.64459236208993,20.64459236208993,548925
2003-08-07,21.03836441040039,21.03836441040039,20.700850865592802,20.700850865592802,1138625
2003-08-08,21.01023292541504,21.066485170337675,20.8696029836881,20.92585522861074,475025
2003-08-11,21.375877380371094,21.51650869083889,21.31962512441589,21.375877380371094,548200
2003-08-12,21.488378524780273,21.5727575660696,21.375874030500746,21.488378524780273,842500
2003-08-13,21.685260772705078,21.797765260304228,21.60088173642607,21.797765260304228,2603775
2003-08-14,22.079029083251953,22.13528133368579,21.82589462687941,21.910272331950445,1222150
2003-08-15,22.163406372070312,22.472793054344365,22.07902733253054,22.219658618043717,745975
2003-08-18,22.557180404663086,22.557180404663086,22.30404320783054,22.36029547118452,2319950
2003-08-19,22.950939178466797,22.97906597370326,22.64155247782214,22.75405697644918,2057525
2003-08-20,22.950939178466797,23.14782138048441,22.86656147507622,23.007192768939728,2835325
2003-08-21,23.31658363342285,23.457214952400076,23.23220591496424,23.400961351881463,3152550
2003-08-22,23.20407485961914,23.597841944083815,23.14782126941612,23.541588353880798,2298325
2003-08-25,23.00719451904297,23.20407673603695,22.810309619729956,23.175949938660942,766675
2003-08-26,23.34470558166504,23.34470558166504,23.00719209566086,23.00719209566086,1026100
2003-08-27,23.31658363342285,23.344710433682156,23.11970139624632,23.14782551418632,1013350
2003-08-28,23.175949096679688,23.232202689388007,22.979066886838428,23.232202689388007,1048350
2003-08-29,23.34470558166504,23.541587777921123,23.316578787251668,23.541587777921123,1161375
2003-09-02,24.46975326538086,24.46975326538086,23.93535752349199,24.13223974171646,2393525
2003-09-03,24.497879028320312,24.666637124184923,24.441625435592464,24.497879028320312,1678950
2003-09-04,24.188486099243164,24.329114680285752,24.075981625018144,24.13223252097153,1237575
2003-09-05,23.879104614257812,24.160367233216256,23.76660010313826,24.104113636496916,1981600
2003-09-08,24.244741439819336,24.300995028403555,24.07598603870416,24.10411015067753,1166150
2003-09-09,24.46975326538086,24.66663816592438,24.357248757492727,24.610384570820788,1950850
2003-09-10,24.07598876953125,24.46975320500869,24.07598876953125,24.46975320500869,2409100
2003-09-11,24.13224220275879,24.188495803599206,23.822855445094458,23.935359964455973,1068600
2003-09-12,24.497879028320312,24.497879028320312,24.188492315273955,24.35724772881963,1090650
2003-09-15,24.35724449157715,24.497875772386987,24.329117698951467,24.469748979761302,1264450
2003-09-16,25.51042366027832,25.594804062943926,25.004154655881546,25.229163698351083,1561275
2003-09-17,25.257280349731445,25.45416521542379,25.144775861758067,25.257280349731445,2778550
2003-09-18,25.791685104370117,25.876062820790033,25.56667607237084,25.735431505210673,1714475
2003-09-19,25.4822998046875,25.65105524712153,25.42604620232989,25.622928445942726,1780350
2003-09-22,25.032272338867188,25.28540811714621,24.947894640213736,25.032272338867188,1897550
2003-09-23,25.229150772094727,25.341655235687384,25.060392735546746,25.341655235687384,1403875
2003-09-24,24.8072566986084,25.397905795352308,24.8072566986084,25.31352811933688,1861150
2003-09-25,24.441621780395508,24.89164240796178,24.441621780395508,24.86351561580416,1423000
2003-09-26,24.722888946533203,24.751015743934627,24.582257641845132,24.694762149131783,1002550
2003-09-29,24.976015090942383,25.004141877456657,24.610374913210805,24.666628486239354,1460775
2003-09-30,24.638511657714844,25.08852969455216,24.46975355274131,25.08852969455216,2655550
2003-10-01,25.651052474975586,25.707306071253786,25.088529923789103,25.088529923789103,1251075
2003-10-02,26.157320022583008,26.21357092774744,25.87605744980479,25.960435148710783,1323450
2003-10-03,26.635461807250977,26.71983949671778,26.52295732718911,26.57920822606085,1673950
2003-10-06,26.49483299255371,26.494832992553707,26.213570425167994,26.354201708860852,980250
2003-10-07,26.579212188720703,26.607338983509152,26.29795228779256,26.43858089709724,998475
2003-10-08,26.129192352294922,26.185445937890922,25.98856107062352,26.15731914509292,1205125
2003-10-09,26.29794692993164,26.5510799844988,26.269820140873655,26.438575510585093,1419425
2003-10-10,26.804222106933594,26.860475698450816,26.579213105502458,26.579213105502458,818850
2003-10-13,26.916730880737305,27.1698667181129,26.860479962609006,26.860479962609006,956475
2003-10-14,27.22611427307129,27.2542383847309,26.860473998309285,26.972978491903845,1883175
2003-10-15,26.7198429107666,27.085483188265865,26.69171611657772,27.085483188265865,2565100
2003-10-16,26.94485092163086,27.057355411984112,26.832346431277607,26.97297771479883,1167125
2003-10-17,26.8604793548584,27.0292347877443,26.8604793548584,27.001110670476145,1270075
2003-10-20,27.11360740661621,27.141731515814524,27.00110292286753,27.029227032065844,1660750
2003-10-21,27.254241943359375,27.25424194335938,26.97298201380778,27.057359724441355,947400
2003-10-22,26.354204177856445,26.860475773653373,26.297953268500613,26.607339975754908,2032125
2003-10-23,25.4822998046875,25.622928445942726,24.18849645597587,25.397919401151086,3979975
2003-10-24,25.454160690307617,25.65104283868064,25.257275859616495,25.51041158313501,2636875
2003-10-27,25.876068115234375,26.04482626492268,25.84794130989969,25.988572654253314,1331275
2003-10-28,26.438579559326172,26.46670635269143,26.15731967262956,26.21357057704142,1472050
2003-10-29,26.55108070373535,26.719838760336483,26.49482980641385,26.635461073195074,766925
2003-10-30,26.49483299255371,26.69171518033253,26.38232850206315,26.66358838713023,2417900
2003-10-31,25.988563537597656,26.129194832618538,25.87605903804472,25.93231262898061,1413850
2003-11-03,26.24170684814453,26.269833651668367,25.96044417754541,26.24170684814453,3185125
2003-11-04,26.635461807250977,26.69171270612272,26.466703745998984,26.466703745998984,1341625
2003-11-05,26.46671485900879,26.52296846381903,26.241705804406845,26.354210331707815,1311050
2003-11-06,25.791685104370117,25.904189620369753,25.7073073879502,25.819811903949837,2420875
2003-11-07,26.044816970825195,26.382330467440266,25.988563380229934,26.101067879101624,940000
2003-11-10,25.81981086730957,26.185451200208103,25.791684068859112,26.07294668872541,1081200
2003-11-11,25.201032638549805,25.538546145215157,25.201032638549805,25.3979148468582,2253800
2003-11-12,25.735431671142578,25.735431671142578,25.257286804481417,25.257286804481417,1646275
2003-11-13,25.735431671142578,25.876062987628675,25.65105395417863,25.876062987628675,839025
2003-11-14,25.229150772094727,25.651041839987695,25.08851952202441,25.45415969928004,1381150
2003-11-17,24.46975326538086,24.638511368372583,24.27287104715639,24.638511368372583,4181425
2003-11-18,24.35724449157715,24.751011541380976,24.329117698951467,24.72288474875529,2619575
2003-11-19,24.41349983215332,24.469750739130536,24.04785954868573,24.04785954868573,3654775
2003-11-20,24.188486099243164,24.469745943646586,24.13223252097153,24.216610206060732,2083300
2003-11-21,24.441621780395508,24.554126266707442,24.272866392086875,24.554126266707442,1371500
2003-11-24,24.947895050048828,24.947895050048828,24.55412797933294,24.610381567571803,1161750
2003-11-25,24.863523483276367,25.004154806245364,24.610387638396052,24.779145762422722,1068425
2003-11-26,25.11665916442871,25.229163685606647,24.891650122072836,25.060405562680057,1128925
2003-11-28,25.201032638549805,25.51041934907998,24.94789683797106,25.25728354850124,869100
2003-12-01,25.960439682006836,26.016693279313138,25.34166620555242,25.482297516499028,2136350
2003-12-02,25.735431671142578,26.15732562060086,25.65105395417863,25.65105395417863,1035450
2003-12-03,25.932315826416016,26.26982936668999,25.876062228544093,26.072947138776634,1311275
2003-12-04,25.988563537597656,26.26982612763942,25.847932242576775,26.0166903330656,2115850
2003-12-05,25.791685104370117,25.98856733678967,25.735431505210673,25.98856733678967,894500
2003-12-08,25.679174423217773,25.70730121604471,25.454165445239497,25.65104763039084,1190950
2003-12-09,25.397907257080078,25.763547450614595,25.313529576208452,25.65104298201306,1357425
2003-12-10,25.004148483276367,25.201030676254394,24.89164398981482,25.14477708836427,1741350
2003-12-11,25.397907257080078,25.51041172568161,24.91976259494402,24.91976259494402,1459325
2003-12-12,25.679174423217773,25.70730121604471,25.341660956250358,25.5385431414017,556125
2003-12-15,25.59480094909668,26.101069891901098,25.59480094909668,26.0166921818202,2051300
2003-12-16,25.791685104370117,25.876062820790033,25.5104224732114,25.59480287195056,899775
2003-12-17,25.51042366027832,25.56667726205539,25.31354141869732,25.31354141869732,1081775
2003-12-18,25.90418243408203,25.90418243408203,25.51041539616176,25.51041539616176,1445700
2003-12-19,25.791685104370117,25.876062820790033,25.622926989211038,25.847936021210312,717675
2003-12-22,26.134889602661133,26.134889602661133,25.853565712384817,25.96609473191465,988750
2003-12-23,26.27556610107422,26.303699042264565,26.134904078027443,26.163037019217786,520650
2003-12-24,25.909839630126953,26.134897739254097,25.881706695759988,26.022368684690523,420250
2003-12-26,26.472488403320312,26.50062134140721,26.219297326347533,26.275563202521326,330525
2003-12-29,26.697540283203125,26.697540283203125,26.359953154018623,26.359953154018623,958250
2003-12-30,27.006999969482422,27.06326315540619,26.781941859978758,26.838205045902527,790225
2003-12-31,27.119525909423828,27.203922020068322,26.89446782576919,27.00699686759651,579850
2004-01-02,27.288314819335938,27.56963873121819,27.119522618529512,27.26018189156698,1004250
2004-01-05,27.850967407226562,27.963496465487715,27.682175161287024,27.738438348965413,2878075
2004-01-06,27.5977783203125,27.6540415065271,27.400850461300628,27.5977783203125,1611525
2004-01-07,27.372722625732422,27.400855565532478,27.091401276446252,27.31645942903711,1233300
2004-01-08,27.5977783203125,27.6540415065271,27.42898339586008,27.42898339586008,1266825
2004-01-09,27.372722625732422,27.654046657923395,27.147664473141564,27.147664473141564,1408900
2004-01-12,27.569644927978516,27.597777862070846,27.344586821048427,27.428982940421147,807800
2004-01-13,27.147661209106445,27.42898520747309,27.035132146340686,27.40085227105553,2775400
2004-01-14,27.34458351135254,27.48524548188466,27.288317649978115,27.457112551197447,1016400
2004-01-15,27.147661209106445,27.31645614470733,27.007001892827606,27.147661209106445,849400
2004-01-16,27.569644927978516,27.597777862070846,27.3164538869561,27.372717072236494,2640350
2004-01-20,27.682174682617188,27.738437869322695,27.51337975669201,27.597778561106765,1465875
2004-01-21,27.71030616760254,27.76656935136432,27.457115133414042,27.654040300936565,1473650
2004-01-22,27.935367584228516,28.01976371134063,27.822838520444197,27.963497837996215,1411050
2004-01-23,27.485244750976562,28.047889935238832,27.40084596115932,27.963491145421592,2324125
2004-01-26,27.935367584228516,28.9762620949596,27.59778039287556,27.71030945665988,1509350
2004-01-27,27.54150390625,27.82282779875323,27.513370980418983,27.82282779875323,1574150
2004-01-28,27.006999969482422,27.654041363579378,27.006999969482422,27.485249122903777,2829600
2004-01-29,27.175790786743164,27.457114750339688,26.781940457193013,27.37271595151824,1555700
2004-01-30,27.175790786743164,27.457114750339688,27.0351288049449,27.175790786743164,964425
2004-02-02,27.34458351135254,27.48524548188466,27.175788610133203,27.288317649978115,2338650
2004-02-03,27.203920364379883,27.260183540417255,27.119524258871916,27.203920364379886,708975
2004-02-04,26.41620635986328,26.697527491271998,26.388073441851592,26.64126433815135,1528650
2004-02-05,26.66940689086914,26.83820179399665,26.64127664276786,26.669406890869137,1796700
2004-02-06,26.978866577148438,27.035129762117236,26.697542603591707,26.75380847146475,1072350
2004-02-09,26.66940689086914,26.753805683884877,26.528747601650842,26.528747601650842,1121050
2004-02-10,26.894460678100586,26.922590918903328,26.72566581876777,26.838194830688558,593000
2004-02-11,27.063262939453125,27.11952880783221,26.725675777891432,26.725675777891432,1181200
2004-02-12,26.81007194519043,26.92260099924426,26.781941693855178,26.86633781366948,1105125
2004-02-13,27.006999969482422,27.232058078986082,26.89447091473059,27.06326315540619,1001550
2004-02-17,27.457115173339844,27.56964422393123,27.34458612274846,27.34458612274846,1876350
2004-02-18,27.175790786743164,27.428981817399205,27.0351288049449,27.37271595151824,1153250
2004-02-19,27.063262939453125,27.37271716682528,27.06326293945313,27.34458691554001,1445000
2004-02-20,26.753803253173828,27.091390345853483,26.472479334488924,27.0069942434095,3399475
2004-02-23,26.922597885131836,27.11952571912579,26.86633470606497,27.09139278814037,1351425
2004-02-24,26.61313819885254,26.669401366304154,26.5006091810459,26.556872348497514,1721750
2004-02-25,26.528743743896484,26.64127276864977,26.359948865314774,26.528743743896488,1546900
2004-02-26,26.641273498535156,26.669403743316472,26.444345687644034,26.55687471548025,1946025
2004-02-27,27.316452026367188,27.316452026367188,27.147657116214514,27.147657116214514,1797225
2004-03-01,28.160411834716797,28.1604118347168,27.822824809722285,27.935353818053787,3751750
2004-03-02,27.850967407226562,28.019762336070478,27.766571284256795,27.991629400779097,3158825
2004-03-03,27.766569137573242,27.82283500380599,27.513378105334212,27.654040088011914,1725000
2004-03-04,27.71030616760254,27.879098401792074,27.71030616760254,27.738436418031334,1874625
2004-03-05,27.794694900512695,27.96348708985941,27.62590002826251,27.62590002826251,1696500
2004-03-08,27.71030616760254,27.822835218030292,27.597777117174783,27.738436418031334,1833775
2004-03-09,27.682174682617188,27.963495981953375,27.625908813007353,27.963495981953375,1407375
2004-03-10,27.400859832763672,27.822845946767497,27.400859832763672,27.766580058404898,3602725
2004-03-11,26.838205337524414,27.42898355211695,26.838205337524414,27.288321561422666,2364325
2004-03-12,27.428985595703125,27.45711853251888,27.063265465811874,27.09139840262763,2647675
2004-03-15,27.372722625732422,27.654046657923395,27.26019354943699,27.597783461228083,1865125
2004-03-16,27.87908935546875,27.87908935546875,27.682164251845307,27.850956431264454,1002200
2004-03-17,28.91998863220215,28.94812156149149,28.58240152944148,28.58240152944148,2600425
2004-03-18,29.173194885253906,29.229460773255163,28.751211456865327,28.807474661961376,2297275
2004-03-19,28.666793823242188,28.891854544731967,28.58239772949818,28.891854544731967,2232375
2004-03-22,28.21668243408203,28.4698734402835,28.132286326316173,28.32921147207114,1901725
2004-03-23,28.694931030273438,28.86372592585027,28.52613881760045,28.835592996103493,1336300
2004-03-24,29.3138427734375,29.454504742642108,28.891859548727588,29.08878469587169,3127675
2004-03-25,30.157806396484375,30.21406956414562,29.76395349124194,29.82021934180661,2234375
2004-03-26,30.467262268066406,30.57979129272699,30.157808120975698,30.24220421874524,3052500
2004-03-29,30.692323684692383,30.80485272169871,30.439132680702176,30.439132680702176,1941000
2004-03-30,30.410999298095703,30.467262469345908,30.157808320210812,30.242204418537913,1837800
2004-03-31,30.579790115356445,30.889244250532677,30.495394020836283,30.80484815601252,2224875
2004-04-01,30.917381286621094,31.029910321909192,30.63606003985276,30.776719321785013,2640875
2004-04-02,31.17057228088379,31.33936717523611,31.02991031607416,31.086176175159544,4093875
2004-04-05,31.28310203552246,31.31123496571208,30.97364785214827,30.97364785214827,2543350
2004-04-06,31.142438888549805,31.170571817674425,30.86111764601494,30.917380821360396,2108150
2004-04-07,30.861122131347656,31.14244341476955,30.804856264920772,31.029914364819955,1738475
2004-04-08,30.7204647064209,31.11431778113563,30.57980270238674,31.001788714489216,1283300
2004-04-12,31.36750030517578,31.50816228291506,31.00178291911936,31.00178291911936,1886300
2004-04-13,30.776714324951172,31.283096242984566,30.664185307933014,31.25496331800418,2614425
2004-04-14,30.214073181152344,30.467264173196682,30.04528097505861,30.129677078105477,2218125
2004-04-15,29.792098999023438,30.1859493877026,29.6795699332716,29.96089125619892,2560825
2004-04-16,30.185935974121094,30.29846767277231,29.79208576045529,29.87648185154034,1971225
2004-04-19,29.651430130004883,29.707695991304124,29.48263522901109,29.510768159660714,2560750
2004-04-20,29.820215225219727,30.439123398572253,29.820215225219727,30.35472731727928,2930775
2004-04-21,30.045278549194336,30.073408792669554,29.763954651213965,29.87648367382541,1648125
2004-04-22,30.382862091064453,30.382862091064453,29.76395119707503,29.848347283513476,2298500
2004-04-23,30.185935974121094,30.2140688987839,29.820218685118093,30.157805732361656,1791275
2004-04-26,30.157806396484375,30.439127600597462,30.1015405459197,30.382864432936213,1998025
2004-04-27,29.90460968017578,30.101534753450796,29.79208068360393,29.82021360347262,1366900
2004-04-28,29.00438690185547,29.735824269983265,28.976253973068776,29.651428166526934,2965775
2004-04-29,28.91998863220215,29.201312559287945,28.63866738802016,29.06065059574505,2575675
2004-04-30,28.526140213012695,28.8355944066533,28.441741419643822,28.751198296188402,2025775
2004-05-03,28.498010635375977,28.779331930997934,28.413614514979816,28.46987770094249,1710950
2004-05-04,28.94812774658203,29.145052927875064,28.723069629988736,28.91999481128177,1159875
2004-05-05,29.34197235107422,29.4545013769989,29.145044543528325,29.257573569453005,1225825
2004-05-06,28.41360855102539,28.554267827860144,28.132284631548412,28.469871725178546,2086400
2004-05-07,27.569644927978516,27.99162820774637,27.513379059793863,27.76657010081628,3411950
2004-05-10,25.8254451751709,26.163032360629444,25.572254115350876,25.909841300809422,5868125
2004-05-11,26.35995101928711,26.35995101928711,26.10676002217712,26.191158809816315,3765925
2004-05-12,26.725671768188477,26.810067875190725,26.19115951330241,26.641275661186228,3369950
2004-05-13,26.191160202026367,26.331819489760942,25.93796919145783,26.050498231387852,2275650
2004-05-14,25.8254451751709,26.106766488267453,25.74104636662792,26.022370362628934,1785075
2004-05-17,25.150257110595703,25.375317818607876,24.981464933215687,25.347184894743442,3880975
2004-05-18,25.853572845458984,25.88170577882926,25.71291354441598,25.71291354441598,2113575
2004-05-19,26.472488403320312,27.007003495352777,26.444355465233418,26.64128334893705,3234700
2004-05-20,26.641273498535156,26.697536671001437,26.106758604135383,26.613140570850188,972175
2004-05-21,27.09139060974121,27.26018281627332,26.89446547448583,27.232052570453803,1600725
2004-05-24,27.063262939453125,27.569645023247805,26.922600951409688,27.569645023247805,8779825
2004-05-25,27.569644927978516,27.654041047351235,26.81007180491127,26.866337673095924,1895925
2004-05-26,27.372722625732422,27.541517581627964,27.372722625732422,27.51338464182791,1124775
2004-05-27,27.87908935546875,28.047884217791218,27.65403132764101,27.65403132764101,1370325
2004-05-28,28.10415267944336,28.272947573574736,27.87909460920407,28.047889503335448,1607300
2004-06-01,27.935367584228516,28.244821838909267,27.738439710427578,28.076026901780537,1326425
2004-06-02,28.13228416442871,28.188550020551336,27.850960249622947,28.104151236367397,1819525
2004-06-03,27.316452026367188,27.625906231592328,27.316452026367188,27.316452026367188,1672425
2004-06-04,27.654041290283203,27.710307158962134,27.485249050054982,27.682174224622667,925525
2004-06-07,28.779319763183594,28.779319763183594,28.329203734172797,28.329203734172797,2026425
2004-06-08,28.666793823242188,28.779322842535354,28.413605542010156,28.413605542010156,1324025
2004-06-09,28.047897338867188,28.69493880083833,28.019764401502034,28.69493880083833,1419925
2004-06-10,28.779319763183594,28.891851453339452,28.63866051629509,28.779319763183594,1850200
2004-06-14,28.10415267944336,28.272947573574736,27.935360468215805,28.132285608949225,1345275
2004-06-15,28.807462692260742,28.948124670912645,28.469875553238637,28.610537531890536,1165775
2004-06-16,28.779319763183594,28.83558560826152,28.58239467121716,28.666790755930894,989600
2004-06-17,28.751203536987305,28.835599662836014,28.61054153863648,28.751203536987305,835550
2004-06-18,28.751203536987305,28.919995788684723,28.61054153863648,28.638674474887537,1128775
2004-06-21,28.976259231567383,29.173184403003955,28.891863112795175,29.088788284231743,1252850
2004-06-22,29.08878517150879,29.08878517150879,28.723065118758406,28.919990269122476,2024575
2004-06-23,29.20131492614746,29.42637301289625,28.779329001315467,28.948123907829068,2179350
2004-06-24,29.567039489746094,29.73583173905614,29.398244557531612,29.398244557531612,2041025
2004-06-25,29.567039489746094,29.763964674909296,29.426377493384763,29.454510429237917,1315550
2004-06-28,29.735824584960938,29.904619476565323,29.56703237626034,29.876486547480628,1409475
2004-06-29,29.735824584960938,29.848353618395933,29.56703237626034,29.623295551525946,1089925
2004-06-30,29.876483917236328,29.876483917236328,29.42636782312335,29.679558796787788,1479200
2004-07-01,29.34197235107422,29.735822600358798,29.285706496660076,29.595163330130653,1278575
2004-07-02,29.173194885253906,29.341989866352463,29.004402587060557,29.14506194125328,535650
2004-07-06,28.21668243408203,28.4698734402835,28.132286326316173,28.188552186762674,1168550
2004-07-07,28.46986961364746,28.69492765937562,28.413606443667184,28.46986961364746,868200
2004-07-08,27.99163246154785,28.329219673245067,27.99163246154785,28.24482354104693,962725
2004-07-09,28.694931030273438,28.835592996103493,28.49800588785367,28.52613881760045,805150
2004-07-12,28.723058700561523,28.94811673151786,28.132280698575308,28.891853565230452,1091025
2004-07-13,29.3138427734375,29.370105951376996,28.666798788257868,28.91998979624538,2621750
2004-07-14,28.61052894592285,28.83558697106475,28.4979999333519,28.52613285722046,2477475
2004-07-15,28.301084518432617,28.526142620603103,28.272951584935257,28.46987675360838,842175
2004-07-16,28.46986961364746,28.69492765937562,28.35734059078338,28.582398636511538,517300
2004-07-19,28.5824031829834,28.69493222374696,28.357345101456286,28.63866904481716,761975
2004-07-20,28.6386661529541,28.779325427527148,28.385475166076716,28.441738339325198,990550
2004-07-21,27.907224655151367,28.63866464930376,27.850958801953393,28.554265869506796,1112800
2004-07-22,28.21668243408203,28.272948294528533,27.710303104582987,28.104153396092922,1860350
2004-07-23,27.54150390625,27.963487062101372,27.48524073749144,27.794694872922214,790550
2004-07-26,27.682174682617188,29.313847340641797,27.372717765571753,29.03252335840128,1027825
2004-07-27,27.654041290283203,27.738437410397314,27.26018825824354,27.485249050054982,2054200
2004-07-28,27.457115173339844,27.597777157305124,27.147658272035393,27.48524810671374,1630700
2004-07-29,27.372722625732422,27.51338464182791,27.175797412941623,27.20393035274168,867900
2004-07-30,27.682174682617188,27.76657080412761,27.51337975669201,27.625908813007353,747475
2004-08-02,27.850967407226562,27.907233277809326,27.457117044764722,27.457117044764722,700025
2004-08-03,27.625911712646484,27.822839594046297,27.54151558227777,27.65404465040426,951825
2004-08-04,27.372722625732422,27.485254384932656,27.091401276446252,27.20393035274168,1137025
2004-08-05,26.725671768188477,27.316449883011956,26.725671768188477,27.28831695304325,1323400
2004-08-06,26.585010528564453,27.147655728812133,26.585010528564453,26.92259764871306,2151825
2004-08-09,26.838205337524414,26.950734393498976,26.72567628154985,26.810072402804693,768100
2004-08-10,27.063262939453125,27.11952880783221,26.866337765934873,26.950733885599227,1108975
2004-08-11,27.288314819335938,27.344580674873853,26.92259480705047,27.14765286339481,1097200
2004-08-12,26.866334915161133,27.20392204090162,26.753805873247636,27.14765617849288,729925
2004-08-13,26.55687713623047,26.838201072916476,26.55687713623047,26.78193789532161,1254575
2004-08-16,26.838205337524414,26.866338272244136,26.331823244186715,26.388089113626158,1493175
2004-08-17,26.81007194519043,26.95073393348379,26.781941693855178,26.838204879429956,789050
2004-08-18,27.203920364379883,27.344582328829045,26.810067400503005,26.866333259444197,732050
2004-08-19,27.2320556640625,27.428980821688917,27.147656868304843,27.316451776916097,594150
2004-08-20,27.766569137573242,27.794702070689617,27.232056822882978,27.26018707309518,655875
2004-08-23,27.400859832763672,27.68218390876622,27.288330738943696,27.45712572112627,984725
2004-08-24,27.822832107543945,27.822832107543945,27.4571120638138,27.59777403184907,2047125
2004-08-25,28.047897338867188,28.132293468058084,27.569648135277834,27.682177201833884,941225
2004-08-26,27.935367584228516,28.694938094046545,27.850968774211896,27.963497837996215,1047775
2004-08-27,28.019765853881836,28.10416198744733,26.725680179957195,27.991632915058435,2164725
2004-08-30,27.87908935546875,28.019751293586918,27.79469326575918,27.935355203877346,686375
2004-08-31,28.076019287109375,28.104152216151476,27.710301941177185,27.879094149622233,817225
2004-09-01,28.019765853881836,28.16042786509413,27.85097090384614,28.076029048623926,636625
2004-09-02,28.24481964111328,28.413614565107682,27.991628596573825,28.076024717118877,667150
2004-09-03,27.457115173339844,27.87909844233149,27.37271637321816,27.56964422393123,764525
2004-09-07,28.498010635375977,28.610539690205616,27.991628547190437,28.188556405320533,1301500
2004-09-08,28.24481964111328,28.385481630624565,28.216686706630163,28.301085510079513,696875
2004-09-09,27.935367584228516,28.076026901780537,27.822838520444197,27.90723464755631,606775
2004-09-10,27.907224655151367,27.99162075204478,27.73842977846099,27.907224655151367,847650
2004-09-13,27.99163246154785,28.24482354104693,27.879103390982113,28.13229447048119,1021975
2004-09-14,28.24481964111328,28.385481630624565,28.076024717118877,28.132290586085112,703075
2004-09-15,27.5977783203125,27.850966682634667,27.569645385753045,27.850966682634667,812750
2004-09-16,27.71030616760254,27.76656935136432,27.597777117174783,27.654040300936565,737775
2004-09-17,27.5977783203125,27.6540415065271,27.457116330419534,27.54151245119359,798050
2004-09-20,27.54150390625,27.682165852501615,27.372709034167368,27.45710781166042,1202350
2004-09-21,27.71030616760254,27.76656935136432,27.457115133414042,27.54151125050881,1712250
2004-09-22,27.09139060974121,27.288315744996588,27.006994506475156,27.232052570453803,1422450
2004-09-23,27.006999969482422,27.203925144572054,27.006999969482422,27.119529024234254,819025
2004-09-24,26.95073127746582,27.06326032042982,26.866335165968824,26.894468097435826,1019650
2004-09-27,26.66940689086914,27.20392184835295,26.585010780757365,26.725672752879632,1073150
2004-09-28,26.838205337524414,26.894471206963853,26.585014290855565,26.669410412110405,1000650
2004-09-29,26.894460678100586,26.978856766315356,26.697532895061755,26.753798742473787,1362525
2004-09-30,27.288314819335938,27.316447747104895,27.063256762991596,27.091389690760554,1689725
2004-10-01,27.907224655151367,27.935357581750356,27.597770511273147,27.654033681567576,1288550
2004-10-04,28.076019287109375,28.272947107500304,28.019756111928956,28.272947107500304,1237075
2004-10-05,27.935367584228516,28.047896648012838,27.850968774211896,28.01976371134063,788100
2004-10-06,28.188552856445312,28.188552856445312,27.8790959824455,27.90722891333711,958950
2004-10-07,27.822832107543945,28.047890183238824,27.76656624716828,28.01975725305099,719375
2004-10-08,28.019765853881836,28.35735307104852,27.991632915058435,28.04789879270524,1948300
2004-10-11,28.21668243408203,28.272948294528533,28.132286326316173,28.272948294528533,551575
2004-10-12,27.87908935546875,27.963485445178325,27.682164251845307,27.822826189963475,823075
2004-10-13,27.625911712646484,27.99163185478372,27.569648520035546,27.93536866217278,781850
2004-10-14,27.288314819335938,27.654034831621402,27.23205164670168,27.59777165898715,1276625
2004-10-15,27.457115173339844,27.654040341148722,27.457115173339847,27.51337835718344,1196000
2004-10-18,27.654041290283203,27.710307158962134,27.344587061261937,27.400850247036583,1024250
2004-10-19,27.682174682617188,27.963495981953375,27.654041747812272,27.879099860442953,1243800
2004-10-20,27.51338005065918,27.597778855975694,27.316454870729366,27.51338005065918,1818575
2004-10-21,27.738433837890625,27.90722873928359,27.5133757579693,27.5133757579693,1095725
2004-10-22,27.372722625732422,27.625913718123336,27.372722625732422,27.625913718123336,891300
2004-10-25,27.485244750976562,27.569640857889937,27.316449854245946,27.37271303122024,1046275
2004-10-26,27.51338005065918,27.65404204328234,27.428983928247025,27.48524979845803,2469300
2004-10-27,27.935367584228516,27.963497837996215,27.428985455746826,27.541514519531145,2460150
2004-10-28,27.907224655151367,28.04788660524276,27.71029953476555,27.71029953476555,2392625
2004-10-29,27.935367584228516,27.963497837996215,27.766572647099785,27.90723464755631,1775475
2004-11-01,27.850967407226562,27.991629400779097,27.738438348965413,27.738438348965413,975025
2004-11-02,28.188552856445312,28.329212145095457,28.076021132878868,28.076021132878868,1645100
2004-11-03,28.41360855102539,28.610533684917034,28.301079519815346,28.52613758223543,1647150
2004-11-04,28.807462692260742,28.83559562457194,28.357346506897933,28.498008485549835,1517625
2004-11-05,28.86372947692871,28.976258526856334,28.723067493793142,28.807463610512812,1808075
2004-11-08,28.6386661529541,28.723062254278666,28.526137123553454,28.582400296801932,1063025
2004-11-09,28.526140213012695,28.582403392354635,28.46987435076678,28.526140213012695,2087875
2004-11-10,28.160411834716797,28.38546985137981,28.1604118347168,28.329204005762463,1555225
2004-11-11,28.301084518432617,28.329214769025775,27.991627615770046,28.07602373335793,1938625
2004-11-12,28.751203536987305,28.779333790333897,28.385483414436948,28.526145412787773,1827675
2004-11-15,29.20131492614746,29.20131492614746,28.948123907829068,29.03252001963386,1356975
2004-11-16,29.03251838684082,29.060651316828224,28.948122279782478,29.004388139757285,1138675
2004-11-17,29.42637062072754,29.623295759898014,29.25757572793584,29.25757572793584,2770425
2004-11-18,29.3138427734375,29.3419757038592,29.060651765449986,29.2294466650763,1409925
2004-11-19,29.00438690185547,29.510766205497212,28.976253973068776,29.42637010204088,2536125
2004-11-22,28.91998863220215,28.94812156149149,28.75119642227372,28.863725456527273,2293750
2004-11-23,28.835603713989258,29.004398672305378,28.723074636080128,28.948132791898388,1331275
2004-11-24,28.94812774658203,28.976260681882284,28.835598688285383,28.86373162358564,1025150
2004-11-26,29.173194885253906,29.28572397835121,29.004402587060557,29.03253284815598,749925
2004-11-29,29.229440689086914,29.426365795969474,29.173174839747116,29.426365795969474,1068100
2004-11-30,29.00438690185547,29.313841069797853,28.94812104428208,29.313841069797853,2613975
2004-12-01,29.39824104309082,29.454506908070766,28.948124854867682,29.088786834413437,3602150
2004-12-02,29.510772705078125,29.59517151002657,29.341980460989923,29.398243648051206,1811075
2004-12-03,29.595170974731445,29.651434160775082,29.398243116317964,29.426376050791934,1551750
2004-12-06,29.285707473754883,29.42636943157971,29.17317844407576,29.42636943157971,1490850
2004-12-07,28.807462692260742,29.25757887762355,28.72306657823124,29.25757887762355,1773975
2004-12-08,29.03251838684082,29.03251838684082,28.72306420569099,28.80746031274933,2378625
2004-12-09,28.5824031829834,28.61053611390028,28.216683129775845,28.44174121130296,2371300
2004-12-10,28.329212188720703,28.38547805059057,28.047890928083238,28.047890928083238,2359100
2004-12-13,28.5824031829834,28.66679929283008,28.357345101456286,28.44174121130296,2185025
2004-12-14,28.694931030273438,28.751196889766998,28.46987295810689,28.638667853683724,986575
2004-12-15,28.835603713989258,28.948132791898388,28.723074636080128,28.835603713989258,1834025
2004-12-16,28.779319763183594,29.032510700227956,28.723056601008825,29.032510700227956,1167275
2004-12-17,29.03251838684082,29.088784246815628,28.835593242736735,29.088784246815628,989300
2004-12-20,29.229440689086914,29.398232871299577,29.201307764417013,29.201307764417013,1378525
2004-12-21,29.538896560668945,29.538896560668945,29.25757266312021,29.28570558945579,1501250
2004-12-22,29.623302459716797,29.67956833100746,29.53890633568522,29.53890633568522,1415675
2004-12-23,29.829511642456055,29.857757237566517,28.388881229522966,29.631776313252125,977600
2004-12-27,29.970741271972656,30.083731709897073,29.91424739996272,29.970741271972656,1163375
2004-12-28,30.56394386291504,30.56394386291504,30.16847864972247,30.16847864972247,1894825
2004-12-29,30.196727752685547,30.253224329086446,30.08373729378879,30.111985581989238,1577925
2004-12-30,30.479204177856445,30.50745246506612,30.337965435713027,30.337965435713027,841575
2004-12-31,30.846418380737305,30.846418380737305,30.59218922857063,30.64868579300965,1477725
2005-01-03,30.479204177856445,30.84642382986736,30.479204177856445,30.789927255448017,2502600
2005-01-04,29.970741271972656,30.50744787254203,29.857750834048243,30.50744787254203,2752325
2005-01-05,29.9425048828125,30.111989244821256,29.88600829953934,29.9425048828125,1516200
2005-01-06,29.9425048828125,30.111989244821256,29.801266118534965,30.027247063816876,2514000
2005-01-07,29.773008346557617,30.196721810565744,29.773008346557617,30.140227939186765,1369550
2005-01-10,29.998985290527344,30.224966134252643,29.885994868664692,29.942491426548095,1174025
2005-01-11,30.422712326049805,30.450957921238064,30.14023482292624,30.14023482292624,2059300
2005-01-12,30.592201232910156,30.620449526214262,30.111991022362457,30.450962460295155,1832350
2005-01-13,30.33795928955078,30.450949721593815,30.224968857507747,30.394455852524498,1660475
2005-01-14,30.648683547973633,31.07239697461117,30.281463987732444,30.366206134279096,2096950
2005-01-18,30.705184936523438,30.733433223594005,30.2814714060846,30.36621357339138,2236075
2005-01-19,30.140235900878906,30.53570388061462,30.05549372447312,30.42271341410516,1546975
2005-01-20,29.6035213470459,29.914247068321615,29.46228532163458,29.829504914293924,2238925
2005-01-21,29.91425895690918,30.083743332321404,29.66002969988527,29.66002969988527,1960975
2005-01-24,29.9425048828125,30.083740953184673,29.88600829953934,29.9425048828125,1659425
2005-01-25,29.716516494750977,29.886000814310794,29.68826821018944,29.716516494750977,1855525
2005-01-26,30.196727752685547,30.309718211582307,30.111985581989238,30.111985581989238,1729375
2005-01-27,29.998985290527344,30.083727433448292,29.857746589722993,29.942491426548095,1464550
2005-01-28,29.91425895690918,29.97075285074473,29.716526287626397,29.97075285074473,1127925
2005-01-31,29.91425895690918,30.055497732356415,29.88601066303862,29.999001144615292,2840150
2005-02-01,30.08372688293457,30.168471718208895,29.801252180399132,29.885994321769356,1635125
2005-02-02,30.196727752685547,30.196727752685547,29.998995123092477,29.998995123092477,1263275
2005-02-03,29.773008346557617,29.801256629199358,29.575275755874422,29.744760063915873,2019725
2005-02-04,29.88599967956543,29.9142479630544,29.71651536644078,29.71651536644078,1666325
2005-02-07,29.8012638092041,29.88600598364172,29.60352847697612,29.88600598364172,1477475
2005-02-08,29.63178253173828,29.66003082668201,29.434049854943552,29.434049854943552,1773325
2005-02-09,29.462282180786133,29.660014750406155,29.434033901153494,29.603518191140882,1795800
2005-02-10,29.716516494750977,29.74476208540782,29.54702948128647,29.54702948128647,1385550
2005-02-11,29.9425048828125,30.05549535545346,29.744769535261806,29.744769535261806,1875000
2005-02-14,30.224964141845703,30.33795455626011,30.0837254503517,30.0837254503517,3052350
2005-02-15,30.366214752197266,30.450956922793708,30.16848212283722,30.28147258160082,1975175
2005-02-16,29.9425048828125,30.027247063816876,29.744769535261806,30.027247063816876,2302925
2005-02-17,29.773008346557617,29.94249534850357,29.66001790989515,29.885998783220085,1910450
2005-02-18,30.08372688293457,30.14022343978412,29.885994321769356,29.942490878618905,1929225
2005-02-22,30.027238845825195,30.25321972925963,29.886000120202517,30.111981003636952,2247675
2005-02-23,29.8012638092041,29.91425427308931,29.6600250558713,29.77301551975651,2069625
2005-02-24,29.88599967956543,29.9142479630544,29.68826708295181,29.88599967956543,1162100
2005-02-25,30.224964141845703,30.281460696004896,30.027231590096484,30.111973727431298,1334025
2005-02-28,30.535688400268555,30.705172667158536,30.39444971525767,30.620430533713545,3162325
2005-03-01,30.761676788330078,30.789922377159638,30.648686351298288,30.648686351298288,1845200
2005-03-02,30.620439529418945,30.761678255923094,30.450952518833038,30.450952518833038,1868975
2005-03-03,30.535688400268555,30.733420942941486,30.36620143947472,30.705172667158536,1885350
2005-03-04,31.015899658203125,31.1288927760498,30.818167089779845,30.818167089779845,3473875
2005-03-07,30.959407806396484,31.01590167508927,30.789920812509358,30.789920812509358,1858425
2005-03-08,30.818174362182617,30.98766138504359,30.789926076054982,30.98766138504359,1321150
2005-03-09,30.931156158447266,31.270127415422373,30.931156158447266,31.01589829921502,2156150
2005-03-10,31.157148361206055,31.18539664973375,30.959415729322316,31.01590961247264,1328075
2005-03-11,31.21363067626953,31.326621084848178,31.15713412502829,31.24187895189015,1179400
2005-03-14,30.846418380737305,30.959408815710887,30.733427945763722,30.874666662956816,2147700
2005-03-15,30.705184936523438,30.959414132348712,30.676936649452866,30.84642367797136,1845000
2005-03-16,30.705184936523438,30.93116584527814,30.648691056287223,30.87467196504193,1526800
2005-03-17,30.733444213867188,30.78993811430561,30.50746322430173,30.62045371908446,1233275
2005-03-18,30.87467384338379,30.931167727056955,30.73343509334324,30.902919438267826,1494925
2005-03-21,30.761676788330078,30.818170659893713,30.67693194012785,30.761676788330075,1009900
2005-03-22,30.56394386291504,31.072402215768026,30.479201702074448,30.761679163416048,3222900
2005-03-23,30.33795928955078,30.450949721593815,30.253217138994607,30.36620757103764,1663450
2005-03-24,30.253219604492188,30.309713478165495,30.055487005778684,30.19672303691426,1541900
2005-03-28,30.253219604492188,30.39445832953238,30.168477447029915,30.309713478165495,1465400
2005-03-29,29.349292755126953,29.74475790782752,29.292796193938695,29.547025331477236,5421075
2005-03-30,29.575275421142578,29.631769291882165,29.377540138792842,29.46228498575893,2360075
2005-03-31,29.63178253173828,29.773021312551236,29.54704034081278,29.74477301760751,2149400
2005-04-01,29.547042846679688,30.027253125826668,29.51879454934024,30.027253125826668,2255500
2005-04-04,29.518775939941406,29.63176636416121,29.3775372361906,29.518775939941406,2607700
2005-04-05,29.857759475708008,29.88600776684108,29.631778534454053,29.716523407853273,1745375
2005-04-06,29.857759475708008,29.942504349107224,29.773017296214103,29.88600776684108,2661350
2005-04-07,29.970741271972656,30.083731709897073,29.88599911700548,29.998989554929896,1687200
2005-04-08,29.88599967956543,30.055486686594662,29.829505806492076,29.970741836127754,2328075
2005-04-11,29.8012638092041,29.91425427308931,29.8012638092041,29.82951209865169,1066825
2005-04-12,29.8012638092041,29.857757694194127,29.23631148977806,29.547034591986094,3027375
2005-04-13,29.462282180786133,29.688263030038794,29.434033901153494,29.660014750406155,3285625
2005-04-14,29.03857421875,29.3210517065556,28.925583762408753,29.1798129626528,2931950
2005-04-15,28.44538116455078,28.840849213177496,28.417135563431916,28.67136213693585,6467225
2005-04-18,28.078155517578125,28.191145980054902,27.852174592624564,27.99341334419682,4913400
2005-04-19,28.643108367919922,28.67135396098425,28.360630886037303,28.360630886037303,2857075
2005-04-20,28.219388961791992,28.501866411809583,28.106398520565875,28.41712425436615,3771825
2005-04-21,28.812583923339844,28.86908048006503,28.417118801879948,28.55835480588471,4314100
2005-04-22,28.6148624420166,29.03857600589701,28.388881515426363,28.699604616011655,6177825
2005-04-25,29.03857421875,29.066822506311553,28.84084159362906,29.01032862509342,2682750
2005-04-26,28.586605072021484,28.7843376465008,28.41712077786901,28.75609206007824,4608750
2005-04-27,28.75609588623047,28.869086328667528,28.4736184331855,28.58660887562256,2550225
2005-04-28,28.44538116455078,28.81260091815294,28.360638973382805,28.586619945767872,3164875
2005-04-29,28.953828811645508,28.98207709604765,28.64310576493597,28.897332242841223,3671325
2005-05-02,29.123306274414062,29.151551855649604,28.982067592621195,29.0668097241354,1732475
2005-05-03,29.066829681396484,29.20806846016378,28.982087491698366,29.12332627046566,2220525
2005-05-04,29.49053192138672,29.603522361932086,29.2080571669756,29.23630545058809,2693800
2005-05-05,29.518775939941406,29.74475678838101,29.434033795252606,29.603518084630206,3741275
2005-05-06,29.575275421142578,29.74475972726581,29.518778856498518,29.688265856526225,2678300
2005-05-09,29.518775939941406,29.57527249900341,29.349291650563806,29.46228207478361,2108975
2005-05-10,29.151567459106445,29.349302797016357,29.12332186275237,29.349302797016357,3041150
2005-05-11,29.292814254760742,29.321062552771686,29.01033935636923,29.208072054633888,3875925
2005-05-12,28.699596405029297,28.982073829402598,28.614854255279052,28.897328985747986,3577600
2005-05-13,28.44538116455078,28.756107022009516,28.33239067835825,28.727858726984962,3397050
2005-05-16,28.50187110900879,28.558364991979914,28.219393612438008,28.247641900876097,3181025
2005-05-17,28.38888168334961,28.417129972816767,28.134652465955515,28.16290075542267,3883300
2005-05-18,28.586605072021484,28.67134721909772,28.162891642736014,28.191137229158567,4725825
2005-05-19,28.699596405029297,28.784338554779538,28.614854255279052,28.699596405029297,2862900
2005-05-20,28.417131423950195,28.501873602773905,28.33238655122119,28.473625311864236,2447975
2005-05-23,28.812583923339844,28.86908048006503,28.671345225430983,28.727841782156165,2169150
2005-05-24,28.699596405029297,28.756092967465705,28.643102536497256,28.671348123811093,1645100
2005-05-25,28.332382202148438,28.586611393500213,28.304136609479812,28.55836310692671,1947850
2005-05-26,28.53011131286621,28.55835689939529,28.332376043736904,28.445366471566096,2609325
2005-05-27,28.699596405029297,28.784338554779538,28.501863824310604,28.53011210552881,2269225
2005-05-31,28.586605072021484,28.75609206007824,28.530111205272085,28.69959549942456,2597725
2005-06-01,28.75609588623047,29.010325055190016,28.64310544379341,28.727847602145044,3418025
2005-06-02,28.953828811645508,28.953828811645508,28.72784792423772,28.840838367941615,1761325
2005-06-03,28.72785186767578,28.897336209544196,28.671355291116278,28.897336209544196,2940475
2005-06-06,29.01032257080078,29.038568158562665,28.784339011374822,28.953826007468187,1776100
2005-06-07,29.09506607055664,29.20805650855493,28.982075632558352,28.982075632558352,2672250
2005-06-08,29.066829681396484,29.236316754698365,28.95383919716378,29.20806846016378,2643350
2005-06-09,28.89733123779297,28.953827804632304,28.67135035824479,28.67135035824479,2769250
2005-06-10,28.75609588623047,29.010325055190016,28.558360591537134,28.98207677110459,2514600
2005-06-13,28.53011131286621,28.614853460262033,28.388872604603648,28.530111312866214,2676025
2005-06-14,28.643108367919922,28.67135396098425,28.50186962697861,28.614860080950677,2183550
2005-06-15,28.75609588623047,28.812589760496678,28.58660887562256,28.75609588623047,2995075
2005-06-16,29.03857421875,29.066822506311553,28.869089881190618,28.925583762408753,2036225
2005-06-17,29.236305236816406,29.292799109723713,29.12331479709721,29.236305236816406,2313150
2005-06-20,28.89733123779297,29.010324371471636,28.812589081438546,28.982076088051972,1401400
2005-06-21,29.236305236816406,29.26455082631777,29.038569946879377,29.06681823028532,1801875
2005-06-22,29.123306274414062,29.236296681067596,29.01031586776053,29.179800130788934,2178925
2005-06-23,28.925580978393555,29.236306723854135,28.925580978393555,29.236306723854135,2194800
2005-06-24,28.869091033935547,29.01032978347802,28.78434616786701,28.98208149478851,2173300
2005-06-27,28.75609588623047,28.869086328667528,28.69959931805962,28.75609588623047,2188925
2005-06-28,28.953828811645508,28.98207709604765,28.756096208639864,28.756096208639864,1780125
2005-06-29,28.784337997436523,28.897328426217168,28.72784412999836,28.869082839450247,1867425
2005-06-30,28.643108367919922,28.81259270192556,28.614860080950677,28.72785053492274,1273375
2005-07-01,28.643108367919922,28.81259270192556,28.643108367919922,28.784344414956312,1017825
2005-07-05,28.812583923339844,28.840832201702437,28.55835480588471,28.586603084247304,2354300
2005-07-06,28.50187110900879,28.727852028703396,28.4736228205707,28.699603740265307,1631925
2005-07-07,28.50187110900879,28.501871109008793,28.134651441028794,28.247641900876097,3430025
2005-07-08,28.89733123779297,28.982076088051972,28.417123889181525,28.501866045535948,3105200
2005-07-11,28.953828811645508,29.010325380449792,28.756096208639864,28.812590083539472,2101375
2005-07-12,29.066829681396484,29.12332627046566,28.925590902629192,28.925590902629192,1440825
2005-07-13,28.72785186767578,28.86909061516949,28.69960357939603,28.84084232688974,2611475
2005-07-14,28.784337997436523,28.98207326823089,28.756092410669602,28.953824987559653,2651125
2005-07-15,28.869091033935547,29.01032978347802,28.78434616786701,28.78434616786701,1556125
2005-07-18,28.840831756591797,29.0103187302475,28.81258347866517,28.869080034518426,1822775
2005-07-19,28.89733123779297,28.89733123779297,28.67135035824479,28.78434079801888,2474450
2005-07-20,28.812583923339844,28.982070899611298,28.55835480588471,28.671345225430983,3590950
2005-07-21,29.349292755126953,29.349292755126953,29.038567056400154,29.15155748487236,5063225
2005-07-22,28.982088088989258,29.095078575550584,28.869097602427935,29.038581985317073,3025725
2005-07-25,28.812583923339844,28.982070899611298,28.812583923339844,28.953822621248708,1601975
2005-07-26,28.643108367919922,28.67135396098425,28.558363507012185,28.643108367919922,1362300
2005-07-27,28.982088088989258,29.038581985317073,28.784352717077674,28.812601012194428,1337775
2005-07-28,29.151567459106445,29.151567459106445,28.840844347969774,28.953834815101768,1816250
2005-07-29,28.953828811645508,29.123315824153686,28.897332242841223,29.03857097094726,2052725
2005-08-01,29.208051681518555,29.34929037915089,29.17980340321127,29.29279382253632,1608225
2005-08-02,29.575275421142578,29.575275421142578,29.321046268053255,29.321046268053255,1895275
2005-08-03,29.49053192138672,29.575276772224193,29.37754148084135,29.462286331678825,1945000
2005-08-04,29.179805755615234,29.434034893067945,29.179805755615234,29.236302316784418,3306100
2005-08-05,28.72785186767578,28.897336209544196,28.671355291116278,28.86909061516949,1900350
2005-08-08,28.784337997436523,29.038567135669055,28.756092410669602,28.812586278107766,2170475
2005-08-09,29.292814254760742,29.3775564548876,29.179823756622945,29.236320352644828,2200875
2005-08-10,30.16847801208496,30.422707183138094,29.998991000081315,30.027239284399364,5509500
2005-08-11,30.98766326904297,31.015908862983053,30.507453151296527,30.53570143914161,6289625
2005-08-12,30.931156158447266,30.98765271489516,30.73342359868781,30.761671876911755,2358900
2005-08-15,31.298381805419922,31.326630089160037,30.931162198512272,31.015904355828003,3728925
2005-08-16,30.818174362182617,31.185394000127364,30.818174362182617,31.15714571399973,4807175
2005-08-17,31.10063362121582,31.12888189079954,30.846404582768855,30.846404582768855,5136175
2005-08-18,30.7899169921875,30.84641354777474,30.64868099102748,30.7334231305043,3910500
2005-08-19,30.846418380737305,30.931160533491376,30.789921816298282,30.874666662956816,2234950
2005-08-22,31.722091674804688,31.722091674804688,31.439616951273013,31.496110818417627,4455525
2005-08-23,31.467870712280273,31.552612874708142,31.29838369351976,31.43962242683606,5457300
2005-08-24,31.27012825012207,31.496109094137623,31.185386107092274,31.41136695110783,4150975
2005-08-25,31.35488510131836,31.439627276818843,31.270140231912688,31.270140231912688,4296500
2005-08-26,31.24189567565918,31.580867082846325,31.24189567565918,31.580867082846325,5858950
2005-08-29,31.21363067626953,31.270124533606936,30.959401583491616,30.987649859112235,2852750
2005-08-30,31.04415512084961,31.128899978843396,30.902916384764794,31.128899978843396,4140875
2005-08-31,31.43962287902832,31.524365042675026,31.044154958835673,31.07240324468618,3667525
2005-09-01,31.722091674804688,31.863330383522673,31.609101246611157,31.665597807660074,3588000
2005-09-02,31.948074340820312,32.00456820640126,31.86332950159255,31.891577781335137,3613450
2005-09-06,32.230552673339844,32.31529482817286,32.061068363673805,32.17405880141934,4483025
2005-09-07,31.976314544677734,32.03281109465389,31.83507855754489,31.919820688605352,3741500
2005-09-08,31.609106063842773,31.75034479408556,31.580860472917987,31.72209650925606,2461675
2005-09-09,32.65428161621094,32.65428161621094,32.14582310039293,32.258813582362976,4515300
2005-09-12,32.682518005371094,32.82375674150478,32.54128196314223,32.710766291378796,7711375
2005-09-13,32.40003967285156,32.513030110582946,32.2588009522112,32.513030110582946,8094975
2005-09-14,32.28704833984375,32.59777136151298,32.28704833984375,32.484780926914674,4079825
2005-09-15,32.82375717163086,32.85200545800873,32.682518433646365,32.76726329277998,5976525
2005-09-16,32.99324035644531,32.99324035644531,32.710762913349285,32.8520016348973,4248875
2005-09-19,32.65428161621094,32.852014286182126,32.62603332224203,32.76727209818099,3846925
2005-09-20,32.93674087524414,33.275712160616465,32.851998727377136,33.13447345156859,6734125
2005-09-21,33.16273498535156,33.3604703346035,32.96500233000502,33.19098327723118,6964925
2005-09-22,33.2192268371582,33.27572071896471,33.049739803928674,33.2192268371582,4981500
2005-09-23,33.10623550415039,33.2192259586804,33.07798721704166,33.16272938446293,3326825
2005-09-26,33.6429328918457,33.75592332421672,33.558190741043546,33.558190741043546,5935300
2005-09-27,33.44520950317383,33.501703387938,33.219228576306854,33.38871292450452,6572275
2005-09-28,34.010162353515625,34.17964939827546,33.98191406373812,34.010162353515625,6108650
2005-09-29,34.99882507324219,34.99882507324219,34.603357164414604,34.71634761066466,6604800
2005-09-30,34.43387222290039,34.462120509641196,34.29263617700619,34.37737834332369,6847100
2005-10-03,34.26438522338867,34.292633507930844,34.03840433486069,34.26438522338867,5239075
2005-10-04,34.123146057128906,34.49036566975536,34.066652182673494,34.40562351111992,10814125
2005-10-05,33.529945373535156,34.010155426322726,33.50169708951127,33.98190714229884,8364725
2005-10-06,32.82375717163086,33.24747338558436,32.40004365158223,33.13448024007287,10286525
2005-10-07,33.2192268371582,33.27572071896471,32.99324592212216,33.10623637964018,6570325
2005-10-10,33.10623550415039,33.24747424578913,32.993245049620384,33.2192259586804,4814725
2005-10-11,33.75592041015625,33.953655670163855,33.61468170840915,33.868910832773096,7355875
2005-10-12,33.55820083618164,33.81243005897097,33.41696207975365,33.75593347883768,6448075
2005-10-13,33.75592041015625,33.7841686892865,33.27571044055862,33.44519742143597,8572975
2005-10-14,34.010162353515625,34.06665893307063,33.5017039131413,33.64294266812363,13758950
2005-10-17,33.44520950317383,33.501703387938,33.30397075040568,33.38871292450452,9172350
2005-10-18,32.964988708496094,33.16272128213729,32.93674042828899,33.07797913542024,6323800
2005-10-19,33.247474670410156,33.247474670410156,32.59777752813631,32.682519696639865,7592250
2005-10-20,32.484779357910156,33.02148322285338,32.484779357910156,32.993237635996394,8642550
2005-10-21,32.90849685668945,32.99324170943622,32.62602209591421,32.964993425187295,5498975
2005-10-24,33.16273498535156,33.219231569110796,32.68252479901962,32.76726967465847,6385900
2005-10-25,33.27570724487305,33.41694593305606,33.04972642134179,33.16271683310742,5594050
2005-10-26,33.41695785522461,33.61469047288355,33.303967403147375,33.360463976138426,6195675
2005-10-27,33.360450744628906,33.84065795506746,33.33220246933729,33.7559158230964,5612275
2005-10-28,33.7841682434082,33.7841682434082,33.44519698003136,33.61468126476772,5888525
2005-10-31,34.207889556884766,34.23613784217227,34.06665351825675,34.17964396550202,4588425
2005-11-01,34.54685974121094,34.63160459423428,34.4056237073147,34.54685974121094,5315225
2005-11-02,34.77284622192383,34.80109181471582,34.34913000318521,34.40562657657898,7638225
2005-11-03,34.91408157348633,34.94232985962162,34.6316067938479,34.80109112284999,10893400
2005-11-04,34.63161087036133,34.88584008769482,34.46212382750396,34.829343508773974,9490125
2005-11-07,34.97056579589844,35.027059654313376,34.60334628753773,34.80107883284585,8125875
2005-11-08,34.885833740234375,34.94232761497103,34.71634672821508,34.885833740234375,6949175
2005-11-09,34.6880989074707,34.8010893523587,34.54686017788454,34.8010893523587,5352825
2005-11-10,34.51862716674805,34.54687276783509,34.29264619461759,34.49037887175532,5284375
2005-11-11,34.85759353637695,34.914087424209654,34.716354775937255,34.80109695463896,3563800
2005-11-14,34.405616760253906,34.433862344987105,34.123139361688935,34.405616760253906,7610600
2005-11-15,33.9819221496582,34.123160938247985,33.84068336106843,34.010170446157325,6745725
2005-11-16,34.37738037109375,34.37738037109375,34.123151163240486,34.23614162296359,4559625
2005-11-17,35.2530403137207,35.2530403137207,34.97056563513679,34.998813911166344,6901175
2005-11-18,35.450782775878906,35.563773209117464,35.25304749728311,35.50727664554597,5286100
2005-11-21,35.67677688598633,35.67677688598633,35.39429935107881,35.64852859371449,6496525
2005-11-22,35.56378173828125,35.56378173828125,35.05532331981335,35.140065491589645,7747050
2005-11-23,35.81800842285156,35.81800842285156,35.563779231537175,35.592027518106526,6047375
2005-11-25,35.366050720214844,35.50728678165275,35.281305850665866,35.450792895858626,2918650
2005-11-28,35.535526275634766,35.64851671316045,35.33779368344094,35.50727799277721,8551900
2005-11-29,35.56378173828125,35.761514370394295,35.50728516116034,35.592030026841705,6648350
2005-11-30,35.19655990600586,35.39429252596893,35.14006333235647,35.33779864622444,4936750
2005-12-01,36.01573181152344,36.10047395561032,35.7615026853586,35.7615026853586,4372750
2005-12-02,35.98748779296875,36.128726512438455,35.8744973561739,36.10047822976361,10514700
2005-12-05,36.21346664428711,36.29821148757922,35.95923750221949,36.26996320648185,5724650
2005-12-06,36.49595260620117,36.60894306312203,36.15698123543861,36.21347511694654,5423725
2005-12-07,36.35471725463867,36.43945943176224,36.128736319705666,36.41121383532454,8031475
2005-12-08,35.761505126953125,36.07223083299328,35.67676297708053,35.761505126953125,7592250
2005-12-09,36.52418899536133,36.552434579961194,36.32645373973764,36.41119857524955,4564300
2005-12-12,37.17390441894531,37.2304010081446,37.00442003915875,37.08916222905203,4646900
2005-12-13,37.484619140625,37.51286473293143,37.08915121538164,37.23038995253319,4936475
2005-12-14,37.28688049316406,37.48461578503708,37.17389005233859,37.25863220948154,6988300
2005-12-15,37.00441360473633,37.17389795505252,36.919668735673056,37.08915577989442,5789100
2005-12-16,37.51287078857422,37.65410954852571,37.3151381409853,37.39988031939408,4182850
2005-12-19,37.399871826171875,37.73884315673451,37.399871826171875,37.682349281926406,4533475
2005-12-20,37.767093658447266,37.82359023047702,37.62585492227768,37.82359023047702,3713100
2005-12-21,38.303794860839844,38.33204044892639,38.134307862798345,38.21905001486687,3970300
2005-12-22,38.642765045166016,38.642765045166016,38.30379375279316,38.41678418358411,3858875
2005-12-23,38.72220230102539,38.807307992594794,38.52362776478044,38.5519963286369,2589075
2005-12-27,37.89952850341797,38.49525474862728,37.842794087642,38.49525474862728,4358825
2005-12-28,38.58035659790039,38.72219397593805,38.43851651448816,38.72219397593805,3568800
2005-12-29,38.60872268676758,38.69382836056095,38.5236197183488,38.665459802629826,3805550
2005-12-30,38.35340881347656,38.35340881347656,38.06972868166047,38.26830315070719,2907925
2006-01-03,39.573238372802734,39.62997549778257,38.750568998220274,38.77893756071019,6447575
2006-01-04,39.942020416259766,40.0271233958983,39.6016057923307,39.68670877196923,5686550
2006-01-05,39.65834045410156,39.71507757779268,39.544868912094294,39.573237473939855,4156350
2006-01-06,40.254058837890625,40.33916450675018,39.885278427663586,40.05548435463385,6415525
2006-01-09,40.45264434814453,40.56611589125872,40.19733269979387,40.36753866177765,4465825
2006-01-10,39.7150764465332,39.7150764465332,39.4030303912454,39.488133368983,5395825
2006-01-11,40.14059066772461,40.197327785032186,39.885281755964506,39.9703847265512,6338125
2006-01-12,39.856910705566406,40.25405968039213,39.82854214868615,40.25405968039213,6001450
2006-01-13,39.913658142089844,39.913658142089844,39.60161203067607,39.74345215600065,4973500
2006-01-17,38.693824768066406,38.693824768066406,38.38177607054513,38.43851318113966,7815575
2006-01-18,37.55911636352539,38.013002541092156,37.41727625669202,37.70095647035876,21324475
2006-01-19,38.58035659790039,38.6654595657979,38.29667643107592,38.29667643107592,13198425
2006-01-20,37.47400665283203,38.66545900769797,37.360535128815016,38.60872189300219,13888250
2006-01-23,38.0413703918457,38.18321049602549,37.81442730730803,38.0413703918457,11130775
2006-01-24,38.693824768066406,38.693824768066406,38.26830455473039,38.46688173643693,10520875
2006-01-25,38.35340881347656,38.52361472826683,38.09809723591693,38.52361472826683,9943625
2006-01-26,39.232818603515625,39.346290133246974,38.920772573098084,39.09097851500777,9573500
2006-01-27,40.11223220825195,40.1405980667597,39.57324031597735,39.800183416290295,8311450
2006-01-30,39.913658142089844,39.913658142089844,39.71508358986066,39.85692371518524,6103450
2006-01-31,39.771812438964844,39.99875551006915,39.68670675826962,39.91364982937393,9190200
2006-02-01,39.65834045410156,39.77181470148379,39.48813449377814,39.544868912094294,7841225
2006-02-02,39.0626220703125,39.544874158796006,39.00588493909367,39.48813973295249,8168975
2006-02-03,39.403018951416016,39.54485630467426,38.97749877551897,39.28954744558496,5297875
2006-02-06,39.31792068481445,39.45976077011286,39.20444915765065,39.431392211978256,4596700
2006-02-07,39.034244537353516,39.403027689429315,38.89240444726672,39.403027689429315,9934375
2006-02-08,38.80729675292969,38.835662603195466,38.325042128544645,38.58035371855724,9016525
2006-02-09,38.693824768066406,39.034239315510625,38.66545621276914,38.89239924439862,4393725
2006-02-10,38.52362060546875,38.66546069301606,38.183206018579995,38.58035772263753,7159900
2006-02-13,37.700958251953125,37.89953278767866,37.615855265981494,37.72932681573539,6590150
2006-02-14,38.60872268676758,38.665459802629826,38.09810217088031,38.18320513929909,5228225
2006-02-15,38.126468658447266,38.41014883173411,37.842791190535046,38.06973424701467,5397125
2006-02-16,38.55199432373047,38.55199432373047,38.01300245998865,38.18321112890054,4173475
2006-02-17,37.72931671142578,37.84278823079081,37.41726800414114,37.61584519206075,4628200
2006-02-21,37.814422607421875,37.89952557720247,37.55911099270547,37.7860540490368,10181125
2006-02-22,38.069740295410156,38.18321184167796,37.729325656606754,37.78606007705313,6354625
2006-02-23,38.466888427734375,38.693831498840495,38.41015130727044,38.63709437837656,4564400
2006-02-24,39.20444869995117,39.20444869995117,38.80729971220176,38.80729971220176,6007975
2006-02-27,39.68669509887695,39.74343220267187,39.51648919824022,39.57322359666113,4182400
2006-02-28,39.147705078125,39.544853972423866,39.09096797586862,39.544853972423866,5826100
2006-03-01,39.51650619506836,39.51650619506836,39.005882862780986,39.204457400726,4626325
2006-03-02,38.92078399658203,39.005886992515116,38.608735169201616,39.005886992515116,4650075
2006-03-03,38.38178253173828,38.72219713648793,38.21157658205086,38.35341667704024,4408800
2006-03-06,38.126468658447266,38.49525180157031,38.041365688611066,38.49525180157031,4617175
2006-03-07,37.700958251953125,38.06974146499708,37.64422382976375,37.95626991524318,4997600
2006-03-08,37.95626449584961,38.06973602940205,37.5307442159969,37.70095286901294,5019525
2006-03-09,38.35340881347656,38.722189197313554,38.32504025922011,38.66545479417488,4479350
2006-03-10,38.80729675292969,38.80729675292969,38.2399364616242,38.410145090090715,5804650
2006-03-13,39.20444869995117,39.23281725775458,39.00587420607646,39.062611321683285,3604775
2006-03-14,39.60160446166992,39.629973022387865,38.80730369919154,38.94914109203154,5514750
2006-03-15,39.488128662109375,39.5448630720469,39.20444849629806,39.37465713685976,5146350
2006-03-16,39.11934280395508,39.40302295000743,39.00587128660901,39.06260839796923,3561375
2006-03-17,39.65834045410156,39.71507757779268,39.40303151361643,39.5165030556237,5045125
2006-03-20,40.14059066772461,40.33916787292646,39.9703847265512,40.28243075561889,4951125
2006-03-21,39.65834045410156,40.055492203814474,39.573237473939855,39.91365209996165,8124025
2006-03-22,40.16895294189453,40.254055899166765,39.82853840743135,39.88527551586233,3477575
2006-03-23,39.488128662109375,39.80017468020217,39.28955416926619,39.658334597296516,5725925
2006-03-24,39.913658142089844,39.913658142089844,39.34630034616691,39.40303747844689,3652125
2006-03-27,40.05548858642578,40.14059155890189,39.91364849538246,40.027120027142175,3543150
2006-03-28,39.573238372802734,40.140596095725975,39.488135390708,40.02712455114133,4830925
2006-03-29,40.67959213256836,40.70796069796702,39.99876279525243,40.05549722067445,6815550
2006-03-30,40.99163055419922,41.19020776940212,40.73631892420606,40.76468748428859,4008300
2006-03-31,40.849788665771484,40.87815722460858,40.65121416466121,40.736317135797805,3310425
2006-04-03,41.530616760253906,41.67245413074371,41.16183364515669,41.218568052277725,5755775
2006-04-04,41.530616760253906,41.615719723622675,41.36040812814195,41.41714524063741,4775425
2006-04-05,41.72920227050781,41.75757083425216,41.388787621701084,41.47389060755898,3527325
2006-04-06,41.927764892578125,42.04123640993848,41.81429337521778,42.01287055962917,4162325
2006-04-07,41.64409637451172,42.26818850102419,41.558990689225965,42.069613979440675,4189450
2006-04-10,41.87103271484375,41.899401272037124,41.6157211108524,41.72919263425138,3004525
2006-04-11,41.38878631591797,41.672463828286205,41.24694620704632,41.64409797081192,4250450
2006-04-12,41.07672882080078,41.105097377631665,40.878154333733555,41.01999441251349,2791750
2006-04-13,41.07672882080078,41.13346593446255,40.82141992544627,40.84978577690267,2977125
2006-04-17,40.65121841430664,40.82142707974798,40.56611543427345,40.79305851794526,2697475
2006-04-18,41.98451232910156,41.98451232910156,41.246945932184055,41.246945932184055,3869325
2006-04-19,41.927764892578125,42.01287055962917,41.41714441714373,41.50224737882041,5342000
2006-04-20,41.672454833984375,41.8994005824216,41.558983312452995,41.61572042590592,3427175
2006-04-21,41.927764892578125,42.12634207698952,41.729190413541104,42.04123640993848,4223275
2006-04-24,41.672454833984375,41.75756050416376,41.50224890437455,41.64408898263238,4021075
2006-04-25,41.75756072998047,42.12634385329537,41.67245505934085,42.041238182655746,3481975
2006-04-26,42.18307113647461,42.211439688562706,41.956128130517875,41.956128130517875,4461250
2006-04-27,42.154720306396484,42.551872086471946,41.72920266768183,41.75757123169618,4413475
2006-04-28,41.98451232910156,42.26818983957942,41.98451232910156,42.01288089176186,2539725
2006-05-01,42.1263427734375,42.60859740653539,41.92776558574315,42.52349173807735,3871925
2006-05-02,42.80717849731445,42.8355470578466,42.55186686327483,42.63696983949643,2620575
2006-05-03,42.69369888305664,42.72206743822155,42.410018742156204,42.63696177272682,1817850
2006-05-04,42.9206428527832,43.11921733253397,42.6369627056755,42.6369627056755,2862750
2006-05-05,43.71494674682617,43.74331530473365,43.23269208389739,43.23269208389739,2976075
2006-05-08,43.941890716552734,44.02699639205161,43.77168477630427,43.941890716552734,4161950
2006-05-09,44.11211013793945,44.11211013793945,43.8284298943947,43.8284298943947,3894775
2006-05-10,43.48801040649414,43.91352801928469,43.40290742501103,43.658219074835365,3070500
2006-05-11,42.63697052001953,43.40290543436338,42.4667645648597,43.40290543436338,10311775
2006-05-12,42.09796905517578,42.72206368713534,42.0412319498276,42.66532658178716,5206600
2006-05-15,42.4951171875,42.58022284395291,42.12633683103354,42.29654273319129,3912375
2006-05-16,42.041255950927734,42.268199091132765,41.95615294969476,42.12636165753634,9156175
2006-05-17,40.70794677734375,42.18307650375471,39.715068970920974,42.06960498633848,8845325
2006-05-18,40.73630905151367,41.36040369520218,40.62283754405887,41.133460680292565,6492450
2006-05-19,41.07672882080078,41.21856889958072,40.56610832471727,41.105097377631665,3731750
2006-05-22,39.998741149902344,40.25404998420377,39.431380970457845,39.828532554994226,11725075
2006-05-23,39.43140411376953,40.42428230516948,39.43140411376953,39.97039605951536,6591625
2006-05-24,39.51650619506836,39.885289412234215,38.97751429868165,39.885289412234215,8923175
2006-05-25,39.998741149902344,40.08384409466949,39.629958115412954,39.65832396008611,5943575
2006-05-26,40.50938034057617,40.62285188809809,40.14059713478616,40.33917437198084,5921900
2006-05-30,39.43140411376953,40.14060204894794,39.28956669103419,40.14060204894794,3257425
2006-05-31,39.7150764465332,39.85691654634579,39.34629326917041,39.516501930020496,6174025
2006-06-01,39.88528060913086,39.913646461594375,39.11934577974972,39.28955442140372,4045150
2006-06-02,40.33917236328125,40.48101246696446,39.71507753030012,39.71507753030012,5967175
2006-06-05,39.31792068481445,40.027118405931866,39.20444915765065,40.027118405931866,5898825
2006-06-06,38.693824768066406,38.89239924439862,38.15483303891565,38.83566213380408,8283950
2006-06-07,37.84279251098633,38.410150171982245,37.81442395159285,38.239941520996105,6061225
2006-06-08,36.62296676635742,36.79317539529326,35.88540054992609,36.67970387779416,18232350
2006-06-09,36.452754974365234,37.1619525209064,36.452754974365234,36.99174391937198,6635775
2006-06-12,36.112342834472656,36.99174910584649,36.0556084295893,36.93501470096313,7543250
2006-06-13,34.864158630371094,35.68682784959224,34.807424221480595,35.40314768901619,15733175
2006-06-14,35.74356460571289,35.74356460571289,35.09110132507534,35.45988444797926,10176950
2006-06-15,37.02012252807617,37.133594058135515,35.998876052167375,36.027244611025885,13252025
2006-06-16,36.679710388183594,37.02012500110208,36.5662388505441,36.991756440348496,7560150
2006-06-19,36.48114013671875,37.0201320724929,36.452774275921726,36.991763506320495,4621025
2006-06-20,36.566246032714844,36.76482058624333,36.28256578020953,36.67971759264189,9417950
2006-06-21,37.048484802246094,37.303793672539506,36.39602158605389,36.42439014010012,10209925
2006-06-22,36.8782844543457,37.303802038976684,36.622972821417186,37.13359608727422,7559725
2006-06-23,36.70807647705078,37.07685965306857,36.70807647705078,36.84991657634607,4211225
2006-06-26,37.02012252807617,37.10522549927701,36.90665099801682,37.07685694041851,3655775
2006-06-27,36.36766815185547,37.1052346314552,36.28256515970945,37.07686606561474,7659550
2006-06-28,36.82154846191406,36.84991702319209,36.424399425521244,36.65134250499568,4867675
2006-06-29,38.38178253173828,38.466888211956785,37.21869862249997,37.21869862249997,7872175
2006-06-30,38.693824768066406,38.977502204916085,38.495247586359866,38.77892772858388,6214875
2006-07-03,39.374656677246094,39.374656677246094,38.89240202422087,39.00587354814595,1355850
2006-07-05,38.069740295410156,38.49525791757064,37.87116576578527,38.43852349712427,4657550
2006-07-06,38.41015625,38.63709935030981,38.23994757208007,38.26831613596258,4330225
2006-07-07,38.23994827270508,38.77894017484755,38.01300516823726,38.551997070379734,5212875
2006-07-10,38.80729675292969,39.005871231661985,38.52361660727694,38.949134120381686,5673475
2006-07-11,38.80729675292969,38.864031158835616,38.2399364616242,38.55198516291709,3219925
2006-07-12,37.72931671142578,38.06973126952086,37.50237367269573,38.012994157151134,4160450
2006-07-13,36.76480484008789,37.50237101640602,36.651333328760046,37.4740024622305,8487500
2006-07-14,36.452754974365234,36.56622647359686,35.99886627206478,36.481120820142685,6238100
2006-07-17,35.99887466430664,36.14071474775615,35.80030017070208,36.08398033760109,3350825
2006-07-18,35.65845489501953,35.6868234486536,35.062728795575026,35.6868234486536,4962550
2006-07-19,36.396026611328125,36.651338222247155,35.34641431506345,35.34641431506345,8451525
2006-07-20,36.197444915771484,36.82153683456564,36.05560485954588,36.79317098761977,8873350
2006-07-21,36.225830078125,36.622979171206055,36.14072438214309,36.59461060587875,6385475
2006-07-24,36.90665817260742,37.04849828909875,36.424403399762035,36.452771964135344,6324700
2006-07-25,37.19032669067383,37.44563829743267,36.821543559286006,36.96338364141587,5768325
2006-07-26,36.991764068603516,37.133604196246154,36.679717952090044,36.76482094652546,3535800
2006-07-27,37.502376556396484,37.89952555202516,37.33216791157374,37.72931961257705,5275400
2006-07-28,38.52362060546875,38.66546069301606,38.098103048201466,38.12646890141121,4414950
2006-07-31,38.495269775390625,38.52363834703981,38.23995804129983,38.41016676581899,3789075
2006-08-01,37.89952850341797,38.12647157727153,37.81442552706659,38.06973716149556,2957225
2006-08-02,38.778934478759766,38.86403745409095,38.41015131182489,38.43851987206022,4601000
2006-08-03,38.466888427734375,38.72219735369765,38.18320823616432,38.21157679639629,2377850
2006-08-04,38.60872268676758,38.949137265817285,38.46688530786114,38.83566573946739,2587625
2006-08-07,37.7576789855957,37.956253435102646,37.70094188266574,37.956253435102646,2096900
2006-08-08,37.95626449584961,38.35341621597052,37.81442440256537,38.06973602940205,3046975
2006-08-09,38.09810256958008,38.80730029303243,38.09810256958008,38.49525156327364,4277900
2006-08-10,38.52362060546875,38.693829251600455,38.29667754754291,38.49525204688435,3457575
2006-08-11,38.15483856201172,38.32504721305951,38.01299847036768,38.23994153484825,1676200
2006-08-14,38.38178253173828,38.80730281670643,38.38178253173828,38.580359746873334,2045725
2006-08-15,39.26118850708008,39.403028600446284,39.09097985396567,39.09097985396567,3203875
2006-08-16,39.68669509887695,39.88527225678515,39.57322359666113,39.658326546979495,3751825
2006-08-17,39.60160446166992,39.9703876348786,39.54486734023404,39.68670743844889,2292800
2006-08-18,39.80017852783203,39.99875574524697,39.54486689499484,39.65833843121417,2083150
2006-08-21,39.45975112915039,39.5448540773869,39.37464818091388,39.431382577946906,1771425
2006-08-22,39.573238372802734,39.62997549778257,39.317926721143515,39.43139826572816,1638925
2006-08-23,39.28955841064453,39.71507599992233,39.26118984992605,39.60160446242326,2372100
2006-08-24,38.977508544921875,39.37466026756056,38.977508544921875,39.37466026756056,3206200
2006-08-25,38.778934478759766,39.03424611012812,38.7221973582891,38.778934478759766,1761275
2006-08-28,38.693824768066406,38.77892772858388,38.46688173643693,38.637087657471874,1885700
2006-08-29,39.00588607788086,39.0342546443185,38.637102830317666,38.86404595106803,2675025
2006-08-30,38.750572204589844,38.92078088823804,38.72220363975261,38.86404375856356,2015125
2006-08-31,38.89240646362305,39.20445251369211,38.89240646362305,39.14771809794084,2329900
2006-09-01,39.232818603515625,39.346290133246974,39.00587554405293,39.119347073784276,2204475
2006-09-05,39.771812438964844,39.82854685405351,39.629972343180945,39.71507531850136,2970425
2006-09-06,39.17609405517578,39.51650873008014,39.090988357418176,39.48814016416094,2816575
2006-09-07,38.864036560058594,39.034245212180274,38.637093494146185,38.75056502710239,3101125
2006-09-08,38.864036560058594,38.864036560058594,38.72219646751965,38.864036560058594,2080400
2006-09-11,38.268306732177734,38.49524977672016,37.984629279186954,38.4385153682718,3901875
2006-09-12,38.58035659790039,38.60872245028318,38.012996264251456,38.12646778990633,4173925
2006-09-13,38.09810256958008,38.239939949970854,37.92789392558668,38.01299689489607,3651425
2006-09-14,38.069740295410156,38.126474715856524,37.95626874914236,38.069740295410156,3520250
2006-09-15,38.0413703918457,38.32505060020527,37.956267411487815,38.268313476383376,2491900
2006-09-18,38.15483856201172,38.15483856201172,37.87116108409837,37.89952693812739,1981950
2006-09-19,37.84279251098633,38.183207107583875,37.55911232780101,38.1548385481904,4339175
2006-09-20,37.98463439941406,38.098105936980936,37.81442574037633,37.95626583867863,3027225
2006-09-21,37.98463439941406,38.2115774745478,37.7860571796409,38.12647179234151,3983600
2006-09-22,37.44563674926758,37.814419865408304,37.388902341986004,37.814419865408304,3411225
2006-09-25,37.67258071899414,37.78605224173247,37.30379759375094,37.78605224173247,3883600
2006-09-26,37.700958251953125,37.700958251953125,37.388912166473695,37.53074957463471,4380950
2006-09-27,38.268306732177734,38.353412402912014,38.04136368763532,38.098100801458166,4501775
2006-09-28,38.466888427734375,38.55199140305547,38.18320823616432,38.32504833194935,2044150
2006-09-29,38.41015625,38.523627800154905,38.35342182761013,38.49525923627239,4634300
2006-10-02,38.80729675292969,39.09097419320806,38.60871956882302,38.72219108600924,7119625
2006-10-03,38.665462493896484,38.77893402814445,38.46688798530624,38.60872537408512,3409575
2006-10-04,38.977508544921875,39.00587710483352,38.35341645911438,38.46688799338618,2893225
2006-10-05,39.31792068481445,39.40302635921826,39.06261177772686,39.23281771578525,3970125
2006-10-06,38.864036560058594,39.06261377176301,38.69383061331166,39.06261377176301,3155925
2006-10-09,38.495269775390625,38.580375490338156,38.32506375624736,38.55200691868898,3790225
2006-10-10,38.80729675292969,38.80729675292969,38.55198516291709,38.80729675292969,4123975
2006-10-11,38.438514709472656,38.693826306550704,38.15483455596939,38.46688326589787,2407850
2006-10-12,38.835670471191406,38.89240759396648,38.43852143326554,38.43852143326554,2396725
2006-10-13,38.72220230102539,38.89241097878904,38.58036489249337,38.75057086488186,3047950
2006-10-16,39.147705078125,39.23280802613562,39.03423357898619,39.11933652699681,6390850
2006-10-17,38.92078399658203,39.06262412672082,38.66547230340731,39.005886992515116,5054600
2006-10-18,39.147705078125,39.26117657726381,38.89239352871919,39.147705078125,3472200
2006-10-19,39.147705078125,39.289545128392,38.94912792560162,39.03423357898619,2804775
2006-10-20,39.11934280395508,39.26118287698125,38.92076832494305,39.26118287698125,4157450
2006-10-23,39.544857025146484,39.57322557846462,39.06260514560886,39.20444250145126,2857225
2006-10-24,39.573238372802734,39.60160693529265,39.28956086402862,39.374663846123354,1927350
2006-10-25,39.68669509887695,39.71506365077441,39.31791204033202,39.34628059222948,5704750
2006-10-26,39.942020416259766,40.0271233958983,39.62997435400186,39.68670877196923,3849500
2006-10-27,39.488128662109375,39.74344027026465,39.346288579203716,39.68670315495256,3981525
2006-10-30,39.26118850708008,39.403028600446284,39.09097985396567,39.176085533210255,2993150
2006-10-31,39.17609405517578,39.28956561347724,38.92078237265367,39.062622496874326,3128275
2006-11-01,39.00588607788086,39.516509452256884,38.86404595106803,39.488140885819234,3557350
2006-11-02,39.090980529785156,39.176086210501076,38.94914043396676,39.00587755444404,2564775
2006-11-03,38.89240646362305,39.119349537377786,38.80730348730873,39.06261512162652,1974675
2006-11-06,39.147705078125,39.26117657726381,38.864024977591,38.864024977591,6424550
2006-11-07,39.090980529785156,39.40302928166059,38.9775089942054,39.147717650262436,3559650
2006-11-08,38.665462493896484,38.835668442581046,38.438519425400564,38.52362239974284,4068625
2006-11-09,38.183204650878906,38.49525066800595,38.09810168354872,38.296676175777336,6880575
2006-11-10,38.126468658447266,38.32504586189791,38.01299713020745,38.23994018668708,3999500
2006-11-13,37.72931671142578,37.984628306340696,37.72931671142578,37.899522637786106,4062550
2006-11-14,38.835670471191406,38.92077615535402,38.38178431049047,38.665464513616016,4727450
2006-11-15,38.693824768066406,38.89239924439862,38.38177607054513,38.38177607054513,4685475
2006-11-16,38.38178253173828,38.43851965188395,38.15483946190518,38.26831099682173,4442125
2006-11-17,38.0413703918457,38.09810751566761,37.72932432695014,37.871164431129934,6799025
2006-11-20,37.2470703125,37.27543887495669,37.04849578605322,37.16196733050496,6104525
2006-11-21,37.27544021606445,37.27544021606445,36.96339142856394,37.105231540575524,4034525
2006-11-22,37.61586380004883,37.75770394576485,37.53075808939376,37.61586380004883,3549775
2006-11-24,37.47400665283203,37.615846734196936,37.44563809548415,37.530741062153275,3849075
2006-11-27,37.44563674926758,37.814419865408304,37.360533785658,37.7860513090803,3912475
2006-11-28,38.069740295410156,38.126474715856524,37.672588530785326,37.78606007705313,4199925
2006-11-29,38.80729675292969,38.80729675292969,38.466882201371014,38.63708812446316,4864800
2006-11-30,39.17609405517578,39.31793147402109,39.00588536503592,39.11935692333738,4462175
2006-12-01,39.232818603515625,39.232818603515625,38.86403545554507,39.17608419133728,8138675
2006-12-04,39.68669509887695,39.77180075456933,39.31791204033202,39.34628059222948,3516250
2006-12-05,39.7150764465332,39.771813568608195,39.43139624690801,39.573236346720606,3732050
2006-12-06,39.970375061035156,39.970375061035156,39.715063505639066,39.800166455646426,3352375
2006-12-07,39.998741149902344,40.197315589483615,39.91363549976137,40.14057848938963,4430225
2006-12-08,39.82855224609375,40.14059833476367,39.74344925925199,39.99876092515245,2408425
2006-12-11,39.88528060913086,39.99875213510867,39.65833485180067,39.74344052531495,4422600
2006-12-12,39.942020416259766,39.970388977930924,39.6016057923307,39.82854887495008,4108425
2006-12-13,39.74344253540039,39.88528262639007,39.65833685758175,39.856914067117195,2584775
2006-12-14,40.14059066772461,40.367533726205586,39.99875328520499,40.027119138484125,2787675
2006-12-15,40.14059066772461,40.56611093140744,40.11222481444548,40.22569634368597,3566475
2006-12-18,39.88528060913086,40.22569518706428,39.88528060913086,40.16895807138809,5655725
2006-12-19,39.7150764465332,39.88528510738329,39.6016049077581,39.65833932445821,4927975
2006-12-20,39.99790954589844,40.28360998965426,39.99790954589844,40.22646881104655,3041900
2006-12-21,40.226470947265625,40.48360081537242,40.16933249026495,40.16933249026495,2909150
2006-12-22,40.369319915771484,40.397890505700154,40.026481010551684,40.340749325842815,2202625
2006-12-26,40.340755462646484,40.36932605692144,40.14076675200551,40.340755462646484,1409975
2006-12-27,40.512176513671875,40.655024036503484,40.39789686062148,40.512176513671875,2324450
2006-12-28,40.540733337402344,40.683583545953695,40.455024302127974,40.540733337402344,2220875
2006-12-29,40.59788513183594,40.740735377759556,40.54074394360977,40.56931453772285,1878600
2007-01-03,40.56930923461914,40.883580279498844,40.340749960874696,40.59787982499756,5097925
2007-01-04,40.997867584228516,40.997867584228516,40.45503716407845,40.59788741804646,3771650
2007-01-05,39.940773010253906,40.3978943183301,39.940773010253906,40.31218254045488,4619075
2007-01-08,40.169334411621094,40.283614055730105,39.9693429909491,40.197902279167124,2542800
2007-01-09,40.426456451416016,40.56930666963499,40.25503836926627,40.426456451416016,3716700
2007-01-10,39.82649612426758,40.02648756186032,39.59793681671175,39.74078706509461,3887550
2007-01-11,39.626502990722656,39.8264916813635,39.51222334969338,39.51222334969338,3860575
2007-01-12,40.14076614379883,40.28361638836729,39.88363624850395,39.940774711546254,2912500
2007-01-16,40.28361129760742,40.42645879948203,40.19789952691291,40.28361129760742,3739350
2007-01-17,40.28361129760742,40.48359997994503,40.226470117144416,40.28361129760742,3591375
2007-01-18,40.25503158569336,40.79785905388139,40.25503158569336,40.4264496389566,4023500
2007-01-19,40.540733337402344,40.683583545953695,40.34074468021511,40.369315266853604,2760925
2007-01-22,40.540733337402344,40.71215413259218,40.31217409357662,40.6550129593152,2648750
2007-01-23,40.76931381225586,40.96930256022384,40.56932233964553,40.62646353886058,3295450
2007-01-24,41.31212615966797,41.48354696867896,40.940716677345264,41.026425719530096,4416975
2007-01-25,40.6264533996582,40.99786292793578,40.48360316191426,40.94072174298154,5231300
2007-01-26,40.655025482177734,40.855016925608915,40.42646616794948,40.68359607761675,2718650
2007-01-29,40.79787826538086,40.997869721217306,40.712169198389304,40.74073979560053,3541850
2007-01-30,41.05499267578125,41.05499267578125,40.68358322632216,40.74072439915022,3526275
2007-01-31,40.88358688354492,41.055005004222195,40.45503613256793,40.56931578790008,5861925
2007-02-01,41.426414489746094,41.62640320505257,41.283564239680665,41.426414489746094,3561650
2007-02-02,41.169288635253906,41.31213889937455,41.11215016439095,41.25499770386943,3324625
2007-02-05,40.85499954223633,41.02641759264997,40.74071993374697,40.79785837567126,2742850
2007-02-06,41.19786071777344,41.36927886118238,40.96930137680001,41.140719520208954,3882000
2007-02-07,41.169288635253906,41.22642983075903,40.99787049802286,41.083579566638385,2979325
2007-02-08,40.655025482177734,40.71216667305577,40.42646616794948,40.56931642050262,4195425
2007-02-09,40.76931381225586,41.19786190779935,40.712172613040806,41.055011634404075,3699750
2007-02-12,40.74073791503906,40.96929723289449,40.655026127361786,40.91215604110964,2245175
2007-02-13,41.597843170166016,41.712122846815824,41.36928109222399,41.39785169254704,4328750
2007-02-14,42.283512115478516,42.56920988319713,41.79782291325085,41.826393507415254,4602775
2007-02-15,42.6263542175293,42.68349268543335,42.31208583245194,42.39779489662904,5497725
2007-02-16,42.597774505615234,42.597774505615234,42.42635641394339,42.48349486962019,3542100
2007-02-20,42.454925537109375,42.62634635850069,42.2549368493541,42.51206671912032,7491725
2007-02-21,42.48350143432617,42.48350143432617,42.02638281971034,42.2263715324443,3738550
2007-02-22,42.597774505615234,42.76919532192853,42.45492427946107,42.626345095774354,5369625
2007-02-23,42.96919250488281,43.08347216348721,42.79777165465523,42.88348344209001,5508700
2007-02-26,43.25489807128906,43.31203654495118,42.912059055389456,43.22632747213685,5650250
2007-02-27,42.22637176513672,42.997761475033144,41.65497349371819,42.85491122601805,19004000
2007-02-28,42.16923904418945,42.51207805373868,41.91210910586696,42.2549481154162,10620000
2007-03-01,41.96924591064453,41.99781650813215,41.14071765599841,41.5121272494111,8714800
2007-03-02,41.28355407714844,41.654963546034104,41.11213599898043,41.54068391904168,7850400
2007-03-05,40.683597564697266,41.05500714505455,40.14076985472403,40.8835890154386,10907725
2007-03-06,41.654972076416016,41.769251726811376,41.31213312522992,41.397842181866,6918925
2007-03-07,41.56926345825195,41.683543109852735,41.34070415505038,41.512122270130654,5285025
2007-03-08,41.940677642822266,42.25494603830008,41.940677642822266,41.99781611261727,4964550
2007-03-09,41.96924591064453,42.22637583874887,41.826398372490694,42.140666770928135,6820175
2007-03-12,42.31208801269531,42.36922648354358,41.94067841593401,42.140667150866186,4972225
2007-03-13,41.54069519042969,41.99781382243102,41.28356527876844,41.940675355751836,7093350
2007-03-14,41.169288635253906,41.19785923300647,40.34076037292474,41.140718037501344,7345850
2007-03-15,41.19786071777344,41.42642005874687,41.16929011899119,41.16929011899119,4202875
2007-03-16,41.169288635253906,41.39784796799008,40.9692999002703,41.169288635253906,4086500
2007-03-19,41.626407623291016,41.68354881923893,41.340709817478,41.42641888675769,3813850
2007-03-20,41.9978141784668,42.08352324153315,41.56926613849303,41.6264046056566,3972525
2007-03-21,42.454925537109375,42.740625997881054,41.76924770082716,41.88352734020752,4105325
2007-03-22,42.512081146240234,42.74064050256606,42.42637206877866,42.59779022370181,5644075
2007-03-23,42.5692138671875,42.740634723575155,42.48350480131471,42.5692138671875,2806375
2007-03-26,42.34065628051758,42.36922687852914,41.88353761090132,42.36922687852914,4519075
2007-03-27,42.16923904418945,42.2549481154162,41.969247578470714,42.140668445566455,3570250
2007-03-28,41.8549690246582,42.283519841503484,41.683550877633955,41.76925995114608,5477275
2007-03-29,41.91210174560547,42.11209045156157,41.65497185243803,42.11209045156157,3322675
2007-03-30,41.626407623291016,42.140667488253506,41.59783974995924,41.91210815374622,4413775
2007-04-02,41.39784622192383,41.59783767311443,41.25499596382828,41.34070775347084,5599575
2007-04-03,41.74068069458008,41.883530937234134,41.56926258310862,41.56926258310862,4084950
2007-04-04,42.05495834350586,42.112096814709055,41.826399009408725,41.940678676457296,2018250
2007-04-05,41.940677642822266,41.99781611261727,41.71211831435801,41.797827381371576,1750050
2007-04-09,41.883541107177734,42.083529860668584,41.85497050678121,41.99782078412142,2563450
2007-04-10,42.0263786315918,42.14065827385727,41.940669581053086,42.0263786315918,5566975
2007-04-11,41.8549690246582,42.054960495709594,41.683550877633955,42.02638989632478,3771875
2007-04-12,41.797828674316406,41.940678940185926,41.512128142577374,41.65497840844689,3949675
2007-04-13,41.454986572265625,41.68354589071522,41.39784538033223,41.626404698781826,2747525
2007-04-16,42.05495834350586,42.112096814709055,41.74068721564066,41.74068721564066,3997000
2007-04-17,41.797828674316406,41.912108342083584,41.626407810344546,41.769258076214065,4938975
2007-04-18,41.8549690246582,42.08352837045209,41.74068935176126,41.91211022342784,3166525
2007-04-19,41.654972076416016,41.79782232057067,41.42641277562529,41.54069242602065,4569550
2007-04-20,41.82638931274414,41.88352777070085,41.6549684895909,41.769248130145876,2327725
2007-04-23,41.36927032470703,41.5692617502726,41.19785221666991,41.36927032470703,4805050
2007-04-24,41.31212615966797,41.36926461291075,41.112137486356254,41.31212615966797,3849050
2007-04-25,41.54069519042969,41.56926578609026,40.940726304767445,41.226426812089265,6012400
2007-04-26,41.3407096862793,41.3407096862793,40.940729489839825,41.19785942150504,5551575
2007-04-27,41.112144470214844,41.112144470214844,40.74073492479955,40.855014575339496,3699550
2007-04-30,40.79787826538086,41.14071725798919,40.59788953418653,40.74073979560053,2841100
2007-05-01,40.79787826538086,40.88359005701453,40.540748339764086,40.769310392811754,4516075
2007-05-02,41.026432037353516,41.11214381737877,40.79787273990299,40.79787273990299,4391550
2007-05-03,41.08356857299805,41.1407070285712,40.912147756995694,41.05499798289075,3976625
2007-05-04,41.22643280029297,41.340712474892605,41.16929160067197,41.255000675461105,5223275
2007-05-07,41.426414489746094,41.56926473981153,41.426414489746094,41.48355567962903,3750875
2007-05-08,41.3407096862793,41.45498935317026,41.19785942150504,41.426418755286974,6640650
2007-05-09,41.8549690246582,41.96924869755515,41.65498027824914,41.683550877633955,4328675
2007-05-10,41.22643280029297,41.45499214949224,41.08358252588284,41.36928035006074,12024300
2007-05-11,41.54069519042969,41.65497484843002,41.31213587442902,41.34070647008959,4971475
2007-05-14,41.426414489746094,41.512123549928596,41.226425774439626,41.454985084687564,2997200
2007-05-15,41.08356857299805,41.340698434680846,40.99785952731759,41.05499798289075,3356000
2007-05-16,41.169288635253906,41.25499770386943,40.85502023390221,41.02643837113326,3003700
2007-05-17,40.826446533203125,40.826446533203125,40.54074602667602,40.740737471101774,4300100
2007-05-18,40.71217346191406,40.82645313808462,40.59789378574351,40.655032261507586,3365550
2007-05-21,40.71217346191406,40.82645313808462,40.56932318554027,40.655032261507586,6372325
2007-05-22,41.112144470214844,41.283562583703876,41.026432688828535,41.112144470214844,5152700
2007-05-23,41.169288635253906,41.512127634358166,41.140718037501344,41.36927737023752,7831750
2007-05-24,40.96929931640625,41.39784737801869,40.797878456976,41.283567713279226,5100675
2007-05-25,40.79787826538086,40.940728526794864,40.769310392811754,40.82644886259208,2616225
2007-05-29,41.22643280029297,41.36928035006074,41.08358252588284,41.283571275271605,3580150
2007-05-30,41.31212615966797,41.34069674861002,40.940716677345264,40.99785785522937,6337850
2007-05-31,41.71211624145508,41.82639590000803,41.56926598710341,41.626404454058886,4575250
2007-06-01,41.940677642822266,42.08352517963083,41.85496585116658,41.940677642822266,2972350
2007-06-04,42.083518981933594,42.083518981933594,41.769250632738505,41.94067146616237,2914800
2007-06-05,42.0263786315918,42.14065827385727,41.940669581053086,42.14065827385727,3402500
2007-06-06,41.8549690246582,42.08352837045209,41.683550877633955,42.054960495709594,3426550
2007-06-07,41.68354797363281,42.0835254385854,41.48355924115652,41.94067790089784,5590225
2007-06-08,41.883541107177734,41.99782078412142,41.454992999799494,41.56927267674319,4064875
2007-06-11,41.82638931274414,42.054948593854085,41.74067753884675,41.769248130145876,2516900
2007-06-12,41.28355407714844,41.71210472185093,41.19784503806443,41.48354546786609,3790500
2007-06-13,41.39784622192383,41.540696480019385,41.19785749537529,41.283566560375796,3460975
2007-06-14,41.454986572265625,41.626404698781826,41.28356572110742,41.340706913040826,3177650
2007-06-15,41.82638931274414,41.85495717940172,41.683539080890036,41.797818721445005,4017325
2007-06-18,41.74068069458008,41.9121015306933,41.597833176567775,41.85496034377497,4397800
2007-06-19,41.71211624145508,41.769254708410564,41.56926598710341,41.71211624145508,2841200
2007-06-20,41.426414489746094,41.82639464500094,41.31213483462213,41.82639464500094,4198025
2007-06-21,41.626407623291016,41.740687290544656,41.42641888675769,41.54069855401133,3787700
2007-06-22,41.22643280029297,41.483562749302735,40.9121616516622,41.42642154968174,3213475
2007-06-25,40.997867584228516,41.31213596324458,40.912155797062525,41.14071511355456,4619175
2007-06-26,41.05499267578125,41.36926095241228,41.05499267578125,41.36926095241228,3926250
2007-06-27,41.14070510864258,41.22641687496453,40.82643680605269,40.91214584773333,3589550
2007-06-28,41.05499267578125,41.28355191781129,40.99785422759428,41.05499267578125,2696275
2007-06-29,41.454986572265625,41.59783682745712,41.31213631707413,41.48355716823232,4118175
2007-07-02,42.19779586791992,42.2549343218716,41.76924520239619,41.85495424564439,3648025
2007-07-03,42.11209487915039,42.22637454094643,42.083524282540864,42.169236072369436,1559175
2007-07-05,41.9978141784668,41.9978141784668,41.74068426462574,41.9978141784668,2436125
2007-07-06,41.797828674316406,41.969246813646066,41.626407810344546,41.797828674316406,1966175
2007-07-09,41.797828674316406,42.083526481413244,41.740687478111724,42.083526481413244,3110325
2007-07-10,41.883541107177734,41.883541107177734,41.712122954083405,41.82640263102709,3387775
2007-07-11,41.74068069458008,41.826392474957565,41.56926258310862,41.654971638844344,3491475
2007-07-12,42.0263786315918,42.05494922331856,41.6549691130686,41.6549691130686,4305400
2007-07-13,42.22637176513672,42.25494235986812,41.99781245656931,42.11209211085301,3374025
2007-07-16,42.140663146972656,42.28351339748399,42.02638349149196,42.19780433703395,3662250
2007-07-17,41.91210174560547,42.054951988992016,41.82639268943024,41.99781080178069,3293025
2007-07-18,41.71211624145508,41.7978253042093,41.48355692434919,41.68354564565635,5316875
2007-07-19,41.91210174560547,42.054951988992016,41.883531151999804,41.96924020817502,3369950
2007-07-20,41.74068069458008,41.997810586429026,41.56926258310862,41.997810586429026,7601150
2007-07-23,41.9978141784668,42.14066443333871,41.912105115400436,41.912105115400436,6090900
2007-07-24,41.8549690246582,42.11209896983691,41.683550877633955,42.08352837045209,4636200
2007-07-25,41.883541107177734,42.169241661858166,41.59784327713972,42.05496198491448,5380975
2007-07-26,41.14070510864258,41.59782635510238,40.712157175598065,41.569255766328396,6473850
2007-07-27,40.74073791503906,41.197856550749925,40.59788766021892,41.140715358965075,10458600
2007-07-30,41.426414489746094,41.597835334753,41.283564239680665,41.39784389480463,12061675
2007-07-31,41.22643280029297,41.65498089888101,41.19786220048247,41.54070122428137,6745825
2007-08-01,40.91215133666992,40.94072192927705,40.45503275352259,40.74073323031051,10267450
2007-08-02,40.71217346191406,40.82645313808462,40.51218470977619,40.7407440621173,6285125
2007-08-03,40.14076614379883,40.68359380358885,39.88363624850395,40.56931415286243,8044375
2007-08-06,40.74073791503906,40.797876382181926,40.42646680950636,40.68359672325421,4376350
2007-08-07,40.655025482177734,40.883587521047936,40.42646616794948,40.512177954266534,6549400
2007-08-08,40.997867584228516,41.08357664675254,40.74073767201448,40.82644673453851,8139575
2007-08-09,40.340755462646484,40.59788536183736,40.19790521591357,40.51217630365435,7119675
2007-08-10,39.769351959228516,40.02648182453273,39.42651304703672,39.62650173132157,6849350
2007-08-13,39.82649612426758,40.055058156465265,39.797928254304495,39.99791696725538,5173425
2007-08-14,39.71221923828125,40.05506094815162,39.540801107988116,39.997919754959206,8448800
2007-08-15,39.055118560791016,39.512237286139445,38.940838879453906,39.28367792346523,9169850
2007-08-16,39.14081573486328,39.28366597424341,38.48370844821304,38.85511798074471,15916000
2007-08-17,38.85511779785156,39.28366578933307,38.48370826706814,39.08367708992726,10682950
2007-08-20,38.42657470703125,39.08368484562593,38.11230629922471,39.08368484562593,9934775
2007-08-21,38.912254333496094,39.05510456513678,38.6836950527276,38.7694041018554,9622850
2007-08-22,39.42652130126953,39.56937155908323,39.14082078564212,39.14082078564212,6009550
2007-08-23,39.71221923828125,39.969349158363,39.62651017313468,39.94077856176679,5295125
2007-08-24,39.91221618652344,40.05506646453576,39.54080655354838,39.597945029967846,3901025
2007-08-27,39.59794235229492,39.826501691802136,39.569374478338204,39.79793381784542,3913175
2007-08-28,39.22652816772461,39.71221738867076,38.99796885488429,39.65507892278164,4107800
2007-08-29,39.59794235229492,39.76936321924645,39.28367394163306,39.34081513883099,5242175
2007-08-30,39.340816497802734,39.626514319734646,39.02654535164259,39.112254425757925,4196025
2007-08-31,40.19790267944336,40.28361445685983,39.969343388949426,40.226473271915516,3700850
2007-09-04,39.96933364868164,40.112183851589094,39.740774413886115,39.85505403128388,5128600
2007-09-05,39.19795608520508,39.312235729345666,39.02653525667338,39.19795608520508,3666975
2007-09-06,39.22652816772461,39.42651960994133,39.05511004541533,39.28366935825565,2685875
2007-09-07,39.02653884887695,39.08368003852763,38.797979539558,38.88368859939214,3486875
2007-09-10,38.6837043762207,38.969404908361234,38.42657444222266,38.912263712076246,3734825
2007-09-11,39.08367919921875,39.11224706878872,38.883687764378,38.940828952801596,4023450
2007-09-12,38.96940231323242,39.08368197354985,38.79798146043527,38.85512265291499,5796275
2007-09-13,38.6837043762207,38.85512524043346,38.51228351200794,38.7122749743632,6072500
2007-09-14,38.797977447509766,38.9122570960071,38.740838985581966,38.826548040794535,4541500
2007-09-17,38.597984313964844,38.797972994722336,38.45513408857745,38.740834539352235,4240775
2007-09-18,38.99797439575195,38.99797439575195,38.22658728647699,38.36943755845896,7212425
2007-09-19,39.42652130126953,39.74078968874604,39.42652130126953,39.655080623914635,4300325
2007-09-20,39.28367614746094,39.59794457576936,39.08368739532307,39.540806100005284,4595000
2007-09-21,39.3693733215332,39.540794146287396,39.25509367991093,39.283664271476894,4941875
2007-09-24,39.51222610473633,39.59793516032408,39.340807993560844,39.56936729155599,3826475
2007-09-25,39.74078369140625,39.82649274330318,39.5693655876124,39.76935428358577,5267500
2007-09-26,40.08362579345703,40.1693375767737,39.940775545904444,40.08362579345703,5020350
2007-09-27,40.997867584228516,41.055006051030546,40.74073767201448,40.883587925982496,6628450
2007-09-28,40.96929931640625,41.05500838380031,40.8264490543214,40.912158121715464,5023575
2007-10-01,41.426414489746094,41.62640320505257,40.85501621412625,40.91215467936729,5137425
2007-10-02,41.31212615966797,41.56925601086379,41.22641711748314,41.42640579079485,5048725
2007-10-03,41.3407096862793,41.54069842217794,41.25499789262944,41.25499789262944,4010650
2007-10-04,41.31212615966797,41.48354696867896,41.283555570725916,41.36926461291075,1788950
2007-10-05,41.8549690246582,41.997819296939966,41.51213000596738,41.59784180412183,4716225
2007-10-08,41.626407623291016,41.71211941721289,41.45498948473164,41.59783974995924,2237525
2007-10-09,41.512123107910156,41.71211454572903,41.426414048640275,41.512123107910156,3735375
2007-10-10,41.426414489746094,41.426414489746094,41.226425774439626,41.283564239680665,2836900
2007-10-11,41.48354721069336,41.94066573786772,41.39783544336716,41.79781551696539,7350350
2007-10-12,41.48354721069336,41.82638610607413,41.340696989791034,41.340696989791034,3393000
2007-10-15,40.997867584228516,41.19785630499856,40.883587925982496,41.112147242474535,3537700
2007-10-16,40.25503158569336,40.5407292493457,40.16932255906174,40.512161390229046,2887050
2007-10-17,40.312191009521484,40.483611876643565,40.11220226841427,40.397902805403646,3581450
2007-10-18,40.48360824584961,40.59788790546768,40.34075799016652,40.36932858623154,3886600
2007-10-19,39.68364715576172,40.31218386633613,39.54079691257962,40.25504540384835,4447600
2007-10-22,39.91221618652344,40.08363434042428,39.65508623102975,39.74079530798017,4488475
2007-10-23,40.0264778137207,40.1407574396667,39.79791856182872,40.0264778137207,3782325
2007-10-24,39.85506820678711,40.02648905617458,39.34081110790861,39.94077726915986,5896175
2007-10-25,39.71221923828125,39.769360431473665,39.426521446245346,39.740789834877454,4579825
2007-10-26,40.397891998291016,40.597880685897906,40.14076212871557,40.255041768011154,4609525
2007-10-29,40.94072341918945,40.96929401283632,40.74073471294494,40.82644376924377,3523400
2007-10-30,40.74073791503906,40.91215604110964,40.655026127361786,40.71216731914664,2554700
2007-10-31,41.026432037353516,41.140711686078774,40.76930487120298,40.88358451992825,3371250
2007-11-01,40.512176513671875,40.912153937027334,40.3121850773523,40.85501547282306,6675300
2007-11-02,40.397891998291016,40.5121716375866,40.02648248941999,40.45503045561805,4118075
2007-11-05,39.71221923828125,39.912210689812646,39.62651017313468,39.62651017313468,2700900
2007-11-06,40.169334411621094,40.25504346354244,40.02648417532442,40.02648417532442,3816400
2007-11-07,39.42652130126953,39.82649875357744,39.226529850473526,39.683651220405785,4264950
2007-11-08,38.797977447509766,39.31223722806865,38.68369779901243,39.197957579571316,7925725
2007-11-09,38.28372573852539,38.51228508370853,37.91231884608453,38.39800541111696,8689225
2007-11-12,38.312294006347656,38.68370360082878,38.14087587021307,38.14087587021307,4405650
2007-11-13,38.96940231323242,39.026540781070125,38.48371307572283,38.5694221398004,3686500
2007-11-14,39.08367919921875,39.36937696741124,38.969399547013396,39.25509731520588,6056050
2007-11-15,38.74085235595703,39.026550213480526,38.598002064873945,38.82656144074981,4554300
2007-11-16,38.45515060424805,38.769419055358796,38.34087091978572,38.74085117772516,3678350
2007-11-19,37.79803466796875,38.255156061439735,37.655187127441394,38.226585463477385,4513875
2007-11-20,38.797977447509766,38.99796615121967,38.426567908732984,38.54084755723032,6283250
2007-11-21,38.1123046875,38.283722821002776,37.740895098721175,38.1123046875,6634075
2007-11-23,38.96940231323242,38.997970184830265,38.7122723963577,38.7122723963577,1519150
2007-11-26,38.96940231323242,39.34081189042458,38.85512265291499,39.283670697944856,4640075
2007-11-27,39.59794235229492,39.71222202204853,39.2551033430341,39.2551033430341,5525600
2007-11-28,39.96933364868164,40.083613266079404,39.39793556169282,39.42650614720251,8643100
2007-11-29,40.11220169067383,40.4264700971219,40.02649262066839,40.02649262066839,4552550
2007-11-30,40.19790267944336,40.655021260431226,40.08362303419639,40.45503256240945,3557425
2007-12-03,40.25503158569336,40.39788177983995,40.055042948672636,40.34074061232498,3181100
2007-12-04,39.82649612426758,39.94077577804549,39.68364860052659,39.74078706509461,4012050
2007-12-05,40.56930923461914,40.68358887149136,40.312179370496274,40.36932055125312,4700250
2007-12-06,41.08356857299805,41.08356857299805,40.45502921384468,40.54073825952514,3458000
2007-12-07,40.71217346191406,40.855023738287855,40.54075258533703,40.7407440621173,2854400
2007-12-10,40.826446533203125,40.94072619088558,40.62645781341933,40.71216687552067,2042250
2007-12-11,39.940773010253906,40.9121513623731,39.79792549641188,40.855012901764624,4004725
2007-12-12,40.25503158569336,40.826429637638874,39.99790178115767,40.71215002724977,4947975
2007-12-13,39.42652130126953,39.51223036610093,38.969402655979316,39.36938010828723,4324650
2007-12-14,37.88376235961914,38.79800008093279,37.88376235961914,38.712290975720464,6876475
2007-12-17,37.22663497924805,37.94088355450031,37.22663497924805,37.79803329452144,3860475
2007-12-18,37.88376235961914,37.99804207478334,37.340931669106666,37.71234142455116,4943750
2007-12-19,37.626609802246094,37.85516909579655,37.4551889697624,37.769460041875554,4312400
2007-12-20,37.769466400146484,37.91231666382396,37.54090706811939,37.71232520481863,3149475
2007-12-21,38.340877532958984,38.48372784433688,37.91232932346836,37.99803842043787,7053675
2007-12-24,38.27737045288086,38.479437134941634,38.04643631539653,38.04643631539653,2766350
2007-12-26,38.4505615234375,38.65263091558766,38.133027839989374,38.24849488423882,2802825
2007-12-27,37.8443489074707,38.3928192882323,37.8443489074707,38.3928192882323,3593150
2007-12-28,38.27737045288086,38.39283752162303,38.075301017868014,38.27737045288086,3792350
2007-12-31,38.36395263671875,38.36395263671875,37.93095201389415,38.30622050505252,3080650
2008-01-02,38.19076156616211,38.47943056520805,38.01756236909583,38.306231368141766,3698225
2008-01-03,38.3350830078125,38.42168532979836,38.161883869742105,38.2484834387773,4579950
2008-01-04,37.3536262512207,38.017563874129586,37.0938274453364,37.90209682053044,5893750
2008-01-07,37.1226806640625,37.35361469984587,37.00721364617082,37.26701512466482,3872200
2008-01-08,37.03607940673828,37.67114935277371,37.03607940673828,37.526814898726926,8960175
2008-01-09,37.8443489074707,37.8443489074707,37.295881279659866,37.75774933527968,5133525
2008-01-10,37.52680969238281,37.728876248243836,37.12267382771041,37.15154126510494,6397975
2008-01-11,36.89175033569336,37.093819702023794,36.71855116792572,37.03608481080049,7487850
2008-01-14,37.3536262512207,37.44022860613384,37.0938274453364,37.3536262512207,4105425
2008-01-15,36.31440734863281,36.66080836233791,35.91027145616826,36.57420879714927,9592125
2008-01-16,35.65047836303711,35.910277099430125,35.27520985097924,35.708210497918564,8958725
2008-01-17,35.15973663330078,36.02573777459449,35.073134316811014,35.7948037698561,8662675
2008-01-18,36.08347702026367,36.17007659428607,35.390674922182804,35.96801000391686,8086900
2008-01-22,34.755611419677734,35.15974742852854,33.7741402217196,33.97620960262066,10836350
2008-01-23,34.87107849121094,34.89994593893204,33.48547403601379,33.83187514981307,14536250
2008-01-24,35.44841003417969,35.50614492368253,35.04427681946406,35.33294300812507,29946125
2008-01-25,35.996891021728516,36.6319584746632,35.67935454230932,36.545358867981534,8287750
2008-01-28,35.79481506347656,36.02574914107695,35.24634731741348,35.50614884295176,6391875
2008-01-29,36.40101623535156,36.40101623535156,36.112350026484606,36.19894961384957,4446125
2008-01-30,36.22780227661133,36.74740234171153,35.82366644557773,35.881401315561156,4513325
2008-01-31,36.71854782104492,36.949481858986324,36.054610397250215,36.14121272619141,7884600
2008-02-01,37.03607940673828,37.12267897798606,36.805145381443715,36.920612394090995,5673675
2008-02-04,36.920623779296875,37.180425326105905,36.80515673104304,36.94949122959823,3662100
2008-02-05,35.67933654785156,36.37214131075244,35.6216044234976,36.314406433448006,6490850
2008-02-06,35.21747589111328,35.708211438815724,35.21747589111328,35.650479302413046,5288500
2008-02-07,35.41954040527344,35.62160698446533,35.10200406317113,35.18860363240328,7658800
2008-02-08,34.5246696472168,34.986537695535304,34.38033519387959,34.89993812471326,4396750
2008-02-11,34.87107849121094,35.04428042458625,34.52467737741165,34.87107849121094,3868775
2008-02-12,35.39067840576172,35.563877570854885,35.13087690517088,35.27521137804924,3660525
2008-02-13,35.130882263183594,35.24634930850661,34.89994817253756,35.102014813614964,4440700
2008-02-14,35.47728729248047,36.02575512971656,35.448419839743885,35.99689042993178,4858700
2008-02-15,35.9102783203125,35.9102783203125,35.41954552180772,35.79481129367295,3736525
2008-02-19,36.25667190551758,36.689672444793906,36.141204911513874,36.6030728875287,7146600
2008-02-20,35.506141662597656,35.708208251396535,35.15974061624924,35.217472747498576,5627850
2008-02-21,35.76594161987305,36.22780966209745,35.67933929724296,36.05460776978796,3499875
2008-02-22,36.05461502075195,36.11234991411644,35.44841240518101,35.9968828803387,6407150
2008-02-25,36.80514144897461,36.8628763256049,36.25667388573907,36.42987300972905,5071175
2008-02-26,37.20928192138672,37.29588149407561,36.603079406662935,36.689678979351825,3834775
2008-02-27,37.00722122192383,37.353622346510704,36.862889484726196,36.978356526255155,10096200
2008-02-28,36.60308837890625,36.89175460961142,36.5742209299503,36.834022464650964,4022150
2008-02-29,36.17007064819336,36.45873951808077,36.112338525986104,36.42987208050195,7324950
2008-03-03,36.14121627807617,36.14121627807617,35.82367987998675,36.025746494806455,7320475
2008-03-04,35.3040657043457,35.59273456534399,34.92880003917834,35.361800577725475,7613275
2008-03-05,35.506141662597656,35.88141015104614,35.361807205048116,35.59274123594706,7312125
2008-03-06,35.18861389160156,35.76595186267316,35.15974919540916,35.67934951524154,4220100
2008-03-07,34.66901397705078,35.1020147074648,34.66901397705078,34.928815516479794,5018700
2008-03-10,34.5246696472168,35.015405136792886,34.49580220595921,34.92880556597085,5241800
2008-03-11,35.53501510620117,35.621614694176365,34.957677178496496,35.33294573032403,6375575
2008-03-12,35.53501510620117,35.88141621105322,35.4772802122502,35.73708172912705,3872825
2008-03-13,35.65047836303711,35.85254496454867,34.66900729349359,34.87107389500515,15926675
2008-03-14,33.28339767456055,35.27520710236361,33.28339767456055,35.07313776364616,10181250
2008-03-17,34.23600769042969,34.582408796987764,33.803006995469914,33.86073913675395,10801725
2008-03-18,35.21747589111328,35.332942916869676,34.755607788087694,34.842207369167234,8471875
2008-03-19,34.14939498901367,35.217465345677596,34.14939498901367,35.04426623538086,4257100
2008-03-20,34.78447723388672,35.01541129868496,33.94734056075531,34.2360067652775,5967125
2008-03-24,35.8525505065918,35.91028265039741,35.59274897708801,35.650483873845026,4020275
2008-03-25,36.22780227661133,36.37213669861976,35.85253388056944,36.02573298461947,6281150
2008-03-26,35.93913650512695,36.343272370711205,35.85253694569832,36.28553749579187,6526850
2008-03-27,35.82368469238281,36.25668817895858,35.82368469238281,36.198953279567874,3585375
2008-03-28,35.96800994873047,36.40101057112894,35.96800994873047,36.08347696490012,5587025
2008-03-31,35.70820999145508,35.93914403360742,35.59274297037891,35.62161041388568,3459825
2008-04-01,36.74741744995117,36.74741744995117,36.28554931199299,36.34328420571339,3853950
2008-04-02,36.6896858215332,36.891752446473845,36.57421878543123,36.718553268796526,4209700
2008-04-03,36.86288070678711,37.06494729310801,36.747410939802855,36.77627838154892,4854900
2008-04-04,36.89175033569336,37.18041928590761,36.74741586058623,36.949485226916664,3404375
2008-04-07,37.151546478271484,37.382480503932086,37.093814348331705,37.382480503932086,3249375
2008-04-08,36.60308837890625,36.689687972822654,36.4876213360339,36.4876213360339,2358425
2008-04-09,36.05461502075195,36.285549088307434,35.9968828803387,36.22781694789418,5694550
2008-04-10,35.93913650512695,36.343272370711205,35.93913650512695,36.14120581439426,5775125
2008-04-11,36.17007064819336,36.42987208050195,36.02573621324966,36.19893808577218,6598350
2008-04-14,35.93913650512695,36.19893793636323,35.910269067667286,36.025736064555595,3391100
2008-04-15,36.198944091796875,36.256678976533706,35.91027517401435,36.198944091796875,2661600
2008-04-16,37.3536262512207,37.3536262512207,36.92062548846182,36.92062548846182,5943500
2008-04-17,36.80514144897461,37.093810326225174,36.718541886979615,36.8628763256049,8018450
2008-04-18,37.815486907958984,37.815486907958984,37.238149044426024,37.35361606654242,5143575
2008-04-21,37.70002365112305,37.72888834482178,37.38248724387586,37.440222137175795,2892425
2008-04-22,36.97834777832031,37.20928180674637,36.92061289473841,37.15154692316447,4342625
2008-04-23,37.38248825073242,37.44022314558739,37.00721969302908,37.15155417721518,2885175
2008-04-24,37.09379959106445,37.35359820186221,36.77626336739557,37.09379959106445,4903750
2008-04-25,37.815486907958984,37.93095393007538,37.61341755454206,37.815486907958984,4957150
2008-04-28,38.50830078125,38.59490038600246,38.07529725158412,38.13303215672029,7960625
2008-04-29,38.161895751953125,38.50829688890115,38.1041608526527,38.39282984325181,5294825
2008-04-30,38.3350830078125,38.62375190853071,38.13301642908015,38.21961599811535,4737600
2008-05-01,38.68148422241211,38.68148422241211,38.046417042507464,38.07528173035718,4674000
2008-05-02,38.59487533569336,38.854676734276374,38.392808804773246,38.79694186661348,2999050
2008-05-05,38.65262985229492,38.73922944486188,38.421695770148766,38.479427914209595,2169150
2008-05-06,38.82582473754883,38.88355962816705,38.42169151502568,38.450556207383684,3175300
2008-05-07,38.3350830078125,38.99902037828411,38.277350879439254,38.88355336858696,10361825
2008-05-08,38.50830078125,38.65263529113863,38.306234119177,38.50830078125,3978150
2008-05-09,37.90208435058594,38.046418808336156,37.78661733497592,37.815484777116126,4988675
2008-05-12,38.046424865722656,38.07528955950762,37.81549079773552,37.81549079773552,2874700
2008-05-13,38.075286865234375,38.21962133575079,37.84435281358853,38.21962133575079,6421100
2008-05-14,38.42168426513672,38.594883398407774,38.3350819455506,38.3350819455506,6868975
2008-05-15,39.1722297668457,39.201097215061615,38.739229055412515,38.85469609532479,5379100
2008-05-16,39.31655502319336,39.432022035993235,39.0856209975936,39.114488439031255,3398050
2008-05-19,39.258819580078125,39.60522058924375,39.229952141076694,39.43201870818569,5075850
2008-05-20,38.91242599487305,39.20109495448298,38.88356130127303,39.172227507931744,5171125
2008-05-21,38.2196159362793,38.79695098383097,38.190748495664046,38.71035141493588,5793425
2008-05-22,38.76808166503906,38.91241334497252,38.594879794988444,38.796946349255556,3766825
2008-05-23,38.4505615234375,38.79696265618586,38.27736233353906,38.768097959837114,4241175
2008-05-27,38.56602096557617,38.56602096557617,38.13302032323142,38.306222231939884,4800575
2008-05-28,38.13301467895508,38.19074680467869,37.87321323082248,38.075279800280924,6747950
2008-05-29,38.56602096557617,38.65262329640588,38.19075245750028,38.21961990111018,6538325
2008-05-30,39.085628509521484,39.22996299149889,38.99902892151555,39.02789636850129,6082800
2008-06-02,39.1722297668457,39.34543170318981,39.0278980316689,39.34543170318981,4256350
2008-06-03,39.14336395263672,39.4897650624714,38.97016202124373,39.37429802585984,3767775
2008-06-04,39.605228424072266,39.807295031154695,39.34542692756569,39.37429437227776,6231875
2008-06-05,39.922760009765625,39.922760009765625,39.345424909885786,39.345424909885786,4807900
2008-06-06,38.50830078125,39.287702729925705,38.50830078125,39.17223567260517,7114650
2008-06-09,38.56602096557617,38.82582245216341,38.39282180981865,38.681487987064834,4186575
2008-06-10,37.7288818359375,37.93095117467559,37.64228226387875,37.671149705548586,5167175
2008-06-11,37.180416107177734,37.930953111206925,37.151548664034095,37.72888376215236,7621975
2008-06-12,37.09379959106445,37.35359820186221,37.007197301182224,37.18039912799704,6542575
2008-06-13,37.469085693359375,37.52682058490655,37.036085018560144,37.064952464333736,4547775
2008-06-16,37.815486907958984,37.90208648630854,37.58455286372618,37.6422849983089,5033725
2008-06-17,38.075286865234375,38.24848878044428,37.95981983941145,38.16188919931485,2371675
2008-06-18,37.67115020751953,37.95981636921211,37.67115020751953,37.87321679599942,4843425
2008-06-19,37.555686950683594,37.58455439562703,37.18041842527206,37.382485033974014,4730300
2008-06-20,36.31440734863281,36.747407927526545,36.28553990925308,36.63194092295818,6691575
2008-06-23,36.57421875,36.660818338754765,36.372152125255106,36.516483855529295,4776425
2008-06-24,36.28554153442383,36.63194256364367,36.17007452468388,36.314408975096484,5596175
2008-06-25,36.83665466308594,37.097702268621056,36.66262477016604,36.691627908215835,6220975
2008-06-26,35.9084587097168,36.314532740498684,35.58940232091511,36.227515098518474,6685950
2008-06-27,36.11150360107422,36.22752438730937,35.850456140506694,36.082497712977,6110900
2008-06-30,36.16952896118164,36.48858555161551,36.16952896118164,36.28554979098985,6547075
2008-07-01,36.314552307128906,36.34355543726311,35.64743052326081,35.966487083973234,7092725
2008-07-02,35.531402587890625,36.14051245718634,35.473390806932,36.024491661423056,5777200
2008-07-03,35.64742660522461,35.8794682177215,35.47339401277483,35.79245330457372,4099750
2008-07-07,35.64742660522461,35.99548902396995,35.5023999058755,35.676432498325276,6692525
2008-07-08,35.50239944458008,35.56041123002764,35.03831622561629,35.18334292308102,5374475
2008-07-09,34.922298431396484,35.5314084003341,34.922298431396484,35.47339660988556,6581600
2008-07-10,35.241355895996094,35.38638260973093,34.922299338703034,35.12533507823912,6956950
2008-07-11,34.77727508544922,34.9803136055047,34.45821850558301,34.80628098347924,6332950
2008-07-14,35.009315490722656,35.29936892838492,34.83528564104897,35.27036303138778,7357000
2008-07-15,34.42921829223633,34.83529263324042,34.2551884076311,34.51623323453894,6382075
2008-07-16,35.29936981201172,35.41539063674998,34.66125389287393,34.71926568832039,6810275
2008-07-17,35.12533187866211,35.56041198023505,34.98030794429203,35.44439117304645,6000800
2008-07-18,34.98031234741211,35.038321375231135,34.777273834659056,35.00931547824433,3799425
2008-07-21,34.98031234741211,35.183348094010576,34.893294656451694,35.12533630003697,3127300
2008-07-22,35.444400787353516,35.4734039224021,34.98031743271631,35.06733237017204,5690750
2008-07-23,35.67644119262695,35.87947696150273,35.531414457935014,35.61842939228822,5262175
2008-07-24,35.64742660522461,36.1115098302184,35.53140579897616,36.053500810171286,7570050
2008-07-25,35.241355895996094,35.502403427487906,35.154340974216986,35.35737671375307,5320250
2008-07-28,34.83527755737305,35.41538153192737,34.80627166710684,35.2703548467503,3800525
2008-07-29,35.038326263427734,35.067332164461156,34.60324881254635,34.71926965052505,4299150
2008-07-30,35.357383728027344,35.41539553149158,35.096338910903384,35.299374690718146,5700825
2008-07-31,34.80628204345703,35.125338633039675,34.748270245630316,34.95130877186906,4916775
2008-08-01,34.31319046020508,34.60324389702615,34.197169638707564,34.5452321032001,5262775
2008-08-04,33.443023681640625,33.70407114946849,33.41402055889049,33.675065260564544,5882925
2008-08-05,34.197174072265625,34.371206710151974,33.87811746332141,33.96513239918712,6364900
2008-08-06,33.99413299560547,34.05214202174622,33.8201003848742,33.965127099457845,3583225
2008-08-07,33.239990234375,33.617058517106216,33.18197845265296,33.501037719816146,4548250
2008-08-08,33.73308181762695,33.79109083749966,32.97894519620231,33.007951089215766,5242925
2008-08-11,33.93611526489258,34.023130171954385,33.704073668625085,33.84910035783077,7117625
2008-08-12,33.70408248901367,33.820103317510174,33.55905576185435,33.73308838767648,5252950
2008-08-13,33.12397766113281,33.35601931332444,32.97895093697438,33.32701341526181,5657675
2008-08-14,32.920936584472656,33.12397230577561,32.74690399038852,32.775909883761585,6789850
2008-08-15,32.68890380859375,32.978954522288866,32.65989790737775,32.833927782363816,3425100
2008-08-18,32.97895812988281,33.41403839725173,32.80492823585948,33.35602658847376,6696850
2008-08-19,32.45685958862305,32.60188632954722,32.34083874911471,32.543877292870555,5353675
2008-08-20,32.8049201965332,32.8049201965332,32.456854961474434,32.60188168172316,3230725
2008-08-21,33.007957458496094,33.036963357106586,32.57287727780293,32.65989497363441,2487825
2008-08-22,32.775917053222656,32.83392608650354,32.514869488071575,32.65989622050605,7490400
2008-08-25,32.4858512878418,32.86291954293556,32.31182148773932,32.83391365420054,2554750
2008-08-26,32.659889221191406,32.74690413554205,32.54386841333912,32.5728715406865,4018625
2008-08-27,32.8049201965332,32.8049201965332,32.543872653316434,32.65989347628449,2934325
2008-08-28,33.065956115722656,33.065956115722656,32.891926310967854,32.97894121334525,2317875
2008-08-29,33.09496307373047,33.44302546063141,33.036954058990624,33.327004664997766,3171275
2008-09-02,32.659889221191406,33.06596066559727,32.5728715406865,32.97894575124662,3284025
2008-09-03,32.8049201965332,32.8049201965332,32.4858608587551,32.51486675603577,3250425
2008-09-04,31.760719299316406,32.34082321827831,31.702710290497052,32.25380832197244,5875625
2008-09-05,31.760719299316406,31.84773419562227,31.383651060452745,31.644698515524023,6071325
2008-09-08,32.543861389160156,32.688888059211905,32.1087813790049,32.60187039748866,7855950
2008-09-09,31.644710540771484,32.28282647719567,31.615704642262493,32.19581154782342,4825650
2008-09-10,32.050785064697266,32.253820823491786,31.847746539747995,32.1668058934591,7485625
2008-09-11,31.876752853393555,31.96377055071364,31.35466050024699,31.470681330518982,7449325
2008-09-12,32.07978439331055,32.10878751994494,31.760725104944534,31.84774001715609,4412275
2008-09-15,31.180627822875977,31.325654552027288,30.745550401576832,30.919580263634575,7653825
2008-09-16,30.890573501586914,30.977591196339567,30.252460336995696,30.48450199069336,9485975
2008-09-17,29.788375854492188,30.687536535561364,29.643349135113564,30.39748309680412,9587950
2008-09-18,31.122623443603516,31.47068878299859,29.817388102416047,30.571525060846298,12544450
2008-09-19,32.8049201965332,32.97895004790797,31.528688377730028,32.021777566882896,5472150
2008-09-22,31.67371368408203,32.31182956499849,31.470677944489996,32.31182956499849,6244525
2008-09-23,31.3836669921875,31.87675626515742,31.035604464118453,31.644714579778057,5929650
2008-09-24,31.818750381469727,32.02178618476731,31.528696862911445,31.905765330575065,7250450
2008-09-25,32.36984634399414,32.514873092505546,31.963774767548397,31.992777904326555,10877450
2008-09-26,32.19580078125,32.28281568152366,31.76072074757409,31.84773564784775,4939525
2008-09-29,29.701353073120117,31.122608593923655,29.266275755699972,31.03559368367045,7425900
2008-09-30,30.919574737548828,30.97758652530314,30.194443987545696,30.33947069077718,8709175
2008-10-01,30.542509078979492,30.861568407142258,30.339473336442847,30.484500052320964,6454650
2008-10-02,29.237274169921875,30.13643759548983,29.150259246852244,30.04941990626567,7057900
2008-10-03,28.65716552734375,29.701352737028873,28.65716552734375,29.20826364091682,6825125
2008-10-06,27.728992462158203,28.04804889698686,25.002500142155416,27.84501323538257,12515700
2008-10-07,26.713817596435547,27.990046530657416,26.713817596435547,27.874025718455428,7462950
2008-10-08,25.72764015197754,26.713818471059597,25.524604415515157,25.75664604751629,11219225
2008-10-09,24.538423538208008,26.59779488213655,24.50941764569323,26.4817740782316,8608250
2008-10-10,23.46523666381836,24.045340837935555,22.218010614850222,23.00115194144716,13757125
2008-10-13,27.177902221679688,27.496958779855316,25.089524730122797,25.1185306261809,14758900
2008-10-14,27.032878875732422,28.57015836449675,26.336753880530566,28.483140665480384,13298350
2008-10-15,24.219377517700195,26.423773747462953,24.161365707523498,26.365764703441613,9046650
2008-10-16,25.698637008666992,25.72764290731217,23.813297855206343,25.147538765182336,10846875
2008-10-17,25.35057830810547,26.22073603428785,24.857489022140623,24.915500828091854,6829725
2008-10-20,27.351930618286133,27.351930618286133,26.191719850083963,26.33674654187849,8129800
2008-10-21,26.36575698852539,27.090887806620568,26.162721244628198,26.597798629023483,12186225
2008-10-22,24.77046775817871,25.611619366731503,24.306384493619163,25.553610341738786,12543450
2008-10-23,25.61161994934082,25.727640768119933,24.219370123991485,25.002509959211856,12892425
2008-10-24,24.074342727661133,24.567431885056276,23.233191123779026,23.291200148449633,9620725
2008-10-27,22.62408447265625,23.72628376477196,22.53706815671978,23.262200434650577,11553525
2008-10-28,25.379587173461914,25.46660212639025,23.117177651159103,23.84231009633576,18177600
2008-10-29,24.799476623535156,25.843664093837507,24.741464825440968,24.973506485508157,14353650
2008-10-30,26.133712768554688,26.597796003744524,25.66962953336485,26.365754386149607,10348050
2008-10-31,26.104707717895508,26.423764260854217,25.263556135409495,25.379576947953968,9309950
2008-11-03,26.278749465942383,26.452779362251917,25.930684141012662,26.16272861301759,7622500
2008-11-04,27.728992462158203,27.728992462158203,27.090876826347465,27.235903484416284,11708300
2008-11-05,27.148895263671875,28.106067666912736,26.974865426439568,27.81601701614076,11926400
2008-11-06,24.799476623535156,26.539789074039074,24.712461692548658,26.336753313018978,10479850
2008-11-07,26.249736785888672,26.27874268317203,25.756647596690023,25.98868924264767,6729400
2008-11-10,26.48177719116211,26.974866357259287,26.162720634456957,26.82983964379168,7152950
2008-11-11,25.379587173461914,25.843670610620343,24.94450964266476,25.553619845474067,7589650
2008-11-12,24.683456420898438,25.379581418793904,24.596438721545365,25.263560585811327,9808175
2008-11-13,26.36575698852539,26.45277191217354,24.39340027813705,25.205546019880376,12570750
2008-11-14,24.94449806213379,25.843658612652366,24.8574803834481,25.292560478413968,10648425
2008-11-17,24.886497497558594,25.408592740466467,24.538434924338492,24.886497497558594,7918675
2008-11-18,24.886497497558594,24.886497497558594,24.103357399352223,24.480423112390753,9759625
2008-11-19,23.291200637817383,24.56743240123873,23.117169410917356,24.277378973328105,7842100
2008-11-20,22.62408447265625,23.55225113289902,22.30502649165909,23.378221267180923,15923525
2008-11-21,24.016328811645508,24.103346490182933,22.71109406128022,23.668266395958376,10874550
2008-11-24,25.147537231445312,25.727641338194857,24.306385585119827,24.509421330943525,12484275
2008-11-25,25.031518936157227,25.495602268389945,24.45141477086633,25.379581435331765,9358350
2008-11-26,25.495603561401367,25.524609462675663,24.42241010964741,24.4514160109217,6989375
2008-11-28,25.1185359954834,25.35057768124012,24.828485271365043,24.828485271365043,2462700
2008-12-01,23.66827392578125,24.915500053401537,23.610264887788833,24.857488249254047,9914875
2008-12-02,24.85748291015625,24.944500597687096,24.190363902679955,24.48041456265268,9474675
2008-12-03,25.08952522277832,25.176542912661297,24.161358659929647,24.190364556557306,10907450
2008-12-04,24.103351593017578,24.77047067277943,23.784292236475146,24.248375555640745,7400975
2008-12-05,24.48041534423828,24.596436165162462,23.43622795592067,24.016332060541565,5508850
2008-12-08,25.582616806030273,25.785655335358403,25.147539380328936,25.23455431223824,7254325
2008-12-09,25.408580780029297,25.872663992534175,25.147533281456766,25.292559976903078,7481400
2008-12-10,25.959688186645508,26.046703128568584,25.553616613567726,25.81466143933696,7583175
2008-12-11,25.87265968322754,26.568784386039496,25.72763301193663,26.278733809611353,8043425
2008-12-12,26.452777862548828,26.626810515147152,25.75665278446587,25.84366772768745,13175300
2008-12-15,26.307743072509766,26.568790588544417,25.98868653410871,26.510781566178007,10094275
2008-12-16,27.641984939575195,27.641984939575195,26.27874104604099,27.641984939575195,11972275
2008-12-17,27.583972930908203,27.758002752631796,27.20690462896823,27.26491364749138,11340475
2008-12-18,26.626798629760742,27.32292339711495,26.33674526028619,27.293917506936705,15051850
2008-12-19,26.510780334472656,27.03287257613094,26.365753636063168,26.51078033447266,10981700
2008-12-22,26.452777862548828,27.061887997410206,26.017700380285774,27.061887997410206,11319475
2008-12-23,25.999467849731445,26.555135767713974,25.765502116992327,26.438152901344413,6162525
2008-12-24,26.321163177490234,26.321163177490234,26.087197505706477,26.233426747844028,2836500
2008-12-26,26.818336486816406,26.847582888219563,25.794734750428773,26.028700383473314,2879450
2008-12-29,27.023059844970703,27.198535491095008,26.701357747682042,27.140042679356647,4917850
2008-12-30,27.783451080322266,27.783451080322266,27.110800445562315,27.140044063832505,4422400
2008-12-31,28.017419815063477,28.134402668168683,27.60797843464964,27.60797843464964,3940250
2009-01-02,28.163646697998047,28.42685879250781,27.75420535219497,27.988171038627875,4708875
2009-01-05,27.461755752563477,27.78345794575716,27.28628005412681,27.607982247320493,8367850
2009-01-06,27.198535919189453,27.403255185314368,26.935323840405523,27.227782325518962,6473025
2009-01-07,26.935335159301758,27.22779376731356,26.701369388529113,27.11081088192724,5315475
2009-01-08,27.315519332885742,27.344765739833537,26.906078002889217,27.140043680289835,5735900
2009-01-09,26.847585678100586,27.169287759694082,26.67211004053736,27.110797739900104,8126150
2009-01-12,26.525880813598633,26.87682929971624,26.350407965085154,26.84758568435775,7000375
2009-01-13,26.028711318969727,26.262677050310774,25.823992001319187,25.970221280680224,10109125
2009-01-14,25.268314361572266,25.64850922594772,25.034348720278206,25.61926282351335,9617850
2009-01-15,25.59002685546875,25.853239006522507,25.03435892809315,25.648519684188066,9266225
2009-01-16,25.765506744384766,26.23343829390183,25.326818824893486,26.174945455666176,5842400
2009-01-20,24.65416145324707,25.590024306815682,24.59566863035338,25.502287861566455,6893325
2009-01-21,25.736255645751953,25.736255645751953,24.946619207699143,25.092848487607984,10605775
2009-01-22,25.092851638793945,25.239080937066408,24.5956736981227,25.03436159294009,6925150
2009-01-23,25.03435516357422,25.151338014330076,24.3324552699479,24.42019449983317,6776475
2009-01-26,25.005109786987305,25.268321909338425,24.80038769788572,24.85888052022654,9289175
2009-01-27,25.79475212097168,25.99947427956615,25.619279172567538,25.70701564676961,7463700
2009-01-28,26.26268196105957,26.43815768692259,26.028716185970243,26.145699073514905,10649100
2009-01-29,25.268314361572266,25.73624564416038,25.239067959137895,25.677752839291642,8157250
2009-01-30,24.65416145324707,25.414548627225916,24.566422218906535,25.414548627225916,5159275
2009-02-02,24.65416145324707,24.829634343745532,24.449439362210455,24.59566863035338,5729025
2009-02-03,25.12209701538086,25.297569934763924,24.77114838752296,24.946621306906028,7880825
2009-02-04,25.356056213378906,25.64851472221315,25.15133693064956,25.473039059094393,6591275
2009-02-05,25.268314361572266,25.414540795563216,24.74189027411541,24.97585591540947,5878450
2009-02-06,25.41455078125,25.473043609101282,24.946619314805908,25.00511214265719,5829600
2009-02-09,24.946619033813477,25.18058476440019,24.829636168520118,24.858882582116337,3845350
2009-02-10,24.069246292114258,24.888129143108994,23.981509839897512,24.741899863353396,8715925
2009-02-11,24.186235427856445,24.390954775520722,23.893776826257252,24.303218310677735,6804900
2009-02-12,24.156986236572266,24.18623265119298,23.60131551514511,23.835281253927615,7145225
2009-02-13,23.513574600219727,23.981505989025518,23.513574600219727,23.86452314182407,5413400
2009-02-17,22.723936080932617,23.162622385646976,22.665444666607055,23.04563955699586,11458225
2009-02-18,22.899415969848633,23.13338168483602,22.72394168360809,23.10413666773543,8972075
2009-02-19,22.577713012695312,23.191873728083067,22.519221582398654,23.04564584961427,6173825
2009-02-20,22.285253524780273,22.51921922143746,21.846567146275273,21.8758135556302,10220850
2009-02-23,21.34939193725586,22.285254776448028,21.29090050980635,22.25600975999609,9070675
2009-02-24,22.226762771606445,22.314500607774335,21.37863639834779,21.612602102068028,14995650
2009-02-25,21.641849517822266,22.051289518355944,21.466375231879258,21.992798089708277,11038900
2009-02-26,21.37863540649414,22.02204245641976,21.261652560061396,21.93430462432244,8129075
2009-02-27,21.554113388061523,21.96355481563317,21.524868368689702,21.524868368689702,9981725
2009-03-02,20.793720245361328,21.437125871996976,20.705982417183733,21.29089801776161,11244925
2009-03-03,20.735227584838867,21.027684670366803,20.472015510591028,20.998438264541317,14279900
2009-03-04,21.29090690612793,21.612609156474836,21.05693973149466,21.14467759630039,9009875
2009-03-05,20.88145637512207,21.232406288179885,20.588999276361765,21.086177041527005,11128800
2009-03-06,20.82297134399414,21.173919970179846,20.267301988593836,20.969200635511122,10211325
2009-03-09,20.091829299926758,20.530515815399664,20.00409283355977,20.033337857500104,10924575
2009-03-10,21.11542320251465,21.261652457120356,20.647491819049222,20.676738227788572,11191800
2009-03-11,21.20316505432129,21.43713079041406,20.99844433796722,21.29090290262897,8960100
2009-03-12,21.17391586303711,21.261653699837808,20.50126515726272,20.67673943631851,11985650
2009-03-13,21.37863540649414,21.43712682971051,21.027686867195907,21.261652560061396,8559375
2009-03-16,21.758834838867188,22.25601273594058,21.6418519683259,21.81732627413783,7952000
2009-03-17,22.51921844482422,22.51921844482422,21.700338534764523,21.72958354856533,9610900
2009-03-18,23.045642852783203,23.279608543545184,22.08053368111728,22.197516526498273,15836600
2009-03-19,22.92866325378418,23.455087527078554,22.870171822812107,23.42584111431966,12712500
2009-03-20,22.431480407714844,22.95790316946282,22.343742583484143,22.840920333518824,8430150
2009-03-23,24.186235427856445,24.21547905674282,23.425845294972085,23.63056464263636,11948525
2009-03-24,23.513574600219727,23.86452314182407,23.42583816209141,23.60131103834804,7684900
2009-03-25,24.215465545654297,24.507923984075465,23.659797859562524,23.95225350889332,15511050
2009-03-26,24.47868537902832,24.595668233838477,24.186229636548557,24.507931790003674,10041325
2009-03-27,24.069246292114258,24.215475571869856,23.92301980145019,24.12773911965311,6927575
2009-03-30,23.133378982543945,23.396591078430852,23.016396138715432,23.396591078430852,6554625
2009-03-31,23.104137420654297,23.367348161319807,22.92866312869539,23.04564599000133,9234550
2009-04-01,23.77678871154785,23.806035123090723,23.16262801460413,23.25036446014143,22779350
2009-04-02,24.624914169311523,24.91737269523523,24.361702053798428,24.39094846420904,16562200
2009-04-03,24.420194625854492,24.537177477214044,24.186228923135385,24.39094821574181,14275350
2009-04-06,23.89377212524414,23.981508572825298,23.659806405633464,23.92301853746832,5998475
2009-04-07,23.747541427612305,23.952260722709177,23.689051395766576,23.893770690863448,3632025
2009-04-08,23.92302131652832,24.1277406476964,23.77679202751182,23.9815113586799,6066225
2009-04-09,24.800384521484375,24.917370151182645,24.624911655118822,24.741894495726164,5730600
2009-04-13,24.8588809967041,24.9758638545367,24.36170315364271,24.44943959974433,5698575
2009-04-14,24.624914169311523,24.88812628482462,24.566421348490298,24.68340420104154,10054500
2009-04-15,24.741897583007812,24.741897583007812,24.361702606320673,24.44943905045116,10195025
2009-04-16,24.829639434814453,24.975868732940228,24.47869079276772,24.683410136688675,6731500
2009-04-17,24.946619033813477,25.063601899106832,24.829636168520118,25.00511186100591,7057275
2009-04-20,24.390947341918945,24.741895883424625,24.361700932854035,24.683403065294804,6618525
2009-04-21,24.683401107788086,24.771140328024693,24.30320897645955,24.30320897645955,5707550
2009-04-22,24.771148681640625,25.151343730273833,24.537182926957392,24.566426554473946,7157975
2009-04-23,24.917373657226562,25.06360013674261,24.683405153999992,24.94661727967498,4953475
2009-04-24,25.297565460205078,25.531531170727177,25.180582604944025,25.326811871293156,5410350
2009-04-27,25.239078521728516,25.4145514315895,25.034359197193496,25.063602822775916,9966950
2009-04-28,24.829639434814453,25.00511515038376,24.624920090893493,24.712656554132206,5250000
2009-04-29,25.03435516357422,25.35605730588004,24.94661593368895,25.00510875361246,10522400
2009-04-30,24.88812828063965,25.356059728368713,24.800389042371876,25.12209400450418,10063850
2009-05-01,25.268314361572266,25.297557974916185,24.97585591540947,25.092838736056496,5056550
2009-05-04,25.940963745117188,25.970210146268663,25.356049667539356,25.38529606869083,10938800
2009-05-05,25.853235244750977,25.970218096076454,25.677759573217173,25.88248165485514,6748350
2009-05-06,26.467395782470703,26.52588581330275,26.057954410281713,26.204183670998578,9545850
2009-05-07,25.853235244750977,26.35041306015705,25.677759573217173,26.26267382984456,12432775
2009-05-08,26.90608787536621,26.90608787536621,26.379666302603788,26.49664918422787,8062925
2009-05-11,26.642873764038086,26.789103052746167,26.525890890889958,26.642873764038086,10050425
2009-05-12,26.789098739624023,26.993818037399922,26.555133030996927,26.847591561326425,9444400
2009-05-13,26.291915893554688,26.49663794134945,26.08719663485064,26.467391536080097,7538000
2009-05-14,26.321163177490234,26.584375255519667,26.087197505706477,26.14568752910701,5405375
2009-05-15,26.584379196166992,26.8475913132128,26.438149932353628,26.701362049399435,6072525
2009-05-18,26.818336486816406,26.847582888219563,26.525878050965556,26.55512445236871,4560150
2009-05-19,26.642873764038086,26.964578757014205,26.642873764038086,26.75985663718621,4024700
2009-05-20,26.993820190429688,27.344771570453503,26.964576566337264,27.052313016797484,3765925
2009-05-21,26.642873764038086,26.906085925894295,26.496647264421703,26.818349468306124,6133150
2009-05-22,26.73061180114746,27.11080681894782,26.701365386910915,27.052313990474733,3565200
2009-05-26,27.607982635498047,27.695721880495828,26.789102539160282,26.818348954159543,8535175
2009-05-27,27.08155632019043,27.490994901383022,26.906080650328498,27.490994901383022,4088375
2009-05-28,26.90608787536621,27.081563592348285,26.672122112118046,26.93533429304521,5175250
2009-05-29,27.40326499938965,27.403264999389645,27.023069948217252,27.2277920767512,11545600
2009-06-01,27.841949462890625,28.01742236396658,27.72496381005135,27.871193087008965,7579550
2009-06-02,27.871191024780273,28.017420290918178,27.6957181366878,27.783454580734038,5801425
2009-06-03,27.257030487060547,27.578735432138267,27.081557598010228,27.490996198521824,5333050
2009-06-04,27.461755752563477,27.66647507649658,27.403262923387384,27.52024579264796,5198500
2009-06-05,27.140050888061523,27.43250945702799,27.05231443300823,27.403263042313018,5733175
2009-06-08,27.286279678344727,27.490998999458473,26.906084661210933,27.16929681069522,4462900
2009-06-09,27.520240783691406,27.637223631659943,27.227785058315607,27.403257935722866,5285425
2009-06-10,27.549484252929688,27.87118635323898,27.257025769673383,27.84194273618599,5652200
2009-06-11,28.017419815063477,28.280631931822995,27.783454108853064,27.81270051940217,5407275
2009-06-12,27.988176345825195,28.04666917307049,27.81270344227234,27.95893272129406,3701600
2009-06-15,27.490991592407227,27.695713647453136,27.19853589662721,27.66646724114789,13295650
2009-06-16,27.198535919189453,27.607974451439286,27.11079948929175,27.578730834200595,6039275
2009-06-17,27.520240783691406,27.666470040924853,27.25702867848942,27.520240783691406,7558700
2009-06-18,27.286279678344727,27.60798186710798,27.286279678344727,27.403262545994235,4706550
2009-06-19,27.724964141845703,27.783456968965343,27.49099841155016,27.5494912386698,5577325
2009-06-22,27.110803604125977,27.461752166074017,26.90608151783785,27.432505755305538,7948900
2009-06-23,27.287229537963867,27.43425181391035,27.05199501813616,27.14020726201738,7021875
2009-06-24,27.34603500366211,27.787098953633997,27.257822774510974,27.522459461964385,6493350
2009-06-25,27.992937088012695,28.02233930107473,27.228423464064,27.28723069440486,5413400
2009-06-26,28.081148147583008,28.198765407505395,27.904720855591087,28.081148147583008,3985300
2009-06-29,27.934120178222656,28.08114242421442,27.816502942272468,27.904715168181085,3992550
2009-06-30,27.728294372558594,27.904718847638787,27.463654855721835,27.816506610098692,6348325
2009-07-01,28.051738739013672,28.19876099194907,27.845909267433854,27.875311474647948,7785975
2009-07-02,27.43425178527832,27.522464029067475,27.228422281698062,27.463656801280262,4864675
2009-07-06,27.610681533813477,27.75770101847133,27.493064263557038,27.581276515195135,7246125
2009-07-07,27.316635131835938,27.5812746732943,27.19901786943408,27.55186965663965,5419350
2009-07-08,27.316635131835938,27.316635131835938,27.051995590377576,27.19901786943408,11203500
2009-07-09,27.316635131835938,27.37544516514523,27.169612852779434,27.28723011518129,7928450
2009-07-10,27.022586822509766,27.16960908115698,26.816757342933474,26.963779601580686,4498825
2009-07-13,27.081405639648438,27.257832968145593,26.757958808990452,26.934383333270354,5766450
2009-07-14,27.081405639648438,27.228427946026525,26.993193377508486,27.14021287966932,7353525
2009-07-15,27.375438690185547,27.46365091506841,27.169606426504103,27.199011436203747,10127075
2009-07-16,27.257823944091797,27.34603617702795,27.081396674003162,27.169608906939317,4372925
2009-07-17,27.257823944091797,27.31663116464379,27.110801686387322,27.169608906939317,3440825
2009-07-20,27.610681533813477,27.669488766833233,27.40484920770202,27.4636592449387,5878450
2009-07-21,27.845903396606445,28.051732824790683,27.728286179898934,27.96352061331396,5340400
2009-07-22,28.169357299804688,28.22816732541965,27.875312780162588,27.963527818585035,4978700
2009-07-23,28.286983489990234,28.434005796293647,27.875321593184136,27.9341316373924,10896350
2009-07-24,28.433990478515625,28.52220269308965,28.228161043104322,28.316373257678347,2495425
2009-07-27,28.37518882751465,28.433998857371144,28.08114709088188,28.198764346378304,4822925
2009-07-28,28.345779418945312,28.46339664457513,28.22816219331549,28.345779418945312,4909425
2009-07-29,28.551618576049805,28.55161857604981,28.198766779119598,28.404596292941353,6034300
2009-07-30,28.87505531311035,29.169099777062055,28.84565311008785,28.87505531311035,6540375
2009-07-31,29.02208137512207,29.286720866759836,28.84565691684103,28.992676364003163,5923600
2009-08-03,29.521961212158203,29.61017345882311,29.345533914611632,29.463153982453854,5453600
2009-08-04,29.4925479888916,29.492547988891605,29.25731352709471,29.34552574921455,3472550
2009-08-05,29.28672218322754,29.31612719566823,28.904465434147514,29.19850995012179,7359250
2009-08-06,29.257320404052734,29.4043426782875,28.992680871273485,29.37493766259722,6955600
2009-08-07,29.13970375061035,29.31613104419901,29.02208648962348,29.169108766911243,4867150
2009-08-10,29.13970375061035,29.169108766911243,28.9338742449375,28.992681473322587,4241300
2009-08-11,29.13970375061035,29.227915995296332,29.05149150592437,29.19851378321214,4578600
2009-08-12,29.28672218322754,29.52195667432042,29.080892704575344,29.11029491279971,4604250
2009-08-13,29.551359176635742,29.639571402248645,29.257314685637937,29.433741941079838,4190675
2009-08-14,29.668970108032227,29.757182314901513,29.31611847633958,29.727777311206587,3040850
2009-08-17,28.84565544128418,28.963272675527072,28.66922818781181,28.904462656297596,7886425
2009-08-18,29.080894470214844,29.2279139329119,28.933872203301288,29.02208444176282,3298725
2009-08-19,29.169109344482422,29.40434387111399,28.8456625714182,28.8456625714182,3612225
2009-08-20,29.521961212158203,29.668983492744218,29.257321667946727,29.31613170186784,5976650
2009-08-21,29.845409393310547,29.963026662481763,29.668984891662173,29.698389910009197,6347400
2009-08-24,29.786603927612305,29.874816183668763,29.698391671555846,29.72779388742996,5261600
2009-08-25,30.021839141845703,30.198266462065643,29.90422186310478,30.0218391418457,6582025
2009-08-26,30.051237106323242,30.051237106323246,29.816002604076274,29.93361985519976,5899850
2009-08-27,30.139446258544922,30.25706349762913,29.75718953046719,29.992424008635613,6533600
2009-08-28,30.110048294067383,30.25707057838282,29.992431027458405,30.227665560676364,7317425
2009-08-31,30.051237106323242,30.051237106323246,29.78659759024129,29.8454048136948,3547650
2009-09-01,29.61017417907715,30.110048262698758,29.463154699131714,29.845408712050045,8890650
2009-09-02,29.69839096069336,29.816008234025695,29.551368667973687,29.61017590253136,4488225
2009-09-03,29.61017417907715,29.66898421442879,29.345534628428435,29.580771965618162,5376000
2009-09-04,29.551359176635742,29.72778362786155,29.22790967569494,29.40433693113684,6210675
2009-09-08,29.815994262695312,29.90420647530539,29.69837704447665,29.874801469696806,5056225
2009-09-09,29.933618545532227,30.051235791509676,29.668979041028884,29.727786261909436,7181600
2009-09-10,30.286468505859375,30.40408574493351,29.933616788636975,30.139446255962664,5514875
2009-09-11,30.257064819335938,30.521704319889594,30.227659807226352,30.315874843555104,5146000
2009-09-14,30.139446258544922,30.168851269370016,29.786594541292285,29.786594541292285,6658400
2009-09-15,29.904212951660156,30.021830195351182,29.639573452301278,29.757190695992303,8838900
2009-09-16,30.051237106323242,30.110044329776755,29.78659759024129,29.99242707865327,6473100
2009-09-17,29.75719451904297,30.051239068156,29.69838729175035,29.816004550552236,7941275
2009-09-18,29.904212951660156,30.139447439042208,29.78659570796913,30.139447439042208,29051975
2009-09-21,29.61017417907715,29.786601480915238,29.404344663780076,29.463154699131714,6535150
2009-09-22,29.9924259185791,30.110043165153282,29.904213684702558,30.110043165153282,5688350
2009-09-23,29.668970108032227,30.227651157158377,29.6395651043373,30.021821739724874,7281525
2009-09-24,29.69839096069336,30.28647732735504,29.58077368736102,30.198265073410035,13516775
2009-09-25,29.46315574645996,29.845409772966292,29.43375072773888,29.639580250352587,10622725
2009-09-28,29.69839096069336,29.874815468583364,29.463156414028685,29.521963648586357,5029150
2009-09-29,29.080894470214844,29.37493619982546,28.99267942753681,29.286723961363926,7508575
2009-09-30,29.227914810180664,29.46315212683285,29.05149032796226,29.404342096615657,7149925
2009-10-01,28.492801666259766,29.080890656797067,28.46339946010581,29.051485646426976,7902050
2009-10-02,28.11055564880371,28.404597422496867,27.992938378483064,28.13995786322118,10160175
2009-10-05,28.345779418945312,28.433991637113714,27.96352273459443,28.051734952762832,5737600
2009-10-06,28.669239044189453,28.875068581003386,28.551621765407617,28.639834023439715,8149700
2009-10-07,28.933879852294922,28.96328487429448,28.669240262733393,28.69864528473295,7656450
2009-10-08,29.257320404052734,29.492554921141704,29.169108161198533,29.316130435433298,7071575
2009-10-09,29.257320404052734,29.316130435433298,29.08089591834433,29.198513176888813,5812975
2009-10-12,29.316131591796875,29.55136611816458,29.286726574946723,29.404343838130576,3383225
2009-10-13,29.169109344482422,29.25732159091507,29.051492081166636,29.227916574031937,5579375
2009-10-14,29.4925479888916,29.521952997670212,29.34552574921455,29.43374077555037,4652075
2009-10-15,29.345529556274414,29.374934568867797,29.11029506396003,29.11029506396003,4176200
2009-10-16,28.816253662109375,28.904465896626544,28.61042137594748,28.669231401769842,4720750
2009-10-19,29.28672218322754,29.40433942877398,29.02208267969396,29.1396999252404,6308825
2009-10-20,29.198505401611328,29.40433484819964,28.933865939302986,29.374929840339625,4341725
2009-10-21,29.110300064086914,29.433749649738722,29.022087815371343,29.051492833015473,5280425
2009-10-22,29.169109344482422,29.227916574031937,28.669235274336142,28.8456625714182,5464325
2009-10-23,28.492801666259766,28.8456561822686,28.286972202101392,28.757441151158325,6564675
2009-10-26,28.404586791992188,28.904460704829802,28.257564558060675,28.728036267484686,7384925
2009-10-27,28.286983489990234,28.49281303628466,28.228176249999223,28.375195752085382,6572950
2009-10-28,27.992937088012695,28.22817161780971,27.934127053455047,28.169361583252062,7971175
2009-10-29,28.433990478515625,28.551607699352903,28.286968251415093,28.316373257678347,5258600
2009-10-30,28.081148147583008,28.49280715520303,27.875315839556322,28.433999927350175,9545750
2009-11-02,28.345779418945312,28.581013870204952,28.139947170931233,28.375181622190876,10579775
2009-11-03,28.316377639770508,28.316377639770504,27.934120911839393,27.99293093346703,6074750
2009-11-04,28.257572174072266,28.522211705631747,28.198764947179395,28.37518943207463,5968950
2009-11-05,28.463397979736328,28.551610202042593,28.28697073090782,28.34578074858932,4167500
2009-11-06,28.286983489990234,28.375195752085382,28.051748921591678,28.081153943695814,6386500
2009-11-09,28.61042594909668,28.728046019542038,28.316384185633755,28.37519141663961,4611550
2009-11-10,28.404586791992188,28.433991799621662,28.22816235464707,28.316374573319628,4896025
2009-11-11,28.37518882751465,28.61042333850749,28.34578661680297,28.49280608301107,3493875
2009-11-12,27.90471649169922,28.198760997629243,27.816504261606703,28.05173874466423,5664650
2009-11-13,28.169357299804688,28.316379559625737,27.963527818585035,28.022335039983638,7266875
2009-11-16,28.433990478515625,28.639819913926928,28.110543822267044,28.16935103057781,8073875
2009-11-17,28.11055564880371,28.169362881855573,27.93412834121428,28.08115063016932,5471125
2009-11-18,27.81650733947754,27.992934623400316,27.64008005555476,27.963529608710427,6167150
2009-11-19,27.169607162475586,27.375439431732623,27.05198992470706,27.375439431732623,8508525
2009-11-20,27.375438690185547,27.434245905368766,27.169606426504103,27.257821455603036,8669675
2009-11-23,27.669485092163086,27.845912376225623,27.522462822813733,27.787102346799262,7879025
2009-11-24,27.316635131835938,27.669486919041507,27.140207836124787,27.346040148490584,9018550
2009-11-25,27.787107467651367,27.84591750791576,27.610682955292322,27.698895211471847,7119550
2009-11-27,27.55187225341797,27.78710680039266,27.316637706443277,27.346042725869363,5288500
2009-11-30,28.11055564880371,28.316385170810612,28.022340592900534,28.13995786322118,9514325
2009-12-01,29.080894470214844,29.198511722902392,28.698637697926195,28.698637697926195,18909950
2009-12-02,28.963275909423828,29.169105391276783,28.845658662048372,28.992678118105413,14978475
2009-12-03,29.374935150146484,29.580767438156887,29.28672291483711,29.40434016332174,11286675
2009-12-04,29.374935150146484,29.874809157260263,29.16910566635248,29.521957411806373,16310150
2009-12-07,29.13970375061035,29.404343288884988,29.11029873430946,29.286726027898116,8395475
2009-12-08,29.227914810180664,29.345532066398466,29.139702569071464,29.25731982528926,8881125
2009-12-09,29.316131591796875,29.345533804430275,29.08089706542917,29.227916541246422,7367425
2009-12-10,29.080894470214844,29.198511722902392,29.02208444176282,29.110296680224355,5952275
2009-12-11,29.257320404052734,29.316130435433298,29.05149090265405,29.13970314550825,8544625
2009-12-14,29.28672218322754,29.345529403892595,29.169104937681094,29.28672218322754,5115375
2009-12-15,29.051490783691406,29.169108041754264,28.963278541198424,28.963278541198424,5619975
2009-12-16,29.4925479888916,29.698380246125872,29.404335766771762,29.43374077555037,6173350
2009-12-17,29.080894470214844,29.198511722902392,28.99267942753681,29.080894470214844,5953500
2009-12-18,29.02208137512207,29.139698615381498,28.875059123743732,29.08089139735989,5448975
2009-12-21,28.933879852294922,29.139709397857334,28.904474830295364,28.96328487429448,6294025
2009-12-22,29.1652889251709,29.165288925170902,28.957602115398025,29.105951049316037,7012200
2009-12-23,29.254308700561523,29.313649429359092,29.135630072488073,29.194970801285642,3645425
2009-12-24,29.461992263793945,29.461992263793945,29.254302585934674,29.28397294413187,3026375
2009-12-28,29.34332275390625,29.521339299213853,29.313652386514324,29.491668931821927,2710875
2009-12-29,29.461992263793945,29.580670867061627,29.37298118920236,29.551000508864433,2747150
2009-12-30,29.135622024536133,29.16529238073926,28.838926951067588,29.016943429244535,5374225
2009-12-31,28.89826202392578,29.16528954474672,28.86859167060776,29.1356191914287,3569300
2010-01-04,29.640003204345703,29.640003204345703,29.28396746120432,29.28396746120432,5928175
2010-01-05,29.81803321838379,29.936711842128215,29.640013868006353,29.758692491750782,7801450
2010-01-06,29.93671226501465,30.025720526699907,29.729025377908506,29.729025377908506,9715575
2010-01-07,29.669677734375,29.758685975312257,29.580669493437746,29.640007377555595,8008575
2010-01-08,30.025718688964844,30.085059412804124,29.847702176489893,29.9960483270452,4221025
2010-01-11,30.292739868164062,30.292739868164062,30.114720563889975,30.203731630787445,5207850
2010-01-12,30.500436782836914,30.61911541508446,30.411428516031705,30.500436782836918,7622100
2010-01-13,30.678449630737305,30.708119989878497,30.38175169836777,30.41142205750896,8881400
2010-01-14,31.123483657836914,31.182824356973132,30.886126520332596,30.886126520332596,6478200
2010-01-15,31.064149856567383,31.21249879431631,30.737781627615604,31.15315808740848,9396400
2010-01-19,31.034488677978516,31.123496935133527,30.7971314392175,30.826801801442997,4339950
2010-01-20,30.352083206176758,30.411423928109176,30.08505844604496,30.381753567142965,8363125
2010-01-21,30.500436782836914,30.737794047332006,30.322420249226493,30.678456145969125,14103825
2010-01-22,30.17405891418457,30.619102895766037,30.14438856087364,30.470756788252636,7058500
2010-01-25,30.411415100097656,30.53009367999039,30.29273652020493,30.500423327637073,4211075
2010-01-26,30.085054397583008,30.352079121782033,29.996043326662356,30.08505439758301,6857050
2010-01-27,29.90703582763672,29.996044071245823,29.66967862499842,29.847697941737668,7203225
2010-01-28,29.610336303710938,29.90703420567842,29.46199018224809,29.877363849577495,10078700
2010-01-29,29.19496726989746,29.610341003150587,29.16529690908757,29.432324497333916,9333825
2010-02-01,29.49166488647461,29.55100561311874,29.37298626270793,29.491664886474606,8146550
2010-02-02,30.055387496948242,30.055387496948242,29.72902202127042,29.78835991252034,10421550
2010-02-03,29.758684158325195,29.87736274883565,29.580667687319902,29.788354513333005,8389425
2010-02-04,29.19496726989746,29.283975522805797,28.987280403270898,29.224637630707353,11501650
2010-02-05,29.135622024536133,29.194962736942387,28.690577999572863,29.07628414165079,11118800
2010-02-08,28.927936553955078,29.16529375572841,28.80925795306841,29.046615154841746,6925325
2010-02-09,29.105955123901367,29.31364196274863,28.95760616921577,29.194963364904343,9333800
2010-02-10,29.105955123901367,29.283971605907315,28.868595098691827,29.165293008063028,8004425
2010-02-11,29.254308700561523,29.313649429359092,28.92794318073996,29.04662180881341,3969800
2010-02-12,29.0762882232666,29.135626114481568,28.89826889057909,28.987279971683495,4158650
2010-02-16,29.372970581054688,29.432311276017987,28.927926686910254,29.046605247316773,5112300
2010-02-17,29.372970581054688,29.550989836424506,29.343303063093114,29.432311276017987,3812475
2010-02-18,29.43231964111328,29.4916575234212,29.254300335147775,29.343311402890965,3613475
2010-02-19,28.957609176635742,29.105958146728266,28.838930566465976,28.957609176635746,7393900
2010-02-22,29.313642501831055,29.34331285921801,29.135623187030337,29.25430178705714,5019000
2010-02-23,29.19496726989746,29.283975522805797,29.016947934559447,29.224637630707353,6689600
2010-02-24,29.254308700561523,29.432328057432542,29.135630072488073,29.16530043688686,4033950
2010-02-25,29.313642501831055,29.313642501831055,28.957606701750638,29.076285301777443,4555800
2010-02-26,29.49166488647461,29.580675976440805,29.283978002263314,29.402656626029994,4803650
2010-03-01,29.788358688354492,29.907037295498487,29.669680081210497,29.758688329188196,6200750
2010-03-02,29.877370834350586,30.11472807960592,29.877370834350586,29.966381923462503,3943225
2010-03-03,30.085054397583008,30.263070880382358,29.996043326662356,30.08505439758301,3626000
2010-03-04,29.788358688354492,29.87736693633219,29.6400097220442,29.87736693633219,3949600
2010-03-05,30.085054397583008,30.144392282009132,29.847697200836556,29.87736472828913,4334325
2010-03-08,30.292739868164062,30.352077749908194,30.174061275154955,30.292739868164062,4004175
2010-03-09,30.17405891418457,30.38174572831984,30.085050683772405,30.114718207562706,4604925
2010-03-10,29.96637725830078,30.14439374976792,29.93670689988255,29.996044787197896,10151750
2010-03-11,30.263076782226562,30.292747144986368,30.08506026471079,30.14439816070887,4562450
2010-03-12,30.559770584106445,30.55977058410644,30.322413373433555,30.470762337484395,3717750
2010-03-15,30.411415100097656,30.47075580480429,30.233395815498294,30.352074395391025,3690700
2010-03-16,30.708118438720703,30.737785966842115,30.47076123662316,30.53009912238703,5366750
2010-03-17,30.8267879486084,30.945466514657546,30.61909833588223,30.61909833588223,6546450
2010-03-18,30.619098663330078,30.737777230648405,30.530090445221397,30.678439361749362,5722975
2010-03-19,30.559770584106445,30.767457436064934,30.44109197877,30.55977058410644,4443000
2010-03-22,30.708118438720703,30.76745632448457,30.381750163695802,30.411420521338254,4174525
2010-03-23,31.004812240600586,31.034482597012406,30.708117165045152,30.73778469193605,6586900
2010-03-24,30.500436782836914,30.648785780526794,30.411428516031705,30.47076924691637,6643275
2010-03-25,30.322406768798828,30.73778038224176,30.29273641654704,30.589434280023873,6396725
2010-03-26,30.797115325927734,30.886123536512958,30.58942855805554,30.648766421939026,11045775
2010-03-29,31.182828903198242,31.182828903198242,30.975139255462146,31.064150317143625,3641500
2010-03-30,31.360849380493164,31.449860453564607,31.21250325108285,31.331181852323727,5168475
2010-03-31,30.97515296936035,31.182842709048725,30.85647433076211,31.15317234201868,9415275
2010-04-01,31.44985580444336,31.449855804443356,31.123487577136018,31.212498637049272,14896075
2010-04-05,31.360849380493164,31.538868697115007,31.182832893392366,31.271841136942765,5060850
2010-04-06,31.44985580444336,31.509193681531567,31.24216616083306,31.27183651413748,4264875
2010-04-07,31.44985580444336,31.53886403483598,31.301506867441898,31.390515097834523,6652125
2010-04-08,31.479530334472656,31.479530334472656,31.182835223956378,31.24217311425113,5457150
2010-04-09,31.56853485107422,31.598202375293067,31.33117768019943,31.360845204418276,5385800
2010-04-12,31.509199142456055,31.598207388274886,31.420190896637227,31.449861255083878,4656875
2010-04-13,31.44985580444336,31.53886403483598,31.212498637049272,31.47952332822715,3608850
2010-04-14,31.59821319580078,31.65755392360048,31.39052630754511,31.47953456972302,6355075
2010-04-15,31.746551513671875,31.776221867597567,31.50919434130773,31.56853504915911,5817175
2010-04-16,31.153156280517578,31.627870590164093,30.945469477427345,31.509192012752465,9578925
2010-04-19,31.093828201293945,31.12349856507328,30.76746268828613,30.94548204144052,8431725
2010-04-20,30.97515296936035,31.15317234201868,30.945485431852244,31.12350197498864,5620875
2010-04-21,31.093828201293945,31.12349856507328,30.94548204144052,31.12349856507328,4637350
2010-04-22,30.8267879486084,30.886125816872866,30.530090118725425,30.70810938255925,5489775
2010-04-23,31.034488677978516,31.064159040204014,30.67845281983699,30.737790714766508,4411125
2010-04-26,31.24217414855957,31.360852762599325,31.18283625630037,31.212506617190645,3413125
2010-04-27,30.678449630737305,31.271842665955194,30.619108912454926,31.153164058911617,8823125
2010-04-28,30.559770584106445,30.85646568268698,30.470762337484395,30.767457436064934,6456600
2010-04-29,30.915800094604492,31.004808323072638,30.767451160810538,30.797121513473442,4546100
2010-04-30,30.8267879486084,31.004804382922014,30.678439033666912,30.975134034029676,9148925
2010-05-03,30.915800094604492,31.034478675735542,30.708113285005297,30.708113285005297,3701350
2010-05-04,29.96637725830078,30.441091674907973,29.818028295730755,30.411421316489747,6504075
2010-05-05,29.93671226501465,29.966382628750274,29.491665297545115,29.521335661280744,6317150
2010-05-06,29.758684158325195,30.174060639872195,28.18619212668142,29.84769522334863,12637675
2010-05-07,29.49166488647461,29.966382211062903,29.283978002263314,29.729024963529547,10233575
2010-05-10,30.322406768798828,30.530093575520294,30.2037281893122,30.35207429153009,7357575
2010-05-11,29.640003204345703,30.085050005412857,29.580665328582423,29.66967355698763,7023475
2010-05-12,29.90703582763672,30.025714428955872,29.75868686860752,29.818027584027618,5202675
2010-05-13,29.669677734375,29.93670528670773,29.640007377555595,29.81802668895107,6210875
2010-05-14,29.461992263793945,29.580670867061627,29.135623982666992,29.551000508864433,4767475
2010-05-17,29.402652740478516,29.610339597244053,29.135625164910707,29.521331348561855,7074475
2010-05-18,28.89826202392578,29.461987418885677,28.83892414681037,29.372976358931613,5577000
2010-05-19,29.105955123901367,29.194963364904343,28.868595098691827,28.95760616921577,5960025
2010-05-20,28.660913467407227,28.898270706222572,28.512564485767264,28.720254191871803,7760675
2010-05-21,28.927936553955078,28.957606911557004,28.245535306237006,28.27520283431789,7405700
2010-05-24,28.542234420776367,28.749921294250747,28.51256405898819,28.63124267661947,4975250
2010-05-25,28.364206314086914,28.364206314086914,27.741143118844327,27.83015133830176,8158550
2010-05-26,28.008180618286133,28.30487859186675,27.919172358020578,28.126859241814063,4596025
2010-05-27,28.690574645996094,28.72024499873112,28.39387677768699,28.542225711841542,6962900
2010-05-28,28.215864181518555,28.63123785856843,28.215864181518555,28.57189997449886,7155925
2010-06-01,28.126853942871094,28.571900819397662,28.09718641471949,28.215865015889033,6133800
2010-06-02,28.275203704833984,28.304874063349377,27.85983000370295,27.948838249728013,4481100
2010-06-03,28.215864181518555,28.51255926090833,28.03784487026792,28.423551020043494,9611225
2010-06-04,27.68181037902832,28.008175830560734,27.533461417596822,27.889497227319758,8464875
2010-06-07,27.23676300048828,27.622469121333104,27.14775193677896,27.47412017800498,4972750
2010-06-08,27.503793716430664,27.592801960922888,27.207095795428486,27.32577439792514,5427375
2010-06-09,27.53346061706543,27.77081781664626,27.355444132140313,27.563130974393285,4101000
2010-06-10,28.008180618286133,28.067521344810885,27.74115583748947,27.770823371230268,4181675
2010-06-11,27.948837280273438,27.978507637759666,27.652139364453227,27.71148007942568,4122750
2010-06-14,28.126853942871094,28.275202901713286,28.008175341701552,28.126853942871094,4593675
2010-06-15,28.63123893737793,28.66090929529116,28.30487348889562,28.393881733114238,4133975
2010-06-16,28.749916076660156,28.838927145870795,28.571899597280733,28.6312374805669,2913175
2010-06-17,28.690574645996094,28.838923580150645,28.571896064576567,28.838923580150645,4169525
2010-06-18,28.749916076660156,28.749916076660156,28.453221001187476,28.571899597280733,2903350
2010-06-21,28.957609176635742,29.105958146728266,28.838930566465976,29.046617426882754,4037450
2010-06-22,28.60157012939453,28.98727627644739,28.48289153257219,28.927935563275746,7267650
2010-06-23,28.479049682617188,28.68823667131227,28.32963121924074,28.68823667131227,3400350
2010-06-24,28.389394760131836,28.598578862179572,28.239976322989317,28.568697454686784,8210950
2010-06-25,28.508930206298828,28.628464391338916,28.299746094958618,28.479045947558863,3497950
2010-06-28,28.180208206176758,28.449160799648297,28.12043969655224,28.35950803521152,3770250
2010-06-29,27.492891311645508,27.881378169354598,27.433125637339547,27.85149390724157,6191575
2010-06-30,27.492891311645508,27.791728232935608,27.492891311645508,27.552659835871566,4881525
2010-07-01,27.582550048828125,27.702087135420935,27.373365847132714,27.642318592124532,5714600
2010-07-02,27.702075958251953,27.881375815955675,27.52277325062838,27.791725887103816,4020650
2010-07-06,28.269868850708008,28.8077742418166,28.1802189021634,28.56870581241733,4094375
2010-07-07,28.807769775390625,28.837651186992286,28.38939866384693,28.38939866384693,5011900
2010-07-08,28.867538452148438,28.897422716779563,28.598585770308986,28.71811997891315,3803325
2010-07-09,28.6882381439209,28.718119558193926,28.449169730214916,28.479051144487944,2942700
2010-07-12,28.5388240814209,28.628474037929283,28.41928985610281,28.479055543801486,2634725
2010-07-13,28.6882381439209,28.80777235077389,28.598585351340937,28.628469615534257,2282150
2010-07-14,28.897417068481445,28.927301327271383,28.747998624451533,28.80776714203141,6274825
2010-07-15,28.658349990844727,28.718115661200986,28.389397349441776,28.62846573070664,4212275
2010-07-16,27.941139221191406,28.23997321264327,27.881370712949437,28.210088958522284,6334250
2010-07-19,28.03079605102539,28.090561724096897,27.79172765889929,27.971027528033847,5930100
2010-07-20,28.210098266601562,28.210098266601562,27.76184570656067,27.791729970542136,3460375
2010-07-21,27.702075958251953,28.120444192840537,27.702075958251953,28.090559933249963,4401225
2010-07-22,28.210098266601562,28.389401000570082,28.150332588558904,28.150332588558904,10983500
2010-07-23,28.628461837768555,28.628461837768555,28.329624976863773,28.389393489012537,2841300
2010-07-26,28.658349990844727,28.68823425098281,28.269863158809343,28.389397349441776,5968300
2010-07-27,28.508930206298828,28.65834865007888,28.359511762518775,28.628464391338916,6079775
2010-07-28,28.837656021118164,28.927308820711982,28.748006071444863,28.777890337976135,4923575
2010-07-29,29.016956329345703,29.226140477626046,28.807772181065356,29.13649053549451,4381600
2010-07-30,28.777891159057617,28.867541111288784,28.628472672058614,28.688241206826454,4583700
2010-08-02,29.40544319152832,29.40544319152832,29.04684057332923,29.136490515398933,4488800
2010-08-03,29.285905838012695,29.345671509662534,29.106603123223245,29.25602157722779,5212175
2010-08-04,29.226137161254883,29.285905682507327,29.016953036711246,29.166371489922398,3006425
2010-08-05,29.19626235961914,29.28591231187164,29.07672529005501,29.136493824837075,3335050
2010-08-06,29.46521759033203,29.524986136014864,29.166383411681217,29.495101863173446,5779000
2010-08-09,29.49509048461914,29.5548590072446,29.345672027975514,29.435324811913702,4956850
2010-08-10,29.31578254699707,29.375548203251164,28.927295806628145,29.0169457159689,2977775
2010-08-11,28.32962989807129,28.56870113827646,28.269864225460008,28.538816877010813,6461175
2010-08-12,28.239980697631836,28.299749221715416,28.090562237342972,28.120446499384762,5786975
2010-08-13,28.210098266601562,28.419285264551547,28.150332588558904,28.329632472607152,3336725
2010-08-16,28.41928482055664,28.479050497665575,28.23998208938937,28.299750616418535,2350125
2010-08-17,28.568696975708008,28.83764673815179,28.568696975708008,28.658346896522602,2732400
2010-08-18,28.748001098632812,28.897419555522344,28.628466903105192,28.7181168372709,2501125
2010-08-19,28.6882381439209,28.987072236093233,28.479051144487944,28.957187971899913,5841775
2010-08-20,28.41928482055664,28.479050497665575,28.23998208938937,28.389400557042055,2653650
2010-08-23,28.239980697631836,28.598583292373053,28.239980697631836,28.50893335616777,2143350
2010-08-24,28.210098266601562,28.359516736588617,28.090564060595973,28.210098266601562,6803025
2010-08-25,28.120450973510742,28.239985190776398,27.88138253897943,27.941151072572527,5558800
2010-08-26,28.090559005737305,28.299745966044377,27.971024821241734,28.21009319023288,4166450
2010-08-27,28.449167251586914,28.538817186435853,28.210096008789673,28.449167251586914,4221475
2010-08-30,28.35951042175293,28.538813115795968,28.29974475701834,28.419278936407153,9192225
2010-08-31,28.03079605102539,28.239980181655717,27.821611920395064,27.971027528033847,5569625
2010-09-01,28.807769775390625,28.807769775390625,28.329630140803527,28.359514402325228,4865550
2010-09-02,28.718116760253906,28.74800102153567,28.479048369839806,28.568701153685105,3636350
2010-09-03,28.927310943603516,29.04684516858036,28.807776718626673,28.92731094360352,3786700
2010-09-07,28.927310943603516,29.136495124832813,28.867542406154733,29.136495124832813,4743150
2010-09-08,28.987070083618164,29.076720019620755,28.86753588564135,28.897420147615573,3702725
2010-09-09,29.07672691345215,29.285913946948003,29.016961225253873,29.25602967788849,5948275
2010-09-10,29.285905838012695,29.3157900987976,29.106603123223245,29.166371644793053,3733300
2010-09-13,29.584741592407227,29.584741592407227,29.375557454758813,29.375557454758813,2385725
2010-09-14,29.674388885498047,29.704270292543562,29.315786351675424,29.34566775872094,7960900
2010-09-15,29.61463165283203,29.644515921181128,29.166379027278317,29.28591325075402,3757775
2010-09-16,29.226137161254883,29.256021421881105,29.046837297337465,29.136487229296176,3106725
2010-09-17,29.136491775512695,29.256025986748753,29.01695756427664,29.22614172145964,3050525
2010-09-20,29.644506454467773,29.644506454467773,29.226135380945607,29.28590389855725,3091700
2010-09-21,29.31578254699707,29.614616528106005,29.19624838456965,29.405432456337827,4980425
2010-09-22,29.226137161254883,29.495089807050967,29.196255750548616,29.405439875092256,6570550
2010-09-23,29.106605529785156,29.285908259399527,29.01695558993807,29.046839853193834,3806150
2010-09-24,29.49509048461914,29.58474041863731,29.345672027975514,29.375556289288244,4268725
2010-09-27,29.644506454467773,29.70427212215964,29.524972269164266,29.61462219566195,3363975
2010-09-28,29.7640380859375,29.823803748501312,29.524969735843186,29.734153829695828,4400200
2010-09-29,29.9134578704834,30.00310779334456,29.82380509770257,29.9134578704834,3249900
2010-09-30,29.554855346679688,29.793923707731278,29.37555265093116,29.73415519250855,4580925
2010-10-01,29.61463165283203,29.644515921181128,29.43533174257882,29.554865966054525,3193850
2010-10-04,29.046838760375977,29.285907157587292,28.95718597398166,29.166372958981633,5873625
2010-10-05,29.973222732543945,30.062875502922303,29.674388714374846,29.704270121248047,5501225
2010-10-06,30.30194854736328,30.30194854736328,30.122645828774846,30.182414351611,6637575
2010-10-07,30.42148208618164,30.570897690205427,30.2122951106924,30.570897690205427,3552300
2010-10-08,30.570898056030273,30.600782317160625,30.272063994486754,30.39159818908816,4753125
2010-10-11,30.511123657226562,30.6306578176401,30.481239404643382,30.57088931247374,1914025
2010-10-12,30.242177963256836,30.36171215086181,30.032993847428088,30.152528035033065,3734500
2010-10-13,30.33182716369629,30.481245607097307,30.182411570215038,30.182411570215038,7082750
2010-10-14,30.541015625,30.63066555547748,30.36171291412513,30.570897035212557,7620200
2010-10-15,30.30194854736328,30.511132677449762,30.272064285945202,30.481248416031686,4339875
2010-10-18,30.511123657226562,30.72030772547045,30.481239404643382,30.511123657226562,3522475
2010-10-19,30.242177963256836,30.54101485722919,30.122643775651863,30.30194648201924,5591600
2010-10-20,30.481250762939453,30.660553495333325,30.21229808930877,30.24218235302779,6753775
2010-10-21,30.092758178710938,30.511129241692554,30.00310825447192,30.27206087710869,6023025
2010-10-22,30.33182716369629,30.361711422360447,30.21229297895943,30.3019457549519,3129950
2010-10-25,30.36170768737793,30.541010367385965,30.301942027321527,30.481241857410147,3580600
2010-10-26,30.0628719329834,30.122637589552266,29.8835692634383,29.973219173251227,6123575
2010-10-27,29.973222732543945,29.973222732543945,29.674388714374846,29.943341325670747,4014975
2010-10-28,30.0628719329834,30.09275333630821,29.8835692634383,30.062871932983402,3926525
2010-10-29,29.943342208862305,30.032992131965337,29.8536894358396,29.973223616616867,5126825
2010-11-01,29.644506454467773,29.88357482507479,29.495088010358444,29.793924898577103,4419900
2010-11-02,29.853683471679688,29.913451975087625,29.764033566486887,29.823799219975722,3660500
2010-11-03,29.943342208862305,29.973223616616867,29.46520263583356,29.8536894358396,5756475
2010-11-04,30.630664825439453,30.660549084859667,30.331827931076987,30.331827931076987,5544025
2010-11-05,30.899621963500977,30.899621963500973,30.69043781691395,30.75020349454442,4464650
2010-11-08,30.899621963500977,30.989271904906804,30.809972022095142,30.899621963500973,3008625
2010-11-09,30.690441131591797,31.288112222048387,30.60078833058289,31.228343688042447,5488575
2010-11-10,31.049036026000977,31.138685954683755,30.69043346135001,31.078917435615335,7086900
2010-11-11,30.869735717773438,30.929504241486796,30.720317258410105,30.869735717773438,6730775
2010-11-12,30.630664825439453,30.959383129302296,30.570896306599025,30.780083272620686,6596325
2010-11-15,30.630664825439453,30.899617460381705,30.630664825439453,30.86973320096149,3794050
2010-11-16,30.092758178710938,30.451360725586735,30.00310825447192,30.42147931745353,5004950
2010-11-17,30.541015625,30.63066555547748,30.451362844602613,30.541015625,4123350
2010-11-18,31.3179931640625,31.3777616971618,31.228343214334068,31.28811174743337,6948925
2010-11-19,31.347856521606445,31.377740768223315,31.01913835857671,31.198438138440707,3719725
2010-11-22,31.258220672607422,31.288104932648054,30.86973384183889,31.13868648236479,7313500
2010-11-23,30.660551071166992,30.720316743959433,30.421482680157194,30.690435332523222,10326625
2010-11-24,31.198455810546875,31.198455810546875,30.98927166557539,30.98927166557539,4415350
2010-11-26,30.690441131591797,30.780091082680148,30.63067259758586,30.720322548674208,5003550
2010-11-29,30.8398494720459,30.989267921797417,30.48124690259419,30.720315282228665,11721775
2010-11-30,30.690441131591797,30.780091082680148,30.451369845488603,30.511138379494543,5802100
2010-12-01,31.3179931640625,31.3777616971618,31.019159048327555,31.049043314877206,7806425
2010-12-02,31.6168270111084,31.70647695199397,31.1685744567603,31.198455870442,9094250
2010-12-03,31.796127319335938,31.82600873074011,31.527174667258244,31.6168246013108,4499875
2010-12-06,31.945539474487305,31.975423732582584,31.67658970138893,31.67658970138893,9080800
2010-12-07,31.557064056396484,31.975432383237187,31.557064056396488,31.915666700797296,10251825
2010-12-08,31.646711349487305,31.736361290584707,31.347874412602305,31.557061408389902,6658200
2010-12-09,31.706483840942383,31.73636811103735,31.467415380024352,31.706483840942383,4227150
2010-12-10,31.6168270111084,31.67659553831227,31.527177070222827,31.646711274710334,4877650
2010-12-13,32.03519058227539,32.21449042168031,31.915656406032255,32.005306325734715,5005150
2010-12-14,32.15473175048828,32.423684417998345,32.094963224410414,32.15473175048828,5936950
2010-12-15,31.945539474487305,32.09495791504399,31.796123883850335,31.975423732582584,4030750
2010-12-16,32.124839782714844,32.15472403858642,31.826002923838068,31.915655691452802,3902600
2010-12-17,32.03519058227539,32.094956245437174,31.82600363641023,31.915656406032255,4066525
2010-12-20,32.0650749206543,32.15472769847341,31.91565932412876,32.124843439200376,2630875
2010-12-21,32.254638671875,32.31481374295246,32.1944607313554,32.28472477269266,4782400
2010-12-22,32.37498474121094,32.40507370501867,32.254631755421514,32.31480681359547,3180150
2010-12-23,32.34489822387695,32.4050761560441,32.25463419506796,32.34489822387695,2124175
2010-12-27,32.43516540527344,32.49534334328968,32.37499033669921,32.37499033669921,1969575
2010-12-28,32.67586898803711,32.79622198567578,32.55551599039844,32.76613588834746,2174700
2010-12-29,32.976749420166016,33.09710240504306,32.91657149300674,32.976749420166016,2726825
2010-12-30,32.70595932006836,32.85640129075712,32.525431250795386,32.826312322730985,3044975
2010-12-31,32.82631301879883,32.97675499267764,32.67587104492001,32.736048982248334,1887850
2011-01-03,33.127193450927734,33.18736851242798,32.976751493014596,33.03692655451484,4518825
2011-01-04,33.15728759765625,33.18737369838688,32.91657870571632,33.15728759765625,4004725
2011-01-05,32.916568756103516,33.06701069205145,32.675862806363334,32.675862806363334,7929050
2011-01-06,32.916568756103516,33.18736366692154,32.826304742311265,33.18736366692154,11348950
2011-01-07,33.036930084228516,33.1873720582151,32.88649097968393,33.097108021599944,4079375
2011-01-10,33.036930084228516,33.036930084228516,32.67587106832592,32.91657707892765,8978050
2011-01-11,33.27764129638672,33.36790533932762,33.097110341062724,33.24755232559235,10159075
2011-01-12,33.578514099121094,33.6086030624808,33.337808131126366,33.397986057845785,4721800
2011-01-13,33.548431396484375,33.84931534734873,33.51834529695155,33.66878440294172,6446300
2011-01-14,33.548431396484375,33.698873371916555,33.307725383569704,33.36790332151938,11610575
2011-01-18,33.63870620727539,33.69888128992199,33.48826419649484,33.518353172539484,2973550
2011-01-19,33.578514099121094,33.84930903047553,33.48825007848344,33.81922006711582,3973750
2011-01-20,33.27764129638672,33.39799431012199,33.06702137026836,33.307727397738894,4758475
2011-01-21,32.94666290283203,33.09710486245883,32.826309909018946,32.976751868645735,5699375
2011-01-24,33.15728759765625,33.18737369838688,32.856403634812935,32.88649260498569,3310200
2011-01-25,33.458168029785156,33.48825699936323,33.217462012044706,33.33781502091493,4649900
2011-01-26,33.397987365722656,33.518340354433086,33.30772047210864,33.397987365722656,5194850
2011-01-27,33.428077697753906,33.48825563445734,33.24754962652752,33.277638594879235,4026725
2011-01-28,32.85639953613281,33.39798945391315,32.82631056971351,33.30772255465524,8795175
2011-01-31,32.8864860534668,33.09710306383353,32.856397089288244,32.97675007656089,5318575
2011-02-01,33.548431396484375,33.638698303408894,33.217461346087205,33.24755031506204,4103400
2011-02-02,33.87940979003906,33.93958486826889,33.72896779030077,33.75905676413693,4179950
2011-02-03,34.15019989013672,34.21037495968739,33.608609916970344,33.759051895010124,11960875
2011-02-04,34.15019989013672,34.180285990191024,33.84931593405717,34.05993298164761,11564100
2011-02-07,34.12009811401367,34.18027316097826,33.999745150643506,33.999745150643506,5682050
2011-02-08,34.330718994140625,34.390896917402785,34.05992407834355,34.18027705542655,7857625
2011-02-09,34.090023040771484,34.21037605316177,33.90949495690714,33.99975899883931,11100950
2011-02-10,34.05992889404297,34.090017859928295,33.72895887762952,33.81922290584379,10825700
2011-02-11,34.090023040771484,34.1502009816877,33.7891390750747,33.81922804553281,4342950
2011-02-14,34.390892028808594,34.390892028808594,34.18027219677153,34.240450111479525,6033225
2011-02-15,34.15019989013672,34.27055289868013,34.09002195114398,34.24046392918376,5661850
2011-02-16,34.63160705566406,34.691782116755085,34.390901072416625,34.451076133507655,8589300
2011-02-17,34.932491302490234,34.962580270515026,34.66169919859285,34.75196323322531,4518750
2011-02-18,34.90240478515625,34.992668818705745,34.721873848615374,34.84222684982866,5078425
2011-02-22,33.9395751953125,34.451076126976744,33.9395751953125,34.210370143774945,8342275
2011-02-23,33.999755859375,34.120108860652145,33.66878295378143,33.999755859375,6490625
2011-02-24,33.90949249267578,33.999756528048394,33.66878361594558,33.90949249267578,5211750
2011-02-25,34.36082077026367,34.42099584652615,34.15020369918142,34.2103787754439,6759000
2011-02-28,34.6917839050293,34.812136902856906,34.60151987401904,34.72187287184665,3880525
2011-03-01,34.63160705566406,34.96257706526887,34.451076133507655,34.90240200417784,8611875
2011-03-02,34.330718994140625,34.57142494830663,34.27054394031978,34.300630032509545,5636275
2011-03-03,34.66168975830078,34.72186480851946,34.39089485871388,34.39089485871388,10440375
2011-03-04,34.42099380493164,34.4811717470672,34.12011270258048,34.42099380493164,6450725
2011-03-07,33.7590446472168,34.39089852377631,33.7590446472168,34.360809560739796,8519425
2011-03-08,33.90949249267578,34.05993159514948,33.66878361594558,33.819225587861226,5548600
2011-03-09,33.90949249267578,33.93957859150535,33.6988725842171,33.90949249267578,5586550
2011-03-10,33.067012786865234,33.36789667782226,33.067012786865234,33.33780771483827,8583025
2011-03-11,32.52543258666992,32.645785594275644,32.344901640540314,32.465254648146036,15701350
2011-03-14,30.238719940185547,30.449336967799077,29.516601957417613,29.667041051746256,51263600
2011-03-15,30.178537368774414,30.4192433260364,27.80156388873131,28.042269845993296,99041775
2011-03-16,29.065271377563477,29.907742221559733,28.46350648899472,29.817478205634753,60298925
2011-03-17,30.389162063598633,30.840485087839067,29.998014103517413,30.50951506135887,31079325
2011-03-18,31.20155143737793,31.442257489648654,30.4493443066713,30.599786306701123,35313125
2011-03-21,32.10417938232422,32.1643544209607,31.532500733354443,31.622767595470044,36014375
2011-03-22,31.98383903503418,32.01392800092569,31.47233809264543,31.893575006801377,23570175
2011-03-23,31.803308486938477,31.953750448741488,31.351985470971186,31.5325135295814,21305575
2011-03-24,31.86349105834961,31.953755100795995,31.47234304849237,31.50243201912189,13993200
2011-03-25,31.08119010925293,31.472338057075294,31.021015046979645,31.291807131372003,16091100
2011-03-28,31.021015167236328,31.261721156146027,30.990926201262184,31.171454258223594,8296100
2011-03-29,30.960844039916992,31.0210219850913,30.72013799810449,30.780313073836435,11283675
2011-03-30,31.44224739074707,31.562600378226385,31.291805439037535,31.382072331728196,10359875
2011-03-31,31.051097869873047,31.231628776544095,30.99092281394364,31.171450851173272,7209525
2011-04-01,30.99091911315918,31.111272080087442,30.690035261117984,30.840477187138582,12178875
2011-04-04,30.569692611694336,30.75022355773784,30.569692611694336,30.72013458849025,9428750
2011-04-05,29.96792221069336,30.17853921884899,29.90774428296802,29.99801117455603,13843475
2011-04-06,29.697132110595703,29.81748511620274,29.667043141833446,29.727221079357964,9751675
2011-04-07,29.456418991088867,29.787388959279507,29.185624076459565,29.787388959279507,24508225
2011-04-08,30.028095245361328,30.208626146929703,29.96792019113276,30.11836213086618,13108275
2011-04-11,29.817481994628906,30.17854097365097,29.78739302901664,30.028099015031355,10506800
2011-04-12,29.87765884399414,29.967922868120805,29.72721689082197,29.817480914948636,7829975
2011-04-13,29.99802017211914,30.238726216334463,29.937842226344117,30.20863724344695,6662100
2011-04-14,30.208633422851562,30.29889746065569,30.118369385047433,30.178544453769508,9160450
2011-04-15,30.178537368774414,30.35906827144158,30.148451276197683,30.23871529281059,8421125
2011-04-18,30.088285446166992,30.11837442027936,29.757315339258458,29.847579392153055,7582950
2011-04-19,30.178537368774414,30.2086263307925,29.967920373530518,30.148451276197683,5196300
2011-04-20,30.629867553710938,30.690042616877232,30.509514557936583,30.56968962110288,7454325
2011-04-21,30.750221252441406,30.810396316983315,30.69004331845767,30.780307349991446,2487500
2011-04-25,30.720125198364258,30.75021415841465,30.569683267553465,30.690036238313866,4409675
2011-04-26,30.750221252441406,30.810396316983315,30.569690319932025,30.59977928692389,2575000
2011-04-27,30.81039047241211,30.84047943369626,30.50950946789448,30.6900374967168,9301525
2011-04-28,31.622777938842773,31.622777938842777,31.291805075043445,31.291805075043445,11774275
2011-04-29,31.682960510253906,31.682960510253906,31.562607495634833,31.562607495634833,3828300
2011-05-02,31.773216247558594,32.01392219213212,31.713038326694612,31.863480259413368,12026275
2011-05-03,31.773216247558594,31.893569219845357,31.56259639397586,31.863480259413368,5609700
2011-05-04,31.713048934936523,31.74313790543349,31.502431880342076,31.74313790543349,5248125
2011-05-05,31.472335815429688,31.652866728274503,31.291804902584875,31.56259983713134,7389225
2011-05-06,31.652870178222656,31.953751239835984,31.56260327724101,31.86348720829617,5477200
2011-05-09,31.773216247558594,31.773216247558594,31.53250743354387,31.59268535440785,5936200
2011-05-10,31.923660278320312,31.9537492434343,31.80330728730601,31.89357418264797,5897525
2011-05-11,31.38207244873047,31.622778424586528,31.291805555703267,31.5024254366585,7342375
2011-05-12,31.472335815429688,31.532510873416953,31.201540880883226,31.38207179372804,5196375
2011-05-13,30.81039047241211,31.29180237519335,30.780301511127963,31.261716283350484,15969800
2011-05-16,30.629867553710938,30.900662511563667,30.59977858740691,30.72013158318126,9606900
2011-05-17,30.659961700439453,30.720139648847415,30.29890261831924,30.479433594100605,10466825
2011-05-18,30.900667190551758,30.99093123368989,30.750225205693408,30.780311307111322,6373425
2011-05-19,30.4493350982666,30.539599123210103,30.2688070483796,30.47942406306164,8110575
2011-05-20,30.118366241455078,30.29889429822079,30.05818830957202,30.29889429822079,5151300
2011-05-23,29.66704750061035,29.757314420159425,29.57678345050369,29.697136473793375,7479675
2011-05-24,30.028095245361328,30.11836213086618,29.84756721323429,29.937831229297807,11859625
2011-05-25,30.088285446166992,30.14846339439173,29.817490418040688,29.817490418040688,5064700
2011-05-26,30.359071731567383,30.449335758467985,30.178540808324502,30.26880770466678,6913350
2011-05-27,30.359071731567383,30.539599785368587,30.26880770466678,30.328982766119957,9315825
2011-05-31,30.900667190551758,30.96084226282978,30.69004726397319,30.84048924883154,5609700
2011-06-01,30.509511947631836,30.87057090406374,30.449334020172426,30.840481940334033,7698300
2011-06-02,30.539600372314453,30.62986727039159,30.32898334901794,30.569689338340165,4478525
2011-06-03,30.268808364868164,30.449336422606915,30.20863043266075,30.268808364868164,6211800
2011-06-06,29.96792221069336,30.17853921884899,29.937833246830692,30.17853921884899,4103575
2011-06-07,30.208633422851562,30.449339436623923,30.178544453769508,30.359075398819794,2823650
2011-06-08,30.178537368774414,30.4192433260364,30.178537368774414,30.298890347405408,3128850
2011-06-09,30.389162063598633,30.53960115871757,30.32898412999761,30.35907309679812,4195225
2011-06-10,30.088285446166992,30.389169448405664,29.998021393272392,30.29890252606856,5820550
2011-06-13,30.088285446166992,30.20863847317396,29.967932419160025,30.11837442027936,6245900
2011-06-14,30.690044403076172,30.81039740585522,30.419249429462837,30.44933839751808,6452600
2011-06-15,30.088285446166992,30.419255553075526,29.998021393272392,30.29890252606856,6693225
2011-06-16,29.99802017211914,30.20863724344695,29.817489204236455,29.937842226344117,8337850
2011-06-17,30.088285446166992,30.238727447286326,30.05819647205462,30.14846339439173,7108800
2011-06-20,30.118366241455078,30.208630269837933,29.998013247130693,30.028099343630494,7297500
2011-06-21,30.629867553710938,30.690042616877232,30.328983629554177,30.328983629554177,6033175
2011-06-22,30.593446731567383,30.957654086173807,30.563095395067823,30.6844978466033,4459600
2011-06-23,30.532745361328125,30.59344513670014,30.1988864661629,30.350640246286854,6131775
2011-06-24,30.714847564697266,30.9273011200742,30.654147789359257,30.8969526796365,3070600
2011-06-27,30.56308937072754,30.684491798333188,30.472038273638855,30.472038273638855,6806750
2011-06-28,30.927309036254883,30.957660378923944,30.654155635623358,30.684504083829076,5846225
2011-06-29,31.41292381286621,31.443272262982216,31.139767500577427,31.23081863985251,11301125
2011-06-30,31.655717849731445,31.777120291665327,31.44326140550026,31.47361273959936,7109425
2011-07-01,31.92887306213379,31.98957283395779,31.47361174837279,31.53431441465923,7853200
2011-07-05,31.989580154418945,32.080631280222214,31.777126562723627,31.837826348438103,24487550
2011-07-06,32.17168045043945,32.17168045043945,31.928875555259452,32.11097777941312,8668000
2011-07-07,32.384124755859375,32.44482451507718,32.1716712569043,32.2323710161221,13547550
2011-07-08,32.11097717285156,32.202028283208485,31.959223392614955,32.01992606249464,8395950
2011-07-11,31.71642303466797,31.989579299238553,31.655723250576184,31.898528175869366,6081650
2011-07-12,31.807464599609375,32.1413234424072,31.77711616391497,31.86816725992249,10264075
2011-07-13,32.41448211669922,32.62693565520281,32.23237701622301,32.32342811922992,9219550
2011-07-14,32.11097717285156,32.44483317380201,32.050277397434485,32.38413339838493,9537100
2011-07-15,32.353782653808594,32.475185101320605,32.29308287728392,32.353782653808594,3561425
2011-07-18,31.959232330322266,32.14133749642618,31.77713005868177,32.01993501717804,7453175
2011-07-19,32.353782653808594,32.38413398930226,32.23238020629658,32.29308287728392,4216400
2011-07-20,32.68764114379883,32.717989584447764,32.414484916719985,32.50553602759206,4436300
2011-07-21,32.96079635620117,33.05185036672877,32.65729167116423,32.68764300800676,5959350
2011-07-22,33.0214958190918,33.08219559241202,32.90009337798884,33.051847152983164,7138025
2011-07-25,32.90009689331055,32.991148010250804,32.74834310210158,32.8090457763703,7041450
2011-07-26,32.96079635620117,33.11255014595104,32.86974524013637,32.99114769304371,4821375
2011-07-27,32.41448211669922,32.74833809069949,32.35377945171969,32.74833809069949,4894475
2011-07-28,32.353782653808594,32.65729021981995,32.26273154179025,32.475185101320605,4213350
2011-07-29,32.50553512573242,32.5358864600019,32.171679132155845,32.26273024050172,5224775
2011-08-01,32.2020263671875,32.80904145201653,32.08062392911418,32.77869011888259,19999875
2011-08-02,31.92887306213379,32.414482814575564,31.92887306213379,32.2627290433219,8297800
2011-08-03,31.989580154418945,32.01993149450774,31.564670076565204,31.92888036870447,7846800
2011-08-04,30.047130584716797,30.805896537810277,29.92572814800034,30.714845433888534,14925025
2011-08-05,30.320280075073242,30.623787546869398,29.59186561611658,30.502385137043287,12540050
2011-08-08,28.863460540771484,30.077485033716176,28.83310920483219,29.804328799187942,11784550
2011-08-09,30.35064697265625,30.35064697265625,29.075919568247627,29.804334400920197,9710225
2011-08-10,28.954511642456055,29.68292633792927,28.893811865064638,29.652577896464916,12398600
2011-08-11,30.047130584716797,30.229235687022694,29.28836463162332,29.349067297212752,9018350
2011-08-12,29.773977279663086,30.04713059148989,29.68292328125841,29.956079487547623,7531625
2011-08-15,30.138185501098633,30.168533940355346,29.925729059526677,30.0167830606843,4071600
2011-08-16,29.8953857421875,30.047136647857727,29.652580819759546,29.804331725429773,6155575
2011-08-17,29.925735473632812,30.16854040650286,29.834684347422325,30.077489280292372,2686325
2011-08-18,28.893810272216797,29.197314931367785,28.772404935201347,29.166963597113924,9595300
2011-08-19,28.62065315246582,29.349067784867696,28.590301819166797,28.833106696634086,5418425
2011-08-22,28.68135643005371,29.075915127776867,28.620656650499352,29.045563790768284,3230775
2011-08-23,29.2276611328125,29.25801246173622,28.681348790033677,28.833102540190243,4087900
2011-08-24,28.893810272216797,29.04556115456102,28.620654052857127,28.74205649541003,3593225
2011-08-25,28.499252319335938,29.106264547202294,28.377849873762667,29.015213436637993,4170550
2011-08-26,29.10626983642578,29.19732096353599,28.590308625362685,28.802762220107557,4545775
2011-08-29,29.500822067260742,29.50082206726074,29.25801718559296,29.37941962642685,2791675
2011-08-30,29.379417419433594,29.56151961977359,29.197312324631312,29.318714756345404,4046525
2011-08-31,29.8953857421875,30.07748798677697,29.71328060313504,29.834683064349015,7397975
2011-09-01,29.62222671508789,29.89538295093118,29.591875379002477,29.74362916496683,4720725
2011-09-02,29.136611938476562,29.318714134957037,29.07590927667492,29.166960374915156,3664500
2011-09-06,28.499252319335938,28.499252319335938,28.165393423162477,28.165393423162477,4973775
2011-09-07,29.04556655883789,29.075917898738982,28.7420618432162,28.802761628555302,4203650
2011-09-08,28.68135643005371,28.954512674205343,28.590305313490767,28.833110220633817,13866800
2011-09-09,28.013641357421875,28.34750027403235,27.922590241283928,28.28679760029852,7005050
2011-09-12,28.286792755126953,28.317144086795068,27.831534357954446,27.9529367901646,11065125
2011-09-13,28.772409439086914,28.86346345610163,28.55995585497857,28.620658532988383,5357775
2011-09-14,28.893810272216797,29.166963597113924,28.49925161030422,28.681353826902306,4352925
2011-09-15,29.2276611328125,29.288360896197904,28.92415363249937,29.075907382655934,3995700
2011-09-16,29.53118133544922,29.561532680402895,29.197325224349516,29.44013019505177,7198525
2011-09-19,29.10626983642578,29.227672304060444,28.772410879583106,28.954516028266667,8750000
2011-09-20,29.075908660888672,29.40976461034044,28.984857564576767,29.106259991146697,6771800
2011-09-21,28.711715698242188,29.31872813377787,28.651013007456815,29.227676992063422,4889650
2011-09-22,28.256441116333008,28.438543296784054,27.922582294736134,28.317140878329365,16000350
2011-09-23,28.347496032714844,28.529598237744832,28.10469116303328,28.16539093322249,5396900
2011-09-26,28.499252319335938,28.529600759882292,28.10469364760715,28.31714720374472,6193000
2011-09-27,28.954511642456055,29.349070326119723,28.893811865064638,29.13661676355571,6356525
2011-09-28,28.954511642456055,29.440121439438197,28.954511642456055,29.409770103511136,4313400
2011-09-29,29.470470428466797,29.56152153453436,29.166962882291607,29.470470428466793,4843600
2011-09-30,28.711715698242188,29.045571814170913,28.6813643528495,29.015223363241834,5476925
2011-10-03,28.256441116333008,28.954504298831974,28.256441116333008,28.711699461922596,4443625
2011-10-04,28.62065315246582,28.620653152465824,27.892235625601497,28.07434073093319,5650475
2011-10-05,28.499252319335938,28.559952094891262,28.07434231259818,28.19574475817145,2998175
2011-10-06,28.62065315246582,28.77240403003604,28.408196713835103,28.499250713732177,8681025
2011-10-07,28.46890640258789,28.742062680731074,28.40820372101689,28.71171133994557,3751675
2011-10-10,29.197317123413086,29.197317123413086,28.863461104943344,28.863461104943344,2303825
2011-10-11,28.954511642456055,29.10626542762865,28.893811865064638,28.954511642456055,6892425
2011-10-12,29.136611938476562,29.34906546585786,29.0455579457741,29.136611938476562,3705925
2011-10-13,29.136611938476562,29.2276630367168,28.98485817843468,29.136611938476562,2533075
2011-10-14,29.197317123413086,29.197317123413086,28.863461104943344,29.106266008278205,4003975
2011-10-17,29.075908660888672,29.227662417716626,28.984857564576767,29.16695975720058,4692475
2011-10-18,29.34906768798828,29.470470126321185,28.83310660145783,28.98486037298957,3333525
2011-10-19,28.893810272216797,29.166963597113924,28.863458937962935,29.075912488814883,2485600
2011-10-20,28.802757263183594,28.893811269086648,28.59030370500175,28.80275726318359,2190875
2011-10-21,29.10626983642578,29.19732096353599,29.015218709315572,29.136621176950232,3033700
2011-10-24,29.409767150878906,29.5008211495186,29.25801627540424,29.288364713821725,2482300
2011-10-25,28.98487091064453,29.227675875583802,28.924168222177965,29.197324531350517,2487550
2011-10-26,29.04556655883789,29.31872282902157,28.893815648258588,29.288371489120475,6667475
2011-10-27,30.16853141784668,30.320285179291496,29.95607788850129,30.107831649946107,6282275
2011-10-28,30.289934158325195,30.32028548981745,30.0471292953117,30.107831958296213,5973650
2011-10-31,28.529600143432617,28.89381036674542,28.49925170354201,28.8331076980391,8764125
2011-11-01,28.165393829345703,28.3778502830098,28.104694052915,28.1653938293457,4941100
2011-11-02,28.256441116333008,28.286789550100202,28.07433604141999,28.22608978810384,3556475
2011-11-03,28.46890640258789,28.590308871266732,28.16539878365921,28.499257743373395,4396575
2011-11-04,28.408203125,28.438554465148716,28.195749532885195,28.438554465148716,2858900
2011-11-07,28.651002883911133,28.71170555324782,28.286795551278743,28.438549330157887,4216000
2011-11-08,28.529600143432617,28.590302812138933,28.195744148935525,28.408197700482532,3148525
2011-11-09,28.013641357421875,28.2564491578944,27.86189046201289,28.19574648416057,3409875
2011-11-10,27.983291625976562,28.135045408857852,27.831537843095273,28.074342737920272,4331800
2011-11-11,28.286792755126953,28.347495418463183,28.10469055404287,28.135041885710983,1913800
2011-11-14,28.165393829345703,28.28679627666976,28.074342717468323,28.19574516479238,1653725
2011-11-15,28.165393829345703,28.34749894756312,27.983291605590942,28.135045388361682,3372875
2011-11-16,27.649425506591797,28.04398408129471,27.619077073508425,27.952932993120776,3760850
2011-11-17,27.679784774780273,27.983292348378043,27.58873366048604,27.95294101212572,5360575
2011-11-18,27.80118751525879,27.952941303640277,27.710136400015003,27.922589967071428,2848925
2011-11-21,27.254873275756836,27.406627054343666,27.13347083177989,27.406627054343666,4516150
2011-11-22,27.467330932617188,27.588733381938013,27.315577147350478,27.49768226856307,2690600
2011-11-23,26.82996940612793,27.163825443728914,26.79961806785613,27.163825443728914,6055725
2011-11-25,26.82996940612793,27.133474105457115,26.79961806785613,26.92102052648039,2890925
2011-11-28,27.588741302490234,27.588741302490234,27.436987473655964,27.528038613171113,4308825
2011-11-29,27.710132598876953,27.801183701630805,27.558378831312293,27.679781266471547,3403750
2011-11-30,28.62065315246582,28.620653152465824,28.31714560840048,28.438548047134127,8429300
2011-12-01,28.226093292236328,28.438546827291614,28.226093292236328,28.317144393765403,2674400
2011-12-02,28.317148208618164,28.65100422217635,28.286796872532133,28.59030444446701,4198725
2011-12-05,28.529600143432617,28.6510025863827,28.377849260591926,28.590302812138933,3482825
2011-12-06,28.195741653442383,28.408195186185974,28.135041884570917,28.22609298510927,2385875
2011-12-07,28.590303421020508,28.620654756020052,28.286795859950285,28.31714719494983,3544350
2011-12-08,27.892240524291992,28.468904380402634,27.86189208012535,28.468904380402634,5560400
2011-12-09,28.529600143432617,28.559951477785777,28.165392814582365,28.165392814582365,3829875
2011-12-12,28.043989181518555,28.13504318071394,27.892235410655346,28.13504318071394,3388875
2011-12-13,27.92258644104004,28.37784774869464,27.77083267182184,28.25644531221256,4002475
2011-12-14,27.619083404541016,28.104693178732607,27.5887320700384,27.831536957134194,5551475
2011-12-15,27.558380126953125,27.740485235484755,27.467329019918562,27.7101339016524,4761925
2011-12-16,27.467330932617188,27.588733381938013,27.315577147350478,27.467330932617188,5099575
2011-12-19,27.072769165039062,27.40662513902846,27.042417832550285,27.40662513902846,2744650
2011-12-20,27.766944885253906,27.766944885253906,27.49050359243114,27.521219942583087,4241600
2011-12-21,27.490503311157227,27.55193601083256,27.306211070675918,27.52121966099489,4567375
2011-12-22,27.674802780151367,27.674802780151367,27.33692873799348,27.429077801821705,6821250
2011-12-23,27.889802932739258,27.889802932739258,27.644078029045055,27.736224135612403,1735950
2011-12-27,27.55193519592285,27.67479766236724,27.521218846993687,27.64408131343808,2258400
2011-12-28,27.214059829711914,27.58264721026585,27.183346411619834,27.55193379217377,3291200
2011-12-29,27.766944885253906,27.766944885253906,27.36764112109573,27.429073821399623,2837675
2011-12-30,27.98194694519043,28.04337963115243,27.79765474584781,27.85908450253812,3586775
2012-01-03,28.534832000732422,28.565548346511086,28.381253201111058,28.381253201111058,4001150
2012-01-04,28.504121780395508,28.59627083753403,28.411975652529573,28.473408357288587,4198375
2012-01-05,28.166244506835938,28.258390614466926,28.104811815567313,28.196960852470248,3052700
2012-01-06,27.859088897705078,28.043384055394565,27.828375479150292,28.012667707567623,3600475
2012-01-09,27.95123863220215,28.04338474868887,27.797659818542794,27.981952051516235,3966925
2012-01-10,28.28911018371582,28.350539952712573,28.19696406558455,28.319826532850335,5112500
2012-01-11,28.166244506835938,28.258390614466926,28.01266570793632,28.074098399204946,3183225
2012-01-12,28.043384552001953,28.135530667842392,27.98195185526019,28.074100900372837,8956150
2012-01-13,28.104806900024414,28.135523240286428,27.951231057257232,28.104806900024414,3466925
2012-01-17,28.104806900024414,28.258385672063035,28.104806900024414,28.19695592081045,2962050
2012-01-18,28.44268798828125,28.50411775509267,28.258392829302643,28.258392829302643,3750600
2012-01-19,28.657699584960938,28.71913228751613,28.565553460400633,28.657699584960938,3987300
2012-01-20,29.02628517150879,29.02628517150879,28.81127658474731,28.93413905279277,6415050
2012-01-23,29.149147033691406,29.179863382382408,29.02628456819963,29.087717265581638,4982650
2012-01-24,28.872703552246094,28.90341989859473,28.749841096123546,28.780557442472187,3827750
2012-01-25,29.241296768188477,29.272010188330324,28.841993013621398,28.995568902147554,3331875
2012-01-26,29.17987060546875,29.456311953572655,29.087724465858436,29.333449457667914,5436500
2012-01-27,29.333450317382812,29.45631281688845,29.210587817877176,29.241304175071846,3548625
2012-01-30,29.149147033691406,29.302725847874182,29.1184306850004,29.149147033691403,6287850
2012-01-31,29.333450317382812,29.364166674577483,29.11843874629316,29.364166674577483,5328425
2012-02-01,29.517728805541992,29.579161491217953,29.42558270629973,29.42558270629973,3322050
2012-02-02,29.609886169433594,29.67131594313076,29.54845346646392,29.609886169433594,2530300
2012-02-03,29.7020263671875,29.732742712542485,29.57916391503947,29.609880260394455,4104300
2012-02-06,29.609886169433594,29.67131594313076,29.54845346646392,29.579169817948756,2207075
2012-02-07,29.917034149169922,29.947750493727195,29.702025595812717,29.763455355655413,3820450
2012-02-08,30.03989601135254,30.070612355309823,29.886317220837913,30.009182596667046,2645250
2012-02-09,29.947751998901367,30.132047146235823,29.917035652800294,30.070614454033674,4129200
2012-02-10,29.579166412353516,29.640596178977972,29.517733716456892,29.548450064405205,2567325
2012-02-13,29.886329650878906,29.947762364343987,29.85561622341937,29.85561622341937,2368000
2012-02-14,29.794179916381836,29.978475105275635,29.640601080515776,29.947758752247893,4701050
2012-02-15,30.285634994506836,30.469930214719955,30.224205207284562,30.439213856472243,6062500
2012-02-16,30.59278106689453,30.59278106689453,30.254910042670456,30.254910042670456,4955400
2012-02-17,30.623506546020508,30.746369039585097,30.56207383460176,30.715652683875724,3216950
2012-02-21,30.59278106689453,30.623497413443637,30.43920226342103,30.562064720345425,7512600
2012-02-22,30.684921264648438,30.715637605278868,30.59277517202861,30.654204924018003,3658425
2012-02-23,30.869226455688477,30.899942806345535,30.56206880766275,30.6542149303615,4235000
2012-02-24,30.93065071105957,31.084229507680718,30.899937295152863,30.992083401416792,3528550
2012-02-27,30.74636459350586,30.83851071803628,30.500639641909753,30.562069415172537,4146475
2012-02-28,31.237810134887695,31.299239899572893,31.11494767624522,31.14566402322386,3914875
2012-02-29,30.684921264648438,31.176370997649464,30.654204924018003,31.1456575862905,5205800
2012-03-01,30.869226455688477,30.86922645568848,30.62350150897687,30.6542149303615,3248175
2012-03-02,30.56206703186035,30.65421314920497,30.500637263388025,30.592783380732644,2903225
2012-03-05,30.37778091430664,30.500643405264213,30.31634820419143,30.46992705020661,3487375
2012-03-06,30.132047653198242,30.13204765319824,29.947752502763077,30.070614959962505,4632025
2012-03-07,30.316343307495117,30.439205778607942,30.28562695739882,30.347059657591416,5762200
2012-03-08,30.83850860595703,30.899941304284873,30.74636248773755,30.77707883690147,8766425
2012-03-09,30.961366653442383,30.99208299822138,30.7770744433121,30.930650308663378,9376900
2012-03-12,30.65420913696289,30.68492548181481,30.562063031679017,30.65420913696289,3136175
2012-03-13,30.93065071105957,30.93065071105957,30.592779701910572,30.684925808174498,5498875
2012-03-14,30.59278106689453,30.80778963419421,30.562064720345425,30.80778963419421,3680125
2012-03-15,30.83850860595703,30.961371073340434,30.77707883690147,30.869224955120952,3758975
2012-03-16,31.022802352905273,31.145664814669818,30.9920860051461,31.053515771392295,3005400
2012-03-19,31.114953994750977,31.145670347967176,30.930658804726452,30.96137515794265,2099875
2012-03-20,30.80778694152832,30.869219629257188,30.65420815147793,30.74635718307123,2132100
2012-03-21,30.65420913696289,30.68492548181481,30.46991692639514,30.5313466868271,2705125
2012-03-22,30.684921264648438,30.807783697898692,30.59277517202861,30.59277517202861,4372800
2012-03-23,30.684921264648438,30.715637605278868,30.500629079408785,30.53134249076775,2656875
2012-03-26,30.89993667602539,30.930650091316707,30.74635788248143,30.77707422704459,3089425
2012-03-27,31.14566421508789,31.23781032731937,31.114947867920034,31.23781032731937,3851550
2012-03-28,31.20709800720215,31.23781435833373,31.05351918081672,31.23781435833373,5242825
2012-03-29,31.17637825012207,31.17637825012207,30.93065332645926,31.114948483842443,3071450
2012-03-30,31.268529891967773,31.329959663352415,31.14566741992609,31.329959663352415,3496250
2012-04-02,31.299251556396484,31.360684273233232,31.022813118450628,31.084242906014207,3078350
2012-04-03,30.89993667602539,31.114945229423828,30.74635788248143,31.084228884860664,2771200
2012-04-04,30.1934757232666,30.254908413055876,29.978467167547887,30.22419206816124,3560175
2012-04-05,30.1934757232666,30.31633817357328,30.1320459627492,30.1934757232666,3565125
2012-04-09,30.009185791015625,30.13204825065115,29.886320402108005,29.91703674933491,5372725
2012-04-10,29.640600204467773,29.978474219241537,29.60988678162044,29.91704151500174,7850475
2012-04-11,30.03989601135254,30.101328699267107,29.85560380615242,29.97846625270976,4910625
2012-04-12,30.1934757232666,30.254908413055876,29.947750822653248,29.947750822653248,3375775
2012-04-13,29.855609893798828,30.070618486797116,29.855609893798828,30.03990213657668,2270600
2012-04-16,29.917034149169922,30.07061294268443,29.886317804612652,29.978466838284465,3589875
2012-04-17,30.101337432861328,30.22419991506596,30.009191303526013,30.039904727122693,2755400
2012-04-18,30.03989601135254,30.132045043224387,29.917033564795197,29.97846625270976,2593575
2012-04-19,29.855609893798828,30.10133483701755,29.732747422189465,30.009188715628625,2581450
2012-04-20,29.917034149169922,29.978466838284465,29.824888044769956,29.855604389327226,1798850
2012-04-23,29.579166412353516,29.640596178977972,29.456303949832435,29.548450064405205,2989150
2012-04-24,29.763458251953125,29.91703706041247,29.73274483367896,29.763458251953125,4441275
2012-04-25,29.917034149169922,29.978466838284465,29.763455355655413,29.855604389327226,3957200
2012-04-26,30.07061195373535,30.16275805510486,29.88631682172459,29.917033165271675,3853125
2012-04-27,29.97847557067871,30.009191924183312,29.855613085933008,29.978475570678714,3040200
2012-04-30,29.917034149169922,29.978466838284465,29.824888044769956,29.917034149169922,2808975
2012-05-01,29.609886169433594,29.702032294615595,29.456307341281917,29.48702369276675,5647775
2012-05-02,29.456310272216797,29.487026626757945,29.333447783325006,29.394877563134504,3987275
2012-05-03,29.21057891845703,29.33344138053086,29.0570001085467,29.302725032694365,2425000
2012-05-04,28.995569229125977,29.118431698895787,28.903423109116705,29.118431698895787,1926275
2012-05-07,29.118432998657227,29.241298403183727,28.995570523403195,29.05700322566645,4091300
2012-05-08,28.872703552246094,28.87270355224609,28.56554887657574,28.841990135169468,7475425
2012-05-09,28.626977920532227,28.749840373566926,28.44268570561615,28.534831813074188,5457500
2012-05-10,28.74985122680664,28.90343008339493,28.719137798907422,28.872713726222663,5533000
2012-05-11,28.44268798828125,28.626980217987683,28.381255292197654,28.411971640239454,4132125
2012-05-14,28.13553237915039,28.28911120107383,28.104816028911223,28.2276785005955,3681000
2012-05-15,27.766944885253906,28.074102528228618,27.766944885253906,27.92052370674126,5017100
2012-05-16,27.45978546142578,27.674796969272858,27.45978546142578,27.582647924793175,4622950
2012-05-17,27.70551300048828,27.828375462450158,27.644080304871267,27.736226419024636,3595850
2012-05-18,27.30620765686035,27.613362329019576,27.275491310862833,27.582645983022058,2698000
2012-05-21,27.5826473236084,27.61336367109881,27.306208984011093,27.336922402229376,2204875
2012-05-22,27.55193519592285,27.67479766236724,27.3983563805493,27.55193519592285,3045150
2012-05-23,27.336917877197266,27.367634219603254,26.999046898546332,27.244771779250947,3279050
2012-05-24,27.214059829711914,27.398354984624937,27.09119736952727,27.33692228989656,8385125
2012-05-25,27.06049156188965,27.214067483357848,27.029775205886835,27.18335405662797,4214475
2012-05-29,27.398353576660156,27.459783338959628,27.24477477700353,27.36763723087444,4095400
2012-05-30,27.029769897460938,27.21406213873846,26.999053547490565,27.183348718040445,3053350
2012-05-31,27.30620765686035,27.429070111578437,27.152628856144748,27.336921073585888,2660225
2012-06-01,26.569032669067383,26.90690665044735,26.53831924925561,26.876190301363305,2800775
2012-06-04,26.876190185546875,26.876190185546875,26.63046525247794,26.845473836595193,2797800
2012-06-05,27.214059829711914,27.2447761770761,27.029767604071,27.060483951435188,2906850
2012-06-06,27.644084930419922,27.644084930419922,27.21406477696413,27.24478112991225,4525800
2012-06-07,27.45978546142578,27.705513317432754,27.429072042538074,27.674796969272858,3687050
2012-06-08,27.214059829711914,27.2447761770761,26.937621491250546,26.99905125670681,2034225
2012-06-11,27.091201782226562,27.42907579972239,27.060488359131785,27.398359447355027,2016250
2012-06-12,27.398353576660156,27.398353576660156,27.15262866891834,27.275491122789248,1587325
2012-06-13,27.24477767944336,27.459786264304746,27.183347910599654,27.336923797345058,1546250
2012-06-14,27.45978546142578,27.582647924793175,27.27549323101079,27.30620957917068,2372600
2012-06-15,27.859088897705078,27.92052159335896,27.644080321460805,27.674796669287744,7167825
2012-06-18,27.9205322265625,28.01267837586393,27.859099507512695,27.889815867037598,2530425
2012-06-19,28.0741024017334,28.196964872515217,27.98195335169276,28.012669701706304,2597400
2012-06-20,28.319828033447266,28.381257805699025,28.07410308589534,28.258395331923065,2846400
2012-06-21,27.91047477722168,28.406660522283346,27.879462428780243,28.406660522283346,2997125
2012-06-22,28.09654998779297,28.127559383234217,27.941491180583697,28.065537634850962,1674900
2012-06-25,27.662376403808594,27.848444542455432,27.60035171925982,27.817435157680787,2378725
2012-06-26,27.972496032714844,28.00350541984094,27.786424922458444,27.87945899883666,5652450
2012-06-27,28.18958854675293,28.251610304943718,28.03452971502412,28.06554207287013,5418350
2012-06-28,28.592731475830078,28.6237408665764,28.344638604857607,28.406660343850568,2882250
2012-06-29,29.181947708129883,29.181947708129883,28.96486721216078,29.026888943509118,2993025
2012-07-02,29.08892059326172,29.150942339451703,28.9648741433811,29.057908241416403,3047050
2012-07-03,29.4610595703125,29.4610595703125,29.181954322235757,29.212966673688864,2443500
2012-07-05,29.08892059326172,29.181954691297022,28.99588649522642,29.057908241416403,2308450
2012-07-06,28.964866638183594,28.995878981993187,28.778795532825935,28.90284195056441,2732275
2012-07-09,28.80980682373047,28.84081916640666,28.623735725173105,28.685760410525486,3175750
2012-07-10,28.499696731567383,28.778801973315687,28.406662636818133,28.778801973315687,3610475
2012-07-11,28.561717987060547,28.623739723576865,28.375646862511207,28.5927303340688,2146725
2012-07-12,28.127553939819336,28.189578633699952,28.003507509558286,28.065532203438902,2852950
2012-07-13,28.406658172607422,28.406658172607422,27.97249716034055,27.97249716034055,3347800
2012-07-16,28.282611846923828,28.406658273368667,28.189577766465224,28.282611846923828,1977600
2012-07-17,28.15856170654297,28.18957404843887,27.972493570166968,28.127549364647066,2656475
2012-07-18,28.2515926361084,28.344629651460117,28.065524520403716,28.09653685885429,2555800
2012-07-19,28.468685150146484,28.53070688937866,28.375648105047734,28.437672801780234,2411825
2012-07-20,27.78642463684082,27.910471056570024,27.724399948226253,27.848446367955457,3556975
2012-07-23,27.414289474487305,27.445301823429123,27.228218338336774,27.321255385162228,2472100
2012-07-24,27.166189193725586,27.383269662151616,27.01113044877861,27.352257321662304,7326400
2012-07-25,27.166189193725586,27.259223257693947,27.01113044877861,27.197201534214898,2923750
2012-07-26,27.56934356689453,27.66237764037678,27.445297149751582,27.53833122323383,3757700
2012-07-27,28.065534591674805,28.158568682912275,27.755417010882642,27.817441710041248,3047525
2012-07-30,27.91047477722168,27.972499474104552,27.848450080338807,27.879462428780243,3860225
2012-07-31,27.87945556640625,28.09653899456209,27.81743384229001,28.034514312946246,3229650
2012-08-01,27.78642463684082,28.003505131991943,27.75541229253354,28.003505131991943,1806750
2012-08-02,27.662376403808594,27.817435157680787,27.476305307662013,27.662376403808594,3187675
2012-08-03,27.972496032714844,28.065530109093064,27.786424922458444,27.786424922458444,2731125
2012-08-06,28.2515926361084,28.406651370861887,28.2205832551572,28.251592636108402,3095025
2012-08-07,28.592731475830078,28.778799650309274,28.592731475830078,28.65475321482304,4299750
2012-08-08,28.530704498291016,28.59272918982538,28.40665807272236,28.40665807272236,1789850
2012-08-09,28.592731475830078,28.71677791131631,28.56171912758344,28.6237408665764,1894475
2012-08-10,28.62374496459961,28.654757317286244,28.437676763481278,28.468689116167912,3234875
2012-08-13,28.561717987060547,28.747789111609883,28.53070564005229,28.685764417593376,2307275
2012-08-14,28.530704498291016,28.62373857809249,28.499692152523835,28.561716844058196,1883100
2012-08-15,28.375638961791992,28.468675976912166,28.344629580917967,28.375638961791992,1836975
2012-08-16,28.747785568237305,28.840819640294754,28.592726809808337,28.65474853868003,2328975
2012-08-17,28.964866638183594,29.05790071211248,28.90284195056441,29.02688836830289,1302675
2012-08-20,28.902841567993164,28.933853911392262,28.80980749529572,28.902841567993164,1864925
2012-08-21,28.902841567993164,29.119925014287002,28.840819838694816,29.026887984089708,2013375
2012-08-22,28.8718318939209,28.96486596568976,28.6547484497938,28.685760792883357,2896300
2012-08-23,28.8718318939209,28.96486596568976,28.80980720774178,28.933853622600203,1640000
2012-08-24,28.840818405151367,28.933852473224523,28.654747311505364,28.716771995220597,1978375
2012-08-27,28.747785568237305,28.871831983480515,28.685760881865786,28.840819640294754,2084500
2012-08-28,28.499696731567383,28.592733783817184,28.437674987568066,28.437674987568066,1955425
2012-08-29,28.592731475830078,28.65475321482304,28.530706779336803,28.6237408665764,1767925
2012-08-30,28.065534591674805,28.28261512372905,28.065534591674805,28.28261512372905,4882800
2012-08-31,28.09654998779297,28.251605837501483,27.879466474699687,28.09654998779297,4005100
2012-09-04,27.72439956665039,27.7864242544113,27.569343762247897,27.693390180269827,3279875
2012-09-05,27.383275985717773,27.507322418821243,27.352263638066844,27.445300681019635,3704825
2012-09-06,27.755414962768555,27.848449047140903,27.50732209944215,27.538334446733003,6397300
2012-09-07,28.127553939819336,28.22059098064026,28.065532203438902,28.065532203438902,3237950
2012-09-10,28.127553939819336,28.282612717020694,28.096544550379214,28.22059098064026,2347675
2012-09-11,28.2515926361084,28.344629651460117,28.189570916706632,28.2205832551572,2824575
2012-09-12,28.561717987060547,28.65475207058512,28.499693293044036,28.5927303340688,2748025
2012-09-13,29.026897430419922,29.150943886885358,28.62374570753204,28.685770414515165,3640975
2012-09-14,29.337017059326172,29.461063524286285,29.243982949981344,29.306004703710894,9753550
2012-09-17,29.05790901184082,29.24398017034546,29.02689665917326,29.150943112342777,2554650
2012-09-18,29.11992835998535,29.150937749447387,28.995881929636646,29.057903666060902,6583325
2012-09-19,29.181947708129883,29.243972396978165,29.088913632357404,29.181947708129883,3599875
2012-09-20,28.8718318939209,28.96486596568976,28.80980720774178,28.933853622600203,4801400
2012-09-21,29.026897430419922,29.150943886885358,28.995888034429168,29.119934490894607,2213975
2012-09-24,28.964866638183594,29.02688836830289,28.778795532825935,28.809807876635524,1622950
2012-09-25,28.964866638183594,29.21295947366055,28.90284195056441,29.15093478604137,2813175
2012-09-26,28.65475082397461,28.747787860951842,28.561716744497435,28.716775515292763,2140925
2012-09-27,28.99588394165039,29.119930380606636,28.902846894307917,28.964871592536234,1982900
2012-09-28,28.437665939331055,28.53070000447892,28.344631874183186,28.53070000447892,4597200
2012-10-01,28.344636917114258,28.561717426914324,28.344636917114258,28.406658652414222,2243000
2012-10-02,28.22058868408203,28.406656835581504,28.158563995248908,28.375644491164945,4509325
2012-10-03,28.09654998779297,28.189584089118227,28.03452528190896,28.127559383234217,4300625
2012-10-04,28.437665939331055,28.49968766359643,28.344631874183186,28.37564125756607,2168225
2012-10-05,28.437665939331055,28.592724686243905,28.37564125756607,28.53070000447892,3451125
2012-10-08,28.282611846923828,28.344636538896292,28.220590112451454,28.313624192910062,2295400
2012-10-09,27.81743812561035,27.97249689602625,27.78642578002716,27.941484550443057,3380675
2012-10-10,27.600351333618164,27.662376017300307,27.476304923753577,27.600351333618164,2151975
2012-10-11,27.755414962768555,27.848449047140903,27.693393225687064,27.7244026154777,3364350
2012-10-12,27.78642463684082,27.817436981148106,27.66237821711162,27.724399948226253,2558400
2012-10-15,27.972496032714844,28.00350541984094,27.786424922458444,27.941483688088784,3181800
2012-10-16,28.375638961791992,28.406651300165382,28.251592565797797,28.282604904171187,2817650
2012-10-17,28.530704498291016,28.62373857809249,28.499692152523835,28.561716844058196,2654850
2012-10-18,28.71677589416504,28.77879762880141,28.623738855960326,28.623738855960326,2704875
2012-10-19,28.344636917114258,28.62373916221429,28.282612224314164,28.592729773314375,3159375
2012-10-22,28.747785568237305,28.77879495392324,28.592726809808337,28.716773225051547,9404950
2012-10-23,28.15856170654297,28.22058639033477,28.003502954563164,28.09653998025087,6191550
2012-10-24,28.22058868408203,28.375644491164945,28.158563995248908,28.282610415415206,2963100
2012-10-25,28.437665939331055,28.56171234536141,28.344631874183186,28.53070000447892,3878150
2012-10-26,28.282611846923828,28.282611846923828,28.09654368600662,28.220590112451454,3160225
2012-10-31,28.09654998779297,28.251605837501483,28.03452528190896,28.220596442060234,2931325
2012-11-01,28.375638961791992,28.406651300165382,28.096536788929576,28.127546169803598,2273150
2012-11-02,28.15856170654297,28.344632800418673,28.15856170654297,28.344632800418673,2512450
2012-11-05,28.15856170654297,28.22058639033477,28.034515296459066,28.09653998025087,1874900
2012-11-06,28.22058868408203,28.282610415415206,28.096542263915733,28.18957633966547,6131000
2012-11-07,27.87945556640625,28.034514312946246,27.72439681986625,28.034514312946246,4222625
2012-11-08,27.755414962768555,27.879461394431758,27.693393225687064,27.78642731005941,3798300
2012-11-09,27.755414962768555,27.879461394431758,27.662380878396206,27.7244026154777,3284800
2012-11-12,27.476306915283203,27.600353334138887,27.44529752869422,27.507319259372103,3067600
2012-11-13,27.507322311401367,27.631368744020417,27.383275878782317,27.383275878782317,3344050
2012-11-14,27.166189193725586,27.445294343130232,27.135176853236278,27.414282002640924,3420075
2012-11-15,27.600351333618164,27.693388359141377,27.445295539412204,27.53832960743572,22234700
2012-11-16,28.09654998779297,28.189584089118227,27.941491180583697,28.158571736176224,5118975
2012-11-19,28.499696731567383,28.592733783817184,28.468687338318,28.53070908231732,11959000
2012-11-20,28.437665939331055,28.468678280213545,28.251594851535714,28.344631874183186,4739750
2012-11-21,28.468685150146484,28.53070688937866,28.406660453413984,28.406660453413984,4144875
2012-11-23,28.80980682373047,28.871831509082853,28.685760410525486,28.77879448105428,2498600
2012-11-26,28.80980682373047,28.80980682373047,28.685760410525486,28.77879448105428,3200600
2012-11-27,28.65475082397461,28.77879724911086,28.62373847831553,28.747787860951842,4597325
2012-11-28,28.685762405395508,28.685762405395508,28.313623139901186,28.375644872066914,4553475
2012-11-29,29.026897430419922,29.057909783911484,28.809816870980605,28.902850973954482,21614000
2012-11-30,28.933856964111328,28.995881657453552,28.840822881598154,28.840822881598154,6269225
2012-12-03,28.80980682373047,28.964865579611644,28.77879448105428,28.964865579611644,2656025
2012-12-04,28.840818405151367,28.933852473224523,28.778793721436134,28.902840131366904,3567825
2012-12-05,28.840818405151367,28.96486481508214,28.716771995220597,28.871830747008985,3839225
2012-12-06,28.99588394165039,28.995883941650394,28.840825153579992,28.933859243422074,2921850
2012-12-07,29.08892059326172,29.11993294510704,28.9648741433811,28.99588649522642,2970725
2012-12-10,28.99588394165039,29.02689333326416,28.902846894307917,28.995883941650394,3288075
2012-12-11,28.964866638183594,29.05790071211248,28.90284195056441,28.964866638183594,4907325
2012-12-12,29.08892059326172,29.212967043142342,28.9648741433811,29.08892059326172,10676250
2012-12-13,28.964866638183594,29.02688836830289,28.840820220445117,28.964866638183594,8853975
2012-12-14,29.11992835998535,29.181950096409608,29.02689131909868,29.02689131909868,5268450
2012-12-17,29.399032592773438,29.39903259277344,29.18195206439865,29.212964413452305,7280625
2012-12-18,29.841007232666016,29.87235055508631,29.621586039631033,29.715621985589557,10799850
2012-12-19,30.311180114746094,30.342526416342213,30.154451596113347,30.217144199305586,12968075
2012-12-20,30.71868896484375,30.71868896484375,30.405231765359357,30.436578083177675,8677850
2012-12-21,30.53060531616211,30.561951625016032,30.185804886814584,30.217151195668507,10103275
2012-12-24,30.53060531616211,30.561951625016032,30.40522307009496,30.467915687802805,4100700
2012-12-26,30.499265670776367,30.561958302181274,30.373883397315744,30.53061198647882,7084125
2012-12-27,30.53060531616211,30.561951625016032,30.248494515173885,30.43656937894888,8645925
2012-12-28,30.311180114746094,30.37386972859048,30.248487511553854,30.342526416342213,4586175
2012-12-31,30.561948776245117,30.6246413881092,30.248491695621244,30.279838001553287,7618900
2013-01-02,31.314245223999023,31.314245223999023,31.000791102278402,31.032134421906473,8628700
2013-01-03,31.032136917114258,31.28290143039346,30.96944728346886,31.157519173753858,9579100
2013-01-04,30.90675163269043,30.969444249542935,30.78136938833392,30.844062005186426,7771900
2013-01-07,30.624650955200195,30.71868691302473,30.4679223659265,30.53061200802646,9995200
2013-01-08,30.2171573638916,30.3738829614565,30.06042877697755,30.3738829614565,9071725
2013-01-09,30.624650955200195,30.624650955200195,30.49926569230188,30.49926569230188,5087075
2013-01-10,30.875408172607422,30.90675149154203,30.781369247758125,30.875408172607422,6449700
2013-01-11,30.969440460205078,30.969440460205078,30.84405823119,30.969440460205078,7620800
2013-01-14,31.157514572143555,31.18886087901116,31.06347864088909,31.15751457214355,7774575
2013-01-15,31.063488006591797,31.094834322910376,30.875416087378817,30.969452046985307,7424200
2013-01-16,30.687332153320312,30.75002476751886,30.499257300073044,30.593296221370867,5918275
2013-01-17,30.812713623046875,30.87540623568013,30.593295457527077,30.75002399976192,13954050
2013-01-18,30.93810272216797,30.96944903543836,30.781374145164996,30.96944903543836,12178025
2013-01-22,30.624650955200195,30.655994281575573,30.4679223659265,30.593304639475615,9726200
2013-01-23,30.373876571655273,30.499258816939818,30.279840635028997,30.467915497630077,10159300
2013-01-24,30.71868896484375,30.812724928949308,30.530614047283233,30.561960365101555,8512825
2013-01-25,30.93810272216797,31.03213867263017,30.718684507973187,31.000795348708746,11448475
2013-01-28,30.467920303344727,30.62464888200839,30.37388136253713,30.561956254803327,6851975
2013-01-29,30.875408172607422,31.00079041639132,30.812715556041226,30.90675149154203,10567025
2013-01-30,31.18886375427246,31.345592313710743,31.126174124106328,31.18886375427246,8299775
2013-01-31,31.251564025878906,31.34559998882757,31.188871391013556,31.28290735396222,7934400
2013-02-01,31.157514572143555,31.314243117133227,31.032132334021483,31.094824947756695,9008175
2013-02-04,31.18886375427246,31.31424600395336,31.126174124106328,31.31424600395336,8944275
2013-02-05,31.09482765197754,31.18886359141002,31.000791712545062,31.06348134238384,7111825
2013-02-06,31.502317428588867,31.56500705190032,31.188860343986665,31.251552956646428,12497250
2013-02-07,31.59636116027832,31.627707474348508,31.345596626414927,31.596361160278324,9955025
2013-02-08,31.47097396850586,31.56500990665184,31.314245412030168,31.34559172119502,13438850
2013-02-11,31.815763473510742,31.87845607030742,31.627691661815813,31.72172756766328,7910200
2013-02-12,31.59636116027832,31.690397113139834,31.50232520741681,31.565014846208136,6325450
2013-02-13,31.47097396850586,31.533666586835565,31.376938030359874,31.47097396850586,5460925
2013-02-14,31.157514572143555,31.25155349274637,31.06347864088909,31.18886087901116,8843025
2013-02-15,31.063488006591797,31.188870282516866,31.032141690273214,31.157523966198283,7215875
2013-02-19,31.533674240112305,31.533674240112305,31.345599328825656,31.376945645598315,6031000
2013-02-20,31.627702713012695,31.909813518476412,31.627702713012695,31.8784672091252,8596875
2013-02-21,31.251564025878906,31.40829262369292,31.063489110632222,31.376946306260244,8641400
2013-02-22,31.753089904785156,31.753089904785156,31.50232536963051,31.56501500874464,6785650
2013-02-25,31.314245223999023,31.847120519207493,31.282898915022393,31.847120519207493,9806975
2013-02-26,31.909812927246094,31.94115624666798,31.69039175520168,31.84712030970525,9911350
2013-02-27,31.87847137451172,31.909817687958782,31.59636053218611,31.65905315908024,5485750
2013-02-28,32.003841400146484,32.19191621955692,31.909805485115186,32.003841400146484,6937625
2013-03-01,32.31730651855469,32.34864983850547,32.09788534280764,32.191924270705776,6942200
2013-03-04,32.50539016723633,32.50539016723633,32.22327926007478,32.34866155332995,7139100
2013-03-05,32.568058013916016,32.63074761814209,32.44267581611647,32.44267581611647,5091475
2013-03-06,32.97556686401367,33.00691018662293,32.75614566965581,32.850181616181274,10346925
2013-03-07,32.66210174560547,32.81883027776711,32.599409137001565,32.69344804990742,8239450
2013-03-08,32.8188362121582,32.91287215271978,32.53672540112482,32.66210765165648,11046925
2013-03-11,33.00691604614258,33.00691604614258,32.85018744787783,32.97557271796913,5510650
2013-03-12,32.66210174560547,32.81883027776711,32.63075544130351,32.72479136486126,6455850
2013-03-13,32.850181579589844,32.975566827282584,32.662109686748416,32.662109686748416,4150525
2013-03-14,33.03825378417969,33.100946402945105,32.88152522661474,33.03825378417969,5795000
2013-03-15,33.351707458496094,33.351707458496094,33.16363261095166,33.19497891710044,8483675
2013-03-18,33.19498825073242,33.351716836196374,33.06960598023108,33.132295620807184,8166500
2013-03-19,33.383052825927734,33.414399134002046,33.13228834003023,33.3517095072019,10076425
2013-03-20,33.63382339477539,33.66516970851894,33.44575149101217,33.53978744289378,8111725
2013-03-21,33.63382339477539,33.72786233600602,33.57113375663732,33.69651602226248,5163225
2013-03-22,33.75920486450195,33.75920486450195,33.477094051139744,33.53978368224875,6088725
2013-03-25,33.44574737548828,33.72785818576819,33.38305475571557,33.72785818576819,4920525
2013-03-26,33.75920486450195,33.75920486450195,33.53978368224875,33.57112999247759,8448800
2013-03-27,33.915924072265625,33.947270376611996,33.66515961619087,33.79054184422825,4657625
2013-03-28,33.85323715209961,33.85323715209961,33.66516230037395,33.69650860721962,8444450
2013-04-01,32.53672790527344,32.850182061052855,32.505381592890835,32.78749242563652,7499700
2013-04-02,32.9442138671875,32.9442138671875,32.63075678990925,32.693449401104196,17986475
2013-04-03,32.8188362121582,33.19498296375316,32.78748990218813,33.19498296375316,11637525
2013-04-04,34.16669845581055,34.22939108271925,34.009972867236755,34.04131619134212,11675200
2013-04-05,34.354774475097656,34.44881042919905,34.04131730896091,34.10400993792789,16395850
2013-04-08,34.69956970214844,34.76226232160441,34.323422953458454,34.35476926318644,14453375
2013-04-09,34.41745376586914,34.54283898610153,34.16668930410074,34.323417840043035,12909650
2013-04-10,35.1384162902832,35.20110593327157,34.91899805580006,34.95034138261962,10218900
2013-04-11,35.5458984375,35.85935253418381,35.35782358801105,35.38916989448393,37188725
2013-04-12,35.60859298706055,35.67128560867897,35.42052110090275,35.57724966560007,15893800
2013-04-15,35.32647705078125,35.57724150100976,35.263784443550094,35.48320259016303,13983225
2013-04-16,35.67127990722656,35.67127990722656,35.38916913373177,35.51455136757965,8450525
2013-04-17,35.420528411865234,35.60860033684197,35.20110718025992,35.57725700891208,13481125
2013-04-18,35.169742584228516,35.26377848985081,35.013014081959675,35.23243219152753,10712625
2013-04-19,35.5458984375,35.5458984375,35.16975172787043,35.23244135146786,10045750
2013-04-22,35.514549255371094,35.57724186324055,35.23243849865469,35.295131106524146,8864375
2013-04-23,35.85935592651367,35.92204854539021,35.51455549073852,35.54590180017679,12883375
2013-04-24,36.07878112792969,36.23550970325597,35.922052552603404,35.953398865538446,10669175
2013-04-25,36.266849517822266,36.4549243878863,36.204159887366686,36.2355061972688,7829075
2013-04-26,36.172821044921875,36.2668570046922,36.01609245240516,36.172821044921875,7987875
2013-04-29,36.39223861694336,36.486277564347425,36.20416670083365,36.235513016635004,4714175
2013-04-30,36.67434310913086,36.67434310913086,36.48627122569433,36.54896085705695,5345925
2013-05-01,36.266849517822266,36.42357807798419,36.266849517822266,36.42357807798419,5936275
2013-05-02,36.423583984375,36.58031256995178,36.36089434375376,36.36089434375376,8590875
2013-05-03,36.92510986328125,37.01914880007839,36.70569165611899,36.737037968384705,12402775
2013-05-06,36.768375396728516,36.86241431844968,36.768375396728516,36.83106801120929,6089875
2013-05-07,36.83107376098633,36.89376638525418,36.737037813933405,36.768381136718475,7505300
2013-05-08,37.14453125,37.175874573077344,36.893766729287925,36.893766729287925,11092600
2013-05-09,36.8624267578125,37.050498686023616,36.61166219396475,36.76838780435754,25462075
2013-05-10,36.8624267578125,36.89377307563082,36.67435184025199,36.705698158070305,10794100
2013-05-13,37.33260726928711,37.39529990106404,37.17587867919399,37.269917626859396,9904250
2013-05-14,37.58336639404297,37.67740532813761,37.20721962571074,37.20721962571074,13667800
2013-05-15,37.92816925048828,37.95951257201692,37.7087480636954,37.80278699632753,16050125
2013-05-16,37.36394119262695,37.646051963356655,37.33259488713516,37.5206697307377,10664750
2013-05-17,37.95950698852539,37.95950698852539,37.646052893904056,37.70874251708901,9472575
2013-05-20,38.21027374267578,38.24162005081506,38.08489149946715,38.17893042388498,8105575
2013-05-21,38.42969512939453,38.523731065,38.27296657715309,38.30431288547108,7607975
2013-05-22,38.022212982177734,38.962581575681305,37.92817701963219,38.680470698695295,23832675
2013-05-23,36.423583984375,36.486276614345364,34.91899673727579,35.38917950465701,36419850
2013-05-24,35.765323638916016,35.796669951554506,35.16975864552925,35.38917685530086,36405700
2013-05-28,35.5458984375,35.984734770727,35.32648027088649,35.67128067404319,15388975
2013-05-29,34.95033645629883,35.075718713951915,34.66822861859099,35.013029079799786,16241725
2013-05-30,34.76226043701172,34.887642679777606,34.48014964345136,34.51149595147995,33879325
2013-05-31,33.978633880615234,34.38612707534286,33.978633880615234,34.07266985190634,15177775
2013-06-03,33.57112503051758,33.72785356914793,33.06959609837903,33.44574279748294,22287050
2013-06-04,34.54283905029297,34.79360351252737,34.26072828294222,34.69956459717832,18410475
2013-06-05,33.226322174072266,33.66515846249016,33.163629567527984,33.6024688452939,21885825
2013-06-06,33.19498825073242,33.257677891308525,32.47403795333788,33.06960598023108,25855600
2013-06-07,34.48014831542969,34.54284092907223,33.44574410511467,33.53978003623012,23362500
2013-06-10,34.91899871826172,35.10707064014404,34.730923807030095,35.075724323380555,15782950
2013-06-11,34.2293815612793,34.63687455478835,34.04130672221813,34.386110095605574,24670900
2013-06-12,34.32342529296875,34.950336583516126,34.22938934672385,34.91899326100038,15606600
2013-06-13,35.1384162902832,35.23245224944038,34.38612263832736,34.63688718897931,17034800
2013-06-14,34.04131317138672,34.605534806114534,34.00996985006196,34.386116610097595,17647600
2013-06-17,34.95033645629883,35.577250733913104,34.79361087624408,35.263793595105966,16008175
2013-06-18,35.5458984375,35.79666291058638,35.48320582455424,35.5458984375,12464775
2013-06-19,35.10706329345703,35.89070311245986,35.07571698325324,35.70263122993444,10999000
2013-06-20,33.66516876220703,34.417462334811354,33.53978650010631,34.386119011297865,13678825
2013-06-21,34.887638092041016,34.981674014412555,34.29207027520909,34.887638092041016,17274775
2013-06-24,33.915924072265625,34.10399890899575,33.414395160116115,33.884580757267365,10380450
2013-06-25,34.354774475097656,34.41746411471556,33.91593504037603,34.0726636234444,7435050
2013-06-26,34.19804382324219,34.29207977165494,33.97862561382947,34.041315249655,10240650
2013-06-27,35.03859329223633,35.13303609831406,34.786743807840594,34.81822574396073,19192550
2013-06-28,35.32191848754883,35.54228599698643,35.101547975829085,35.16451183697248,13429600
2013-07-01,35.762657165527344,35.95154576600178,35.63673243263854,35.73117823401698,7079325
2013-07-02,36.01451110839844,36.392288356310154,35.82562548672541,36.234881670060744,8235300
2013-07-03,36.045982360839844,36.17190707205441,35.73117208394441,35.794132938410726,5037625
2013-07-05,36.518211364746094,36.58117223487605,36.10895520091197,36.518211364746094,8012325
2013-07-08,36.266357421875,36.45524301133013,36.04598689780093,36.10895076247418,17851525
2013-07-09,36.455238342285156,36.54968112491686,36.32931363134891,36.4867202705897,6624700
2013-07-10,36.32931900024414,36.675611255924814,36.29783706728707,36.39228286615828,10184550
2013-07-11,37.39967346191406,37.39967346191406,36.92745356582731,37.02189934641373,9356400
2013-07-12,37.33671951293945,37.431165318580625,37.14783390622228,37.17931584143601,13368525
2013-07-15,37.68301773071289,37.68301773071289,37.43116823395267,37.525611044667045,7674950
2013-07-16,37.36819839477539,37.52560505569963,37.27375559913378,37.494123123058316,7973100
2013-07-17,37.7144889831543,37.777452845659184,37.525603400204034,37.74597091440674,7437850
2013-07-18,37.903385162353516,37.93486709991339,37.77746041439684,37.77746041439684,8213125
2013-07-19,37.620052337646484,37.68301621043775,37.43116672383808,37.49412759434665,9070150
2013-07-22,37.7144889831543,37.74597091440674,37.43116060872891,37.49412146895159,6142825
2013-07-23,37.68301773071289,37.87190335214164,37.58857191771569,37.84042441675874,8943250
2013-07-24,37.36819839477539,37.651529783982554,37.179312803492174,37.62004785134124,10652450
2013-07-25,36.675601959228516,36.77004773415919,36.455234488953494,36.48671641393039,13115500
2013-07-26,35.825626373291016,36.077475876609384,35.69970162163183,36.045993938123864,10524600
2013-07-29,35.03859329223633,35.29044277663206,34.9441504861586,35.258960840511925,15723125
2013-07-30,35.3534049987793,35.66821836745621,35.321926063737834,35.605257495090505,13684225
2013-07-31,35.32191848754883,35.479325138125176,35.16451183697248,35.25895462640543,8533675
2013-08-01,36.29783630371094,36.612649622094374,36.29783630371094,36.58116768979957,11763000
2013-08-02,36.864498138427734,36.990422862122394,36.54968482804997,36.612648691038416,11108875
2013-08-05,36.95893859863281,36.99042052814062,36.738571096642225,36.83301388288361,4853900
2013-08-06,36.990421295166016,37.11634601352636,36.92745743484479,37.08486408336575,9044975
2013-08-07,36.29783630371094,36.612649622094374,36.29783630371094,36.51820682749227,5868450
2013-08-08,36.10894775390625,36.26635440019207,35.7941344613346,36.10894775390625,6576450
2013-08-09,36.140438079833984,36.29784477576502,36.014513323545756,36.140438079833984,5365675
2013-08-12,36.10894775390625,36.140426681337765,35.95154110762042,35.983023037334,3821800
2013-08-13,36.423763275146484,36.455245209381296,35.98302820498906,36.29783854048972,11117450
2013-08-14,36.23487854003906,36.42376414539588,36.17191467006508,36.32932134271747,7009425
2013-08-15,35.73118209838867,35.95154965420649,35.66821822399342,35.92006771700886,7304225
2013-08-16,35.73118209838867,35.95154965420649,35.636736286795795,35.79414297050114,6614550
2013-08-19,35.63673400878906,35.95154735607594,35.573773140701235,35.88858348570553,6131300
2013-08-20,35.32191848754883,35.479325138125176,35.22747269583373,35.25895462640543,9489000
2013-08-21,34.81822204589844,35.164514299592014,34.69229731707511,35.00710763799226,8305800
2013-08-22,35.03859329223633,35.29044277663206,35.03859329223633,35.13303609831406,10670100
2013-08-23,35.63673400878906,35.63673400878906,35.4163664670578,35.54229120551603,5738450
2013-08-26,35.227481842041016,35.44785241097617,35.196002905578496,35.290445719531895,8711000
2013-08-27,34.84970474243164,35.22747896972587,34.81822580853579,35.10155422729446,12371475
2013-08-28,34.94416046142578,35.16452807260819,34.81823568328104,34.881196571211646,9974900
2013-08-29,34.91266632080078,35.16451578911546,34.881184386690826,34.91266632080078,4265075
2013-08-30,34.22007369995117,34.44044120143028,34.12563091392899,34.44044120143028,5773450
2013-09-03,35.0700798034668,35.29044738049072,34.91267310461411,35.196004562092334,17583600
2013-09-04,35.605255126953125,35.79414073377009,35.258959843984364,35.290441779214724,11921025
2013-09-05,35.510807037353516,35.60525283697023,35.35340037360807,35.38488230681364,5236900
2013-09-06,35.63673400878906,35.7626587472473,35.29044172859956,35.51080927033083,5256875
2013-09-09,36.54969024658203,36.54969024658203,36.14043408333115,36.171916019492606,8646150
2013-09-10,36.83301544189453,36.86449737273486,36.6441298614169,36.70709072081539,6949975
2013-09-11,36.5811767578125,36.612658697911286,36.23488442357506,36.32932724158835,3668525
2013-09-12,36.32931900024414,36.5182075957042,36.2348762036553,36.423761796832984,8318100
2013-09-13,36.518211364746094,36.518211364746094,36.297840813584536,36.42376555612713,6543825
2013-09-16,36.990421295166016,37.11634601352636,36.86449657680567,36.990421295166016,7356350
2013-09-17,36.83301544189453,36.86449737273486,36.48672320949743,36.48672320949743,11706775
2013-09-18,37.96635055541992,37.99782949195556,36.86450671503366,36.95894952920642,11044225
2013-09-19,37.77744674682617,37.96633530156426,37.620040118258046,37.93485337539429,8173575
2013-09-20,37.46263885498047,37.68300936744935,37.4311599265839,37.65152743677063,7267250
2013-09-23,37.588565826416016,37.588565826416016,37.33671637046848,37.5256049635703,4655400
2013-09-24,37.620052337646484,37.77745901734195,37.52560953074229,37.65153427404211,5052450
2013-09-25,37.52560043334961,37.65152514612131,37.43115764934133,37.49411850458619,3278450
2013-09-26,38.123748779296875,38.155230713601995,37.87189930942089,37.99782404435888,6139625
2013-09-27,37.840415954589844,37.966340674809686,37.683009303744505,37.74597016271335,8565650
2013-09-30,37.52560043334961,37.68300707488472,37.30523293656963,37.33671186305107,8944950
2013-10-01,37.36819839477539,37.55708698834095,37.14783087085086,37.210791733851146,5866900
2013-10-02,37.179317474365234,37.21079640867894,36.8015402397736,37.02191079366584,6425525
2013-10-03,36.89598083496094,37.05338749341365,36.70709224436123,37.02190556126665,9166625
2013-10-04,36.95893859863281,37.02190245764843,36.58116445138522,36.67560723762661,6969175
2013-10-07,36.266357421875,36.45524301133013,36.14042969252849,36.17191162486512,7703925
2013-10-08,36.140438079833984,36.39229059469344,36.077477202831375,36.32932671540783,10529375
2013-10-09,36.990421295166016,37.08486408336575,36.58116520992437,36.801532716484445,7591350
2013-10-10,37.52560043334961,37.62004321735789,37.27375100780621,37.30523293656963,6914625
2013-10-11,37.588565826416016,37.62004775898004,37.33671637046848,37.36819830303251,4259625
2013-10-14,37.65153121948242,37.77745595256634,37.273757020230654,37.30523895407225,4475975
2013-10-15,37.33671951293945,37.46264425151176,37.14783390622228,37.3996833833669,4344650
2013-10-16,37.68301773071289,37.714496666095805,37.3682043586212,37.3682043586212,6424950
2013-10-17,37.997825622558594,37.997825622558594,37.65153333766685,37.683015273279544,4711050
2013-10-18,38.0293083190918,38.123751125536934,37.93486551264666,38.0293083190918,3369750
2013-10-21,38.06078338623047,38.092265316791305,37.934858666269264,38.02930145566963,8443075
2013-10-22,38.24967575073242,38.34412155917014,38.06079013842235,38.09227207456826,10231275
2013-10-23,37.46263885498047,37.52560271633791,37.27375327547246,37.46263885498047,8220350
2013-10-24,37.840415954589844,37.93485874418419,37.71448823208785,37.80893402396435,4118125
2013-10-25,37.27375030517578,37.4311569437437,37.11634366660787,37.399675015573735,9482400
2013-10-28,37.39967346191406,37.55708009394298,37.36819153505192,37.52559816708084,8092000
2013-10-29,37.68301773071289,37.714496666095805,37.557092982332776,37.58857191771569,5854125
2013-10-30,37.68301773071289,37.808942479093005,37.494129107001314,37.77746054142727,7313625
2013-10-31,37.49412155151367,37.68301013716207,37.36819682850881,37.4626396201919,5469675
2013-11-01,37.08487319946289,37.116355137362305,36.864505638732695,36.9904303880475,5512525
2013-11-04,37.11635208129883,37.179315951913374,36.927463471737795,37.02190927765961,5024800
2013-11-05,36.801536560058594,36.8959823604044,36.73857569544381,36.8645004269558,4514675
2013-11-06,37.305233001708984,37.33671192824539,37.17930828871741,37.2737510728906,10596475
2013-11-07,36.612648010253906,37.021904105222305,36.3293166366387,37.021904105222305,9481825
2013-11-08,36.89598083496094,36.92745976482564,36.581167518055516,36.581167518055516,5002950
2013-11-11,36.83301544189453,36.92745823213335,36.770054582496044,36.83301544189453,4529850
2013-11-12,37.305233001708984,37.305233001708984,37.14782635989902,37.210787215253816,5222525
2013-11-13,37.588565826416016,37.65152969154406,37.21079164249472,37.24227357505874,6843300
2013-11-14,37.903385162353516,38.060791847870064,37.77746041439684,37.80894235195671,6111850
2013-11-15,38.43855285644531,38.50151370760335,38.31262815184746,38.3755890030055,11380100
2013-11-18,38.3755989074707,38.564487514259156,38.21819523780997,38.40708084231587,13839250
2013-11-19,38.15522384643555,38.312630487348656,37.99781720552243,38.12374191779653,6516700
2013-11-20,38.15522384643555,38.344112415987674,38.12374191779653,38.24966663007063,14459675
2013-11-21,38.31262969970703,38.40707248140053,38.24966584372343,38.28114777171523,7525675
2013-11-22,38.28115463256836,38.34411849983651,38.1237479666804,38.15522990031448,5153350
2013-11-25,37.997825622558594,38.15523229833943,37.934864753615834,38.09227142939667,5287725
2013-11-26,37.840415954589844,37.93485874418419,37.77745209333885,37.840415954589844,7197600
2013-11-27,37.997825622558594,38.02930755817128,37.90338281800314,37.96634668922852,4359925
2013-11-29,37.96635055541992,38.12375424494687,37.96635055541992,38.092275308411246,4449275
2013-12-02,37.87189865112305,38.02930531763009,37.808937785889704,37.934862518638845,10459325
2013-12-03,37.7144889831543,37.7144889831543,37.46263953769915,37.620046191679165,9503500
2013-12-04,37.431156158447266,37.4626350836749,37.11634288791614,37.14782481542562,14503550
2013-12-05,37.11635208129883,37.27375875555259,36.99042734235233,37.179315951913374,14006700
2013-12-06,37.588565826416016,37.62004775898004,37.46264109844225,37.5256049635703,7415600
2013-12-09,37.588565826416016,37.65152969154406,37.494123031006275,37.62004775898004,7080575
2013-12-10,37.65153121948242,37.65153121948242,37.43116368715617,37.43116368715617,6770275
2013-12-11,37.305233001708984,37.49411857005536,37.2737510728906,37.49411857005536,5285700
2013-12-12,37.431156158447266,37.52559893869386,37.30523145069119,37.399674230937784,13097950
2013-12-13,37.11635208129883,37.179315951913374,37.05339121296688,37.1478340166061,10625425
2013-12-16,36.89598083496094,37.05338749341365,36.864498902813935,36.89598083496094,12067675
2013-12-17,36.92745590209961,36.92745590209961,36.80153118896602,36.92745590209961,11421500
2013-12-18,37.65066146850586,37.714101272358874,36.984558652930936,37.428628204973,16764900
2013-12-19,37.333473205566406,37.42862989065517,37.270033398856235,37.39690998730009,11503925
2013-12-20,37.460350036621094,37.52378681876563,37.33347344735552,37.365190325939544,5507325
2013-12-23,37.80924987792969,37.84096977308152,37.61893353199442,37.650653427146246,6528675
2013-12-24,37.30175018310547,37.36518695953469,37.27003028240275,37.333470083808194,2877100
2013-12-26,37.904415130615234,37.904415130615234,37.809258448565245,37.87269522827311,3072125
2013-12-27,38.094730377197266,38.285043735589575,38.094730377197266,38.22160695778424,4194925
2013-12-30,38.44363784790039,38.53879452123109,38.41191794846479,38.47535774733599,2772050
2013-12-31,38.507083892822266,38.538800772426406,38.4436440836608,38.507083892822266,2011575
2014-01-02,37.87268829345703,38.31675777000465,37.84097142189892,38.31675777000465,5659200
2014-01-03,38.094730377197266,38.15816715500261,37.872694092437854,37.99957067302482,4809975
2014-01-06,37.967857360839844,38.03129414460031,37.74582105523679,37.99957424023179,13905925
2014-01-07,38.12644577026367,38.158162642927785,37.93612940939934,37.96784930703939,7736225
2014-01-08,38.18989181518555,38.28504850623905,38.09473512413204,38.25333162587233,6149100
2014-01-09,38.06300354003906,38.126443331260816,37.87268719134954,38.09472343564994,7308825
2014-01-10,38.316768646240234,38.34848855177788,38.063015451892426,38.15817214352868,4409450
2014-01-13,38.06300354003906,38.22159999311771,37.90440708696042,38.09472343564994,10326150
2014-01-14,37.967857360839844,38.09473395333735,37.74582105523679,37.84098076834235,11227475
2014-01-15,38.253334045410156,38.28505092778298,38.0630176262889,38.12645744098827,7579425
2014-01-16,38.12644577026367,38.18988254056783,37.96784930703939,38.031286077343545,5749975
2014-01-17,38.22160720825195,38.34848378967035,38.189887306653276,38.28504398647299,12097750
2014-01-21,38.285037994384766,38.348477787652996,38.12644456116586,38.285037994384766,5750175
2014-01-22,38.38020706176758,38.38020706176758,38.18989066043849,38.28504734861475,8596175
2014-01-23,37.61894607543945,37.93613908276935,37.460352596751214,37.93613908276935,10143825
2014-01-24,37.04800033569336,37.33347341755716,37.01628043215816,37.17487692485766,13039375
2014-01-27,36.57221221923828,36.95284200090265,36.318459031462034,36.889405216446896,11971850
2014-01-28,36.88939666748047,36.88939666748047,36.60392364114524,36.63564353851047,10745600
2014-01-29,36.85768127441406,36.88940117565571,36.60392811443343,36.667367916916724,15434050
2014-01-30,36.92111587524414,37.016272540586606,36.699079622810586,36.794239313128905,7667750
2014-01-31,35.937828063964844,36.286737929400125,35.779231570593716,35.90610816029532,12026025
2014-02-03,35.208290100097656,35.715796482985816,35.08141350437561,35.68407657781114,12816625
2014-02-04,35.239994049072266,35.271713942607406,34.73248785241217,34.79592763948246,12684375
2014-02-05,35.30344009399414,35.43031666564917,35.04968695068407,35.30344009399414,10605400
2014-02-06,35.715789794921875,35.8109464676504,35.30344017979681,35.30344017979681,11112000
2014-02-07,36.286739349365234,36.38189906409759,35.96954937518727,36.03298616003221,7252225
2014-02-10,36.12814712524414,36.25502372430215,36.03298740721809,36.19158391228478,9115850
2014-02-11,36.635650634765625,36.73080732031707,36.19158106056475,36.255020867583376,17058375
2014-02-12,36.57221221923828,36.63565202867065,36.41361572063398,36.540495339498705,7596750
2014-02-13,36.255008697509766,36.35016535111904,35.77921937951243,35.81093927237402,14717225
2014-02-14,36.0964241027832,36.191580787617,35.77923112003527,35.77923112003527,8089625
2014-02-18,36.88939666748047,36.9211165648457,36.572203743780015,36.69908030826502,19101425
2014-02-19,36.44532012939453,36.794232882967314,36.350163480681644,36.63563645179563,7048975
2014-02-20,36.223304748535156,36.2867415372049,35.96955154390257,36.15986493488861,7831325
2014-02-21,36.50876998901367,36.76252313893926,36.44533018904419,36.69908333896978,10448675
2014-02-24,36.92111587524414,37.11142920592907,36.794239313128905,36.794239313128905,6660150
2014-02-25,36.79424285888672,36.98455620791161,36.66736628454474,36.85767963356964,11597525
2014-02-26,36.635650634765625,36.88940381288713,36.54049394921419,36.85768390937782,8059850
2014-02-27,36.635650634765625,36.69908741680776,36.381897456644126,36.47705414219556,6425000
2014-02-28,36.825965881347656,36.98456238199475,36.63565250055247,36.69908928582531,9249275
2014-03-03,35.969539642333984,36.15985297034932,35.779223289342845,36.06469630634165,8991150
2014-03-04,36.88939666748047,36.9211165648457,36.76252010299547,36.794240000360695,11289425
2014-03-05,36.47705078125,36.60392735862052,36.44533088066331,36.54049058242337,5263625
2014-03-06,37.17487335205078,37.206590227561236,36.95283707362037,37.11143355107746,14765275
2014-03-07,36.92111587524414,37.047992437359376,36.73079951958336,37.016272540586606,8128625
2014-03-10,36.762535095214844,36.79425500551584,36.57221865838598,36.699095274612844,5662450
2014-03-11,36.38189697265625,36.635650147402075,36.318457166481565,36.60393024431473,7795400
2014-03-12,36.03297805786133,36.159854623999095,35.74750805278331,35.842664721142654,12971275
2014-03-13,35.43031311035156,36.03297600899402,35.239996759478494,35.969539242020176,17470725
2014-03-14,35.017974853515625,35.240008147136834,34.85937834736758,34.891098253592546,13818050
2014-03-17,35.398597717285156,35.398597717285156,35.2082843671789,35.2400012422125,9715000
2014-03-18,35.366886138916016,35.52548265130559,35.17657274403002,35.208292651503314,7615375
2014-03-19,35.17656326293945,35.36687660653055,34.954530020424485,35.33515973258274,9096900
2014-03-20,34.6690673828125,34.764224083160634,34.44703104869757,34.542190774022664,17974050
2014-03-21,34.51046371459961,34.922813363967016,34.51046371459961,34.82765365836015,20774450
2014-03-24,34.6373291015625,34.922802076159364,34.6056092099461,34.85936229292657,18754950
2014-03-25,34.795936584472656,34.95453306794322,34.764216682783285,34.92281316625384,9537000
2014-03-26,35.04969024658203,35.39860009519909,34.986250442300914,35.30344341375378,9990825
2014-03-27,35.55720138549805,35.58892129192468,35.303448184038565,35.366884971915056,17655050
2014-03-28,35.937828063964844,36.064704653666446,35.81095147426324,35.90610816029532,8655475
2014-03-31,35.937828063964844,36.19158124336805,35.87439128160229,36.128144461005505,17558425
2014-04-01,36.03297805786133,36.06469795563976,35.90610149172356,35.90610149172356,5616625
2014-04-02,36.35016632080078,36.35016632080078,36.09641322108991,36.128133114797656,6681425
2014-04-03,36.159847259521484,36.286723799819,36.09641050186039,36.286723799819,3154775
2014-04-04,36.00127410888672,36.38190394393948,35.874397497202466,36.35018403477416,8133750
2014-04-07,35.652347564697266,35.87438381922076,35.62062766762593,35.84266392214942,10900525
2014-04-08,34.891090393066406,35.08140676256351,34.79593372080589,35.01796696440579,16563225
2014-04-09,35.398597717285156,35.46203751730469,34.95453121705311,35.04968789210624,11658525
2014-04-10,34.38359069824219,34.92281698603569,34.35187079308336,34.89109708087686,9683125
2014-04-11,34.2567138671875,34.573903841666265,34.224993962246636,34.41531036691519,12646350
2014-04-14,34.73249816894531,34.827654852839416,34.510464898200254,34.827654852839416,9457225
2014-04-15,34.70077133178711,34.76421112502373,34.38358144053151,34.60561466690801,13033400
2014-04-16,35.366886138916016,35.46204586133588,35.14485283655673,35.30344934894631,10082225
2014-04-17,35.46204376220703,35.52548054842168,35.2717273536097,35.33516716480104,5584550
2014-04-21,35.46204376220703,35.46204376220703,35.30344725920537,35.366884045420015,2736450
2014-04-22,35.208290100097656,35.335166695819694,35.08141350437561,35.144850289748305,4439625
2014-04-23,35.30344009399414,35.398596766491394,35.27172019483636,35.366876867333616,7256600
2014-04-24,35.17656326293945,35.17656326293945,34.92281012150061,35.144843364015586,4211975
2014-04-25,34.95452880859375,35.20828194123528,34.92280891076957,35.176562043411096,8166550
2014-04-28,35.14485168457031,35.17657159100388,34.85937857662176,35.04969499024639,4816500
2014-04-29,35.239994049072266,35.36687059823729,35.14483739344238,35.239994049072266,4499150
2014-04-30,35.14485168457031,35.17657159100388,34.95453829592246,34.986255177379256,16735625
2014-05-01,35.58890914916992,35.620626019798145,35.462032591729816,35.525469357962,7884525
2014-05-02,35.525474548339844,35.77922770029414,35.43031787260103,35.71579092479366,9997525
2014-05-05,35.43031311035156,35.4937498773254,35.271716655453304,35.36687331840195,2408200
2014-05-06,35.33515930175781,35.39859607385604,35.23999960614644,35.366876175318914,3701575
2014-05-07,35.17656326293945,35.20828316186332,34.92281012150061,35.049686692220035,7612625
2014-05-08,35.04969024658203,35.24000360947266,34.986250442300914,35.01797034444147,4332500
2014-05-09,35.33515930175781,35.366876175318914,35.14484293551109,35.27171950468357,3947875
2014-05-12,35.366886138916016,35.43032595386259,35.208292651503314,35.208292651503314,4255650
2014-05-13,35.84266662597656,35.84266662597656,35.62063035470354,35.684070153631865,7365025
2014-05-14,35.652347564697266,35.87438381922076,35.55719089845913,35.779224128006746,5117375
2014-05-15,35.30344009399414,35.684069808959244,35.14484362318133,35.652349909801465,12894700
2014-05-16,35.366886138916016,35.43032595386259,35.27172944147302,35.398606046389304,4609900
2014-05-19,35.43031311035156,35.43031311035156,35.0179635376064,35.0496834335812,9697100
2014-05-20,35.017974853515625,35.17657135966367,34.95453806604246,35.113131547213754,5124375
2014-05-21,35.43031311035156,35.4937498773254,35.271716655453304,35.303436551428106,4933425
2014-05-22,35.77922439575195,35.84266419036936,35.652347831493024,35.68406772880173,8813325
2014-05-23,36.12814712524414,36.19158391228478,35.874393927128125,35.874393927128125,7074125
2014-05-27,36.41361618041992,36.41361618041992,36.1915828945563,36.2550227047897,9158875
2014-05-28,36.255008697509766,36.381885243980626,36.159849018925016,36.28672556539587,3941975
2014-05-29,36.667362213134766,36.699079084466426,36.4453259639583,36.50876575657323,4615025
2014-05-30,36.73079299926758,36.79423278155152,36.66735624195894,36.66735624195894,3598350
2014-06-02,37.17487335205078,37.270030028534556,36.98455697410703,37.17487335205078,10242225
2014-06-03,37.11143112182617,37.1431510202365,36.98455455316086,37.04799434998152,3277075
2014-06-04,37.36519241333008,37.46035212932769,37.11143922062313,37.14315912595566,5629675
2014-06-05,37.460350036621094,37.52378681876563,37.07971724384789,37.30175354379501,13246925
2014-06-06,37.460350036621094,37.49206691520511,37.365190325939544,37.42863013306057,5333475
2014-06-09,37.42862319946289,37.42862319946289,37.238306838332115,37.238306838332115,4653775
2014-06-10,37.11143112182617,37.11143112182617,36.95283465475054,37.01627445157119,3648225
2014-06-11,37.20658493041992,37.30174461833191,37.14314816345437,37.20658493041992,5062250
2014-06-12,37.333473205566406,37.61894326083272,37.23831349550115,37.58722638245411,4895000
2014-06-13,37.523780822753906,37.618937493253654,37.492060924261985,37.523780822753906,6478900
2014-06-16,37.523780822753906,37.55550072124583,37.39690425376224,37.46034405074608,4150725
2014-06-17,37.460350036621094,37.58722662588666,37.42863013306057,37.49206691520511,6368225
2014-06-18,37.967857360839844,38.063014048968824,37.55550767897883,37.74582105523679,9332100
2014-06-19,38.63395690917969,38.63395690917969,38.44364052429263,38.47536042593653,10807850
2014-06-20,38.665672302246094,38.6973922026729,38.60223552636869,38.665672302246094,9146525
2014-06-23,38.34847640991211,38.38019630540663,38.18987995741524,38.31675651441759,4580425
2014-06-24,38.34847640991211,38.63394941941132,38.25331974840428,38.44363307141994,7404275
2014-06-25,38.48261642456055,38.57842291406229,38.195193910421935,38.195193910421935,10052225
2014-06-26,38.3548698425293,38.418739814356414,38.22712685324196,38.38680635125941,7472875
2014-06-27,38.25905990600586,38.29099641439345,38.13131691808858,38.16325342647617,6762050
2014-06-30,38.450679779052734,38.546486268221095,38.41874326745215,38.450679779052734,3541150
2014-07-01,39.121334075927734,39.121334075927734,38.89778457009661,38.89778457009661,6708575
2014-07-02,39.0255241394043,39.05745760482659,38.92971460623743,38.99358762834867,6776200
2014-07-03,38.89777374267578,38.89777374267578,38.73809426340115,38.770030768382625,4486200
2014-07-07,38.61035919189453,38.70616568081593,38.54648616885802,38.70616568081593,3233850
2014-07-08,38.48261642456055,38.67422940356403,38.38680993505881,38.642295937485706,5249300
2014-07-09,38.73809814453125,38.77003465271241,38.578418649258495,38.610355157439656,2872700
2014-07-10,38.06745147705078,38.16325796798164,37.811965470812865,37.84390198300096,12256600
2014-07-11,38.13130569458008,38.227115191542424,38.06743574223736,38.195178692554975,3124325
2014-07-14,38.57841873168945,38.642291748188256,38.51454876082371,38.54648222344005,4737925
2014-07-15,38.706153869628906,38.73809037140174,38.514540950256816,38.706153869628906,11686125
2014-07-16,38.77002716064453,38.83389711903133,38.67421765461564,38.77002716064453,2456225
2014-07-17,38.514556884765625,38.77004291338483,38.41874733980815,38.642299899075226,7283475
2014-07-18,38.706153869628906,38.73809037140174,38.514540950256816,38.514540950256816,7868400
2014-07-21,38.64229202270508,38.67422548554828,38.4187395090042,38.54648249727624,4374225
2014-07-22,38.77002716064453,38.83389711903133,38.7380906586349,38.77002716064453,2414450
2014-07-23,38.801963806152344,38.801963806152344,38.64228737424533,38.73809384251608,3895325
2014-07-24,38.61035919189453,38.674229169297675,38.54648616885802,38.674229169297675,5358450
2014-07-25,38.73809814453125,38.897777639804005,38.64229166562082,38.865841131622844,7083425
2014-07-28,38.96165466308594,39.08939767330063,38.801975138909164,38.929718149123865,7068475
2014-07-29,38.8658447265625,39.08939421324199,38.801971704292164,39.057457702106824,4670550
2014-07-30,38.89777374267578,39.05745017631767,38.833900732712834,38.92970720202451,3302400
2014-07-31,38.322933197021484,38.61035568330044,38.29099668840536,38.57841917468431,9879750
2014-08-01,38.29100036621094,38.482616390679105,38.25906385452735,38.322936877894534,5997400
2014-08-04,38.3548698425293,38.450676323086526,38.16325383578174,38.22712685324196,3146650
2014-08-05,37.74809265136719,38.00357865899211,37.5884161808267,37.971645192264084,7517750
2014-08-06,37.556480407714844,37.620350388061546,37.30099439506102,37.33292786241761,10385450
2014-08-07,37.42873764038086,37.7800301486146,37.332928100798775,37.74809363542057,8045600
2014-08-08,37.49260330200195,37.58841283054682,37.141310834236975,37.2051808076337,4386400
2014-08-11,37.84389877319336,37.90776874651886,37.780025754234686,37.81196226371402,5990825
2014-08-12,37.780025482177734,37.875831964292665,37.716155509312166,37.8119619914271,4270150
2014-08-13,38.09938049316406,38.19518696524494,38.03550748135491,38.09938049316406,3245200
2014-08-14,38.16325759887695,38.19519411075617,38.035514596993494,38.13132108699774,3126150
2014-08-15,38.22712326049805,38.2909932263224,38.00357076603077,38.25905672059382,5208800
2014-08-18,38.3548698425293,38.38680635125941,38.22712685324196,38.25906031633897,7024525
2014-08-19,38.386802673339844,38.41873613337724,38.29099315632922,38.322929661999424,2040100
2014-08-20,38.16325759887695,38.19519411075617,38.00357808511428,38.00357808511428,3209400
2014-08-21,38.3548698425293,38.418739814356414,38.29099682506908,38.29099682506908,4921675
2014-08-22,38.06745147705078,38.13132145579354,38.00357845267458,38.06745147705078,3071875
2014-08-25,38.195186614990234,38.259056580580854,38.13131360376681,38.13131360376681,9332625
2014-08-26,38.003570556640625,38.06744356774587,37.939700591168176,37.971637096720805,3964150
2014-08-27,37.84389877319336,37.9397052559982,37.81196226371402,37.9397052559982,3643925
2014-08-28,37.74809265136719,37.811965676090146,37.684222672277684,37.684222672277684,2305050
2014-08-29,37.68423080444336,37.74810079731586,37.62035776593676,37.74810079731586,7910025
2014-09-02,38.06745147705078,38.227130992357836,38.00357845267458,38.227130992357836,13251175
2014-09-03,38.09938049316406,38.19518696524494,38.03550748135491,38.19518696524494,3698075
2014-09-04,37.97164535522461,38.131321826450375,37.875835817729,37.97164535522461,5074525
2014-09-05,37.81196212768555,37.84389863704999,37.62034611713203,37.71615564522537,4192275
2014-09-08,37.780025482177734,37.90776847354203,37.716155509312166,37.780025482177734,4373625
2014-09-09,37.460670471191406,37.52454349649376,37.33292746622017,37.52454349649376,5344925
2014-09-10,37.87582778930664,37.939700800764754,37.716151351926996,37.81195782348135,4627800
2014-09-11,37.780025482177734,37.780025482177734,37.620345981564085,37.68421900006281,4019875
2014-09-12,37.65228271484375,37.74808919752872,37.524539722719396,37.74808919752872,5578800
2014-09-15,37.68423080444336,37.68423080444336,37.52455125381096,37.62035776593676,3930025
2014-09-16,37.74809265136719,37.84390218845162,37.55647966846522,37.55647966846522,2915375
2014-09-17,37.42873764038086,37.588417160717476,37.20518509365618,37.46067110794136,7777325
2014-09-18,37.65228271484375,37.68421922428313,37.55647623215878,37.588412741598155,5169525
2014-09-19,37.716156005859375,37.78002597956581,37.652282986519744,37.78002597956581,6564800
2014-09-22,37.68423080444336,37.78003731656916,37.65229428519006,37.74810079731586,6784400
2014-09-23,37.62035369873047,37.74809671629903,37.556483712763075,37.65229021453106,8171300
2014-09-24,37.84389877319336,37.971641765477536,37.71615578090918,37.74808924475535,9344550
2014-09-25,37.74809265136719,38.06745168371507,37.6522861599162,38.03551517135359,6626525
2014-09-26,38.03550720214844,38.19518668486631,37.971637236440976,37.971637236440976,4175225
2014-09-29,37.81196212768555,37.84389863704999,37.65228262649648,37.68421913586093,8569825
2014-09-30,37.588417053222656,37.62035052069184,37.39680102023999,37.55648054011996,9589100
2014-10-01,36.98163986206055,37.237125905841346,36.88583335705122,37.237125905841346,7689100
2014-10-02,36.27904510498047,36.40678810358263,35.86387959811511,36.37485463815708,9259500
2014-10-03,36.72614669799805,36.7900197193768,36.50259721443897,36.662273676619286,6764050
2014-10-06,36.63033676147461,36.75807974656715,36.502593776382064,36.72614323888576,11091450
2014-10-07,36.40679168701172,36.69421422356519,36.34292170424074,36.63034424079421,5835425
2014-10-08,36.63033676147461,36.72614323888576,36.08742831342305,36.21517129851559,8497375
2014-10-09,35.70420455932617,36.18324006179807,35.608395022325034,36.08743357043038,7991275
2014-10-10,35.19322967529297,35.76807162226694,35.19322967529297,35.60839211925015,10115725
2014-10-13,34.873870849609375,35.44871584518935,34.873870849609375,35.38484282539903,10053075
2014-10-14,35.09742736816406,35.32097993664166,34.96968434859136,35.19323691706896,11519525
2014-10-15,34.90581512451172,35.0016216298767,34.426776506419,34.81000557351284,16194000
2014-10-16,34.7780647277832,34.969677697883434,34.26708970103834,34.29902621126613,8628775
2014-10-17,34.937744140625,35.00161716647918,34.61838814825461,34.81000113455014,8140000
2014-10-20,35.64032745361328,35.73613393401052,35.38484147546526,35.38484147546526,4792275
2014-10-21,35.57646179199219,35.64033177145051,35.320975782891956,35.320975782891956,9520300
2014-10-22,35.6083984375,35.95969401559643,35.51259193694358,35.800014484246574,5355075
2014-10-23,35.83194351196289,36.05549298175807,35.768070494516785,35.800007003239834,5493125
2014-10-24,35.95969009399414,36.02356007218847,35.73613755623048,35.86388055825254,4381500
2014-10-27,36.0235595703125,36.08743259325036,35.83194659276565,35.89581657007014,4713925
2014-10-28,36.215179443359375,36.247115958223326,36.02356339980934,36.08743642953725,3200425
2014-10-29,36.40679168701172,36.66227770936289,36.215178693065155,36.56647121238961,5352900
2014-10-30,36.6942024230957,36.853881897122356,36.31097351281134,36.3429100167432,3842825
2014-10-31,38.514556884765625,38.54649035411775,38.163261311188954,38.386813870456024,33579575
2014-11-03,38.77002716064453,39.121319545853076,38.38679827342636,38.48260473382278,23757500
2014-11-04,37.74809265136719,37.84390218845162,37.42873666465276,37.52454315610374,16132400
2014-11-05,37.556480407714844,37.74809339438846,37.46067086874453,37.71615992703187,7862825
2014-11-06,37.07744598388672,37.17325553353977,36.98163947986752,37.07744598388672,8246275
2014-11-07,36.9496955871582,36.98163209733383,36.66227308684405,36.82195259208894,13381050
2014-11-10,37.237125396728516,37.30099842961737,36.981639356440766,37.04551238932962,5803325
2014-11-11,37.460670471191406,37.55648000914494,37.36486397887135,37.460670471191406,6602775
2014-11-12,37.269065856933594,37.42874541041897,37.07744978362432,37.07744978362432,8230575
2014-11-13,37.588417053222656,37.74809352746911,37.492607513914564,37.62035052069184,7590150
2014-11-14,37.588417053222656,37.62035052069184,37.42873753334269,37.492607513914564,5300950
2014-11-17,36.98163986206055,37.077446367069875,36.88583335705122,36.88583335705122,9954725
2014-11-18,37.49260330200195,37.556476321031866,37.269053826663615,37.33292380006035,20825175
2014-11-19,37.269065856933594,37.332935850947244,37.141322823272134,37.205192817285784,7945675
2014-11-20,36.885826110839844,37.01356910763516,36.72614660343738,36.758083114044524,5209475
2014-11-21,37.173255920410156,37.460675435459,37.07744636976,37.460675435459,6125175
2014-11-24,37.237125396728516,37.332931900427965,37.1732554094735,37.26906191317295,7595600
2014-11-25,37.332923889160156,37.36486039875133,37.14131092287947,37.300990425202166,4568725
2014-11-26,37.237125396728516,37.332931900427965,37.14131889302907,37.20518888028409,9572025
2014-11-28,37.109378814697266,37.20518530920087,37.109378814697266,37.17325184145537,2619575
2014-12-01,37.30099868774414,37.42874170877201,37.237125654413276,37.39680519210658,12033125
2014-12-02,37.62035369873047,37.684226730331645,37.524547196962494,37.58842022856366,5000950
2014-12-03,37.588417053222656,37.62035052069184,37.39680102023999,37.492607513914564,6022625
2014-12-04,37.49260330200195,37.58841283054682,37.364860309575306,37.49260330200195,5965150
2014-12-05,37.52454376220703,37.620350255205494,37.42873726920856,37.556480275084354,6458300
2014-12-08,36.91776657104492,37.237122574382454,36.88583005702109,37.077443049896885,15218425
2014-12-09,37.109378814697266,37.14131532807632,36.758086304428346,36.85389279893195,7657000
2014-12-10,36.53453063964844,36.917762676236435,36.40678764266353,36.917762676236435,16482725
2014-12-11,36.63033676147461,36.98162920907085,36.566463746111836,36.790016254248535,6100150
2014-12-12,36.27904510498047,36.694210611845826,36.24711163955492,36.59840412430253,6125550
2014-12-15,35.57646179199219,36.18324030219687,35.448718787442075,36.11937032273855,11087375
2014-12-16,35.6083984375,36.02356400075613,35.57646496773702,35.67227146829344,15180500
2014-12-17,36.2059440612793,36.46295139446114,35.916810045507454,35.98106034691837,15861000
2014-12-18,36.78419494628906,36.81632161657943,36.62356465860517,36.68781799918589,7032450
2014-12-19,36.976951599121094,37.137581885479435,36.88057158904536,36.976951599121094,6156925
2014-12-22,36.880577087402344,36.976957111846936,36.81632680154095,36.912703762217205,10865500
2014-12-23,36.944828033447266,37.041204987853355,36.91270136072252,36.91270136072252,5380150
2014-12-24,36.880577087402344,36.976957111846936,36.81632680154095,36.880577087402344,1294300
2014-12-26,37.1375846862793,37.23396163985559,37.073331341383025,37.073331341383025,2153350
2014-12-29,36.75206756591797,36.78419423558761,36.65569062067687,36.71994396001617,3035375
2014-12-30,36.30231857299805,36.430822230837535,36.27019189259596,36.30231857299805,4148000
2014-12-31,36.109561920166016,36.46294928063129,36.109561920166016,36.334445621489984,3983275
2015-01-02,36.1738166809082,36.527200991274306,36.10956331696763,36.430824009132465,7191725
2015-01-05,35.75617599487305,35.98105662218541,35.62767234158473,35.94892994292114,8672550
2015-01-06,35.17789840698242,35.62766260242865,34.985144511625414,35.59553593194651,8184950
2015-01-07,35.691925048828125,35.884682073673794,35.62767474972555,35.75617841169967,9584500
2015-01-08,36.141693115234375,36.205946484715156,35.884685764849806,35.916812449590196,5003275
2015-01-09,35.75617599487305,36.10956027547373,35.69192263634451,36.07743359620946,10884225
2015-01-12,35.62767028808594,35.78830061138015,35.43491328737916,35.6597969654985,8802100
2015-01-13,35.916805267333984,36.33444289413655,35.691921582890345,36.14168588800896,8206300
2015-01-14,35.8525505065918,35.948927473996804,35.62766989472394,35.75617353918679,7326350
2015-01-15,36.109561920166016,36.49507289758994,36.07743523943846,36.49507289758994,10195575
2015-01-16,36.43082046508789,36.527197437854035,36.20593984071064,36.27019013463183,11407725
2015-01-20,36.71995162963867,36.880578884001096,36.52719463512787,36.84845527138971,7104775
2015-01-21,36.78419494628906,36.78419494628906,36.462937434689174,36.559314381792355,5688725
2015-01-22,36.944828033447266,37.00908137889675,36.462940197648685,36.62356743373612,5282000
2015-01-23,36.81632995605469,37.04121057149038,36.78420327848713,37.00908695769142,5510225
2015-01-26,37.23396301269531,37.33033996982509,37.04120603466753,37.0733327083002,3995925
2015-01-27,37.298221588134766,37.42672524746546,37.23397129035387,37.26609797112877,4890400
2015-01-28,37.23396301269531,37.715850862112426,37.16970966542998,37.65160057861532,13086600
2015-01-29,37.55522918701172,37.619482549040946,37.23397156817239,37.298221866432684,7301325
2015-01-30,36.91270065307617,37.2982115270781,36.88057398096732,37.13758429407003,8032800
2015-02-02,37.298221588134766,37.42672524746546,37.105467631023174,37.33034826890967,5383450
2015-02-03,37.23396301269531,37.23396301269531,36.97695575117042,37.00908242480309,5712825
2015-02-04,37.42670822143555,37.58733848846777,37.36245795288316,37.394584619043115,7339050
2015-02-05,37.74798583984375,37.780112520543895,37.49097852178037,37.523105202480515,5783150
2015-02-06,37.42670822143555,37.683715423180104,37.330331286723215,37.45883488759549,5127150
2015-02-09,37.073333740234375,37.26609072362754,37.04120706570746,37.1375870892882,6508825
2015-02-10,37.55522918701172,37.619482549040946,37.36247522846191,37.4267255267222,4357175
2015-02-11,37.61948013305664,37.61948013305664,37.39459950793442,37.39459950793442,6743925
2015-02-12,37.87649154663086,37.87649154663086,37.58735753223558,37.619484214672624,23389275
2015-02-13,38.32624816894531,38.42262513302277,38.22986814109941,38.26199481704804,7943875
2015-02-17,38.29412841796875,38.5190090627389,38.29412841796875,38.32625509972706,10699350
2015-02-18,38.9687614440918,39.06513839598885,38.87238449219473,38.9687614440918,11760200
2015-02-19,39.25790786743164,39.38641153214627,39.161527821068894,39.19365450318981,12668900
2015-02-20,39.61127471923828,39.64340138719811,39.29001416717533,39.386394171054825,7027975
2015-02-23,39.38640594482422,39.41853262238767,39.25790229833901,39.354279267260765,4241800
2015-02-24,39.57915496826172,39.64340831541051,39.35427438077739,39.41852772792618,5809325
2015-02-25,39.482784271240234,39.611287922143646,39.38640729900485,39.450657592572206,11682675
2015-02-26,39.83616638183594,39.93254641260576,39.67553912475664,39.8040427686812,20837325
2015-02-27,39.675537109375,39.80404074677202,39.611283758792304,39.771914071480666,9573975
2015-03-02,39.77191925048828,39.77191925048828,39.5791622374082,39.611288916883005,10180075
2015-03-03,39.57915496826172,39.611281641836115,39.45065133773236,39.611281641836115,6548275
2015-03-04,39.38640594482422,39.450656236182525,39.16152226564865,39.32215258969731,4109525
2015-03-05,39.61127471923828,39.73977832730993,39.5470244470863,39.67552805515795,6405325
2015-03-06,39.54703903198242,39.836169958948965,39.54703903198242,39.70766630348534,11384475
2015-03-09,39.41853332519531,39.51491029583541,39.29002661265031,39.35427996892281,5572375
2015-03-10,38.84026336669922,38.96876700883499,38.77601001374709,38.90451365588285,9687650
2015-03-11,39.19364929199219,39.290026261771594,39.00089535243338,39.09727232221278,7783600
2015-03-12,40.06105041503906,40.09317402848127,39.868293415542965,39.90042009275374,12976300
2015-03-13,40.093170166015625,40.12529684013141,39.900416248857475,39.996793207436546,7479225
2015-03-16,40.253807067871094,40.38231072161955,40.22168345226056,40.253807067871094,6435275
2015-03-17,40.35018539428711,40.41443568655134,40.15742838995711,40.25380536023779,7236375
2015-03-18,40.992706298828125,41.05695659526633,40.44656499214362,40.510815288581824,10865325
2015-03-19,40.51081466674805,40.67144500103117,40.47869105090646,40.6071947055792,10642150
2015-03-20,41.15333557128906,41.21758586606565,40.896325200876404,40.896325200876404,9085875
2015-03-23,41.34608459472656,41.44246155729654,41.24970763215659,41.34608459472656,4308175
2015-03-24,41.24971008300781,41.41034040601388,41.21758340565288,41.34608705130402,6659675
2015-03-25,41.15333557128906,41.47459317270954,41.089082212743705,41.37821619866027,5841375
2015-03-26,40.73569869995117,40.92845265168327,40.607195044206826,40.73569869995117,6814475
2015-03-27,40.896331787109375,40.99271184044913,40.73570449241497,40.73570449241497,7295375
2015-03-30,41.056949615478516,41.121202964762325,40.96057265532112,41.02482600460493,13199825
2015-03-31,40.253807067871094,40.41443740099886,40.22168345226056,40.31806042662971,7267350
2015-04-01,40.41443634033203,40.41443634033203,40.0289253892043,40.25380601141997,17141600
2015-04-02,40.767818450927734,40.92844877132126,40.57506451747033,40.73569483786385,6233550
2015-04-06,41.24971008300781,41.44246401960023,41.02482946906046,41.08907976000174,4958275
2015-04-07,41.44245910644531,41.538839127083904,41.34608214957494,41.44245910644531,6842400
2015-04-08,41.50672149658203,41.69947545231796,41.41034451871407,41.63522515499562,7182000
2015-04-09,41.50672149658203,41.50672149658203,41.28184086030049,41.4424681354908,5388250
2015-04-10,41.57095718383789,41.60308385309263,41.34607662659037,41.378203295845104,4168900
2015-04-13,41.281837463378906,41.37821443331639,41.21758410757483,41.31396107751231,2760475
2015-04-14,41.57095718383789,41.60308385309263,41.378203295845104,41.53883357835097,5605900
2015-04-15,41.76372146606445,41.86009842697715,41.69946811627708,41.73159479117077,6874225
2015-04-16,41.860107421875,41.956487467266186,41.69947707665869,41.795857122049874,5140525
2015-04-17,41.538848876953125,41.57097249427106,41.41034521637458,41.50672219586625,7786450
2015-04-20,41.6673469543457,41.699470567359256,41.570966923999464,41.570966923999464,5360750
2015-04-21,42.30986404418945,42.40624100820009,42.27773736826309,42.34199072011582,8339725
2015-04-22,42.63113021850586,42.695380514943494,42.470499881758506,42.59900353840262,7892050
2015-04-23,42.599002838134766,42.63112951770989,42.34199552907138,42.37411914487771,8647400
2015-04-24,42.759620666503906,42.759620666503906,42.663240655966426,42.727493996324746,5096475
2015-04-27,42.66324996948242,42.856006968868925,42.66324996948242,42.727503323867445,9123375
2015-04-28,42.79175567626953,42.88813571249083,42.69537870381694,42.75963206129781,8443900
2015-04-29,42.406246185302734,42.59900320062491,42.18136555390088,42.43837286515124,9272375
2015-04-30,41.313961029052734,41.7637253278478,41.28183741495701,41.63522168015901,20821325
2015-05-01,41.82796859741211,41.860092203761724,41.47458135365531,41.506708023772816,8369925
2015-05-04,42.0207405090332,42.0207405090332,41.795859849317836,41.82798653321123,5805225
2015-05-05,41.21758270263672,41.82797730689505,41.12120573598433,41.76372395328111,11720050
2015-05-06,41.185455322265625,41.34608563978793,40.960574715995484,41.31395896352977,10963850
2015-05-07,41.24971008300781,41.24971008300781,41.02482946906046,41.12120643735667,10803150
2015-05-08,42.21349334716797,42.245616964094935,41.86010598705121,41.89223266774708,7615450
2015-05-11,41.538848876953125,41.76372951702335,41.538848876953125,41.73160283593648,9296700
2015-05-12,41.538848876953125,41.60309917535793,41.37821853528771,41.47459551477939,8221700
2015-05-13,41.79584503173828,42.08497895673588,41.763718359234524,42.052852284232124,7323450
2015-05-14,42.0207405090332,42.0207405090332,41.73160648153104,41.795859849317836,7532300
2015-05-15,42.21349334716797,42.245616964094935,42.149239985776234,42.149239985776234,10593825
2015-05-18,42.56687545776367,42.59900213680988,42.43837180534759,42.56687545776367,6273550
2015-05-19,42.599002838134766,42.75963317224158,42.30986884949626,42.663253133516214,6738825
2015-05-20,42.599002838134766,42.75963317224158,42.43837250402795,42.53474947898452,9968725
2015-05-21,42.759620666503906,42.79174427291517,42.53473703901768,42.53473703901768,4105425
2015-05-22,42.66324996948242,42.727503323867445,42.53474632448094,42.53474632448094,6724025
2015-05-26,42.11711502075195,42.40624903125506,42.02073803850726,42.374122349250484,11093550
2015-05-27,42.406246185302734,42.406246185302734,42.24561584982906,42.34199588937456,4919825
2015-05-28,42.30986404418945,42.34199072011582,41.98860341246273,42.084983440241814,6315700
2015-05-29,41.92436981201172,41.98862012567028,41.795866120924934,41.956496500725834,10201050
2015-06-01,42.11711502075195,42.374122349250484,42.11711502075195,42.309872049010366,5944700
2015-06-02,42.0207405090332,42.14924418083759,41.82798653321123,41.95649020501562,4769825
2015-06-03,42.181365966796875,42.24561626335397,42.02073562975085,42.05286230991383,6885275
2015-06-04,41.89223098754883,42.05286132081677,41.79585401309557,41.89223098754883,7264200
2015-06-05,41.635223388671875,41.827980399999205,41.474593056527226,41.53884641489259,5221425
2015-06-08,41.41034698486328,41.41034698486328,41.24971663633791,41.346093619945506,3981725
2015-06-09,40.992706298828125,41.089083275369845,40.86420264218288,41.02483297893165,3992550
2015-06-10,41.6673469543457,41.76372392092341,41.506716634203826,41.53884331098591,6393325
2015-06-11,41.860107421875,41.924360785469126,41.73160375845575,41.89223410367206,7187375
2015-06-12,41.635223388671875,41.635223388671875,41.41034276193062,41.53884641489259,4949325
2015-06-15,41.76372146606445,41.795848140958135,41.44246084466431,41.506714194451675,9265375
2015-06-16,41.57095718383789,41.60308385309263,41.31394995733563,41.31394995733563,3633800
2015-06-17,41.21758270263672,41.28183605625066,40.83207177225866,41.089079059177365,7236575
2015-06-18,41.24971008300781,41.41034040601388,41.02482946906046,41.02482946906046,6379400
2015-06-19,41.281837463378906,41.41034111121842,41.281837463378906,41.31396107751231,3593750
2015-06-22,41.92436981201172,42.08500019181262,41.892243123297604,41.892243123297604,5537575
2015-06-23,42.406246185302734,42.47049954499973,42.27774252967756,42.27774252967756,7739100
2015-06-24,41.956478118896484,42.05285507904481,41.89222476961872,41.98860172976705,7574650
2015-06-25,42.04044723510742,42.23418028375576,42.00815736722227,42.23418028375576,5254350
2015-06-26,42.23416519165039,42.29874490434356,42.137298701940836,42.20187533530381,3948075
2015-06-29,41.16862487792969,41.58838377561644,41.104045164748555,41.49151728517495,6163725
2015-06-30,41.362361907958984,41.62067460807972,41.362361907958984,41.588384750732054,7547875
2015-07-01,41.6529541015625,41.81440028073579,41.556087625790425,41.717533804963715,4216525
2015-07-02,41.6529541015625,41.68524395326311,41.491511001718955,41.556087625790425,3348700
2015-07-06,41.362361907958984,41.588384750732054,41.265492335915994,41.29778219326366,5911775
2015-07-07,41.4592170715332,41.556083537776196,41.07174812723179,41.42692722300906,12403200
2015-07-08,39.74790573120117,40.36139762012171,39.68332601693045,40.32910776298635,15755275
2015-07-09,40.23223876953125,40.4905514518934,40.10308242835018,40.393684965840116,12343925
2015-07-10,40.878021240234375,40.974887728099965,40.651998408771284,40.781154752368785,15663825
2015-07-13,41.42693328857422,41.459223141826115,41.33006680814842,41.36235666140032,5698500
2015-07-14,41.68525314331055,41.74983286094919,41.45923029023616,41.45923029023616,7465225
2015-07-15,41.6529541015625,41.782110429035185,41.523797774089815,41.58837747749103,9000825
2015-07-16,41.81440353393555,41.94355987145671,41.749826904839956,41.91127001724393,6156775
2015-07-17,41.911277770996094,41.975857491369176,41.846701129953566,41.94356763118263,3006675
2015-07-20,41.911277770996094,42.07272399259824,41.846701129953566,41.911277770996094,4933675
2015-07-21,41.78211975097656,41.81440960988131,41.620676615113695,41.78211975097656,4367050
2015-07-22,41.58837890625,41.6852453853499,41.45922257434018,41.4915124271501,5549700
2015-07-23,41.556095123291016,41.71754133159224,41.4592286300424,41.68525147406593,11609550
2015-07-24,41.16862487792969,41.5238040624353,41.13633502133912,41.49151728517495,8738875
2015-07-27,41.007179260253906,41.039469117305856,40.74886656249878,40.84573305432439,14992925
2015-07-28,41.2009162902832,41.2009162902832,40.81344723455604,40.97489036494461,5202925
2015-07-29,41.362361907958984,41.45922840067169,41.039469493142924,41.07175935049059,5635875
2015-07-30,41.42693328857422,41.459223141826115,41.16862062121884,41.26548710164464,5024875
2015-07-31,41.74983215332031,41.814408790534,41.62067579956256,41.71754229504828,6181050
2015-08-03,41.58837890625,41.652955532539984,41.426932721530264,41.523799200630165,5375950
2015-08-04,41.5238037109375,41.58838342357197,41.39464736499874,41.39464736499874,6424950
2015-08-05,41.78211975097656,41.91127610726511,41.74983297140225,41.84669946878605,6908100
2015-08-06,41.6529541015625,41.749823656664326,41.523797774089815,41.717533804963715,4488625
2015-08-07,41.78211975097656,41.84669946878605,41.65296339468801,41.7175431124975,5512125
2015-08-10,42.395606994628906,42.427896847624744,42.137294329321925,42.137294329321925,5550275
2015-08-11,41.6529541015625,41.782110429035185,41.556087625790425,41.62066732919164,8245150
2015-08-12,41.394649505615234,41.42693936360225,40.81344745850057,41.10404694239273,20672100
2015-08-13,41.717533111572266,41.7821097345704,41.39464075859251,41.39464075859251,13808350
2015-08-14,41.717533111572266,41.814399585734314,41.49151031208425,41.523797083918474,4485225
2015-08-17,41.81440353393555,41.81440353393555,41.55609085889321,41.62067056731878,7290825
2015-08-18,41.5238037109375,41.556093567254734,41.39464736499874,41.459227077633216,6291550
2015-08-19,41.07175064086914,41.2654835852118,40.94259431819749,41.13632726254015,11523500
2015-08-20,39.84477615356445,40.393691461689514,39.84477615356445,40.329111741048656,17084175
2015-08-21,38.48862838745117,39.71561522455635,38.48862838745117,39.554169020850104,21448500
2015-08-24,37.13248825073242,37.71369340004268,36.034657670626586,36.551283101422165,32703625
2015-08-25,37.3585090637207,38.74694214254769,37.29393242806821,38.714652285056296,28043650
2015-08-26,38.84381103515625,38.90839075412826,37.939716524861446,38.39176531967409,31468150
2015-08-27,39.554168701171875,39.715614903573304,39.037543316951435,39.1021199503139,42793275
2015-08-28,39.74790573120117,39.84477222327699,39.52187981058391,39.58645952485463,12628475
2015-08-31,39.134403228759766,39.36042602653265,39.00524690441388,39.26355955310565,13272850
2015-09-01,37.3585090637207,37.778267973117934,37.22935271308542,37.42308877870349,24010675
2015-09-02,38.03657531738281,38.13344487621406,37.61681646710369,38.06886517032656,15764475
2015-09-03,38.327178955078125,38.55320177362867,38.230312472746455,38.29488910119092,12215025
2015-09-04,37.100196838378906,37.358509542963155,36.93875062818117,37.164776554190134,26091600
2015-09-08,37.972007751464844,37.972007751464844,37.616825442992,37.7459818062556,15626600
2015-09-09,37.90742874145508,38.585500431144816,37.875138880200645,38.52092378796661,22224675
2015-09-10,37.8751335144043,38.03657971847359,37.681400532985315,37.8751335144043,16896225
2015-09-11,37.90742874145508,37.939718602709505,37.55224950564832,37.68140587133538,14165500
2015-09-14,37.8105583190918,37.8105583190918,37.584535472392595,37.681401966787924,9633375
2015-09-15,38.101165771484375,38.19803227831148,37.68140680279262,37.77827330961973,7735650
2015-09-16,38.4240608215332,38.45635068834854,38.19803791248821,38.19803791248821,7804675
2015-09-17,38.39175796508789,38.811516820002666,38.10115544404459,38.19802192461573,17816500
2015-09-18,37.164764404296875,37.519943487152595,37.13247455694744,37.26163086701583,13502025
2015-09-21,37.39080047607422,37.55224669091449,37.1647776228961,37.358510617240086,11613700
2015-09-22,36.84187316894531,36.97102948279804,36.58356054123987,36.74500670338813,11777775
2015-09-23,36.84187316894531,36.9387396345025,36.64814023783094,36.90645286553639,14713900
2015-09-24,36.58356475830078,36.615854610318436,36.06693944333745,36.4866982815776,19510575
2015-09-25,37.4876708984375,37.7459836374967,37.26164802159338,37.68140699239727,11457650
2015-09-28,36.58356475830078,37.16476977729942,36.4866982815776,37.100190073264116,7823425
2015-09-29,36.13151168823242,36.29295784942063,35.970068606373616,36.13151168823242,11303425
2015-09-30,36.90645980834961,36.93874658338949,36.42212123079145,36.58356742331083,11904550
2015-10-01,37.164764404296875,37.1970542516463,36.84187208946125,37.067894862248586,10988875
2015-10-02,37.616817474365234,37.616817474365234,36.71272312304052,36.80958960513568,14267000
2015-10-05,38.55321502685547,38.65008462181742,38.294902265618965,38.3594819955936,10840100
2015-10-06,38.230316162109375,38.3917623677956,38.13344967042975,38.29489279678572,10673225
2015-10-07,38.84381103515625,38.94068061361427,38.55320845844315,38.81152425500073,10940750
2015-10-08,38.972957611083984,39.03753731384571,38.58548863250278,38.71464495869652,10577325
2015-10-09,39.069820404052734,39.166686862102516,38.940664100209965,39.10210717051654,4855875
2015-10-12,39.134403228759766,39.134403228759766,38.97295705349499,39.10211337784088,4649400
2015-10-13,38.71464920043945,38.97296188112877,38.585492860094796,38.77922891027681,13000525
2015-10-14,38.262596130371094,38.5531955303063,38.13343981506785,38.391752445674335,13442975
2015-10-15,39.23127365112305,39.29585335946128,38.908384347421816,38.97296097643007,8554500
2015-10-16,39.42500686645508,39.45729671830608,39.19898406215758,39.360427162753076,14848125
2015-10-19,39.23127365112305,39.26356350529217,39.00525083059919,39.0375406847683,6622975
2015-10-20,39.005245208740234,39.10211167795616,38.94066858903946,38.97295535922508,4495600
2015-10-21,39.521873474121094,39.71560950654168,39.457296849534075,39.683319654583286,16084650
2015-10-22,40.0062141418457,40.19994710523347,39.71561161743412,39.71561161743412,12581675
2015-10-23,40.39368438720703,40.522840726537964,40.16765848388037,40.2645280478761,12694075
2015-10-26,40.36139678955078,40.45826327963324,40.23224044299742,40.36139678955078,8180175
2015-10-27,40.03850173950195,40.03850173950195,39.87705862646904,39.97392511015479,10323550
2015-10-28,40.42598342895508,40.458270211627685,40.00622446090393,40.16766761225914,12758700
2015-10-29,39.97393035888672,40.006220217465085,39.84477400390366,39.877063862482025,6350575
2015-10-30,39.78018569946289,40.03849835366748,39.74789892718462,40.03849835366748,10330975
2015-11-02,40.07079315185547,40.13537286304359,39.68332412271708,39.68332412271708,7149375
2015-11-03,40.03850173950195,40.16765807752628,39.9416352558162,39.97392511015479,7556800
2015-11-04,39.84477615356445,39.97393251551561,39.747909651933725,39.90935279487475,7332075
2015-11-05,40.135372161865234,40.29681527835485,40.038502596775395,40.16765893756512,13951325
2015-11-06,40.03850173950195,40.19994793186486,39.90934540147762,40.07079159384053,6976325
2015-11-09,39.87705993652344,40.135372621058266,39.747903594256016,40.135372621058266,7486100
2015-11-10,40.29682159423828,40.361401314420014,40.13537845244504,40.16766523320536,6728925
2015-11-11,40.458255767822266,40.68428164182247,40.458255767822266,40.555125319249335,5771825
2015-11-12,40.07079315185547,40.29681598235367,40.006216519997466,40.16765963930754,10319475
2015-11-13,39.87705993652344,40.16765939712755,39.844770081124054,40.07079291025951,9105075
2015-11-16,40.264522552490234,40.329099173677136,39.973920058825165,40.00620990908342,6653325
2015-11-17,40.36139678955078,40.55513284904591,40.26453029946831,40.32910693307989,12645675
2015-11-18,40.55513381958008,40.61971045473705,40.264531263048,40.296818040961355,6988125
2015-11-19,40.55513381958008,40.6842901692243,40.52284396233645,40.61971045473705,5261450
2015-11-20,40.748870849609375,40.81345057050759,40.68429420804174,40.68429420804174,5775250
2015-11-23,40.55513381958008,40.74886680438128,40.52284396233645,40.6842901692243,5562250
2015-11-24,40.748870849609375,40.84573735162612,40.49055812467767,40.587424626694414,4707125
2015-11-25,40.49055862426758,40.587425127479506,40.45826876342006,40.49055862426758,4910825
2015-11-27,40.29682159423828,40.393691174510884,40.232244953387095,40.393691174510884,1657950
2015-11-30,39.97393035888672,40.07079685529141,39.8124841453253,40.07079685529141,11277375
2015-12-01,40.58741760253906,40.58741760253906,40.42597448689441,40.42597448689441,8989375
2015-12-02,40.264522552490234,40.52283519589705,40.16765300171547,40.52283519589705,7784200
2015-12-03,39.87705993652344,40.19994925252693,39.6187472519886,40.19994925252693,9035625
2015-12-04,40.10308074951172,40.135370603287754,39.61874526019098,39.61874526019098,8626600
2015-12-07,40.0062141418457,40.07079076986498,39.812478099128,40.03850091619037,8996025
2015-12-08,39.48958969116211,39.48958969116211,39.198990216864786,39.32814656521812,7566925
2015-12-09,39.03754425048828,39.554169647063205,39.00525439336978,39.32814680589424,11765925
2015-12-10,39.39271926879883,39.58645531166137,39.32814264073127,39.554165457962625,8139050
2015-12-11,38.77922821044922,38.940674402799026,38.650071872435376,38.876094694127104,15334000
2015-12-14,39.134403228759766,39.198982930597545,38.68235455388433,39.134403228759766,12200175
2015-12-15,38.972957611083984,39.13440378865859,38.876091136271114,38.972957611083984,8054575
2015-12-16,39.94163513183594,39.973924986074294,39.3927199271039,39.618745827442375,10145800
2015-12-17,39.554168701171875,40.038504229045984,39.52187884482555,40.00621745202985,10759550
2015-12-18,39.069820404052734,39.198976707895504,38.90837425441698,39.037530558259746,15106125
2015-12-21,39.19343185424805,39.29100799294024,38.900700336281965,39.258481579413,6311325
2015-12-22,39.48616027832031,39.518683587409704,39.09585265224416,39.2910049143376,9836625
2015-12-23,39.90899658203125,39.94151989296782,39.681314794138544,39.71384120696457,7707275
2015-12-24,39.42110061645508,39.518676730571485,39.35605090767372,39.38857421112003,4185125
2015-12-28,39.45363998413086,39.51868971428405,39.35606383795619,39.486166400152335,9805825
2015-12-29,40.03909683227539,40.20172268328811,40.006570421317136,40.006570421317136,4437700
2015-12-30,39.81142044067383,39.90899968674306,39.74637071185071,39.843946856030236,5285525
2015-12-31,39.42110061645508,39.71383206069303,39.42110061645508,39.58372954124158,6550950
2016-01-04,38.80311965942383,38.900695786704134,38.510388175693755,38.67301712242037,12380350
2016-01-05,39.29100036621094,39.356053180638085,39.06332171949376,39.19342424645913,15505250
2016-01-06,38.607975006103516,38.70555116043445,38.380296278701316,38.47787243303225,14176375
2016-01-07,38.022499084472656,38.31523055087219,37.92492296296914,38.08755190006765,13166675
2016-01-08,37.2093620300293,37.989980402742,37.14431230840536,37.95745399098536,14302750
2016-01-11,37.46957015991211,37.69724883805147,37.04673611344661,37.63219601464631,13390500
2016-01-12,37.274417877197266,37.53462298857924,36.98168635142015,37.46957326167855,11024850
2016-01-13,36.94915771484375,37.76229941448116,36.8515815794163,37.697249691492665,17053050
2016-01-14,37.40451431274414,37.56714325622085,36.8515777660568,37.079256425790724,17555500
2016-01-15,36.36369705200195,36.591375730610046,36.10349196162432,36.331170640232415,15135300
2016-01-19,36.65643310546875,36.94916154207219,36.29864873535942,36.94916154207219,14047975
2016-01-20,35.25782012939453,35.51802519218874,34.607307472409005,35.45297237554567,23073975
2016-01-21,35.12771987915039,35.45297467782031,34.60730971976715,34.73741225961296,24179925
2016-01-22,36.72148513793945,36.7540115557872,36.03844587258634,36.10349870828184,40544275
2016-01-25,35.94087219238281,36.428756086088356,35.94087219238281,36.266127087556455,12860800
2016-01-26,36.428749084472656,36.461275498305476,36.00591501031461,36.070967837980255,9799075
2016-01-27,36.461273193359375,37.01420978600457,36.29864423636561,36.65642856212977,17281775
2016-01-28,36.52631378173828,36.68894269806722,36.23358545461249,36.656419396312295,9827100
2016-01-29,37.40451431274414,37.40451431274414,36.72147523165325,36.75400164072641,18271025
2016-02-01,37.17683792114258,37.404516594767024,36.94915614562885,37.404516594767024,11686500
2016-02-02,36.786529541015625,37.14431074965648,36.591374180554745,37.07925792887312,15176875
2016-02-03,36.331172943115234,36.59137804998619,35.745709901710796,36.59137804998619,23335125
2016-02-04,36.23359298706055,36.46127165611907,35.973387907596745,36.070964036923364,9883875
2016-02-05,35.615604400634766,36.070964850916894,35.45297544682762,36.03843843977761,14665150
2016-02-08,35.55055236816406,35.7131782095053,35.16024476554472,35.7131782095053,13198750
2016-02-09,34.86751174926758,35.09519039860824,34.57478028475019,34.57478028475019,22072275
2016-02-10,34.2495231628418,34.900035819413105,34.15194703982836,34.542254633771144,22876425
2016-02-11,33.56649398803711,33.859225545217186,33.30628884874147,33.664073241690424,21396050
2016-02-12,33.859222412109375,33.95679855484371,33.11113348133008,33.30628576679874,12102300
2016-02-16,35.09519958496094,35.127726001063266,34.73741831350465,34.9650970224414,15996275
2016-02-17,35.38792037963867,35.550549308874025,35.25781785662815,35.29034426285298,12143225
2016-02-18,35.38792037963867,35.84328076111991,35.29034426285298,35.81075435489507,12209875
2016-02-19,35.22529983520508,35.2903526631395,35.030147555180925,35.127723695193,6686975
2016-02-22,35.81075668334961,35.94085921481954,35.68065415187968,35.745703866670134,8290650
2016-02-23,35.22529983520508,35.58308108317573,35.160250109160216,35.55055777109808,8918700
2016-02-24,35.58307647705078,35.615602886807544,34.900037381604534,35.12771914801273,15089000
2016-02-25,36.00590896606445,36.03843537443712,35.64812777963217,35.81075671960649,11564100
2016-02-26,35.973388671875,36.36369629936305,35.908335849682345,36.26611706607407,6683600
2016-02-29,35.420448303222656,35.84328229659263,35.420448303222656,35.74570307373798,12901700
2016-03-01,36.29864501953125,36.36369784448805,35.81076123991291,35.90833737545869,8192725
2016-03-02,36.819053649902344,36.851580061001094,36.6239013870884,36.6239013870884,7414500
2016-03-03,37.079261779785156,37.17684102109442,36.981685640365434,37.046738467904945,14145600
2016-03-04,37.46957015991211,37.63219601464631,37.33946451310179,37.5671462931305,13669675
2016-03-07,37.079261779785156,37.17684102109442,36.88410950094572,36.91663591471547,7944075
2016-03-08,36.72148513793945,36.9816902769416,36.6889587200917,36.819061289592774,7849900
2016-03-09,36.6889533996582,36.851582363423454,36.59137726215485,36.786532639051046,7192100
2016-03-10,36.52631378173828,37.24187915245247,36.23358545461249,37.11177663976703,20425025
2016-03-11,37.50209426879883,37.53462068119446,37.24188917341258,37.24188917341258,8991025
2016-03-14,37.66471862792969,37.69724503635204,37.50208968770697,37.567142504551676,4676350
2016-03-15,37.17683792114258,37.20936123031087,37.04673537880157,37.11178509902743,8779225
2016-03-16,37.241886138916016,37.371988676008286,36.884104937384556,36.884104937384556,6485175
2016-03-17,37.37198257446289,37.469561787767674,37.01420143134465,37.111777542760784,11586825
2016-03-18,37.241886138916016,37.33946226626293,37.01420747447683,37.1443100115691,11284125
2016-03-21,37.40451431274414,37.437040721817304,37.17683565301021,37.241885369267436,4524625
2016-03-22,37.6321907043457,37.69724351857122,37.50208817778358,37.567140992009094,7667025
2016-03-23,37.14430618286133,37.40451123022483,37.11177977646868,37.37198482383218,6077825
2016-03-24,36.916629791259766,36.94915309774525,36.688948034527186,36.7214744429017,5884900
2016-03-28,37.46957015991211,37.59967270483308,37.437043748209526,37.437043748209526,4587725
2016-03-29,37.85987854003906,37.85987854003906,37.37199166056317,37.40451807290611,6798100
2016-03-30,37.72978210449219,37.924934406384196,37.72978210449219,37.72978210449219,9940425
2016-03-31,37.111785888671875,37.339464567140745,37.111785888671875,37.241888433781135,9037175
2016-04-01,36.201072692871094,36.363701670484645,35.908341153544654,36.03844371525754,11209800
2016-04-04,36.201072692871094,36.33117525458398,36.070970131158205,36.29864883868333,7186550
2016-04-05,35.420448303222656,35.550550831806575,35.29034577463874,35.35539548798622,8374575
2016-04-06,36.00590896606445,36.00590896606445,35.45297243128517,35.615601371259494,13164850
2016-04-07,35.81075668334961,36.233590686099134,35.64812774353994,36.13601146107992,29448600
2016-04-08,36.85158157348633,37.046736946199246,36.7865318505083,36.91663439835377,15886450
2016-04-11,36.623897552490234,37.014205139141396,36.623897552490234,36.88410261025767,9862075
2016-04-12,37.46957015991211,37.664722426348895,37.209361968180815,37.33946451310179,13551325
2016-04-13,38.51039505004883,38.60797119474711,38.31523965876256,38.38029248982122,12776300
2016-04-14,38.67302703857422,38.86817934317385,38.57544778438445,38.73807677281078,14547400
2016-04-15,38.31523513793945,38.51039050619929,38.282711828137266,38.51039050619929,9419575
2016-04-18,38.607975006103516,38.607975006103516,38.1526144494091,38.21766728688974,7289250
2016-04-19,39.19343185424805,39.38858413163243,39.095855715555864,39.258481579413,8248375
2016-04-20,39.42110061645508,39.74635846602808,39.258471691668575,39.32352450233867,15165975
2016-04-21,39.42110061645508,39.58372954124158,39.29099809700362,39.486153427125174,8789425
2016-04-22,39.71384048461914,39.84394303166738,39.5512115253365,39.68131407238473,8803000
2016-04-25,39.45363998413086,39.45363998413086,39.193434859738566,39.35606383795619,6642425
2016-04-26,39.29100036621094,39.356053180638085,39.09584812670733,39.16089783924556,6364475
2016-04-27,39.25847625732422,39.291002666442,38.99827118816016,39.03079759727794,10131525
2016-04-28,37.46957015991211,38.25018542943794,37.274414791585976,37.95745392789342,25635250
2016-04-29,37.14430618286133,37.469564043010124,37.01420365917958,37.37198482383218,17211950
2016-05-02,37.82735061645508,37.98997956978319,37.66472166312697,37.7948242054116,8251700
2016-05-03,37.46957015991211,37.664722426348895,37.33946451310179,37.59967270483308,14891800
2016-05-04,37.14430618286133,37.37198482383218,37.04673006557223,37.27440870654308,15669850
2016-05-05,37.3394660949707,37.43704533421234,37.209363544538,37.3394660949707,9365100
2016-05-06,37.53460693359375,37.664709433634926,37.30692833399377,37.33945163258785,10466300
2016-05-09,37.50209426879883,37.859878601371975,37.50209426879883,37.79482577658071,10071200
2016-05-10,38.445343017578125,38.4778694337831,38.05503532878782,38.05503532878782,9915600
2016-05-11,37.72978210449219,38.120089810166114,37.72978210449219,38.087563392554145,8621200
2016-05-12,38.022499084472656,38.25018083716616,37.85987324926312,38.25018083716616,7496950
2016-05-13,37.50209426879883,37.729776053678854,37.437044545896974,37.53462068119446,5874850
2016-05-16,38.022499084472656,38.08755190006765,37.762294025870624,37.762294025870624,5307200
2016-05-17,37.76229476928711,38.0875526498874,37.729771462738306,38.05502624144956,6232950
2016-05-18,37.79482650756836,38.185134158196654,37.76230009454363,37.85987933361781,9033025
2016-05-19,37.53460693359375,37.632183033152565,37.371978033070214,37.4695572345173,6092950
2016-05-20,37.79482650756836,37.85987933361781,37.632197544334204,37.72977678340838,8098575
2016-05-23,37.6321907043457,37.79481963802059,37.6321907043457,37.72976992568398,5638525
2016-05-24,37.924922943115234,37.989975758676174,37.69724429242989,37.69724429242989,8421300
2016-05-25,38.185123443603516,38.3152259573067,38.05502092990033,38.05502092990033,6060650
2016-05-26,38.15260314941406,38.18512955852074,38.02250061487643,38.05502702398311,4710375
2016-05-27,38.055030822753906,38.120083647461044,37.98998109993617,37.98998109993617,3565450
2016-05-31,38.34776306152344,38.54291843747745,38.28271333746508,38.47786561152962,11470925
2016-06-01,38.31523513793945,38.380287961322516,38.18513259306267,38.31523513793945,3615225
2016-06-02,37.98997497558594,38.02249828080703,37.79481963481484,37.859872449034846,10236250
2016-06-03,38.15260314941406,38.15260314941406,37.859874773121206,38.087553433089795,6626500
2016-06-06,38.542911529541016,38.70553736148468,38.380282595708444,38.477858715252424,5747375
2016-06-07,38.80311965942383,38.93322219642729,38.770593249700674,38.770593249700674,5112550
2016-06-08,39.030799865722656,39.095852687739054,38.965747043706266,39.030799865722656,3245250
2016-06-09,38.575443267822266,38.64049609633214,38.44534071269211,38.575443267822266,5708450
2016-06-10,37.89240264892578,38.022505199149535,37.69725037453488,38.022505199149535,6865725
2016-06-13,37.2093620300293,37.534619943817034,37.14431230840536,37.30694126529923,6549650
2016-06-14,37.0467414855957,37.11179121654438,36.75400994160217,36.981688652757235,11500175
2016-06-15,37.40451431274414,37.59966966529401,37.27441177834059,37.33946149459782,8396950
2016-06-16,37.241886138916016,37.274412548661374,36.65642627294537,36.916631347129915,8175125
2016-06-17,37.17683792114258,37.37199018370945,36.88410642540298,37.079258687969855,12884550
2016-06-20,38.022499084472656,38.31523055087219,37.95744937076664,38.12007830786515,8781700
2016-06-21,38.28270721435547,38.64048839417496,38.25018080658398,38.47785945720648,12580850
2016-06-22,37.92866134643555,38.32204381324905,37.92866134643555,38.15813679682121,11368075
2016-06-23,38.7809944152832,38.7809944152832,38.48595676207989,38.61708426057845,14776325
2016-06-24,37.1746826171875,37.60084777852009,37.010772458778625,37.043555115725646,16162925
2016-06-27,36.977989196777344,37.20746466532546,36.551824042417906,37.17468200891485,18809450
2016-06-28,37.535282135009766,37.600847448328054,37.20746494739698,37.50249947835062,10830150
2016-06-29,38.02702331542969,38.092585520885976,37.79754778051494,37.89589577819002,5931700
2016-06-30,37.69919204711914,37.797536890131596,37.4369370482018,37.56806454766047,27695200
2016-07-01,37.633628845214844,37.79753901031396,37.56806665497101,37.60084931325611,13445950
2016-07-05,37.633628845214844,37.86310432688416,37.56806665497101,37.76475947835523,6161025
2016-07-06,37.633628845214844,37.633628845214844,37.24024632477277,37.436939148156995,12077150
2016-07-07,37.66640090942383,37.830311028421484,37.5352734394908,37.66640090942383,6434275
2016-07-08,37.92866134643555,37.99422665406743,37.568061533437984,37.568061533437984,6326700
2016-07-11,38.8465576171875,39.01046463666112,38.649864816962754,38.649864816962754,12156400
2016-07-12,39.07603073120117,39.23994088029648,39.07603073120117,39.14159291504366,11592300
2016-07-13,39.010467529296875,39.04325018615284,38.879340028199245,39.010467529296875,7275875
2016-07-14,39.07603073120117,39.20715822521221,39.01046542103263,39.043248076116896,7142125
2016-07-15,38.94490051269531,39.0432453447421,38.879335207113556,38.94490051269531,17380725
2016-07-18,39.04324722290039,39.10881253163613,38.9121197317549,38.94490238612277,8514525
2016-07-19,38.7809944152832,38.87933925757559,38.68264957299082,38.84655972769557,9621450
2016-07-20,39.10881805419922,39.17438024586702,39.01047007720787,39.04325273620499,6254650
2016-07-21,38.813777923583984,38.84656058050986,38.649867765280845,38.748212609732235,6978775
2016-07-22,38.87934112548828,38.977689098831846,38.84656159403341,38.87934112548828,4108050
2016-07-25,38.74821853637695,38.87934605781052,38.617091014943384,38.84656652219717,4869025
2016-07-26,38.7809944152832,39.01046675607415,38.715432229197006,38.91212191378177,9168225
2016-07-27,38.8465576171875,39.04324729108624,38.649864816962754,39.04324729108624,8352750
2016-07-28,38.8465576171875,38.94490245413687,38.51873732558826,38.649864816962754,14055900
2016-07-29,39.53498840332031,39.63333326682376,39.43664041349002,39.50220574004354,11570600
2016-08-01,39.66610336303711,39.79723084827335,39.60053805725606,39.66610336303711,5825525
2016-08-02,39.174373626708984,39.305501114214856,38.91211865169724,39.305501114214856,14721700
2016-08-03,38.977691650390625,39.01047118399131,38.7809988171539,38.81378147708111,6481750
2016-08-04,39.53498840332031,39.53498840332031,39.3055128867098,39.403860876540094,8301550
2016-08-05,39.66610336303711,39.69888288960178,39.502193224910336,39.567755404365535,4651850
2016-08-08,39.830013275146484,39.92836124097948,39.764451090917234,39.89557858570181,4552825
2016-08-09,40.19061279296875,40.28895762406405,40.05948530939976,40.05948530939976,10302075
2016-08-10,40.321746826171875,40.4856569888392,40.28896416837315,40.4856569888392,5616175
2016-08-11,40.61678695678711,40.64956649024733,40.452876784179956,40.551221637213644,5012925
2016-08-12,40.42008972167969,40.61678253264902,40.35452753557402,40.485655034111524,9513625
2016-08-15,40.64956283569336,40.747910806211685,40.5840006483407,40.5840006483407,4052300
2016-08-16,40.28896713256836,40.38731198687378,40.256184472357695,40.28896713256836,4135450
2016-08-17,40.61678695678711,40.64956649024733,40.3873114646065,40.48565944396669,6224150
2016-08-18,40.42008972167969,40.485655034111524,40.25617956692627,40.288962223142185,4446675
2016-08-19,40.321746826171875,40.321746826171875,40.12505400570583,40.19061932130328,3119850
2016-08-22,40.55121994018555,40.55121994018555,40.28896492551982,40.387309774437874,9194875
2016-08-23,40.5839958190918,40.68234065158146,40.51843051321479,40.5839958190918,4096825
2016-08-24,40.55121994018555,40.61678525701517,40.485657749682304,40.61678525701517,4891400
2016-08-25,40.35451889038086,40.48564636082678,40.321736241188006,40.38729841324822,3118675
2016-08-26,40.05949401855469,40.4528765547852,39.86280118727618,40.22340419023236,9013425
2016-08-29,40.19061279296875,40.25617497159034,40.02670265692606,40.12504748802135,11882500
2016-08-30,40.19061279296875,40.28895762406405,40.15783014049505,40.19061279296875,11420325
2016-08-31,40.25617218017578,40.25617218017578,40.0266998814234,40.25617218017578,7046425
2016-09-01,40.55121994018555,40.58400259860036,40.387309774437874,40.51843728177074,5755450
2016-09-02,40.846256256103516,40.879038913429085,40.71512875312751,40.78069094145237,5568600
2016-09-06,41.07572937011719,41.10851202805362,40.81347435927844,40.81347435927844,6240225
2016-09-07,41.27241897583008,41.50189131085396,41.20685366506549,41.46910865547167,6845825
2016-09-08,41.07572937011719,41.239639533472996,40.97738452263424,41.17407734392647,6902025
2016-09-09,40.42008972167969,40.780689561076265,40.38730706546377,40.7151273749706,7286475
2016-09-12,40.74790954589844,40.780689075397795,40.28896174331995,40.321744399145445,8716950
2016-09-13,40.02670669555664,40.38730653017386,39.86279654297567,40.32174434493715,10113450
2016-09-14,39.76445770263672,39.961147414354556,39.6333301860493,39.76445770263672,7787225
2016-09-15,39.961143493652344,40.05949146618866,39.600543639998065,39.66610895502228,5864300
2016-09-16,39.633323669433594,39.76445116446069,39.534978829744794,39.6988858537841,3915200
2016-09-19,39.76445770263672,40.026712735811564,39.76445770263672,39.928367879952646,3246475
2016-09-20,40.321746826171875,40.4856569888392,40.28896416837315,40.387309015443016,9654500
2016-09-21,41.501888275146484,41.63301576075809,41.1740711242804,41.43632609550361,12665650
2016-09-22,42.026405334472656,42.190315500825676,41.9280604851914,42.1247533100803,9217875
2016-09-23,41.43632888793945,41.501891072000625,41.37076357755221,41.43632888793945,4781700
2016-09-26,41.07572937011719,41.07572937011719,40.944601864697816,41.01016718057067,3456550
2016-09-27,41.5346794128418,41.567462072523014,41.33798658108102,41.403551900443446,6619500
2016-09-28,41.46910858154297,41.50189123686682,41.23963624692817,41.4363290525452,9971125
2016-09-29,41.174076080322266,41.37076576925189,41.07572810953121,41.30520358171743,5824150
2016-09-30,41.10850524902344,41.23963273281913,40.944595112697364,40.97737776522774,12557200
2016-10-03,40.977378845214844,41.010161498609236,40.87903401135758,40.91181353842607,4016150
2016-10-04,40.74790954589844,41.108509381000445,40.68234423424745,41.042947195675595,10868300
2016-10-05,41.010169982910156,41.042952643086714,40.87904246853047,40.94460466255704,6433100
2016-10-06,40.81346893310547,40.84625158668342,40.68234144511956,40.715124098697515,19146825
2016-10-07,40.81346893310547,40.84625158668342,40.551213957133655,40.81346893310547,5243100
2016-10-10,40.94459915161133,41.04294711890384,40.91181649584716,40.91181649584716,1849275
2016-10-11,40.5839958190918,40.81346813700963,40.51843051321479,40.78068548407113,7517900
2016-10-12,40.518436431884766,40.551219089611955,40.38730892730234,40.551219089611955,3505700
2016-10-13,40.45287322998047,40.51843541746711,40.15783557047499,40.25618041486807,5860050
2016-10-14,40.45287322998047,40.58400073127999,40.387307916167586,40.51843541746711,5307650
2016-10-17,40.485660552978516,40.58400540870613,40.45287789229378,40.51844008733666,2638900
2016-10-18,40.71513748168945,40.84626501277674,40.68235481733589,40.71513748168945,4087625
2016-10-19,40.846256256103516,41.010166416405085,40.846256256103516,40.91181844442838,2998450
2016-10-20,41.20685958862305,41.305207568907626,41.04295254080183,41.14129739475987,8132125
2016-10-21,41.20685958862305,41.23964224871791,40.97738722061211,41.01016988070697,2323075
2016-10-24,41.27241897583008,41.30520163121238,41.14129148062699,41.27241897583008,2571025
2016-10-25,41.30520248413086,41.30520248413086,41.10850967410163,41.17407498622009,3010575
2016-10-26,41.2396354675293,41.305200776937866,41.174073284446756,41.174073284446756,2752575
2016-10-27,41.30520248413086,41.37076466992316,41.17407498622009,41.30520248413086,3171975
2016-10-28,41.37076950073242,41.37076950073242,41.17407979406216,41.20685932762286,7114500
2016-10-31,41.40354537963867,41.46910756234896,41.2724178878921,41.37076272512053,6951725
2016-11-01,41.2396354675293,41.40354561472469,41.0757253203339,41.40354561472469,5513100
2016-11-02,40.977378845214844,41.20685116632376,40.87903401135758,41.1085063324665,6830800
2016-11-03,41.07572937011719,41.17407734392647,40.944601864697816,41.10851202805362,6354150
2016-11-04,40.5839958190918,40.74790595745848,40.51843051321479,40.616778472030305,5574375
2016-11-07,40.87084197998047,40.87084197998047,40.73152037483386,40.772497133622494,8221100
2016-11-08,40.82167434692383,40.977387293160284,40.61678741045803,40.64956694428438,11176800
2016-11-09,40.47745895385742,40.747911185812974,40.297157465887054,40.36272278017673,19424000
2016-11-10,40.5102424621582,40.71512938412893,40.256181553437024,40.5676105502039,20034800
2016-11-11,40.56761169433594,40.62497978399959,40.403701526871316,40.51024360467228,7455100
2016-11-14,40.61678695678711,40.62498105857053,40.4119000226098,40.53483030732028,10236100
2016-11-15,40.68234634399414,40.73971443150074,40.52663341023714,40.53482751145538,15461400
2016-11-16,40.485660552978516,40.706935696784,40.477463324644035,40.61678806939087,14430900
2016-11-17,41.092124938964844,41.10851626962432,40.772501806921845,40.78069590908825,16206200
2016-11-18,40.47745895385742,40.592195127538105,40.44467629671258,40.53482704069776,8065700
2016-11-21,40.805274963378906,40.83805761706171,40.63317072103309,40.63317072103309,5450800
2016-11-22,40.90362548828125,40.93640814652451,40.72332399426969,40.911819589678885,9422800
2016-11-23,40.90362548828125,40.93640814652451,40.608587816744645,40.63317637359027,7403000
2016-11-25,40.559410095214844,40.58399552157557,40.4610621371203,40.510236116167576,8166100
2016-11-28,40.91181564331055,40.94459829839158,40.788885376245766,40.805276703786284,9328800
2016-11-29,40.952796936035156,41.133095292539494,40.846254866514755,40.903622951719704,12384700
2016-11-30,40.88723373413086,41.06753522626816,40.84625697491593,41.05933799862938,9579000
2016-12-01,40.54302215576172,40.69873507959733,40.48565407191039,40.66595242416054,7011800
2016-12-02,40.66594696044922,40.67414418637012,40.51023405753457,40.559408034082935,5473000
2016-12-05,40.61678695678711,40.77249990128432,40.57580706889044,40.57580706889044,13174200
2016-12-06,40.79709243774414,40.870851871946186,40.641379466129635,40.682356234835865,8994100
2016-12-07,41.40354537963867,41.4773047891415,40.99377157713987,40.99377157713987,6891300
2016-12-08,41.87888717651367,41.95264659625232,41.75595689450021,41.764150996103865,9039200
2016-12-09,42.00181579589844,42.026401224232664,41.86249420023637,41.91166505690482,4548800
2016-12-12,41.59204864501953,41.780544253867326,41.551071882457244,41.74776159328686,4834900
2016-12-13,42.08377456665039,42.11655722607658,41.928061623865716,41.960844283291905,8064400
2016-12-14,41.43632888793945,41.8706881271137,41.36256947691684,41.82971137128471,14211000
2016-12-15,41.43632888793945,41.45272021553627,41.27241873829741,41.346178149320025,10029600
2016-12-16,41.07572937011719,41.190465546568355,40.985578623955185,41.116706129374556,8552000
2016-12-19,41.428131103515625,41.51828184092197,41.33798036610928,41.33798036610928,5270200
2016-12-20,41.46910858154297,41.4936971361989,41.40354639722135,41.419937724883276,5626400
2016-12-21,41.24774169921875,41.26432408546402,41.1648329307592,41.239452087479506,4535500
2016-12-22,41.18141174316406,41.18141174316406,41.057048591716125,41.073630977795865,4832000
2016-12-23,41.25603485107422,41.28919962641057,41.189708463168564,41.2394556261731,5535000
2016-12-27,40.99901580810547,41.05705258364404,40.9741406451839,41.0155981957975,3921200
2016-12-28,40.940975189208984,41.05704872938965,40.90781041693829,41.03217673157001,3747000
2016-12-29,40.52642822265625,40.62591938455387,40.45180906054129,40.56788260988301,4893600
2016-12-30,40.50984191894531,40.659080228747705,40.460094761422276,40.61762584552853,3395200
2017-01-03,40.841487884521484,40.866363049378734,40.567886373230195,40.67567032023212,9607300
2017-01-04,41.662296295166016,41.687168295794066,41.43843880121217,41.43843880121217,10819600
2017-01-05,41.902732849121094,41.985641619807886,41.84469607708696,41.87785768770156,7376100
2017-01-06,41.83639907836914,41.91931100345165,41.76177992717816,41.794944697211164,3625700
2017-01-09,41.87785720825195,41.88614998288581,41.78665882664733,41.8612779845179,4773200
2017-01-10,41.7203254699707,41.844691775984494,41.68716069999815,41.7203254699707,5181400
2017-01-11,41.993934631347656,42.01051385536501,41.75349476712645,41.76178437913513,7432300
2017-01-12,41.927608489990234,41.95248049080351,41.687168606238096,41.91931887730819,8867800
2017-01-13,42.19291305541992,42.21778505191869,41.98563798388591,42.035385139650046,7652700
2017-01-17,41.7203254699707,41.844691775984494,41.637416707805876,41.728618243847116,8532300
2017-01-18,41.7120361328125,41.786655284357536,41.59595943714622,41.695453747717316,5031500
2017-01-19,41.59595489501953,41.71203157801066,41.47159176453551,41.68715642170088,5322300
2017-01-20,41.86127853393555,41.960769691479825,41.7617842136244,41.91931530606695,5806800
2017-01-23,41.88615036010742,41.95247674394145,41.72862243108058,41.76178404161417,9607100
2017-01-24,41.993934631347656,42.027096242149256,41.76178437913513,41.794949152703616,5980900
2017-01-25,42.4333610534668,42.441650666304184,42.151466775487734,42.19292116520906,14351200
2017-01-26,42.491390228271484,42.69866530255574,42.491390228271484,42.66550053160626,7892100
2017-01-27,42.1431770324707,42.300704978032,42.085137091719496,42.267540201250505,6429300
2017-01-30,42.027095794677734,42.0768429545008,41.79494870770381,42.04367818128542,7351500
2017-01-31,41.927608489990234,41.99393804251516,41.72033338250056,41.93590126543942,10312800
2017-02-01,42.151466369628906,42.300704701402466,42.10171920478199,42.25095753655556,9633300
2017-02-02,42.13487243652344,42.15974443074846,41.97734453515446,42.027088523604505,4008400
2017-02-03,42.32558059692383,42.38361737986841,42.15147024809007,42.176342251418475,6329500
2017-02-06,42.259239196777344,42.275821580698036,42.05196414191815,42.11829051483459,3333000
2017-02-07,42.234375,42.2758325519438,42.20121338631898,42.21779261177591,3109900
2017-02-08,42.358734130859375,42.39189890167075,42.292404589236625,42.375316516265066,3059300
2017-02-09,42.30070114135742,42.38360991302413,42.051971663590386,42.15146282214382,5790900
2017-02-10,42.59918212890625,42.63234374329839,42.49968779742814,42.53285257458751,4302900
2017-02-13,42.76499557495117,42.86448672673242,42.69866603191921,42.69866603191921,2734500
2017-02-14,42.458229064941406,42.49968345076725,42.1929172003357,42.35873790640599,8107900
2017-02-15,42.416770935058594,42.44993570589863,42.20949586145827,42.23436785820499,5581700
2017-02-16,42.466522216796875,42.47481182892888,42.27582951009143,42.350448670347205,7488500
2017-02-17,42.441646575927734,42.449939350733096,42.22608187249192,42.25924664617955,4522600
2017-02-21,42.798160552978516,42.86449010123226,42.690379781216585,42.690379781216585,4200200
2017-02-22,42.84791946411133,42.856209078532785,42.71526349399328,42.7815898976684,10714400
2017-02-23,42.80644226074219,42.91422300463855,42.723530346861004,42.88106140185219,4927200
2017-02-24,42.715248107910156,42.731830493547896,42.59088179701046,42.59088179701046,5574100
2017-02-27,42.58259201049805,42.5908816218995,42.45822570010968,42.49968008265025,3577400
2017-02-28,42.474815368652344,42.599181700365264,42.416778590590894,42.55772731071669,5878500
2017-03-01,42.972267150878906,43.088340678959085,42.83131846480553,42.856190460032295,6661400
2017-03-02,42.566009521484375,42.74011982539164,42.524555139044544,42.73183021401033,5496700
2017-03-03,42.59088897705078,42.607471365484,42.433361031085965,42.52456258608509,4988500
2017-03-06,42.491390228271484,42.52455499922096,42.408481463664444,42.47480784279675,4109000
2017-03-07,42.39189529418945,42.52455120337953,42.39189529418945,42.45822166740131,4147700
2017-03-08,42.259239196777344,42.36701994811236,42.226074428935945,42.34214795361448,3220100
2017-03-09,42.259239196777344,42.292400801852395,42.15145528267598,42.16803766659668,3791500
2017-03-10,42.566009521484375,42.59917429254289,42.47480798245677,42.524555139044544,5086300
2017-03-13,42.781585693359375,42.823043249695914,42.72354890980921,42.765006466145756,4795600
2017-03-14,42.48310852050781,42.56601730053927,42.44994374338834,42.54943491197953,13286300
2017-03-15,42.91423416137695,43.01372848390067,42.5577239086846,42.56601352084478,9534500
2017-03-16,42.83132553100586,43.187838947649595,42.81474314386348,43.1629669483195,10675400
2017-03-17,42.972267150878906,43.03859352573911,42.89764800243216,42.947391992885706,5346900
2017-03-20,42.98056411743164,43.10493044038253,42.889362568969915,43.038600891404194,4450600
2017-03-21,42.64891815185547,43.121505068265655,42.59088138406942,43.10492584555533,10785800
2017-03-22,42.70695114135742,42.74011590937726,42.52455124278104,42.59917038944249,5885100
2017-03-23,42.7401237487793,42.8561972953726,42.60746781513453,42.64892220137972,5926000
2017-03-24,43.00543975830078,43.146388480430765,42.997150145360074,42.997150145360074,6053300
2017-03-27,43.030311584472656,43.08834835885699,42.789871711870695,42.82303648659517,5846000
2017-03-28,43.395111083984375,43.428275856007865,43.18783600298765,43.19612561461015,8114600
2017-03-29,43.337066650390625,43.345356260547156,43.25415473499444,43.270737118073676,5097300
2017-03-30,43.09663772583008,43.146384887633616,43.06347295129439,43.08834811357965,4347100
2017-03-31,42.698673248291016,42.715255636851545,42.52456291255629,42.549434914013474,6983600
2017-04-03,42.91423416137695,42.93910932339136,42.66550468060155,42.74841661603798,5719300
2017-04-04,42.76499557495117,42.839611566712094,42.59917488013795,42.68208364616122,12276900
2017-04-05,42.466522216796875,42.748416470789046,42.466522216796875,42.65721492350232,8765600
2017-04-06,42.250946044921875,42.2592388181911,42.12658291078029,42.151454905055346,4504200
2017-04-07,42.3421516418457,42.44993556533562,42.28411487445112,42.358734027210815,5140600
2017-04-10,42.24266815185547,42.29241215420377,42.15975620999633,42.20121376230949,3210600
2017-04-11,42.458229064941406,42.46652183976672,42.20949958721942,42.37532029328971,4957000
2017-04-12,42.317283630371094,42.367027628384406,42.18462769772407,42.25924685751095,4377500
2017-04-13,41.960777282714844,42.06026845825833,41.93590527952083,42.06026845825833,3676700
2017-04-17,42.408485412597656,42.44993979876127,42.31728386537755,42.34215586452233,5103400
2017-04-18,42.27583312988281,42.27583312988281,42.159756410727354,42.25095796582304,5455700
2017-04-19,42.250946044921875,42.40018433610483,42.20120205637176,42.37531234182977,4284500
2017-04-20,42.50797653198242,42.54943091810706,42.433357371851294,42.44164698396945,11182100
2017-04-21,42.66550064086914,42.70695502327883,42.62404625845946,42.657211029493865,6415500
2017-04-24,42.96398162841797,42.988853627842445,42.881072855158415,42.96398162841797,5117400
2017-04-25,43.12150955200195,43.23758626241024,43.104930327567736,43.154674326404326,3638500
2017-04-26,43.17125701904297,43.29562334254826,43.16296740676721,43.187839406361476,7508900
2017-04-27,43.20441818237305,43.25416217740364,43.12979902706042,43.221000568305485,7082200
2017-04-28,42.99714279174805,43.05517956070896,42.9805604059354,43.03859717489632,6285100
2017-05-01,43.1629638671875,43.204418250700805,43.10492709771554,43.154671092824806,3742200
2017-05-02,43.295623779296875,43.39511494144454,43.27904139181109,43.378532553958756,4027500
2017-05-03,43.403404235839844,43.4780233975957,43.17954991333926,43.23758668773082,4769000
2017-05-04,43.51118469238281,43.52776707842089,43.303909611056994,43.34536399476881,6380700
2017-05-05,43.751625061035156,43.768207447268516,43.52776759103496,43.560932363501685,5867500
2017-05-08,43.76820373535156,43.867694881547244,43.743328576727755,43.842822885689955,12056500
2017-05-09,43.627254486083984,43.67700163992696,43.56092811039316,43.64383687069831,7210500
2017-05-10,43.42827606201172,43.511184829696994,43.42827606201172,43.502895218035164,5114200
2017-05-11,43.31220245361328,43.40340083281608,43.295620067549116,43.378528835103204,6924500
2017-05-12,43.419986724853516,43.486316274466006,43.38682511281427,43.41169711253546,4669200
2017-05-15,43.54434585571289,43.61067223160163,43.519473860100426,43.54434585571289,4032000
2017-05-16,43.577518463134766,43.66871685103943,43.478024137256334,43.64384485095334,3930400
2017-05-17,43.51118469238281,43.6687126155944,43.469730308671,43.61067584584451,7070000
2017-05-18,43.627254486083984,43.668708866236564,43.38681781609245,43.461433802707205,5130400
2017-05-19,43.9837760925293,44.00865125549653,43.80137615311631,43.834537765794174,6983600
2017-05-22,43.958900451660156,44.00035483614954,43.909153292612814,43.94231806531104,2777900
2017-05-23,44.016937255859375,44.09155641310355,44.00035486949769,44.05839164038018,3325900
2017-05-24,43.95061492919922,43.95061492919922,43.80137975296615,43.859416533381044,2855200
2017-05-25,44.066680908203125,44.09984251552075,43.98376898299268,44.016933753076856,2368300
2017-05-26,44.091556549072266,44.091556549072266,43.92573584771089,43.96719023235953,2553000
2017-05-30,44.18275451660156,44.249080894117256,44.10813536516731,44.141300135308434,3478600
2017-05-31,44.18275451660156,44.26566327918783,44.13300736138987,44.26566327918783,2829100
2017-06-01,44.580726623535156,44.58901623549668,44.45636030474419,44.52268985150387,6246200
2017-06-02,45.517616271972656,45.517616271972656,45.22742921488785,45.27717638081396,6194500
2017-06-05,45.34349060058594,45.40152736387004,45.31032899497102,45.33520098987381,3887200
2017-06-06,45.37665939331055,45.44298893595577,45.33520501054062,45.36836978186323,3551300
2017-06-07,45.360076904296875,45.46786082946644,45.33520490724492,45.45127844384292,2958700
2017-06-08,45.25230407714844,45.29375846709318,45.18597452302307,45.27717607856184,9928600
2017-06-09,44.846031188964844,45.053306244716616,44.70508250641513,44.895778340941156,8924600
2017-06-12,44.98698806762695,45.02844561945811,44.8874969013199,44.92895129038391,4420400
2017-06-13,45.2357177734375,45.25230016053362,45.14451622579228,45.17768099998453,3466300
2017-06-14,45.210845947265625,45.360084279375265,45.10306516733869,45.30204750164009,6849800
2017-06-15,44.77141571044922,44.81287009244261,44.56414063771565,44.65534217576108,10854700
2017-06-16,44.953826904296875,44.962116517085846,44.788006183612815,44.821170960303064,8192800
2017-06-19,45.094764709472656,45.127929480462015,45.02014555612992,45.05331032711928,8283100
2017-06-20,45.10978317260742,45.18488282605928,45.08474783270156,45.10978317260742,11767000
2017-06-21,45.043033599853516,45.059722768039904,44.984623102767834,45.043033599853516,7067600
2017-06-22,45.13481521606445,45.14315820725689,45.05971556280114,45.10143688502901,9905000
2017-06-23,45.1014404296875,45.12647577149811,45.02634077052188,45.068062096028754,3424500
2017-06-26,44.976287841796875,45.19324069924804,44.95959867074157,45.15986235713743,4722800
2017-06-27,44.86780548095703,44.976283490755314,44.82608414892187,44.967937314468124,3860200
2017-06-28,45.06806564331055,45.093100987091674,44.834423655575705,44.86780199186164,6797400
2017-06-29,44.617469787597656,44.934554425463375,44.45058129322275,44.86780093759338,7503100
2017-06-30,44.767669677734375,44.859455326819315,44.62581334163344,44.81773399848374,5430500
2017-07-03,44.550716400146484,44.72594789974537,44.51733806218474,44.71760490682169,6118200
2017-07-05,44.55905532836914,44.584087486202044,44.408856015105755,44.47560949703782,4338200
2017-07-06,44.23362731933594,44.30872698608388,44.16687382841189,44.30872698608388,22679800
2017-07-07,44.20859146118164,44.225280628300375,44.06673831537214,44.06673831537214,4266400
2017-07-10,44.091773986816406,44.19190581437211,44.06674182571083,44.091773986816406,6575200
2017-07-11,44.392173767089844,44.40051675995669,44.21694226868479,44.26700659215281,5612800
2017-07-12,44.70091247558594,44.73429081111174,44.634158987667604,44.634158987667604,4816300
2017-07-13,44.64250183105469,44.659190998761915,44.53402383252435,44.58409133564603,3427500
2017-07-14,44.75098419189453,44.82608386233111,44.66753834522412,44.81773768609728,5660000
2017-07-17,44.692562103271484,44.85110439613935,44.67587293826443,44.75097258922979,5914100
2017-07-18,44.926212310791016,44.94290147886786,44.85111264601189,44.87614480656049,5013300
2017-07-19,45.10978317260742,45.13481532938042,45.03468351915556,45.05971567592856,3381300
2017-07-20,45.27667999267578,45.35177966525349,45.20992649656986,45.25999400599955,5541700
2017-07-21,45.3601188659668,45.39349720045347,45.23495170320838,45.25998704563997,4299100
2017-07-24,45.26833724975586,45.28502641965808,45.143170067056055,45.26833724975586,2889100
2017-07-25,45.10978317260742,45.26832547072453,45.101436998261185,45.16819366049966,4581400
2017-07-26,45.25999069213867,45.27667667759318,45.04303468362883,45.14316651202306,5566000
2017-07-27,45.410186767578125,45.468600449105416,45.310054939350564,45.468600449105416,6378500
2017-07-28,45.543697357177734,45.56038334159369,45.37680886481905,45.401841024576214,2834100
2017-07-31,45.69389343261719,45.72727176766719,45.58541861840453,45.62713994565042,2854200
2017-08-01,45.96092224121094,46.12780756948005,45.96092224121094,46.06939706795914,4806800
2017-08-02,45.93588638305664,46.010986053193456,45.92754338998969,45.99429688392599,2426600
2017-08-03,46.05270004272461,46.10276754254487,45.9358790596104,45.9442252344803,8120600
2017-08-04,46.01097869873047,46.052700023663554,45.89415771566461,46.01932487359692,3911400
2017-08-07,45.994293212890625,46.01098238082604,45.86912922807495,45.885818396010364,2465200
2017-08-08,45.94422912597656,46.01932879050139,45.87747245389523,45.94422912597656,4645400
2017-08-09,45.660526275634766,45.70224761018585,45.593769593846,45.70224761018585,8718900
2017-08-10,45.184898376464844,45.56039358981816,45.1264878684706,45.54370760164891,5540700
2017-08-11,45.118141174316406,45.259997537201386,45.10979818032737,45.20158384674245,5947500
2017-08-14,45.451904296875,45.493625620298225,45.376804641460005,45.39349380745588,6447300
2017-08-15,45.39350128173828,45.501976103873055,45.3601229442506,45.46860094951884,3462900
2017-08-16,45.543697357177734,45.56038334159369,45.385151857027026,45.401841024576214,3427400
2017-08-17,45.234947204589844,45.54369199318707,45.226604213364475,45.50196748766165,6611700
2017-08-18,45.43523025512695,45.543708278643315,45.37681974626445,45.37681974626445,6361000
2017-08-21,45.3350944519043,45.37681578557389,45.25164860143139,45.3350944519043,2211000
2017-08-22,45.4268798828125,45.48529038628105,45.326748045885516,45.34343721589563,4637000
2017-08-23,45.443565368652344,45.48528669872837,45.3684657012621,45.443565368652344,3291300
2017-08-24,45.20991897583008,45.29336162786508,45.1848868168462,45.276672460831456,4043600
2017-08-25,45.3601188659668,45.45190769423854,45.27667302975013,45.31839753942505,3304800
2017-08-28,45.410186767578125,45.47694344181879,45.368465437744426,45.46025427325862,4363200
2017-08-29,45.31839370727539,45.460246842148784,45.31839370727539,45.37680419612125,5030700
2017-08-30,45.293365478515625,45.3100546469681,45.1682014898222,45.22661198783915,6055000
2017-08-31,45.65217208862305,45.702239591179676,45.476940604374676,45.476940604374676,3843500
2017-09-01,45.468589782714844,45.627132072144136,45.46024360882596,45.58541075209776,8467800
2017-09-05,45.26833724975586,45.31840475946252,45.09310574048308,45.25999425637159,7424700
2017-09-06,45.46025085449219,45.56872885040863,45.435218695101156,45.47694002179727,5569500
2017-09-07,45.72727584838867,45.82740767934125,45.66052235546479,45.752311193476956,4712700
2017-09-08,45.869136810302734,45.92754731616538,45.81906929822025,45.869136810302734,4794500
2017-09-11,46.07774353027344,46.25297503592388,46.06105436071621,46.16118619492595,3424400
2017-09-12,46.11111068725586,46.21124568722857,46.08607852882921,46.18621034566886,4144900
2017-09-13,46.019325256347656,46.06938957343053,45.9358794226544,46.052700406691876,4113900
2017-09-14,46.02766799926758,46.04435716591599,45.819058190862066,45.82740118261974,7461900
2017-09-15,46.09442901611328,46.111115001203395,45.93588350955688,46.02767234321935,7424100
2017-09-18,46.1027717590332,46.16118225593244,46.04436126213396,46.1027717590332,2442600
2017-09-19,46.369789123535156,46.40316745767115,46.26131112915972,46.378135298635726,4774900
2017-09-20,46.38648223876953,46.58674907749802,46.27800423516104,46.46992489807858,4057000
2017-09-21,46.202903747558594,46.29469258104761,46.177871586837355,46.29469258104761,7970100
2017-09-22,46.252967834472656,46.26965700143143,46.20290033359635,46.24462165942671,2191600
2017-09-25,46.35310363769531,46.38648197448212,46.252971810468274,46.286350147255085,10844800
2017-09-26,46.35310363769531,46.411514135505534,46.252971810468274,46.38648197448212,10876500
2017-09-27,46.44489288330078,46.46992504454571,46.261315212482174,46.286350556860526,5984400
2017-09-28,46.47826385498047,46.52832816953664,46.353096702324194,46.353096702324194,3715700
2017-09-29,46.48661422729492,46.51999256438731,46.378139406444795,46.47827123458854,6216000
2017-10-02,46.48661422729492,46.51164957168093,46.30303973955363,46.378139406444795,5263800
2017-10-03,46.76198196411133,46.77032495703725,46.4866154505532,46.51999378852392,10203500
2017-10-04,46.770328521728516,46.787017691985874,46.6868858535755,46.695228847137294,8985600
2017-10-05,46.74529266357422,46.76198183251261,46.653503825979826,46.6868821638566,4157700
2017-10-06,46.72025680541992,46.73694278990469,46.53667914475504,46.570057479991064,6568700
2017-10-09,46.77867126464844,46.86211392667637,46.76198209561615,46.837081764694695,2023100
2017-10-10,47.1124382019043,47.14581653508461,47.06237388526689,47.10409521017575,6366800
2017-10-11,47.35443115234375,47.379463313204866,47.23761015748072,47.25429932576592,8617300
2017-10-12,47.29602813720703,47.38781698573007,47.26264979535613,47.34609564998338,5687900
2017-10-13,47.880126953125,47.880126953125,47.73827061977591,47.79668111493928,8673800
2017-10-16,48.09708023071289,48.138801558642115,48.038669734985326,48.10542640617871,6732400
2017-10-17,48.04701232910156,48.06369831252288,47.89681301324537,47.955223504619106,5648900
2017-10-18,47.996944427490234,47.996944427490234,47.85508810453267,47.946876928246446,4427400
2017-10-19,47.88847351074219,47.89681968674877,47.688209850453056,47.72158500507892,5191600
2017-10-20,47.996944427490234,48.00528741913102,47.83005594647728,47.88846643736186,12762000
2017-10-23,48.113773345947266,48.263972685322,48.08874118376266,48.263972685322,11558400
2017-10-24,48.51430892944336,48.58940860698349,48.3641095743631,48.414177087101145,7840600
2017-10-25,48.122108459472656,48.238932624517034,47.980255319475454,48.238932624517034,11745900
2017-10-26,48.38078689575195,48.48926488854879,48.33906557025566,48.38078689575195,8200100
2017-10-27,48.74794387817383,48.75629005398531,48.539334046754455,48.63112288188032,5851100
2017-10-30,48.73125457763672,48.74794056185772,48.639465748755235,48.68953006768463,8848500
2017-10-31,48.93987274169922,48.95655872876606,48.731262888892545,48.8063625632283,7964000
2017-11-01,49.21522903442383,49.3153608581341,49.165161531002056,49.256950362375335,11338900
2017-11-02,49.27363586425781,49.29032503082341,49.00661556547436,49.13178272314981,13036100
2017-11-03,49.390464782714844,49.39881095890516,49.19020111801716,49.26530078806218,11671200
2017-11-06,49.382118225097656,49.390461217552186,49.19019756731018,49.20688673535257,5922500
2017-11-07,49.77431106567383,49.80768622221222,49.59907637396234,49.69086521649368,12258300
2017-11-08,50.083045959472656,50.19152395713241,50.07469978411939,50.12476728683926,7532000
2017-11-09,49.665828704833984,49.71589620995844,49.14847721774823,49.532318540968845,16277400
2017-11-10,49.29867935180664,49.398811184612995,49.181855166543386,49.29867935180664,8570900
2017-11-13,49.081729888916016,49.11510823202055,48.64782097795907,48.731266835720405,8794700
2017-11-14,48.82304763793945,49.02331449347032,48.781326304784514,48.88146132411679,7913900
2017-11-15,48.46424102783203,48.556026686386,48.038675158759226,48.055364328441854,11177300
2017-11-16,49.21522903442383,49.3153608581341,48.94820871577426,48.98158705138878,9908600
2017-11-17,48.973243713378906,49.11510005639298,48.96490072055854,49.081721718844555,8133700
2017-11-20,49.21522903442383,49.3153608581341,49.13178637852082,49.190196874279586,4510000
2017-11-21,49.665828704833984,49.6825178732088,49.51562937259403,49.557350701964374,7870800
2017-11-22,49.6992073059082,49.774306972427595,49.50728664327717,49.72423946703686,7525700
2017-11-24,50.10807800292969,50.133113345798115,50.032978340590866,50.07469966786061,3142700
2017-11-27,49.89113235473633,50.066363864309324,49.88278617820408,50.007953361118325,6773700
2017-11-28,50.04133224487305,50.04967523836228,49.83272239317107,49.966232570934984,8704500
2017-11-29,49.941192626953125,50.1498024594519,49.83271780590984,50.14145946673066,6886500
2017-11-30,49.99126052856445,50.20821335550253,49.99126052856445,50.18318119400715,7539000
2017-12-01,49.765960693359375,49.85774952815188,49.40715152997054,49.79933903021727,14955600
2017-12-04,49.24026107788086,49.5740380669685,49.23191808556364,49.53231673911586,8669900
2017-12-05,49.36542892456055,49.61576007825785,49.348739756562956,49.46556074941281,10644500
2017-12-06,49.181854248046875,49.34874275502979,49.098411586122175,49.12344374807289,10637000
2017-12-07,49.49894714355469,49.66583566756583,49.373779954762874,49.407158296191874,7342000
2017-12-08,49.732582092285156,49.74092826802199,49.574039767752566,49.71589610707826,4325100
2017-12-11,49.89946746826172,49.90781364347598,49.77430348824643,49.79933564762285,4238300
2017-12-12,49.99126052856445,50.10808152638753,49.89112869944945,49.91616086094484,5723600
2017-12-13,50.191524505615234,50.28331015357148,49.99960066799173,49.99960066799173,10777200
2017-12-14,49.957889556884766,50.07471057193181,49.93285739169867,50.05802458389702,8703300
2017-12-15,49.982913970947266,50.066356625402975,49.89112514116604,49.94953563591169,12166400
2017-12-18,50.583709716796875,50.650466389020345,50.46688872353915,50.491920884056285,8738300
2017-12-19,50.07048797607422,50.305677967158786,50.045289963950395,50.263680212211305,6332600
2017-12-20,50.13768768310547,50.29728365036004,50.112489669001505,50.28048390621622,10671800
2017-12-21,50.171287536621094,50.35608151932486,50.16288926659982,50.23008503944073,5764600
2017-12-22,50.40647506713867,50.43167628440937,50.25528378463164,50.35607904104414,5740400
2017-12-26,50.431671142578125,50.431671142578125,50.347672433945725,50.398071659125165,2770300
2017-12-27,50.364479064941406,50.48207406888928,50.297283293067,50.40647682289086,4542400
2017-12-28,50.246883392333984,50.40647615210753,50.246883392333984,50.38127813851789,3395400
2017-12-29,50.33927536010742,50.47367009288632,50.31407734903112,50.4148725975595,3730800
2018-01-02,50.64167404174805,50.66687205766666,50.39808254045547,50.46528152187017,8155600
2018-01-03,51.33884048461914,51.389239715412295,50.84325926326854,50.87685875046398,11572900
2018-01-04,51.968814849853516,52.027612348522794,51.784024084417204,51.83442010943467,10920600
2018-01-05,52.111610412597656,52.13680842479145,51.918418175924174,51.99401541672887,8861500
2018-01-08,52.414005279541016,52.43920329457302,52.254409306408505,52.33840803022132,8946800
2018-01-09,52.447593688964844,52.47279490443615,52.279602675013216,52.388796193237134,12793100
2018-01-10,52.783592224121094,52.85078800171332,52.64919746471283,52.766792478667085,10612500
2018-01-11,53.13637161254883,53.13637161254883,52.76678686455396,52.79198487794213,9085600
2018-01-12,53.30436706542969,53.31276853956708,52.825585574751614,52.87598480690535,27322400
2018-01-16,53.30436706542969,53.66555355197259,53.228769819310855,53.62355579395625,11655200
2018-01-17,53.73274612426758,53.89234207162187,53.51435268185324,53.56475190800035,10369000
2018-01-18,53.27915954589844,53.35475677852992,53.111165339581476,53.17836430379745,9960800
2018-01-19,53.615150451660156,53.69914595661298,53.48075251697865,53.69914595661298,8880700
2018-01-22,53.841941833496094,53.841941833496094,53.51435486075962,53.54795434622574,6676700
2018-01-23,54.16952896118164,54.24512940580832,54.001537941817084,54.09393492500157,11609700
2018-01-24,54.18632888793945,54.32072041425104,53.917539426870015,54.26192291990605,10669700
2018-01-25,53.92594528198242,54.14433876544109,53.76635571308159,54.068744718348206,10896400
2018-01-26,54.32072067260742,54.36272162953057,54.018331726410324,54.085530694108854,8646500
2018-01-29,53.85874557495117,53.98473563674945,53.76634859066798,53.934339612030136,9351700
2018-01-30,53.16997146606445,53.321165955881696,53.085975951376426,53.29596794231999,11122600
2018-01-31,52.867584228515625,53.08597770065856,52.78358871105979,53.01877872331501,10079700
2018-02-01,53.12797546386719,53.30436797307348,52.976780969055056,52.9851824433355,9062100
2018-02-02,52.346797943115234,52.89277834594771,52.33839967418661,52.85077738863508,9307800
2018-02-05,49.868892669677734,51.6580251703201,49.74289940886942,51.33043820630598,26956300
2018-02-06,51.078453063964844,51.19604806629422,50.087290609726544,50.17128612446939,38659100
2018-02-07,50.6248664855957,51.32203818697722,50.61646501210321,50.85165820654341,15371500
2018-02-08,49.12131881713867,50.683659509620455,49.112920548610745,50.66685976834158,20489400
2018-02-09,49.616912841796875,50.07889463203343,48.365362231960084,49.986497633141354,30034600
2018-02-12,50.58287048339844,50.742463238829004,49.944493053229344,50.10408901288332,11621100
2018-02-13,49.9612922668457,50.05368925214499,49.54970977406952,49.608507273037546,11725200
2018-02-14,50.717262268066406,50.75085854857115,49.5329076673028,49.60010343253552,18528800
2018-02-15,50.960853576660156,51.061652036886485,50.55766934842509,51.01125280677332,10381800
2018-02-16,51.74203109741211,51.80082860514136,51.45644182948838,51.47324157515728,11860800
2018-02-20,51.322044372558594,51.70843209419992,51.23804885284995,51.45643912662663,7871900
2018-02-21,50.80966567993164,51.5488352121643,50.80126420557466,51.313645197746965,6619600
2018-02-22,51.04485321044922,51.33044244444044,50.935656478687534,51.07845269779489,9825100
2018-02-23,51.79242706298828,51.79242706298828,51.34724504566529,51.43964203889617,7835400
2018-02-26,52.46440124511719,52.47280271959998,52.027617494498465,52.08641499898332,10646700
2018-02-27,51.750431060791016,52.35520907031147,51.733631315612804,52.229212583586786,9196400
2018-02-28,51.296844482421875,51.8428249532417,51.28844621244747,51.80082399069897,11535900
2018-03-01,49.810096740722656,50.834858622828115,49.75970071650325,50.650064656094784,29940700
2018-03-02,50.37288284301758,50.38128111330217,49.48251559433737,49.60851207817208,16979600
2018-03-05,50.599674224853516,50.65847172909081,49.936098729348366,49.961296744243306,12229800
2018-03-06,50.91046142578125,51.12885169778074,50.80966616210638,51.05325444896867,19478500
2018-03-07,50.48207092285156,50.641666879026424,50.21328144365776,50.414875155164786,7942100
2018-03-08,50.79286193847656,50.82645822058985,50.56607021203915,50.6332659804891,5578400
2018-03-09,50.91884994506836,50.9440511593288,50.465269743279926,50.532465504787346,7626700
2018-03-12,50.96925354003906,51.170844046070975,50.91045604209448,51.06165052373007,7665800
2018-03-13,50.88526916503906,51.4060484911767,50.759272668030015,51.27165372300492,13739500
2018-03-14,51.10364532470703,51.28843928140686,50.893653357265634,51.26323806644216,6697700
2018-03-15,51.204444885253906,51.4396380874722,51.086849886256466,51.33883962756861,6143200
2018-03-16,50.9776496887207,51.07844814176682,50.86005469772343,50.92725366642084,5867300
2018-03-19,50.11248016357422,50.566063556750336,49.79329149383292,50.540862343203024,9367300
2018-03-20,50.39807891845703,50.5240753974426,50.28888218361778,50.372880904349344,12449500
2018-03-21,50.465274810791016,50.72566281858601,50.25528282813138,50.34767660895399,6881800
2018-03-22,50.003292083740234,50.549272544346316,49.96129432620673,50.4820735689139,12594000
2018-03-23,48.95332336425781,49.81009092236445,48.944925095943354,49.6756961997726,17184500
2018-03-26,49.65050506591797,49.67570307857355,49.12132437058718,49.45731282570399,10750700
2018-03-27,49.76810073852539,50.58287067048228,49.65890400849881,50.5492711836705,19872000
2018-03-28,50.33087921142578,50.608070179481764,50.087290935398315,50.372880173293794,14198800
2018-03-29,50.96925354003906,51.22964474823888,50.55766785020365,50.64166656456972,13085600
2018-04-02,49.94449234008789,50.557668544374295,49.77649811327248,50.456873289974396,10854200
2018-04-03,50.57447052001953,50.57447052001953,50.188086024244015,50.41487775982273,9157500
2018-04-04,50.6248664855957,50.65006449762657,49.81009658488244,49.852094339674984,9602200
2018-04-05,50.87685775756836,51.011252499503854,50.734064746109645,50.79286224544246,8220500
2018-04-06,50.07888412475586,50.59126504439874,49.89409336996733,50.45687031172382,10464500
2018-04-09,50.524070739746094,50.9020537334103,50.51566926633567,50.608066248510745,6450800
2018-04-10,50.80126190185547,50.91885690373147,50.65006741252246,50.81806164558397,8930200
2018-04-11,50.67527389526367,50.96926143049828,50.61647318399294,50.63327292946689,4583000
2018-04-12,50.59127426147461,50.72566901863452,50.49887726513522,50.50727873983358,6153100
2018-04-13,50.59127426147461,50.683671257814005,50.431681488667145,50.675272987339405,4099600
2018-04-16,50.73405838012695,50.868453105198924,50.692057425110775,50.86005163250649,6153200
2018-04-17,50.927249908447266,51.061644631701775,50.700458212163475,50.78445371261394,4759600
2018-04-18,51.27165222167969,51.3556477477435,51.21285471259023,51.238052729564586,6430600
2018-04-19,51.078453063964844,51.137250565129534,50.927258574048935,51.06165332017158,4764300
2018-04-20,50.9776496887207,51.12884416406669,50.918852193222065,51.10364615291675,3804300
2018-04-23,50.91046142578125,50.97765720015661,50.734068913294315,50.93565944064405,8116000
2018-04-24,50.72566223144531,51.10364843670221,50.58286922291678,51.06165068150107,7217800
2018-04-25,50.88526916503906,50.944066675850216,50.70047515721886,50.88526916503906,5661900
2018-04-26,51.196048736572266,51.23804649449353,51.053252514571696,51.13725123463777,7393800
2018-04-27,51.053260803222656,51.254854559887065,51.03646105648195,51.204455319664945,4887900
2018-04-30,50.93565368652344,51.31363988788326,50.91885394377152,51.128845921835506,5715100
2018-05-01,50.89366149902344,50.960857273158354,50.70046924257803,50.86006200984415,7587000
2018-05-02,50.59127426147461,50.86006377579442,50.549276500654095,50.675272987339405,6736700
2018-05-03,50.64167404174805,50.76766732556491,50.238489765931256,50.540875569626,11913800
2018-05-04,51.01124572753906,51.086842960105876,50.41486933963586,50.50726631324229,4642000
2018-05-07,51.0700569152832,51.128854422578996,50.98606139178173,51.01125940798741,5366500
2018-05-08,51.22964859008789,51.246445129997404,51.08685236706857,51.10365211120164,6810700
2018-05-09,50.79286193847656,50.82645822058985,50.591268224679965,50.641667454184955,7328600
2018-05-10,51.086849212646484,51.19604594065718,50.98605395829535,51.01965344448685,6175600
2018-05-11,51.473236083984375,51.515237045787906,51.42284005657776,51.481637558034485,8750200
2018-05-14,51.75883102416992,51.79243051562529,51.64963748327576,51.70003351623495,3633100
2018-05-15,51.22964859008789,51.338842120617514,51.187647627643436,51.33044385066275,5468000
2018-05-16,51.38083267211914,51.48163112277949,51.271639156905096,51.322035178012165,3766700
2018-05-17,51.372440338134766,51.523634827368895,51.2968430935177,51.35564059441725,4411700
2018-05-18,51.24644088745117,51.38083562516602,51.238042618191685,51.35563761316426,4193700
2018-05-21,51.30524444580078,51.338840728932645,51.212847457685356,51.22964720136302,2702600
2018-05-22,51.18764877319336,51.34724474391742,51.137252743889874,51.32204352504204,3405100
2018-05-23,50.986045837402344,51.002845577822285,50.74245440764748,50.87684912678416,7457900
2018-05-24,50.67527389526367,50.80126717998258,50.314087378133266,50.75086794356073,13661700
2018-05-25,50.50727081298828,50.62486580651933,50.44007184284297,50.549268567217474,7696200
2018-05-29,50.171287536621094,50.33088030081388,50.06209080100308,50.21328529517461,12982100
2018-05-30,50.524070739746094,50.56606849412842,50.23008005062327,50.280479278416024,8499600
2018-05-31,50.1796875,50.389679490668485,50.07888903743821,50.389679490668485,6761200
2018-06-01,50.524070739746094,50.59126650591316,50.42327228416059,50.50727099714851,5628900
2018-06-04,50.82645797729492,51.01125194703862,50.818059707862645,50.960852717774884,6076100
2018-06-05,50.73405838012695,50.78445439938957,50.65846114701003,50.759256389758264,5892300
2018-06-06,50.95246124267578,50.96926098800388,50.750867502962336,50.81806648427475,5358100
2018-06-07,50.95246124267578,51.17925299826948,50.91886175201957,51.15405498238922,5250000
2018-06-08,51.10364532470703,51.154044550413296,50.9440525829719,50.96084912065085,7231700
2018-06-11,51.26324462890625,51.38924110718978,51.22964834502438,51.26324462890625,7241600
2018-06-12,50.944053649902344,51.12044613723378,50.91045416539448,51.05324716821807,5118000
2018-06-13,50.986045837402344,51.162438305477444,50.826449905524335,51.10364081611908,5162400
2018-06-14,50.93565368652344,51.07004842431545,50.893655931755305,51.00285265753109,5550100
2018-06-15,50.666866302490234,50.73406527627189,50.448476046146695,50.70046578938106,7903700
2018-06-18,50.29729080200195,50.314090548534494,50.12929654090057,50.171294305119915,6874700
2018-06-19,49.76400375366211,49.78939683653823,49.59470900008735,49.704751074265275,10182500
2018-06-20,49.78092956542969,49.96715087332323,49.67088750006401,49.933294508542595,6691500
2018-06-21,49.59471130371094,49.780935864195996,49.47620593941281,49.63703418681327,8501400
2018-06-22,49.84018325805664,50.102587042866176,49.83171674491712,50.04333436700411,5447200
2018-06-25,49.16301345825195,49.51852955641535,49.036041578034144,49.50159975711771,15485700
2018-06-26,49.45081329345703,49.586251695874616,49.26459194819134,49.48467289406143,9475600
2018-06-27,49.12068176269531,49.594706402067075,49.044499289028934,49.40848185998733,12597500
2018-06-28,49.17993927001953,49.22226538212537,48.92599874252947,49.052970620789,9721900
2018-06-29,49.019107818603516,49.188402568874004,48.95985514036316,49.06143069891394,5585400
2018-07-02,48.240360260009766,48.29114642874183,47.93563033150119,47.97795321512093,7963000
2018-07-03,48.18109893798828,48.40964635870677,48.13877605912086,48.39271656135407,5659500
2018-07-05,48.104923248291016,48.172639213677215,47.99488117188091,48.11338653307845,15065700
2018-07-06,48.41811752319336,48.53662288701785,48.18957008051942,48.24882276243166,4857400
2018-07-09,49.086830139160156,49.11222322315923,48.8921390650706,48.95139497611677,7827800
2018-07-10,48.90060043334961,48.93446002780471,48.80748816311242,48.84134775756751,4999200
2018-07-11,48.223419189453125,48.55354212516781,48.05412446551454,48.4181069918226,12403800
2018-07-12,48.27421569824219,48.299612011147346,48.11338745197806,48.248822614366006,6461900
2018-07-13,48.72283935546875,48.74823243520589,48.5281515430843,48.646656887228886,5587700
2018-07-16,48.73977279663086,48.87520794707151,48.731306283399675,48.8244185547705,6053000
2018-07-17,49.171478271484375,49.19687135670546,48.94293081740719,48.98525370245204,7624200
2018-07-18,49.09529113769531,49.239189579027126,49.036038458437645,49.061431541254116,6826300
2018-07-19,49.103759765625,49.15454916581355,48.8752155373495,48.909071908446,7851500
2018-07-20,49.25611877441406,49.26458528793516,49.002178262270704,49.0275713447764,4982400
2018-07-23,49.50160217285156,49.535461773099236,49.408489886685054,49.46774257260388,3385600
2018-07-24,49.704750061035156,49.92483097587581,49.637030869374165,49.848648499771585,6619800
2018-07-25,50.02640914916992,50.22110022085719,49.713215943939495,49.797864937940254,15669800
2018-07-26,50.15338134765625,50.339605906624584,50.102591950929714,50.238027113171505,5442800
2018-07-27,50.30574035644531,50.55968085197288,50.26341747869548,50.466568583506096,7331400
2018-07-30,49.92483139038086,50.26342089343941,49.89097179426924,50.2295612973278,7881000
2018-07-31,49.54391860961914,49.78939583591773,49.49313244488756,49.54391860961914,8639300
2018-08-01,49.865577697753906,50.00101285041768,49.747072342801694,49.92483037523001,5216800
2018-08-02,49.58624267578125,49.62009904119769,49.40848141945884,49.45080429800088,3491400
2018-08-03,49.577781677246094,49.58624819131343,49.25612195229646,49.28998155050779,6240400
2018-08-06,49.2053337097168,49.25611987586385,49.10375491936494,49.12915123146734,4840600
2018-08-07,49.62010192871094,49.69628440613131,49.5608492494983,49.66242480971585,4485900
2018-08-08,49.56931686401367,49.67089242648714,49.51006418348508,49.61163974595854,2596400
2018-08-09,49.383094787597656,49.577782637540295,49.35770170296181,49.49313686940143,4577700
2018-08-10,48.672054290771484,48.80748944311509,48.57894201809237,48.78209636112214,6125900
2018-08-13,48.384254455566406,48.51968960865782,48.28267889800504,48.460436930994625,5280000
2018-08-14,48.578948974609375,48.638201660430404,48.45198031743397,48.578948974609375,4853700
2018-08-15,47.986419677734375,48.09646176565555,47.783268531296024,48.045672364531335,7432300
2018-08-16,48.24882507324219,48.33347084316254,48.130319703742046,48.155712788912325,7950000
2018-08-17,48.40964889526367,48.562013850392916,48.24035737092349,48.299610050248326,5623800
2018-08-20,48.60434341430664,48.6720626165768,48.50276783993068,48.545090726834886,2877500
2018-08-21,48.59587097167969,48.68051672953842,48.52815501119844,48.553548092750326,6517600
2018-08-22,48.79903030395508,48.95139526691265,48.790563789885766,48.807493588995385,4011600
2018-08-23,48.59587097167969,48.66359016118962,48.50275870061788,48.51968849799536,4892400
2018-08-24,48.76516342163086,48.82441609514938,48.62126176520834,48.63819156178914,4424100
2018-08-27,49.50160217285156,49.50160217285156,49.27305471472356,49.281521229300076,6071400
2018-08-28,49.3492317199707,49.484666876890586,49.332301921727115,49.4508072804034,3293900
2018-08-29,49.5269889831543,49.57777837709049,49.41695013983574,49.45927302026817,3756000
2018-08-30,49.17993927001953,49.306911148279056,49.052970620789,49.23072866712914,5631900
2018-08-31,49.28151321411133,49.40001856667518,49.103751956236884,49.28151321411133,3830500
2018-09-04,48.672054290771484,48.70591388611457,48.52815585410647,48.638194695428396,8132200
2018-09-05,48.15571212768555,48.223431325915286,48.028743474548435,48.17264192724298,11278300
2018-09-06,48.2657470703125,48.2657470703125,47.986410262480945,48.10491884185194,6354900
2018-09-07,47.96949005126953,48.13878482660142,47.87638099241479,48.03720925301399,6414600
2018-09-10,48.079532623291016,48.206504513324646,48.01181664989456,48.15571511150534,4824400
2018-09-11,48.18109893798828,48.231888330046395,47.9864111119752,47.9864111119752,4666800
2018-09-12,48.27421569824219,48.30807529609642,48.03720497132054,48.15571033478136,5136000
2018-09-13,48.646663665771484,48.900604185612906,48.595874270191636,48.88367438708629,4818400
2018-09-14,49.196868896484375,49.27305137736706,49.06990024769922,49.20533541048744,9300000
2018-09-17,49.22226333618164,49.51852673443423,49.19686702416794,49.45927405478371,4911600
2018-09-18,50.398860931396484,50.559689184964164,50.05180811020266,50.06027139553606,11708100
2018-09-19,50.57661819458008,50.720516646203926,50.53429531051595,50.55968839514861,12252700
2018-09-20,50.71205139160156,50.8136269552166,50.635868911633054,50.73744447524809,10318100
2018-09-21,50.82209014892578,50.91520242158529,50.618935805938776,50.66972519894271,6713300
2018-09-24,50.593544006347656,50.70358607946439,50.55122112561932,50.66125996970723,6442000
2018-09-25,50.97446060180664,51.15221865296701,50.940601002815406,51.109895768742504,7482500
2018-09-26,51.21992874145508,51.397690001236086,51.17760586208959,51.21992874145508,11884700
2018-09-27,51.084495544433594,51.29611317838573,50.89827422229533,50.92366730508036,7470400
2018-09-28,50.98291778564453,51.13528273384169,50.85594914816603,50.915201824795076,6219900
2018-10-01,51.3299674987793,51.49079895063014,51.19453235613193,51.19453235613193,11197700
2018-10-02,51.21146774291992,51.296113505428906,50.949060712695896,51.033709704233736,8792700
2018-10-03,50.76283645629883,50.90673489005543,50.68665398283101,50.855948727096006,10503500
2018-10-04,50.07719802856445,50.424250827812145,49.80632770861644,50.39039123056141,8499200
2018-10-05,50.085662841796875,50.364999684096375,49.86558191100888,50.22110123493289,11280600
2018-10-08,50.30574035644531,50.36499303110079,49.831715730172895,49.95868759245097,11538100
2018-10-09,50.017948150634766,50.08566411990176,49.552389963950986,49.64550224709356,14512700
2018-10-10,48.79056167602539,49.857116370519655,48.69744939947109,49.857116370519655,20029900
2018-10-11,47.91023254394531,48.73977653670714,47.57164625637641,48.43504661757486,29452500
2018-10-12,48.0202751159668,48.113387395442025,47.427745070329955,47.99488203212045,24204700
2018-10-15,47.87636947631836,48.13877324738686,47.52085021073443,47.67321514898062,11008400
2018-10-16,48.76516342163086,48.85827568831098,48.36732127455343,48.3757877873581,9846400
2018-10-17,48.73131561279297,48.84135770266453,48.451981974232,48.76517521414257,14919500
2018-10-18,47.850975036621094,48.49429440746569,47.63935741734854,48.401182138341184,14608100
2018-10-19,47.95256042480469,48.3842590068197,47.85098162865958,48.12185196032175,8679500
2018-10-22,47.65629577636719,48.003348605165,47.56318349051401,47.96948900503127,7296500
2018-10-23,47.1060905456543,47.26691879844673,46.35272899344778,46.66592544276915,16258200
2018-10-24,45.599361419677734,46.75902824028295,45.57396833992221,46.691309055563615,14193300
2018-10-25,46.27653884887695,46.48815646548026,45.8109807381554,46.00566855794701,11564800
2018-10-26,45.68401336669922,45.97181346238546,45.032230702085414,45.48932554153333,22271900
2018-10-29,45.26078796386719,46.04800594886688,44.86294571386989,45.87024465329677,14218700
2018-10-30,45.9718132019043,46.00566956724187,45.46392897349701,45.55704124348978,14710300
2018-10-31,46.420440673828125,46.61512849431832,46.310398608671555,46.420440673828125,9942700
2018-11-01,46.31039810180664,46.327327898493785,45.97181185514939,46.12417679630514,8843500
2018-11-02,46.572811126708984,46.96218681375664,46.26808120500944,46.886004333331755,14330300
2018-11-05,46.40351486206055,46.5982026992704,46.35272546708146,46.437374458713265,7455100
2018-11-06,46.92832946777344,46.979118866836714,46.73364161490788,46.83522041303444,6607600
2018-11-07,47.41927719116211,47.45313678569606,46.95371906792066,47.09761750114694,6617700
2018-11-08,47.11454772949219,47.3092355563007,46.96218278172401,47.249982879838484,5957700
2018-11-09,46.640525817871094,46.69131521310859,46.4289081812582,46.62359924848748,5961400
2018-11-12,46.00567626953125,46.58127654149805,45.937960299962334,46.58127654149805,8666300
2018-11-13,45.83638000488281,46.20882587168156,45.650155456969046,45.77712732673367,12614500
2018-11-14,45.99721145629883,46.293474867751236,45.76866401216597,46.24268869951883,11159800
2018-11-15,46.26808166503906,46.33580086121403,45.72634101175527,45.895635773163704,17022100
2018-11-16,46.30194091796875,46.411982996418274,45.86177583319963,45.91256522995225,7463600
2018-11-19,46.09878158569336,46.45430086654141,45.988742748146564,46.45430086654141,13307100
2018-11-20,45.252315521240234,45.7601997964377,45.243852236383304,45.565511954438804,12685200
2018-11-21,45.9464225769043,46.191899822891095,45.83638372514115,45.89563640809947,7393500
2018-11-23,45.777130126953125,45.99721105510835,45.743270529074174,45.743270529074174,3632400
2018-11-26,46.39505386352539,46.47969963029925,46.23422238601443,46.31887138181731,10030500
2018-11-27,46.352725982666016,46.41198189198182,46.1749679418053,46.31040310089378,9327400
2018-11-28,46.96218490600586,47.038367383335974,46.34426180278551,46.57280923477586,10386600
2018-11-29,46.80135726928711,46.962185510597266,46.64899231266533,46.80135726928711,6910800
2018-11-30,46.84368133544922,46.9537234133543,46.75903557030929,46.80982173778166,6369100
2018-12-03,47.47853469848633,47.58857677740518,47.28384685364774,47.57164697841543,11254600
2018-12-04,45.726341247558594,46.843682157975614,45.67555185016545,46.784429475531454,15363600
2018-12-06,45.65861511230469,45.72633429853761,44.727498904801706,45.22691660166966,27539600
2018-12-07,45.320037841796875,45.90410140807466,45.14227978628135,45.72634335255914,17163800
2018-12-10,44.97298049926758,45.150738536929666,44.41431007445185,45.01530338027824,18181200
2018-12-11,44.93912124633789,45.24385115839,44.63439133428579,45.12534579904282,14283000
2018-12-12,45.480865478515625,45.810988499703456,45.47240219319017,45.607837361601305,11280800
2018-12-13,45.345428466796875,45.599368993616345,45.26078270086671,45.49779342869436,11967900
2018-12-14,44.82907485961914,45.04069247496367,44.76135890180374,44.79521526619716,15726900
2018-12-17,44.47356414794922,44.88833291549738,44.278876305973505,44.829080234419074,21004400
2018-12-18,44.59725570678711,44.912885153742394,44.42664906467552,44.7422752575177,15129200
2018-12-19,43.940406799316406,44.938472510682786,43.73567754075241,44.42664611015991,24112500
2018-12-20,43.7100944519043,43.914823744448995,43.36034559420313,43.78686875013692,22901600
2018-12-21,42.362274169921875,47.38671576822289,42.2854998817427,42.6949616673273,24613600
2018-12-24,41.90163040161133,42.35374712165103,41.790736733362316,42.089301615745285,16386600
2018-12-26,42.694969177246094,42.8229274314232,41.8675164303385,42.35375258962978,28378500
2018-12-27,43.266510009765625,43.30916167456641,42.30256676552341,42.626725275413555,24602600
2018-12-28,43.31768798828125,43.55654315358489,43.13854905488844,43.51388823734669,17348000
2018-12-31,43.240909576416016,43.65890363530144,43.1214836321953,43.556539005128386,10691200
2019-01-02,43.53947448730469,43.624777797153186,42.763202652877716,42.77173168221749,12513000
2019-01-03,43.292091369628906,43.65036918450688,43.027645896186044,43.57359815627254,10740200
2019-01-04,44.75933837890625,44.82758038768231,43.795395192330936,43.863637201107,18702400
2019-01-07,44.87022399902344,45.19438243135851,44.66549475531587,44.75079806450858,8639900
2019-01-08,45.083492279052734,45.22851183133762,44.895824319895965,45.22851183133762,7369700
2019-01-09,45.330875396728516,45.46736266112143,45.12614612719569,45.30528505156518,14208800
2019-01-10,45.603851318359375,45.612383603083124,45.10908619011624,45.16879916672983,8570400
2019-01-11,45.0749626159668,45.177327251717024,44.98965929519379,45.12614656089846,8089000
2019-01-14,44.91288757324219,45.12614914148339,44.79345836157196,44.82758099347774,8501000
2019-01-15,45.458831787109375,45.629441674209396,45.31381224413483,45.433238188870966,10353200
2019-01-16,45.680633544921875,45.774469168503174,45.51002361605713,45.58679792134058,15809600
2019-01-17,45.58678436279297,45.74886521135912,45.228506547439345,45.228506547439345,7931700
2019-01-18,46.19245529174805,46.25216826834064,45.96213241598526,46.1242100304347,9174400
2019-01-22,45.36499786376953,45.68062405140074,45.19438797036158,45.66356273664864,14400900
2019-01-23,45.23704147338867,45.57826127410771,45.08349288847642,45.51854829709886,6704900
2019-01-24,45.50148391723633,45.595319518820126,45.38205797126167,45.45883225854723,5971900
2019-01-25,45.996246337890625,46.124204560622154,45.83416874266176,45.979188278698345,7068300
2019-01-28,45.66356658935547,45.70622150689111,45.51001799774449,45.61238589489403,4877600
2019-01-29,45.70621109008789,46.00477592011213,45.70621109008789,45.91094032950092,9632700
2019-01-30,46.21804428100586,46.439834865537485,45.80005020301428,45.876824492681585,7910900
2019-01-31,46.303348541259766,46.40571643230356,46.158332243450765,46.235106534677044,9164300
2019-02-01,46.11568069458008,46.243635677525894,45.962132111754585,46.175393670777424,8884600
2019-02-04,46.21804428100586,46.294818570673165,46.01331175718868,46.06449570167124,6078800
2019-02-05,46.40571975708008,46.51661343248622,46.328945460353246,46.4313101046179,10136700
2019-02-06,46.02184295654297,46.226572221419914,45.95359769884199,46.15833021783193,4701600
2019-02-07,45.38206481933594,45.64650709558,45.228516221594596,45.58679411358208,9382200
2019-02-08,44.98112869262695,45.02378035460833,44.72521546662547,44.78492844422204,10256200
2019-02-11,45.023780822753906,45.074964770131686,44.904354866319004,45.023780822753906,5113800
2019-02-12,45.81711196899414,45.88535722897622,45.740337678570846,45.77446030856189,11083600
2019-02-13,45.928009033203125,46.14127059014517,45.91094771815419,46.07302532994942,6943600
2019-02-14,45.89388656616211,46.01331251781587,45.689157293073706,45.8853575356639,9840800
2019-02-15,46.482486724853516,46.55072872556569,46.183918616163275,46.24363158707875,7031100
2019-02-19,46.55926513671875,46.69575240435487,46.380122953979416,46.41424558441673,6284300
2019-02-20,46.610443115234375,46.81517563182838,46.56779145672691,46.704278716418585,9551600
2019-02-21,46.542198181152344,46.6445628059458,46.44836258587803,46.5933788664927,5756300
2019-02-22,46.64456558227539,46.78958187152157,46.61044295394231,46.67015592646873,5311600
2019-02-25,46.90901565551758,47.11374493730016,46.86636073887571,47.045502928077056,6752200
2019-02-26,47.07108688354492,47.22463545108995,46.9175383159999,46.92606734570226,12408600
2019-02-27,46.82370376586914,46.95166199305591,46.746929480379656,46.89194902146552,6129900
2019-02-28,46.371604919433594,46.5592761772278,46.32042096164047,46.49955993274553,11033600
2019-03-01,46.508079528808594,46.55926347263519,46.28628569300636,46.49954724444764,5450000
2019-03-04,46.363059997558594,46.60191514805145,46.22657273475398,46.55073120420733,7998900
2019-03-05,46.40571975708008,46.5507360652789,46.328945460353246,46.41424878822156,9105600
2019-03-06,46.13274002075195,46.32040797180369,46.12420773645555,46.294817627140496,11817400
2019-03-07,45.58678436279297,45.93653314859126,45.501481050788605,45.9194750894806,12909700
2019-03-08,45.510009765625,45.527071078730444,45.15173195274901,45.16879326585445,8759600
2019-03-11,46.00477981567383,46.04743147298712,45.62944067555884,45.655031019124245,13081100
2019-03-12,46.11568069458008,46.2606969927413,46.06449674893386,46.15833235556202,9768000
2019-03-13,46.29481506347656,46.4057119743976,46.06449221192341,46.081553525458396,7653900
2019-03-14,45.800045013427734,45.893880607290086,45.69768039017458,45.77445467114262,7164700
2019-03-15,46.32893753051758,46.38865050062738,46.124205022917685,46.183917993027485,8027000
2019-03-18,46.45689010620117,46.49101273139473,46.345996455491054,46.422767481007604,7066000
2019-03-19,46.47395324707031,46.65309215521483,46.388649934843244,46.59337918583332,7055000
2019-03-20,46.499542236328125,46.74692639034323,46.21803871088305,46.36305498827025,9840100
2019-03-21,46.806644439697266,46.8237057543209,46.35453099156656,46.371592306190195,7609000
2019-03-22,46.303348541259766,46.704281312565115,46.252167849851006,46.678690966860735,12285000
2019-03-25,46.32893753051758,46.32893753051758,45.97065645574597,46.05596302312626,9855800
2019-03-26,46.84076690673828,47.09668011698052,46.7298699891252,47.036967143061105,10900300
2019-03-27,46.678688049316406,47.002843255021766,46.4739555341383,46.91753993859676,13153800
2019-03-28,46.70427703857422,46.73839966579953,46.482486469835386,46.618973724623785,5174700
2019-03-29,46.678688049316406,46.746930051633825,46.58485244878114,46.72986873752624,8365900
2019-04-01,47.26728820800781,47.33553346366642,47.03696535132934,47.10521060698795,9718700
2019-04-02,46.94313430786133,47.01990860087205,46.874892299692476,46.95166659270319,5519500
2019-04-03,47.224639892578125,47.36965618994679,47.13080428646281,47.335536813815594,4111400
2019-04-04,47.199039459228516,47.199039459228516,47.07961027889868,47.08814256169274,6523500
2019-04-05,47.23316192626953,47.27581358070023,47.13932633405442,47.17344895924403,7524500
2019-04-08,47.12227249145508,47.1563918655846,46.99431426260232,47.12227249145508,4490800
2019-04-09,46.866355895996094,47.0199044685229,46.81517520789578,46.985785094493664,3865300
2019-04-10,46.87489318847656,46.95166748294298,46.80664792490051,46.900483535260946,8334700
2019-04-11,46.72987365722656,46.78958663583321,46.59338638410948,46.75546725813889,9612000
2019-04-12,46.96872329711914,47.00284267079729,46.86635541374601,46.96872329711914,5522400
2019-04-15,46.96019744873047,47.06256209201918,46.934607101436626,47.04550402989884,7514500
2019-04-16,47.147865295410156,47.32700422185982,47.147865295410156,47.30141387639933,5006000
2019-04-17,47.147865295410156,47.32700422185982,47.147865295410156,47.309942906848455,9050600
2019-04-18,47.21609878540039,47.30140534507123,47.139324508752885,47.25875369229207,16317500
2019-04-22,47.045494079589844,47.07108442147123,46.917535861957624,46.917535861957624,3447800
2019-04-23,47.30994415283203,47.32700546829273,47.028440583013435,47.045501898474136,4663800
2019-04-24,46.72987365722656,46.866360930343646,46.70428331042751,46.8237092676408,7977900
2019-04-25,46.832244873046875,47.00285153595425,46.79812223881999,46.92607723600053,7679900
2019-04-26,47.25876235961914,47.28435270515744,47.02843948743508,47.122275093226335,5527100
2019-04-29,47.446434020996094,47.47202762264548,47.26729508001727,47.327008060343545,7006900
2019-04-30,47.275821685791016,47.44643158687625,47.21610870852817,47.44643158687625,10960200
2019-05-01,47.11373519897461,47.50613561971048,47.06255126205196,47.31846769255261,8875200
2019-05-02,47.130794525146484,47.26728176374259,46.9345943230466,47.105204184819854,8557900
2019-05-03,47.73646545410156,47.762059053371864,47.352594006177625,47.352594006177625,5549700
2019-05-06,47.25022888183594,47.28435151110073,46.7554637739486,46.77252508858099,10520600
2019-05-07,46.38865280151367,46.89195018462622,46.25216554104822,46.823704927337005,16407100
2019-05-08,46.107147216796875,46.252166765318556,45.94506960761434,46.013311612596915,13189000
2019-05-09,45.808589935302734,45.868302919851,45.288231137856236,45.48443140910246,9657600
2019-05-10,46.124210357666016,46.1412716731154,45.3649997177912,45.714748549220495,8129200
2019-05-13,45.083492279052734,45.416183044607536,45.00671798763442,45.37352812950935,13771100
2019-05-14,45.714752197265625,45.81711684401743,45.569732631429915,45.6294488673247,6981000
2019-05-15,45.78299331665039,45.85123858256165,45.32235078820292,45.37353148352298,6987100
2019-05-16,45.97066116333008,46.183922722450454,45.885357841327185,45.902419156550394,4622500
2019-05-17,45.800045013427734,46.11567442080341,45.78298370053343,45.90241289079359,5877400
2019-05-20,45.55266189575195,45.689149138154065,45.4588263064544,45.561190924727846,4029200
2019-05-21,45.86829376220703,45.89388410644327,45.68915484432749,45.76592913114914,7052800
2019-05-22,45.49294662475586,45.59531123784092,45.441762691157145,45.50147565329946,4607000
2019-05-23,45.1517333984375,45.3052819671901,45.09202042771292,45.21997539893152,6110400
2019-05-24,45.85123062133789,45.8597596510392,45.663559426780964,45.81710799430703,3512400
2019-05-28,45.46735763549805,45.97065497746235,45.45882860609069,45.91094200927275,6796500
2019-05-29,45.25409698486328,45.42470686334158,45.10054841964409,45.36499389399109,6281900
2019-05-30,45.458831787109375,45.48442213123485,45.29675093001354,45.36499618649872,5601800
2019-05-31,44.97259521484375,45.1090824721558,44.78492401574735,44.86169830136743,11481500
2019-06-03,45.23704147338867,45.27116410428321,45.032312196247794,45.185860781160045,12242800
2019-06-04,45.75739669799805,45.79151932627721,45.23703800613602,45.30528326269435,8127600
2019-06-05,45.78299331665039,45.987725860270785,45.68062867189688,45.97066454379297,5084100
2019-06-06,45.834171295166016,45.919477866442016,45.74033569381889,45.8256422650949,5012300
2019-06-07,46.38865280151367,46.41424314594064,46.12420731068743,46.14126862500973,6287200
2019-06-10,46.6019172668457,46.71281093571362,46.56779463606488,46.59338498209391,2866800
2019-06-11,46.755462646484375,46.90901122036022,46.69574967376743,46.88341762197228,3556900
2019-06-12,46.235107421875,46.55073362336702,46.21804610637365,46.49102064616889,5555100
2019-06-13,46.18391418457031,46.33746273907998,46.04742694212978,46.30334011494171,4410200
2019-06-14,46.06450271606445,46.10715438257143,45.987728414706474,46.09009306514593,4805100
2019-06-17,46.199642181396484,46.251291931182415,46.15660236510529,46.182428881862,4117300
2019-06-18,46.47510528564453,46.500928519260384,46.14799676369098,46.14799676369098,7818400
2019-06-19,46.88829803466797,46.93994450695824,46.621445887499284,46.69031222885684,7401900
2019-06-20,47.34451675415039,47.43920631305505,47.09488124135215,47.41338308198187,5851100
2019-06-21,46.87968063354492,47.034626593193074,46.862464050947644,46.905507149304526,5512300
2019-06-24,46.87968063354492,46.914113798739486,46.79360100428589,46.862464050947644,4630800
2019-06-25,46.673091888427734,47.01741371632937,46.673091888427734,46.97437389830762,4557800
2019-06-26,46.604217529296875,46.78498670410385,46.58700094830663,46.76777340684067,3129500
2019-06-27,46.79361343383789,46.9227329120238,46.785003498388555,46.79361343383789,2904100
2019-06-28,46.98297882080078,47.09488167897591,46.948545656565074,47.077665096858055,7620200
2019-07-01,47.654415130615234,47.85240092441474,47.51668573998394,47.84379427413115,7673000
2019-07-02,47.80074691772461,47.86100331553058,47.71466728763819,47.7577071026814,6973000
2019-07-03,47.938472747802734,47.96429926189896,47.809353312230236,47.86960970557617,3122800
2019-07-05,47.73188400268555,47.74049065222708,47.41338543001024,47.654411021902106,3752400
2019-07-08,47.456424713134766,47.49946452781473,47.38755838266492,47.456424713134766,3914800
2019-07-09,47.03462600708008,47.094882403556,46.98297954365919,47.00880277536963,4575300
2019-07-10,47.318695068359375,47.439207862272795,47.249828738278936,47.370341532192356,5133100
2019-07-11,47.40477752685547,47.456427277498804,47.2756547921109,47.456427277498804,3393200
2019-07-12,47.421993255615234,47.46503307184511,47.30148045668059,47.353126922665446,3040600
2019-07-15,47.456424713134766,47.52528775987724,47.38755838266492,47.52528775987724,2997200
2019-07-16,47.103492736816406,47.189572365734136,47.04323633982853,47.13792261814709,4354700
2019-07-17,47.060447692871094,47.18096376559136,47.051841043826116,47.12070737109484,2256600
2019-07-18,46.93994140625,46.93994140625,46.44928024953661,46.48371341794084,4494900
2019-07-19,47.060447692871094,47.26704339095004,47.060447692871094,47.206786996453516,3560600
2019-07-22,47.12931823730469,47.18096798737788,47.03462867070092,47.12071158748958,2766500
2019-07-23,47.5080680847168,47.53389459882549,47.39616523057869,47.499461435832,3626800
2019-07-24,47.568328857421875,47.594155373908265,47.45642599298154,47.47364257606332,4780500
2019-07-25,47.060447692871094,47.3703395981259,47.017407880191755,47.3703395981259,5767600
2019-07-26,47.18096923828125,47.24122563976712,47.094886319210275,47.11210290302447,3365100
2019-07-29,47.1207160949707,47.16375591561839,47.06045640559055,47.14653933061375,2483400
2019-07-30,46.81942367553711,46.94854640160646,46.78499051075497,46.92271988615619,5467200
2019-07-31,46.78498840332031,47.13792011712104,46.432056689519584,46.9829774500355,8867500
2019-08-01,46.776390075683594,47.38756405498822,46.58701092795008,46.9829858080954,16478600
2019-08-02,46.53535461425781,46.71612378955111,46.28571911481826,46.69030055985981,11362800
2019-08-05,45.38187789916992,45.9930518561881,45.201105408503544,45.958618688087114,8982500
2019-08-06,45.95861053466797,45.9758271156641,45.54542244194183,45.846704400056595,9647000
2019-08-07,46.2771110534668,46.33737073139466,45.69176369319283,45.889749457527465,9339000
2019-08-08,46.604217529296875,46.63004075891871,46.104949815488034,46.14798962610011,10675800
2019-08-09,46.113563537597656,46.39763224192013,45.958617568644954,46.36319907465785,7035300
2019-08-12,45.6745491027832,46.01026425188834,45.60568277285017,45.96722443754387,6923300
2019-08-13,46.19103240966797,46.29432861853074,45.734804477107375,45.79506087258793,9087300
2019-08-14,45.071990966796875,45.467962592816825,45.04616772971279,45.43352942088604,10064800
2019-08-15,45.50239562988281,45.65734161938407,45.35605629147474,45.58847527572662,6085400
2019-08-16,45.975830078125,46.01886989152509,45.67454810059708,45.708977981080785,5812600
2019-08-19,45.96722412109375,46.113560145602996,45.96722412109375,46.06191039850879,3672000
2019-08-20,45.87253189086914,46.03608448822685,45.84670537696108,46.03608448822685,4400500
2019-08-21,46.02748489379883,46.173820932221695,46.00165837593248,46.096347946077934,7070100
2019-08-22,45.95861053466797,46.079123317913876,45.795057940795246,46.04469343964866,4619200
2019-08-23,45.44212341308594,46.096337031610275,45.40769025323549,45.8294882520864,14126700
2019-08-26,46.104949951171875,46.22546273473119,45.97582723522857,46.21685280234719,5901000
2019-08-27,45.95861053466797,46.1824228038907,45.93278730503729,46.15659629053297,4638100
2019-08-28,45.941402435302734,46.079131824972166,45.82088962980794,45.89836261672997,3667100
2019-08-29,46.26850509643555,46.345978073527505,46.12216907511032,46.345978073527505,3322500
2019-08-30,46.41484451293945,46.54396724544694,46.26850848090996,46.52675066219744,6970700
2019-09-03,46.440670013427734,46.466493245873146,46.34598044949131,46.371803681936726,6172000
2019-09-04,46.698909759521484,46.73334292347558,46.56118038743236,46.6128301333635,3585100
2019-09-05,47.03462600708008,47.172355382414665,46.97436961060416,46.97436961060416,5378500
2019-09-06,47.19818115234375,47.258437547867906,47.060448495457365,47.120708174708795,5284400
2019-09-09,47.5080680847168,47.55971782920703,47.39616523057869,47.542501247710284,15092000
2019-09-10,47.64579391479492,47.64579391479492,47.45641809984806,47.525281136994124,4182300
2019-09-11,48.067604064941406,48.08482064950936,47.96430784126141,48.067604064941406,7237900
2019-09-12,48.38610076904297,48.489400272392075,48.22254814766496,48.368884185151444,9621600
2019-09-13,48.9542350769043,49.04892464678108,48.81650568900924,48.81650568900924,7997300
2019-09-16,48.69599533081055,48.902591064893166,48.670172095448144,48.79929155598796,6166600
2019-09-17,48.87677001953125,48.87677001953125,48.57548796080318,48.592704547548806,6814700
2019-09-18,48.773460388183594,48.79928361934615,48.437745248161356,48.64433766491631,6341400
2019-09-19,49.13500213623047,49.324377971326925,49.0833523900802,49.109175621291705,5930900
2019-09-20,49.023101806640625,49.21247766418829,48.96284540418532,49.10918144336887,6833400
2019-09-23,48.97145080566406,49.03170720658291,48.79928825286982,48.79928825286982,5283500
2019-09-24,49.04030990600586,49.419064839298436,49.01448339247364,49.35020179857574,12010400
2019-09-25,49.23830032348633,49.28134013847751,48.911191818844024,49.01448803156834,5835500
2019-09-26,49.324378967285156,49.45350169340444,49.238299339023854,49.44489176034191,6357500
2019-09-27,48.61852264404297,48.86815819986155,48.549659588071385,48.82511837941333,6899800
2019-09-30,48.84233474731445,48.84233474731445,48.4205366278494,48.48079303295472,5382900
2019-10-01,48.62712478637695,48.885366951413424,48.52382529338053,48.87675701846675,8235500
2019-10-02,48.024559020996094,48.334450942051994,47.895436292647005,48.334450942051994,8254600
2019-10-03,48.26559066772461,48.27420060201621,47.80075272781206,47.99013187749372,9285700
2019-10-04,48.82511520385742,48.842331787662516,48.36888394234148,48.37749387610783,5242500
2019-10-07,48.51523208618164,48.79069090970502,48.506622150849424,48.5927050855306,5418600
2019-10-08,48.23115158081055,48.532436853225484,48.22254493130265,48.437747290001575,6914500
2019-10-09,48.652950286865234,48.695990102424076,48.49800432387144,48.60991047130639,4710000
2019-10-10,48.59268569946289,48.69598189614206,48.360266794139605,48.40330660244535,7978400
2019-10-11,49.19525909423828,49.410461446734985,48.945623577247545,48.98005674174157,14405500
2019-10-14,48.98006057739258,49.10918002876562,48.92841082660682,48.94562741020208,2334100
2019-10-15,49.71174621582031,49.81504243137053,49.36742111901628,49.38463770222923,8740600
2019-10-16,49.60845184326172,49.65149166102931,49.47072245616885,49.50515234014636,4158800
2019-10-17,49.479331970214844,49.59984478043072,49.31577933974012,49.522371790473684,4833600
2019-10-18,49.38463592529297,49.4621089050999,49.221083316246045,49.29855629605298,5311200
2019-10-21,49.73756790161133,49.84086739767574,49.70313801998391,49.74617783481372,4249500
2019-10-22,49.79782485961914,49.99581392077404,49.76339497760419,49.88390777397506,6971300
2019-10-23,50.004425048828125,50.09050468716606,49.85808572318037,49.88391224166393,7897800
2019-10-24,50.03024673461914,50.056073252303094,49.84947752946957,50.01303015073905,4448500
2019-10-25,50.004425048828125,50.05607480206751,49.8064392536687,49.83226248842454,4427800
2019-10-28,50.1507568359375,50.167973418889964,49.97859757386769,49.987204223480205,5259300
2019-10-29,50.36595916748047,50.39178568375762,50.24544637061186,50.26266295355415,5068700
2019-10-30,50.503692626953125,50.51230256098349,50.16797744177813,50.36596323601652,6798700
2019-10-31,50.512290954589844,50.512290954589844,50.22822230395776,50.42621133643118,7278200
2019-11-01,51.011566162109375,51.15790547500001,50.93409318086785,51.00295951251695,7105000
2019-11-04,51.355892181396484,51.373108764620035,51.23537938255915,51.30424243172585,8163100
2019-11-05,51.42475891113281,51.51083854418732,51.295636177823525,51.43336556094726,7783200
2019-11-06,51.31284713745117,51.40753669366996,51.24398081157309,51.33006371892069,13558200
2019-11-07,51.614131927490234,51.77768781853472,51.59691534507885,51.717431421958544,9191200
2019-11-08,51.588314056396484,51.59692070663285,51.26981545800829,51.37311167948301,7107900
2019-11-11,51.459190368652344,51.49362353641873,51.24398799570385,51.24398799570385,2578300
2019-11-12,51.57109069824219,51.68299683898187,51.467794490335606,51.57109069824219,4600400
2019-11-13,51.39032745361328,51.433367271572,51.114868678204324,51.114868678204324,7287600
2019-11-14,51.166507720947266,51.17511765352611,50.96852196008688,50.96852196008688,6197100
2019-11-15,51.46780014038086,51.46780014038086,51.27842100198971,51.28703093576801,5070600
2019-11-18,51.510841369628906,51.52805795392967,51.287032341174424,51.373111978950526,4214900
2019-11-19,51.347286224365234,51.46779902482839,51.209556840446275,51.43336585791676,3974700
2019-11-20,51.19233703613281,51.364496292404155,51.00295791376154,51.226766917150684,7449300
2019-11-21,51.24398422241211,51.26120080502758,51.0804316131562,51.226767639796634,3169700
2019-11-22,51.278419494628906,51.32145931107237,51.16651334489391,51.26120291130602,3920200
2019-11-25,51.631351470947266,51.631351470947266,51.48501543764916,51.50223202104791,6873300
2019-11-26,51.54527282714844,51.57970271087933,51.424760024771324,51.48501642595988,5536900
2019-11-27,51.64856719970703,51.65717384940023,51.57109421755837,51.58831080067223,6895500
2019-11-29,51.157901763916016,51.20955150890608,51.10625201892595,51.123468600589305,3708700
2019-12-02,51.05461502075195,51.26981740584135,50.73611312653562,51.26120747155021,14858500
2019-12-03,51.25259780883789,51.287030976523205,50.74472007852609,50.865232881697096,6330400
2019-12-04,51.829341888427734,51.829341888427734,51.639966021564696,51.683005842045944,6889900
2019-12-05,51.62274169921875,51.74325449199446,51.57969860146115,51.74325449199446,6626400
2019-12-06,52.216697692871094,52.2511308567152,52.08757497031932,52.08757497031932,10341500
2019-12-09,51.92402648925781,52.156445438063535,51.90680990596915,52.09618903841696,3941400
2019-12-10,51.89820098876953,52.05314694787047,51.812118076087145,51.91541757130601,11144200
2019-12-11,52.01011276245117,52.070372453519,51.79491036945779,51.81212695494461,5530100
2019-12-12,52.13923645019531,52.24253268124755,51.743264828055075,51.76908806488614,7777400
2019-12-13,52.27695846557617,52.29417504894,51.94124329930037,52.00149969921,12498600
2019-12-16,52.51737976074219,52.53480174813335,52.32574122234374,52.32574122234374,7287600
2019-12-17,52.40413284301758,52.508661433168164,52.308313584169554,52.369288871999395,8097400
2019-12-18,52.1950798034668,52.1950798034668,52.08184186582115,52.125395174369814,5190000
2019-12-19,52.142818450927734,52.22992507017766,52.073130497204176,52.073130497204176,3727500
2019-12-20,52.10797119140625,52.18636847295417,52.05570522940619,52.1253931787396,6446200
2019-12-23,52.06441879272461,52.09926276799913,51.942468202168186,51.98602150980914,3941900
2019-12-24,51.85536193847656,51.9337592269473,51.820521283637596,51.89020591622013,3726900
2019-12-26,51.99473571777344,52.01215770704437,51.89020710505252,51.92505108359439,3554300
2019-12-27,51.89891052246094,52.08183639288554,51.855353895584905,52.0382830889136,3741900
2019-12-30,51.43724060058594,51.87278032340699,51.4023966252632,51.8640709910285,6503200
2019-12-31,51.60274887084961,51.62016753596067,51.35013502898145,51.41111032558349,5113900
2020-01-02,52.142818450927734,52.22992507017766,52.00344586638514,52.090552485635065,12542300
2020-01-03,51.567901611328125,51.951175354551665,51.454660357889985,51.50692631860856,8391100
2020-01-06,51.75082778930664,51.78567176332089,51.50692661701536,51.50692661701536,5383800
2020-01-07,51.83793640136719,52.055706263001554,51.82051773659229,52.00344362286811,5013600
2020-01-08,51.846649169921875,52.046997044314644,51.69856393577672,51.74212056652225,7717200
2020-01-09,52.21249771118164,52.238632352592035,52.04699382246867,52.14281308753035,7113300
2020-01-10,51.846649169921875,52.134103659996924,51.77696121905253,52.073128364438446,4927200
2020-01-13,52.142818450927734,52.160240439358624,51.76825400692493,51.85536062617484,7524400
2020-01-14,52.16023254394531,52.221207832771434,51.994725340356695,52.01214732615045,11616900
2020-01-15,51.96859359741211,52.02085955436522,51.89019632343444,51.89019632343444,5275200
2020-01-16,52.003440856933594,52.0469941623631,51.8814902725693,51.9250435779988,4185900
2020-01-17,52.03828811645508,52.07312876925621,51.8989155365373,52.00344414074953,3557100
2020-01-21,51.75952911376953,52.02085555554303,51.75952911376953,51.97729893331162,6984700
2020-01-22,51.99473571777344,52.14282096512404,51.93376041677751,52.099267653399046,7059700
2020-01-23,52.055694580078125,52.11667318472227,51.81179345311606,52.003431951674045,4630500
2020-01-24,51.85536193847656,52.22121705897487,51.76825531702224,52.19508241421489,5700400
2020-01-27,50.923301696777344,51.245603472143564,50.923301696777344,51.04525228295732,10096000
2020-01-28,51.376258850097656,51.384971504285836,51.04524777193002,51.11493571381961,8180500
2020-01-29,51.210758209228516,51.39368408389453,51.210758209228516,51.39368408389453,4969300
2020-01-30,51.141075134277344,51.14978778984611,50.59229745800656,50.73167004096645,16332800
2020-01-31,50.30482864379883,50.618417717658545,50.13932477610788,50.58357374880663,14330700
2020-02-03,50.688114166259766,50.91459669376875,50.66198284497201,50.67069217776642,7016500
2020-02-04,51.45465850830078,51.55918710307632,51.38497388608513,51.43723652202084,7964800
2020-02-05,51.91633605957031,51.99473334626143,51.7508321534022,51.89891739399854,8852400
2020-02-06,52.30831527709961,52.32573726317255,52.13409873927423,52.26476197336928,9586200
2020-02-07,51.8030891418457,52.05569962371581,51.8030891418457,51.99472433606744,6495800
2020-02-10,51.742122650146484,51.79438529249868,51.59403741003803,51.59403741003803,7511000
2020-02-11,52.003440856933594,52.23863269373796,51.95117489667567,52.14281342805053,9483100
2020-02-12,51.75082778930664,51.86406904340084,51.7421184572552,51.803093750328024,11721700
2020-02-13,51.2978630065918,51.524345501141056,51.28044102063385,51.35012896446564,8400800
2020-02-14,50.91459274291992,51.08009663640722,50.86232678149559,51.08009663640722,11651900
2020-02-18,50.15675354003906,50.374523390443045,50.113196911634894,50.243860151038966,17769500
2020-02-19,50.069644927978516,50.34839007802217,50.069644927978516,50.29612743920417,7255600
2020-02-20,49.747352600097656,49.834459224128615,49.390210124923186,49.764774589484794,16841300
2020-02-21,49.329227447509766,49.45117803208019,49.189854876157256,49.41633405851601,14166100
2020-02-24,47.665470123291016,48.08358787419126,47.552228860681204,47.58707283731569,19626200
2020-02-25,47.58706283569336,48.33619156136385,47.378002342730326,48.26650362274157,22165400
2020-02-26,47.82225036621094,48.30134327121816,47.72643112062879,47.970332238180795,23188100
2020-02-27,46.184635162353516,47.28219386251886,46.184635162353516,46.80310080548561,31058000
2020-02-28,46.132362365722656,46.16720633781421,45.026091173596356,45.3658149171329,34633500
2020-03-02,46.71598434448242,46.78566896140041,45.72295446234806,46.0888061777012,23738900
2020-03-03,46.11494064331055,47.099261261647726,45.749088902969916,46.64629959058021,25886600
2020-03-04,47.1166877746582,47.142819094934865,46.36755891295286,46.64630407225191,18699700
2020-03-05,46.263031005859375,46.541776169357505,46.097523780535546,46.28045299394107,13667400
2020-03-06,45.81876754760742,45.958140095685245,45.44420320160382,45.59228840306982,19064600
2020-03-09,43.484275817871094,44.31180179379442,43.031317518975705,43.15326808582475,19592000
2020-03-10,44.78219223022461,45.008671414215925,43.57139238482713,44.86929884185876,23477000
2020-03-11,43.266517639160156,44.137597148605586,43.10972638453223,43.911117938227804,11652400
2020-03-12,39.024356842041016,40.339688609898616,38.048748834788654,40.0522308100567,21360000
2020-03-13,40.30484390258789,40.86233418230116,38.46686585216158,40.77522757218503,11590800
2020-03-16,37.64805221557617,38.67592615932732,36.245613869123964,37.22122185334561,9191600
2020-03-17,39.49474334716797,39.78219784468118,38.13585817619292,38.658507852523854,15956600
2020-03-18,38.658504486083984,39.42505196130343,37.778712436180854,38.17069882856818,16703200
2020-03-19,39.19857406616211,40.357111294667185,38.91982891641286,39.34665597319577,14580600
2020-03-20,39.29439163208008,40.95815312633734,39.242125672677304,40.23515564100097,15803800
2020-03-23,38.88498306274414,39.48602996270346,38.44073404020842,39.4598953216808,12502200
2020-03-24,41.585330963134766,41.98602667947285,41.27174185542527,41.77696616669848,17417000
2020-03-25,42.36930465698242,42.787422401542905,40.87975956894111,41.602753797169306,13534000
2020-03-26,43.76303482055664,43.81529746303605,42.67418546350851,42.70031678474821,16296200
2020-03-27,43.71076583862305,44.268256139293676,43.34491075199276,43.58010259563274,11858100
2020-03-30,44.242122650146484,44.29438528645611,43.58010045838861,43.77173898593497,7386600
2020-03-31,43.022605895996094,43.40588291287868,42.4564063473618,42.5086689784612,14671000
2020-04-01,40.97557830810547,41.68986319445634,40.94073433245313,41.045262936505736,10511700
2020-04-02,41.49822235107422,41.56791029851617,40.722962211755735,40.79265015919769,10347000
2020-04-03,40.566165924072266,40.90588634611306,40.391949385796345,40.8274890700341,6930700
2020-04-06,42.961639404296875,43.022614701662185,42.08185059737991,42.186379203876946,9430400
2020-04-07,43.423309326171875,45.07836161310964,43.318780722409784,45.026095649776394,10375000
2020-04-08,43.31877517700195,43.52783568066788,42.8483915359316,43.24909055771596,6688300
2020-04-09,43.884979248046875,44.189855696002596,43.59752146319943,43.71076271082758,7019900
2020-04-13,43.70205307006836,43.77174101892339,43.38846726893359,43.675921750699864,4014800
2020-04-14,44.503448486328125,44.85188158964067,44.3989198844961,44.47731716659621,7740100
2020-04-15,44.05919647216797,44.29438497974103,43.85884529135458,43.99821785872208,6329800
2020-04-16,43.684635162353516,43.841429727088645,43.423308672525394,43.60623787998595,10502400
2020-04-17,44.26826095581055,44.40763354614235,43.85014318481514,44.303104934119666,6565000
2020-04-20,43.588802337646484,44.18984576695492,43.571380355548705,43.85012542330653,5135600
2020-04-21,43.179405212402344,43.65849821360785,43.07487661573485,43.53654763034508,10479000
2020-04-22,43.928531646728516,44.006928920717066,43.63236453642777,43.841425041365234,8493000
2020-04-23,43.9895133972168,44.70379829941845,43.9895133972168,44.22470525373263,12300100
2020-04-24,44.3292350769043,44.44247634194352,44.04178057076422,44.23341580055608,6501200
2020-04-27,44.938987731933594,45.026094345394505,44.76477118210746,44.86059045065705,8362900
2020-04-28,45.59229278564453,45.992988484522336,45.51389551213331,45.94943518210587,9366700
2020-04-29,46.39369583129883,46.742128983918334,46.324011194517816,46.45467445747633,5826900
2020-04-30,45.08706283569336,45.35709861332028,44.8431616964844,45.278701343874,9096900
2020-05-01,44.29439163208008,44.55571814268249,44.13759705488048,44.46860819818014,7250800
2020-05-04,44.07661819458008,44.10275283727187,43.60623782388421,43.71947575823273,6350200
2020-05-05,44.503448486328125,44.78219363981643,44.320522602396,44.607977088160155,5004700
2020-05-06,44.163726806640625,44.86058967092857,44.163726806640625,44.851880338895576,6092200
2020-05-07,44.825748443603516,44.93898970439653,44.59926924492193,44.84317043164124,5704100
2020-05-08,45.59229278564453,45.60971477119191,45.36581361933654,45.46162955549117,6984100
2020-05-11,46.02783966064453,46.097524290838244,45.83620111252894,45.871045089078045,7608000
2020-05-12,45.426788330078125,46.00170055422054,45.39194435942611,45.94943459824253,8422400
2020-05-13,45.64456558227539,45.94073273515452,45.4355050472824,45.93202007962322,9655600
2020-05-14,44.965110778808594,45.00866407752621,44.2769606841014,44.529571145825045,9076300
2020-05-15,45.043514251708984,45.174177488768166,44.77348176871276,44.965116974054304,5225400
2020-05-18,46.167205810546875,46.21947176808729,45.61842488653668,45.66197818970167,6914600
2020-05-19,45.62714385986328,46.02783962112044,45.61843120428124,45.810069752232266,4122600
2020-05-20,46.3152961730957,46.64630731889125,46.17592358374568,46.419828107286705,16131600
2020-05-21,45.81876754760742,46.14977859538113,45.70552963679045,46.097512643763075,4437100
2020-05-22,45.87975311279297,45.88846576813392,45.679405237708366,45.792646496809894,3771900
2020-05-26,47.43898010253906,47.59577464971561,47.27347622403226,47.35187349762053,7398100
2020-05-27,48.048736572265625,48.16197781761119,47.726438144794095,48.101002529249115,5963200
2020-05-28,48.67591857910156,49.198564898279386,48.67591857910156,48.88497577761099,10407900
2020-05-29,48.26650619506836,48.34490346874465,47.761281904746504,48.257796863728316,5839900
2020-06-01,48.99821090698242,49.015632891831146,48.39716738276882,48.44943001441115,9312400
2020-06-02,49.21598434448242,49.38148822833344,49.01563648837726,49.19856235835535,5788100
2020-06-03,49.55570602416992,49.64281595701567,49.250829566470244,49.26825155303939,5710300
2020-06-04,48.99821090698242,49.45117254433766,48.919813636615096,49.26824668778185,5971600
2020-06-05,49.703792572021484,49.92156242557816,49.55570734369273,49.74734587815197,8253800
2020-06-08,50.43550109863281,50.444210430988306,49.712503565665294,49.88672011891446,8352000
2020-06-09,50.17417526245117,50.27870718950821,49.773479510779104,49.869298782462515,9410600
2020-06-10,50.148040771484375,50.30483532925204,49.86058629751312,50.156753426307134,6761200
2020-06-11,48.04003143310547,49.215987323169934,47.970343484379484,48.99821746775768,12005100
2020-06-12,48.90239334106445,49.163716477014816,48.43200970261144,49.08531920393931,12331700
2020-06-15,48.36857986450195,48.45637772561028,47.47302761424746,47.5959459595086,7753100
2020-06-16,49.29924774169922,49.59776512903929,48.86025178086227,49.457286555542396,10656700
2020-06-17,49.51874923706055,49.79970640399725,49.43972982453,49.66800626668846,6462300
2020-06-18,49.430946350097656,49.5011873140828,49.202669915692965,49.281689325539496,5127600
2020-06-19,49.19388961791992,49.78214598674353,49.17632937638914,49.77336419134134,6333600
2020-06-22,49.52752685546875,49.536305301481605,49.149990040718514,49.255348139240525,5153200
2020-06-23,49.65922164916992,50.089435792270024,49.59776248586991,50.010416389559545,6999400
2020-06-24,48.623199462890625,49.15877513601364,48.49149931894196,49.106094408579416,6464500
2020-06-25,49.176326751708984,49.19388699230253,48.596852209215776,48.728552339030635,5999600
2020-06-26,48.70222091674805,49.106096462817575,48.57930256353331,49.07097597639225,6012500
2020-06-29,48.710994720458984,48.72855496199776,48.29833741748172,48.561737691289785,4414800
2020-06-30,48.21931838989258,48.544177837041325,48.18420125580847,48.27199911492921,8185200
2020-07-01,48.12274169921875,48.20176111150411,47.912022150033245,47.99104156231861,6018600
2020-07-02,48.43881607055664,48.746115274019175,48.403698936701915,48.53539572452276,5345700
2020-07-06,49.062198638916016,49.2026772385202,48.91293824286994,49.044638395306244,3720600
2020-07-07,48.623199462890625,48.974394264630746,48.60563922041255,48.798798538397584,4755300
2020-07-08,48.58807373046875,48.59685217612283,48.19297669056665,48.37735419276316,7174000
2020-07-09,48.35102462768555,48.58808289634656,47.99982644834906,48.57930444903648,5105100
2020-07-10,48.98317337036133,49.00951205799503,48.5705160679741,48.62319679251511,6281700
2020-07-13,48.72855758666992,49.35193112314215,48.68465865509525,49.1412149118742,6040000
2020-07-14,49.11487579345703,49.16755652404286,48.71978203652231,48.78124121423544,8419800
2020-07-15,49.73824691772461,50.08066325342823,49.70312643476178,49.93140287547299,5104000
2020-07-16,49.22901153564453,49.38705036475364,49.158773916748096,49.29047070815655,2920000
2020-07-17,49.30802917480469,49.343149657625204,49.08853118108684,49.27290869198417,2869700
2020-07-20,49.34314727783203,49.36948596404032,49.123649294700456,49.23778918372543,2977700
2020-07-21,49.36949157714844,49.5538691001163,49.32559264538568,49.36949157714844,3960500
2020-07-22,49.237796783447266,49.308034407268174,49.11487508053127,49.1499955670787,4098800
2020-07-23,49.07097244262695,49.39582854548247,48.930493856315884,49.22023282454891,3635500
2020-07-24,49.0182991027832,49.20267663451141,48.90415919535785,48.974396819660704,4171000
2020-07-27,49.99286651611328,50.150905354303404,49.92262889318094,49.940189136232505,3244300
2020-07-28,49.68556213378906,49.86116118498255,49.67678368840239,49.720682613882424,2673900
2020-07-29,49.71190643310547,49.80848608963213,49.36949008671,49.44850950120693,4865100
2020-07-30,48.965614318847656,49.05341217927613,48.315898764146404,48.5792990439792,6374000
2020-07-31,47.7013053894043,48.09639909691327,47.508146084027594,48.0349399268886,8574400
2020-08-03,48.675872802734375,48.68465459788174,48.12274028229684,48.19297789710819,7253300
2020-08-04,49.220237731933594,49.220237731933594,48.790020134495705,48.816358825407036,3442400
2020-08-05,49.18511962890625,49.536314472087135,49.13243889525573,49.45729839552264,4199700
2020-08-06,49.14999008178711,49.22023104704285,48.95683077660738,49.03585018788331,3791300
2020-08-07,49.16754913330078,49.18510937418978,48.90415221851279,48.99195007368429,3997800
2020-08-10,49.404605865478516,49.42216610583581,49.12364871830859,49.237788605994304,4970300
2020-08-11,49.8084831237793,50.48453732993649,49.77336264181109,50.48453732993649,10075300
2020-08-12,50.86207580566406,51.05523511354933,50.74793591016153,50.826955322544265,6361300
2020-08-13,50.80061721801758,50.941095802835804,50.67769887496084,50.83573770154055,4342300
2020-08-14,50.79183578491211,50.87085519876579,50.651357199091535,50.651357199091535,3012700
2020-08-17,51.0025520324707,51.03767251396788,50.8093927335097,50.81817452852073,3063100
2020-08-18,51.17815399169922,51.26595185114549,50.94987419830108,51.134255061976084,4935700
2020-08-19,50.90597152709961,51.30106856411634,50.88841128664627,51.25716963761968,3958900
2020-08-20,50.72159957885742,50.8006189949112,50.50210157307178,50.53722205782319,3280500
2020-08-21,50.58111572265625,50.61623620375094,50.34405749917724,50.423076907003576,4038300
2020-08-24,51.143035888671875,51.169374577876965,50.94109812312732,51.125475646110544,2887400
2020-08-25,51.07279586791992,51.230834704636166,50.91476038047755,51.213277811022245,3659600
2020-08-26,51.21327590942383,51.29229197557414,51.05523707857572,51.0903542137735,4688100
2020-08-27,50.73916244506836,51.14303799277353,50.56356336150448,51.116699302484825,5596000
2020-08-28,51.011329650878906,51.0201114457475,50.721594056409955,50.94987048389236,7086400
2020-08-31,50.941097259521484,51.134256575147646,50.78305842842258,50.95865750178511,7878700
2020-09-01,51.081573486328125,51.10791217386878,50.81817656310076,50.92353466253699,9186500
2020-09-02,51.59081268310547,51.617154722774856,51.230836067514105,51.38009646139411,6625100
2020-09-03,50.68647384643555,51.3186291094175,50.528435030690055,51.30984731450196,8102400
2020-09-04,50.96743392944336,51.107912512714236,50.18602160066951,50.923535000160015,10314000
2020-09-08,50.545997619628906,50.74793537151391,50.238701768776416,50.35283831379387,8898300
2020-09-09,50.72159957885742,50.82695768383787,50.56356074674986,50.70403933648171,7140900
2020-09-10,50.74793243408203,51.21327043036105,50.72159374818311,51.11669078303383,8637700
2020-09-11,51.40642547607422,51.520565361760944,51.29228559038749,51.397647030686,9341200
2020-09-14,51.77518844604492,51.98590464692831,51.748846408979276,51.88054654648662,5025500
2020-09-15,52.01225280761719,52.06493018940316,51.854213963711246,52.04736994571649,6432200
2020-09-16,52.196624755859375,52.37222382465777,52.108823546823345,52.14394403043775,6970100
2020-09-17,52.258079528808594,52.26685797433645,51.90688142077333,51.95078034695939,9852200
2020-09-18,52.02980422973633,52.34588188430439,51.92444612797153,52.258084024379336,6394600
2020-09-21,51.257179260253906,51.406436308217614,50.73916379208888,51.14303935051611,10846900
2020-09-22,51.41521453857422,51.43277478110621,50.914759348870696,51.16059604577101,5219000
2020-09-23,51.7137336730957,52.04736824441452,51.643492700645055,51.97713062123779,9138500
2020-09-24,51.51179122924805,51.713732345221366,51.1693748705283,51.32741370521031,8748200
2020-09-25,51.59081268310547,51.59081268310547,51.064018779553116,51.186937133763735,3881200
2020-09-28,52.31076431274414,52.31076431274414,52.03858559041317,52.1615039329905,5889100
2020-09-29,52.26686477661133,52.495144581325754,52.17028511686859,52.381004678968544,7081900
2020-09-30,51.86299133300781,52.047368863974675,51.66105355871925,51.696174045362646,6770800
2020-10-01,51.87176513671875,51.915664063621904,51.678605839216736,51.7488434524071,5656000
2020-10-02,51.61715316772461,51.652273653376426,51.195717387724365,51.23083452410233,6336400
2020-10-05,52.038578033447266,52.038578033447266,51.83664030721338,51.8542005463563,5878300
2020-10-06,51.9244499206543,52.23174915138517,51.79275312114728,52.14394793577325,5925100
2020-10-07,52.196624755859375,52.196624755859375,52.06492461694216,52.14394403043775,8105500
2020-10-08,52.21417999267578,52.380997249943476,52.12637879205594,52.345876769695536,8888600
2020-10-09,52.20540237426758,52.249301303452626,52.135164757426224,52.15272499895496,6078200
2020-10-12,52.34587860107422,52.46001849123665,52.143940856493565,52.24052050591767,3360500
2020-10-13,52.17906188964844,52.25808129916967,52.064921998279225,52.17906188964844,3060900
2020-10-14,52.258079528808594,52.45123882315533,52.24929773400736,52.293200009466794,4170700
2020-10-15,51.81908416748047,51.84542285364193,51.53812701751347,51.608364630368506,3392400
2020-10-16,51.7137336730957,51.83665202561041,51.5820335243877,51.652274496838345,3942400
2020-10-19,51.77518844604492,52.064924059578,51.70494747956804,52.01224668399396,4465100
2020-10-20,51.78396224975586,51.89810213541128,51.66104391871464,51.66104391871464,3793800
2020-10-21,52.187843322753906,52.34588215084265,52.135165946240114,52.16150463449701,4583300
2020-10-22,52.038578033447266,52.09125875087604,51.79274138399265,52.01223934936946,2975900
2020-10-23,52.06492614746094,52.10004663210776,51.90688731582398,52.10004663210776,2674800
2020-10-26,51.56447219848633,51.67861210168488,51.43277540181771,51.66105185894096,4322100
2020-10-27,51.74884796142578,51.827867376446015,51.687388788551566,51.81030713429999,3668400
2020-10-28,51.04645919799805,51.511793930478,51.04645919799805,51.42399606183899,6890500
2020-10-29,51.432769775390625,51.63470752094418,51.33619012550122,51.5469063168295,6830600
2020-10-30,51.13425827026367,51.143036717049625,50.835740840433544,51.002558123557435,6006600
2020-11-02,51.66982650756836,51.74884591947057,51.49423079158442,51.70494699047458,5839700
2020-11-03,52.75853729248047,52.94291480124072,52.40733916689314,52.433681203339994,7270700
2020-11-04,52.670738220214844,53.07461371082838,52.29320141616679,52.39855951170217,8593800
2020-11-05,53.97016906738281,54.01406799732929,53.610192482983784,53.847250723823194,11351000
2020-11-06,54.01406478881836,54.23356277478595,53.88236465752841,54.09308419773763,5306100
2020-11-09,55.603233337402344,56.58658006150097,55.55933105927058,56.516345794456186,14533800
2020-11-10,55.392513275146484,55.8139490169611,55.09399587270194,55.23447445330681,8035300
2020-11-11,55.72615432739258,55.85785112022858,55.524216565625046,55.691033842926814,8892100
2020-11-12,54.865718841552734,55.28715457880744,54.78669943148788,55.023754312408926,9942700
2020-11-13,55.64713668823242,55.76127324247877,54.900841441245106,54.98864265521212,7642200
2020-11-16,56.43732452392578,56.446106319493474,56.07734793894473,56.3758653520466,7385100
2020-11-17,56.217830657958984,56.42854687724509,56.051013371917996,56.094912305163106,11820300
2020-11-18,55.84028625488281,56.36708008116015,55.831507809130024,56.103686517294946,5303400
2020-11-19,56.20904541015625,56.235390797178596,55.831511928012084,55.91930978911097,6893300
2020-11-20,56.841190338134766,56.90264949952503,56.45487848020148,56.5251127371145,8647000
2020-11-23,56.87632369995117,57.35922200494058,56.81486452463868,57.2626423439427,5969300
2020-11-24,57.736751556396484,57.833331205189126,57.44701261001858,57.605051426356816,7211400
2020-11-25,57.3240966796875,57.49091729797238,56.885100693503844,57.06947820387532,7452500
2020-11-27,58.149410247802734,58.2635467907129,57.991371427632565,58.05283059666835,5991100
2020-11-30,56.53390884399414,57.411900913878874,56.50757015366526,57.341659940636596,13251100
2020-12-01,57.69285583496094,57.88601515449196,57.51726010732235,57.569937485904404,14044600
2020-12-02,57.596275329589844,57.72797547265903,57.39434091562496,57.47335698233795,6772000
2020-12-03,57.736751556396484,57.98258822657888,57.66651059390241,57.80698582034369,4483900
2020-12-04,58.00015640258789,58.00015640258788,57.78065837599796,57.815778864078126,7600500
2020-12-07,57.148494720458984,57.41189499368227,56.96411720862157,57.245074374071045,6846100
2020-12-08,57.28019714355469,57.3504381123577,56.999239966890094,57.06948093569311,4199400
2020-12-09,57.6840705871582,57.84210941199483,57.24507459578395,57.84210941199483,6702100
2020-12-10,57.78065490722656,57.868459471429865,57.36799757024303,57.403118056214794,5233200
2020-12-11,57.9035758972168,57.929921286806874,57.68407787380271,57.75431884894675,5319100
2020-12-14,58.09572219848633,58.49236756705992,58.0340149335236,58.44829287061641,4310800
2020-12-15,58.50999450683594,58.518810791260705,58.17504967209579,58.23675021335988,5139000
2020-12-16,58.501190185546875,58.518816031120025,58.21031329717575,58.386598652328125,5776600
2020-12-17,58.84493637084961,58.95070486710134,58.756793715688666,58.889004336003325,7055700
2020-12-18,58.6774787902832,58.924280991106635,58.56289397557393,58.924280991106635,4891300
2020-12-21,58.0428352355957,58.122168349714684,57.487530336182715,57.522788750807266,9134100
2020-12-22,58.016395568847656,58.08691240109045,57.707892833854494,57.91062032048346,11219400
2020-12-23,58.22794723510742,58.360164632274525,58.104546124379766,58.104546124379766,4948700
2020-12-24,58.016395568847656,58.08691240109045,57.998769723214586,58.034021414480726,2404000
2020-12-28,58.60696029663086,58.66866084509147,58.51881761666648,58.58051816512709,4003600
2020-12-29,59.338558197021484,59.62061881200119,59.294483493958346,59.54129241631417,8066600
2020-12-30,59.364994049072266,59.77045571991092,59.34736820462485,59.567728246918996,4780600
2020-12-31,59.55010223388672,59.6646937724029,59.37381687058488,59.611802783527914,8523700
2021-01-04,58.84493637084961,59.611784868088726,58.73916114974436,59.6029753099701,9211700
2021-01-05,59.391441345214844,59.55891714388229,59.056496472735326,59.056496472735326,5756200
2021-01-06,60.096595764160156,60.281697407367965,59.30329820408716,59.32974033528037,7863500
2021-01-07,59.97319412231445,60.0965952166621,59.77045991025458,59.823350897014485,8367000
2021-01-08,61.074981689453125,61.11024009833051,60.42271793735624,60.94276433737641,9557400
2021-01-11,60.50205612182617,60.76649087758911,60.228811805764934,60.299328637282414,5599300
2021-01-12,60.81936264038086,60.854621048893975,60.369826337905934,60.44034315493216,5904300
2021-01-13,60.99565505981445,61.127872425919236,60.828186005946016,60.88107026244609,5874800
2021-01-14,61.63029479980469,61.81539642770329,61.41875104289983,61.44519317190609,5827600
2021-01-15,60.57258224487305,60.7929423335259,60.21118847155138,60.67835078351843,6328100
2021-01-19,60.925148010253906,60.978032269402156,60.60782900565454,60.8458148966766,6169000
2021-01-20,61.23366165161133,61.27772963380981,60.740057211909104,60.82819990116219,4888000
2021-01-21,60.99565505981445,61.08380445378737,60.58138384247287,61.048546041169125,4822200
2021-01-22,61.03091049194336,61.12786944069483,60.66952354875045,60.713591518730226,4853200
2021-01-25,61.2689208984375,61.28654674658333,60.42273896545681,60.75768387907743,6877200
2021-01-26,61.27772521972656,61.348242055991875,61.101439853918926,61.11906570055743,4940900
2021-01-27,59.937931060791016,60.537310640393116,59.83215582032426,60.5284943558072,10789100
2021-01-28,60.32577133178711,60.61664149601905,59.77927596970104,59.814534385789365,5425400
2021-01-29,59.04767608642578,59.64705568097875,58.72154752201419,59.4443282044291,9213100
2021-02-01,59.66468811035156,59.717572369352396,59.303294407566085,59.55009658270987,5682800
2021-02-02,60.14067077636719,60.202371324421485,59.726392785921725,59.85861016742533,7269400
2021-02-03,60.49323654174805,60.5813859387712,60.33457704190313,60.42272643892628,9547600
2021-02-04,60.563758850097656,60.572575135568755,60.20237184404761,60.219997690134385,4412300
2021-02-05,61.03973388671875,61.10143443176166,60.83699968166057,61.030917601754034,4109200
2021-02-08,62.132720947265625,62.22086362673805,62.009319851033155,62.16797936402567,6378100
2021-02-09,62.46766662597656,62.58225142594961,62.26493243002683,62.33544925686628,4035000
2021-02-10,62.35308074951172,62.67039977417939,62.08865271219223,62.6086992263193,5202800
2021-02-11,62.67922592163086,62.705668057037734,62.388348982442395,62.59989279055382,4258100
2021-02-12,63.06705093383789,63.0758604942124,62.652772951157615,62.652772951157615,3884800
2021-02-16,63.34028625488281,63.71048948368282,63.30502784382743,63.49894574220485,5283800
2021-02-17,63.25215530395508,63.375556403075606,62.92601998493339,63.11993791922437,7591800
2021-02-18,62.494117736816406,62.54700200211943,62.079839725660825,62.27375766491286,5794500
2021-02-19,62.8819465637207,62.99653810442277,62.679219064542046,62.740919615360205,4486200
2021-02-22,62.732093811035156,63.067045371672506,62.53817590221452,62.55580847111894,6059300
2021-02-23,62.59107208251953,62.77617372226142,62.009318307740564,62.48529683487193,6817600
2021-02-24,62.07101821899414,62.19441931089233,61.4628290445974,61.58623013649559,7036700
2021-02-25,61.00448226928711,62.13272477570616,60.819380613532964,62.018139957817155,10938300
2021-02-26,60.13185501098633,60.57257513657274,59.93793707975144,60.55494256563024,19004200
2021-03-01,61.127872467041016,61.17194716405712,60.66952655240463,60.66952655240463,6603800
2021-03-02,60.528507232666016,60.80175831412299,60.42273869455278,60.64309878209694,9525800
2021-03-03,60.167118072509766,60.607838232116784,60.15830178635795,60.44917870566402,10593500
2021-03-04,59.59417724609375,60.24644116351871,59.24159979280667,59.946754699380826,11757500
2021-03-05,60.07896041870117,60.13184467272559,59.153445624148105,59.973185185798044,6837300
2021-03-08,59.4090690612793,59.832156578800166,59.34736851810521,59.53247014762745,7405900
2021-03-09,60.06132888793945,60.24643050507558,59.69112565366721,59.83215257511904,6702000
2021-03-10,60.272884368896484,60.387475910047186,59.98201418524677,60.193557971043575,6115700
2021-03-11,59.97319412231445,60.24643844196207,59.86741887364992,60.07015308570979,4107300
2021-03-12,60.76649475097656,60.76649475097656,60.387475163479586,60.39628472433942,6188100
2021-03-15,61.09261703491211,61.10143331971637,60.651896942668095,60.81055644487014,6445300
2021-03-16,61.295352935791016,61.48927085773185,61.23365239016031,61.37467932666403,5251100
2021-03-17,61.6920051574707,61.77133828196596,61.145516471450364,61.189584451853634,5228300
2021-03-18,61.8594856262207,62.40598107825306,61.84185977770317,61.894744048112116,9520600
2021-03-19,62.30902099609375,62.353088979035526,61.533349177928535,62.264946288295725,8822500
2021-03-22,61.89473342895508,62.12390976950175,61.65674080323405,61.7008155042506,4935900
2021-03-23,60.96921157836914,61.3394148153623,60.8281846558808,61.21601373636458,6458000
2021-03-24,60.299320220947266,60.66952344745977,60.14066073460559,60.228803399272245,9423100
2021-03-25,60.98684310913086,61.06616949077075,60.27287205010022,60.387463567830274,8219000
2021-03-26,61.79777526855469,61.80659155384345,61.136695093858854,61.1719535101586,4408500
2021-03-29,61.42756652832031,61.5421513274749,61.10143125015845,61.35704970198456,9160500
2021-03-30,60.97803497314453,61.163136613225674,60.74885863191564,60.8546338797571,5626800
2021-03-31,60.396270751953125,60.77529025176577,60.21998542756057,60.22880171123642,7248300
2021-04-01,60.942771911621094,61.03091458234238,60.484425988957554,60.53731024641939,5160000
2021-04-05,61.68319320678711,61.71844489980179,61.23365678501069,61.26009891719949,5171100
2021-04-06,60.74885940551758,60.86345094001889,60.56375776307927,60.704791428663874,4675200
2021-04-07,60.925148010253906,60.93395757020866,60.66071326480279,60.66071326480279,4644300
2021-04-08,60.98684310913086,61.0221015203667,60.872251591400804,61.01328523634415,3922200
2021-04-09,61.40992736816406,61.40992736816406,61.09260840856578,61.09260840856578,4962200
2021-04-12,61.03091049194336,61.189569978549926,60.88988357321211,61.119053156757175,2847800
2021-04-13,61.41875457763672,61.4540129932925,61.048551300533795,61.10143556158988,2916700
2021-04-14,61.304176330566406,61.524536408354415,61.1455168055648,61.189584786208876,5627000
2021-04-15,61.59503936767578,61.665556198342344,61.50689669177012,61.58622980748379,6310800
2021-04-16,61.66556167602539,61.66556167602539,61.515718441189854,61.63911954339038,3184400
2021-04-19,61.074981689453125,61.533327555151345,60.863437961042706,61.489259587695024,11056300
2021-04-20,59.752830505371094,60.07014950760819,59.54128674549799,59.9820068347323,9035400
2021-04-21,60.264068603515625,60.29932701832772,59.55891375698368,59.585355886879,7032100
2021-04-22,60.369834899902344,60.801745421803645,60.25525009962401,60.75767072369788,7019600
2021-04-23,60.90752029418945,61.09262194081351,60.546133286453575,60.58139170364703,8746300
2021-04-26,60.678340911865234,60.8546329890206,60.54613026006762,60.757674027798934,6010900
2021-04-27,59.937931060791016,60.06133214557485,59.83215582032426,59.9291147762051,3852800
2021-04-28,59.920310974121094,60.10541261908297,59.79690315262444,59.893862117821904,4592300
2021-04-29,59.97319412231445,60.11422106234522,59.62061668495461,60.052520515171395,5639800
2021-04-30,59.42670440673828,59.761656030252524,59.22397690026421,59.66469705764113,6545900
2021-05-03,60.13185501098633,60.15829714254465,59.752835433987805,59.8586106850765,5433700
2021-05-04,59.373817443847656,59.7792791632411,59.06531469266304,59.63825221620911,8011900
2021-05-05,60.0877799987793,60.29051421444049,59.77046097200418,59.82335195970363,10408400
2021-05-06,60.57258224487305,60.5813985313789,59.99964466940438,60.087787359894286,12271100
2021-05-07,60.87226104736328,60.93396159539705,60.42273136519817,60.52849989048155,7396500
2021-05-10,60.74885940551758,61.33061318877109,60.71360098912143,61.286538487062074,8289300
2021-05-11,59.71757507324219,59.81453403570376,59.171079714354676,59.338555508580164,9958500
2021-05-12,57.67264175415039,58.82732644837639,57.496356375973754,58.62459893595887,13944500
2021-05-13,58.148616790771484,58.245575760298934,57.628563524682825,57.628563524682825,9473200
2021-05-14,59.06531524658203,59.08294109330547,58.74799620671469,58.78325462501725,6792500
2021-05-17,58.57170104980469,58.642217882719244,58.36897356124449,58.54525891867556,4992100
2021-05-18,59.31210708618164,59.69112661063808,59.26803238979074,59.56772553056896,6200900
2021-05-19,59.012420654296875,59.250413282097,58.7039179190516,58.844951583652445,7092600
2021-05-20,59.55010223388672,59.74402016843206,59.26804161769046,59.30330003532193,6274300
2021-05-21,59.87623596191406,59.99963705791664,59.5589169365202,59.885052247301495,7088800
2021-05-24,60.14067077636719,60.21118088496112,59.97319497813893,60.034895526193225,4044400
2021-05-25,59.99962615966797,60.22880246412635,59.84096667578973,60.20236033762234,3394300
2021-05-26,60.13185501098633,60.24643982269084,60.0613381769272,60.11422244004383,3115000
2021-05-27,60.175926208496094,60.308143598217725,59.99964083877111,60.18474249443908,5490900
2021-05-28,60.44916534423828,60.70478378729226,60.42272321648347,60.55493385525754,4776600
2021-06-01,60.07014465332031,60.47560629566781,60.03488624204822,60.43153160036412,5514000
2021-06-02,60.62545394897461,60.766487604412816,60.53731127675315,60.607828104472254,5753300
2021-06-03,60.64310073852539,60.766501853542714,60.44036649250756,60.61665187828762,4862500
2021-06-04,61.304176330566406,61.45401956949684,61.0838162527784,61.17195893892242,7333600
2021-06-07,61.542152404785156,61.542152404785156,61.2512755346993,61.4980777063401,5774400
2021-06-08,61.242469787597656,61.51571410537463,61.19839508640869,61.43638098820552,6594200
2021-06-09,60.8105583190918,61.09261891782707,60.775299903642996,61.066176787454246,4593000
2021-06-10,61.0724983215332,61.24120905124847,60.97482440163942,61.0991354316055,9687600
2021-06-11,61.16130065917969,61.18794454792616,60.94819697031679,61.08138931627265,3547600
2021-06-14,61.14353561401367,61.15241690892223,60.91266936749294,61.06361750872287,2963500
2021-06-15,61.43655776977539,61.4543135852632,61.24120992719373,61.37440225390333,5175600
2021-06-16,61.33888626098633,61.58750833425305,61.03698319027429,61.498715704435426,5742900
2021-06-17,61.10802459716797,61.18794271212137,60.8682838011956,61.06362489170009,5887400
2021-06-18,59.713958740234375,59.95369953434693,59.64292192181441,59.847151081160845,6717900
2021-06-21,60.34439468383789,60.39766890992121,59.66068394280809,59.77611369080321,5464800
2021-06-22,60.415428161621094,60.59301342171052,60.228961606194154,60.37990975471452,5616000
2021-06-23,59.95368576049805,60.095759364697784,59.80273763686757,59.98920416154798,4900400
2021-06-24,60.47758483886719,60.504221950946636,60.27335568885215,60.31775539194694,3344700
2021-06-25,60.752845764160156,60.788364172761355,60.57526049559792,60.752845764160156,3532700
2021-06-28,60.504215240478516,60.61077045142192,60.42430391310306,60.61077045142192,5012300
2021-06-29,60.54861831665039,60.726203570354066,60.46870021037351,60.69956645974283,4268100
2021-06-30,59.971458435058594,60.10465076778736,59.70507376960106,59.909302916377634,5065700
2021-07-01,59.927059173583984,59.95369628543703,59.634044168756965,59.68731839246306,5091500
2021-07-02,60.29999923706055,60.30887375807487,60.02473327341566,60.184562719439185,5253700
2021-07-06,60.07801818847656,60.36215869166017,59.77611509321925,60.34439609958647,4459100
2021-07-07,60.104652404785156,60.2289634455328,59.847149027681155,60.09577110917643,5445100
2021-07-08,59.172306060791016,59.36765389519113,58.94143982245971,59.07463214359096,6309100
2021-07-09,60.7617301940918,60.77061149031114,60.32664152156122,60.37103445376975,6541600
2021-07-12,60.939308166503906,60.957070756813245,60.62853058052332,60.66404898669871,5932000
2021-07-13,60.743961334228516,61.01033919362007,60.53973221169662,60.93930238800526,3737000
2021-07-14,61.045867919921875,61.20569737236269,60.93931269348006,61.09026762455024,3230700
2021-07-15,60.29999923706055,60.44206609216839,60.140169791037025,60.246718238757026,4064400
2021-07-16,59.687320709228516,60.12240936008443,59.571884187459965,60.11352806430752,4813800
2021-07-19,58.834903717041016,59.32326663096044,58.42645214788422,59.20783687482188,10654000
2021-07-20,59.53636932373047,59.669554880940744,58.994725476264016,59.07463681059018,6998600
2021-07-21,59.962581634521484,60.00698134024045,59.42093774208109,59.45645615176747,3787600
2021-07-22,59.927059173583984,60.10465121001013,59.847147838024846,60.078014098157084,3906900
2021-07-23,60.26448440551758,60.30887733655383,60.02473683503491,60.184566290542044,4876700
2021-07-26,60.051368713378906,60.06025000858947,59.73170983023189,59.78499082705195,4731900
2021-07-27,59.722835540771484,59.864902392474086,59.35877695460498,59.76722846810958,5217500
2021-07-28,60.04249954223633,60.18456640604648,59.758359040172095,59.88267008642245,4851200
2021-07-29,60.24672317504883,60.41543393035344,60.19344894682383,60.30000417771791,4415600
2021-07-30,59.58964538574219,59.89154169066083,59.51860857007535,59.6251637935756,4993200
2021-08-02,60.166805267333984,60.58413807474153,60.06025004806717,60.47758285547471,5067800
2021-08-03,60.61078643798828,60.62854225727401,60.078023791636554,60.37103884374101,3739500
2021-08-04,59.989219665527344,60.2911227652563,59.91818961951235,60.22896724096564,3162700
2021-08-05,60.34439468383789,60.406550205749696,60.255602048884434,60.32663886662473,2611300
2021-08-06,60.22008514404297,60.30887778121407,60.095774097114635,60.2378409616996,2704700
2021-08-09,60.18455505371094,60.28222896797586,59.998088519507725,60.09576243377265,3586000
2021-08-10,60.22008514404297,60.22008514404297,59.998100163893234,60.02473727760017,2298700
2021-08-11,60.96595001220703,60.992587122336545,60.77060217199983,60.92155031236246,3690600
2021-08-12,60.7617301940918,60.7617301940918,60.39767156798369,60.61078203058341,3580400
2021-08-13,60.94819641113281,60.974833525190775,60.77061113445039,60.83276665873365,2954200
2021-08-16,60.530860900878906,60.530860900878906,60.13129065866821,60.33551304044034,3193200
2021-08-17,60.02473068237305,60.051367793153226,59.73170891490466,59.80274572661394,4005200
2021-08-18,59.713958740234375,60.09577317118686,59.69620292285132,59.93594371696387,3620200
2021-08-19,59.14567565917969,59.28774251657343,58.93257198586726,58.97696491498372,6036300
2021-08-20,59.19007873535156,59.2344716669975,58.74610877222811,58.81713881775041,4945000
2021-08-23,59.971458435058594,60.08688817705369,59.7849918790157,59.8205102860396,4030800
2021-08-24,60.504215240478516,60.672925964194874,60.32662999668231,60.353267105807454,6024300
2021-08-25,60.3887939453125,60.4331868752415,60.17568349365576,60.23783901511137,4446200
2021-08-26,60.07801818847656,60.255603462549836,59.98921877699597,60.18456664314294,3698700
2021-08-27,60.49533462524414,60.504215919866525,59.91817918920432,59.95369081880806,4057800
2021-08-30,60.415428161621094,60.495339496328306,60.34439134780794,60.48646497543424,4218800
2021-08-31,60.735084533691406,60.99258789226571,60.72620323872177,60.91266978642527,5026700
2021-09-01,61.72071075439453,61.88941474628952,61.55199998805503,61.60527421976455,8814900
2021-09-02,62.004852294921875,62.20907470277782,61.871659939025385,61.99597099801021,9157900
2021-09-03,63.762962341308594,63.86063627270853,63.07925159595289,63.07925159595289,14312000
2021-09-07,64.42891693115234,64.53547215787765,63.833998824434616,63.9227914594838,9022800
2021-09-08,64.15364837646484,64.64201795969603,64.1270112672782,64.57098115223643,4429600
2021-09-09,64.721923828125,64.8551161372666,64.47330179742988,64.54433859889771,8012600
2021-09-10,64.6509017944336,65.39677483133603,64.59762756838478,65.34349383084341,8440800
2021-09-13,65.5388412475586,65.5832409519272,65.23694493607212,65.4678112047901,6507600
2021-09-14,65.17479705810547,65.58324864331217,65.13927864533386,65.58324864331217,7144100
2021-09-15,65.8141098022461,65.8141098022461,65.32574013280988,65.3701398389201,5571100
2021-09-16,65.66315460205078,65.71643560405755,65.27246564251713,65.33462116615503,7030400
2021-09-17,65.20143127441406,65.31686102995496,64.9616904669232,65.22806838919702,8420100
2021-09-20,64.26021575927734,64.39340133043743,63.825120312007364,64.15366052790516,12322600
2021-09-21,64.83736419677734,65.09486756355174,64.72193445626883,65.09486756355174,8959100
2021-09-22,64.36674499511719,64.70416640648016,64.18915977030453,64.27795238271086,7810400
2021-09-23,64.73969268798828,64.85512242072517,64.50882644807163,64.50882644807163,5483600
2021-09-24,64.51771545410156,64.61538260920295,64.3845231161361,64.3933976374084,4931900
2021-09-27,64.46443176269531,64.5354685765701,64.26908391176138,64.3223649093892,6289300
2021-09-28,63.07036209106445,63.612005903986166,62.95493235736291,63.54985038977104,14174600
2021-09-29,63.034854888916016,63.31012087888199,62.937180952870705,63.14141012126841,6640600
2021-09-30,62.377777099609375,62.75071022650923,62.253466057309424,62.66191759264408,13469200
2021-10-01,62.09363555908203,62.25346500712053,61.445436471358214,61.95156192773953,13462800
2021-10-04,60.371028900146484,61.17017612527038,59.953696084001585,61.090264789979734,13541300
2021-10-05,60.70844650268555,60.94818726768531,60.38878763305716,60.450943148015845,10923800
2021-10-06,60.18455505371094,60.23782927078538,59.1367858797767,59.45644473110868,13992000
2021-10-07,60.530860900878906,60.85051980442496,60.32663851910678,60.35327563199499,11401200
2021-10-08,60.255592346191406,60.55748861130889,60.15791843113746,60.51309568820246,8761200
2021-10-11,60.52197265625,61.24120163892232,60.52197265625,61.13464643708699,4000300
2021-10-12,60.13128662109375,60.4065458017144,60.07801239889448,60.27335347177291,4380900
2021-10-13,60.095767974853516,60.157923491985585,59.767227798902134,60.0513682735692,4315000
2021-10-14,60.66405487060547,60.779484621038755,60.54862512017218,60.74397298586232,5463000
2021-10-15,61.30337142944336,61.46320088221387,61.18794168139281,61.30337142944336,8433200
2021-10-18,61.001468658447266,61.116905181542116,60.67293522980831,60.7617278652663,5059900
2021-10-19,61.383277893066406,61.56086992339667,61.250092338372795,61.32112237606163,5058100
2021-10-20,61.321128845214844,61.4632024844673,61.205699094155214,61.24121750396833,5022500
2021-10-21,60.255592346191406,60.60188830885803,60.15791843113746,60.2822294549438,11931600
2021-10-22,60.752845764160156,61.010349145686035,60.62853472127784,60.77060835568263,8930000
2021-10-25,60.779476165771484,60.965949483948464,60.4775798876621,60.62852802671679,7417700
2021-10-26,60.788368225097656,61.196819789574434,60.73509399586631,61.18794526766534,7136900
2021-10-27,60.34439468383789,60.85940145078927,60.30887627496775,60.63741647618372,8080900
2021-10-28,60.823883056640625,60.93931280466368,60.62853519502946,60.64629778669073,8331600
2021-10-29,60.735084533691406,60.797240049592574,60.37990725378054,60.41542565921594,6477200
2021-11-01,61.64966583251953,61.68518424047598,61.40104375126802,61.60526612896306,8685800
2021-11-02,61.5786247253418,61.72957286780477,61.489832098860234,61.507587914379286,6420200
2021-11-03,61.95155334472656,62.09362695638562,61.365516632739634,61.5342273529741,6085700
2021-11-04,62.39553451538086,62.41329710727526,62.08475690166785,62.20019342564976,7481100
2021-11-05,62.47544860839844,62.51096701545698,62.22682653343213,62.368893387222826,5763300
2021-11-08,62.342254638671875,62.342254638671875,62.17354390318438,62.262343305720925,5531600
2021-11-09,61.95155334472656,62.09362695638562,61.72956840734129,62.0492272591315,7971100
2021-11-10,60.98371887207031,61.658555162287385,60.88604493107398,61.54311862777653,5739100
2021-11-11,61.33888626098633,61.52535281593637,61.29448655885581,61.48983440912064,4193300
2021-11-12,62.22682571411133,62.24458153018508,61.86276712738735,61.933803940569106,13472300
2021-11-15,62.17354965209961,62.30674199377685,62.111394129242754,62.253467766883524,5410800
2021-11-16,62.04924011230469,62.146914046942264,62.01372170203247,62.084758522576905,7354100
2021-11-17,61.79172897338867,61.80061026845452,61.525351091402264,61.60526242366522,4427200
2021-11-18,61.95155334472656,61.95155334472656,61.543101872870785,61.80060521317082,6787900
2021-11-19,62.07587814331055,62.226826291890816,61.960441627207516,62.02259714570783,5835600
2021-11-22,61.75623321533203,62.226840358134616,61.720714800382495,62.03149246313468,8232300
2021-11-23,61.827239990234375,61.88052097981863,61.480944042927625,61.65853605080443,6844600
2021-11-24,61.0724983215332,61.0724983215332,60.67292812156268,60.77947656185186,7209400
2021-11-26,59.456451416015625,60.07801337435349,59.23446645398998,60.024732376845805,8587400
2021-11-29,59.62516403198242,59.98921585845428,59.40317906296867,59.7761121850453,9643600
2021-11-30,58.89705276489258,59.19007454567956,58.06238712547884,58.99472669182157,13303500
2021-12-01,58.586280822753906,60.04250179733183,58.53299981918551,59.90042815374169,14930700
2021-12-02,59.465328216552734,59.63403894276183,58.87928470936929,58.923684408195754,12287300
2021-12-03,59.8116340637207,60.02473774949549,59.358782803810755,59.882670883793644,10887300
2021-12-06,59.84714889526367,59.93594152782357,59.527489998493124,59.63404522223118,6800300
2021-12-07,61.2412109375,61.276729343504726,60.77060391321312,60.80612231921785,8187200
2021-12-08,61.17017364501953,61.250091751513246,60.93930739502384,61.05474390724329,6407500
2021-12-09,60.672943115234375,60.87716552588536,60.557506577136685,60.69069893485609,4763300
2021-12-10,60.7617301940918,60.79724860452508,60.566382323930775,60.69069337322522,4865900
2021-12-13,60.175174713134766,60.40907625471376,60.06721857159611,60.36409281319526,6239000
2021-12-14,60.103206634521484,60.184175460166514,59.815330441079986,60.0222446723863,6904100
2021-12-15,61.13776779174805,61.19174243646246,60.418080696018194,60.56201536976006,9238600
2021-12-16,61.20973587036133,61.497612068703894,61.11977584528739,61.43463936480114,6476700
2021-12-17,60.463050842285156,60.822897783598314,60.44506158379878,60.68795432266719,7341400
2021-12-20,59.95027160644531,60.02224236791994,59.617411982257366,59.7253681244693,5452600
2021-12-21,60.30112075805664,60.35509539764843,60.03124069658811,60.09421339728173,4019100
2021-12-22,60.400081634521484,60.41807775755788,59.86031462309834,59.94127658623234,3036700
2021-12-23,60.63397979736328,60.80490177558756,60.364092874995094,60.40007825554483,2963600
2021-12-27,60.579994201660156,60.61597957977851,60.30111610062926,60.34609953915447,3292600
2021-12-28,60.6519775390625,60.84089566573973,60.571015569133905,60.58000676789675,2728200
2021-12-29,60.36409378051758,60.40907722275692,60.21116105851925,60.39108110045733,3552300
2021-12-30,60.19316864013672,60.43606137035443,60.112199821057956,60.36409061195315,3363600
2021-12-31,60.23815155029297,60.490042367673425,60.11220614160275,60.11220614160275,5025600
2022-01-03,60.30112075805664,60.43606422054572,60.12120071707762,60.42706615944388,6386000
2022-01-04,61.0927848815918,61.164748779254275,60.9308541007095,60.94884335924773,5794500
2022-01-05,60.81389617919922,61.605560776662706,60.795906921761016,61.50660270197977,8084200
2022-01-06,60.36409378051758,60.57100800590505,60.21116105851925,60.38208990281718,7467800
2022-01-07,59.977264404296875,60.094218618252846,59.491472015236454,59.84232093008394,4807700
2022-01-10,59.83332824707031,59.93228633480367,59.33853780840351,59.78834480227877,7531100
2022-01-11,60.30112075805664,60.40007883964799,59.63540837022273,59.81532841120175,5911700
2022-01-12,61.16474914550781,61.20973258738708,60.86788176503726,60.957841785286206,5399300
2022-01-13,60.553016662597656,61.19174178445012,60.44506737431905,61.16475446238047,7073400
2022-01-14,60.48104476928711,60.54401746696828,60.19316859938617,60.337103252582,5361900
2022-01-18,59.52744674682617,59.82432096426694,59.38351209999696,59.64440093985319,8101200
2022-01-19,58.78976821899414,59.2485732393501,58.72679551922054,59.122627839802895,14395000
2022-01-20,58.52888870239258,59.40151544106695,58.49290331627594,58.969704534688475,6899100
2022-01-21,58.303985595703125,58.98769420969318,58.276998271804025,58.92472149942506,9964800
2022-01-24,58.052085876464844,58.09706931842426,56.99054116321286,58.00710929801503,14286300
2022-01-25,57.84518051147461,58.2769913697398,57.206451990216294,57.62926821883217,8364900
2022-01-26,57.044517517089844,58.106058766627534,56.873592110756384,58.106058766627534,8982500
2022-01-27,56.23487091064453,56.783636012222175,56.01896546751063,56.45077978553358,7608800
2022-01-28,56.45077133178711,56.459765960672726,55.57814476443306,55.88401362286353,6506000
2022-01-31,57.64726638793945,57.64726638793945,56.702668948750585,56.71166701047422,6915100
2022-02-01,57.66525650024414,57.66525650024414,57.08950408460287,57.54830915014863,6751800
2022-02-02,58.54688262939453,58.717804627644014,58.28599373747544,58.636842659553785,3617200
2022-02-03,57.32340621948242,57.99811673173902,57.269428143070044,57.78221128959978,5587300
2022-02-04,57.77320861816406,57.99811210430546,57.36838165675857,57.44934704903967,4833100
2022-02-07,57.809200286865234,58.16004921432318,57.773214901547696,57.90815838061086,4655600
2022-02-08,58.14204788208008,58.20502058486765,57.76421166535468,57.845180490944315,4644500
2022-02-09,58.94269943237305,58.951697493113585,58.65482326025986,58.744790140646565,3594800
2022-02-10,58.00710678100586,58.70880451866367,57.91713990099081,57.92613796169418,4958500
2022-02-11,57.539310455322266,58.223019015191355,57.4493504282761,58.03410089934137,11583000
2022-02-14,57.539310455322266,57.710239311167065,57.260432312426104,57.611281222363246,7318100
2022-02-15,58.178035736083984,58.24100844154718,57.83618488692809,57.83618488692809,4076100
2022-02-16,58.18703079223633,58.312976196657054,57.81818577678294,57.8271838381015,4671200
2022-02-17,57.332393646240234,57.80019328777285,57.269420947548795,57.74621864989716,5787200
2022-02-18,57.242435455322266,57.48533162877824,57.05351392146442,57.37737548607238,6155100
2022-02-22,56.78363037109375,57.22444270731226,56.59471226918073,56.89158651369102,9463900
2022-02-23,56.19887924194336,57.08050041778939,56.099921167717504,57.03552041089252,10861300
2022-02-24,55.875022888183594,55.89301557896346,54.73251276182365,55.047376271084126,16191500
2022-02-25,57.17046356201172,57.18845625210659,56.35181503734626,56.450773116990675,11623300
2022-02-28,56.621700286865234,57.03552530841259,56.450774873278284,56.576720276106016,7837900
2022-03-01,55.84803771972656,56.64869361562822,55.65012154527716,56.53174283693039,8873400
2022-03-02,56.03696060180664,56.09993331144462,55.67711360522791,55.78506633149941,5574600
2022-03-03,55.75807189941406,56.08193346869557,55.47019571155381,56.04594808727432,6012300
2022-03-04,55.03837966918945,55.173323129325105,54.741505429592905,54.82247081932335,7230500
2022-03-07,53.10420608520508,54.030810712527966,52.99625338080747,54.01281802316926,9728000
2022-03-08,52.33953857421875,53.113207100915936,52.11463509235351,52.56444205608398,14054500
2022-03-09,53.75193405151367,53.83289944509577,53.176181666820916,53.455059797794334,7410400
2022-03-10,53.52702713012695,53.86888137353,53.31111828383169,53.65297252723474,15922900
2022-03-11,52.66340255737305,53.66197461182563,52.6004298540972,53.616991167981496,5751100
2022-03-14,52.73536682128906,53.248146479124024,52.600426792874714,52.996255680680115,4843700
2022-03-15,53.599002838134766,53.73394287674262,52.93328697970234,53.01425237556905,11392200
2022-03-16,54.79548645019531,54.86745721461052,53.75193438845944,54.39065947974714,11191800
2022-03-17,55.30826187133789,55.33524919003545,54.813474915272884,54.91243299283682,7810500
2022-03-18,56.01896667480469,56.09993207566362,55.34425614489871,55.40722885314952,8713800
2022-03-21,56.0009651184082,56.31582860982589,55.80304896280012,56.10891782521503,5907500
2022-03-22,56.17189025878906,56.28884102580222,55.90200677716648,55.91999946684194,7408800
2022-03-23,55.83903884887695,56.30683852513377,55.794058836723494,56.15390236570608,5475400
2022-03-24,56.45077133178711,56.48675671083884,56.13590784447102,56.22586786034572,3229800
2022-03-25,56.4417839050293,56.52274930234979,56.108924253958904,56.27985311038831,3381800
2022-03-28,55.59613800048828,55.61413069019102,55.362239897861976,55.44320528564698,4666700
2022-03-29,56.69367599487305,56.882594115593974,56.29784706120703,56.65769061042473,4713400
2022-03-30,56.099918365478516,56.54072721550548,55.84802759403454,56.26184912762233,9557000
2022-03-31,55.42521667480469,56.12691446607769,55.3712386017241,55.902010975874305,5961500
2022-04-01,55.71308898925781,55.74907436880641,55.362240118045655,55.47918745394659,5813800
2022-04-04,56.162899017333984,56.21687708961609,55.72208667308395,55.77606474536606,5171900
2022-04-05,54.696529388427734,55.35324718310708,54.57957860994224,55.29927254054069,5356200
2022-04-06,53.87788391113281,54.12078011196093,53.61699501782611,53.93186198856857,6237600
2022-04-07,53.688961029052734,53.94085183791636,53.365099456653844,53.51803561328883,5535100
2022-04-08,53.46405792236328,53.679963351000815,53.31112176463636,53.347107146660925,4851400
2022-04-11,52.627418518066406,52.951280104181464,52.5284604298918,52.81633663271518,5837800
2022-04-12,51.93470764160156,52.474478015777215,51.83574956808163,52.411501888465374,5750800
2022-04-13,52.681396484375,52.74436918912807,52.22259142773971,52.24958218103033,5269400
2022-04-14,52.53746032714844,53.1491981374598,52.51046957285915,53.00525659926404,6082100
2022-04-18,51.9077262878418,52.20459711075544,51.772782820855184,51.98869168168277,6205700
2022-04-19,51.916717529296875,51.95270290904548,51.38594518914639,51.412935939835194,5594200
2022-04-20,52.40251159667969,52.58243506962869,52.22258812373068,52.492471617276784,6034700
2022-04-21,51.970699310302734,52.969271363232,51.934713927984305,52.83432789541536,10169200
2022-04-22,51.197025299072266,51.988686467027,51.14304723134084,51.90772108130715,8183800
2022-04-25,51.51189422607422,51.53888497867005,50.945139897885916,51.17004338957316,9450500
2022-04-26,50.42335891723633,51.22401474723127,50.405366227244286,51.20602205723923,10172500
2022-04-27,50.621280670166016,51.06208961254868,50.57630065609198,50.74722608227535,11996200
2022-04-28,51.547882080078125,51.65583480037293,50.747226160361,51.143055089278704,9540500
2022-04-29,50.93614196777344,52.123632132403614,50.86417463476052,51.72780322144521,11952200
2022-05-02,50.91815185546875,50.981124561952576,50.41437020359811,50.783211812327025,9722000
2022-05-03,51.32297897338867,51.48490977095718,50.963135425712636,51.11606816133005,7571400
2022-05-04,52.231590270996094,52.357535682386846,50.756220422797796,51.32297820581125,8781200
2022-05-05,50.801204681396484,51.69182063720176,50.477343085919976,51.64684062266449,13209300
2022-05-06,50.999122619628906,51.23302420982468,50.64827366609074,50.94514796939564,12736600
2022-05-09,49.55973434448242,50.09050673047753,49.46977431909545,50.01853596476396,9131400
2022-05-10,49.63169479370117,50.171465166412865,49.36181132322258,50.090499782093836,7341400
2022-05-11,49.09193420410156,49.955562794068356,49.064946883088524,49.38880846226481,9707500
2022-05-12,49.64069747924805,49.96455904669951,49.29884322118763,49.55973208738518,8562000
2022-05-13,50.666259765625,50.693247087229096,50.30641279604681,50.342398179355634,5384700
2022-05-16,50.39638137817383,50.60329220560387,50.23445056857546,50.37838868469007,3937300
2022-05-17,50.76521301269531,50.801198392572445,50.47733683718767,50.594287605911,4673100
2022-05-18,50.27942657470703,50.91815169951825,50.171473854173264,50.81919704088611,5409600
2022-05-19,50.711238861083984,50.981122367505606,50.468342675778025,50.468342675778025,7807200
2022-05-20,51.35895919799805,51.520889979298474,50.801199524493676,51.50289728895901,9977100
2022-05-23,51.853755950927734,52.006692131779936,51.62885242689924,51.64684512063218,7226600
2022-05-24,51.65583419799805,51.79077767060927,51.43093069814939,51.619852246156114,5665400
2022-05-25,51.7637825012207,51.907720582032134,51.36795020517336,51.36795020517336,2924600
2022-05-26,52.16861343383789,52.303553464603596,51.77278110738029,51.77278110738029,3052800
2022-05-27,52.48347473144531,52.51946011083892,52.21359124950258,52.249576628896186,2547800
2022-05-31,51.8177604675293,52.13262739887523,51.72780044814747,52.00668199903876,4690700
2022-06-01,51.84475326538086,52.56444374411042,51.691817108288696,52.50147104170627,4964800
2022-06-02,52.375526428222656,52.384521057949904,51.718808641975116,51.96170139391528,3078100
2022-06-03,51.286991119384766,51.55687805683938,51.224018415780016,51.48490729171682,3138400
2022-06-06,51.56586837768555,52.015675326850115,51.45791567077736,51.93470993873031,3561700
2022-06-07,51.72780227661133,51.736796906165544,51.12506257558707,51.12506257558707,2300500
2022-06-08,51.0530891418457,51.38594532602016,50.99911107207902,51.17003991046283,3007400
2022-06-09,50.68611145019531,51.45821380383395,50.66794396909988,51.32195942816457,3797700
2022-06-10,49.7686767578125,50.28643784724002,49.69600683258413,50.22285339521157,12990600
2022-06-13,48.3788948059082,49.078327256539524,48.26081137281838,48.92390886014845,6839000
2022-06-14,48.0518913269043,48.57873444312222,47.68854861806286,48.41523057065286,5854000
2022-06-15,48.58782196044922,48.81491029675417,47.670383141325104,48.0882248485039,12453200
2022-06-16,47.81571960449219,48.13364535481733,47.461462353778394,47.70671817314018,6355200
2022-06-17,47.28887176513672,47.55229157596389,46.98911352734667,47.343370742849324,6988500
2022-06-21,47.77938461303711,47.91563900097282,47.62496620746346,47.62496620746346,4359800
2022-06-22,47.543212890625,47.870220640124465,47.33429204290989,47.343374051465794,4038700
2022-06-23,47.833892822265625,47.97922923652438,47.49780301399726,47.788475842514785,4152200
2022-06-24,48.77857208251953,48.81490704553063,48.160891571702045,48.160891571702045,5458600
2022-06-27,48.351646423339844,48.59690223360094,48.29714397713975,48.50606828836034,4542800
2022-06-28,48.27897644042969,49.10557775619093,48.24264147894526,48.97840539099543,4698900
2022-06-29,48.060977935791016,48.23356383320976,47.91564153136123,48.160897363541466,3677700
2022-06-30,47.988311767578125,48.033728744542756,47.33429621098906,47.51596758394083,6955700
2022-07-01,48.188140869140625,48.2153938238366,47.49779390014825,47.54321087118451,5005300
2022-07-05,47.879302978515625,47.90655593455694,47.28887539571236,47.41604430692866,5572000
2022-07-06,47.87022399902344,47.942890467848244,47.597718677017376,47.8974734916961,4402500
2022-07-07,48.551490783691406,48.596907761477866,48.26081796774611,48.26081796774611,4022100
2022-07-08,48.79674530029297,48.90574673704705,48.487905008578714,48.578738961691585,3224700
2022-07-11,48.13364791870117,48.50607267199336,48.07914546757553,48.451570220867715,2243900
2022-07-12,48.15180969238281,48.40615098735136,47.99739128569927,47.99739128569927,3076900
2022-07-13,47.89746856689453,48.02463747308235,47.41604243201412,47.47054141175587,2901900
2022-07-14,47.425132751464844,47.48871721570185,46.834705088536474,47.05270797589379,4250700
2022-07-15,47.92471694946289,47.93380242260514,47.515960750472885,47.66129713491422,5483100
2022-07-18,48.01555252075195,48.45156165741609,47.96105007925921,48.288057798030465,3237100
2022-07-19,48.70590591430664,48.74224088012109,48.44248607488451,48.4515680837916,3139300
2022-07-20,48.91482925415039,49.123753585646796,48.77857832306653,48.969331705639874,3041300
2022-07-21,49.53250503540039,49.55067251746652,48.96932695172171,48.96932695172171,3068400
2022-07-22,49.68693161010742,50.177443277108736,49.49617822797132,49.95943693674374,4480400
2022-07-25,49.67784118652344,49.75051111443645,49.505255305369346,49.66875917808075,2552800
2022-07-26,49.13283157348633,49.53250578974945,49.11466409114351,49.45075385175325,3191800
2022-07-27,50.1229362487793,50.18652070368513,49.4780062261099,49.577925645274185,3820100
2022-07-28,50.531700134277344,50.613452078107834,50.013938978381994,50.35002876297702,3916100
2022-07-29,51.00404357910156,51.03129307162157,50.2773581043654,50.38636300463171,4488600
2022-08-01,51.658050537109375,51.8306398795515,51.3855452436289,51.48546465976006,5003000
2022-08-02,50.677040100097656,51.33105223161512,50.66795462509281,51.22205078721111,4891900
2022-08-03,50.568023681640625,50.69519604711069,50.20468446128982,50.50443923145192,2552200
2022-08-04,50.54986572265625,50.63161766342162,50.3136919092927,50.35910888414167,2513500
2022-08-05,50.241024017333984,50.340939973130105,49.959433237109536,50.11385164023416,3092300
2022-08-08,50.22285842895508,50.79511855456769,50.19560547171655,50.57711568721806,4977500
2022-08-09,49.72325897216797,49.97759677611338,49.66875652913994,49.92309433308535,3482900
2022-08-10,51.14937973022461,51.30379814053832,50.88595642017907,50.940458870044985,4594200
2022-08-11,51.13121032714844,51.57630152318255,51.05854039672238,51.3946336273034,3955600
2022-08-12,51.80339050292969,51.80339050292969,51.412798284760356,51.5490526734587,3663100
2022-08-15,52.01231002807617,52.06681247518066,51.830642134580444,51.85789162558621,2352500
2022-08-16,51.767051696777344,51.80338319222234,51.42187650185566,51.43095850944377,2498500
2022-08-17,51.603553771972656,51.876059077147374,51.3037955107154,51.50363435155357,4082000
2022-08-18,51.4218864440918,51.57630485859382,51.26746456449654,51.54905536546834,2159700
2022-08-19,50.531700134277344,50.72245351485075,50.413613223168156,50.64978358029334,2351200
2022-08-22,50.01393127441406,50.33185352639813,49.92309387020957,50.30460403768311,2795600
2022-08-23,50.132015228271484,50.64977630984558,49.90492691301643,49.94126187507949,3634800
2022-08-24,50.113853454589844,50.29552482050256,49.95943504587456,50.01393749517629,2006800
2022-08-25,50.68611145019531,50.68611145019531,50.17743583989408,50.29551926937531,3034300
2022-08-26,49.45075607299805,50.57711577319623,49.45075607299805,50.48628182249499,4462700
2022-08-29,48.9511604309082,49.14191379870912,48.86032648388671,48.96024590466613,3589300
2022-08-30,48.89666748046875,49.55976507778356,48.82399754181285,49.49618061400634,4059700
2022-08-31,48.678653717041016,49.15099785109786,48.678653717041016,49.01474346941292,5129200
2022-09-01,48.09731674194336,48.19723617766864,47.7703089396037,48.1063987519668,6209700
2022-09-02,47.57046127319336,48.297143218989675,47.49779481116015,48.07005489436003,5161400
2022-09-06,46.82561492919922,47.18895765857082,46.70752802238948,47.161704701557454,5610000
2022-09-07,46.75294876098633,46.79836573617458,46.1443502051658,46.17160316235323,4663300
2022-09-08,47.316123962402344,47.343373452818426,46.82561234435557,46.898282272255635,4333900
2022-09-09,48.2063102722168,48.224477754374064,47.87022051503963,47.888387997196894,5370100
2022-09-12,48.2244758605957,48.51514863351142,48.197226370976345,48.25172535021506,6672600
2022-09-13,46.63486099243164,47.52504685704025,46.616693509673134,47.35246096847399,10922400
2022-09-14,47.30704116821289,47.552293508069866,47.08903485322657,47.41604259315964,5156200
2022-09-15,46.93461227416992,47.343371942838495,46.87102782183179,47.04361716254339,3567200
2022-09-16,46.89828872680664,47.02545765304097,46.73478483162155,46.83470426368948,3814500
2022-09-19,47.052703857421875,47.134455799298564,46.52586070484452,46.52586070484452,3877600
2022-09-20,46.56219482421875,46.70753123293881,46.38052691213866,46.61669727689877,4299600
2022-09-21,46.02626037597656,46.816530247478966,45.93542643136595,46.38960308460476,5299700
2022-09-22,46.38960647583008,46.70752877030121,46.189767624966436,46.64394431140698,5896200
2022-09-23,45.45399856567383,45.73558586235412,45.17240780390079,45.64475192118488,5641100
2022-09-26,44.718231201171875,45.117905393744024,44.52747784551877,44.86356758620654,4535600
2022-09-27,44.3458137512207,44.85449291458874,44.16414237393973,44.736405999592115,5212900
2022-09-28,45.181495666503906,45.2904970946901,44.4003112568015,44.472977720561325,6345400
2022-09-29,44.7454833984375,44.881737783631436,44.38214414640859,44.78181836316828,4599000
2022-09-30,44.3730583190918,44.790903479980216,44.24588940864038,44.38214379274857,6318300
2022-10-03,45.17240905761719,45.32683092000202,44.66372996371041,44.79090233600673,5328700
2022-10-04,46.61669158935547,46.6439410798242,45.96267609736274,46.02626055185171,5520800
2022-10-05,46.126182556152344,46.34418888740211,45.771925299827906,45.97176414804911,4110000
2022-10-06,45.70833969116211,46.1261813950217,45.70833969116211,45.98993047337687,4414000
2022-10-07,45.24508285522461,45.717427026025774,45.099746453831415,45.6629245760934,4116800
2022-10-10,45.063411712646484,45.18149862221081,44.7999884009619,45.14516365540745,3597600
2022-10-11,44.60014724731445,45.11790836972026,44.5183953087718,44.781818606864014,3240400
2022-10-12,44.27314758300781,44.48206845553113,44.22772713955607,44.30947908663853,3881700
2022-10-13,44.66373062133789,44.78181752194819,43.27395116487554,43.31936813738938,6222500
2022-10-14,44.018798828125,44.881735131477015,43.96429984934225,44.75456622752692,6519900
2022-10-17,44.463897705078125,44.5910666211778,44.309475831890595,44.345810797945674,3169700
2022-10-18,44.309471130371094,44.76364776258922,44.10963576845816,44.76364776258922,4612100
2022-10-19,44.036964416503906,44.30946969398238,43.837125595976474,44.118716346256704,3546800
2022-10-20,44.000633239746094,44.572896797233106,43.92796677654538,44.191390068970364,3781700
2022-10-21,44.772735595703125,44.95440695118501,43.301200734883494,43.41020562722836,12892200
2022-10-24,44.482059478759766,44.53655845575426,44.109634787229275,44.30038813689529,5453200
2022-10-25,45.49942398071289,45.55392643458545,44.96349531212624,44.96349531212624,3839100
2022-10-26,45.762847900390625,46.07168821279857,45.51759205244078,45.52667406232332,3891600
2022-10-27,45.19058609008789,45.81734875023532,45.18150407983658,45.58117836767201,4126700
2022-10-28,45.67201232910156,45.67201232910156,45.12700162160759,45.12700162160759,3756300
2022-10-31,45.40858840942383,45.46308739626678,45.23599904417245,45.299583505551404,4453600
2022-11-01,45.753753662109375,46.19884829315965,45.57208231341349,46.189762819923835,5872400
2022-11-02,45.45399856567383,46.6439391344175,45.399496121916634,46.080761075964176,5510900
2022-11-03,45.32682800292969,45.52666335920612,45.117903708720625,45.217823119405146,3569400
2022-11-04,46.20793533325195,46.280605266681015,45.672006702038594,45.853678070518114,4596200
2022-11-07,46.47135925292969,46.58944616375194,46.28968788207081,46.51677622937111,2904000
2022-11-08,47.1435432434082,47.406963098157696,46.88920193300097,46.952786394329465,4415100
2022-11-09,46.34419250488281,46.94370563124943,46.27152256709614,46.62578331616613,3875000
2022-11-10,48.93299102783203,48.960243982943155,47.97013875286212,48.11547514144774,6381700
2022-11-11,49.90492630004883,49.959428742473975,49.34174825535961,49.53250160620863,6372500
2022-11-14,49.22366714477539,49.52342541568621,49.07833074632885,49.18733564398355,3749200
2022-11-15,49.5506706237793,49.995765254657165,49.39625222975791,49.959430291913506,3360200
2022-11-16,49.378089904785156,49.59609277382691,49.23275350372627,49.50525882257504,3337000
2022-11-17,49.287254333496094,49.332674775915464,48.87849807246783,48.87849807246783,2996600
2022-11-18,49.269081115722656,49.487083952222484,49.17824371293722,49.478001944490245,1908300
2022-11-21,48.869407653808594,49.0783285004467,48.76948823474408,48.932992108650936,1972200
2022-11-22,49.91402053833008,49.91402053833008,49.459843833641166,49.48709332709266,2729500
2022-11-23,50.48628234863281,50.640700759452805,50.01393817685903,50.068437161810486,3675200
2022-11-25,50.831451416015625,50.91320335415986,50.67703301346149,50.713367978212915,1951000
2022-11-28,50.440853118896484,50.867780240458515,50.38635414344093,50.65885941599631,2778700
2022-11-29,50.132015228271484,50.43177346765265,50.10476573927054,50.1411007013336,2403800
2022-11-30,50.68611145019531,50.88595027715235,49.71417373469235,50.02301398312927,7965500
2022-12-01,51.03129196166992,51.18571036938214,50.66794923220469,51.094876419562375,4397600
2022-12-02,50.80419921875,50.99495257589448,50.28643812644769,50.29552013460529,10397900
2022-12-05,49.741432189941406,50.386365757257366,49.58701377043458,50.150191925537904,5890500
2022-12-06,49.587013244628906,50.02302246961075,49.369006899591334,49.86860405174133,4416000
2022-12-07,49.73234558105469,49.92309895166107,49.61425867611564,49.777762555233394,3521800
2022-12-08,50.04118347167969,50.09568591715241,49.66875875701491,49.814095146515974,2374500
2022-12-09,50.19560623168945,50.57711645296711,50.1865242225345,50.28644364870468,2386600
2022-12-12,50.1865234375,50.23194041275061,49.9321856040221,50.113853505024544,3164300
2022-12-13,50.90937423706055,51.54665252700339,50.79102518411439,51.54665252700339,6082600
2022-12-14,50.863861083984375,51.40099525929279,50.49970449897604,51.127876952314615,5829200
2022-12-15,49.62571716308594,50.317620524253634,49.42543227254786,50.22657878047503,4615100
2022-12-16,49.66213607788086,49.75317782572424,49.27977115560141,49.37080943055721,3742100
2022-12-19,49.34349060058594,49.71675302369008,49.24334643072363,49.598400507226714,3185400
2022-12-20,50.04450225830078,50.57253048087388,49.935252165723654,50.090021393764204,6279300
2022-12-21,49.9716682434082,50.299411571299466,49.91704667068458,50.05360407538102,4500700
2022-12-22,49.82600402832031,50.00808403751523,49.434533224061795,49.989875689307006,3898600
2022-12-23,49.862422943115234,49.93525286630101,49.56199039364428,49.68944883677247,2062900
2022-12-27,49.63482666015625,49.853319915236774,49.525580032615984,49.68945171037022,1957300
2022-12-28,49.04306411743164,49.85331653986428,49.04306411743164,49.725861570882174,2674700
2022-12-29,49.953460693359375,50.090021573126066,49.69855075554147,49.725861542339835,2845700
2022-12-30,49.56199264526367,49.835114420058915,49.498265157248156,49.689451094182346,4266100
2023-01-03,49.7986946105957,50.354037091098114,49.68034208043435,50.11733203077541,4802700
2023-01-04,49.30708312988281,49.835114861416585,49.179628152722984,49.78048981139623,7988000
2023-01-05,48.642494201660156,48.888301718527096,48.49683087383764,48.624285851571386,3930800
2023-01-06,49.862422943115234,49.917047990170175,48.76994631222877,49.0339621636631,4643200
2023-01-09,49.9716682434082,50.41776410034628,49.944357457046394,50.07181242391802,3307100
2023-01-10,49.85331344604492,49.9079384891705,49.534676043363795,49.79869187580657,2293300
2023-01-11,50.25389099121094,50.281201776787356,50.02629185037473,50.217474295184196,4146200
2023-01-12,51.464717864990234,51.464717864990234,50.50880214482987,51.04593626916948,4269600
2023-01-13,51.68321990966797,51.70142826000369,51.28264662094533,51.31905984872904,5024200
2023-01-17,52.174835205078125,52.21124843303981,51.94723603410081,51.99275517371873,8498300
2023-01-18,52.10199737548828,52.875836574779015,52.083789026611,52.784794830392634,4175700
2023-01-19,52.07468032836914,52.20213528230041,51.89260033437288,52.06557441858146,5455300
2023-01-20,52.66644287109375,52.66644287109375,51.910815485361596,52.00185375784921,4456800
2023-01-23,52.520774841308594,52.630024925961145,52.13840996368618,52.22944822800947,4207500
2023-01-24,52.87583541870117,53.01239282296388,52.42063712538407,52.63002792356345,3058200
2023-01-25,53.51311111450195,53.5495278120479,53.04881037589717,53.12164029810163,2967500
2023-01-26,53.403865814208984,53.54042669693659,53.03060333735938,53.48580164926805,2231000
2023-01-27,53.549530029296875,53.63146586572414,53.27641173216853,53.34924165738856,3369800
2023-01-30,53.23088836669922,53.58594247205309,53.23088836669922,53.331032544698985,3389100
2023-01-31,53.412967681884766,53.431176030913136,52.92135614966871,53.10343616706492,3092000
2023-02-01,53.59504699707031,53.7498162253399,52.74837787922547,53.10343547129543,5407800
2023-02-02,53.467594146728516,53.72250409410998,53.1853699386365,53.71340165579817,5095600
2023-02-03,52.857627868652344,53.249098684649326,52.666441943176835,52.93956370160258,4618600
2023-02-06,52.375118255615234,52.42974330495118,52.02917002848373,52.3204966791669,2711300
2023-02-07,53.13984680175781,53.15805514989856,52.2294502320445,52.38421945479716,4250200
2023-02-08,52.55718994140625,52.821205761974575,52.46615167984542,52.74837237441625,3460600
2023-02-09,52.611820220947266,53.33103436671034,52.53898682613649,53.31282601800765,3748000
2023-02-10,52.91225051879883,53.08522809904024,52.73927641144491,53.01239470254123,2959000
2023-02-13,52.88493728637695,52.88493728637695,52.33870072944001,52.375113953118436,4087500
2023-02-14,52.62092590332031,52.91225255475102,52.229455064293866,52.338705163246104,4342200
2023-02-15,52.10199737548828,52.11110328637064,51.80156830123184,51.8743982238535,3485900
2023-02-16,51.92902374267578,52.19303959446581,51.67411032896343,51.71963293801428,3376500
2023-02-17,51.91081619262695,51.98364611703183,51.5739704123684,51.737842083388784,1972600
2023-02-21,51.273536682128906,51.64679915247448,51.24622589521427,51.482927485211796,3245900
2023-02-22,50.89117431640625,51.19160340613962,50.77282177905062,51.173395056324324,2807700
2023-02-23,51.4009895324707,51.41009544299181,50.87296132752799,51.064143773823425,2875400
2023-02-24,50.63625717163086,50.809234745723714,50.472385508220455,50.58163559908564,3795100
2023-02-27,51.1187744140625,51.23712348069357,51.00952431317395,51.16429355298889,2106700
2023-02-28,50.92758560180664,51.12787396925238,50.79102819272885,50.86385811632618,4853200
2023-03-01,51.009525299072266,51.209813681684714,50.882070318459895,51.02773364957228,5942200
2023-03-02,51.06414794921875,51.13697787490615,50.745510512672126,50.763715389428285,4457500
2023-03-03,52.238555908203125,52.32959417561111,51.628588403330276,51.746940929270494,8397400
2023-03-06,52.238555908203125,52.41153000543322,52.13841173032197,52.24765834578901,5144800
2023-03-07,51.77425003051758,52.51167247492559,51.73783680847141,52.438839085058895,5951700
2023-03-08,52.41153335571289,52.557196676609216,52.19304011081215,52.30228673326252,8046700
2023-03-09,52.32049560546875,52.94866803194682,52.2203514201851,52.857629757809434,5245600
2023-03-10,51.692317962646484,52.338702189616114,51.62859047832218,52.19303887217664,9355700
2023-03-13,51.200706481933594,51.728734705783914,51.191600571086425,51.42830563268867,9131200
2023-03-14,51.05504608154297,51.10056521971737,50.69088603037253,50.754613518394216,6264400
2023-03-15,50.017181396484375,50.19015895045489,49.671233234317285,50.099117218658044,12286100
2023-03-16,51.036834716796875,51.04593715473899,50.3813480525667,50.41776475011003,7071500
2023-03-17,50.71819305419922,51.10966386464029,50.71819305419922,51.01862559504871,5380200
2023-03-20,51.45561981201172,51.6012831391833,51.237123084810506,51.28264569627285,6567400
2023-03-21,51.77425003051758,51.792458377984254,51.48292341682514,51.65590098131496,4640900
2023-03-22,51.62859344482422,52.35691007386958,51.59217674515004,51.756048420796205,6112900
2023-03-23,51.8561897277832,52.3387022894428,51.665007274445635,52.08378887877195,7151300
2023-03-24,52.01095962524414,52.02006206333028,51.674110376969786,51.8835046547133,4123000
2023-03-27,52.238555908203125,52.293177479493,52.02916511485492,52.0837866861448,3751800
2023-03-28,52.33869934082031,52.38421847387615,52.23855516436513,52.320490993020535,3848900
2023-03-29,52.53899383544922,52.63003559110872,52.44795555267759,52.511683045195305,5225400
2023-03-30,52.78479766845703,52.89404429470707,52.72107018040387,52.76658931860075,4902900
2023-03-31,53.431175231933594,53.449383580689684,52.94866614500315,52.98508284251533,8427600
2023-04-03,53.67698287963867,53.68608879048568,53.331034670976,53.43117538008103,8723300
2023-04-04,53.658775329589844,53.79533621122828,53.50400957176126,53.54952870801158,5677000
2023-04-05,52.857627868652344,53.17626528963248,52.71196455150607,52.994185274977795,6077000
2023-04-06,52.63002395629883,52.75747891315805,52.502565526552495,52.64823230340545,6155300
2023-04-10,52.520774841308594,52.520774841308594,52.12020161624409,52.12020161624409,5444200
2023-04-11,52.69375228881836,52.77568811568265,52.54808898249152,52.69375228881836,4389200
2023-04-12,52.866729736328125,53.15805636747821,52.7665855557039,53.1216396703626,3776700
2023-04-13,53.604156494140625,53.67698642128487,53.29462148978033,53.29462148978033,4864400
2023-04-14,53.20357894897461,53.658777273745436,53.01239648606389,53.4402840226725,4492400
2023-04-17,53.35834503173828,53.376553380399486,53.121639972030025,53.212681715336046,2705200
2023-04-18,53.67698287963867,53.79533541043771,53.522217124113915,53.73160792605841,3137900
2023-04-19,53.24909973144531,53.331035566006285,53.13984963677236,53.19447468410883,4101500
2023-04-20,53.42207336425781,53.549528334023556,53.230890909609194,53.230890909609194,3552400
2023-04-21,53.722496032714844,53.74070437949375,53.36744195274372,53.604146987982496,6477200
2023-04-24,53.6951904296875,53.713398778223215,53.46759128232215,53.48579963085786,3369900
2023-04-25,53.321929931640625,53.704298319204725,53.29461914427444,53.667881620791476,5477100
2023-04-26,53.130741119384766,53.44937851017001,53.07611607829855,53.43117016314127,6306400
2023-04-27,53.99562454223633,54.03203776747985,53.54952867235032,53.62236206861231,5940500
2023-04-28,53.5677375793457,53.58594592860085,53.13985005406857,53.285513375222216,8999100
2023-05-01,53.50400924682617,53.62236177866822,53.36744836601708,53.48580089785913,4921300
2023-05-02,53.05791091918945,53.09432761543499,52.72106516113651,52.94866430334015,6373500
2023-05-03,53.37655258178711,53.71339834476105,53.321927536620784,53.4129658056773,7567100
2023-05-04,53.4766960144043,53.667878460484545,53.321926791705536,53.321926791705536,4384000
2023-05-05,54.1959114074707,54.27784724480199,53.722504733210776,53.768027343974076,7127000
2023-05-08,54.07756042480469,54.150390348244144,53.98651867939602,54.08666286290182,4012600
2023-05-09,54.660213470458984,54.71483504458345,54.432614317240436,54.478133453306654,12314000
2023-05-10,54.38709259033203,54.5691691259233,54.17769832320493,54.5691691259233,5274200
2023-05-11,54.5418586730957,54.56006702134344,54.259634484586805,54.49633953892003,4593400
2023-05-12,54.805870056152344,55.06077996511488,54.59647927766353,54.99705248787425,4825100
2023-05-15,55.13361740112305,55.179136534939644,54.83318486673636,54.83318486673636,6085500
2023-05-16,55.02437210083008,55.27928552358325,54.99706131274094,55.19734968642823,6518600
2023-05-17,55.39763259887695,55.46136008405602,55.17003344526959,55.288385977553915,7119000
2023-05-18,55.40673828125,55.543295689118544,55.17003321765792,55.51598490212233,7947700
2023-05-19,55.497772216796875,55.515980564334114,55.22465394951265,55.22465394951265,9201200
2023-05-22,55.74357986450195,55.85282647716213,55.61612490425055,55.65254159943301,6471100
2023-05-23,54.94243621826172,55.1882437295236,54.85139794278143,54.90602299180216,15764500
2023-05-24,54.35978317260742,54.56007154705894,54.32336647309121,54.550965635736084,8184200
2023-05-25,54.669315338134766,54.714834473726064,54.44171618729084,54.714834473726064,9127500
2023-05-26,54.85139083862305,54.997054144258264,54.596480921983215,54.64200005382788,5308400
2023-05-30,54.496341705322266,54.70573250916417,54.35978082447919,54.6875241601926,5522900
2023-05-31,54.02293014526367,54.08665762443379,53.64966770745852,53.95009675599089,7626200
2023-06-01,55.37942123413086,55.397626108145474,54.86049202965058,54.90601463334832,11298100
2023-06-02,56.44459533691406,56.526531178738,56.24430695181382,56.44459533691406,14769000
2023-06-05,56.244300842285156,56.672188355651805,56.21699005560641,56.61756330940688,8439900
2023-06-06,57.39139938354492,57.427816079062005,56.899784412726035,56.93620110824312,11346500
2023-06-07,55.9164924621582,56.521490437450744,55.898158766325714,56.20982460188823,10400700
2023-06-08,56.393150329589844,56.466481606068136,55.760653645687434,55.8706523088021,14393100
2023-06-09,57.03482437133789,57.16315674748763,56.8789897025882,57.09899055941276,5957300
2023-06-12,57.39231872558594,57.41981751948469,57.190651578875766,57.2639863583321,5143200
2023-06-13,58.21731948852539,58.51065513714161,58.11648940248288,58.3731541611276,10623300
2023-06-14,58.483150482177734,58.76731752262699,58.079819663909866,58.51981787387343,9214700
2023-06-15,58.40065002441406,58.48314990651986,57.84148454534089,57.878151936675664,9803400
2023-06-16,57.84148406982422,58.45565063085047,57.80482017558576,58.45565063085047,5663500
2023-06-20,57.04398727416992,57.2914869172679,56.943153697708354,57.190653340806335,11658700
2023-06-21,57.722320556640625,57.87815172404859,57.465652315035015,57.57565448863523,6679600
2023-06-22,57.24565124511719,57.465648584445916,57.208983856297515,57.29148373274445,3493100
2023-06-23,55.83399200439453,55.94399068146191,55.69649103546413,55.870659395681955,6295800
2023-06-26,55.83399200439453,55.962324377105624,55.760660718614574,55.85232570003824,4205700
2023-06-27,56.04482650756836,56.09065900011895,55.71482696633205,55.888995333537345,4398900
2023-06-28,56.66815185546875,56.80565281452763,56.42065222723956,56.530650896409874,4924500
2023-06-29,56.38399124145508,56.48482482330946,56.26482745998631,56.32899364902181,5542200
2023-06-30,56.74148941040039,56.86065318417046,56.47565607483057,56.521488564495584,6036300
2023-07-03,56.9156494140625,57.20898151904661,56.90648431562935,56.998149287138936,4219400
2023-07-05,56.448158264160156,56.54898834446251,56.37482348198222,56.53982324508771,6195000
2023-07-06,55.705657958984375,55.79732293765558,55.37565844089637,55.760659044263974,9312900
2023-07-07,56.503150939941406,56.75981566165241,55.9806529011471,55.9806529011471,6669900
2023-07-10,56.420654296875,56.44815658777241,56.145655865464335,56.145655865464335,6002300
2023-07-11,56.66815185546875,56.67732045102982,56.27398616941426,56.37481973981815,6165800
2023-07-12,57.062320709228516,57.401485331128605,56.7598199812241,56.80565596798465,10371200
2023-07-13,57.914817810058594,57.96981889561918,57.786485440545384,57.86898532048885,10043100
2023-07-14,57.2181510925293,57.45648563196568,57.17231860318993,57.33731836224749,8611500
2023-07-17,57.24565124511719,57.30981742715429,56.94315053254686,57.04398410340364,9922700
2023-07-18,58.03398895263672,58.098155141674745,57.77732069968955,57.88732287815049,9942900
2023-07-19,58.04315185546875,58.17148422868734,57.91481948225016,58.07065065064562,6073400
2023-07-20,57.273155212402344,57.456488676268435,57.153987936370136,57.33732140023623,7279000
2023-07-21,57.20899200439453,57.36482668067586,57.10815841917634,57.30065699270461,7566200
2023-07-24,57.29148483276367,57.4289857950802,57.117319977718175,57.208984954732706,6047300
2023-07-25,57.36482238769531,57.419819977847474,57.144821536701976,57.144821536701976,5303100
2023-07-26,57.5939826965332,57.78648123679948,57.40148065947236,57.447313145707966,4351700
2023-07-27,58.06148147583008,58.47398085850415,57.96981650047791,58.22648122889971,13156000
2023-07-28,58.3914794921875,58.73064408849078,58.3731457982259,58.54731064566929,5952100
2023-07-31,58.13481521606445,58.34565096252394,58.024816541629576,58.04315023683453,9700000
2023-08-01,57.44731521606445,57.74065083149195,57.38314903366319,57.676481152296006,6392400
2023-08-02,56.36566162109375,56.88815973534962,56.32899422789806,56.75982385916468,11902000
2023-08-03,56.09065246582031,56.16398724279413,55.73315417005954,55.797320351514315,4987000
2023-08-04,56.63148880004883,57.09898929918473,56.56732261339016,56.64982249577915,5821200
2023-08-07,57.108154296875,57.16315538396795,56.93398943293972,57.08982060117736,4209400
2023-08-08,56.60398864746094,56.63148744199953,56.35648900622913,56.51232366780241,4519600
2023-08-09,56.10898971557617,56.43898923928048,56.0264898346501,56.393156749164845,4421300
2023-08-10,56.34732437133789,57.007319923266884,56.310656980454375,56.768988876113745,7154400
2023-08-11,56.255653381347656,56.503153013563995,56.20065579427383,56.35648695337595,5682800
2023-08-14,55.751487731933594,55.797320219036095,55.42148822992419,55.52232179962647,5623600
2023-08-15,55.15565490722656,55.421488227923945,55.06398993302487,55.421488227923945,9804200
2023-08-16,54.468162536621094,54.944828142905,54.45899743700571,54.74316448021198,6043100
2023-08-17,54.238990783691406,54.77065742122073,54.15649440558644,54.71565633902282,7489700
2023-08-18,54.376495361328125,54.5139963275808,54.11983062090429,54.14732941543689,3962600
2023-08-21,54.422325134277344,54.51399360613446,54.174825505455104,54.37649264674611,3872200
2023-08-22,54.68815994262695,55.008990860852975,54.64232745385105,54.9998257618157,5166200
2023-08-23,55.412322998046875,55.58648784733565,55.137324579298166,55.14648967797879,5227400
2023-08-24,54.68815994262695,55.256490496396516,54.66982624775764,55.11899303006883,5996800
2023-08-25,54.97233200073242,55.173995669168015,54.568997670271095,54.908165811212676,4403800
2023-08-28,55.62316131591797,55.67816240439783,55.43982785111344,55.45816154727339,3398800
2023-08-29,56.008155822753906,56.04482321335715,55.17399191890165,55.19232561420327,4342000
2023-08-30,55.907325744628906,56.053991810249265,55.77898987751561,55.898157148580545,4736900
2023-08-31,56.503150939941406,56.57648571574145,56.31065239865815,56.365653480508186,6259000
2023-09-01,56.86982345581055,57.309821663789585,56.649822603423566,57.309821663789585,5084100
2023-09-05,56.8973274230957,57.053162102867645,56.84232633080056,57.03482840543593,4909600
2023-09-06,57.04398727416992,57.33731940744275,56.89732120753351,57.23648583098118,5076100
2023-09-07,57.04398727416992,57.11732205588556,56.888156108216485,57.06232096959883,5362900
2023-09-08,56.47565460205078,56.65898805272466,56.402319823063344,56.530652189496635,5631100
2023-09-11,57.126487731933594,57.199822514389595,56.897321781950936,56.97065656440693,6489500
2023-09-12,57.11731719970703,57.263983253873725,57.016483631818446,57.016483631818446,3647200
2023-09-13,57.089820861816406,57.22732183177906,56.97982218392324,57.0806557623232,5859900
2023-09-14,58.06148147583008,58.14398135236489,57.804816747408275,57.92398051600716,5157200
2023-09-15,57.740657806396484,58.11648984734387,57.71315551290612,57.9606551735488,4669900
2023-09-18,57.878150939941406,57.905649734571476,57.57565370862614,57.74065346999623,4545200
2023-09-19,58.16231918334961,58.33648404762335,58.06148560521406,58.21731677375452,4046800
2023-09-20,57.38315200805664,58.024817362123954,57.36482180938731,57.77731771854964,8085700
2023-09-21,56.493988037109375,56.86982003570558,56.47565434244679,56.65898779227793,5039800
2023-09-22,56.64982223510742,56.98898686257042,56.62232344003593,56.81482199912616,6319700
2023-09-25,56.57648849487305,56.60398728875156,56.237320385329205,56.39315504316187,6078300
2023-09-26,55.705657958984375,56.145656150836786,55.65982546964877,56.00815518603518,8765700
2023-09-27,55.94398880004883,56.310655707002184,55.71482285740167,56.28315691285886,8211500
2023-09-28,56.05398941040039,56.15481948505173,55.63232143009933,55.65065512461631,8296900
2023-09-29,55.26565933227539,55.79732249861562,55.109824673606774,55.75149000964065,9032600
2023-10-02,54.78899383544922,55.054827167411965,54.605660382481986,54.99982608248337,6944400
2023-10-03,53.83566665649414,54.52316453333872,53.55149960855217,53.881499148924775,15392600
2023-10-04,53.24899673461914,53.26733042901321,52.89149843592155,53.09316208066693,8756900
2023-10-05,54.29399108886719,54.37649096258607,53.95482649548716,54.147325035233024,6329000
2023-10-06,54.431495666503906,54.504826949804034,53.716495547757674,54.00982767454774,7078600
2023-10-09,54.58732604980469,54.69732472158209,54.10149537739266,54.1106604763763,5133500
2023-10-10,55.302330017089844,55.5039936799538,55.073164061766505,55.12816165309532,5054700
2023-10-11,55.16482925415039,55.384826613889,54.9448283976168,55.293161630130406,5427400
2023-10-12,55.302330017089844,55.742328231695254,55.10982795705406,55.742328231695254,6965100
2023-10-13,54.61482620239258,55.05482436907275,54.50482403812659,54.95399080022622,5528100
2023-10-16,54.78899383544922,54.816492629516134,54.42232692951475,54.43149552540024,7738800
2023-10-17,54.89899826049805,55.13733282336514,54.46816512540417,54.46816512540417,5662900
2023-10-18,54.03733444213867,54.63316384419406,53.936500859552126,54.58733135123519,4984400
2023-10-19,53.643165588378906,54.28483094286663,53.55149711099788,54.01899760365395,7199200
2023-10-20,53.285667419433594,53.716497025562084,53.27649882327211,53.59733324982169,4356800
2023-10-23,53.15733337402344,53.5056630877067,52.79983156767257,52.9464976304852,6251500
2023-10-24,53.49649429321289,53.52399308534234,53.2306609799798,53.3039957547177,5974600
2023-10-25,53.285667419433594,53.69816682682885,53.23983492901076,53.65233083961114,6311500
2023-10-26,52.561500549316406,52.964831348024454,52.43316818139997,52.85483267506676,5833100
2023-10-27,53.001495361328125,53.37732734205198,52.87316300158748,53.368162243553876,4639600
2023-10-30,53.395668029785156,53.404833129483734,52.94650121506498,53.212334564658654,6445900
2023-10-31,54.0464973449707,54.110663531863715,53.66150022361265,53.8356650884944,6625300
2023-11-01,54.97233200073242,54.98149710060878,54.4406652912316,54.477332684327195,7375200
2023-11-02,55.870662689208984,55.90733008265792,55.33899597458469,55.49483064834513,7777800
2023-11-03,56.833160400390625,57.06232636974704,56.3748284616778,56.51232944200972,7668900
2023-11-06,56.09982681274414,56.35649156487674,55.98982813280089,56.31982417263065,5945300
2023-11-07,55.58649444580078,55.650660634565924,55.265663501975084,55.39399587950536,5801700
2023-11-08,54.66982650756836,54.981492328238254,54.5506592387489,54.88065875437523,6847800
2023-11-09,54.89899826049805,55.513164867767735,54.88066456360095,55.45816377707645,6913000
2023-11-10,55.43065643310547,55.43065643310547,54.84399221003855,55.091488337999294,4877800
2023-11-13,55.403160095214844,55.503993675035375,55.04566176442931,55.1281616482102,4932600
2023-11-14,56.503150939941406,56.54898342641914,55.93482041466936,55.95315410861937,5383200
2023-11-15,56.08148956298828,56.39315538374113,55.96232229413711,56.25565441992864,6442900
2023-11-16,56.27398681640625,56.37482038796944,56.09982196348462,56.200655535047815,5943000
2023-11-17,57.153987884521484,57.208988972669914,56.86982433774205,56.93399052551773,5164600
2023-11-20,57.16315460205078,57.21815219159652,56.87898756781665,56.915654958710384,7476200
2023-11-21,56.9248161315918,57.31898181452431,56.83315115747501,57.208983146225236,4413800
2023-11-22,57.28232192993164,57.30982072473133,56.97982119995558,57.1998220487377,4539100
2023-11-24,57.39231872558594,57.41981751948469,57.20898527373985,57.25481776250268,1370400
2023-11-27,57.34648513793945,57.41981641919585,57.19065048297824,57.2548166653756,4047000
2023-11-28,57.337318420410156,57.51148677558914,56.96148641257443,57.053154888140945,4405400
2023-11-29,57.28232192993164,57.45648679165446,57.126487266878705,57.27315333380184,4010400
2023-11-30,57.39231872558594,57.456484909212854,56.851486965877086,57.43815121434877,6671800
2023-12-01,57.94231414794922,57.95148274355135,57.153982772309966,57.172316466719565,4504400
2023-12-04,57.062320709228516,57.33731914581764,56.94315343788179,57.12648689453948,4531300
2023-12-05,56.85148620605469,57.06231844898174,56.805653717904406,56.89731869420497,3818100
2023-12-06,57.44731521606445,57.90564708852756,57.428985018345244,57.8414809061263,6475100
2023-12-07,57.8873176574707,58.2448159632395,57.28231971767857,57.52981585490718,8769600
2023-12-08,57.548152923583984,57.59398891156036,57.208988292687415,57.273154479700416,5921300
2023-12-11,57.878150939941406,57.933152025996385,57.68565238394125,57.73148487392298,5440800
2023-12-12,57.795650482177734,57.813984177346335,57.41065337402155,57.54815084259384,3133900
2023-12-13,58.67565155029297,58.712318941370064,57.53898690446702,57.71315176689093,5657400
2023-12-14,58.409820556640625,58.60231912233622,58.1439872058448,58.226487090685055,12694800
2023-12-15,57.9056510925293,58.40981898453616,57.859818601472746,58.373151592972945,7283200
2023-12-18,57.795650482177734,57.960650241900325,57.62148562326824,57.91481775237623,5017600
2023-12-19,57.96982192993164,58.28148777083216,57.83232095723039,58.06148691386915,5975500
2023-12-20,57.67701721191406,58.35556993842411,57.5747689093423,58.30909440430676,11485200
2023-12-21,58.680908203125,58.70879281558091,58.29980313418438,58.30909682305098,5742800
2023-12-22,58.8668098449707,59.11777843152736,58.73667338879483,58.84821892265986,4500000
2023-12-26,58.84822463989258,58.9504694037517,58.61584340721455,58.662318944578914,3942900
2023-12-27,59.17354965209961,59.21073149574963,58.92257752624564,58.93187476008603,4275100
2023-12-28,59.526771545410156,59.731268144680676,59.48029601262755,59.54535892183851,4144200
2023-12-29,59.619728088378906,59.74986101046817,59.452413318305226,59.59184347531869,7236500
2024-01-02,59.080604553222656,59.44311870076797,58.96905901101169,59.0898982421455,6828000
2024-01-03,58.75526428222656,59.02482733681744,58.541473994540794,58.838921659656286,7952800
2024-01-04,58.615840911865234,58.97835505207329,58.569361830623336,58.60654367727443,3649500
2024-01-05,59.05271530151367,59.66620513474821,58.9876488426899,59.08060345947819,6507600
2024-01-08,59.91717529296875,59.935769762665835,59.08989868425645,59.19214699245346,5785500
2024-01-09,59.55466079711914,59.712678330065806,59.46170972431007,59.52677618444765,5218800
2024-01-10,60.62361145019531,60.800223439873484,60.530660384153244,60.632908684313044,11832800
2024-01-11,61.16273880004883,61.255689867972954,60.66079452320424,61.153441565742845,9210400
2024-01-12,61.74834442138672,62.0829739799864,61.65539334215631,61.850592736054,9227000
2024-01-16,61.292869567871094,61.887764891814946,61.15343942500983,61.82269843737458,11987500
2024-01-17,60.53065490722656,60.549242282068455,60.18672819310709,60.37263030837046,10639400
2024-01-18,61.0976676940918,61.11625506957745,60.74444373446208,60.78162557714475,11142900
2024-01-19,61.25569152832031,61.25569152832031,60.67938354483072,60.9396493787576,11186000
2024-01-22,61.980712890625,62.13873040191937,61.80410091228936,61.86916736351123,8696500
2024-01-23,61.43229293823242,61.46947478263607,61.153439742772576,61.2556880419547,7538600
2024-01-24,61.506656646728516,61.86917076514053,61.46018465999284,61.65538402439072,15995500
2024-01-25,61.27428436279297,61.55314469067104,61.088382205349404,61.55314469067104,11018600
2024-01-26,60.78163146972656,60.99542531295071,60.70726777715189,60.7909287042264,6299800
2024-01-29,61.506656646728516,61.61820217997517,61.11625791793276,61.22780345117941,8571500
2024-01-30,61.283573150634766,61.413706061249826,61.17202761651683,61.36722698243941,8448000
2024-01-31,61.54384231567383,62.19451399581326,61.41370939798837,61.85988446699004,11841400
2024-02-01,62.20380783081055,62.22240230113336,61.61820966646786,61.85059090351517,8340200
2024-02-02,61.82270431518555,61.84129169320214,61.42300831656159,61.61820769844134,8473400
2024-02-05,61.5252571105957,61.72975372895415,61.27428140926038,61.5903235717359,9790800
2024-02-06,61.515953063964844,61.515953063964844,61.16273618427457,61.17202632647134,9294500
2024-02-07,61.869171142578125,61.94353483186289,61.72974808980886,61.83198929793574,9171300
2024-02-08,61.711151123046875,61.72044835675897,61.31145517396397,61.627497294772326,6381900
2024-02-09,61.934242248535156,61.95283671810851,61.60890994812415,61.67397640820635,7062200
2024-02-12,62.25027847290039,62.46406521063242,62.0643692534469,62.08296372124804,4820800
2024-02-13,62.0364875793457,62.51054724674759,61.82270083149618,62.41759617847771,6513600
2024-02-14,62.278167724609375,62.29675510208428,61.95283543095758,62.0829683484183,7384000
2024-02-15,62.87306213378906,62.92883135707971,62.43618430678029,62.46406891842562,8261900
2024-02-16,62.86376190185547,63.1519194224452,62.677859771942856,62.817289915233154,12441100
2024-02-20,63.14262771606445,63.28205787156074,62.90094925265171,63.189106798467314,6052000
2024-02-21,63.012489318847656,63.18910130657406,62.80799272078796,63.00319208483266,5548300
2024-02-22,64.04425811767578,64.1093245679544,63.8025796916218,63.93271259217905,8163300
2024-02-23,64.14652252197266,64.3417219218383,64.10934067080116,64.13722528625154,6588200
2024-02-26,64.13722229003906,64.3881909090813,64.04427121230907,64.3881909090813,7376300
2024-02-27,64.30452728271484,64.37889097026947,64.17439437535002,64.21157621912734,8569600
2024-02-28,63.830474853515625,63.97920224543453,63.75611115755618,63.830474853515625,7659000
2024-02-29,64.24876403808594,64.49043540754673,63.96990372967765,64.36959972281633,7563900
2024-03-01,65.37348937988281,65.43855584066834,64.8994296846098,65.03885984106802,8225000
2024-03-04,64.99237823486328,65.15969299777429,64.9087243992638,65.06674192764864,6406600
2024-03-05,65.3456039428711,65.7824746930861,65.2247611659988,65.64305163009847,9841700
2024-03-06,66.3401870727539,66.59115564667482,66.15427785900566,66.31229537190814,8644200
2024-03-07,66.31230163574219,66.39596256275932,66.11710226165161,66.2286478004371,6776600
2024-03-08,66.16358184814453,66.70270798549396,66.09851538961699,66.62834429240188,8613300
2024-03-11,64.69493865966797,64.96450176099856,64.54621834717938,64.89013805889779,18476800
2024-03-12,65.04814910888672,65.10391832795447,64.4439565660439,64.67633776777487,9823900
2024-03-13,64.48114776611328,64.61128069062914,64.21158468198398,64.32312313630472,8687100
2024-03-14,64.19298553466797,64.80647535558302,63.96990155056795,64.75999627519418,10113800
2024-03-15,64.66703796386719,64.73210441409736,64.38817769618859,64.54620229678576,11684600
2024-03-18,65.67092895507812,65.72669817408438,65.33629945761771,65.53149881585104,17599700
2024-03-19,65.9218978881836,66.05203079437497,65.53149916960945,65.61515299857041,7411300
2024-03-20,66.43314361572266,66.47961560421098,65.86613287749665,66.01485316905602,7308500
2024-03-21,66.76776885986328,66.86071992259832,66.60975134404256,66.62833871990497,10859900
2024-03-22,66.75847625732422,66.99085747613859,66.68411256529274,66.96297286455479,5768000
2024-03-25,65.98697662353516,66.16358863983002,65.89402554348469,65.93120739384744,10403300
2024-03-26,66.2751235961914,66.53538941541181,66.25652912812612,66.44243835022048,7997800
2024-03-27,66.56327819824219,66.56327819824219,66.2565332813423,66.45173265799346,8787000
2024-03-28,66.32159423828125,66.47961175507393,66.05203119049351,66.05203119049351,11319700
2024-04-01,65.3270034790039,65.44784624478781,65.13180411702022,65.31770624508708,8227900
2024-04-02,64.99237823486328,65.01097270391566,64.66704594356744,64.9551963884706,10632000
2024-04-03,65.43855285644531,65.55009130315547,64.9459058055767,64.9459058055767,11686900
2024-04-04,64.75999450683594,65.80106489039485,64.72281266188257,65.80106489039485,11481200
2024-04-05,64.94590759277344,65.1132223591549,64.69493189734511,64.80647743883684,11909900
2024-04-08,65.27123260498047,65.54079564804493,65.2433479956482,65.33629905732627,6555400
2024-04-09,65.51290893554688,65.82894395344897,65.2526360428078,65.82894395344897,7474900
2024-04-10,64.49044036865234,64.76930069851274,64.23947174514822,64.59268868348697,9035000
2024-04-11,65.05744171142578,65.16898724549148,64.38818269045507,65.0295571008373,8337200
2024-04-12,64.19298553466797,64.750706132486,64.12791907715079,64.65774797170833,7815300
2024-04-15,63.92341995239258,64.89942386841975,63.821178744645756,64.73210911400686,8202700
2024-04-16,63.03107833862305,63.328526009453185,62.863763580549104,63.16121125137924,8224500
2024-04-17,62.361820220947266,62.67786236492739,62.12943900308704,62.59420143880749,9147300
2024-04-18,62.17591857910156,62.668565630219426,62.10155488678249,62.44548164497421,7985400
2024-04-19,61.80410385131836,62.14803059082408,61.673970942686275,62.017897682192,8553700
2024-04-22,62.436187744140625,62.62209698486452,62.01790436300858,62.120152672478625,6622900
2024-04-23,62.575618743896484,62.66856981965316,62.194517205780365,62.2131045842467,7323800
2024-04-24,62.845184326171875,63.003201870411395,62.58491846702143,63.003201870411395,6188300
2024-04-25,61.869171142578125,61.97141944241674,61.1999121224387,61.34863950100823,5284800
2024-04-26,62.39899826049805,62.47336194768804,62.082963227507896,62.082963227507896,7598400
2024-04-29,62.96601486206055,63.18910594452465,62.71504625892868,62.8544764125407,6871000
2024-04-30,62.529136657714844,63.309941258346704,62.529136657714844,63.18910557483642,6198000
2024-05-01,62.38041687011719,63.13332977295303,62.29675594107308,62.59420362666237,7950900
2024-05-02,63.64457321166992,63.74682152149954,63.15192613251585,63.533027666843324,6796000
2024-05-03,64.37889099121094,64.47184205482867,63.91412858141068,64.31382453750736,6222500
2024-05-06,64.75999450683594,64.81577082012188,64.53691052882752,64.57409237378089,3575500
2024-05-07,64.05355072021484,64.25804019794151,63.95130243549617,64.15579191322283,6954800
2024-05-08,63.244873046875,63.30064226976339,62.947425371950324,62.95672260633571,7164900
2024-05-09,63.52372360229492,63.52372360229492,62.910240900986324,62.94742274526437,6728900
2024-05-10,63.16120147705078,63.45864910185028,63.04966305007021,63.43076449510513,4261900
2024-05-13,62.91023635864258,63.11473294155061,62.80798806718856,63.040369258363846,4876900
2024-05-14,63.402889251708984,63.41218648590064,63.096144348790716,63.17980527309198,4711800
2024-05-15,64.10932922363281,64.11862645769385,63.57950034954129,63.774699714552725,9293500
2024-05-16,63.45866394042969,64.07215379911867,63.44007656215688,64.07215379911867,7235000
2024-05-17,63.88624572753906,64.08144509401524,63.75610572484318,63.923420480638725,4290300
2024-05-20,64.34172058105469,64.54621721238006,64.2115876505227,64.23017502986463,4019700
2024-05-21,63.96989440917969,64.15579652655754,63.79328243347289,64.03496085943306,3046500
2024-05-22,63.226280212402344,63.458661436059934,63.11474176374248,63.30064390598369,4191700
2024-05-23,62.94742965698242,63.86765735584348,62.82658687688214,63.83977274250109,4825800
2024-05-24,63.63526916503906,63.73751746392383,63.46795441156504,63.53302086615429,3952800
2024-05-28,63.9977912902832,64.2487669977545,63.8211863724206,64.21158514880644,3374000
2024-05-29,62.71503829956055,63.04966778907559,62.64997184836103,63.00318871319966,6813000
2024-05-30,63.26346206665039,63.449371300625664,63.077559924387266,63.26346206665039,4101600
2024-05-31,64.10932922363281,64.18369291269765,63.61668219407371,64.09073475551074,5484300
2024-06-03,64.50901794433594,64.67633268008909,64.27663676088495,64.54619978469341,6184600
2024-06-04,64.58338928222656,64.78787879087106,64.3788926818703,64.64845573763886,3651300
2024-06-05,64.3974838256836,64.41607829501018,63.85835768260733,64.14651522347205,5379900
2024-06-06,64.36029815673828,64.37889262496064,64.127916945941,64.35100801433886,4391900
2024-06-07,63.88624572753906,64.17439616018792,63.79328756965461,63.923420480638725,3652800
2024-06-10,64.4532470703125,64.5369079910958,64.12791480440305,64.15579941409364,3371300
2024-06-11,63.73128890991211,63.87175013420889,63.515921224257724,63.843659318180464,3848000
2024-06-12,64.04029846191406,64.63022699677497,63.965384860744805,64.41485932360612,5941300
2024-06-13,62.879173278808594,63.14136376817854,62.64507360699185,63.14136376817854,4839200
2024-06-14,62.86043930053711,62.97280971132293,62.59824881952499,62.8042576672216,4767000
2024-06-17,62.37351608276367,62.448429691083994,61.84913511283125,61.933407564075424,4484500
2024-06-18,62.420345306396484,62.439070138328695,62.148788806367705,62.16751363829992,8101100
2024-06-20,62.25178527832031,62.373514530695616,61.99895364256929,62.223687317783195,4028300
2024-06-21,61.811676025390625,61.94277126303116,61.73676241983756,61.914680446987425,4106800
2024-06-24,62.27988052368164,62.61698463255272,62.27051453616988,62.40160978471361,3009800
2024-06-25,63.263092041015625,63.356737623608865,62.99153556863604,63.150728772551595,5499100
2024-06-26,63.028995513916016,63.21627954428095,62.94472305836825,63.047727489030144,3634200
2024-06-27,63.34737014770508,63.525281033310094,63.2069089212713,63.26309055418292,3628500
2024-06-28,63.899845123291016,64.25568120063511,63.64702061836951,63.871754305428084,4208000
2024-07-01,63.47846984863281,63.95603519440977,63.38483140581416,63.81557395810417,5401100
2024-07-02,64.48040771484375,64.51786451587931,64.04029923286886,64.14330364967806,5328600
2024-07-03,65.07034301757812,65.07970900484871,64.75197089192869,64.82688450178328,2933800
2024-07-05,65.51044464111328,65.54790144209299,65.15461574803747,65.54790144209299,6710100
2024-07-08,65.19207763671875,65.53854057054963,65.15462083281584,65.37935451207842,3454200
2024-07-09,65.54790496826172,65.66027537724585,65.38871891365021,65.6134525874638,8444100
2024-07-10,66.74649047851562,66.84012890886207,66.47493402960293,66.50302484429143,7060700
2024-07-11,66.49366760253906,67.03677336928165,66.45621080066812,66.88695330595232,6523300
2024-07-12,66.8588638305664,67.10232947552986,66.56857539628724,66.57794138298131,9138800
2024-07-15,66.54048919677734,66.95250691004571,66.47494157368057,66.95250691004571,10546400
2024-07-16,67.32706451416016,67.38324614715609,66.69967913185646,66.78395158135035,6357900
2024-07-17,66.93377685546875,67.1678765117084,66.80267447535236,66.94313569792706,5174600
2024-07-18,65.9224624633789,66.80267228394027,65.77263525910631,66.75585664072082,8310500
2024-07-19,65.51044464111328,65.84754870577639,65.44489702543736,65.75391027540427,3713400
2024-07-22,65.82882690429688,65.9130993522605,65.55727044282301,65.78200411488066,2190700
2024-07-23,65.77263641357422,65.94118844926221,65.55726873384505,65.66963199486742,2688600
2024-07-24,64.48040771484375,65.39807433567478,64.48040771484375,65.35125869249606,3129800
2024-07-25,63.46910095214844,64.11521832304781,63.13199685812745,63.394187343664896,7596400
2024-07-26,64.32122039794922,64.46167446886513,63.89983675273902,63.96538436721783,4355600
2024-07-29,64.4710464477539,64.61150767588026,64.21822195245034,64.51786923851431,5189700
2024-07-30,64.55532836914062,64.78006205575026,64.2837718900829,64.65833279720235,6537000
2024-07-31,66.45621490478516,66.66222375572058,66.02547237289971,66.48430572188455,7563800
2024-08-01,63.25373458862305,64.45232377295468,62.757437280095196,64.25568090466481,9297500
2024-08-02,60.53817367553711,61.17492503829881,59.77968948905049,60.97828218064288,13888800
2024-08-05,59.39576721191406,59.80778133582754,56.764485694806254,56.90494692245358,28253800
2024-08-06,59.10548400878906,59.58304933859757,58.02862766407111,58.487461019449086,17198200
2024-08-07,60.08870315551758,61.72740088845666,60.04188750678384,61.50266719973131,14686500
2024-08-08,61.362205505371094,61.530757556690766,60.51008640558924,61.10938100046915,8481100
2024-08-09,61.21238327026367,61.249840074142256,60.575631892637446,60.74418393801365,8193000
2024-08-12,61.54949188232422,61.87723001014328,61.1749309601787,61.24047858574251,7620800
2024-08-13,63.30992126464844,63.4035597126005,62.682535804798405,62.73871744473851,8950200
2024-08-14,63.40354919433594,63.459730824955855,62.86043628449521,63.2162723294999,5515200
2024-08-15,64.6208724975586,64.79878338209922,64.20885480759246,64.24631161069435,5031400
2024-08-16,64.9579849243164,65.14526181972442,64.68642842506586,64.77070088475277,6661600
2024-08-19,65.88500213623047,65.97864056181227,65.40743687836316,65.42616884997189,5268800
2024-08-20,65.56663513183594,65.95056203564998,65.46363784541452,65.65091473146924,6518700
2024-08-21,66.32511901855469,66.50302990650924,66.04419656197722,66.37193466521438,7388200
2024-08-22,65.83818817138672,66.77458684095743,65.72582490329737,66.71840520691275,7426000
2024-08-23,67.35514831542969,67.45815272796386,66.57793580054604,66.66221538541673,8212200
2024-08-26,66.51239776611328,66.96187228046091,66.39066850838509,66.84013587857767,6750900
2024-08-27,67.16788482666016,67.33643688578455,66.94314398505735,67.02742358669725,4898100
2024-08-28,66.8775863647461,67.51433769915346,66.59667107095584,67.33642682299927,9908200
2024-08-29,66.98995971679688,67.6641678822105,66.8682304652129,67.2334253641195,6345900
2024-08-30,67.39261627197266,67.72972037895605,67.13042577635339,67.62671594936917,6495600
2024-09-03,66.38130187988281,67.46752777830616,66.22211581881714,67.21469613387954,8228800
2024-09-04,65.69773864746094,66.09102440138805,65.37935936274229,65.43554100068748,5105500
2024-09-05,66.09101867675781,66.21274792981366,65.6509101665605,65.89437581682695,5091200
2024-09-06,63.7593879699707,65.32317932457822,63.60956788372927,65.10780446692142,11533400
2024-09-09,64.92052459716797,65.31381034269879,64.77069737363895,64.86433581626697,4790600
2024-09-10,64.74259948730469,64.78005628909777,64.04966651451868,64.75196547379157,4699300
2024-09-11,65.1358871459961,65.210800751832,63.81556877787289,64.67705381252183,5874000
2024-09-12,65.7820053100586,65.79137129694293,64.87369747445638,65.06098149136932,3155900
2024-09-13,65.42617797851562,65.79137289014598,65.28571674846819,65.43553682147184,3882300
2024-09-16,66.05355834960938,66.08164916465027,65.63217469153268,65.7539110822491,5148600
2024-09-17,65.27635192871094,65.69773562638895,65.0422522558304,65.50108561431284,4484600
2024-09-18,64.97669982910156,65.73518042702621,64.74260017352931,65.11716105127581,4204200
2024-09-19,66.6996841430664,66.87759504230505,66.1472051818641,66.54985691828094,6376100
2024-09-20,66.73713684082031,66.98996850810768,66.3532170621157,66.9525117002075,6623000
2024-09-23,67.13978576660156,67.31770381059194,66.92441806044457,66.9712337102305,3480500
2024-09-24,66.5592269897461,66.73713789990082,66.39067492359823,66.61540863041014,5007100
2024-09-25,66.4374771118164,66.80267199043341,66.33447269537014,66.7745811757943,3972400
2024-09-26,68.34772491455078,68.58182454092054,67.84206886429368,68.22599568073382,6694400
2024-09-27,66.5592269897461,67.57989823064015,66.31576130660902,67.12106482885375,8990200
2024-09-30,66.98995971679688,67.35515461570348,66.61539883110545,67.27087502294944,5042300
2024-10-01,67.0835952758789,67.74843742600167,66.69030957763518,67.59861736464165,5128000
2024-10-02,66.6996841430664,66.87759504230505,66.30639125008219,66.57794773688939,4396300
2024-10-03,66.4374771118164,66.53112268615249,66.0067346176567,66.06292339108921,3879300
2024-10-04,67.30833435058594,67.35515714211164,66.89632379061058,66.91504862072789,4020900
2024-10-07,66.52176666259766,66.79332315170284,66.26893500467146,66.64349592564949,2930400
2024-10-08,66.72777557373047,66.93378443762245,66.6341371294583,66.6528619606506,2883400
2024-10-09,66.38130187988281,66.46558147607668,66.02547295323808,66.05356377058438,2758400
2024-10-10,66.39067077636719,66.40939560736695,65.74455337246881,65.91310542808772,2604800
2024-10-11,66.53113555908203,66.59668318730735,66.10038583742346,66.12848380165345,3398100
2024-10-14,66.64348602294922,66.69030881017223,66.32511393112648,66.37192957419519,2416100
2024-10-15,65.27635192871094,66.2689322555948,65.19207947566836,66.25020742519258,6168100
2024-10-16,65.66963958740234,65.74455319951484,65.36999228310759,65.55727631338885,6439900
2024-10-17,65.32317352294922,65.80073170307566,65.27635073156979,65.80073170307566,3022100
2024-10-18,65.66963958740234,65.66963958740234,65.47299671372346,65.53854433828309,2005800
2024-10-21,64.58341217041016,65.07970228215905,64.41486013772617,65.03287949479794,3082600
2024-10-22,63.73128890991211,63.85302530490815,63.53464605355846,63.778111699395915,3750100
2024-10-23,62.42969512939453,62.532699550527,62.16750465529536,62.364147510869735,7336800
2024-10-24,62.94471740722656,62.972808223220504,62.67316094569404,62.75743339367588,4179000
2024-10-25,62.963443756103516,63.375461451704275,62.78553286912984,63.197543420575805,3168200
2024-10-28,63.39418411254883,63.58146812421205,63.19754125841836,63.2911796921727,2905500
2024-10-29,64.01221466064453,64.17140072245384,63.759383015036796,63.89984424657943,4448000
2024-10-30,64.06840515136719,64.52724571410604,64.04031433000685,64.37741847464291,6802400
2024-10-31,63.740657806396484,63.87175304995007,63.12263839309458,63.87175304995007,5205400
2024-11-01,63.65638732910156,63.9466686425241,63.39418968970599,63.39418968970599,3371600
2024-11-04,63.712562561035156,64.2556754718134,63.6001921554469,63.77811017825636,2371900
2024-11-05,64.67706298828125,64.78006742488023,63.84366865154814,63.909216279915164,3278700
2024-11-06,64.96733093261719,65.042244533642,64.18075955431927,64.89242447574658,3993100
2024-11-07,65.52919006347656,65.66028532173557,65.13589714454379,65.27635839100866,4614400
2024-11-08,65.01416015625,65.07970777759793,64.7706945008913,64.98606933912302,5076700
2024-11-11,65.17333984375,65.34189187418664,65.02351978566978,65.05161060005018,2468500
2024-11-12,64.14330291748047,64.7706882533172,63.81556484235338,64.6864158100649,8155700
2024-11-13,63.431644439697266,63.71256690072533,63.16945395295372,63.665744109169,4318600
2024-11-14,63.506553649902344,63.834291735631815,63.46909684808262,63.6844716725074,4324000
2024-11-15,63.19754409790039,63.272457705931565,62.97281041796173,63.206910084943004,5632200
2024-11-18,63.56272888183594,63.70319008848135,63.12262757910578,63.22562484354843,3377800
2024-11-19,63.46910095214844,63.618928169115506,63.15072883232579,63.28182407509452,3933900
2024-11-20,63.00090408325195,63.010270070718015,62.59825235207379,62.888540810280034,3348700
2024-11-21,63.1788215637207,63.38483042121482,62.96344671884364,63.15073074572699,3260700
2024-11-22,63.6282844543457,63.70319805981788,63.24436472857141,63.3099123473209,7229300
2024-11-25,64.06840515136719,64.22759123517977,63.85303742483392,64.09649597272752,4668600
2024-11-26,63.740657806396484,63.75938263655201,63.3754628930465,63.66574419746445,5239100
2024-11-27,63.56272888183594,64.01220331427052,63.450365631842594,63.890474078726484,4889800
2024-11-29,65.25762939453125,65.26698823798414,64.5365983759614,64.5740551822389,4501900
2024-12-02,66.05355834960938,66.17528759617142,65.6977294521673,65.81009271233091,5485100
2024-12-03,66.99932861328125,67.10233303992362,66.671583358971,66.9337809912502,9106200
2024-12-04,66.62477111816406,66.830779981983,66.5217666862546,66.8214139943125,6875200
2024-12-05,66.5030288696289,66.76522649228542,66.42812240731034,66.61539927933883,2903900
2024-12-06,66.5592269897461,66.65286543890475,66.41876574393025,66.65286543890475,2825400
2024-12-09,65.97865295410156,66.49367510776524,65.97865295410156,66.42812748313125,2658500
2024-12-10,65.62281799316406,65.9130992836093,65.59472717720544,65.84755166498763,2204400
2024-12-11,66.54985046386719,66.69031168744195,66.29702597675629,66.30638481928123,5726400
2024-12-12,65.89437103271484,66.24083393708683,65.88500504649677,66.03482510521471,2527000
2024-12-13,65.1171646118164,65.34189829309071,64.94861256482196,65.32317346304907,3062500
2024-12-16,64.78006744384766,64.9298875326637,64.66769701911886,64.68642899531817,3234000
2024-12-17,64.55561065673828,64.77434972215862,64.42246766239512,64.47953412836291,3230800
2024-12-18,62.938873291015625,64.66973955958635,62.91034368448277,64.56512616513295,4300800
2024-12-19,63.13858413696289,63.62360918718814,62.88181043728421,63.54752540367262,4716000
2024-12-20,62.967403411865234,63.56654692119719,62.50140290460705,62.51091519211215,5425500
2024-12-23,63.23368835449219,63.2907548228154,62.61552028052737,62.881813535954,5074000
2024-12-24,63.195640563964844,63.271724344130085,63.06249757654999,63.186135533255666,1630500
2024-12-26,63.92793655395508,64.01352536791345,63.65213828272995,63.75675167028945,2345000
2024-12-27,64.4129638671875,64.61267836253448,64.14667061764237,64.5175700026795,4033500
2024-12-30,63.870880126953125,64.09912422986697,63.63312373682435,63.82332594662769,3564800
2024-12-31,63.813819885253906,64.18471930958076,63.70920648293095,63.73773609160995,2759000
2025-01-02,63.72822189331055,64.15618047344296,63.53801243655813,63.889894489738445,4485900
2025-01-03,63.98500061035156,64.0896140058359,63.53801742160024,63.55704199664254,3699900
2025-01-06,64.1276626586914,64.54611628473025,64.04206657347882,64.1276626586914,5238700
2025-01-07,63.975486755371094,64.61267940018641,63.88989793702607,64.55561293220713,4052300
2025-01-08,63.813819885253906,63.86137407021885,63.404878564105076,63.557046151392974,3607300
2025-01-10,62.04490661621094,62.55846129851679,61.95931779703463,62.45384790457952,3805000
2025-01-13,62.21609115600586,62.23511573065848,61.52184655192049,61.52184655192049,4544600
2025-01-14,62.09245681762695,62.24461712721542,61.78812894270114,61.99735571716555,3784500
2025-01-15,63.02446365356445,63.06250554845605,62.65356424805827,63.04348822888503,3968300
2025-01-16,62.62503433227539,62.8532784447509,62.52993322338972,62.748672304001325,4016400
2025-01-17,62.938873291015625,63.081528579429296,62.72013421468142,62.84377218398964,2116600
2025-01-21,64.03255462646484,64.03255462646484,63.585571438870495,63.804303261044694,4044700
2025-01-22,63.956478118896484,64.17521722172171,63.92794850890847,64.16570493314228,2769500
2025-01-23,64.49855041503906,64.50806270183973,64.01352536868907,64.03254994229043,2686500
2025-01-24,65.12623596191406,65.29742085930656,64.64121087667708,64.66974048361757,2731600
2025-01-27,64.42247009277344,64.56512537945116,64.28932709340738,64.39394048658775,3199600
2025-01-28,64.96456146240234,64.96456146240234,64.58415699744162,64.82191341591711,2162600
2025-01-29,64.76483917236328,65.01210784952538,64.62218388724094,64.89798217027767,7954000
2025-01-30,65.7348861694336,65.96313026128698,65.48761750407225,65.58271860436543,2437000
2025-01-31,64.96456146240234,65.80146869911611,64.92651956475625,65.60175417828671,5203200
2025-02-03,64.34639739990234,64.7743560297147,63.965985697985964,64.18471752895682,5195500
2025-02-04,64.926513671875,64.96455556606831,64.33688245125214,64.34639473873781,2502500
2025-02-05,65.7348861694336,65.75390348719269,65.1737773429308,65.316432621245,4840200
2025-02-06,66.00118255615234,66.11530099219281,65.82048535808828,65.88705686436188,3382700
2025-02-07,65.12623596191406,65.85852247780173,64.96455609633541,65.71586718734973,7605600
2025-02-10,65.38301086425781,65.4876242621006,65.25938014669343,65.46859968662939,2548000
2025-02-11,65.37349700927734,65.49713497962726,65.05015179151479,65.06916911078046,2063700
2025-02-12,64.68875122070312,64.74581768452691,64.14666697674397,64.25128036204738,3842700
2025-02-13,65.86803436279297,65.86803436279297,65.27839588521158,65.27839588521158,3080400
2025-02-14,65.97264862060547,66.13432123156018,65.80146372202121,66.03922012251327,2238000
2025-02-18,66.66690063476562,66.685925212133,66.45767381822644,66.5242453275116,2859600
2025-02-19,66.21040344238281,66.26746265530055,65.9346051536982,66.0582358669364,3409400
2025-02-20,66.29598999023438,66.46717487887155,66.08676320903905,66.3720737753507,3018100
2025-02-21,65.70635223388672,66.21990690522779,65.60174609793222,66.19137729944481,2675600
2025-02-24,65.41154479980469,65.77293920017384,65.25938446471513,65.62077160933417,3263400
2025-02-25,66.0677490234375,66.3910942418906,65.77293341181856,66.37207692258431,3972300
2025-02-26,66.10578918457031,66.61934386136868,66.05823500392724,66.14383107793493,2597300
2025-02-27,65.62077331542969,66.476697896781,65.60175599395534,66.39110181077073,4446600
2025-02-28,65.1167221069336,65.19280589410985,64.6316970333716,64.77435232038974,6836500
2025-03-03,65.82048034667969,66.6764048305652,65.66832002496085,66.4576657518919,5562800
2025-03-04,65.27839660644531,66.05823730825004,64.67925309048847,65.3449681082183,5134800
2025-03-05,66.71444702148438,66.88563191902242,65.99166553679605,66.01069011193889,4002000
2025-03-06,66.20088958740234,66.89513418062683,66.17235998161904,66.61934315422204,4748700
2025-03-07,66.73346710205078,66.79053357409097,65.97265094709614,66.35305539669857,4235800
2025-03-10,65.3164291381836,65.91557256825466,64.983571677033,65.79194187004114,5837100
2025-03-11,64.91700744628906,65.28790683816614,64.50806616091828,65.12623423262983,6966700
2025-03-12,66.11529541015625,66.27697527381314,65.58272340493184,65.87753901414544,4705200
2025-03-13,65.86803436279297,66.15333768620377,65.68733717894153,65.97264775810176,2934000
2025-03-14,66.90464782714844,66.94268972088217,66.32452164527041,66.4386473264716,7266100
2025-03-17,67.60840606689453,67.76057364485676,67.19947202655734,67.19947202655734,3315500
2025-03-18,67.41819763183594,67.5703651957629,66.9807267691691,67.20897085931075,3352300
2025-03-19,68.18852996826172,68.35971485984038,67.48477308321579,67.53232726366788,3473000
2025-03-20,67.8271484375,67.84616575779333,67.29457640028878,67.30408143256054,2640400
2025-03-21,67.83665466308594,67.92224348038175,67.57036866827781,67.6749820599166,3482100
2025-03-24,67.68448638916016,67.72252828170225,67.46575457672947,67.62742717822157,3396800
2025-03-25,68.16950988769531,68.2170640662208,67.68448483858133,67.79861051359313,12540300
2025-03-26,67.28506469726562,67.77008981008557,67.21849319203542,67.69400601675109,8321100
2025-03-27,67.1899642944336,67.37065423582757,67.06632631501934,67.26604808857314,4608400
2025-03-28,65.82999420166016,66.19138132312803,65.60175008577255,65.96313720724041,7782300
2025-03-31,65.20231628417969,65.37350119152,64.56513083964903,64.88848333384736,4204300
2025-04-01,64.85994720458984,65.059668978542,64.2037444321398,64.50807235355504,4730900
2025-04-02,64.87896728515625,64.91700917966574,64.02304279806657,64.04206011744657,3999200
2025-04-03,62.20658874511719,63.167119388810846,62.02589155705123,62.862791483291645,9542200
2025-04-04,58.497581481933594,60.237960024371844,58.33590887567412,60.00020363078463,15532500
2025-04-07,58.316890716552734,60.047757054377946,56.909373234578105,57.23272209042869,19735300
2025-04-08,58.63072967529297,61.2840919692653,58.03158253165008,61.18898360469141,13116000
2025-04-09,63.091033935546875,63.23368922469414,58.088644573911765,58.335909630175685,18189300
2025-04-10,61.074867248535156,61.85470797655251,59.64832880052172,61.71205268060122,11273700
2025-04-11,62.59650421142578,62.672588000209664,61.169965822600446,61.37919261388141,6951800
2025-04-14,63.62360763549805,63.93744779303373,63.11005299291659,63.366826686332935,5196100
2025-04-15,64.13716888427734,64.43198449888999,63.91842980341184,63.93745437866077,3788400
2025-04-16,63.50947952270508,64.19421901983642,63.25270583915508,63.90890847744887,7811700
2025-04-17,64.73631286621094,65.21182567035697,64.71729554657492,64.8028843685614,4224000
2025-04-21,64.5936508178711,65.0025920768949,64.14666766780452,64.94553286820513,4567700
2025-04-22,65.87753295898438,66.20088540082769,65.62075926742389,65.66831344455485,3457900
2025-04-23,66.07726287841797,66.86660862396892,65.93460758511371,66.53375111009206,4085800
2025-04-24,66.83808135986328,66.8475936479503,66.02971101046309,66.12481212408372,2696900
2025-04-25,67.3040771484375,67.32310172326969,66.61934482521559,66.77150514512623,3109700
2025-04-28,68.22657775878906,68.34070344828929,67.59890460591248,67.64645153472519,4233600
2025-04-29,68.49285888671875,68.62600914283422,68.03637067282037,68.1695136731865,3204500
2025-04-30,67.9317626953125,68.12196492364414,67.11388005313654,67.36114875456762,5619300
2025-05-01,67.68448638916016,68.10293995137415,67.66546907076366,67.90322545733996,2985700
2025-05-02,68.36923217773438,68.49286289795775,68.00784504925464,68.11245844934741,4918800
2025-05-05,68.84474182128906,68.97788482331626,68.67355692500418,68.77817032027546,2882600
2025-05-06,68.8827896118164,69.13005831778251,68.75915888670836,68.75915888670836,3265100
2025-05-07,68.45482635498047,68.73061739583237,68.26461688021244,68.40727217235107,4631500
2025-05-08,68.31216430664062,68.78767706290724,68.28363470218444,68.51187879358274,3117800
2025-05-09,68.48335266113281,68.77816826312521,68.23608398372834,68.77816826312521,2150800
2025-05-12,69.23466491699219,69.26319452338603,68.72111023465482,68.91131244778006,3030600
2025-05-13,68.71160125732422,68.92082805529068,68.34070184483808,68.3882560282849,3858800
2025-05-14,67.95077514648438,68.87327112486153,67.81763214504328,68.82572419906079,17474900
2025-05-15,68.7591552734375,68.78768488113629,68.37874357403784,68.52139886828142,4360000
2025-05-16,68.9398422241211,68.9873964053943,68.61649700986122,68.7591522979315,1920100
2025-05-19,69.01592254638672,69.03493986449148,68.43579639158015,68.47383828353867,3200700
2025-05-20,69.41534423828125,69.45338612624457,69.20611748235706,69.27268897235582,3722400
2025-05-21,68.76866149902344,69.51997262304603,68.76866149902344,69.18711510120053,5208800
2025-05-22,68.82572174072266,68.99690663013953,68.59747038433404,68.67355416979692,2797300
2025-05-23,69.4533920288086,69.55800541566136,68.76865249877191,68.76865249877191,8336300
2025-05-27,71.27936553955078,71.29839011469628,70.7372812398961,70.8704242429166,6062500
2025-05-28,70.00498962402344,70.21421640088654,69.90988852247175,70.17617450911607,5543800
2025-05-29,70.4044189453125,70.42344351916444,69.99547767648359,70.4044189453125,3182000
2025-05-30,70.49002075195312,70.5565922543539,69.93842415734694,70.48050846425313,5838900
2025-06-02,71.36495971679688,71.37447200411644,70.5090352517678,70.78483353804101,6737600
2025-06-03,70.49951934814453,70.65168691445498,70.318829432837,70.57560313129976,3350700
2025-06-04,70.45198059082031,70.66120739087198,70.22372921490044,70.29981300687373,5388400
2025-06-05,69.79576873779297,69.99548324463174,69.60556651863686,69.93842403003482,5196900
2025-06-06,70.2047119140625,70.37589681817454,70.03352700995046,70.2807957060567,3500400
2025-06-09,70.309326171875,70.49952839843112,70.2712842754138,70.37589767674463,3937900
2025-06-10,70.26176452636719,70.38540249067461,70.04303271462943,70.38540249067461,3281000
2025-06-11,70.06204986572266,70.45197382030129,70.0430325474318,70.31883082501811,3675400
2025-06-12,70.57560729980469,70.67070840649136,70.43295201190001,70.50903579954908,2871200
2025-06-13,69.9954833984375,70.31883587861287,69.8338107862246,69.90038228865048,3509600
2025-06-16,70.13066101074219,70.68672267787579,70.08272188566795,70.32240288207207,3040800
2025-06-17,69.29656982421875,69.77593182611787,69.22945943653222,69.69923215033792,4327600
2025-06-18,70.03479766845703,70.41828145269524,69.91974814449497,70.16901845583727,4523100
2025-06-20,68.79803466796875,69.45954923854224,68.75009554330418,69.45954923854224,5250800
2025-06-23,69.04730224609375,69.09524137395931,68.15568859497574,68.2132170113112,4849400
2025-06-24,69.73757934570312,69.78551846986997,69.3924381322553,69.47872709285895,4095800
2025-06-25,69.4499740600586,69.5554342930519,69.32533524952967,69.53625571551629,3226100
2025-06-26,70.91681671142578,70.98392710003985,70.47580454132134,70.5908467420976,4326300
2025-06-27,72.17274475097656,72.38366521064954,71.8563640614671,71.99058484226191,10262600
2025-06-30,71.87554168701172,71.91389152594316,71.70297106906214,71.87554168701172,6464200
2025-07-01,71.34823608398438,71.81801609566016,71.34823608398438,71.5879170764577,7652500
2025-07-02,71.38658905029297,71.41534960033336,71.09897623540532,71.16608662366082,3670300
2025-07-03,71.52080535888672,71.63585486634486,71.33865278184877,71.33865278184877,1990400
2025-07-07,69.81428527832031,70.657959812126,69.58419355355223,70.57167815826948,11486000
2025-07-08,70.16901397705078,70.22653507811816,69.85263329221249,69.93891494381354,4668100
2025-07-09,70.27447509765625,70.30323564855513,69.90057330700287,70.111486451756,4077600
2025-07-10,69.92933654785156,69.99644694069178,69.55543474281542,69.71841608050107,2427700
2025-07-11,69.37327575683594,69.46914670296572,69.23905496935738,69.43079686161694,3110700
2025-07-14,69.42120361328125,69.49789596903979,69.22945443767703,69.26780427279789,2233500
2025-07-15,68.73092651367188,69.27739890596672,68.65422683751169,69.24863835602758,4302500
2025-07-16,69.04730224609375,69.05689153456366,68.56794022537404,68.73092887142656,7632700
2025-07-17,69.40203094482422,69.50749117176076,69.11441081418205,69.16234994078367,4096300
2025-07-18,68.8459701538086,69.1911113892667,68.75009921384442,69.1719401270674,5679000
2025-07-21,69.61295318603516,69.95809442587388,69.40203272674661,69.44997185457908,4380000
2025-07-22,69.96768188476562,70.01561369686078,69.72800088083855,70.00602440864824,9150700
2025-07-23,73.33280181884766,73.42867276262739,72.9397287550055,73.13147064256498,19572500
2025-07-24,73.39032745361328,73.75463995195456,73.37114887689414,73.59165862226114,7504500
2025-07-25,72.55623626708984,72.6041753952979,72.33572651761041,72.40283690841127,9017800
2025-07-28,71.20442962646484,71.57833872295684,71.06062687529537,71.5016390460106,6767800
2025-07-29,70.83052825927734,71.17566949307299,70.76341787017729,71.13731965437528,6473700
2025-07-30,70.92640686035156,71.38659029800851,70.67713656483846,71.23319825695081,7624800
2025-07-31,70.58126068115234,71.19484343137374,70.31281182775756,71.18525414370309,8368000
2025-08-01,71.01268768310547,71.08938735998099,70.38951560883845,71.04144823331285,7790800
2025-08-04,72.18233489990234,72.23026671390959,71.71256216152064,71.71256216152064,5963400
2025-08-05,71.93306732177734,72.11522723956145,71.71256487712913,72.04811684582273,4310000
2025-08-06,72.89178466796875,73.04518401916984,72.40283337911988,72.64251437950882,5501600
2025-08-07,73.45743560791016,73.84091935681761,73.1794047698137,73.78339825737821,5575600
2025-08-08,74.71336364746094,74.90510552688973,74.42574351383391,74.49285390308236,7747000
2025-08-11,74.57913970947266,74.88593109225204,74.51202932306728,74.77088158077845,3296300
2025-08-12,75.95970916748047,76.06516208291606,75.30777652547043,75.44199730637096,8737600
2025-08-13,75.99805450439453,76.1610431567906,75.90218355941606,76.05558292296901,5795300
2025-08-14,75.54745483398438,75.75836797179524,75.3461163553514,75.47075515778931,4498900
2025-08-15,76.84173583984375,77.06223828031024,76.73627560675658,77.06223828031024,5582000
2025-08-18,76.98554229736328,77.12934504983268,76.88008206922981,76.98554229736328,3725700
2025-08-19,76.71709442138672,77.01430384747681,76.60205221791799,76.92801488039132,5465000
2025-08-20,76.35277557373047,76.43906453364427,76.07474474764895,76.3815361222073,5201900
2025-08-21,75.45157623291016,75.77754619799134,75.38446584517045,75.67208597233127,6606200
2025-08-22,76.71709442138672,76.9376041688417,75.7104385686156,75.7104385686156,5437300
2025-08-25,75.78713989257812,76.28567318556158,75.77755060391956,76.13228113944517,5422100
2025-08-26,75.6624984741211,75.6816770507768,75.26942542648524,75.27900740032925,2945600
2025-08-27,75.38446807861328,75.43240720605496,74.83799567240412,74.87634551146067,3481600
2025-08-28,76.01722717285156,76.22814762409877,75.96928804684677,76.03639843456327,5493400
2025-08-29,75.04891967773438,75.22149030440481,74.87634905106393,75.16396920034275,6054000
2025-09-02,74.92427825927734,74.9530388074999,74.1860567206432,74.38738787268434,5760900
2025-09-03,74.71336364746094,74.71336364746094,74.39698296336796,74.41616154000116,5068300
2025-09-04,75.48033905029297,75.4899210232696,74.91468812189402,74.94344866979031,3655300
2025-09-05,75.9117660522461,76.58286992149897,75.71043489147023,76.35277821125277,5648000
2025-09-08,77.61829376220703,77.6758148612758,77.07182137760296,77.21563143975848,6346400
2025-09-09,76.75543975830078,76.81296817114453,76.35277744081213,76.52534805037635,6070300
2025-09-10,77.0430679321289,77.4840801327831,77.00471809105233,77.2827489529943,6028100
2025-09-11,77.96343994140625,78.09766072408765,77.6087094074717,77.63747727331834,4782000
2025-09-12,77.42655181884766,77.66623281739518,77.27315246882512,77.48407291786431,5509400
2025-09-15,77.99220275878906,78.05931315207961,77.65665079233632,77.71417189673271,4639300
2025-09-16,77.99220275878906,78.07849172986793,77.81005015670574,78.00179204768322,4636800
2025-09-17,77.81963348388672,78.46197687576014,77.47449222254008,78.01138269268175,5829100
2025-09-18,78.12641906738281,78.32775023571472,77.76210656961324,77.93467718739544,5465400
2025-09-19,77.45531463623047,77.6087066762607,77.25398346929364,77.5320143134875,5099500
2025-09-22,77.89632415771484,77.93467399503821,77.50324381101304,77.61829332298312,3428800
2025-09-23,77.74292755126953,78.174357750516,77.68540645049686,77.99219784542412,4353300
2025-09-24,77.51283264160156,77.84838457309662,77.44572225530256,77.78127418679762,4906000
2025-09-25,77.13893127441406,77.26356275976548,76.86090043987609,77.13893127441406,4855800
2025-09-26,77.11976623535156,77.25398701947752,76.90884577044388,77.02388797713233,9649800
2025-09-29,77.18687438964844,77.38820556000047,77.06223558337057,77.21563494048674,5053300
2025-09-30,76.89925384521484,76.99512478566298,76.59246244709048,76.79379361637673,9629300
2025-10-01,76.89925384521484,77.4361369633115,76.76503306569069,77.19645595494922,6794700
2025-10-02,76.84173583984375,77.10058812093142,76.5157658518059,77.01430646539693,6801000
2025-10-03,78.40444946289062,78.65371975702868,78.17435774533139,78.30857852344793,8651400
2025-10-06,79.83294677734375,80.14932746278969,79.57409450755954,79.68914402439911,8346500
2025-10-07,78.57701873779297,79.14266970546753,78.56742944966732,79.09473057932294,6994300
2025-10-08,78.37569427490234,78.52909364009317,78.24147348760255,78.33734443360464,11043300
2025-10-09,78.18394470214844,78.797527473665,78.05930590155427,78.76876692413823,4539800
2025-10-10,75.12561798095703,76.76503524700166,74.98180790895645,76.53494352049123,11311900
2025-10-13,76.01722717285156,76.18979778619166,75.58579698225947,75.75836759559957,7861500
2025-10-14,76.73627471923828,77.12934778071173,75.91177144162965,76.06516348785604,6700900
2025-10-15,77.93467712402344,78.18394741939143,77.53201478768705,77.95384838621304,7589000
2025-10-16,78.18394470214844,78.52908592543696,77.88673528991,78.43320767436957,5636100
2025-10-17,78.61537170410156,78.69207138319148,78.27981975118817,78.4044512438463,6222300
2025-10-20,80.09180450439453,80.33148550638955,79.85212350239951,79.85212350239951,5450900
2025-10-21,79.1618423461914,79.439873190809,79.02762156802895,79.30565241264655,5126500
2025-10-22,78.7879409790039,79.11390363784217,78.46197100568179,78.99886143565637,7076300
2025-10-23,78.8262939453125,78.94133615206258,78.59620221732818,78.63454474325545,3620400
2025-10-24,79.0947265625,79.26729716757933,79.01802689035733,79.01802689035733,3653100
2025-10-27,80.08221435546875,80.15891403075882,79.92882231937224,80.15891403075882,2985700
2025-10-28,80.46570587158203,80.59992664685537,80.10139338362349,80.11097535722611,4523200
2025-10-29,79.79460144042969,80.23561360104496,79.28647157816071,80.07262496264597,8550000
2025-10-30,79.77542877197266,80.11098073267154,79.60285814725836,79.70831837983289,6073400
2025-10-31,80.0055160522461,80.3794178325929,79.75625307500405,80.25478634397189,9755500
2025-11-03,80.18767547607422,80.25478586408175,79.81377369796319,80.13015437620597,5288200
2025-11-04,79.4111099243164,79.90964318122792,79.36317079897641,79.57409124729867,6613800
2025-11-05,79.38235473632812,79.56450733305869,78.95092452258042,79.0851453052173,5594800
2025-11-06,79.5357437133789,79.93840604575561,79.24813089646003,79.87129565702615,5396000
2025-11-07,79.85212707519531,79.87129833783986,78.90299231288365,79.42069686361071,5604500
2025-11-10,80.22602844238281,80.29313883300716,79.64120618930608,79.88088720074788,5038400
2025-11-11,80.29313659667969,80.44653595068228,79.92882410264922,80.05345559191348,6582700
2025-11-12,80.85877990722656,81.0505290989004,80.65744874183184,80.75332699491064,6539000
2025-11-13,79.58367919921875,80.56157443517908,79.53574007468356,80.51364262512733,7215600
2025-11-14,80.5136489868164,80.73415142234076,79.95758728199876,80.18767900608454,6153900
2025-11-17,79.06597137451172,79.90964588182975,78.74959069133602,79.59326519865405,6967700
2025-11-18,77.44572448730469,77.75251587843961,76.97595176967265,77.36902481090002,6922400
2025-11-19,77.349853515625,77.80045497120307,77.071822674641,77.349853515625,6065700
2025-11-20,76.20897674560547,78.01138273687779,76.1993947710236,77.79087297525969,11263100
2025-11-21,77.83880615234375,78.07848715927722,76.98554235281937,77.47448634053524,8907800
2025-11-24,78.36609649658203,78.49073529591857,77.61829295849694,77.73334246992677,3799400
2025-11-25,78.53866577148438,78.58660489571949,77.66623076337592,77.96343285308008,5197000
2025-11-26,79.8233642578125,79.92882448557357,79.14267107875345,79.31524169559123,3711400
2025-11-28,79.58367919921875,79.61243974814649,79.33440891770594,79.42069056448915,2711800
2025-12-01,79.12348937988281,79.449459338595,79.0467897055407,79.08513954271176,5020900
2025-12-02,79.06597137451172,79.31524166863352,78.86464020735005,79.31524166863352,3848400
2025-12-03,79.20018768310547,79.2385375196126,78.64412602547706,78.7112364107437,5501500
2025-12-04,80.16851043701172,80.80126452812839,80.03428965057836,80.7341541349117,4692400
2025-12-05,80.24519348144531,80.34107173017331,79.99593051530609,80.22602222038977,4186800
2025-12-08,79.7562484741211,80.10138968445172,79.63160967820633,80.0438612730744,3589600
2025-12-09,79.87129211425781,80.26437245544041,79.86171014092419,80.130151683935,3387200
2025-12-10,80.44654083251953,80.59034359251878,79.67955864493041,79.80419014175784,5887600
2025-12-11,80.74373626708984,80.89712830321027,80.41776630429806,80.47529471801639,4377900
2025-12-12,80.5328140258789,80.96423688950988,80.23561193379906,80.91630507937502,6361700
2025-12-15,81.36690521240234,81.78873878144094,81.20391658000673,81.75997823292505,4439300
2025-12-16,80.41309356689453,80.83082210981014,80.21417738117265,80.67169067886584,6205600
2025-12-17,79.30908966064453,80.13460623201536,79.27925299221334,79.99536338722581,6592800
2025-12-18,79.53784942626953,80.01525129346334,79.38865849720928,79.8561198671207,6214800
2025-12-19,80.1445541381836,80.36336649041058,79.96552653983115,80.02519987655998,5596000
2025-12-22,80.02519989013672,80.12465798075698,79.72682561827595,79.8163356233844,5963100
2025-12-23,80.70152282714844,81.0098451741955,80.6219533220506,80.91038708690603,6126600
2025-12-24,80.5622787475586,80.69157350022866,80.32357782410404,80.42303590986297,1767600
2025-12-26,80.5324478149414,80.55233639824314,80.28379878875629,80.51255164347359,2340200
2025-12-29,80.65179443359375,80.69157918833494,80.34347206955714,80.53244775753626,4629100
2025-12-30,80.54238891601562,80.8308150837918,80.53244083114443,80.80097841734361,3748800
2025-12-31,80.30368041992188,80.56227750945335,80.104764251461,80.29373992321463,4445000
2026-01-02,80.8905029296875,81.1292038698731,80.38325679214782,81.06953053186821,7874000
2026-01-05,82.68077087402344,82.73050371417723,81.91493521755079,81.91493521755079,6465700
2026-01-06,82.62109375,82.82000992516716,82.45201424229134,82.69071517012507,9209100
2026-01-07,82.4719009399414,82.69071328052452,82.33265810287315,82.67082469872855,6011500
2026-01-08,82.4122314453125,82.46196428436731,82.07406483370463,82.12379767275944,5791200
2026-01-09,84.15277099609375,84.46109333824602,83.6156882274583,83.68530964627223,7885300
2026-01-12,84.8291015625,84.8390496481024,84.47104636247343,84.49093494551225,6171000
2026-01-13,83.99363708496094,84.33180370269449,83.8345056558015,84.24228610840743,5177300
2026-01-14,84.58045196533203,84.87882623788433,84.45115720604262,84.62023671930552,7046000
2026-01-15,84.9583969116211,85.53526446990354,84.92856024277303,85.43580637768802,5601600
2026-01-16,85.01807403564453,85.14736879092631,84.79926168965562,85.07774737067217,4181200
2026-01-20,83.26758575439453,83.86434188994066,83.14823149201892,83.37699193119735,9402500
2026-01-21,84.32185363769531,84.54066598729838,83.59580275564785,83.75493418107183,12139300
2026-01-22,84.40142059326172,84.60033676607046,84.21244491737751,84.3914725081716,5129800
2026-01-23,84.10304260253906,84.3616397095812,83.48639788565559,83.61569264509369,13051000
2026-01-26,84.17266082763672,84.7992611944303,84.16272033063396,84.66001835473521,12120800
2026-01-27,85.3761215209961,85.50542386427244,84.97828917045075,85.00812583792508,14767500
2026-01-28,84.74952697753906,84.80920031124708,84.3317984652519,84.6003360551035,9157700
2026-01-29,85.62477111816406,85.84358346535579,84.38152604381624,85.66455587112308,13444000
2026-01-30,85.25677490234375,85.70434009105912,84.93850446881676,85.50542391566688,7254100
2026-02-02,85.42585754394531,85.54521180645838,84.62023713943856,84.86888616188297,7060300
2026-02-03,86.21158599853516,86.27125933337821,85.4556908751385,85.85353081314545,12779800
2026-02-04,87.01720428466797,87.76315130497903,86.71883002944283,87.19623187306924,11696700
2026-02-05,85.63471984863281,86.29115689515373,85.55515034211528,85.86348028282926,9245200
2026-02-06,88.9168930053711,88.98651442896012,88.10132450554264,88.29029260490371,7409000
2026-02-09,90.79667663574219,90.9856523182852,89.7125629676873,89.81202864576207,9877600
2026-02-10,92.59689331054688,93.0643546811437,92.46759855219354,92.69635140067759,21601700
2026-02-11,93.46219635009766,93.69094920279214,92.71624927813859,93.40252301255406,12280200
2026-02-12,92.86544036865234,93.77051887166101,92.63667992740145,93.49203317842758,10269700
2026-02-13,93.34284210205078,93.43235969654678,92.40792693166267,93.15387400374325,11219200
2026-02-17,91.37354278564453,91.57245896242549,90.37894672540827,90.91602950851573,21815200
2026-02-18,90.88618469238281,91.52272555995681,90.776778519378,91.05527178858661,9336300
2026-02-19,90.70716094970703,90.72705712100654,90.18002623276057,90.3391652504925,10448700
2026-02-20,90.97570037841797,91.07515846411307,89.84186150752964,89.91148292633277,10905700
2026-02-23,90.89613342285156,91.59234763040104,90.68726916058672,91.14478243814291,7862000
2026-02-24,90.73699951171875,90.9458637682584,89.88164631550934,90.03082965006229,8912900
2026-02-25,91.94046020507812,92.06975495831247,91.39342934876824,91.52272410200258,6061200
2026-02-26,91.9802474975586,92.24878509651292,91.45310520866212,92.09959416902016,6763900
2026-02-27,91.87084197998047,92.30845909207734,91.75148771949995,92.169216248933,7723500
2026-03-02,89.71256256103516,89.92143441351269,88.68812982210189,88.92683834260026,17218100
2026-03-03,86.36077880859375,86.66910116289945,83.39687917333005,84.32185382441298,29746600
2026-03-04,88.11125946044922,88.24056180195657,86.60942490490619,87.07688625738385,14258200
2026-03-05,85.42585754394531,86.37072079396765,84.45115762533621,85.98282892600767,18638500
2026-03-06,84.31190490722656,84.7395815177697,83.66542353692029,83.92401304977649,11412100
2026-03-09,85.17720794677734,85.40596838467569,82.47190538672942,83.32725862522004,20330900
2026-03-10,85.9927749633789,87.66369665793319,85.39601884135934,86.03255971660232,12730100
2026-03-11,85.2667236328125,85.71428882491479,84.53071708432704,84.83904702313366,8068300
2026-03-12,83.73504638671875,84.46109727560109,83.30736976887738,84.3616391852541,13356700
2026-03-13,82.90953063964844,84.33180335136379,82.76033970856888,84.07320624337028,10036500
2026-03-16,84.61029052734375,84.85893955411838,84.06325963317313,84.12294055955199,6784700
2026-03-17,84.62023162841797,85.17720297420672,84.40141928881083,85.10758155598313,5197800
2026-03-18,83.69525909423828,84.67990705868843,83.59580100690813,84.24228236863695,8642600
2026-03-19,83.62564086914062,84.02348082182606,81.69612203092416,81.81547629317957,8664700
2026-03-20,80.76119995117188,83.45656204862556,80.41309283524285,83.41677729420995,19746900
2026-03-23,83.09850311279297,84.14282441365063,82.28293465433788,83.11839169502402,17234500
2026-03-24,82.8299560546875,83.41677165745705,82.18346711840987,82.4520122955272,7210300
2026-03-25,84.2920150756836,84.77936501456163,83.89417513881419,84.51082742037003,7553500
2026-03-26,82.2630386352539,83.82455413497911,82.21331338550199,83.18801326809532,5883000
2026-03-27,80.98995971679688,82.08401389552371,80.75125878045934,81.74585486805937,14066600
2026-03-30,81.0794677734375,82.30282427057249,80.91038826376952,82.20336618183636,11806500
2026-03-31,83.98369598388672,84.03342123531904,81.72595861784659,82.00444430799854,12647200
2026-04-01,86.0126724243164,86.88791424386324,85.80380056971886,86.19170002242438,14766000
2026-04-02,84.8291015625,85.37612485997626,83.2874745852653,83.526183110727,6422100
2026-04-06,85.10758209228516,85.28660968144045,84.59039549481736,84.59039549481736,3819800
2026-04-07,85.04791259765625,85.23688069217503,83.36704280072233,84.42131221324541,17552100
2026-04-08,88.92683410644531,89.50369403308896,88.3499665916362,89.33461453024799,14590400
2026-04-09,87.7432632446289,88.29028650987499,86.51990678525635,86.81828863042006,7395900
2026-04-10,87.65374755859375,87.90239657223931,87.31558854235531,87.70348039658914,4469600
2026-04-13,87.87255859375,87.92229143100343,86.13201552419798,86.31104311487853,9482400
2026-04-14,88.92683410644531,89.11580219096416,88.18088708879523,88.21072375539475,9458100
2026-04-15,88.58866882324219,88.68812690943389,88.20077697537863,88.42953740296858,3739900
2026-04-16,88.92683410644531,89.19537169400654,88.60855609427577,89.15558694248536,3630000
2026-04-17,89.70262145996094,90.5380785115838,89.37440293760947,89.54348244736661,5913800
2026-04-20,88.8472671508789,88.9865099911128,88.33007295443959,88.78758622780317,5478900
2026-04-21,86.66909790039062,87.9521276963802,86.51990697747732,87.70347868757987,8154700
2026-04-22,87.28575134277344,87.35537276264319,86.90779998790994,87.22607041990962,3590500
2026-04-23,86.59947967529297,87.32553814656025,85.65461644227081,87.01720820432386,5174500
2026-04-24,86.84812927246094,87.06694162384093,86.20164030379259,86.46023740889311,5262300
2026-04-27,87.20618438720703,87.88251002349944,87.08683012615572,87.55429149673272,4086100
2026-04-28,87.08683013916016,87.54434342434307,86.84812920518775,87.44488533420171,5663700
2026-04-29,86.34088134765625,86.78845412655662,85.9430489950769,86.68899603841179,5281400
2026-04-30,88.6185073852539,88.81743115005656,87.44488373149824,87.8725603406168,12083600
2026-05-01,87.82283782958984,88.3897572976687,87.43494596133411,87.7333202355953,5440800
2026-05-04,87.64380645751953,88.46931541012778,87.30563985544592,88.08142355856715,4304000
2026-05-05,88.77764892578125,88.80748559431007,88.00186519136827,88.12121186548352,4866000
2026-05-06,91.1845703125,91.40338266755305,90.72705701928271,90.91603270558599,5400000
2026-05-07,90.498291015625,91.47299846780948,90.30932292910369,91.28402279312262,6926100
2026-05-08,91.72164916992188,91.95040201260979,91.3238092313136,91.70175299950033,4426300
2026-05-11,91.76143646240234,91.98024881410154,91.53267602521704,91.58240886448174,4372700
2026-05-12,91.56250762939453,91.76143138728536,90.86629344719032,91.52272287781636,6548300
2026-05-13,92.58694458007812,92.76597217633257,92.04986937948063,92.18911222232677,5348200
2026-05-14,91.56250762939453,91.99018422365297,91.47299762946777,91.87083755708395,7047500
2026-05-15,90.57786560058594,90.91603221698674,90.29937990952996,90.59775418359024,5272000
2026-05-18,90.42867279052734,90.77677989711427,89.74240666273191,90.53807896519264,8364000
2026-05-19,89.80207824707031,90.3988343593175,89.25504738441376,89.50369639686389,4772400
2026-05-20,90.71710968017578,90.7370058516167,89.10586126093436,89.18543077036591,6144000
2026-05-21,90.8762435913086,91.1248926031822,89.4738595220219,89.69267186657717,5616900
2026-05-22,91.11494445800781,91.60229439627273,90.79667402654584,90.92596878089533,4032600
2026-05-26,92.3979721069336,92.72619061587015,92.19904834932107,92.4775416099786,4633100
2026-05-27,91.79127502441406,91.92056978573744,91.43321982118589,91.6918169319987,4245000
2026-05-28,92.19905090332031,92.4675960864948,91.29397244264959,91.3635938627012,4527700
2026-05-29,92.45764923095703,92.86543725965817,92.10954212606934,92.43776064846307,5203700
2026-06-01,92.42781066894531,92.84553918624974,91.26413511866915,92.26867165959185,9666400
2026-06-02,93.07430267333984,93.09419125607971,92.10954326489033,92.10954326489033,4434600
2026-06-03,93.43235778808594,93.74068014336828,93.283166859084,93.74068014336828,5961200
2026-06-04,93.62132263183594,93.69094405119735,92.90521985618959,93.34283695439031,3536400
2026-06-05,90.2297592163086,92.7063013754127,90.05073161515854,92.62673186642023,11554100
2026-06-08,91.4531021118164,91.8708382122836,91.25418594067243,91.41332494812004,9131200
2026-06-09,90.45851135253906,92.30846068703949,89.23516241118082,91.73160072183093,8716300
2026-06-10,88.80747985839844,90.18001963923575,88.6881256038261,89.4042359549292,8157700
2026-06-11,91.6818618774414,91.83105279880728,89.25504514850864,89.49375365796023,9304700
2026-06-12,92.20899963378906,92.51732198358008,91.28402499625032,91.9901872869055,4938400
2026-06-15,94.05999755859375,94.22000122070312,93.75,94.19000244140625,4716200
2026-06-16,94.12000274658203,94.87000274658203,94.05000305175781,94.41000366210938,5073100
2026-06-17,94.44999694824219,95.87999725341797,94.31999969482422,95.19000244140625,6044500
2026-06-18,96.26000213623047,96.5199966430664,95.9800033569336,96.2300033569336,5965400
2026-06-22,96.97000122070312,97.5199966430664,96.75,96.83999633789062,3231100
2026-06-23,92.75,93.33999633789062,92.08999633789062,92.47000122070312,11166700
2026-06-24,92.61000061035156,93.02999877929688,92.19999694824219,92.56999969482422,4900200
2026-06-25,93.38999938964844,94.23999786376953,93.04000091552734,94.06999969482422,4853100
2026-06-26,92.80000305175781,93.27999877929688,92.31999969482422,92.47000122070312,4060800
2026-06-29,93.20999908447266,93.23999786376953,91.70999908447266,92.62000274658203,6358900
2026-06-30,93.2699966430664,93.4800033569336,92.62999725341797,92.72000122070312,3669900
2026-07-01,93.05000305175781,93.73999786376953,93.01000213623047,93.4000015258789,8458300
2026-07-02,93.13999938964844,94.5199966430664,92.37999725341797,93.94999694824219,7934600
2026-07-06,95.2699966430664,95.36000061035156,94.55999755859375,94.68000030517578,4369000
2026-07-07,93.06999969482422,94.11000061035156,92.80000305175781,93.93000030517578,6034200
2026-07-08,92.54000091552734,92.58000183105469,91.19000244140625,91.5199966430664,5290600
2026-07-09,93.5199966430664,93.69000244140625,92.88999938964844,92.91000366210938,5664800
2026-07-10,94.55000305175781,94.75,93.56999969482422,94.11000061035156,3208500
2026-07-13,92.72000122070312,93.37000274658203,92.51000213623047,93.06999969482422,3741200
2026-07-14,93.88999938964844,94.77999877929688,93.75,94.16999816894531,4475700
2026-07-15,93.5,94.04000091552734,92.77999877929688,93.9000015258789,4838200
2026-07-16,91.91000366210938,92.47000122070312,91.62000274658203,92.04000091552734,3334700
2026-07-17,90.48999786376953,90.6500015258789,89.16000366210938,89.23999786376953,8287500
2026-07-20,90.43000030517578,91.20999908447266,90.37999725341797,90.87999725341797,3362700
2026-07-21,92.73999786376953,92.97000122070312,91.70999908447266,92.08000183105469,6375600
2026-07-22,92.19000244140625,92.55000305175781,91.87999725341797,91.87999725341797,3433600
2026-07-23,91.0999984741211,91.87000274658203,90.63999938964844,91.47000122070312,4430500
2026-07-24,91.20999908447266,91.91999816894531,91.05999755859375,91.45999908447266,3092000
2026-07-27,91.51000213623047,92.4000015258789,90.87000274658203,92.23999786376953,2493000
2026-07-28,89.83000183105469,90.33000183105469,89.29000091552734,89.36000061035156,5319400
2026-07-29,89.3499984741211,91.16000366210938,89.08999633789062,89.94000244140625,5649200
2026-07-30,93.29000091552734,93.45999908447266,90.5,90.5999984741211,6534600
2026-07-31,92.38999938964844,93.0,91.33999633789062,92.5999984741211,5290700
2026-08-03,92.91000366210938,93.05000305175781,92.12000274658203,92.29000091552734,4024500
2026-08-04,94.61000061035156,94.7699966430664,93.29000091552734,93.33999633789062,3303900
2026-08-05,95.16000366210938,96.31999969482422,95.1500015258789,95.98999786376953,2777700
2026-08-06,95.1500015258789,95.93000030517578,94.83000183105469,95.06999969482422,2694600
2026-08-07,96.9000015258789,96.95999908447266,96.30999755859375,96.66999816894531,4484900
2026-08-10,96.05000305175781,96.7300033569336,95.98999786376953,96.7300033569336,2595800
2026-08-11,96.27999877929688,96.72000122070312,96.16000366210938,96.5999984741211,1683500
2026-08-12,97.79000091552734,98.20999908447266,97.63999938964844,98.04000091552734,2240900
2026-08-13,98.47000122070312,98.79000091552734,98.0,98.08999633789062,2766100
2026-08-14,98.20999908447266,98.68000030517578,98.08000183105469,98.38999938964844,1891900
2026-08-17,98.16999816894531,98.58999633789062,98.05000305175781,98.13999938964844,2643000
2026-08-18,95.37000274658203,96.7300033569336,95.33000183105469,96.4800033569336,4679400
2026-08-19,94.77999877929688,95.56999969482422,94.41000366210938,95.41999816894531,7010700
2026-08-20,94.2699966430664,94.91000366210938,94.05000305175781,94.36000061035156,3253400
2026-08-21,95.18000030517578,95.43000030517578,94.91999816894531,95.23999786376953,2040000
2026-08-24,94.83999633789062,95.0,94.37000274658203,94.7699966430664,2506800
2026-08-25,95.62999725341797,95.66000366210938,95.0199966430664,95.43000030517578,1574000
2026-08-26,95.43000030517578,95.87999725341797,95.23999786376953,95.54000091552734,1811900
2026-08-27,95.83999633789062,95.9000015258789,95.36000061035156,95.80000305175781,1723500
2026-08-28,95.87000274658203,97.16000366210938,95.55999755859375,96.62999725341797,10519600
2026-08-31,95.87999725341797,96.5199966430664,95.63999938964844,96.44999694824219,5305500
2026-09-01,95.22000122070312,96.12999725341797,94.98999786376953,95.37000274658203,4292100
2026-09-02,96.04000091552734,96.05999755859375,95.08000183105469,95.1500015258789,4068500
2026-09-03,97.9000015258789,98.3499984741211,97.1500015258789,97.37999725341797,3801900
2026-09-04,98.27999877929688,98.54000091552734,97.62000274658203,97.66999816894531,3169900
2026-09-08,97.95999908447266,98.66999816894531,97.88999938964844,98.55000305175781,2370900
2026-09-09,97.0,98.06999969482422,96.91000366210938,97.88999938964844,4594800
2026-09-10,96.44000244140625,97.22000122070312,96.26000213623047,96.8499984741211,3098100
2026-09-11,98.55999755859375,98.76000213623047,98.31999969482422,98.45999908447266,3402400
2026-09-14,97.58000183105469,98.08000183105469,97.08999633789062,97.37000274658203,4220500
2026-09-15,96.91999816894531,97.26000213623047,96.55000305175781,97.13999938964844,2533600
2026-09-16,97.01000213623047,98.37000274658203,96.2300033569336,97.62999725341797,2873800
2026-09-17,97.91000366210938,98.4800033569336,97.75,98.44000244140625,2700100
2026-09-18,97.0,97.06999969482422,96.30000305175781,96.69000244140625,2605300
2026-09-21,97.95999908447266,98.13999938964844,97.44000244140625,97.5,3344100
