Price,Close,High,Low,Open,Volume
Ticker,VOO,VOO,VOO,VOO,VOO
Date,,,,,
2010-09-09,76.31312561035156,77.20188905074203,76.17755133143176,77.20188905074203,26500
2010-09-10,76.65959930419922,76.71985582203975,76.29807168991164,76.58428153008745,8600
2010-09-13,77.62368774414062,77.6839442675237,77.20190357321583,77.54836996310097,33750
2010-09-14,77.60860443115234,77.94000946919998,77.11149687408088,77.4579631655049,59400
2010-09-15,77.80442810058594,77.86467885496795,77.12655683299674,77.29225933689368,9250
2010-09-16,77.77430725097656,77.8194967576572,77.35251745190915,77.59353773150049,59550
2010-09-17,77.84964752197266,78.24130343466888,77.5935601685195,78.24130343466888,49350
2010-09-20,79.11498260498047,79.11498260498047,77.92494246512695,78.13583449064494,19000
2010-09-21,78.87397766113281,79.4162748301143,78.54257255867127,79.09993098395654,19250
2010-09-22,78.45216369628906,79.11496790279992,78.30152245864411,78.75343467882767,18100
2010-09-23,77.80442810058594,78.58773962493768,77.6688538470681,77.8194893525874,33350
2010-09-24,79.39321899414062,79.43865971521224,78.65108795515172,78.7116717315226,24100
2010-09-27,79.01457977294922,79.49924421071339,79.01457977294922,79.49924421071339,15000
2010-09-28,79.52954864501953,79.52954864501953,78.31790171541576,78.99945491881422,49850
2010-09-29,79.15086364746094,79.45377665215359,78.9236832271302,79.1963043535951,15900
2010-09-30,79.02970886230469,80.02931782139032,78.72679583097272,79.66582102827486,44750
2010-10-01,79.3023452758789,79.6355502522338,78.87827041694479,79.57496647878988,17100
2010-10-04,78.63591766357422,79.71125917915654,78.37844535063917,79.71125917915654,88700
2010-10-05,80.3625259399414,80.42310392655635,79.3780599932304,79.52951362614635,19850
2010-10-06,80.22623443603516,80.48370682873303,79.98390509919541,80.36254504910671,276900
2010-10-07,80.1807861328125,80.65030170624482,79.75671127783272,80.65030170624482,49900
2010-10-08,80.78662872314453,80.83206367324335,80.01420568352572,80.28682116170643,61550
2010-10-11,80.65031433105469,80.90778673971465,80.48371181835118,80.81691684375818,14200
2010-10-12,81.11980438232422,81.21067424960859,80.07475468786858,80.5594132386708,42050
2010-10-13,81.6044692993164,81.99825223596868,81.21068058507802,81.46815871017021,74450
2010-10-14,81.30156707763672,81.64991512355037,80.8774922004526,81.55903945947368,19100
2010-10-15,81.45301818847656,81.84680694288568,80.81690589262804,81.81651505580908,54950
2010-10-18,82.04366302490234,82.11939560137097,81.36211605736004,81.49842660638538,22850
2010-10-19,80.74116516113281,81.54387980889209,80.28679271080763,81.13494807015084,38550
2010-10-20,81.6044692993164,81.9073823615953,80.98350012155844,80.98350012155844,22800
2010-10-21,81.72564697265625,82.36176510507605,81.2561371234,81.98312514788888,29400
2010-10-22,81.92253112792969,81.93767418218594,81.7407855889222,81.90738807367345,24850
2010-10-25,82.16485595703125,82.755533259774,82.13456407258467,82.55863889966434,29600
2010-10-26,82.14973449707031,82.21031250430049,81.69536188852373,81.72565378093269,15000
2010-10-27,81.89224243164062,81.95282620619845,81.19554635698589,81.58932933643825,17150
2010-10-28,81.95281982421875,82.40718654284566,81.60447181401857,82.36175160425887,19250
2010-10-29,82.0134048461914,82.10427472475237,81.78621859461626,81.86194541927918,13400
2010-11-01,82.058837890625,82.86155261317174,81.604471175553,82.48291272101403,51550
2010-11-02,82.6949462890625,82.86154875827499,82.43747394761483,82.71009511949235,26100
2010-11-03,83.04330444335938,83.04330444335938,82.02854652165213,82.8615531341189,31850
2010-11-04,84.6032943725586,84.66387813902037,83.86115767736688,83.9823252102904,49000
2010-11-05,84.93650817871094,85.04252689229543,84.5730113195737,84.73961380594548,48300
2010-11-08,84.8304443359375,84.87588503324199,84.43666155066325,84.72442567153351,43400
2010-11-09,84.16407012939453,85.04251740404173,83.90659779015472,84.95164175499984,35700
2010-11-10,84.48210906982422,84.51240094668356,83.5430839975235,84.17920185640025,28200
2010-11-11,84.20951080322266,84.27009457337881,83.61883348816596,83.8157278523803,24000
2010-11-12,83.16447448730469,83.95204623968581,82.83126949810082,83.60369819533035,39450
2010-11-15,83.08875274658203,83.69457320873673,83.0281689670904,83.52797648151555,202750
2010-11-16,81.75591278076172,82.55862738508849,81.39242177327183,82.55862738508849,32850
2010-11-17,81.8165054321289,82.13456154264176,81.61961107808408,81.83164848509266,42450
2010-11-18,83.02816772460938,83.24020517206982,82.60409282968847,82.60409282968847,26100
2010-11-19,83.2250747680664,83.25536666196388,82.57381349324069,82.92216160667965,20250
2010-11-22,83.14929962158203,83.14929962158203,82.22541761594017,82.86152968551248,25350
2010-11-23,81.98310089111328,82.2708650935018,81.72562279206207,82.21028133165616,142400
2010-11-24,83.04330444335938,83.13417432039331,82.49806207081056,82.49806207081056,30100
2010-11-26,82.57377624511719,82.84639738963006,82.4071737926276,82.5131924846509,32650
2010-11-29,82.49805450439453,82.66465696712498,81.52873738769271,82.05883088039347,46000
2010-11-30,81.92253112792969,82.43748163643971,81.64990993062518,81.75592864317844,91950
2010-12-01,83.77030944824219,83.86117934382611,83.20991813006651,83.24021002112364,33350
2010-12-02,84.86076354980469,84.89105543190621,83.86115455079751,83.86115455079751,60650
2010-12-03,85.07282257080078,85.16369824020418,84.54272894324897,84.55787777694314,184100
2010-12-06,84.96678161621094,85.13338407773689,84.8153279844159,84.9364955119205,64150
2010-12-07,84.9970932006836,85.8603918127192,84.96680131178569,85.8300999238213,109000
2010-12-08,85.34542846679688,85.37572035115525,84.7850430501324,85.11824800048834,69050
2010-12-09,85.66348266601562,85.83007934863697,85.31513469357627,85.83007934863697,54850
2010-12-10,86.17845153808594,86.23902953673469,85.7392278267578,85.93612221073022,73950
2010-12-13,86.22388458251953,86.66310828417446,86.19359269506884,86.57223262182237,77050
2010-12-14,86.269287109375,86.60249196854475,86.07239858130615,86.42074648971789,59650
2010-12-15,85.89067077636719,86.48134807702067,85.75436018563283,86.13300007349648,43600
2010-12-16,86.3904800415039,86.45106381147306,85.66349213463292,85.99669131429067,60600
2010-12-17,86.51164245605469,86.58736928029387,86.19358632769827,86.32989692236336,59150
2010-12-20,86.69339752197266,86.89028611800441,86.29960877473596,86.76912434949153,72600
2010-12-21,87.2235107421875,87.31438642223488,86.92059758628415,86.98118137298239,76200
2010-12-22,87.54154968261719,87.54154968261719,87.26892847385551,87.34465530349225,108250
2010-12-23,87.40522766113281,87.48095448087793,87.20833908531274,87.42037649163345,57400
2010-12-27,87.47064208984375,87.50106684471578,87.02940769173587,87.07505062807957,71800
2010-12-28,87.56194305419922,87.65323474665676,87.33372252911033,87.65323474665676,56650
2010-12-29,87.63802337646484,87.82060677557588,87.63802337646484,87.72931507602036,53600
2010-12-30,87.5010757446289,87.68365911664591,87.39457167963711,87.5771550516541,78900
2010-12-31,87.59237670898438,87.59237670898438,87.24243391493795,87.37936855643758,145750
2011-01-03,88.41399383544922,88.74872428402492,88.17055509213165,88.20098566055103,119200
2011-01-04,88.33792877197266,88.67265344855016,87.86626362238151,88.67265344855016,108350
2011-01-05,88.80953216552734,88.85518089578484,88.03357339956227,88.14007743010582,717750
2011-01-06,88.65744018554688,88.9465219042779,88.41400142134233,88.88566076221727,72450
2011-01-07,88.47482299804688,88.9008391938837,87.85101108098495,88.77911696419582,82250
2011-01-10,88.39876556396484,88.45962669386006,87.85103280701826,88.15532684842076,124500
2011-01-11,88.6878662109375,88.88565620643999,88.33792336808195,88.74872734987873,131700
2011-01-12,89.47904968261719,89.55512320944193,89.0834580566677,89.25082329810493,107350
2011-01-13,89.35730743408203,89.57031558322058,89.1290869045922,89.52467263812996,96050
2011-01-14,89.99633026123047,90.02675501942312,89.20515305538684,89.23558361761579,193400
2011-01-18,90.14849853515625,90.2093596739718,89.79855569302329,89.96592092274723,194900
2011-01-19,89.25078582763672,90.1484669969833,89.02255953894151,90.1028240608585,111950
2011-01-20,89.1442642211914,89.29641118100623,88.49002184672557,89.06819074128398,103450
2011-01-21,89.34208679199219,89.87460711559474,89.25079510621622,89.69202954807903,117950
2011-01-24,89.88985443115234,89.92027919890187,89.29646698735084,89.3116851752637,455900
2011-01-25,89.8593978881836,89.92025321013233,89.15950654742718,89.6159591882794,226550
2011-01-26,90.3310775756836,90.48323042512799,89.95070415812921,90.1028570075736,109250
2011-01-27,90.45278930664062,90.6049363343039,90.1332770661255,90.28542409378878,297250
2011-01-28,88.85523986816406,90.6962459654573,88.76394815109398,90.58974186422797,891400
2011-01-31,89.5398941040039,89.61597342559031,88.96173072740129,89.17473889815355,140550
2011-02-01,90.93965911865234,91.1222366973143,90.05719018105245,90.13326949252847,147400
2011-02-02,90.78751373291016,91.03095826310675,90.71144021924225,90.71144021924225,91000
2011-02-03,91.01570129394531,91.13742350717482,90.14845083880614,90.68097101159876,72250
2011-02-04,91.25917053222656,91.30481347548275,90.63535849023378,91.06137477138888,97050
2011-02-07,91.83734893798828,92.14164879995323,91.48740612814157,91.51783669474177,118050
2011-02-08,92.26338195800781,92.27860014608031,91.74607384026808,91.9590820409777,153500
2011-02-09,92.03511047363281,92.2633309321604,91.6395190590624,92.03511047363281,139650
2011-02-10,92.06553649902344,92.17204634598565,91.41129986562869,91.59387739578455,125200
2011-02-11,92.64375305175781,92.75025714940928,91.71564094019094,91.74607151152537,149200
2011-02-14,92.8719253540039,92.91756828240796,92.49155213987778,92.59805617551032,92200
2011-02-15,92.5372314453125,92.70459665396598,92.33943567108233,92.59809257646593,82150
2011-02-16,93.1305923461914,93.2675269589528,92.79586780702459,92.88715367950843,94300
2011-02-17,93.48058319091797,93.54144433992914,92.78069738940529,92.85677092364995,158250
2011-02-18,93.6327133178711,93.73921740074901,93.32841345077537,93.54142161653121,120800
2011-02-22,91.71563720703125,93.10019622418186,91.47219845030271,92.5676757576,288400
2011-02-23,91.19831085205078,91.86777165195724,90.60492936416033,91.66997588798155,276000
2011-02-24,91.10701751708984,91.41131732817082,90.27019738964428,91.03094401532864,241300
2011-02-25,92.09602355957031,92.14167232314303,91.44178072073457,91.54828482900656,106350
2011-02-28,92.64375305175781,92.76547533709551,92.17209370616928,92.46117542778929,208350
2011-03-01,91.06137084960938,93.03931676472797,91.06137084960938,93.02409858160696,235350
2011-03-02,91.32003021240234,91.71561592377358,90.90922631749582,91.0005180065983,176350
2011-03-03,92.88716888427734,92.99367295563265,92.1112098209692,92.1112098209692,136450
2011-03-04,92.20249938964844,92.85674202783018,91.59390550103909,92.85674202783018,168250
2011-03-07,91.39611053466797,92.61330412663557,90.98530660912199,92.5068000500907,155200
2011-03-08,92.24813079833984,92.52200002814477,91.25915793470698,91.60910066078311,106350
2011-03-09,92.14165496826172,92.3394449583482,91.66998986043916,92.09600621328696,116450
2011-03-10,90.45278930664062,91.19831786784258,90.34628522646891,91.19831786784258,267850
2011-03-11,91.06137084960938,91.39610122983613,90.07240369608635,90.07240369608635,134350
2011-03-14,90.52886962890625,90.72666542297385,89.81376577622625,90.49843906027758,146100
2011-03-15,89.52469635009766,89.95071276121162,87.95755957718131,88.10970663713964,346800
2011-03-16,87.82057189941406,89.43335065615283,87.21197241881107,89.2051302039528,339900
2011-03-17,88.91608428955078,89.31167587756916,88.42920679971085,89.11388008355998,176200
2011-03-18,89.29645538330078,90.0724203529535,89.11387778033905,90.0724203529535,127700
2011-03-21,90.65060424804688,90.817963692239,90.2854431788134,90.40715966586569,136100
2011-03-22,90.3310775756836,90.75709975009016,90.30064700579472,90.66580804042353,137800
2011-03-23,90.62013244628906,90.84835293219416,89.72245127204346,90.16367986640758,204150
2011-03-24,91.47217559814453,91.57867966485338,90.68099838542426,91.15266339801798,110800
2011-03-25,91.74421691894531,92.14157978535842,91.53025498934993,91.71365009614235,134300
2011-03-28,91.54553985595703,92.18742563450748,91.5149730336415,91.98874420446914,166150
2011-03-29,92.14159393310547,92.17216076060177,91.16347877332888,91.4691353882394,110950
2011-03-30,92.76818084716797,93.0279900841068,92.55421892733008,92.645913561532,105550
2011-03-31,92.64590454101562,92.89043325845384,92.53892359151294,92.69175768367712,127500
2011-04-01,93.07384490966797,93.48648243106796,92.84459665997895,93.31837365532452,70400
2011-04-04,93.11972045898438,93.42538294122997,92.85990530856618,93.30311561632097,78800
2011-04-05,93.11972045898438,93.47123027305739,92.89047213979343,92.89047213979343,204950
2011-04-06,93.39479064941406,93.6087525796492,93.05856142760149,93.59347208321469,142900
2011-04-07,93.22669982910156,93.60877646774543,92.73764219803958,93.27254716013024,107150
2011-04-08,92.87519073486328,93.62405768754498,92.47782776280505,93.60877718709361,86850
2011-04-11,92.55424499511719,93.241978265431,92.40141084502667,92.98216895531719,139650
2011-04-12,91.88175964355469,92.1568552035973,91.54553627129985,92.08044106581325,104800
2011-04-13,91.91233825683594,92.38611529992171,91.54554801640404,92.34026214734841,185100
2011-04-14,91.92760467529297,92.08043293737009,91.05647075539949,91.37741360377613,78450
2011-04-15,92.24854278564453,92.49307149042326,91.86646632005125,92.08042820797961,79700
2011-04-18,91.2398681640625,91.39269643003934,90.50628199332931,91.16345403107408,151650
2011-04-19,91.80535125732422,91.80535125732422,91.17874596019848,91.40799421793794,78900
2011-04-20,93.04328918457031,93.2114038103892,92.82932723535568,92.90574138435721,173250
2011-04-21,93.45591735839844,93.51704516962457,93.18082180279366,93.51704516962457,197850
2011-04-25,93.36421966552734,93.53233426894121,93.08912410176376,93.47120062587706,99000
2011-04-26,94.17423248291016,94.37291393412607,93.6240412826358,93.70046126158292,85050
2011-04-27,94.78556060791016,94.93838891103083,93.99084060562531,94.41876451838405,72850
2011-04-28,95.09121704101562,95.21347850978852,94.6480068279093,94.67857365260893,66050
2011-04-29,95.36630249023438,95.42743030310649,95.07592060148528,95.13705424438247,99000
2011-05-02,95.15234375,95.85536904983645,94.99951545831091,95.85536904983645,131000
2011-05-03,94.84669494628906,95.1523515547383,94.37291787515097,95.03009007736382,66500
2011-05-04,94.20476531982422,94.83137044294348,93.82268888304361,94.83137044294348,107000
2011-05-05,93.37950134277344,94.26592168834385,92.95157749596022,93.70045005790851,98950
2011-05-06,93.82273864746094,94.75500658049266,93.44066200802347,94.3576494406895,138550
2011-05-09,94.20476531982422,94.43401351390209,93.66986064034086,93.83797520532814,66000
2011-05-10,94.9842300415039,95.12177782891014,94.38818574272668,94.49517253739849,175550
2011-05-11,93.97554779052734,94.84668183019834,93.54761810382865,94.84668183019834,174400
2011-05-12,94.47990417480469,94.55631833122031,93.24197385277651,93.74631777916717,113500
2011-05-13,93.65460205078125,94.5257361181968,93.37950646843682,94.46460830102897,126400
2011-05-16,93.07384490966797,94.00610674434127,92.93629712585958,93.37950146921979,113500
2011-05-17,93.0585708618164,93.11970451380282,92.40139867802746,92.73762793392672,142400
2011-05-18,93.92967987060547,93.97553301234215,92.98213183839655,93.15024642137422,70550
2011-05-19,94.0519790649414,94.34235518771933,93.71574978486333,94.2506547031454,266650
2011-05-20,93.42535400390625,93.99082563139541,93.22667257748164,93.88384467024949,95450
2011-05-23,92.30967712402344,92.58477264775257,92.0040147832106,92.23325716630205,136200
2011-05-24,92.23328399658203,92.7376278801384,92.09573619470538,92.58479958028698,89650
2011-05-25,92.53894805908203,92.84461049420396,91.82064804107544,91.82064804107544,62300
2011-05-26,92.90576171875,93.07387638136434,92.11104156913585,92.2944367328846,60450
2011-05-27,93.3183822631836,93.53234420661617,93.11970081712805,93.21140129146731,47600
2011-05-31,94.25061798095703,94.26590430410997,93.54759869654826,94.22005699469933,172500
2011-06-01,92.1568603515625,94.0213957337781,92.11101303233599,94.0213957337781,222000
2011-06-02,92.04988098144531,92.40139070499751,91.56082346780525,92.23327609155398,211800
2011-06-03,91.16345977783203,91.83591235255466,90.93421153439078,90.93421153439078,148450
2011-06-06,90.20063018798828,91.07176423206371,90.12421604605673,90.98006376373066,113250
2011-06-07,90.078369140625,90.88837542531566,90.06308864318966,90.56742667891616,203700
2011-06-08,89.71159362792969,90.23121807641277,89.60461263824435,89.94083610724398,87600
2011-06-09,90.39932250976562,90.76611276722765,89.75743081416803,90.00195959581806,43350
2011-06-10,89.13082885742188,90.06309669501917,88.94743372167322,90.04781036619146,106750
2011-06-13,89.19198608398438,89.57406278528312,88.77934254697838,89.32953392965304,77900
2011-06-14,90.33818817138672,90.67441742986405,90.03252573913694,90.03252573913694,75400
2011-06-15,88.76400756835938,89.83381701141582,88.56532617320994,89.61985512280452,79700
2011-06-16,88.93212890625,89.3294917528017,88.29024314954731,88.79458112552442,66050
2011-06-17,89.17666625976562,89.78799108426448,88.9321374959712,89.77271058716353,58800
2011-06-20,89.68099212646484,89.8338203869228,88.88627234602973,88.90155284006575,53700
2011-06-21,90.9036636352539,91.05649777270283,90.04780995561865,90.12422993935621,132450
2011-06-22,90.3687744140625,91.13292774385833,90.32292124985624,90.67443691198628,106050
2011-06-23,90.06307983398438,90.093646655891,88.64175468046457,89.28364045042827,260750
2011-06-24,89.0725326538086,90.11683178117704,88.91896166498994,90.08611641174177,114500
2011-06-27,89.82506561279297,90.16292303905452,88.93433726546917,89.133984284414,77850
2011-06-28,90.97686767578125,91.00757719466489,90.11685468805928,90.2090008197878,59500
2011-06-29,91.79077911376953,91.91363473017852,91.11505857762621,91.4529159165191,125350
2011-06-30,92.66616821289062,92.78902385793087,92.00580227801743,92.0979484055668,124850
2011-07-01,94.06365203857422,94.14043752162821,92.55863430895985,92.71220527506784,139550
2011-07-05,93.91010284423828,94.14045934680529,93.67974048331308,93.98688834509394,91850
2011-07-06,94.04828643798828,94.17114202503342,93.49542165039472,93.74113868284117,94850
2011-07-07,95.07726287841797,95.29226463589218,94.73939962618218,94.89297649463413,195400
2011-07-08,94.43224334716797,94.43224334716797,93.69508620662289,93.98687928344296,105600
2011-07-11,92.68150329589844,93.55687081752589,92.48186218279581,93.24972884095025,92750
2011-07-12,92.26686096191406,93.23436873847771,92.26686096191406,92.49721744560924,132400
2011-07-13,92.58937072753906,93.54152382230161,92.38972373951592,92.77365710044448,129700
2011-07-14,91.9904556274414,93.20368085946949,91.77544797754179,92.85046279360213,55900
2011-07-15,92.49723052978516,92.58937665131236,91.86758001191224,92.49723052978516,40350
2011-07-18,91.7140121459961,92.15937043608623,91.03828561500917,92.09794554465367,94000
2011-07-19,93.20365905761719,93.28045041522688,92.20543585062994,92.2515059785093,233300
2011-07-20,93.20365905761719,93.51080691298175,93.03473330260684,93.49545215647466,90750
2011-07-21,94.44761657714844,94.63190296915364,93.51081814205395,93.67974977570822,234250
2011-07-22,94.5243911743164,94.60117667392504,93.9868868186979,94.44760567470779,90250
2011-07-25,93.98689270019531,94.44761158503599,93.52617381535464,93.58759870387051,183650
2011-07-26,93.58760833740234,94.06368788714654,93.43403731276695,93.92547162163108,138850
2011-07-27,91.72933959960938,93.09614115464333,91.60648399495537,93.0654257888906,470300
2011-07-28,91.46827697753906,92.51257608473354,91.34541550217143,91.69863345631698,169150
2011-07-29,90.76187133789062,91.65259981378014,90.17829667268018,90.57758490984311,194600
2011-08-01,90.4393310546875,92.00577968827055,89.59467893045795,91.97506431996216,435950
2011-08-02,88.18181610107422,90.22434449919574,88.13574597004721,89.80969574487727,258400
2011-08-03,88.62716674804688,88.71931285444329,86.75357611818048,88.273948794397,380550
2011-08-04,84.48068237304688,87.50607870969044,84.34246614806425,87.44464797450765,504200
2011-08-05,84.29637908935547,85.73997178432359,82.11564115372747,85.52496425438225,538450
2011-08-08,78.89063262939453,83.11389998858806,78.73706161422189,81.40923477172164,790300
2011-08-09,82.42282104492188,82.46889703746947,77.49311750252556,80.16529659429077,579800
2011-08-10,78.84455871582031,81.62423848068228,78.69098770801159,80.97922735949709,403100
2011-08-11,82.29994201660156,83.46709666517039,79.28990636544656,79.64312429670234,919300
2011-08-12,82.96034240722656,83.69749394446826,82.40747728970537,83.29820572534722,307200
2011-08-15,84.66498565673828,84.77248652819566,83.58997108380639,83.77425745511073,225950
2011-08-16,83.94318389892578,84.74176593652979,83.11388649160341,83.86639840380876,263800
2011-08-17,84.03533172607422,85.07963088441667,83.39032066551782,84.46533519420656,160550
2011-08-18,80.5492172241211,81.93137375576418,79.65848904870755,81.83923350200276,524000
2011-08-19,79.01346588134766,81.25563470811421,78.96738990658079,79.36668377665828,1438400
2011-08-22,79.07491302490234,80.91778836417588,78.921336174391,80.8717182382014,246400
2011-08-23,81.80852508544922,81.83924045876664,79.09027605962042,79.4895641960301,301950
2011-08-24,82.92960357666016,82.99103431864879,81.43994030440484,81.6395872866889,151000
2011-08-25,81.68568420410156,83.83571401197563,81.10210953889111,83.48249591723459,294150
2011-08-26,82.76063537597656,83.1445685561274,79.8734562209028,81.1327624414845,197500
2011-08-29,85.17178344726562,85.20249882205133,83.88176699806023,83.95855250584509,159000
2011-08-30,85.32536315917969,85.93965310024907,84.20427830482811,84.8492836217048,129900
2011-08-31,85.75534057617188,86.69213874861863,85.17176033035376,85.98570289536136,214950
2011-09-01,84.92609405517578,86.61540507018371,84.88002390712414,85.80146201832073,274900
2011-09-02,82.72996520996094,83.57461749601458,82.46889331685796,83.17532934822219,150350
2011-09-06,82.16171264648438,82.2692134840823,80.34954730075323,80.41097802462527,197950
2011-09-07,84.48068237304688,84.49604298602125,83.15995671676069,83.4824592889344,199700
2011-09-08,83.58997344970703,84.9107051745456,83.45175720272722,83.95854620274767,115650
2011-09-09,81.39385223388672,82.8835151777471,80.96384885147619,82.66851348654183,174200
2011-09-12,81.97746276855469,81.97746276855469,80.13458124180877,80.39565314676535,161350
2011-09-13,82.65319061279297,82.97569329684816,81.68567670226801,82.23854179399656,193500
2011-09-14,83.82032012939453,84.81854318558393,81.97743913396238,83.12923902381283,459000
2011-09-15,85.26393127441406,85.3100014083333,84.01998493336521,84.72642099246804,128700
2011-09-16,85.77072143554688,86.0471539593669,85.00285461568215,85.57108028040047,79000
2011-09-19,84.97211456298828,85.30997185863359,83.83566950029912,84.35781898450385,82150
2011-09-20,84.83390808105469,86.10856364382906,84.80319271277179,85.3253422568662,154550
2011-09-21,82.26924896240234,85.12571441237354,82.26924896240234,84.9260674028705,139000
2011-09-22,79.689208984375,80.62600734033335,78.6141943814989,80.01171160773035,420500
2011-09-23,80.05986022949219,80.55405642481816,79.11779689112599,79.22590194064834,329200
2011-09-26,82.0057601928711,82.11386524658643,79.78187722764818,80.8629336560851,193850
2011-09-27,82.94783020019531,84.38408990443634,82.51540995075811,83.73545953028055,617550
2011-09-28,81.29536437988281,83.5810236402023,81.14093025212131,83.16404442570501,197300
2011-09-29,81.88219451904297,82.97869173973696,80.43049422226284,82.66981770666314,119300
2011-09-30,79.93630981445312,81.4497923202371,79.82820476279477,80.73938012054627,183300
2011-10-03,77.48077392578125,80.36874014735862,77.48077392578125,79.39578873988076,333100
2011-10-04,79.17955780029297,79.39576785813773,75.85917222258485,76.55413733085891,285650
2011-10-05,80.75481414794922,80.9401362223925,78.76258270101572,79.4421009014961,281000
2011-10-06,82.31463623046875,82.33008317638101,80.1216412136247,80.70849555004894,583800
2011-10-07,81.68144226074219,82.74705759876254,81.21813406178192,82.74705759876254,627150
2011-10-10,84.44583892822266,84.44583892822266,83.13313165254127,83.1949017460936,168200
2011-10-11,84.41497039794922,84.72384450205152,83.85899818882179,83.98255018697613,663200
2011-10-12,85.18714141845703,86.17553370751658,84.94004334619216,85.15625342301358,509150
2011-10-13,85.0635986328125,85.279808718034,84.09064735803271,84.70838961705375,364000
2011-10-14,86.46897888183594,86.53074899012906,85.6504616156537,86.09832877565935,423450
2011-10-17,84.84735870361328,86.17551272792649,84.6620366673523,86.08285465543665,309650
2011-10-18,86.54620361328125,87.13305798746966,84.1678804401469,84.8165108193922,259100
2011-10-19,85.46514129638672,86.85507185952582,85.24893118462812,86.3608697438557,107900
2011-10-20,85.85123443603516,86.08289149897175,84.63118490163228,85.71224137652997,68200
2011-10-21,87.50370788574219,87.58092494620881,86.66974949362094,86.87051856386141,87200
2011-10-24,88.61561584472656,88.77004990193849,87.59633574979556,87.68899382761006,138550
2011-10-25,86.90138244628906,88.16776073855951,86.66972543790297,88.16776073855951,102400
2011-10-26,87.7353515625,88.07510775493405,86.32998006796491,87.84345660890399,1922200
2011-10-27,90.7623062133789,91.34916639777643,89.4187106910718,90.17544602898137,309200
2011-10-28,90.8549575805664,90.94761567118871,90.25265053510904,90.37620251098208,693650
2011-10-31,88.52298736572266,89.83569505215168,88.52298736572266,89.77392493927141,153450
2011-11-01,86.17552185058594,87.1793609448899,85.83576573002064,86.12919280943656,307150
2011-11-02,87.53457641601562,87.84345048045677,86.73150620498176,87.45735937272603,122650
2011-11-03,89.15618133544922,89.32606241012927,87.28750129653729,88.52299198791358,173650
2011-11-04,88.64653778076172,88.72375483893721,87.58092234757467,88.38399271342436,147450
2011-11-07,89.15618133544922,89.20251039534948,87.75080956939286,88.52299198791358,79500
2011-11-08,90.22177124023438,90.36076428085188,88.8163997812276,89.65035802493264,135700
2011-11-09,86.96314239501953,88.58472348079924,86.79326140570598,88.21407351399864,246850
2011-11-10,87.75077056884766,88.18319064582057,86.96314744417815,88.10597361654423,121800
2011-11-11,89.46505737304688,89.65037950785128,88.81642106430479,88.83186801212109,132650
2011-11-14,88.60018157958984,89.17160063384217,88.1986494386257,89.12526569702449,359550
2011-11-15,89.0634994506836,89.51136657745378,88.12144203782364,88.43031023021935,402200
2011-11-16,87.62718963623047,89.15610623795342,87.50363772552026,88.18315556058832,91900
2011-11-17,86.22187042236328,87.67357089041198,85.65045133181313,87.45736080913694,989950
2011-11-18,86.09832763671875,86.62341184360749,85.78945353420477,86.49985984608848,188150
2011-11-21,84.55397033691406,84.98639058310657,83.76634690402284,84.86284446617329,236700
2011-11-22,84.10610961914062,84.78563393408236,83.68913039623123,84.32231975888229,263300
2011-11-23,82.33008575439453,83.41113635075538,82.31463880799858,83.39569529564332,249100
2011-11-25,82.0829849243164,83.07137737481344,82.0829849243164,82.16020197989579,75650
2011-11-28,84.53854370117188,84.80108292648863,83.88990732996193,84.36866260653868,155550
2011-11-29,84.78562927246094,85.32615459209632,84.47675513640466,84.75474126972689,134950
2011-11-30,88.26045227050781,88.39944534066942,86.96318557942766,87.17939571272697,424450
2011-12-01,88.19867706298828,88.67742639355245,87.88980291635326,88.13690105540441,107350
2011-12-02,88.15232849121094,89.3260429190916,88.13688154709183,89.10983283168856,127300
2011-12-05,89.10983276367188,89.78935102231749,88.58474859840112,89.57314093507948,194500
2011-12-06,89.18704986572266,89.72757508415322,88.81639979359667,89.0943858748704,67600
2011-12-07,89.48050689697266,89.82026908566891,88.3067920770988,88.87820548340022,86600
2011-12-08,87.55001831054688,89.00172466000342,87.31836717844921,88.81639668478589,93450
2011-12-09,89.0326156616211,89.21793775181229,87.87434228818083,87.93611239072254,882200
2011-12-12,87.75077056884766,88.24496662575434,86.99403543414503,88.24496662575434,127200
2011-12-13,86.9168701171875,88.61567534354803,86.48444975363074,88.19869603956734,162800
2011-12-14,85.94389343261719,86.8705098478138,85.78945343589542,86.56163574565376,945150
2011-12-15,86.26821899414062,86.96318433500382,86.14466698186087,86.88596138168687,82550
2011-12-16,86.33000946044922,87.33384321758433,86.20645742747465,86.88597593497927,1480000
2011-12-19,85.44967651367188,86.87048879142287,85.27979550409685,86.70060778184785,454150
2011-12-20,87.99787139892578,88.15231135367715,86.74693427620817,86.74693427620817,143850
2011-12-21,88.26045227050781,88.32222238624742,87.27205383197851,87.95157812667267,182650
2011-12-22,89.09439849853516,89.09439849853516,88.4148801431877,88.56931425853999,1439800
2011-12-23,89.79815673828125,89.86030221457212,89.14564701678353,89.3010047809919,256450
2011-12-27,89.89137268066406,91.66247722455657,89.61172397094222,89.62725737636292,388650
2011-12-28,88.78834533691406,89.89140119374558,88.63298160083322,89.89140119374558,180300
2011-12-29,89.59618377685547,91.78676729077031,88.95920748340035,89.03689228931229,259100
2011-12-30,89.25440216064453,89.76708754398713,89.25440216064453,89.58065703427337,254300
2012-01-03,90.57495880126953,91.24300786534347,90.57495880126953,90.80800137767446,163250
2012-01-04,90.73033905029297,90.82355135664862,90.07782327320346,90.45069027818603,448450
2012-01-05,91.02552795410156,91.11874619386197,89.86032662643848,90.32640597219962,253500
2012-01-06,90.83909606933594,91.11874485799687,90.48176837860706,91.11874485799687,166900
2012-01-09,90.97889709472656,91.07210938265737,90.52835128133161,90.9944305005421,177000
2012-01-10,91.75570678710938,92.08196167997073,91.6469551561556,91.9421373078131,261200
2012-01-11,91.8488998413086,91.92657871478434,91.32067520454811,91.49157228210564,203800
2012-01-12,92.0508804321289,92.1596320530327,91.33622523004145,92.06641383803566,202250
2012-01-13,91.66252136230469,91.66252136230469,90.74589591162078,91.42947868314785,147200
2012-01-17,91.91109466552734,92.57914400388354,91.70912474482117,92.42378617350731,324250
2012-01-18,92.93643951416016,92.93643951416016,91.74016567039716,91.91106278043749,172100
2012-01-19,93.4336166381836,93.48022279835791,92.99861000583424,93.21611332200891,224500
2012-01-20,93.4336166381836,93.48022279835791,93.04521616600856,93.27825881992193,345200
2012-01-23,93.52680969238281,93.97735554111046,93.10733658424185,93.43359147062284,130950
2012-01-24,93.38700103759766,93.44914652922844,92.81217005631362,92.9675278588703,203100
2012-01-25,94.21041107177734,94.41238096277634,92.93645808520608,93.27825237358586,254050
2012-01-26,93.7287826538086,94.76969282867287,93.34038227336322,94.66094119626972,137600
2012-01-27,93.60450744628906,93.8220107477135,93.21610700045383,93.24717974730311,104100
2012-01-30,93.29376220703125,93.3714410911632,92.423749222323,92.7500040915886,329650
2012-01-31,93.24718475341797,93.93076744123975,92.90539044624668,93.83755512220816,157450
2012-02-01,94.13272857666016,94.56773516235042,93.88415253819142,93.99290418461398,99050
2012-02-02,94.31915283203125,94.50558929333617,93.96182517097658,94.33469216706658,143050
2012-02-03,95.6552505493164,95.6552505493164,95.06488027873435,95.23577740389125,223150
2012-02-06,95.51542663574219,95.56203278773351,95.08042007977019,95.22024446226402,150200
2012-02-07,95.81061553955078,95.95043993186674,94.98720852175691,95.36007554343956,164250
2012-02-08,96.01258087158203,96.09025976884834,95.45328332883271,95.85722307704943,259750
2012-02-09,96.12133026123047,96.33883353908867,95.6552509620315,96.24562123516077,259000
2012-02-10,95.46883392333984,95.54651282976724,95.11150621255734,95.2979367732872,123500
2012-02-13,96.1989974975586,96.30775504982633,95.77953032768194,96.15239135124321,230400
2012-02-14,96.05916595458984,96.10577209454739,95.43772309807044,95.93487501267865,203400
2012-02-15,95.63973999023438,96.50975330576867,95.4533034856017,96.40100164132687,188100
2012-02-16,96.6806411743164,96.74278666988432,95.48436705397702,95.6397307928968,438550
2012-02-17,96.91366577148438,97.0379508129543,96.57187153603286,97.02241740521539,604200
2012-02-21,96.97577667236328,97.37971627244433,96.68059460039467,97.17774647240381,758200
2012-02-22,96.6495590209961,97.00688669595696,96.50973463283574,96.78938340915644,190900
2012-02-23,97.11564636230469,97.16225844655558,96.29223930095915,96.6184942581126,328050
2012-02-24,97.25547790527344,97.48852056408283,97.10012008374784,97.31762340449208,162950
2012-02-27,97.42634582519531,97.72153389463128,96.49418732275986,96.66508443106085,267800
2012-02-28,97.76814270019531,97.79921544132395,97.31759684360912,97.51956669768558,141900
2012-02-29,97.23991394042969,98.1876117629187,97.1933077939201,97.90796303082296,229600
2012-03-01,97.87689971923828,98.04779684159439,97.25545671549237,97.59725096020459,193450
2012-03-02,97.61279296875,97.92350855261455,97.37975035433172,97.8458296566484,142800
2012-03-05,97.19332122802734,97.47296999877629,96.83599356018593,97.42635791930482,667900
2012-03-06,95.67078399658203,96.21454215541804,95.46881414050603,96.16793600652336,411100
2012-03-07,96.43206024169922,96.57188463639534,95.90383540912723,95.99705364776476,170350
2012-03-08,97.36422729492188,97.56619719941162,96.8204690057428,97.03797232141441,253600
2012-03-09,97.73706817626953,97.98564417424504,97.47295877127273,97.58171039997956,152950
2012-03-12,97.78368377685547,97.8924354160756,97.42635611562933,97.76815036833253,174700
2012-03-13,99.53924560546875,99.57031241949954,98.15654124684691,98.32743835661263,192100
2012-03-14,99.46158599853516,99.78785282026004,99.1508703673248,99.58587699223591,709950
2012-03-15,99.97425842285156,100.05194324238389,99.33728201771626,99.6013973657829,501650
2012-03-16,100.11405944824219,100.28495651880162,99.97422918458636,100.22281105195857,272250
2012-03-19,100.53353881835938,100.85979366937694,100.02084754403008,100.11407168220457,143500
2012-03-20,100.25391387939453,100.36266552218463,99.71015566544408,99.98980444019575,1310800
2012-03-21,100.09854125976562,100.39372932635689,99.89657733964641,100.28497769967142,162100
2012-03-22,99.32174682617188,99.61693491144673,99.0731708170833,99.35281956812288,633200
2012-03-23,99.71016693115234,99.77231242734533,98.90229326020582,99.47712428368905,111950
2012-03-26,101.06002044677734,101.06002044677734,100.38899144431113,100.40458818661929,203000
2012-03-27,100.77914428710938,101.26290532458815,100.73233023908402,101.20048262525015,573550
2012-03-28,100.29534149169922,100.87274235928297,99.71795253002443,100.7478969977661,201350
2012-03-29,100.12369537353516,100.23293208988153,99.2966097245424,99.70234524912117,2612050
2012-03-30,100.4513931274414,100.68546327222276,100.06126034492891,100.59183521431021,270750
2012-04-02,101.26287841796875,101.52816589023111,100.2485306585963,100.4514073540164,374700
2012-04-03,100.87276458740234,101.2941147988924,100.26415819828259,101.07562941513841,333850
2012-04-04,99.81160736083984,100.17053489496334,99.51510847716835,100.07689489576337,383000
2012-04-05,99.78038787841797,100.0924953874998,99.40586362988424,99.49949171553988,722350
2012-04-09,98.67239379882812,99.07813527218576,98.42270902789824,98.54755438984044,474850
2012-04-10,96.955810546875,98.75041795549916,96.92459920677443,98.48513049407602,392650
2012-04-11,97.75167846679688,98.17302262692412,97.64244175338845,98.04818322000924,172850
2012-04-12,99.09375,99.14056403993622,97.84532599374066,97.86092868940098,105550
2012-04-13,97.90776824951172,98.85968765187226,97.81413419797096,98.85968765187226,2416850
2012-04-16,97.79851531982422,98.54757574791115,97.48641375323643,98.43833900901427,826850
2012-04-17,99.29663848876953,99.49950333334746,98.37592450359885,98.43834720329497,497450
2012-04-18,98.95330810546875,99.2810183113936,98.78164867771129,98.87528271638507,420750
2012-04-19,98.3134765625,99.32782433678706,97.8765296827233,98.9845055295598,831200
2012-04-20,98.46951293945312,99.07812508692406,98.43830755513001,98.76601766710782,112100
2012-04-23,97.62684631347656,97.73608303500119,97.06505405823287,97.48639824966564,324950
2012-04-24,97.98577880859375,98.25106631834471,97.68927400010088,97.72048534588725,469300
2012-04-25,99.35904693603516,99.39025828327613,98.90649728343058,98.96891402495672,171750
2012-04-26,100.0456771850586,100.17052256468286,99.09375200076735,99.18738603548555,157100
2012-04-27,100.24855041503906,100.51384984549456,99.82721210581724,100.38900445538746,185050
2012-04-30,99.81160736083984,100.07689489576337,99.5931338725602,100.0456894999715,247600
2012-05-01,100.46700286865234,101.12243507658738,99.71795449659687,99.84279390762126,527450
2012-05-02,100.1549301147461,100.27977551456277,99.57753502298476,99.92084796656799,154250
2012-05-03,99.42149353027344,100.26418224948468,99.24983405566108,100.2329768476981,177000
2012-05-04,97.79851531982422,98.96891405339582,97.76730992553009,98.90649731185175,365200
2012-05-07,97.87650299072266,98.20421306118503,97.42394758696805,97.45515892029111,990350
2012-05-08,97.45519256591797,97.62685198198226,96.34721663871878,97.29913584542535,403050
2012-05-09,96.90901947021484,97.51763185430588,96.00391414910456,96.44086113495392,373700
2012-05-10,97.08065032958984,97.67365388788396,96.94020227507163,97.64244254766275,130100
2012-05-11,96.7685317993164,97.68924539507016,96.47203303059881,96.5188470590927,365300
2012-05-14,95.73860168457031,96.39402798642503,95.61376226461776,95.86344705747788,953250
2012-05-15,95.2080078125,96.22235549413523,95.051957070535,95.64496060531962,1532500
2012-05-16,94.80229187011719,95.98829323141413,94.80229187011719,95.59816034305975,331350
2012-05-17,93.36659240722656,94.94272643250795,93.36659240722656,94.86470105653544,288750
2012-05-18,92.63313293457031,93.94397937998231,92.5082875812196,93.75671730291035,760350
2012-05-21,94.19367980957031,94.24049384839064,92.77359642012128,92.88283314600542,271550
2012-05-22,94.39654541015625,95.09877976592577,93.7723304795225,94.47457078824678,654450
2012-05-23,94.39654541015625,94.52138482451015,92.7891940473085,93.70990779586818,176000
2012-05-24,94.5682144165039,94.80229654223493,93.81915994830267,94.70866250135137,112050
2012-05-25,94.34973907470703,94.8022946672601,94.11566290656125,94.58382119580845,336400
2012-05-29,95.426513671875,95.61377580480014,94.77108727720318,95.09879749806115,306600
2012-05-30,94.05323791503906,94.6774469677933,93.86597579450834,94.64624157516775,809500
2012-05-31,93.81916046142578,94.52140088950387,93.0545032920397,94.05324258843706,424150
2012-06-01,91.52517700195312,92.66436430930628,91.47835700784589,92.33664816237712,641850
2012-06-04,91.49395751953125,91.88409036897994,90.7761085523,91.63440558345097,213600
2012-06-05,92.02452850341797,92.24300192306309,91.2130515497688,91.25986558170584,252350
2012-06-06,94.2248764038086,94.24047909665467,92.74237055935667,92.78918459084906,254650
2012-06-07,94.20928192138672,95.31726377456468,94.08444250098734,95.28605243122607,201000
2012-06-08,94.98955535888672,95.03637535417381,93.70991994287598,94.10005283685378,219550
2012-06-11,93.83475494384766,95.84783592978583,93.72551822185702,95.81663054032126,304600
2012-06-12,94.9271240234375,94.9271240234375,93.63188015717832,94.08443567331379,168300
2012-06-13,94.30290985107422,95.14559820783914,93.95959104951339,94.59940866417833,144900
2012-06-14,95.34844970703125,95.66055712377,94.28728806189176,94.47455608370731,2181350
2012-06-15,96.191162109375,96.31600748861297,95.5201330783593,95.67618980240675,229250
2012-06-18,96.39405059814453,96.67494680012304,95.64499604385402,95.87907224353182,482500
2012-06-19,97.3771743774414,97.76730727806745,96.86219609119634,96.90901013432565,175200
2012-06-20,97.22113800048828,97.67369368867486,96.51889744174304,97.40840016516805,235700
2012-06-21,95.08316802978516,97.39275352877797,94.97393132025506,97.36154218991878,155400
2012-06-22,95.76982116699219,95.94148059285142,95.19242615061111,95.56695634820903,285800
2012-06-25,94.2481918334961,94.79723847672281,93.90307338109095,94.7815480102537,283200
2012-06-26,94.70309448242188,94.98546298017786,93.98148875889363,94.4991663328324,352750
2012-06-27,95.55020904541016,95.73845273372963,94.98547199629279,95.03253740649188,301100
2012-06-28,95.33057403564453,95.40900839362416,94.23247507145601,94.93839626158848,171750
2012-06-29,97.6993408203125,97.74640622997177,96.77380088579852,97.04048492667147,305000
2012-07-02,97.96600341796875,98.06012224836839,97.29145720736922,97.96600341796875,258700
2012-07-03,98.6091537475586,98.67190361060312,97.8561733434931,97.96598261174287,161050
2012-07-05,98.18561553955078,98.593477740809,97.82481275039541,98.31110929987747,308900
2012-07-06,97.2757797241211,97.41696397271407,96.7581081353858,97.24441076590789,478350
2012-07-09,97.15028381347656,97.27577759605917,96.67967165651484,97.21303369684699,177800
2012-07-10,96.256103515625,97.73068963389471,95.94236013314114,97.62088034764895,322300
2012-07-11,96.27181243896484,96.55418095648874,95.73845034854847,96.30318738359625,199700
2012-07-12,95.76982116699219,96.22474886830913,95.15802473343558,95.722761744152,432700
2012-07-13,97.40126037597656,97.4953851846168,96.0678584997712,96.0678584997712,480650
2012-07-16,97.1816635131836,97.46403201801706,96.83654512190746,97.1816635131836,164400
2012-07-17,97.87187957763672,98.04443874729718,96.56985254283458,97.57382663814168,293450
2012-07-18,98.57781982421875,98.76606350750505,97.57384553448006,97.63659542362842,242900
2012-07-19,98.82878875732422,99.14253214068687,98.48367043720958,98.81310428102688,516500
2012-07-20,97.91893768310547,98.42093070819976,97.84050332998865,98.27974647892647,606900
2012-07-23,96.94632720947266,97.21301115989233,96.0678529825769,96.49139963674057,451450
2012-07-24,96.17766571044922,97.02476503331552,95.47174462126307,97.02476503331552,533700
2012-07-25,96.11495208740234,96.55418938225436,95.62864937941666,96.33457073482836,509100
2012-07-26,97.68362426757812,97.90324282668483,97.07182800030745,97.55812452857033,412450
2012-07-27,99.56607818603516,99.80138121978342,98.07580170233518,98.24836085091138,901950
2012-07-30,99.51903533935547,99.97396301882519,99.22098236875027,99.42491649819502,348300
2012-07-31,98.87586975097656,99.66022538849765,98.87586975097656,99.39354734413662,681600
2012-08-01,98.76605224609375,99.55040781853889,98.60918352526797,99.5190328775421,526450
2012-08-02,98.0758285522461,98.71899992855474,97.32284786662807,98.0444536089922,478100
2012-08-03,99.98965454101562,100.19358268846239,99.40922708830561,99.48766145148963,239850
2012-08-06,100.2563247680664,100.60143713604192,100.17789041098823,100.30338418548173,547200
2012-08-07,100.71126556396484,101.13482433779377,100.60145624636438,100.63283717614623,380200
2012-08-08,100.821044921875,100.94654466707325,100.36612330592442,100.36612330592442,322000
2012-08-09,100.93086242675781,101.11911205988642,100.6014345450193,100.72693430043837,360650
2012-08-10,101.08773803710938,101.13479745095333,100.35044197138126,100.55437008747667,336450
2012-08-13,101.00930786132812,101.07205774220304,100.5073207826448,100.91518902417376,329900
2012-08-14,101.05638122558594,101.4485590589373,100.7583342106949,101.40149963386597,456950
2012-08-15,101.1661605834961,101.32302927672212,100.93085155949998,100.99360143045323,213000
2012-08-16,101.85643768310547,102.04468737079351,101.07208193688359,101.29170058836021,632400
2012-08-17,102.09172821044922,102.13878763172232,101.80935971449391,102.07603774725261,355350
2012-08-20,102.06033325195312,102.07602371299247,101.63678655041123,101.95052396130781,288100
2012-08-21,101.74659729003906,102.70351196571073,101.54266916688364,102.31133421234743,304100
2012-08-22,101.76229858398438,101.91916730836546,101.26031148497502,101.47993009277182,350050
2012-08-23,100.96227264404297,101.57406916882988,100.78971342235242,101.57406916882988,159950
2012-08-24,101.58973693847656,101.79366507840582,100.6641911408858,100.75832194788995,410950
2012-08-27,101.58973693847656,101.9662242615445,101.46423717468186,101.85641496030317,221650
2012-08-28,101.49557495117188,101.80932426427222,101.18183760638408,101.35439673651112,193400
2012-08-29,101.58973693847656,101.84072449774979,101.29167799154317,101.57404647592317,176900
2012-08-30,100.821044921875,101.13479428487062,100.63280727239207,101.11910382464222,148950
2012-08-31,101.35442352294922,101.77797024718099,100.77399611654982,101.41717340215313,805400
2012-09-04,101.08773803710938,101.51128473001978,100.58575100891584,101.29166615320479,347800
2012-09-05,101.08773803710938,101.54266565145896,100.96223828798229,101.30735661392437,417050
2012-09-06,103.18980407714844,103.18980407714844,101.76228334030736,101.76228334030736,261200
2012-09-07,103.61338806152344,103.61338806152344,103.28394815033381,103.37807896852412,513200
2012-09-10,103.0015869140625,103.69181172891908,102.97020598665438,103.51925253312567,187450
2012-09-11,103.28390502929688,103.62902329249997,103.04860800285171,103.11135786600796,348400
2012-09-12,103.61338806152344,103.75456633633246,103.33101954358779,103.69181644697812,290700
2012-09-13,105.26050567626953,105.55856459604524,103.50355701649309,103.66042572278525,335050
2012-09-14,105.69973754882812,106.34291477123178,105.38600015195263,105.44875002499063,855800
2012-09-17,105.38600158691406,105.65267957472084,105.08794267800373,105.49581087414712,338400
2012-09-18,105.27619171142578,105.38600099804526,105.00951372510913,105.21344183788399,216950
2012-09-19,105.35468292236328,105.65273000522373,105.13505227474765,105.40174235816649,397500
2012-09-20,105.33892059326172,105.38597999696151,104.55456528276582,104.85261216230194,448550
2012-09-21,105.27619171142578,105.8566190654514,105.26050125096168,105.8566190654514,1295000
2012-09-24,105.1390151977539,105.35976201671848,104.69752155982479,104.77635283528392,489850
2012-09-25,104.06683349609375,105.54900133784749,104.00376124433807,105.37555565296984,287900
2012-09-26,103.40457153320312,104.00373975638657,103.16805364543616,103.98796868925557,175550
2012-09-27,104.41373443603516,104.65025239434688,103.60957818969655,103.87762626187506,586850
2012-09-28,103.940673828125,104.33486632173573,103.59378250897952,104.01951713876723,263900
2012-10-01,104.12989044189453,105.12325119397902,103.9564447825115,104.30333610127757,493550
2012-10-02,104.27179718017578,104.76060406705412,103.83030349896998,104.61868850963764,272950
2012-10-03,104.69752502441406,104.96557302348405,104.05104358333959,104.58715161127937,149150
2012-10-04,105.5016860961914,105.58051737802863,104.9971081493914,105.1232526360914,226600
2012-10-05,105.47013092041016,106.2112146509025,105.17054080898588,106.02199794424523,251250
2012-10-08,105.15480041503906,105.28093287870668,104.93405356636946,105.10749923743857,139750
2012-10-09,104.12989044189453,105.09172108763673,104.05104713133854,105.04441991322322,360050
2012-10-10,103.42035675048828,104.1299105934065,103.29422427090947,104.03530822627175,291950
2012-10-11,103.48345184326172,104.28760823078645,103.48345184326172,104.12993357416332,436200
2012-10-12,103.12073516845703,103.87757784654107,102.91574741955294,103.5149275719834,503150
2012-10-15,103.98798370361328,104.0825980902607,103.0576951151557,103.37304432451052,361350
2012-10-16,105.04440307617188,105.12323434429219,104.42946384776133,104.46099394904981,839250
2012-10-17,105.53321075439453,105.61205406196153,105.01287379597176,105.1232472086857,163500
2012-10-18,105.26515197753906,105.75394675096415,104.90248964158596,105.24938091168062,211900
2012-10-19,103.46764373779297,105.04441361598658,103.26265595455612,105.04441361598658,353600
2012-10-22,103.5307388305664,103.67264237662482,102.69504050561457,103.34152207268637,503500
2012-10-23,102.0169906616211,102.52155646406956,101.67011144664833,102.42695413542224,519000
2012-10-24,101.7962646484375,102.56889058938563,101.63859005858282,102.41120396973085,365650
2012-10-25,102.08006286621094,102.67924302696092,101.48089473525859,102.55309856892958,485500
2012-10-26,102.00126647949219,102.36391688308593,101.3390138632831,101.96972433930037,307100
2012-10-31,101.90664672851562,102.50582706262645,101.54399634399698,102.4427548153621,586700
2012-11-01,103.10498809814453,103.19959044747114,102.19045862198641,102.26930193295875,317650
2012-11-02,102.17472839355469,103.73572774659571,102.0958850603511,103.73572774659571,902700
2012-11-05,102.41119384765625,102.60041055466021,101.74895341784077,102.01700139708052,371250
2012-11-06,103.1680679321289,103.56226045639505,102.60042973480155,102.67927305157525,275100
2012-11-07,100.91326904296875,102.26929205811757,100.377167060582,102.26929205811757,1039850
2012-11-08,99.57303619384766,101.33901104176499,99.57303619384766,100.83445109586054,819250
2012-11-09,99.68338012695312,100.64521058480253,99.27341664578833,99.33648887595199,1032750
2012-11-12,99.82530975341797,100.1721950594219,99.60455690336074,100.03028552040661,179700
2012-11-13,99.46266174316406,100.48755870899234,99.14730651717818,99.27344499863214,438750
2012-11-14,98.24855041503906,99.8883868031056,97.8858940015772,99.77801337356941,340050
2012-11-15,97.87012481689453,98.50083529630801,97.57054064736863,98.1539439311405,615400
2012-11-16,98.37467956542969,98.61119747193749,97.27093935989363,98.10663155196104,403450
2012-11-19,100.37718200683594,100.40871812989556,99.49418860586759,99.54149579790726,334250
2012-11-20,100.48755645751953,100.6137009510478,99.66763529428725,100.26680960874555,368750
2012-11-21,100.7082748413086,100.73981095577706,100.36138961195324,100.55060028386515,143850
2012-11-23,101.98546600341797,102.04853823581395,101.08670774392239,101.16555104186692,182700
2012-11-26,101.85932922363281,101.85932922363281,101.19708877820833,101.54398006765902,396800
2012-11-27,101.37055206298828,102.0485636931358,101.22863649724512,101.71744341280346,294950
2012-11-28,102.1273422241211,102.15888434679282,100.34559724661092,100.89747011031292,253350
2012-11-29,102.58465576171875,102.90001699008572,102.0800898261324,102.5373545849139,293200
2012-11-30,102.49002838134766,102.78961846769,102.26928159029474,102.61617284189158,387400
2012-12-03,102.1273422241211,103.13648564310006,102.0169688543602,103.07341342755169,406950
2012-12-04,101.93818664550781,102.39545140585837,101.67013862282671,102.12739135337641,243700
2012-12-05,102.158935546875,102.58465817794666,101.35477943284954,102.06433319103711,256950
2012-12-06,102.47430419921875,102.53737645834681,101.93820804133523,102.06435255959137,119900
2012-12-07,102.78964233398438,103.01038917629158,102.28507640445355,102.91577479401658,295350
2012-12-10,102.85270690917969,103.08921277272927,102.6319480535338,102.67926125604349,231750
2012-12-11,103.51496124267578,104.01952720211966,103.24691320824027,103.29421438728167,586950
2012-12-12,103.59380340576172,104.35065843927805,103.49920103774816,103.98799597888836,353600
2012-12-13,102.96309661865234,103.83031299179281,102.71080761786857,103.57803602081071,354800
2012-12-14,102.63196563720703,102.93155582209755,102.42698984374616,102.74235109884192,316050
2012-12-17,103.86185455322266,103.86185455322266,102.83695154540078,102.83695154540078,457200
2012-12-18,104.91827392578125,105.0601774469897,103.8302988106498,103.97221436165826,802550
2012-12-19,104.14566802978516,105.10749873574073,104.14566802978516,105.10749873574073,1522250
2012-12-20,104.79212951660156,104.8079005844581,103.97221443506278,104.24026243962354,1862200
2012-12-21,103.81450653076172,104.01949428146732,103.24688053210892,103.3572539248744,747750
2012-12-24,103.51277923583984,103.65570300099003,103.40161226862612,103.65570300099003,257950
2012-12-26,103.0205078125,103.76690794191549,102.79817379670898,103.7033943227996,389650
2012-12-27,102.9251937866211,103.29046366743786,101.76588265329733,103.08401415341534,716400
2012-12-28,101.78173828125,102.82989437174687,101.7499814828823,102.32170078382772,543150
2012-12-31,103.5286865234375,103.65572585948924,101.48002729047282,101.57530982158495,1265050
2013-01-02,106.0855484008789,106.1649464780741,105.25972600724704,105.5614702029542,2166600
2013-01-03,105.99024200439453,106.38726869527315,105.64085657781445,106.11729345338601,1146100
2013-01-04,106.43489074707031,106.57782663045774,105.89494036076219,106.10138984088749,574300
2013-01-07,106.14904022216797,106.22845039935348,105.72025676772515,106.03787324388338,598200
2013-01-08,105.8314208984375,106.08552376556057,105.41850979750832,105.95847233199903,476100
2013-01-09,106.14904022216797,106.38725863743261,105.94259072429429,106.06964216127436,1214600
2013-01-10,106.92721557617188,106.97485683346676,106.14903465271769,106.73663843070102,508050
2013-01-11,106.97488403320312,106.97488403320312,106.60961410724892,106.95899957130224,562500
2013-01-14,106.87956237792969,106.94307596969942,106.48253578977437,106.84779346575492,475600
2013-01-15,106.92721557617188,107.03838254862372,106.3078549987557,106.37138071391264,532350
2013-01-16,106.92721557617188,107.08602380591861,106.60958700038712,106.70488163126818,399400
2013-01-17,107.59424591064453,107.91186245426887,107.19721917296688,107.40366871469325,605700
2013-01-18,107.89598083496094,107.95950656148473,107.21309442019687,107.61012112375055,2081350
2013-01-22,108.42005920410156,108.42005920410156,107.61013336048377,107.8801086416897,1458050
2013-01-23,108.5788345336914,108.70587383216719,108.26120599677748,108.46766757484399,812900
2013-01-24,108.64237976074219,109.15057339482132,108.35652008430442,108.43591814558093,1635550
2013-01-25,109.24589538574219,109.24589538574219,108.7059326390287,109.02356134777085,613600
2013-01-28,109.11883544921875,109.29352819642006,108.75357760783085,109.29352819642006,1188650
2013-01-29,109.5634536743164,109.69050509020323,108.86469511951869,108.92820871117219,680750
2013-01-30,109.13470458984375,109.73818083053142,109.03942205612826,109.56348810785721,754750
2013-01-31,108.880615234375,109.34116773183044,108.78533268879636,109.02355116903817,443950
2013-02-01,109.92874908447266,110.10344179295615,109.388786499262,109.5634792077455,2253350
2013-02-04,108.72177124023438,109.48406770335126,108.67412998309418,109.32524735782896,541400
2013-02-05,109.83348083496094,110.15109737369232,109.29351817956443,109.35704391056957,416600
2013-02-06,109.92874908447266,109.99227480722054,109.40467095902216,109.46819668177004,415650
2013-02-07,109.78579711914062,110.0240155155241,108.99174387538967,109.9604898020691,480050
2013-02-08,110.38932800292969,110.43696927736096,109.99230122760827,109.99230122760827,441050
2013-02-11,110.34166717529297,110.45283416803169,110.11932107352206,110.37342398052111,288100
2013-02-12,110.5163345336914,110.75455295138042,110.26224377343726,110.38929521171035,409550
2013-02-13,110.61164855957031,110.96103401791878,110.34167329313527,110.78634128874454,1064700
2013-02-14,110.77047729492188,110.88164431436527,110.18287326855163,110.32580921714825,272850
2013-02-15,110.6275634765625,110.94518009906659,110.19876770825475,110.86576988529183,331350
2013-02-19,111.38977813720703,111.4533038450007,110.78630208760184,110.80217442733286,363800
2013-02-20,110.0081787109375,111.38983631542912,110.0081787109375,111.35807950309083,1033200
2013-02-21,109.48406219482422,109.75403738256276,109.03939432883351,109.73815292555149,1410350
2013-02-22,110.43692779541016,110.43692779541016,109.64287454302696,109.92873419853655,1352350
2013-02-25,108.35649871826172,111.15155709641343,108.35649871826172,111.02451780016258,1063400
2013-02-26,109.08707427978516,109.21411363206786,108.16596930703975,108.86474026792177,1571400
2013-02-27,110.45282745361328,110.77044395176073,108.91236199338339,108.99176005977387,783400
2013-02-28,110.32577514648438,111.15158530499599,110.07167225691609,110.45282659126852,2426700
2013-03-01,110.61164855957031,110.77045682710302,109.37292711000332,109.8334795672541,1540500
2013-03-04,111.23099517822266,111.23099517822266,110.19872339572979,110.37341610274977,536550
2013-03-05,112.18385314941406,112.50146963392412,111.75506968369626,111.7709420265172,532500
2013-03-06,112.39033508300781,112.64443803697118,112.13624424534017,112.62855357327453,1884400
2013-03-07,112.59674835205078,112.70791531754043,112.40617121851545,112.54910709773958,454300
2013-03-08,113.04144287109375,113.1843666677312,112.50148025688995,113.04144287109375,714350
2013-03-11,113.45436096191406,113.48611776878629,112.81911577782266,112.97792404477198,360050
2013-03-12,113.20026397705078,113.51789264389738,112.86676296408292,113.40672563957476,489850
2013-03-13,113.3590316772461,113.53372435240955,112.91436381911747,113.2796336261748,456800
2013-03-14,113.9625244140625,114.04192246829959,113.62902350716853,113.69253710404185,670500
2013-03-15,113.80372619628906,114.01017569500812,113.47021314377773,113.86723979874726,767850
2013-03-18,113.18435668945312,113.69255033762869,112.64440623914446,112.75557322104873,819550
2013-03-19,112.91436767578125,113.56549714477393,112.19972461027834,113.43844571917182,603900
2013-03-20,113.69259643554688,113.88317367449397,113.42262110092807,113.5655570592127,1279950
2013-03-21,112.77145385742188,113.42257126756257,112.56499224353257,113.00967227236775,312100
2013-03-22,113.59317779541016,113.60912536884825,113.0346962083523,113.11448277042348,437050
2013-03-25,113.27408599853516,114.16764956710351,112.74753588298785,113.97616905089785,615400
2013-03-26,114.11978149414062,114.13574124882003,113.56131181762038,113.70492526228325,1374550
2013-03-27,114.05595397949219,114.13572839645434,113.2102575088767,113.44960510721222,392950
2013-03-28,114.31120300292969,114.58245782378388,113.89633481156939,114.05590792851386,366400
2013-04-01,113.99213409423828,115.04524654793119,113.72086697359326,114.40699030468306,618150
2013-04-02,114.550537109375,114.82179189850935,114.2473628310965,114.3909761848088,799350
2013-04-03,113.4017105102539,114.72608968251242,113.11449589667642,114.6622628601928,771900
2013-04-04,113.84851837158203,114.07190622617577,113.3219560684432,113.52939634322671,975050
2013-04-05,113.4017105102539,113.49744465687255,112.33263862727387,112.49219959621212,642150
2013-04-08,114.10379791259766,114.11974548851957,113.05067356309148,113.44958208813678,315950
2013-04-09,114.5186996459961,114.9335680859986,113.99214943514987,114.3431910248653,369050
2013-04-10,115.92282104492188,116.03451494617275,114.80586985869098,114.8377893583182,1110200
2013-04-11,116.30579376220703,116.65683528802388,115.82709855905229,115.93880465701648,450400
2013-04-12,116.05049133300781,116.1940925807504,115.38031565570387,115.93879741574447,1241200
2013-04-15,113.4017105102539,115.50794695191497,113.32192393892399,115.42816038058506,671850
2013-04-16,114.99734497070312,115.02925229511968,113.89635358564668,114.21548769842039,673400
2013-04-17,113.3060073852539,114.19955879492741,112.71561824744823,114.19955879492741,767850
2013-04-18,112.38056945800781,113.51346880604086,112.15718154001416,113.51346880604086,3966900
2013-04-19,113.57726287841797,113.62512996506625,112.58796511736179,112.8273127243282,731400
2013-04-22,114.08785247802734,114.32720005783086,113.05068774802783,113.80063781700784,527900
2013-04-23,115.30054473876953,115.36437157538735,114.08785919047966,114.64632879373016,875050
2013-04-24,115.33245086669922,115.65158504645807,115.09310327531112,115.30054353558543,1775750
2013-04-25,115.84302520751953,116.3536275972308,115.50794353055788,115.66750449476991,300450
2013-04-26,115.58778381347656,115.85903879606207,115.23674222484738,115.65161066356613,259750
2013-04-29,116.33769989013672,116.62490237053302,115.74731083063435,115.92283157335875,519050
2013-04-30,116.70471954345703,116.70471954345703,115.89094244785912,116.3696377214406,486350
2013-05-01,115.65158081054688,116.44939797013647,115.5079673914844,116.4174784664676,462400
2013-05-02,116.688720703125,116.80041460638527,115.8430365536226,115.97069020698359,404700
2013-05-03,117.78971099853516,118.26840610706017,117.67801709637563,117.74184392242711,475850
2013-05-06,118.15673828125,118.38012613486917,117.93335042763084,117.99716509404347,699750
2013-05-07,118.76300048828125,118.84278703182525,118.12474466108135,118.45982623127489,391950
2013-05-08,119.38532257080078,119.38532257080078,118.6194129766238,118.69919953754308,294900
2013-05-09,119.03436279296875,119.60879233901149,118.73120043580558,119.30561780811995,397550
2013-05-10,119.44915771484375,119.46511746288459,118.77899438177857,119.14598337067198,671150
2013-05-13,119.43327331542969,119.67262099215972,118.97053772007925,119.25775249740957,1208650
2013-05-14,120.69377136230469,120.80546527069599,119.59277985550261,119.6246993571704,363000
2013-05-15,121.37989807128906,121.61924564582256,120.50229435590738,120.55017360979275,707050
2013-05-16,120.8214340209961,121.5394646036056,120.64591326991842,121.15651577112878,676650
2013-05-17,121.97026062011719,122.0500350118061,121.12457659114642,121.28413754824494,660750
2013-05-20,121.97026062011719,122.46490323923881,121.76282041954049,121.87451430688152,665450
2013-05-21,122.12982940673828,122.60851230872133,121.68305382873217,122.11386965788907,481200
2013-05-22,121.31608581542969,123.54997648992891,120.70974910432304,122.32134331450298,978050
2013-05-23,120.8852767944336,121.20439883462078,119.7842850604545,119.94384608054807,1134700
2013-05-24,120.72567749023438,120.78949213905473,119.83211414836806,120.15124826107805,684800
2013-05-28,121.58732604980469,122.60853100488777,121.17246990623697,122.1777151100372,566800
2013-05-29,120.66188049316406,121.14056351996851,120.087451122019,120.86930858740685,881200
2013-05-30,121.18836975097656,121.73089151739917,120.75755402581265,120.80542108708435,444800
2013-05-31,119.41724395751953,121.49157304856314,119.27364273941356,120.85331700718653,814800
2013-06-03,120.03958129882812,120.15127521990743,118.84285549852517,119.72044711451272,1002250
2013-06-04,119.67252349853516,120.64586099688741,118.90661399170834,120.13525871690906,1190650
2013-06-05,117.83757781982422,119.38534487048955,117.74184366781516,119.17791681656249,1122300
2013-06-06,118.76300048828125,118.85873460156017,117.08758046359615,117.80562283434007,1172500
2013-06-07,120.4225845336914,120.51831874536104,119.20989843304652,119.73646094468928,1464650
2013-06-10,120.37466430664062,120.837399748389,120.10339720373676,120.837399748389,1841250
2013-06-11,119.14604187011719,120.21511421306066,118.85882713296688,119.28965532555576,1502800
2013-06-12,118.22054290771484,120.08744434544879,118.07694165989437,120.00765775862145,1058300
2013-06-13,119.92790222167969,120.15129009148785,117.85357237491714,118.09291999934756,1280150
2013-06-14,119.19388580322266,120.29487744398412,119.0024174648116,119.81618225050754,1172650
2013-06-17,120.15128326416016,120.6937931532314,119.4970672728064,120.05553691559304,1048100
2013-06-18,121.07671356201172,121.26819404040502,120.23102941978868,120.23102941978868,1033300
2013-06-19,119.46517944335938,121.22037525312976,119.40135259180244,121.01293494213795,990950
2013-06-20,116.43341064453125,118.42795307115753,116.13023630009337,118.25243236371675,1686200
2013-06-21,116.8004150390625,117.35889673115513,115.66751625216232,117.2472028274811,1565400
2013-06-24,115.32341766357422,116.36582503091716,114.39325788048409,115.62811589669481,1863750
2013-06-25,116.47807312011719,116.87900275499554,115.64414486314683,116.41392291028846,1520750
2013-06-26,117.56863403320312,117.87334455350089,116.97526584366088,117.42430519858088,1710800
2013-06-27,118.35443115234375,118.86762058708241,118.24217134585095,118.33839054130155,756150
2013-06-28,117.61670684814453,118.56290710890958,117.4403090728164,118.00160809086299,1026450
2013-07-01,118.49877166748047,119.3166716159215,118.30632102214068,118.46670267762507,1394400
2013-07-02,118.32235717773438,119.2044073080631,117.87331792425866,118.32235717773438,1208750
2013-07-03,118.43462371826172,118.80348440336942,117.68087397051319,117.92143422293972,513250
2013-07-05,119.74967956542969,119.79778917164698,118.4987808621661,119.38083109416141,626450
2013-07-08,120.3751449584961,120.74400571432291,120.15062527595978,120.3751449584961,836550
2013-07-09,121.28923797607422,121.44961963056143,120.66378867686171,121.16094978204778,792000
2013-07-10,121.32134246826172,121.73831282617117,120.93645334156322,121.22511101003354,771550
2013-07-11,123.03730773925781,123.11748633765447,122.34770816894901,122.74863786714242,1298350
2013-07-12,123.06938934326172,123.30994963391022,122.78071944156443,123.00523911672846,971450
2013-07-15,123.51840209960938,123.66274313708317,123.1816226593732,123.35803268550673,643900
2013-07-16,123.05331420898438,123.64668216700818,122.7165225887979,123.58253196484885,698900
2013-07-17,123.3580093383789,123.7108293238701,123.21368056362324,123.51837872212953,702400
2013-07-18,124.06367492675781,124.33630415896795,123.59859505306878,123.63066404228083,432700
2013-07-19,124.28819274902344,124.28819274902344,123.63066224342272,123.80707227002769,367600
2013-07-22,124.51274108886719,124.68915115615201,124.15992095429753,124.44859086118136,420100
2013-07-23,124.25611877441406,124.78533659759171,124.17592795266515,124.75326761013307,1034850
2013-07-24,123.79106903076172,124.7693385640754,123.5505087424149,124.7532979487444,790000
2013-07-25,124.01557922363281,124.17594865847002,123.37408924888037,123.53445868371759,314200
2013-07-26,124.1759262084961,124.25611702911867,123.0533281321884,123.55047696092447,876850
2013-07-29,123.80707550048828,124.17593617539653,123.47029605056458,123.90330694003958,927100
2013-07-30,123.82313537597656,124.35236555193214,123.56654671319477,124.2561463328145,446950
2013-07-31,123.85517120361328,124.75324954724199,123.7589397843675,124.09571916322827,623550
2013-08-01,125.36268615722656,125.45891759800672,124.80138706685275,124.83345605684447,491850
2013-08-02,125.55516815185547,125.57120876855758,124.9136780732321,125.10612876744078,558650
2013-08-05,125.4749755859375,125.58723543050428,125.15423666871968,125.36271574137072,317900
2013-08-06,124.72118377685547,125.25041382435786,124.41648557847031,125.1862636153817,413650
2013-08-07,124.28819274902344,124.44856216355467,123.83915349417516,124.28819274902344,431150
2013-08-08,124.72118377685547,124.97778461276013,124.06366554680206,124.86552480590217,499050
2013-08-09,124.3683853149414,124.94572500365729,123.96745565529996,124.57686433321017,618400
2013-08-12,124.20797729492188,124.36835891305316,123.71082853783379,123.75893812911333,330550
2013-08-13,124.68917846679688,124.78539771169808,123.71090869227622,124.41654911597179,2052850
2013-08-14,123.9834976196289,124.72120680596696,123.91934739880774,124.5448089929632,496300
2013-08-15,122.17132568359375,122.94111626135997,122.01095621521924,122.94111626135997,750750
2013-08-16,121.81849670410156,122.37979592053188,121.54586740403617,121.9788661608809,615000
2013-08-19,121.04871368408203,122.05905223414973,121.03267306840975,121.64208187450387,825050
2013-08-20,121.5298080444336,122.05903818204803,121.09680935436941,121.24113817258969,933300
2013-08-21,120.90435028076172,121.93072925691214,120.59963981629744,121.2892393379675,498450
2013-08-22,121.9627914428711,122.1392014489268,121.11281039760247,121.11281039760247,635800
2013-08-23,122.36371612548828,122.52408551488443,121.77033592578235,122.34767551592863,424400
2013-08-26,121.97884368896484,122.89296288314651,121.8505554884188,122.52411442404677,704050
2013-08-27,119.97420501708984,121.17699417227384,119.87798580000441,120.74399545998536,803600
2013-08-28,120.3751449584961,120.7921153269514,119.74969552351565,119.91006497741229,665900
2013-08-29,120.56757354736328,121.19302286771435,120.03834343463461,120.10249365151712,923100
2013-08-30,120.03837585449219,120.7921258121804,119.84593738727382,120.7921258121804,870300
2013-09-03,120.74398803710938,121.59395703018859,120.23079851852928,121.33736838860017,1569400
2013-09-04,121.7542724609375,121.93068242677826,120.56752451969794,120.776003463238,700250
2013-09-05,121.72221374511719,122.20332186355391,121.72221374511719,121.80239231382389,692800
2013-09-06,121.93075561523438,122.63639590215519,120.80815719095597,122.31564475564338,1109250
2013-09-09,123.13349151611328,123.18160110838697,122.28352275821199,122.28352275821199,1185400
2013-09-10,124.06367492675781,124.06367492675783,123.61463566537591,123.87122428527891,1038650
2013-09-11,124.44859313964844,124.44859313964844,123.66277424806833,123.88729393137693,807650
2013-09-12,124.14385223388672,124.56081022524853,123.93536100280494,124.4164814364081,855500
2013-09-13,124.4004898071289,124.49670903757442,123.96749103471842,124.22407972770834,540000
2013-09-16,125.15422821044922,125.7957182369366,124.91366792109088,125.74760862614583,693950
2013-09-17,125.66741943359375,125.66741943359376,125.21838007978157,125.21838007978157,2351450
2013-09-18,127.17491149902344,127.46358138552503,125.31459173370115,125.63533061407892,990900
2013-09-19,126.96636962890625,127.52766856363634,126.78995964436264,127.46353060143787,2964000
2013-09-20,125.97216033935547,127.22305947968196,125.94007910039917,127.22305947968196,611450
2013-09-23,125.50950622558594,125.96080335276962,125.042087830453,125.8479790709737,1400700
2013-09-24,125.23548126220703,125.89631791549209,124.92925098351783,125.42889956737118,1632400
2013-09-25,124.83253479003906,125.44501993688519,124.68748028489537,125.23548036689125,789000
2013-09-26,125.33218383789062,125.60618385302735,124.80029277538618,125.00982002868098,622250
2013-09-27,124.8003158569336,124.86478863069962,124.38124897591653,124.67137030940154,1405950
2013-09-30,124.10728454589844,124.41352723498963,123.38198715238833,123.62374475227318,1521800
2013-10-01,125.05823516845703,125.12270796310942,124.04281632077046,124.13951936428492,1110450
2013-10-02,124.89704132080078,124.91316259137132,123.89774389010273,124.2523257641697,1253600
2013-10-03,123.78489685058594,124.68749108590636,123.17241165068349,124.59078807410036,1447700
2013-10-04,124.68751525878906,124.8003395600771,123.68820552100458,123.84938133756941,538450
2013-10-07,123.62377166748047,124.34908151583188,123.47871707596846,123.59154141278796,690850
2013-10-08,122.18927001953125,123.72047130689344,122.07644569704594,123.57540443688154,2071600
2013-10-09,122.18927001953125,122.68893113076237,121.46397256025838,122.41491866450187,1340100
2013-10-10,124.94541931152344,124.94541931152344,123.46258182490716,123.46258182490716,1441200
2013-10-11,125.68682098388672,125.73517249761984,124.60691722383362,124.70363254822604,1235900
2013-10-14,126.23485565185547,126.28320717878383,124.8164909085958,124.9293152370718,1408450
2013-10-15,125.29997253417969,126.3315123868739,125.12267546916115,125.8640939697273,1655750
2013-10-16,127.00847625732422,127.08905801072886,125.96081508765916,126.00916659908705,3102850
2013-10-17,127.87882232666016,127.94329510465022,126.50880961091526,126.52493087964405,2548900
2013-10-18,128.7330780029297,128.8297810218959,128.1044837857991,128.33013236133698,1671950
2013-10-21,128.7975311279297,128.9909371363502,128.47516728569013,128.81364009734924,1009100
2013-10-22,129.49058532714844,129.86130067036652,128.9587065086852,129.15211251651795,1364950
2013-10-23,128.894287109375,129.10381447025676,128.44298984167378,129.07158422124738,948250
2013-10-24,129.31332397460938,129.45837850672007,128.82978427372294,129.11990563486972,795600
2013-10-25,129.90966796875,129.90966796875,129.3294252808505,129.5873163852168,1019700
2013-10-28,130.0708770751953,130.28847121312054,129.71629516126063,129.86940420965323,1155000
2013-10-29,130.8687286376953,130.8687286376953,130.22401293670802,130.38518878772254,844500
2013-10-30,130.13534545898438,131.05406120285426,129.69210271042272,130.98153392497892,3362100
2013-10-31,129.65185546875,130.58668045786072,129.5873826596853,130.0709102822741,1437500
2013-11-01,130.02247619628906,130.3770702725418,129.36970632724342,129.97412469442244,1341300
2013-11-04,130.6107940673828,130.6107940673828,130.0547271659961,130.48184852275784,2940900
2013-11-05,130.21591186523438,130.4818574578883,129.61954790319905,130.02249353505204,1147000
2013-11-06,130.82037353515625,131.02990090605326,130.33683369840458,130.72367048657748,1510400
2013-11-07,129.1440887451172,131.15076263207513,129.0232099614741,131.07822306496317,1242100
2013-11-08,130.91702270507812,130.91702270507812,129.08764624178968,129.1198887759992,1629500
2013-11-11,130.89283752441406,131.05401329308026,130.62689197249952,130.78001325665542,1109900
2013-11-12,130.6591796875,130.93317981867654,130.21593694769845,130.62693714446326,929600
2013-11-13,131.66653442382812,131.7148859379537,130.01445467528836,130.01445467528836,1336300
2013-11-14,132.39988708496094,132.47242665355154,131.618183773258,131.8518868587071,1720600
2013-11-15,132.97207641601562,132.97207641601562,132.42407618543191,132.5691307299065,710300
2013-11-18,132.48043823242188,133.27020807202473,132.17419567756832,133.1976808238507,1319800
2013-11-19,132.22259521484375,132.79477116766907,131.95664960272785,132.39182550632844,1156500
2013-11-20,131.8035430908203,132.82702862874388,131.42477314285475,132.44019189661282,1468000
2013-11-21,132.83506774902344,132.93177077240563,132.06947345442128,132.16617647780348,2121600
2013-11-22,133.511962890625,133.511962890625,132.74636888626839,132.8994901465239,1405200
2013-11-25,133.43142700195312,133.75377859970035,133.18159037223504,133.7215360617705,810000
2013-11-26,133.366943359375,133.7859979429265,133.20575527670604,133.44752510378527,773300
2013-11-27,133.72964477539062,133.8102265516311,133.38310501707653,133.5362263779412,826300
2013-11-29,133.53622436523438,134.18899453850995,133.49592732925697,133.85858835612464,614400
2013-12-02,133.32667541503906,133.9552697243765,133.09296002235416,133.73767560285913,1409000
2013-12-03,132.81089782714844,133.18160096434775,132.29512785157786,132.88342509787097,1076900
2013-12-04,132.65780639648438,133.24610377535,131.6746177375972,132.2468061395118,1374100
2013-12-05,132.1500244140625,132.68996999700187,132.0049699127905,132.4884972139533,1168500
2013-12-06,133.6490478515625,133.71352064933714,133.02045344442072,133.41534471944212,1208700
2013-12-09,133.9552764892578,134.12450680581895,133.769924900715,133.97945224876656,1586300
2013-12-10,133.495849609375,133.91491640509162,133.38302535248073,133.6328619113168,1747700
2013-12-11,131.98081970214844,133.53618398573835,131.79545585208965,133.5120082308481,1079100
2013-12-12,131.545654296875,132.04531534394644,131.25553289103354,131.87607273348587,3453800
2013-12-13,131.50527954101562,131.90822501669751,131.26352209314254,131.78734629276096,2151000
2013-12-16,132.34349060058594,132.74643631248716,132.0855994424441,132.13396325729113,1838100
2013-12-17,131.87606811523438,132.45631090659742,131.6101224777824,132.43213514836785,1479800
2013-12-18,134.17283630371094,134.18894527464482,130.56243471277514,132.10168992474166,3112400
2013-12-19,134.05194091796875,134.15671071028274,133.43141354006406,133.80211661038064,1242900
2013-12-20,134.7289581298828,135.10772818347357,134.13260618783565,134.13260618783565,1303500
2013-12-23,136.15533447265625,136.15533447265625,135.18826735927752,135.44615848120546,1480200
2013-12-24,135.8425750732422,135.85878403227883,135.49416281873997,135.50226111635172,585700
2013-12-26,136.47459411621094,136.55562655093124,136.0856656299436,136.0856656299436,968100
2013-12-27,136.48269653320312,136.74197805378054,136.3449512935506,136.70957250013822,929700
2013-12-30,136.4259796142578,136.57993382195323,136.28823436627076,136.49891375103866,1112800
2013-12-31,137.0579376220703,137.12276107087905,136.54747305389068,136.66091099835378,774400
2014-01-02,135.82640075683594,136.6204667864931,135.47797608137049,136.5556433035271,1731300
2014-01-03,135.70484924316406,136.2963588763902,135.58331294253674,136.02896665119513,1710500
2014-01-06,135.36447143554688,136.2557784327593,135.17001344619806,136.2152622303753,1339000
2014-01-07,136.2072296142578,136.4259949577634,135.8263993830687,135.90741946309538,824700
2014-01-08,136.26388549804688,136.45024520443718,135.76151917481656,136.18286545187323,3147500
2014-01-09,136.34494018554688,136.67714344761467,135.7129268486016,136.66904515081708,1117200
2014-01-10,136.6609344482422,136.73385620423653,135.85065974480966,136.57180373631218,990200
2014-01-13,134.92697143554688,136.72578259100771,134.6271613337614,136.36114901758788,1338500
2014-01-14,136.32872009277344,136.41785080551432,135.08090247821207,135.3401839564877,866000
2014-01-15,137.09852600097656,137.2848857870336,136.60425776192645,136.63667568530212,943100
2014-01-16,136.88784790039062,136.93646241771327,136.4665014772374,136.79061886574533,778500
2014-01-17,136.29635620117188,136.92836967965872,136.1018857601703,136.69338301797163,904300
2014-01-21,136.72581481933594,137.163357901237,135.89123251651628,137.1147433770053,1366400
2014-01-22,136.8067626953125,137.00123305340915,136.52317399904047,136.98502409928207,751200
2014-01-23,135.70484924316406,136.1342939904672,134.9837050105404,136.1342939904672,1294000
2014-01-24,132.78785705566406,134.84594990013605,132.77974639367133,134.8054336816144,1828900
2014-01-27,132.13958740234375,133.2496596827937,131.49946352450343,132.94176373251253,2882100
2014-01-28,132.9579620361328,133.0876089451898,132.22060915015714,132.26923601391084,1067400
2014-01-29,131.5724334716797,132.5366625167894,131.32125024758818,131.87223120832917,1346400
2014-01-30,133.04714965820312,133.46849611098548,132.34221437982526,132.7959663918301,2086700
2014-01-31,132.22061157226562,133.0876113831806,131.34552582962488,131.38602967111365,1322100
2014-02-03,129.32803344726562,132.40708187717692,129.04443216357964,132.09107502349613,2969400
2014-02-04,130.2030487060547,130.51905535708605,129.42517952300227,129.8789313948615,1116700
2014-02-05,129.9842987060547,130.30841608616748,128.97955337342577,129.7250171657783,1701400
2014-02-06,131.7263946533203,131.74259124915622,130.357028112555,130.38133537012249,1109600
2014-02-07,133.427978515625,133.51710925733812,131.95328449178942,132.37461857641964,1258200
2014-02-10,133.6386260986328,133.6629457190269,133.04712891547362,133.40365183041223,937400
2014-02-11,135.11334228515625,135.4212507097528,133.67105392333139,133.79259021524368,1497400
2014-02-12,135.23489379882812,135.7210637488277,134.8945797793546,135.30782794599887,1855000
2014-02-13,135.8992919921875,135.99652101287444,134.26253341568716,134.26253341568716,1336600
2014-02-14,136.6204376220703,136.86352254034765,135.61569239630316,135.7696465900059,917200
2014-02-18,136.822998046875,136.96884157072822,136.34493890027375,136.72576903097286,1174300
2014-02-19,135.8831024169922,137.3253907940395,135.7777750841612,136.46650135195674,1928100
2014-02-20,136.65286254882812,136.99318890095404,135.58330606610792,136.06946360777556,1080000
2014-02-21,136.58802795410156,137.26865581372118,136.4664793167188,136.95264913862547,706200
2014-02-24,137.23626708984375,138.20860694048417,136.75820782702826,136.83112960668186,978600
2014-02-25,137.1876220703125,137.7710209054687,136.80679193170187,137.4063997244491,1001000
2014-02-26,137.1876220703125,137.7791192023582,136.8635171013644,137.41449802133857,709000
2014-02-27,137.9492645263672,137.96547348186422,136.91211392314457,137.0579574311866,1034200
2014-02-28,138.25717163085938,138.93779938995016,137.39828245431954,137.92495604708517,853900
2014-03-03,137.30917358398438,137.6575858147143,136.43407531291146,137.09039592526307,2235900
2014-03-04,139.27003479003906,139.55362354810603,138.6623286978514,138.69473424935742,1281500
2014-03-05,139.29428100585938,139.6183858341452,139.19703966632827,139.3672027376527,983100
2014-03-06,139.739990234375,140.04788623508836,139.5212125878014,139.80480133487453,1037000
2014-03-07,139.70758056640625,140.28288111874178,139.19710348220795,140.24236490567947,1205600
2014-03-10,139.73196411132812,139.75627137967416,138.93789782977962,139.56181323290585,885300
2014-03-11,138.96212768554688,140.11271641362978,138.6947355188793,139.9587622239898,945700
2014-03-12,139.05938720703125,139.08369446716802,138.0384451898427,138.35445193543546,1065000
2014-03-13,137.51986694335938,139.56176330061234,137.10663116550478,139.48073085923787,1659400
2014-03-14,137.12278747558594,137.92496389977825,136.9364277517554,137.2200288494284,1323500
2014-03-17,138.35446166992188,138.67046843774855,137.73865709677176,137.79536991980947,1695400
2014-03-18,139.33486938476562,139.51311847800264,138.50027491013302,138.61372525899498,779700
2014-03-19,138.57318115234375,139.5536066049721,137.73859920950386,139.3915541394925,1166300
2014-03-20,139.35916137695312,139.49690660343828,138.04650784937922,138.2976910484881,818200
2014-03-21,138.89730834960938,140.33149824482706,138.75146481644109,140.02358985638836,825200
2014-03-24,138.3105010986328,139.5070442227029,137.69188514874224,139.34425185907497,2004900
2014-03-25,138.98605346679688,139.39304044620184,138.19649773313068,139.0104716919406,1202100
2014-03-26,137.96043395996094,139.71047279031671,137.92786805022797,139.50697932537975,1155600
2014-03-27,137.68362426757812,138.1964315906749,137.13826346662245,137.82201070416852,980700
2014-03-28,138.29412841796875,139.01856452335758,137.96854390193565,138.07436445876033,548900
2014-03-31,139.4744415283203,139.6697873276749,139.0837250890975,139.2220991703926,822000
2014-04-01,140.41049194335938,140.4837466104685,139.80814681097704,139.89768443308446,1247500
2014-04-02,140.8907470703125,141.05353937515846,140.32910306137572,140.58958068533465,1972800
2014-04-03,140.6709747314453,141.11865043824105,140.26398778326305,141.0860969472991,718300
2014-04-04,138.97789001464844,141.48493078980158,138.80695005305085,141.44422961606364,2270800
2014-04-07,137.48019409179688,138.90464849295034,137.2115936202624,138.6686015142436,1645000
2014-04-08,138.04994201660156,138.27785365490104,136.92665435623076,137.39061289839296,2064000
2014-04-09,139.5395050048828,139.56393564244127,138.05807933391998,138.44064796537668,768800
2014-04-10,136.5604248046875,139.58840915252222,136.43832124954028,139.53142500940194,1286900
2014-04-11,135.33128356933594,136.78830367031037,135.20919246378162,135.86850927428478,1762400
2014-04-14,136.42201232910156,136.74759687737452,135.33127800985298,136.4057293756116,1456600
2014-04-15,137.36619567871094,137.4557332815681,135.38824557048383,136.73129719308844,2160100
2014-04-16,138.81507873535156,138.82322642186534,137.71622161807525,138.31041898165077,2410000
2014-04-17,138.97789001464844,139.38487691151897,138.3999631561803,138.66044073189957,925500
2014-04-21,139.49069213867188,139.53139331447557,138.91277767112658,139.06743468702757,804400
2014-04-22,140.10118103027344,140.50816797253685,139.5883859287955,139.65350532998835,1053300
2014-04-23,139.76747131347656,140.1337571040269,139.71862244384735,140.0767729662545,724500
2014-04-24,140.07681274414062,140.51636575382713,139.4337786110381,140.51636575382713,543900
2014-04-25,138.95347595214844,139.70233037436657,138.63602665990103,139.63721097848827,1357900
2014-04-28,139.37673950195312,139.97094935778304,137.9604329453711,139.5069782994163,647800
2014-04-29,140.04417419433594,140.23951992866668,139.53950206672522,139.83253308847404,1065900
2014-04-30,140.48374938964844,140.5814347013153,139.596520838649,139.8000143092593,605300
2014-05-01,140.49191284179688,140.841915688797,140.02794171502126,140.41051047631643,623900
2014-05-02,140.2639617919922,141.02908667978025,140.05232066919123,140.4593075419578,754800
2014-05-05,140.55702209472656,140.58958800954636,139.20583471588202,139.5884034833417,792600
2014-05-06,139.3360595703125,140.31283827996404,139.27908785039526,140.22330064558787,567700
2014-05-07,140.158203125,140.1826213545289,138.73374844127227,139.78376957179182,1160600
2014-05-08,139.9872283935547,140.9802775490713,139.539540262747,139.9709578580752,1390700
2014-05-09,140.23141479492188,140.2395500621828,139.35232154078315,139.9872201542852,955400
2014-05-12,141.55821228027344,141.61518399810103,140.78493951370987,140.78493951370987,780100
2014-05-13,141.6884002685547,142.0302677136611,141.54187855193632,141.7046707990938,994800
2014-05-14,141.0046844482422,141.60702955952235,140.81747394321454,141.5581931164938,1335700
2014-05-15,139.73492431640625,140.7605271528351,139.08374258935655,140.73610892484334,3191100
2014-05-16,140.2802276611328,140.2965106131732,139.2709081991858,139.84068731806772,699600
2014-05-19,140.76051330566406,140.8988998110149,139.84886642963184,139.9872405147255,926900
2014-05-20,139.83262634277344,140.71986768548618,139.5233245837257,140.70358472334863,669400
2014-05-21,141.04539489746094,141.11864956681995,140.2558392292424,140.2965404078605,991300
2014-05-22,141.4279327392578,141.68026260323555,140.86628888962832,141.1023482219162,859000
2014-05-23,142.01400756835938,142.07097927489983,141.48492957507185,141.55818423501856,613900
2014-05-27,142.85240173339844,142.89310290740187,142.4454148338731,142.51866949492657,890000
2014-05-28,142.7059326171875,143.08848898388842,142.5187096480745,142.86872493881177,990900
2014-05-29,143.51995849609375,143.51995849609375,142.74667295355636,143.1129713348688,541000
2014-05-30,143.7071075439453,143.82106340345553,143.24313641720266,143.38965819100562,874700
2014-06-02,143.9024658203125,143.9513146959852,143.21059533484404,143.93503173742764,1620200
2014-06-03,143.8129119873047,143.90244961890323,143.438490924443,143.5443115127659,1252900
2014-06-04,144.07337951660156,144.19547063283528,143.42219791609114,143.56057198790802,984900
2014-06-05,145.05015563964844,145.19667740941804,143.772222994623,144.26874760173325,853600
2014-06-06,145.74208068847656,145.77463419104689,145.31067536292204,145.39206532947813,586800
2014-06-09,145.88851928710938,146.26295269640448,145.59548822512974,145.73386227936257,461800
2014-06-10,145.92111206054688,145.94553028518644,145.42458745911478,145.72575384317375,959900
2014-06-11,145.448974609375,145.55479517370952,145.0908241641695,145.4082734369191,558100
2014-06-12,144.36642456054688,145.31063735147814,144.0571104758694,145.2292349859555,891400
2014-06-13,144.8222198486328,144.94432337318258,144.2117394866482,144.66756283635596,731200
2014-06-16,144.94432067871094,145.22106879013813,144.48034965050545,144.63500665990728,756700
2014-06-17,145.32688903808594,145.44084488288217,144.58618225703808,144.7489745467105,2934400
2014-06-18,146.4095001220703,146.49090249057173,145.0257467993495,145.36761439059174,501900
2014-06-19,146.5885467529297,146.68623206009505,146.11644043243854,146.54784557663206,746900
2014-06-20,146.88153076171875,146.9792160375782,146.71873852895462,146.93036718952285,830300
2014-06-23,146.8153076171875,146.9543047981154,146.57819771470704,146.92977661772724,737700
2014-06-24,145.94866943359375,147.28959788620492,145.793315912516,146.59459923175933,391700
2014-06-25,146.57000732421875,146.75807333439303,145.6460834564029,145.65425535746857,586000
2014-06-26,146.4965057373047,146.66821556639061,145.5235124835988,146.65185927881294,676800
2014-06-27,146.74993896484375,146.8153516242143,146.10400922736696,146.18576569443832,1032300
2014-06-30,146.7090301513672,147.02792149145927,146.58638923301407,146.7090301513672,1261200
2014-07-01,147.73931884765625,148.14813869615773,147.03614820918605,147.07703268927452,1199000
2014-07-02,147.84555053710938,148.01724781078798,147.64114070336788,147.7228971511528,511500
2014-07-03,148.5896453857422,148.63052986218293,148.15629738308957,148.24623824078296,327900
2014-07-07,148.10720825195312,148.40155895057202,147.86191392373942,148.30344620976166,1151800
2014-07-08,147.1505889892578,147.8455875886266,146.7662974074218,147.80470311639505,749400
2014-07-09,147.76382446289062,147.89464978870762,147.17512297290384,147.46947371789722,930300
2014-07-10,147.19969177246094,147.55945527961694,146.22669841706897,146.36569568552594,614600
2014-07-11,147.39588928222656,147.46947384949314,146.77447522213612,147.12606672605935,520400
2014-07-14,148.12359619140625,148.32800609590657,148.00912714393368,148.1562962866025,493100
2014-07-15,147.87013244628906,148.50789036119096,147.22419015030465,148.19718330863182,1207000
2014-07-16,148.43426513671875,148.61414681971948,148.00091721208656,148.52420597821913,539400
2014-07-17,146.69271850585938,148.49969497206965,146.51283680204799,147.9600623368252,1103900
2014-07-18,148.238037109375,148.35250613512605,147.12604694085573,147.19145959502606,571500
2014-07-21,147.91912841796875,148.05812560150764,147.28137076352658,147.75560305358098,866000
2014-07-22,148.58148193359375,148.84312014055584,148.3361875371853,148.46701287876198,1509500
2014-07-23,148.9330291748047,149.07203886814162,148.51603752335973,148.81038824090575,750900
2014-07-24,148.9330291748047,149.21920798882033,148.78586005412598,149.1047389584518,535800
2014-07-25,148.22166442871094,148.6223122126091,147.94367003638325,148.5241870041154,635700
2014-07-28,148.28712463378906,148.4833626375266,147.40407233125623,148.2789527288715,485700
2014-07-29,147.65757751464844,148.72051181486876,147.6412337005084,148.56515824718042,639000
2014-07-30,147.65757751464844,148.35257637761396,147.06070391749313,148.17269461252155,1128500
2014-07-31,144.6894989013672,146.76629784937828,144.6894989013672,146.64365690850352,2430500
2014-08-01,144.337890625,145.22911462821773,143.61836391903964,144.32971872195512,3398000
2014-08-04,145.35174560546875,145.6297399803585,143.96176125483413,144.5668063676899,2212000
2014-08-05,143.88003540039062,145.11466665339304,143.41397485928616,144.7549032482295,1251300
2014-08-06,143.96995544433594,144.5750131270455,143.23407245571278,143.25042873799893,1185800
2014-08-07,143.1931915283203,144.75487329402645,142.841600100142,144.64040427754244,1527100
2014-08-08,144.85304260253906,144.94298346259882,143.1687069288662,143.48758589158882,1209900
2014-08-11,145.2618408203125,145.92412683852663,145.22095634887688,145.43353813367742,1191200
2014-08-12,145.0901336669922,145.5316660046168,144.64042942540763,145.10648995110142,513900
2014-08-13,146.11216735839844,146.21846447937943,145.43352511711197,145.66246316523416,781600
2014-08-14,146.74993896484375,146.74993896484375,146.1694218867375,146.29206282543907,842000
2014-08-15,146.7090301513672,147.4203849063762,145.68698091113467,147.29773151183608,1694300
2014-08-18,147.92733764648438,148.01727849102053,147.45310523676542,147.5512304611068,1039100
2014-08-19,148.71229553222656,148.8349364826509,148.18082230261038,148.31981953848808,583000
2014-08-20,149.12106323242188,149.3091167827635,148.5241775457341,148.5323619236963,1507800
2014-08-21,149.54627990722656,149.76704609559746,149.15381638715965,149.2846417192454,756600
2014-08-22,149.3091278076172,149.7015912170181,149.00660522914012,149.46448128613898,656500
2014-08-25,150.08590698242188,150.33120133151442,149.84879701321867,150.06955069883202,1097200
2014-08-26,150.20855712890625,150.58466430997302,150.1594882792036,150.21672903242907,749500
2014-08-27,150.1840057373047,150.3638874114651,149.90601132312503,150.29030285645067,602600
2014-08-28,150.069580078125,150.1349927491015,149.50541918381123,149.64441643106457,447700
2014-08-29,150.43748474121094,150.49471301427317,149.81607078335534,150.30665943680052,617200
2014-09-02,150.39662170410156,150.69097244287323,149.84880469953558,150.69097244287323,553800
2014-09-03,150.3311767578125,151.00163456113515,150.1104106320976,150.97710637785423,627600
2014-09-04,150.08590698242188,151.11614075337283,149.70979979317698,150.54378311342725,536700
2014-09-05,150.80545043945312,150.82997862945862,149.52993465440582,150.0613954061121,502300
2014-09-08,150.42111206054688,150.82175983305567,149.955051642964,150.64187817814854,635900
2014-09-09,149.44808959960938,150.34749769576993,149.14556709280257,150.27390068704125,515300
2014-09-10,150.03689575195312,150.07778023513495,149.0312023418816,149.53813499999703,849800
2014-09-11,150.17581176757812,150.20033994897878,149.3091160882596,149.42358509352457,525700
2014-09-12,149.28463745117188,150.04503627932345,148.87581765723488,150.02869247042278,724000
2014-09-15,149.18649291992188,149.41543095767315,148.720432465522,149.33366202582457,1021700
2014-09-16,150.29847717285156,150.54375900647764,148.81036750918997,148.9003083402485,565100
2014-09-17,150.51109313964844,151.1979073823235,149.79156632759475,150.53562132858758,975000
2014-09-18,151.2960205078125,151.31237679254178,150.79725987118184,150.97714157463483,740000
2014-09-19,151.1488494873047,151.9501327623828,150.91991140871093,151.78660734570005,964000
2014-09-22,149.97897338867188,150.94838827136292,149.70786615543432,150.915519950951,836700
2014-09-23,149.13279724121094,150.09398878462108,149.11636308085764,149.4778393950819,752200
2014-09-24,150.33224487304688,150.39796898089634,148.7959704901984,149.20673676256365,968500
2014-09-25,147.91697692871094,149.94616386225186,147.8676869684784,149.92972969697595,1603000
2014-09-26,149.108154296875,149.4203406698776,147.98265874139534,148.17160771345877,916900
2014-09-29,148.81240844726562,149.0670815369341,147.6869128436628,147.81834852712285,1482800
2014-09-30,148.36058044433594,149.36285129497406,148.11411813858018,148.9438741501048,767700
2014-10-01,146.41351318359375,148.2208820534123,146.07668187298663,148.1551579536165,2380200
2014-10-02,146.40528869628906,146.9146347526408,144.91830458153962,146.273840508976,1263800
2014-10-03,148.04014587402344,148.32768724749047,146.95572955200268,147.4486415036156,1217400
2014-10-06,147.85940551757812,148.84524194163606,147.35005941452607,148.6480821781786,1307000
2014-10-07,145.5919952392578,147.42400926200406,145.5755610787746,147.09540126588877,930600
2014-10-08,148.13873291015625,148.3194585109343,144.9018931495888,145.68234644631076,1897500
2014-10-09,145.14833068847656,148.05656224959768,145.08261913129334,147.87582412837145,1428600
2014-10-10,143.52174377441406,145.86311671596866,143.4888879858318,145.12372984914433,2469900
2014-10-13,141.16395568847656,143.97359582600237,141.0817974098592,143.46424959823605,2109200
2014-10-14,141.3939666748047,142.96309684267015,140.8928313214505,141.90331284078732,2431300
2014-10-15,140.34242248535156,140.72854382924632,137.07272608602364,139.4962448684571,5460300
2014-10-16,140.2520294189453,141.26251088409578,137.75456359872763,137.86959018290833,4452600
2014-10-17,141.98548889160156,142.93024642145627,141.3364710805104,141.90333061266057,2259400
2014-10-20,143.38206481933594,143.43957811085698,141.67327573178338,141.7389998354113,1379400
2014-10-21,146.16709899902344,146.2656789133324,144.25292627075999,144.40901949214543,2884200
2014-10-22,145.17303466796875,146.82431071990058,145.09087639180396,146.47104517510346,2374200
2014-10-23,146.84078979492188,147.75269178265626,146.37251004162192,146.6025382425282,1812400
2014-10-24,147.9416046142578,148.01553954596355,146.52856741999997,147.07899280424323,1152600
2014-10-27,147.75265502929688,147.9826831729838,146.94754399079895,147.4733243957396,1476000
2014-10-28,149.4532012939453,149.46963545505423,148.20446829709914,148.2784157542933,1330000
2014-10-29,149.28070068359375,149.9954300649512,148.26199570295654,149.54358460839464,1600700
2014-10-30,150.2253875732422,150.61150873316973,148.73841620805135,148.83699606655634,1588900
2014-10-31,151.92601013183594,152.024602563127,151.24414913912835,151.99995758920224,1946100
2014-11-03,152.01641845703125,152.49290896856687,151.6549545676274,152.14786670895734,2270000
2014-11-04,151.47415161132812,151.86027285157618,150.71011994221968,151.62202142984532,1639400
2014-11-05,152.4681854248047,152.62427857658616,151.76989045050442,152.59142279833213,1826500
2014-11-06,153.08433532714844,153.117203641129,151.90132673562513,152.45176444229435,1758600
2014-11-07,153.21583557128906,153.363705427678,152.64076523712134,153.08438734188127,1396400
2014-11-10,153.67591857910156,153.70878690996935,153.0269132038088,153.1994280662811,1876400
2014-11-11,153.82374572753906,153.90589145400276,153.44583527191557,153.7415874654846,1031600
2014-11-12,153.70057678222656,153.8566700282889,153.18301961468916,153.20766459716253,2742900
2014-11-13,153.84017944335938,154.31666982242788,153.117239329938,153.82375781813036,1163600
2014-11-14,153.89772033691406,154.0620243678112,153.5033881556421,153.78270626172664,1464500
2014-11-17,153.9798583984375,154.1113066308314,153.4294330278306,153.56909207390163,584600
2014-11-18,154.8670654296875,155.12175099900847,154.0208880757325,154.0208880757325,1252600
2014-11-19,154.58779907226562,154.84247219107894,153.93057043738355,154.65352318931318,1880800
2014-11-20,154.8670654296875,154.97386865115791,153.86479491684167,153.86479491684167,866800
2014-11-21,155.73793029785156,156.48551538543228,155.22857159664818,156.44443625113644,1586200
2014-11-24,156.1405029296875,156.263740356023,155.90226396238955,156.10764713735455,1365900
2014-11-25,156.09120178222656,156.55125805546874,155.81188369284285,156.37051987161027,1736700
2014-11-26,156.4526824951172,156.51840661249048,155.99262620909784,156.17336439797597,824400
2014-11-28,156.1158447265625,156.60876931895925,155.89402740642467,156.33766204670036,430200
2014-12-01,155.0477752685547,155.58998955242978,154.74381235286128,155.50783131465946,2083600
2014-12-02,156.0254669189453,156.19799427732332,155.03141951179148,155.03141951179148,1446800
2014-12-03,156.6251983642578,156.81415990379585,156.0665621663028,156.1733654246857,2240100
2014-12-04,156.4690704345703,156.90448161489556,155.73790708123263,156.3787013668279,1573000
2014-12-05,156.74842834472656,157.06882556907152,156.37874116826592,156.62519092884426,2215900
2014-12-08,155.68038940429688,156.7730289977904,155.14639835989,156.37869695675778,1527800
2014-12-09,155.5572052001953,155.65578510231134,153.6101643842535,153.9798515527815,1763100
2014-12-10,153.11717224121094,155.15456854458492,152.8871442328745,155.15456854458492,1749800
2014-12-11,153.8319549560547,155.32715006803818,153.47047866368106,153.6101376792635,1972600
2014-12-12,151.33445739746094,153.5443685632524,151.30158908837706,152.80499457149608,2614400
2014-12-15,150.28298950195312,152.5750730402168,149.74078737950845,152.19716243551102,2801400
2014-12-16,149.12461853027344,152.4271709435044,149.05889441030345,149.60110899836016,3837500
2014-12-17,152.1313934326172,152.4353690039976,149.38747769095946,149.49428093514112,5588600
2014-12-18,154.8999481201172,154.9245930911145,152.8050378362123,153.4129763705238,3820200
2014-12-19,155.61460876464844,156.19790207088198,154.93273561787373,155.50780558033884,1800800
2014-12-22,156.3048095703125,156.3048095703125,155.5490009781028,155.737962527851,3005800
2014-12-23,156.5430145263672,156.88805665918937,156.3376314090499,156.86341168795855,1926800
2014-12-24,156.526611328125,156.95381180661104,156.5019663520194,156.7566394621729,952700
2014-12-26,157.0359344482422,157.3399100014849,156.90449877354428,156.96199953080125,650300
2014-12-29,157.25775146484375,157.4302788074996,156.8305510499365,156.88806434268554,878600
2014-12-30,156.4033203125,156.98660121448378,156.3375962254787,156.87158719609346,3224500
2014-12-31,154.77674865722656,156.83880366363374,154.76032702959796,156.7073554290433,1366000
2015-01-02,154.77674865722656,155.86117778920712,153.84020192305866,155.50791222569455,1865000
2015-01-05,152.05747985839844,153.9634416821251,151.70422682511452,153.84020425947733,2734700
2015-01-06,150.56224060058594,152.7064405825929,149.81464313712848,152.28745105211567,2245300
2015-01-07,152.4435577392578,152.7310991078307,151.3509180885072,151.76168430898832,2305600
2015-01-08,155.12179565429688,155.31074464733138,153.68411356624944,153.73340351785902,1740600
2015-01-09,153.81549072265625,155.54892439627884,153.3390004791082,155.51606861957367,2525200
2015-01-12,152.67356872558594,154.11947368256457,152.13957771298556,154.00445965513117,1847500
2015-01-13,152.27113342285156,154.78502218020074,151.079900647179,153.80739598887658,2158500
2015-01-14,151.37557983398438,151.4905938870411,149.60928990441545,150.422611623911,5216300
2015-01-15,149.9625701904297,152.18892927332834,149.84755611642422,151.88496619251256,1940700
2015-01-16,151.81919860839844,152.04922669055316,149.59284016289848,149.77357830396153,1472800
2015-01-20,152.19711303710938,152.72289335848583,150.81694439434307,152.4928652513581,1637600
2015-01-21,152.99404907226562,153.4130388209607,151.40849679324614,151.79461821017128,1586500
2015-01-22,155.3353729248047,155.392873683637,152.4764432184415,153.70051867047033,6074900
2015-01-23,154.48095703125,155.28606786125698,154.27557391788727,155.03960561810362,3109800
2015-01-26,154.784912109375,154.86705782251082,153.56903521331304,154.2755535313425,2018000
2015-01-27,152.7557830810547,153.77447554517093,151.99997454666112,152.92008710408052,1979100
2015-01-28,150.74301147460938,153.88948263206956,150.6279974195196,153.84840349762496,2530800
2015-01-29,152.20529174804688,152.4188856318558,149.69140493197526,150.94834834001105,4338200
2015-01-30,150.33224487304688,152.2957071535291,150.03649265552022,151.1291324442828,2302500
2015-02-02,152.05747985839844,152.1971389089242,149.08353558528725,150.75124591325118,3397800
2015-02-03,154.27560424804688,154.3331175481788,152.63253901812294,152.9118696342606,1435000
2015-02-04,153.7498321533203,154.73568137282413,153.33906582372492,153.65125224560737,1861200
2015-02-05,155.31072998046875,155.4257440352274,154.32489343459574,154.35774922070172,1033800
2015-02-06,154.8753204345703,156.13226423808115,154.39883004945762,155.6722080139977,1454700
2015-02-09,154.1688232421875,154.93284260513713,153.8073468631428,154.2920481279556,2289300
2015-02-10,155.8118896484375,156.03369444434733,154.32491751715997,155.12180521219716,1798000
2015-02-11,155.91868591308594,156.28016230746667,155.08894239732598,155.68865775949715,1744400
2015-02-12,157.3645782470703,157.44672398895636,156.4773214997861,156.66627049527648,2008500
2015-02-13,158.0546875,158.0957666451983,157.2906680488112,157.50426205400916,1073100
2015-02-17,158.309326171875,158.45720855526224,157.5617285131103,157.79176916900067,1700400
2015-02-18,158.34217834472656,158.37503412902123,157.73423978275108,157.96426787958697,1863000
2015-02-19,158.23538208007812,158.5311342941248,157.6438776519848,157.80818165187924,1017600
2015-02-20,159.19656372070312,159.22943203998867,157.28239152902447,157.8410401365606,1374000
2015-02-23,159.15545654296875,159.15545654296875,158.58038641271978,158.95829680436265,1497700
2015-02-24,159.62374877929688,159.77984194192234,158.90900706283242,159.12261351088395,1244200
2015-02-25,159.4512176513672,159.91127378143233,159.1390438691598,159.49229677774932,1983600
2015-02-26,159.27052307128906,159.5005511992156,158.72832107580095,159.369115508681,994200
2015-02-27,158.72006225585938,159.41836983245838,158.7118514444087,159.18834175593895,966600
2015-03-02,159.763427734375,159.763427734375,158.80223620488297,158.810447017145,1016600
2015-03-03,159.08152770996094,159.39371402211546,158.3010744651638,159.3444240855835,1388100
2015-03-04,158.41610717773438,158.5968453233922,157.51241644944528,158.55576619290804,1497500
2015-03-05,158.58865356445312,158.82690504736308,158.1285972968116,158.6790226552822,1135800
2015-03-06,156.34584045410156,158.18607767728113,156.04187745529597,157.73423231717115,1815600
2015-03-09,157.01132202148438,157.29886347414546,156.4362516517561,156.51840993411466,1132000
2015-03-10,154.43165588378906,155.78719185497624,154.4234450726629,155.73790191704023,2390500
2015-03-11,154.0702362060547,154.83426813141654,154.01273543587575,154.66174074969157,1857500
2015-03-12,156.0583038330078,156.09115961410913,154.61239875275223,154.62062209971998,2646900
2015-03-13,155.10537719726562,155.91868655236266,154.1359620869432,155.82831745339698,1792200
2015-03-16,157.22491455078125,157.22491455078125,155.7215083736755,155.75436416233893,1054700
2015-03-17,156.69088745117188,157.01950796673003,155.95151322845012,156.48550432979462,1460900
2015-03-18,158.5557861328125,159.18014637368293,155.67221132269216,156.23084745364062,2287400
2015-03-19,157.82456970214844,158.432508113292,157.52881757450942,158.19425672780022,1372000
2015-03-20,159.25411987304688,159.69774201807024,158.66261532261953,158.71190527922278,1350100
2015-03-23,158.96839904785156,159.76935239143975,158.94362833409517,159.24088949872117,707100
2015-03-24,158.0435791015625,159.2408890610608,157.98578496947283,158.85279774721155,1587700
2015-03-25,155.73977661132812,158.4316318396077,155.70675320096748,158.24171888105522,1216700
2015-03-26,155.3516845703125,156.18566112262855,154.5342134233164,155.1370009052385,1906200
2015-03-27,155.6737518310547,155.88018284049485,155.09574752453202,155.26914251671434,1837000
2015-03-30,157.6141815185547,157.8701539107416,156.65633877397732,156.68110948292787,1414700
2015-03-31,156.22703552246094,158.3574057349851,156.2022648013487,156.87109947048535,2765200
2015-04-01,155.7233428955078,156.2022645020151,154.7985357102815,156.2022645020151,3379900
2015-04-02,156.1856689453125,156.63156690220572,155.4590404889127,155.624182747206,1803500
2015-04-06,157.283935546875,157.74633906371596,155.31045529493173,155.42605617414196,1242500
2015-04-07,156.8627471923828,157.9857320350013,156.8627471923828,157.28386178353537,1372300
2015-04-08,157.4325714111328,157.76285603539986,156.73070083512687,157.0857687757872,1412100
2015-04-09,158.117919921875,158.2995802404293,156.85456299709773,157.25915976151828,794800
2015-04-10,158.98487854003906,159.00966184930456,158.15915461730177,158.32430948148695,1056900
2015-04-13,158.26651000976562,159.39774780388598,158.20871588429083,158.8362615584839,1227800
2015-04-14,158.55552673339844,158.72066901424444,157.52337172867544,158.06008729131204,2647800
2015-04-15,159.28213500976562,159.71151496493673,158.9105617752825,158.98487390226975,934900
2015-04-16,159.22434997558594,159.6702353625031,158.7867172922894,158.99314827873297,823300
2015-04-17,157.37472534179688,158.34908615911343,156.68112024444807,158.15090787435048,2059300
2015-04-20,158.81155395507812,159.11706791003536,158.16749001786664,158.2665729006522,1430300
2015-04-21,158.6545867919922,159.57939351152424,158.37384369492662,159.45553996856785,1089500
2015-04-22,159.43902587890625,159.59591543686872,158.12612789313647,158.94359909536607,1125400
2015-04-23,159.8519287109375,160.4051623571212,158.95189244772294,159.07574602539464,956400
2015-04-24,160.1739501953125,160.42992263888655,159.79412418212175,160.2069862135765,978300
2015-04-27,159.5381317138672,160.80148836358256,159.36472413862,160.71065822408124,898200
2015-04-28,160.03359985351562,160.0666358761636,158.48949968282378,159.50513688710686,1103800
2015-04-29,159.38125610351562,159.9097189797451,158.65461492386927,159.20784851308227,1408900
2015-04-30,157.79583740234375,159.19956546860033,157.1517737884196,158.86926835918638,2506100
2015-05-01,159.44728088378906,159.51332770435795,158.41512606864165,158.50595619635646,1921200
2015-05-04,159.94273376464844,160.44642590070873,159.77759148715532,159.89319234135533,1060000
2015-05-05,158.07662963867188,160.02533909161792,157.985799480289,159.69504187952094,1138300
2015-05-06,157.44088745117188,158.86113458603919,156.4995620338348,158.6134147184124,1588100
2015-05-07,158.07662963867188,158.4564556831455,157.08576320148157,157.3747590875723,1320700
2015-05-08,160.14913940429688,160.33905236336682,159.5546172198164,159.6124239375377,1322900
2015-05-11,159.38125610351562,160.35560441299702,159.3317146775486,160.13265539659665,1090100
2015-05-12,158.91885375976562,159.42254592649172,157.90320412222928,158.66286872458605,1852700
2015-05-13,158.96839904785156,159.86843524646534,158.7537027292305,159.33171964901106,589000
2015-05-14,160.6280517578125,160.68585847229664,159.63718570568165,159.8931580708647,902300
2015-05-15,160.79327392578125,160.91714011858394,160.37215910917615,160.751985194847,719000
2015-05-18,161.28868103027344,161.5281354622068,160.58681054433399,160.71067671220226,984500
2015-05-19,161.20608520507812,161.65198319928612,160.98314880752187,161.37949278050297,980400
2015-05-20,161.09873962402344,161.80059738667646,160.85101993150892,161.32167600769424,3401300
2015-05-21,161.58595275878906,161.78411848105637,160.87582952171462,161.05748983349295,756200
2015-05-22,161.23086547851562,161.6354747788058,161.17307134964474,161.2721541988797,831600
2015-05-26,159.496826171875,160.82624211004745,159.11698764687728,160.79320609941473,1235300
2015-05-27,160.9666290283203,161.21434873353667,159.61244225262476,159.90970337897488,1420100
2015-05-28,160.81802368164062,160.90885383803544,160.19047789171728,160.73545883008626,1114500
2015-05-29,159.76934814453125,160.78498518019416,159.5711698401987,160.7436964585146,1530900
2015-06-01,160.14096069335938,160.71896513990356,159.43909005141515,160.38041517851627,1157400
2015-06-02,159.97581481933594,160.6033606903078,159.15834330620476,159.71982972767142,1094400
2015-06-03,160.41336059570312,160.95832870916607,159.9757280048303,160.44638400275895,1213800
2015-06-04,159.1086883544922,160.297732398171,158.77013864214476,159.79404047965548,1383400
2015-06-05,158.7867889404297,159.38131145761272,158.19226642324662,158.93541326994884,1567800
2015-06-08,157.80409240722656,158.80322385340227,157.7297802813543,158.67935771073525,1130100
2015-06-09,157.7628173828125,158.24999149408936,157.19306583592532,157.7958533968757,1466100
2015-06-10,159.6372528076172,160.00882615841024,158.43995529970587,158.50601474422143,1247700
2015-06-11,160.13262939453125,160.49594992535904,159.88492230491846,160.14914740035437,724700
2015-06-12,158.9601287841797,159.546398390405,158.71242165434387,159.37299079997112,2147700
2015-06-15,158.2252655029297,158.51427400970132,157.2756877227679,157.89498086623462,1392600
2015-06-16,159.15003967285156,159.20783379795503,157.99401857575748,158.1261374324907,819800
2015-06-17,159.42259216308594,159.93453718282433,158.49777240541175,159.41432685660465,1170600
2015-06-18,160.99964904785156,161.45379973124778,159.86015858715876,159.86841129065786,1041600
2015-06-19,160.06663513183594,160.89235930048187,160.06663513183594,160.8510705721394,691400
2015-06-22,161.16329956054688,161.7025241384427,160.98079005390096,161.24625037182795,1027000
2015-06-23,161.27944946289062,161.56979630560073,160.93931694060697,161.33751376805307,1727200
2015-06-24,160.1263427734375,161.370719049697,160.10145626058832,161.08865080665612,2160600
2015-06-25,159.62863159179688,160.68220734305885,159.57885855225678,160.53287556598497,2287600
2015-06-26,159.62863159179688,160.1678690565397,159.11429330527773,159.9604729528202,1631900
2015-06-29,156.2521514892578,158.8072590702474,156.17747930882553,158.268034533537,2746800
2015-06-30,156.6586151123047,157.77025446106794,156.16087238492852,157.77025446106794,2679400
2015-07-01,157.8450164794922,158.2432134197466,157.16475124220725,158.16024992206954,2782300
2015-07-02,157.72886657714844,158.45060086546457,157.35554351641076,158.32616828418654,3087100
2015-07-06,157.27255249023438,157.95280485813333,156.36000493256049,156.5591096701753,1741100
2015-07-07,158.24314880371094,158.36758134096402,155.28983177406272,157.50481954629888,3507500
2015-07-08,155.55535888671875,157.28089587564415,155.38944454630249,157.09009501708806,1874000
2015-07-09,155.83743286132812,157.72888425950796,155.8208376291467,157.53807073555458,2224900
2015-07-10,157.82009887695312,158.21000445402336,157.08176946348078,157.7703131930814,1648600
2015-07-13,159.58709716796875,159.67835192982503,158.93173126623694,158.9400225506059,1026100
2015-07-14,160.29226684570312,160.5494359331149,159.5041643544072,159.5871151828089,1128900
2015-07-15,160.22589111328125,160.71534275090596,159.7945037869839,160.35032367930438,1174800
2015-07-16,161.4536590576172,161.4951407957371,160.98080268670824,161.19649000310278,949500
2015-07-17,161.6444854736328,161.7025497848939,161.1384386082994,161.50344502103394,872100
2015-07-20,161.7191162109375,162.15050345991207,161.43706067287442,161.8435487546571,1103500
2015-07-21,161.0803680419922,161.81040621338286,160.82319895664796,161.61960538529695,772400
2015-07-22,160.76510620117188,161.07206094316197,160.4249863214848,160.4249863214848,1193800
2015-07-23,159.8442840576172,160.96422783638292,159.562228456215,160.9393413220504,899300
2015-07-24,158.17684936523438,160.01852766832354,157.91968023742106,159.99364115004823,1589100
2015-07-27,157.2808074951172,157.88641285208635,156.91578855624417,157.4384304603983,1745600
2015-07-28,159.18890380859375,159.36312205175022,157.31404816577248,158.11044186990287,931300
2015-07-29,160.317138671875,160.52453471155403,159.20549893722344,159.33823544064592,2471200
2015-07-30,160.3419952392578,160.50790950832572,159.29672395152735,159.91891195436753,924400
2015-07-31,160.06826782226562,160.87296550373324,159.86917571696245,160.87296550373324,1437200
2015-08-03,159.57052612304688,160.1180420752754,158.72434669367502,160.1097507903077,3081700
2015-08-04,159.25523376464844,159.91059952312932,158.83215050222003,159.57047972005392,1601700
2015-08-05,159.8111114501953,160.73195048576795,159.5373471251925,160.1429400910435,1369900
2015-08-06,158.59164428710938,160.05170823777553,157.94456948386903,159.91898435749903,1321200
2015-08-07,158.17684936523438,158.44232243810802,157.36386023185133,158.3510676516143,1854100
2015-08-10,160.18438720703125,160.2341602265534,159.19718012501357,159.19718012501357,1346700
2015-08-11,158.71600341796875,159.31329220125,158.03573851993897,158.98146369293306,4996300
2015-08-12,158.85708618164062,159.0810648060211,156.2107105055367,157.52145508667863,3758700
2015-08-13,158.682861328125,159.3797090030114,158.25977795232612,158.79900260727274,1155900
2015-08-14,159.29676818847656,159.34654121717423,158.43399349621384,158.55013478265874,742500
2015-08-17,160.18438720703125,160.18438720703125,158.3344182502498,158.79898331038785,1926300
2015-08-18,159.69496154785156,160.24249016832948,159.51245200769225,159.97701714320664,1023800
2015-08-19,158.43397521972656,159.7364283931727,157.7205323543085,159.09764506218863,1771900
2015-08-20,155.10736083984375,157.5629230140329,155.0907656112687,157.0900665964727,4195700
2015-08-21,150.1878662109375,154.32749449856502,150.1878662109375,153.53939231200619,6145900
2015-08-24,144.06558227539062,148.94352832568788,139.43650133598928,142.68846958900383,12325000
2015-08-25,142.3151397705078,149.15920786855648,142.16580806597588,148.62827460728818,8132200
2015-08-26,147.96461486816406,148.08904741497915,143.25257077974283,146.19759675270006,7086100
2015-08-27,151.5816192626953,151.64798751474345,148.44579213950726,149.98881918888947,7168800
2015-08-28,151.5816192626953,151.97152483194697,150.51144860378764,150.95943114050007,2945000
2015-08-31,150.2460174560547,151.4323169635551,149.82293400777277,150.7188739384342,1923000
2015-09-01,145.6584014892578,148.08078593625984,145.03621331305504,146.9276643560354,8531800
2015-09-02,148.5950927734375,148.60339671544418,146.3386231176081,148.06415948138635,2424000
2015-09-03,148.7195281982422,150.60267477649177,148.25496318055158,149.29194318734216,2420200
2015-09-04,146.41329956054688,147.40879792978188,145.7081480256791,146.73683684700947,2317700
2015-09-08,150.16299438476562,150.27913563773305,148.42916687316378,149.05135486944218,2248500
2015-09-09,148.1388397216797,151.68945867878185,147.80699848457502,151.64797694183767,2125500
2015-09-10,148.9684295654297,149.97221928252387,147.7240533598605,147.87337242847312,1774400
2015-09-11,149.59059143066406,149.67354223474985,147.9397147304572,148.57019400698715,2185000
2015-09-14,149.0264892578125,149.8063003478398,148.64487499687078,149.8063003478398,905300
2015-09-15,150.96774291992188,151.33276202651538,149.13436875969285,149.50767915199933,1641500
2015-09-16,152.2868194580078,152.41125205877236,150.90970627009582,151.26642149792337,2098900
2015-09-17,151.88861083984375,154.2944132912481,151.5982638832898,152.1457799887887,3106200
2015-09-18,149.43301391601562,151.01751020156493,149.0679948233191,149.6652964916496,3205200
2015-09-21,150.2027587890625,151.1201472061716,149.23531989761628,150.2444484290138,1467600
2015-09-22,148.24282836914062,148.65982647988363,147.2336873418027,148.28453072536942,2469500
2015-09-23,147.9759521484375,148.82663190746047,147.49224551028675,148.44300074951013,1670300
2015-09-24,147.51727294921875,147.87588525794982,145.6908189748285,146.8250544774861,2562400
2015-09-25,147.417236328125,149.04353989963556,146.6416255885367,148.85171151661143,3436300
2015-09-28,143.70594787597656,146.6749736483779,143.4640944684445,146.66663826390362,3732900
2015-09-29,143.78099060058594,145.04866883578808,142.91363984541178,144.00617321737963,3219500
2015-09-30,146.5415802001953,146.6499911283506,144.84021963806427,145.58247626519352,4123600
2015-10-01,146.9501953125,147.14201096328478,145.11540537589144,146.7583796617152,3948400
2015-10-02,149.07688903808594,149.07688903808594,144.57331258542837,145.11540527343752,2307200
2015-10-05,151.75401306152344,151.93748058903432,150.11937427562475,150.23613327991913,2049100
2015-10-06,151.24522399902344,152.1292579818865,150.61137870884028,151.68724099045497,1325400
2015-10-07,152.51295471191406,152.77983973323634,150.99508751192292,152.12097529045838,1693800
2015-10-08,153.85562133789062,154.1058227526805,151.85403547111673,152.15427462371008,3109600
2015-10-09,153.93911743164062,154.35611579523513,153.3803411515176,154.00583869690936,1651000
2015-10-12,154.12255859375,154.2309694872256,153.60547210066474,154.02247035837198,885100
2015-10-13,153.0967559814453,154.5479018641805,152.94662998191336,153.4386849024781,1022300
2015-10-14,152.3794708251953,153.5637440538395,152.11258589862967,152.99661994777438,1184100
2015-10-15,154.66464233398438,154.698009319115,152.63803702657742,152.95494703066126,2523100
2015-10-16,155.29010009765625,155.4068590642966,154.38938261538502,155.05658216437553,1241200
2015-10-19,155.47361755371094,155.48195293697836,154.54788097998892,154.8397848294361,768900
2015-10-20,155.2734375,155.8488970293551,154.8731228070561,155.14000775286846,1151200
2015-10-21,154.2643280029297,155.7988784528368,154.1725878822409,155.78219496022714,1556900
2015-10-22,156.93312072753906,157.108265592829,155.09833096276088,155.140033333142,1498300
2015-10-23,158.64283752441406,158.9847791916153,157.74211965084362,158.45935725058794,1624300
2015-10-26,158.2675323486328,158.55942351210643,157.95060958039164,158.55108812770243,1150500
2015-10-27,157.95896911621094,158.25920843577194,157.33347159427382,157.6920967909232,1442400
2015-10-28,159.79376220703125,159.79376220703125,157.67540360316048,158.3259199679324,2251900
2015-10-29,159.7354278564453,160.00231297719438,159.2016703407302,159.32676478746694,1779000
2015-10-30,158.92636108398438,160.12731800514712,158.92636108398438,159.97720475288972,2011600
2015-11-02,160.8112335205078,161.03640344414833,159.16825916979383,159.2766700762872,2403500
2015-11-03,161.31993103027344,161.84535287844773,160.3608401804017,160.57767468125044,3920400
2015-11-04,160.86126708984375,161.71193445298834,160.36086404323555,161.6035235493198,1786700
2015-11-05,160.66110229492188,161.328302110858,159.88549157601295,160.95300619119956,2185100
2015-11-06,160.5944061279297,160.8195888052128,159.39344881679327,160.34420456714628,2172600
2015-11-09,159.0931396484375,160.1356350892382,158.2508079135493,160.03555959916915,2127800
2015-11-10,159.39341735839844,159.50184098268775,158.38428865430285,158.6761798127916,1257500
2015-11-11,158.7845916748047,159.75203066014947,158.7845916748047,159.69364479731027,1114700
2015-11-12,156.65794372558594,158.3009183124098,156.60790595758607,157.9256223266305,2454900
2015-11-13,154.84814453125,156.47443532811934,154.77308789272786,156.24926541255294,3224000
2015-11-16,157.22503662109375,157.25005550008083,154.58960441104625,154.7063634215786,1687100
2015-11-17,157.0332489013672,158.2842440776966,156.6496175070635,157.50863317674725,1879900
2015-11-18,159.56019592285156,159.7186445477769,157.53357807165602,157.5502615627232,2858600
2015-11-19,159.47682189941406,159.86045318739883,159.20993689405293,159.54354315075435,2154800
2015-11-20,160.06895446777344,160.6777811222345,159.71034205352,160.13567572000662,1317600
2015-11-23,159.88551330566406,160.57771936949027,159.46016684323573,160.03562660361777,1308100
2015-11-24,160.1439971923828,160.44423641460256,158.6094340978288,158.98474266993512,1572000
2015-11-25,160.09393310546875,160.3858241709171,159.85206705542248,160.25238171060008,758700
2015-11-27,160.25245666503906,160.44428506363317,159.71036391438815,160.19408351495605,894500
2015-11-30,159.60191345214844,160.51931473453143,159.4935025557048,160.50263124054885,1551000
2015-12-01,161.14480590820312,161.21152715577668,159.94384890343272,160.16903152327134,1812900
2015-12-02,159.44346618652344,161.3366420591326,159.2266316486663,161.11145941065666,1999600
2015-12-03,157.1749725341797,159.91881518494785,156.56614597873985,159.76035382738885,2724400
2015-12-04,160.26075744628906,160.56099667087565,157.4918831833488,157.61699028362898,2900700
2015-12-07,159.2516632080078,160.02728673638686,158.44268541183303,160.02728673638686,1752800
2015-12-08,158.23419189453125,159.0598532169872,157.35015741990276,157.83387703778587,1721700
2015-12-09,157.04991149902344,159.56024962993183,156.12417468271164,157.72544676821164,4500300
2015-12-10,157.4085235595703,158.6094679792137,156.87476624224715,157.20835979340728,4083800
2015-12-11,154.2726593017578,156.0824300658151,154.08084368204206,155.4902997144999,3084400
2015-12-14,155.1983642578125,155.1983642578125,152.87985562394596,154.55619628656174,2722600
2015-12-15,156.81637573242188,157.5919991683019,156.3993774429189,156.58285770836244,3799300
2015-12-16,159.0181427001953,159.3600843872726,156.54117158534245,157.85888784406188,6361700
2015-12-17,156.6995849609375,159.42675678476877,156.6412118296425,159.4100732933522,3096000
2015-12-18,153.78895568847656,156.02407301568084,153.78895568847656,155.91564939407618,4531400
2015-12-21,155.14976501464844,155.2672323842696,153.92488349109863,154.99037244499354,2168400
2015-12-22,156.55087280273438,156.79416701798667,155.04073325512928,155.92164905803142,2423300
2015-12-23,158.4300537109375,158.51395528188993,157.36457800901934,157.51558547483486,2275500
2015-12-24,158.1532440185547,158.70696383855574,158.01062154399438,158.30426433382155,1170800
2015-12-28,157.80923461914062,157.87634051674544,156.88636850728813,157.59949348477258,2668300
2015-12-29,159.5710906982422,159.83116771891667,158.84958051108745,158.9250842651699,1757100
2015-12-30,158.39659118652344,159.39496156351288,158.2875216423378,159.37817867942516,2535800
2015-12-31,156.8276824951172,158.3629896013658,156.8276824951172,157.82605264630507,2395200
2016-01-04,154.629638671875,154.63803651497787,152.75875028732295,154.1766031999744,4193500
2016-01-05,154.906494140625,155.30919374851788,153.8913408772401,154.847773248569,2882500
2016-01-06,152.9432830810547,153.84936658632023,152.01203165633066,152.63285740508888,2755100
2016-01-07,149.21829223632812,151.8526414151124,148.91626437117378,150.30055128553823,4952500
2016-01-08,147.63265991210938,150.61937301780875,147.36418498946324,150.1495547047669,7357300
2016-01-11,147.6494140625,148.76523873962861,146.03020540416313,148.53031682723474,4493300
2016-01-12,148.8743133544922,149.63777445720564,147.03697824422946,149.12600537535891,2998800
2016-01-13,145.2332000732422,149.87267449001013,144.90600430647223,149.69648624563223,4125700
2016-01-14,147.59071350097656,148.64780473680432,144.35230825924344,145.80371404845863,5081400
2016-01-15,144.42779541015625,145.19125650451247,142.70792768983415,143.63078135412616,8087300
2016-01-19,144.587158203125,146.22313663669954,143.2280396277837,146.14763289397703,5863300
2016-01-20,142.89251708984375,144.20130036964446,139.23462937885725,142.28006345636607,8577600
2016-01-21,143.5887908935547,145.25833511105424,142.06188192814176,143.28676311555438,3004600
2016-01-22,146.53359985351562,146.70139025870958,145.29192269158813,146.00504791564666,2611700
2016-01-25,144.36073303222656,146.25678957763546,144.15937679668204,146.06383118623341,2756400
2016-01-26,146.3154296875,146.53356868928776,144.62911535132076,145.01504472261743,2263700
2016-01-27,144.65431213378906,147.33899698643958,143.88246603875123,145.8875914382482,3543000
2016-01-28,145.4429473876953,146.2735272005059,144.0083118567657,146.0889539087702,2616400
2016-01-29,149.12596130371094,149.12596130371094,146.04696268246298,146.26508887523704,4453100
2016-02-01,148.99176025390625,149.6629346744694,147.58230549215224,148.16957830954973,3923200
2016-02-02,146.29031372070312,147.73333445375727,145.81211035771065,147.5403761003806,5101200
2016-02-03,147.14602661132812,147.49839026922996,143.9411879314099,147.21314532734553,3871000
2016-02-04,147.33058166503906,148.24505005474376,146.17280635965378,146.77686192754308,3562200
2016-02-05,144.56198120117188,146.97820322907162,144.00826151951432,146.85235086419493,2371900
2016-02-08,142.57369995117188,143.14418994960093,140.62729520022611,142.86732999097904,3402000
2016-02-09,142.61561584472656,143.77337844093609,140.92090354390498,141.09707896434344,2360700
2016-02-10,142.52330017089844,144.84722272987165,142.38906277210046,143.4042026967507,1953600
2016-02-11,140.6944122314453,141.55016002034805,139.31012525663405,140.32526562440538,3439200
2016-02-12,143.5803680419922,143.5803680419922,141.5332928415136,142.23801987072005,1800300
2016-02-16,145.9882354736328,145.9882354736328,144.34387191347528,145.3086761491688,2361000
2016-02-17,148.37930297851562,148.70649871185486,146.9194997366097,147.08730292423877,2265400
2016-02-18,147.7500457763672,148.68129692861774,147.4899688170006,148.66451405336034,1646000
2016-02-19,147.7165069580078,147.82556365365596,146.5251659308439,147.0537177385586,1136900
2016-02-22,149.83070373535156,149.9649411606591,149.09242349933106,149.15114437191218,2603100
2016-02-23,147.95143127441406,149.49512326368907,147.84236176594192,149.26859920824134,2076000
2016-02-24,148.6477508544922,148.87427489491174,145.6442686665775,146.64262584884355,2599800
2016-02-25,150.434814453125,150.434814453125,148.3541848050488,149.08408026994869,2546000
2016-02-26,150.1579132080078,151.31568870452438,149.95656985319565,151.18145126692517,2560800
2016-02-29,148.81558227539062,150.971715182889,148.81558227539062,150.12436533232926,3128400
2016-03-01,152.4818572998047,152.4818572998047,149.61259912779525,150.04046658097295,3041400
2016-03-02,153.1278839111328,153.14465399273152,151.77714985027478,152.1546815116697,3839200
2016-03-03,153.68994140625,153.7234943606715,152.43987942749862,152.91809543870443,3150400
2016-03-04,154.18495178222656,154.92324491165198,153.1530286502066,153.90809185869202,2821000
2016-03-07,154.35272216796875,154.6967007678984,153.32079916976528,153.40470076053336,3449900
2016-03-08,152.61607360839844,153.80740196150037,152.50700409949107,153.3879196061158,3385400
2016-03-09,153.45504760742188,153.71512463524843,152.69997164107542,153.4047117699827,1641600
2016-03-10,153.53890991210938,154.69668517980114,151.87776355528771,153.8493355254028,2090500
2016-03-11,156.03065490722656,156.0558228246781,154.75543775106286,154.84772438224707,2231000
2016-03-14,155.7957763671875,156.21525880910323,155.26723719545365,155.54408434172043,1412800
2016-03-15,155.5944366455078,155.5944366455078,154.72190597692386,154.95681512579145,1325300
2016-03-16,156.52566528320312,156.82768031473822,155.09102987547828,155.10781275553688,2700700
2016-03-17,157.5156707763672,157.9267682141293,156.04748210068865,156.39984584666078,1937300
2016-03-18,158.1029510498047,158.38819607626863,157.6499155843378,158.0190622310982,2623400
2016-03-21,158.34414672851562,158.52128056259306,157.65251008610574,157.88023703954366,1535400
2016-03-22,158.2598114013672,158.74902409659944,157.48382284453788,157.6356408170448,1521600
2016-03-23,157.24765014648438,158.03208166541435,157.03678325767328,157.88025081291772,1633300
2016-03-24,157.13795471191406,157.15482766096676,156.04987472807423,156.25231150583932,1874800
2016-03-28,157.24765014648438,157.67782683664691,156.81748632661538,157.52599598415028,1271200
2016-03-29,158.7574920654297,158.7574920654297,156.57291380384515,156.87656269169327,1604900
2016-03-30,159.42376708984375,160.02263460094616,159.06108228911165,159.55872496140077,1908400
2016-03-31,159.04420471191406,159.65993228633485,158.8417807807569,159.28881745578315,3007800
2016-04-01,160.0648193359375,160.2250802084272,157.81276282058897,158.06579275579193,2971800
2016-04-04,159.5587615966797,160.17448933038182,159.2719857064945,160.03954429813194,1259500
2016-04-05,157.93927001953125,158.74900438322703,157.728403170373,158.35257367718623,1737500
2016-04-06,159.65992736816406,159.73584921029993,157.8043017914038,158.05734456784614,1860800
2016-04-07,157.77906799316406,158.99366355650352,157.1042912501648,158.71531766738025,2635300
2016-04-08,158.20921325683594,159.2213717346241,157.72000053734143,158.83337100182044,2043800
2016-04-11,157.79592895507812,159.40695524981982,157.7537529986665,158.79121460085892,1355300
2016-04-12,159.3310089111328,159.56717878641456,157.58503784242177,157.97302569311626,1590700
2016-04-13,160.92518615722656,160.97580502692097,160.01425242744492,160.1576403825086,1972900
2016-04-14,160.90830993652344,161.36377675574417,160.60466110027843,160.96734597313835,3214800
2016-04-15,160.73110961914062,160.97572231761632,160.4443338563586,160.9335463830217,2059700
2016-04-18,161.89512634277344,161.89512634277344,160.13228265789837,160.25036757290698,2345300
2016-04-19,162.3843994140625,162.60369637493187,161.64214374605038,162.2494414980066,1633300
2016-04-20,162.51930236816406,163.15190295675356,161.98792662554737,162.45183629790472,1636800
2016-04-21,161.61683654785156,162.6374380648598,161.41439967902568,162.5362131952994,1814700
2016-04-22,161.65895080566406,161.89512062734372,160.84078646974174,161.3553020534631,1863900
2016-04-25,161.3974609375,161.40589097656553,160.55399370055522,161.16129114077856,2368000
2016-04-26,161.63365173339844,162.08068839743436,161.22034810029587,161.70956070571617,1715300
2016-04-27,161.9710693359375,162.31689411334548,160.9336078740067,161.27943265141468,1971700
2016-04-28,160.5118865966797,162.28316083166294,160.13232875134713,161.2878752430001,1578800
2016-04-29,159.6008758544922,160.24190633833697,158.61402070542144,159.93825761013912,2785500
2016-05-02,160.8745574951172,161.0601213803047,159.70213814977407,160.09856891628442,1638900
2016-05-03,159.4997100830078,159.9720498257892,158.80806055229738,159.78648594536898,2351900
2016-05-04,158.56344604492188,159.22977964852467,158.1248393797261,158.56344604492188,2079600
2016-05-05,158.5465545654297,159.33097300219438,158.20917278257627,159.05264010999983,1611600
2016-05-06,159.1201629638672,159.17921187560194,157.72844652499975,157.90558038990932,1551400
2016-05-09,159.28880310058594,159.643057818476,158.87549949456945,159.03576033915317,1569000
2016-05-10,161.26255798339844,161.27943093756159,159.87082884653123,159.92987775095574,1021100
2016-05-11,159.75274658203125,161.16134869663983,159.7443165399551,160.85769986808546,2725500
2016-05-12,159.84552001953125,160.50342363467178,158.87553755036814,160.37690865879574,1783200
2016-05-13,158.3694610595703,160.0142330627772,158.11643109319385,159.49971734732287,1658700
2016-05-16,159.94671630859375,160.39375297058447,158.51281152982622,158.55498747101768,1075000
2016-05-17,158.53817749023438,159.96362693875378,158.00678877793723,159.71059695222593,3327100
2016-05-18,158.51284790039062,159.58405527504718,157.5428653818775,158.15016303756522,1942000
2016-05-19,157.998291015625,158.2260179058942,156.85960508312368,157.854890257663,1796000
2016-05-20,158.9851837158203,159.45752342688615,158.48752814067637,158.54657703970554,1588700
2016-05-23,158.77435302734375,159.22981988955632,158.58878911710667,158.97677702375165,1415400
2016-05-24,160.79019165039062,161.11070050475197,159.48281463015692,159.52499057344656,1985400
2016-05-25,161.88670349121094,162.30000718009774,161.4059337313515,161.4228066842407,2006700
2016-05-26,161.962646484375,162.2494223694626,161.67585772899366,162.0638584743368,1225300
2016-05-27,162.59519958496094,162.64580556513394,162.08068400271884,162.10598699280533,988600
2016-05-31,162.4011993408203,163.0169397783692,161.84452066632298,162.9241578542379,2821900
2016-06-01,162.70486450195312,162.83982238161636,161.63367011664207,161.84453697725647,2375500
2016-06-02,163.19406127929688,163.19406127929688,161.87825425637752,162.32529092774652,1601700
2016-06-03,162.72174072265625,163.00851656998154,161.59992745722167,162.66270469305024,1897100
2016-06-06,163.50616455078125,163.83511632984136,162.8904240674371,163.0338119844334,1177600
2016-06-07,163.80137634277344,164.29058900858726,163.64955837939598,163.67486137329223,1551200
2016-06-08,164.34121704101562,164.43399898784486,163.80984122762422,163.91948325911795,1041100
2016-06-09,164.088134765625,164.21466259196444,163.42180121328317,163.64954100446175,1521600
2016-06-10,162.51089477539062,163.15192549373833,162.0469850389511,162.84828952475286,1932900
2016-06-13,161.28790283203125,162.76397138215265,161.20355090962005,161.9711096445543,2318200
2016-06-14,160.93362426757812,161.48187307177054,160.09015664863932,160.95892726652272,2051200
2016-06-15,160.69740295410156,161.91199799605116,160.56244508937596,161.32156055544928,1590700
2016-06-16,161.22035217285156,161.3806130319864,159.05264773007102,159.92141808931612,2744400
2016-06-17,160.62147521972656,161.18660964874977,160.0310506710716,161.18660964874977,1701000
2016-06-20,161.65052795410156,163.00851103241214,161.57461897420453,162.4180864049492,1192800
2016-06-21,162.11082458496094,162.45836461959507,161.61068202218607,162.03452332089057,1826500
2016-06-22,161.83958435058594,162.93310230952764,161.72090928643686,162.28885516019395,2245900
2016-06-23,163.93331909179688,163.9757058039601,162.75504092746675,163.19583945166903,2582200
2016-06-24,157.95716857910156,160.9071132653073,157.66895960670743,158.51664218523814,10310500
2016-06-27,155.16831970214844,156.87215726039253,154.50712823568884,156.87215726039253,7717000
2016-06-28,158.03350830078125,158.04199340747618,156.4229160516377,156.71112511776002,4475900
2016-06-29,160.75450134277344,160.94099251891114,159.24562759737395,159.32191591453724,4147800
2016-06-30,162.92459106445312,162.95850561140412,160.6612801033432,161.1698948307294,3822200
2016-07-01,163.2637176513672,163.70450340847827,162.81444678783365,162.83139113145168,2170900
2016-07-05,162.1193084716797,162.60249379573793,161.5428904723936,162.52619252615287,2233000
2016-07-06,163.07720947265625,163.17045509133345,161.0342909672997,161.6615808506384,2197800
2016-07-07,162.9669647216797,163.82311941174274,162.2803439489567,163.2297442337481,1704900
2016-07-08,165.44229125976562,165.60335310096104,163.95037382087992,164.13686511756765,2048200
2016-07-11,166.0186309814453,166.49333113530463,165.6456485935247,165.82365468391737,3590400
2016-07-12,167.1885223388672,167.4513020116992,166.64600571071233,166.8579264706887,2356700
2016-07-13,167.12916564941406,167.57843655697044,166.73075364692224,167.57843655697044,2767300
2016-07-14,168.1039581298828,168.51932731913374,167.74793293964424,168.33283608596898,3691100
2016-07-15,167.84963989257812,168.62950639246822,167.46818528013128,168.62950639246822,2346500
2016-07-18,168.3328094482422,168.46844176628292,167.75637856387397,167.96829921033395,1155700
2016-07-19,168.1463165283203,168.17174597086716,167.73943251296095,167.95135315725784,1003200
2016-07-20,168.82443237304688,169.0617824137716,168.18867056368978,168.62098393759405,1096900
2016-07-21,168.1886749267578,168.9600690464279,167.81569258605546,168.74814843781132,4509800
2016-07-22,168.9685516357422,169.01093834700126,168.09543970915985,168.36669137892306,1678900
2016-07-25,168.5617218017578,168.8329735586406,167.98529079963674,168.77364249150875,1172600
2016-07-26,168.5532684326172,168.9008215335559,167.815788432501,168.43459334139604,1405300
2016-07-27,168.44300842285156,168.97703964402953,167.71400089852642,168.93465292879714,2120100
2016-07-28,168.62950134277344,168.86686438178165,167.82420542180927,168.256531846299,937200
2016-07-29,168.92617797851562,169.1974426038495,168.11240997173246,168.37518949339386,1758600
2016-08-01,168.73121643066406,169.29069002548462,168.33280459204423,168.9685665130832,2111500
2016-08-02,167.6801300048828,168.63801569314296,166.89179122169065,168.51085551434198,4085800
2016-08-03,168.1632843017578,168.1971859157339,167.33254601132327,167.62076793586712,2057500
2016-08-04,168.32432556152344,168.604049412922,167.88352702588062,168.264981576033,1384700
2016-08-05,169.68064880371094,169.7230355267066,168.8499233583655,168.97707059274066,1818600
2016-08-08,169.59593200683594,169.96890163534252,169.3585688838006,169.88414110211542,1441900
2016-08-09,169.70603942871094,170.15531013354405,169.41783047364984,169.6975672598946,1821100
2016-08-10,169.27371215820312,169.8755594601828,168.9685459558475,169.82470058222484,1222300
2016-08-11,170.1044921875,170.2909834232094,169.53654630951655,169.7993258867584,1644700
2016-08-12,169.93495178222656,170.1299151813959,169.5704414954893,169.80780455116212,1718400
2016-08-15,170.42660522460938,170.7317715064781,170.257071275707,170.290972891643,1051100
2016-08-16,169.5449981689453,170.09599963920866,169.53652599910512,170.0536129207868,1731200
2016-08-17,169.82472229003906,169.9857840472322,168.80750579703079,169.57890003695078,3157700
2016-08-18,170.2316436767578,170.26554529306156,169.74845833580275,169.85017611932537,5211200
2016-08-19,169.99432373046875,170.14691337905688,169.375518832774,169.82478973673773,1190800
2016-08-22,169.97732543945312,170.17228882363733,169.4348090709241,169.79083422515154,880300
2016-08-23,170.29092407226562,170.8164830435779,170.265494633951,170.53674628750952,1214400
2016-08-24,169.4687042236328,170.27400010853452,169.07877747013134,170.19771177866815,1161300
2016-08-25,169.3330535888672,169.7145210661616,168.9685563180766,169.09570352076898,1262600
2016-08-26,169.01097106933594,170.4265995441339,168.21414730798136,169.50262855899325,2890600
2016-08-29,169.86715698242188,170.08754985552824,169.1042476308426,169.1381492518539,1140700
2016-08-30,169.5449981689453,170.01971130681557,169.07029796568548,169.77387610073504,1407400
2016-08-31,169.12965393066406,169.3839613245866,168.3921611948276,169.28223060625078,2343900
2016-09-01,169.095703125,169.35848263302165,168.0445850929134,169.1126603968555,2196100
2016-09-02,169.8501434326172,170.24008308543102,169.35001384706305,169.88405797700563,1555800
2016-09-06,170.38418579101562,170.41808740044272,169.4686871211795,170.12140628047732,1589600
2016-09-07,170.37579345703125,170.5114128928969,169.80784745708598,170.2316889138763,1455400
2016-09-08,169.97732543945312,170.31639331930484,169.69758861800074,170.0620859421108,2180400
2016-09-09,165.87451171875,168.84140058192338,165.86603954988587,168.75664008945523,3435600
2016-09-12,168.248046875,168.64645875082812,165.12858096638303,165.19639712978042,2799900
2016-09-13,165.8494873046875,167.3225282033927,165.28751343844837,167.10115046475931,3365300
2016-09-14,165.74725341796875,166.99039309299388,165.28745206453615,165.89200184629857,2967100
2016-09-15,167.45022583007812,167.79933192451986,165.5003507112979,165.61955608593513,1874400
2016-09-16,166.7946014404297,167.05004525892357,166.18154147300928,166.90529679333991,1774100
2016-09-19,166.845703125,167.97816086481038,166.58174925188885,167.424710033604,2061400
2016-09-20,166.86270141601562,167.76525821052283,166.82863531485827,167.62050976163118,1294100
2016-09-21,168.7359161376953,168.8806645710796,166.87119356763486,167.47574337050744,2238800
2016-09-22,169.7491455078125,170.04716535538674,169.42558258672136,169.66399326781766,2215200
2016-09-23,168.8380889892578,169.53630107391157,168.77849280704146,169.42560574526902,1413400
2016-09-26,167.4927978515625,168.25060621296038,167.31398329778946,168.13991087050988,2451600
2016-09-27,168.51455688476562,168.59969615301807,167.02448327003404,167.33952324814868,1468000
2016-09-28,169.42567443847656,169.50231669298552,167.8504610838538,168.74449512644912,1419900
2016-09-29,167.8333740234375,169.5363152593336,167.34802953485004,169.1957322091186,2074600
2016-09-30,169.17874145507812,169.73219229814777,168.37835679531796,168.59973453406306,3147400
2016-10-03,168.6422882080078,168.88922199180243,168.12289055070178,168.74446053652306,2136000
2016-10-04,167.85894775390625,168.99140544165508,167.29697392526464,168.80408083210787,2846600
2016-10-05,168.5571746826172,168.96587705152876,168.35281700195438,168.3953931428109,1126700
2016-10-06,168.7530059814453,168.88072140905922,167.87599206539292,168.36984670618975,1117400
2016-10-07,168.13137817382812,169.1020540675885,167.44167612432713,168.94878261467406,1795100
2016-10-10,168.90623474121094,169.40008929501371,168.131406296152,168.131406296152,1297400
2016-10-11,166.8542022705078,168.6508059476273,166.19856620077675,168.59119676291917,2643500
2016-10-12,167.0670623779297,167.51834078418418,166.53914173874793,166.99042014500242,1458700
2016-10-13,166.53067016601562,166.98194867648277,165.11722543883994,165.8920670294209,2407100
2016-10-14,166.57321166992188,167.84189465567007,166.5561786186119,167.4417024005597,1218800
2016-10-17,166.07937622070312,166.82866166316336,165.87501855871605,166.58174085662355,1323200
2016-10-18,167.05853271484375,167.53535418231422,166.73498271472337,167.48426802400104,1263300
2016-10-19,167.5183563232422,167.80785325365343,166.99895865754567,167.3054886404553,1041300
2016-10-20,167.2458953857422,167.7142069309699,166.63283536151926,167.20331924664632,1309600
2016-10-21,167.2884521484375,167.37360441676643,166.36035218874773,166.49657762869714,1376300
2016-10-24,167.96966552734375,168.29321562958293,167.6971886071269,168.0548048206005,817000
2016-10-25,167.4927978515625,168.07179165918734,167.29695024685608,167.85041396669746,1465300
2016-10-26,167.11814880371094,167.62051337110748,166.48805584284017,166.68389045527402,1202300
2016-10-27,166.67538452148438,167.79933204810166,166.59023225707588,167.77377597485,1635500
2016-10-28,166.14747619628906,167.2288345939651,165.52589325189862,166.64133074457771,2632000
2016-10-31,166.14747619628906,166.6668738253158,166.01974780018725,166.4540061575575,1816300
2016-11-01,164.98951721191406,166.49661132553905,163.86556940607716,166.47959126235824,2456600
2016-11-02,163.89959716796875,165.02353171841233,163.56752411983638,164.69145867027996,3395900
2016-11-03,163.26101684570312,164.33386538285083,162.9629968669554,164.15505079711951,1512200
2016-11-04,163.03956604003906,164.0868840988966,162.90334063565845,163.31204283361754,2221300
2016-11-07,166.61581420898438,166.66691337499762,165.19385941002156,165.33009786789466,2699100
2016-11-08,167.38204956054688,167.89292399524246,166.05375784096861,166.30067853554377,3055900
2016-11-09,169.170166015625,169.73213970802473,165.96864136096454,165.9856744101793,6119100
2016-11-10,169.56187438964844,170.66878889624644,168.2591252602591,169.89394744238666,5126400
2016-11-11,169.246826171875,169.40860767553104,168.33574633230097,168.9488062448864,1954200
2016-11-14,169.2724151611328,169.85993215273723,168.64232202663837,169.69815060520386,2651000
2016-11-15,170.64328002929688,170.65179006072043,169.50231218264975,169.6896238208687,2532400
2016-11-16,170.353759765625,170.54107137823962,169.9961306160911,170.10682597153792,1195000
2016-11-17,171.16262817382812,171.2562904620001,170.39629681812727,170.47293904838477,1178200
2016-11-18,170.85610961914062,171.4180833856331,170.66878503030978,171.28184495877224,1668300
2016-11-21,172.11630249023438,172.15035560468178,171.2392886285676,171.358494017753,2641300
2016-11-22,172.43130493164062,172.61862950129841,171.80122500861913,172.49091410944544,2773400
2016-11-23,172.58462524414062,172.60165829867893,171.8012736367587,172.11631368744114,1466300
2016-11-25,173.2743377685547,173.2743377685547,172.8145491736941,172.916721529793,1843100
2016-11-28,172.45684814453125,173.16357029562596,172.29507964552803,172.90813951172078,2193000
2016-11-29,172.7292938232422,173.14651901573495,172.14177714138364,172.43127397254622,1689600
2016-11-30,172.33770751953125,173.43611227257756,172.26107825557406,173.299873808377,2360100
2016-12-01,171.66497802734375,172.6016008288828,171.34993808155767,172.57604475937762,3284100
2016-12-02,171.78416442871094,172.19286660955183,171.44358144341155,171.74158830744648,2118900
2016-12-05,172.7718505859375,173.1039235003373,172.35462544019157,172.541949955228,2070500
2016-12-06,173.37646484375,173.38498786614267,172.54202717123695,172.99330561603367,2413300
2016-12-07,175.57330322265625,175.67548856913075,173.1040427218469,173.23175816442088,2253900
2016-12-08,176.03306579589844,176.48434424955408,175.36039663428255,175.61584045524538,2983000
2016-12-09,177.10586547851562,177.13140855433616,176.23736192339075,176.27142801942404,1972000
2016-12-12,176.9100799560547,177.4635307421807,176.54394078041693,177.03779537057224,2419600
2016-12-13,178.11907958984375,178.5533247788744,177.50601991567922,177.5571060564586,2670200
2016-12-14,176.64613342285156,178.45975734620114,176.2374180946375,177.82115426233128,4232900
2016-12-15,177.30172729492188,178.15319793283572,176.74827657724222,176.86748194685373,2812500
2016-12-16,176.9952392578125,177.82116701156036,176.72277534521461,177.80414694930758,3074000
2016-12-19,177.39541625976562,177.7870985287641,177.0463101275472,177.1910715910819,2042000
2016-12-20,178.0766143798828,178.22136286637468,177.68493206929398,177.88928975209,3195300
2016-12-21,177.59129333496094,178.12771117160614,177.59129333496094,178.00850576430554,1546600
2016-12-22,177.3650360107422,177.56210817129244,176.92807549448437,177.49356303809853,1863700
2016-12-23,177.51925659179688,177.54495938120127,177.15940446648898,177.33932399231958,1278900
2016-12-27,177.9562530517578,178.34180804439396,177.76775717559806,177.76775717559806,1818500
2016-12-28,176.5511016845703,178.2732672806217,176.42258771784202,178.21328538038267,2228000
2016-12-29,176.5167999267578,176.9023548225604,176.07982638102163,176.58534505302322,1772700
2016-12-30,175.9084930419922,176.86809878755562,175.22305476359782,176.81669320456442,4251000
2017-01-03,177.1337432861328,177.6392490280253,176.1227187286981,177.08232462159904,4750200
2017-01-04,178.17898559570312,178.36746835331851,177.45926829741055,177.5278134245644,4622400
2017-01-05,178.04193115234375,178.24755350151756,177.36505605658297,177.99908880504958,2772100
2017-01-06,178.7359619140625,179.14721975321365,177.69923446431054,178.20475332709015,2194600
2017-01-09,178.17044067382812,178.6245407817854,178.11903508781765,178.5045900565448,1705200
2017-01-10,178.14471435546875,178.91583726473897,177.79342546592278,178.1275748045125,2189400
2017-01-11,178.65023803710938,178.65023803710938,177.4592940614047,178.07618722170548,5677600
2017-01-12,178.25611877441406,178.37606949521896,176.96235056396702,178.18757363771869,3244600
2017-01-13,178.60739135742188,178.88155880547302,178.32464759703836,178.3674768641127,2822700
2017-01-17,177.9733428955078,178.3931768794433,177.63919358540267,178.0333117082725,1690000
2017-01-18,178.35037231445312,178.40177790017995,177.71633958530893,178.22184527648753,1980500
2017-01-19,177.7506103515625,178.58168907123337,177.33077629841094,178.44461187360955,1666900
2017-01-20,178.32464599609375,178.81301206971952,177.83626684882125,178.33320923470237,2082500
2017-01-23,177.9134063720703,178.3932223647559,177.21084154738077,178.07619944966822,4586600
2017-01-24,179.0443572998047,179.41277267918522,177.9990669079313,178.09331483092473,1940100
2017-01-25,180.53521728515625,180.58662287545653,179.7469546550533,179.9097477401039,2873000
2017-01-26,180.39808654785156,180.69795678191855,180.14104558033222,180.48375815459354,2485100
2017-01-27,180.1410369873047,180.57799745969115,179.9525411583585,180.48374954521807,1428200
2017-01-30,179.0529022216797,179.5155785503692,178.1104361618069,179.48129945079802,2782300
2017-01-31,179.0443572998047,179.0443572998047,178.033332937362,178.50457255232905,3787100
2017-02-01,179.07005310058594,179.8068969042328,178.53026837417988,179.60126151473364,2698800
2017-02-02,179.147216796875,179.4128210859781,178.41037276566118,178.7188194083472,1661300
2017-02-03,180.4752197265625,180.55232810532465,179.7298125845647,179.9954168271778,4264400
2017-02-06,180.09825134277344,180.38955841606577,179.78980471409622,180.02970619488403,1345500
2017-02-07,180.1410369873047,180.64654258600305,179.9182751320256,180.48374954521807,1194600
2017-02-08,180.3724365234375,180.44954491415606,179.60988971003587,180.14109827763124,1096100
2017-02-09,181.40054321289062,181.67471067065597,180.3723923673877,180.3723923673877,1237100
2017-02-10,182.12887573242188,182.325934874524,181.64905966566081,181.751883931078,1412400
2017-02-13,183.09701538085938,183.35405639240093,182.55724363763593,182.59150967147195,1756300
2017-02-14,183.85958862304688,183.85958862304688,182.6343783635289,182.9685278046384,2528100
2017-02-15,184.79344177246094,184.9733743798826,183.61963742567985,183.64534021621904,2050200
2017-02-16,184.64781188964844,184.9819612830521,183.97951310284114,184.8448840738562,1920100
2017-02-17,184.93055725097656,184.93055725097656,184.0309202385073,184.0737625864628,1452600
2017-02-21,186.01866149902344,186.19859410327732,185.28181767802852,185.34179957066218,1893000
2017-02-22,185.93295288085938,186.08718267517233,185.5388347678342,185.68448825079093,1471400
2017-02-23,186.0358428955078,186.38711879692107,185.32470170464194,186.38711879692107,1717200
2017-02-24,186.25857543945312,186.2842782312671,185.2047217541352,185.25612733776322,1637700
2017-02-27,186.53274536132812,186.69552534233114,185.94155503597628,186.19859601312672,1942200
2017-02-28,185.98439025878906,186.42135075166613,185.68450695131776,186.2157153630875,2181000
2017-03-01,188.62332153320312,189.06029513608132,187.52662551683645,187.55232830834132,3325500
2017-03-02,187.51803588867188,188.51192059915255,187.42378797520138,188.48621781126477,1657100
2017-03-03,187.62088012695312,187.71512805704415,187.04682930681625,187.3809786819302,1765900
2017-03-06,187.03823852539062,187.33810875068855,186.4641877897841,186.84117945463527,1530600
2017-03-07,186.47279357910156,187.06398399991693,186.28429770366336,186.7641006325427,1743200
2017-03-08,186.0786590576172,186.9525932764838,185.98442419517622,186.73839461024733,1784400
2017-03-09,186.27569580078125,186.64411116125785,185.4617436386836,186.2071506717898,1636200
2017-03-10,186.92684936523438,187.2609986881165,186.14716325396068,187.2524354498643,1819900
2017-03-13,187.03823852539062,187.13248644160342,186.66124686053945,186.93541429720173,1388100
2017-03-14,186.4042510986328,186.61844977163153,185.83020022383414,186.58418373635752,1428400
2017-03-15,187.9550018310547,188.3662725965303,186.66981010464755,186.89258503769176,3358800
2017-03-16,187.63800048828125,188.1949116986279,187.33811717585036,188.16064567012143,1710900
2017-03-17,187.2610626220703,188.0150462023634,187.2610626220703,187.89509545764864,1588500
2017-03-20,187.09820556640625,187.54374235460872,186.76405624366592,187.28670139704397,1035900
2017-03-21,184.70774841308594,187.7493713140062,184.56209492596497,187.6379838523537,3468700
2017-03-22,185.08477783203125,185.3602203916129,184.1637376313682,184.70603281996236,2600300
2017-03-23,184.89541625976562,185.9455681700753,184.58553515287997,184.89541625976562,2436700
2017-03-24,184.83517456054688,185.73039257745128,184.1035198812479,185.18809730056597,2647600
2017-03-27,184.53392028808594,184.8265821767208,183.0189399055935,183.23413478861087,2082900
2017-03-28,185.9025115966797,186.32429819370932,184.24981687125248,184.34450312224078,3057200
2017-03-29,186.17794799804688,186.33289510111203,185.48071887037793,185.68731062964824,1748500
2017-03-30,186.67723083496094,186.90104189287467,185.91113766741788,186.07468786067736,2494800
2017-03-31,186.22962951660156,186.8838171359677,186.22962951660156,186.41038583635012,1331400
2017-04-03,185.99722290039062,186.52229888396843,184.84378160349902,186.36735175491253,2843700
2017-04-04,186.10047912597656,186.14352071719415,185.3516053496989,185.67870568161308,2481600
2017-04-05,185.53236389160156,187.58962588600232,185.36021065909577,186.6944211963025,2311800
2017-04-06,186.01441955566406,186.51366001167028,185.25692953780583,185.67871614037693,1635500
2017-04-07,185.85086059570312,186.47922580293383,185.41185474953605,185.80781900409562,1835900
2017-04-10,185.9800567626953,186.68590240940125,185.49802224028912,185.9800567626953,1311900
2017-04-11,185.7476348876953,185.8251150383784,184.42204000590297,185.6099201258861,1787300
2017-04-12,184.9815216064453,185.66154481199337,184.74050438116222,185.4893915274274,2002700
2017-04-13,183.75057983398438,185.2741630518299,183.75057983398438,184.637181566508,1806800
2017-04-17,185.3602294921875,185.36884569208053,184.03463501931446,184.20678826931146,1746900
2017-04-18,184.85238647460938,185.27417313257,184.18958262194326,184.6802332118843,2695900
2017-04-19,184.4478759765625,185.67018159372063,184.258503388817,185.33447803080014,2032400
2017-04-20,185.9541778564453,186.35874523635195,184.74047571672537,185.05035683464425,2734000
2017-04-21,185.41188049316406,185.9455726611886,185.00731311789048,185.90253106360495,2594400
2017-04-24,187.39166259765625,187.60685743599404,186.98709525082515,187.43470419221393,2366400
2017-04-25,188.519287109375,188.8205651458741,187.89952490559762,188.00282736252782,1745100
2017-04-26,188.38162231445312,189.28543039456926,188.34718377486607,188.47630859663585,2824500
2017-04-27,188.5279083251953,188.82057016964038,188.05447702715102,188.68284231303636,1154200
2017-04-28,188.16641235351562,188.80338080590005,188.02006827366435,188.794777738919,1257600
2017-05-01,188.6226348876953,189.00138000705698,188.2094512295985,188.6484572245196,1506700
2017-05-02,188.68289184570312,188.83783900867192,188.312762910172,188.76035885996015,2573000
2017-05-03,188.4935302734375,188.65708051382475,187.85656171755735,188.3213769646714,1654600
2017-05-04,188.66563415527344,188.81197822056347,187.9167602343815,188.743114288207,1439100
2017-05-05,189.4231414794922,189.4231414794922,188.61400661888604,188.99275171401686,1729700
2017-05-08,189.4317169189453,189.58665089664015,189.0013272460812,189.48336157817693,2225000
2017-05-09,189.19070434570312,189.79326045173303,188.88943942713988,189.62109405889495,1636900
2017-05-10,189.5436248779297,189.56084414390537,188.98412351101035,189.16487983317438,1066900
2017-05-11,189.1562957763672,189.31122978236337,188.1836107349928,189.1476927097406,1855700
2017-05-12,188.8636474609375,189.02719767975856,188.61401403185678,188.9411144694989,1056500
2017-05-15,189.8190460205078,189.99119924555237,189.22510622982227,189.2681478196957,1440600
2017-05-16,189.78465270996094,190.18061704290395,189.3714822445286,190.12897237653144,2452500
2017-05-17,186.4189910888672,188.57093947488937,186.2898663050355,188.17497519270304,3507700
2017-05-18,187.09901428222656,187.85650437090632,186.04025927878666,186.21241253499983,2894500
2017-05-19,188.26107788085938,188.91526552956466,187.50358776749914,187.54662936656771,2436500
2017-05-22,189.31121826171875,189.41452072721586,188.70867527320254,188.7344976059638,1865000
2017-05-23,189.68136596679688,189.83629996802958,189.28540162844803,189.6383243660814,1259000
2017-05-24,190.13758850097656,190.23227477397975,189.6125124660413,189.92239362001052,1453900
2017-05-25,191.02415466308594,191.29961036378555,190.41300867064112,190.6023680468087,1564600
2017-05-26,191.03274536132812,191.15326707341998,190.80894746983586,190.8864144552236,1196000
2017-05-30,190.85202026367188,191.06721512567452,190.59378380237828,190.71429239972167,1511700
2017-05-31,190.80894470214844,191.16186736528428,190.16336023104853,191.12742883820047,2326200
2017-06-01,192.29811096191406,192.34115255841388,190.9725164770969,191.21353365615454,2112900
2017-06-02,192.9006805419922,193.09005307228165,192.10014882132282,192.36698835006192,1857600
2017-06-05,192.77157592773438,193.0556347529111,192.65106731715517,192.80601446473042,1831200
2017-06-06,192.22059631347656,192.7714944625225,192.12591007843204,192.27224096269214,1449400
2017-06-07,192.53912353515625,192.7543183780565,191.89353900645557,192.5477397349208,1328800
2017-06-08,192.60797119140625,193.08140243268613,192.16037541278683,192.6596289822775,1116100
2017-06-09,192.3842315673828,193.61514003305246,191.17914543774447,192.9179106913007,2117600
2017-06-12,192.30673217773438,192.36697990684462,191.53202282388446,192.134578921696,1812100
2017-06-13,193.24497985839844,193.30524072235653,192.50470903155838,192.80598708244565,2170700
2017-06-14,193.03842163085938,193.53767535757072,192.28094454072308,193.52046922297833,1886000
2017-06-15,192.65101623535156,192.75430555004536,191.53200049985193,191.8332785136422,2170900
2017-06-16,192.70269775390625,192.86624795642288,191.9021791430017,192.8146032891971,1603600
2017-06-19,194.2779541015625,194.3382149784134,193.34831055260238,193.44299683447207,1433100
2017-06-20,193.0039825439453,193.985270658752,192.9695440082943,193.985270658752,1366000
2017-06-21,192.92648315429688,193.4171205621116,192.50469653732046,193.3052281761613,1422000
2017-06-22,192.81460571289062,193.38272332842047,192.70270017619313,192.96093665002056,1344400
2017-06-23,193.14315795898438,193.38526679025193,192.58112242795795,192.92698841721395,1257400
2017-06-26,193.20372009277344,194.07704041975984,193.03078707278868,193.68793782630823,1321700
2017-06-27,191.66455078125,193.27285257474503,191.6386114937695,193.0048044748193,3476700
2017-06-28,193.35931396484375,193.54954420380022,192.39087870756785,192.5897509777711,2875800
2017-06-29,191.6904754638672,193.61870378533754,190.59233066641053,193.52358867384226,4613000
2017-06-30,192.01040649414062,192.74538811736375,191.83747352218813,192.4514007456505,2982300
2017-07-03,192.4341583251953,193.28153936498532,192.36498247791437,192.90107880191198,1762500
2017-07-05,192.7713623046875,192.97023459874165,191.9585626760195,192.6848892060853,2043800
2017-07-06,191.0419921875,192.1747184506894,190.85176193936758,192.096900583892,2540700
2017-07-07,192.25254821777344,192.40819715494428,191.42246453266992,191.5435189531618,2148000
2017-07-10,192.45135498046875,192.81451809339035,191.9930635825639,192.13141520480173,1800100
2017-07-11,192.304443359375,192.61572806658106,191.2841293264984,192.32174061920406,1638700
2017-07-12,193.7484588623047,193.93003390343355,193.2296466426223,193.2296466426223,1492100
2017-07-13,194.07704162597656,194.21539332040172,193.59282388943228,193.82629072453176,1485500
2017-07-14,194.95899963378906,195.33080493589713,194.0251455714077,194.1375579622509,1642400
2017-07-17,194.9849853515625,195.296270113141,194.84663363665078,194.94174879140937,1176200
2017-07-18,195.1319580078125,195.1492552687931,194.31915826299922,194.66503751289014,3146500
2017-07-19,196.160888671875,196.160888671875,195.38268360241076,195.3999676660403,1255300
2017-07-20,196.22142028808594,196.49812364897883,195.76314189130667,196.39436648561522,1698100
2017-07-21,196.08306884765625,196.09171087938483,195.51237809897327,195.72854763766153,2461700
2017-07-24,196.01390075683594,196.13495517552676,195.60750095252914,195.99660349875379,1278200
2017-07-25,196.48081970214844,196.7921043755855,196.299244672443,196.72292853771702,1349500
2017-07-26,196.5413818359375,196.79213273965266,196.26467844458185,196.77484867315084,1574100
2017-07-27,196.3079071044922,196.95641580871632,195.1146468666579,196.93047651606284,1834500
2017-07-28,196.08306884765625,196.2127652932926,195.49508084157455,195.88418337242513,2364100
2017-07-31,195.97068786621094,196.54137870633676,195.79775484633927,196.48084489271264,3020000
2017-08-01,196.4116973876953,196.55870432943982,196.00529747568535,196.54140706677362,1674500
2017-08-02,196.52401733398438,196.64507172779724,195.66798135306092,196.54995661880574,1889300
2017-08-03,196.17819213867188,196.4375850407422,195.8928467524524,196.4375850407422,1266400
2017-08-04,196.50682067871094,196.79216615176452,196.14365731135533,196.59329380167728,1039800
2017-08-07,196.8267059326172,196.85264522350306,196.45488744001585,196.5672998298162,848500
2017-08-08,196.43765258789062,197.68279172175076,196.04854990704598,196.5760043125299,1064700
2017-08-09,196.32521057128906,196.41167048488646,195.4172957178818,195.71993840033215,1536600
2017-08-10,193.62734985351562,195.7198823500471,193.558187220022,195.6247672365684,3043300
2017-08-11,193.88677978515625,194.39694992606428,193.57549512034018,193.80031988567168,1584300
2017-08-14,195.78904724121094,195.99657472590476,195.03678154934852,195.03678154934852,2201900
2017-08-15,195.80636596679688,196.1695292093766,195.50373652828458,196.14358992018816,1309700
2017-08-16,196.11766052246094,196.61917546196796,195.73720000325267,196.2387149427597,1531400
2017-08-17,193.06532287597656,195.84958738123834,193.06532287597656,195.58153928437397,3396200
2017-08-18,192.71084594726562,193.92140346760297,192.3476826493475,192.9010762262623,2691100
2017-08-21,192.9442901611328,193.1345204178293,192.06231471589837,192.69353929218312,1281300
2017-08-22,194.89842224121094,195.07136840196938,193.41983020187956,193.4457694872054,1455700
2017-08-23,194.23265075683594,194.60445601618494,193.91271087983262,194.0856570593765,1462900
2017-08-24,193.7830352783203,194.6995920751276,193.58416298318764,194.5871796851236,1345100
2017-08-25,194.2067413330078,195.0541223285271,194.0943289378062,194.5093708058646,1220800
2017-08-28,194.27587890625,194.73417046063145,193.85219506014963,194.69093391467757,801000
2017-08-29,194.42286682128906,194.6909149085177,192.9529035660066,193.03937664947267,1397400
2017-08-30,195.391357421875,195.62482425827298,194.28457024820548,194.43156397662085,1377800
2017-08-31,196.5413818359375,196.78349070640175,195.89287310563455,195.96204895347347,2202700
2017-09-01,196.8786163330078,197.241779658045,196.72296736859494,196.93913695687505,1393700
2017-09-05,195.4259490966797,196.58462811285818,194.53533145186387,196.3684585253991,2222300
2017-09-06,196.10902404785156,196.40301147777393,195.58156980290016,196.07442953024736,1523300
2017-09-07,196.06576538085938,196.39434729132066,195.71124418209232,196.39434729132066,1620300
2017-09-08,195.76316833496094,196.26468334886707,195.63347186323705,195.80640489018364,1896900
2017-09-11,197.89889526367188,198.01994968382348,197.0082777738545,197.01693299997106,2007200
2017-09-12,198.62522888183594,198.63387091374497,198.1237139583323,198.28800492219716,1535000
2017-09-13,198.7462921142578,198.7462921142578,198.25341920080038,198.33123707325922,1155800
2017-09-14,198.6771240234375,198.82411774179621,198.2793662254517,198.41771791118092,1857300
2017-09-15,198.95379638671875,198.98839090202497,198.43499740260157,198.54739659249233,1419700
2017-09-18,199.2996826171875,199.65419065098982,198.97974271203017,199.27374332676155,1325200
2017-09-19,199.54177856445312,199.61095439910022,199.2564331942618,199.55906262765885,1302400
2017-09-20,199.65130615234375,199.7034504622669,198.70398249134456,199.61653443804607,1850500
2017-09-21,199.08639526367188,199.52963516729895,198.91256321218805,199.49486345239274,1899900
2017-09-22,199.06033325195312,199.251537921848,198.78222580762204,198.8082979661054,1599200
2017-09-25,198.7648162841797,199.19936988920043,198.0347694105105,198.8691181672207,1523300
2017-09-26,198.83433532714844,199.30366062076425,198.61705853679518,199.10375642534282,2335000
2017-09-27,199.6078643798828,199.94681568348284,198.67792650037478,199.48618989298856,2103600
2017-09-28,199.84249877929688,199.90332938337482,199.27757117887919,199.3384150444797,1084700
2017-09-29,200.55514526367188,200.61598912488023,199.66866558923138,199.81641220163812,1726200
2017-10-02,201.39817810058594,201.39817810058594,200.68551719746898,200.7637336511913,1960600
2017-10-03,201.8066864013672,201.85014441307186,201.34606065264887,201.54595159266245,1316400
2017-10-04,202.0847625732422,202.3107256182227,201.61543736860222,201.73711181767177,1006700
2017-10-05,203.28416442871094,203.31023658323159,202.29338277235706,202.38029879510796,1471800
2017-10-06,203.09291076660156,203.11029661925988,202.65835728078306,202.90171943343978,1101500
2017-10-09,202.73666381835938,203.31026455826284,202.48461527461433,203.3015782594018,768300
2017-10-10,203.2494354248047,203.58838674420596,202.75403789408932,203.23204956543088,1027600
2017-10-11,203.57962036132812,203.57962036132812,203.02339243390045,203.14506687860276,1036400
2017-10-12,203.26678466796875,203.6057359263118,203.05819417763354,203.25808510908644,1079400
2017-10-13,203.4927520751953,203.779559032427,203.38846345857397,203.6926430108939,1067900
2017-10-16,203.81434631347656,203.97079252206072,203.40586482523298,203.72744354117413,1767300
2017-10-17,203.94471740722656,203.97078956469176,203.56230808237078,203.77958490226388,1332100
2017-10-18,204.12718200683594,204.31838663132527,203.9620495346386,204.29231447903325,1527800
2017-10-19,204.23150634765625,204.23150634765625,203.04082046205696,203.39715759794885,1653600
2017-10-20,205.2483367919922,205.27440894418137,204.70079507297567,204.9354577042002,1296300
2017-10-23,204.5009307861328,205.53517049607373,204.37055674668534,205.53517049607373,1101000
2017-10-24,204.7877197265625,205.01368280890782,204.47484062557223,204.83116447436245,1818400
2017-10-25,203.80560302734375,204.5964936248418,202.75397766279434,204.5008913189737,1943400
2017-10-26,203.99685668945312,204.59654281940746,203.9533986742417,204.32712169123073,3298200
2017-10-27,205.73504638671875,205.87410671400994,204.50091582043575,204.7877227724028,2825000
2017-10-30,204.9876251220703,205.64814182120952,204.7008181541284,204.78773417890721,1292500
2017-10-31,205.2222900390625,205.517783308126,205.02238583217516,205.33526495869054,1357600
2017-11-01,205.5785675048828,206.31731377228365,205.22224370746795,206.0044347164048,2078300
2017-11-02,205.66551208496094,205.77850025630198,204.51829756169823,205.50037960731558,1908100
2017-11-03,206.35211181640625,206.36081137559938,205.40478817097693,205.83065546422205,1934200
2017-11-06,206.66497802734375,206.75189404470865,206.1609075634988,206.1869797164038,1688600
2017-11-07,206.5780487060547,207.03867436350416,206.07396504551136,206.75186745690948,1502700
2017-11-08,206.88226318359375,206.9517933479957,206.10875833921594,206.334734688903,4711000
2017-11-09,206.13482666015625,206.27388698637438,204.65734716327592,205.74373109650008,1644100
2017-11-10,206.0131378173828,206.13481227895426,205.45690981283875,205.73503044587162,1019000
2017-11-13,206.25653076171875,206.43034955252557,205.37872398663018,205.39610984416794,900000
2017-11-14,205.7524871826172,205.84808952546706,204.79646375411838,205.49175231470602,2763300
2017-11-15,204.7008056640625,205.31787757468436,204.08374701496328,204.88332400035205,2436200
2017-11-16,206.44769287109375,206.78664410663188,205.54382733016598,205.5612131852382,1072300
2017-11-17,205.89149475097656,206.31736206217548,205.79589242648387,206.12615741319016,1370500
2017-11-20,206.16090393066406,206.38686700569977,205.85671113676955,206.08267421180526,1420400
2017-11-21,207.53408813476562,207.71660646924366,206.847499329205,206.8996436357637,1151500
2017-11-22,207.3863525390625,207.6731595019075,207.22991961106882,207.59494303791064,2143500
2017-11-24,207.8208770751953,207.95993738831766,207.7079021746146,207.8208770751953,1219300
2017-11-27,207.7600860595703,208.17725381689576,207.56888140797867,207.8817605413537,2654000
2017-11-28,209.81983947753906,209.8719837829349,208.09901109186518,208.22937185535477,1800500
2017-11-29,209.74166870117188,210.48040195771273,209.31580134514823,209.9763313880849,2442100
2017-11-30,211.4972381591797,212.4097900915568,210.52382909697525,210.58467296527942,5451700
2017-12-01,211.1061553955078,211.81014343995233,208.16858177371356,211.41034825155882,3775600
2017-12-04,210.880126953125,212.99206390922583,210.83666894978978,212.67048529376183,2162000
2017-12-05,210.13275146484375,211.69714717921488,210.00239068094797,211.11484690860647,1886300
2017-12-06,210.1240234375,210.549877421338,209.74161419864996,210.08925172768363,1204800
2017-12-07,210.8193359375,211.11482919722306,209.93284289680759,210.05451737207727,2670000
2017-12-08,211.96653747558594,211.99260962857278,211.36685143384332,211.58412821641542,1685700
2017-12-11,212.6531524658203,212.6792378835425,211.97524988162021,212.07955176793686,2513300
2017-12-12,213.01817321777344,213.4353409472166,212.6618360943943,212.87911288745138,1855000
2017-12-13,212.96600341796875,213.6265333183054,212.905172815398,213.2441240626415,1808300
2017-12-14,212.1229248046875,213.34835543965974,212.0620809569168,213.27882529714407,1932900
2017-12-15,213.90464782714844,214.2783707981868,212.99209592753198,213.0616128294937,3170800
2017-12-18,215.23435974121094,215.54723881565118,215.06054098019334,215.12138484038627,2089600
2017-12-19,214.4521942138672,215.4951201656422,214.3479055971466,215.46904801146204,3170300
2017-12-20,214.2870635986328,215.33868911865503,214.03502835218555,215.29523110746808,2570000
2017-12-21,214.7216033935547,215.37343373491527,214.51302617169353,214.8606637158103,2262400
2017-12-22,214.67816162109375,214.78246350143482,214.18277742018574,214.74769178748005,1888500
2017-12-26,214.4283905029297,214.5768620622267,214.18386949116342,214.53319474039793,1492300
2017-12-27,214.55062866210938,214.84755842438068,214.28865140921462,214.5768397127932,1379100
2017-12-28,214.95237731933594,215.01351423656962,214.62926311508951,214.94364918490086,2346700
2017-12-29,214.21009826660156,215.5025818880071,213.9830468157373,215.49384042713692,2326700
2018-01-02,215.78199768066406,215.78199768066406,214.6030599428232,214.96110000112398,2784300
2018-01-03,217.06576538085938,217.18802590131872,215.86061644676187,215.91302523444216,2917700
2018-01-04,218.01759338378906,218.42804216220011,217.59841647246915,217.68575110313293,2918000
2018-01-05,219.4149169921875,219.54590564232262,218.27963316456152,218.7250212258145,2190200
2018-01-08,219.86900329589844,219.96506606806952,219.0830315257546,219.3362939821124,2476200
2018-01-09,220.3318634033203,220.89077048375069,219.9912796093924,220.22705916452995,2129800
2018-01-10,219.95632934570312,220.218319941393,219.03938224888142,219.64194329595432,1953600
2018-01-11,221.58065795898438,221.58065795898438,220.35805293023293,220.48031343310808,2280300
2018-01-12,223.04779052734375,223.17877916022317,221.7291094378476,221.8426418032731,2054900
2018-01-16,222.2356414794922,224.78565592891587,221.6418085219288,224.25295988925262,3719600
2018-01-17,224.38397216796875,224.7420256023634,222.46272966266224,223.12642774256153,1867700
2018-01-18,224.07826232910156,224.67209521175585,223.58047889035205,224.29658559338233,3154200
2018-01-19,225.03013610839844,225.03887756673836,224.02585447844933,224.5672918797721,2541200
2018-01-22,226.8379364013672,226.8641341345347,224.82937245639948,224.82937245639948,1607800
2018-01-23,227.35313415527344,227.60639662952738,226.62831257132262,226.91648758280402,2161100
2018-01-24,227.2395782470703,228.47966611079573,226.20035738016205,227.9556849479429,2935500
2018-01-25,227.34437561035156,228.1216192433163,226.64575180721968,228.07796524966673,3585600
2018-01-26,229.990478515625,229.99921997565679,227.90332167907167,228.2176944307027,2857300
2018-01-29,228.40106201171875,229.8943856012671,228.34866656301793,229.52759080957372,5145000
2018-01-30,225.96461486816406,227.36188931441572,225.71135237865005,226.76805633626662,6678900
2018-01-31,226.17417907714844,227.38806931951285,225.26597341105344,226.90774210782115,5585800
2018-02-01,225.9471435546875,227.16100716006036,225.26597597197681,225.56289244128234,3125700
2018-02-02,221.10906982421875,224.87296074382905,221.02173518891775,224.75942838301663,5532200
2018-02-05,212.02682495117188,221.3536021472632,211.2670642216475,219.42361854159702,8559200
2018-02-06,215.9479217529297,216.41076604072387,207.55557433261924,208.54239982282726,11701700
2018-02-07,214.76893615722656,218.5677659500658,214.7602080245689,215.45011694093142,6240200
2018-02-08,206.7870635986328,215.20560839950704,206.70847041912904,215.0484220404995,6985700
2018-02-09,209.97454833984375,211.51153905645108,202.97073550631168,209.24098549728518,9713100
2018-02-12,212.85647583007812,214.23628059738706,210.16673134606532,211.77358753379374,4236200
2018-02-13,213.57257080078125,213.95682191914838,211.31074473858814,211.88712141613885,3077700
2018-02-14,216.36712646484375,216.68151256152737,212.07052536043253,212.21025547571352,3650800
2018-02-15,219.1703643798828,219.1703643798828,215.68592020902162,217.97395712972465,2923800
2018-02-16,219.14418029785156,220.94316201460282,218.47174085626156,218.55907549946906,3007500
2018-02-20,217.81675720214844,219.64193653109442,217.1006638097397,218.3232687847765,3454400
2018-02-21,216.6727294921875,220.45408982886408,216.6727294921875,218.20099226143722,2798000
2018-02-22,216.9347686767578,219.10926023321005,216.41078742257346,217.59846671671403,3177700
2018-02-23,220.49778747558594,220.49778747558594,217.71198025522514,218.16609641452234,2923100
2018-02-26,223.03904724121094,223.12638187934516,220.9344210462832,221.43219117254253,1892000
2018-02-27,220.192138671875,223.85996730948688,220.192138671875,223.2399366229205,2947100
2018-02-28,217.74688720703125,221.65924968899864,217.74688720703125,221.2662571538041,2716600
2018-03-01,214.8737335205078,219.22272869067817,213.4764594670477,217.91278926258167,5182300
2018-03-02,216.01779174804688,216.45443831825838,212.4984214581739,213.29312141405381,3276500
2018-03-05,218.49790954589844,219.013149226319,214.78641423456088,214.84755114176022,3024600
2018-03-06,219.04808044433594,219.41486189801375,217.65080634189272,219.38866417456487,1932000
2018-03-07,218.9520263671875,219.25768425340522,216.8910543133089,217.04824066023647,2730200
2018-03-08,219.9738311767578,220.0873635607875,218.63769360085877,219.54591269690494,3021600
2018-03-09,223.78135681152344,223.7900982707739,220.98682155739516,221.29246614707137,2450800
2018-03-12,223.5630340576172,224.65465043485165,223.19625255391384,224.12195443514065,2029200
2018-03-13,222.08718872070312,225.05638023258533,221.56322080263973,224.61101882881852,3080600
2018-03-14,220.91697692871094,223.1351357439221,220.4716022038156,222.97794936762838,2352700
2018-03-15,220.70738220214844,221.9998657060656,220.26200747637753,221.4234890077293,2161500
2018-03-16,220.9344024658203,221.88628864461367,220.91693287458367,221.14398425908487,1554600
2018-03-19,217.98275756835938,220.2969796575485,216.46322231473755,220.2882515210343,2715800
2018-03-20,218.36692810058594,218.8996373899131,217.73815604349835,218.31453265006104,1991400
2018-03-21,217.8604278564453,220.17464921083692,217.72069776418903,218.27087667407628,2777300
2018-03-22,212.44602966308594,216.64656760884887,212.2364345086298,215.79947218200815,3589400
2018-03-23,207.92234802246094,213.1621065479065,207.77388979662072,212.85646196249252,3815500
2018-03-26,213.6457977294922,213.8914371286053,209.07513790867577,211.26835639100236,5529000
2018-03-27,209.94363403320312,214.97048681121854,208.59261740132047,214.4704399815532,3363600
2018-03-28,209.35585021972656,211.6192531626128,208.3820607371632,210.07523226375645,4384100
2018-03-29,212.3737335205078,213.7159821597319,209.7418713437793,210.4173863839824,2910800
2018-04-02,207.4608612060547,212.04030119383043,205.215008246876,211.5928895670117,4696400
2018-04-03,210.09278869628906,210.54898190526006,206.97841566167168,208.62772030355956,3287900
2018-04-04,212.5141143798828,213.01416126000794,206.77664702336,206.92578428186553,4598000
2018-04-05,214.0493621826172,214.83891550518607,213.0053880121838,213.97039614128536,3436600
2018-04-06,209.3383026123047,213.62823720685316,207.89955189761451,212.25090303194284,4931600
2018-04-09,210.18923950195312,213.400113904356,209.95238159333852,210.68051819790406,2956000
2018-04-10,213.65452575683594,214.39145720245676,211.92628223197934,212.96147473625268,2903800
2018-04-11,212.5228729248047,214.04935782186215,212.25968402719568,212.3035510745211,2068300
2018-04-12,214.3037567138672,215.15472652986728,213.5931560891614,213.8037098761028,1723600
2018-04-13,213.70721435546875,215.67232954913715,212.7421928683328,215.67232954913715,2887700
2018-04-16,215.44424438476562,216.11975944061905,214.41781971842252,215.17228742868457,2149200
2018-04-17,217.76022338867188,218.27781960858056,216.58466178830105,217.05839097224424,2301800
2018-04-18,217.8831024169922,218.63757012758734,217.51464330991226,218.14629131814743,1365100
2018-04-19,216.68995666503906,217.4707418033987,215.77758379012388,217.23387049125728,1997100
2018-04-20,214.93536376953125,216.80398978715647,214.03175902540738,216.64607113042882,2103900
2018-04-23,214.83888244628906,215.8828564560782,213.83877547796882,215.41789526645908,1472600
2018-04-24,211.9087371826172,215.91793294036793,210.55770732593402,215.786345207859,3653500
2018-04-25,212.45266723632812,212.85622529078012,210.19804580012598,211.8736543963352,2354800
2018-04-26,214.6370849609375,215.34768543588126,212.97901272395535,213.37378927821968,2106800
2018-04-27,214.865234375,215.4354792326591,213.96162939878678,215.13719133474558,2178600
2018-04-30,213.11061096191406,215.85652425813447,213.0492078170983,215.38278166056983,2146100
2018-05-01,213.56683349609375,213.6370180900836,211.21569644963256,212.69831420510468,2323100
2018-05-02,212.11053466796875,214.07566315342268,211.74207558688536,213.36506254088027,1636400
2018-05-03,211.6104736328125,212.21579061987845,208.72419094524233,211.32096722003743,2666500
2018-05-04,214.41781616210938,214.98804761628324,210.45247337489545,210.76829737363536,1785200
2018-05-07,215.0845489501953,215.97938584095692,214.46168239631646,215.10209844626527,3127200
2018-05-08,215.07577514648438,215.40036719021427,213.6808914389314,214.78626870761326,1924500
2018-05-09,217.1636962890625,217.4795202582419,215.25121636583444,215.6898600237868,1506200
2018-05-10,219.1990509033203,219.49732543463458,217.7866175211033,217.88311967962787,1537600
2018-05-11,219.73419189453125,220.1289685755513,218.8656724872116,219.35695132460054,1703500
2018-05-14,219.97975158691406,220.8658067841939,219.50602241865045,220.3043435469032,1478200
2018-05-15,218.47088623046875,218.90076188751448,217.61991635788138,218.88321239085,2600600
2018-05-16,219.4008026123047,219.79557926496227,218.50597910263903,218.51474715755376,2588700
2018-05-17,219.216552734375,220.190342163619,218.51472022374426,219.137586704502,1714200
2018-05-18,218.672607421875,219.190217054782,218.34801543442498,218.90947871921614,1702800
2018-05-21,220.27810668945312,220.79570308182142,219.69909374900163,219.99738166115037,1262900
2018-05-22,219.64642333984375,221.02377086593447,219.40956540019198,220.78689953994046,1055400
2018-05-23,220.3306884765625,220.3306884765625,218.4006591951271,218.5497964219387,1484100
2018-05-24,219.90960693359375,220.19911335033572,218.23398496987912,219.9710234703308,2025300
2018-05-25,219.35690307617188,219.88328079264932,218.87440578679917,219.35690307617188,1654700
2018-05-29,216.82156372070312,218.51473527118338,215.78637107065182,217.8129027122228,4465800
2018-05-30,219.68150329589844,220.09382937395037,217.94446490422982,218.03219898369065,1359700
2018-05-31,218.2602996826172,219.58501206198505,217.81288798237858,219.3130551430356,2378800
2018-06-01,220.55882263183594,220.7693630350254,219.47098146543252,219.5236165662299,1953900
2018-06-04,221.5325927734375,221.7782321465626,221.0413140271873,221.2255368638602,2031500
2018-06-05,221.83961486816406,222.0677181124477,220.9623276488348,221.65539204845567,1491200
2018-06-06,223.61175537109375,223.67317190644184,221.70804357042738,222.27827495071458,2763200
2018-06-07,223.50648498535156,224.32235573363516,222.72569983842078,224.03284932369343,2615900
2018-06-08,224.20835876464844,224.2522124278272,222.99769780680734,223.14683506610973,1517500
2018-06-11,224.49783325195312,225.17336166324822,224.32237845473443,224.4013311055314,2648000
2018-06-12,224.87501525878906,225.13821748130047,224.23461273997376,224.92767712143578,1182200
2018-06-13,223.9801788330078,225.2610105682712,223.90999425505183,225.0504702207427,2507800
2018-06-14,224.62942504882812,225.12948528556754,224.1118420888343,224.8575283370292,1913800
2018-06-15,224.4364471435547,224.64700094801526,222.94506117440505,223.9451683194907,2000100
2018-06-18,223.90126037597656,224.02408005956022,222.57656140401392,222.98887410963363,2015800
2018-06-19,223.05032348632812,223.2345597320012,221.44488592331015,221.80457697331633,1863300
2018-06-20,223.45387268066406,224.03287217325928,223.11173114062657,223.6819625785747,1578200
2018-06-21,222.0589599609375,223.4187579707718,221.58523070280825,223.40998991674158,4037600
2018-06-22,222.45376586914062,223.2871861972414,222.2344440256224,223.18190260963942,3092000
2018-06-25,219.37445068359375,221.52380179910423,217.87429696131156,221.40098211782768,6690000
2018-06-26,219.8569793701172,220.66408211125975,219.2428809134155,219.90084641409783,2968600
2018-06-27,218.0321807861328,221.71678424816216,217.9444467139945,220.4359524675187,3433800
2018-06-28,219.36048889160156,219.9950911765475,217.37736011338373,217.96789018013425,2638400
2018-06-29,219.91575622558594,221.54633415927046,219.55439631317796,220.33001086930142,3711600
2018-07-02,220.17132568359375,220.25064759223255,217.98548124663915,218.19700633634267,1943100
2018-07-03,219.2811279296875,221.0174682221277,218.97264933622398,220.9469553710343,1157900
2018-07-05,221.1585235595703,221.17615513694412,219.3869333286658,220.40934963309712,1948100
2018-07-06,223.00062561035156,223.33555833412538,220.80597167538897,221.1497134633321,2622200
2018-07-09,224.9748992919922,225.0366030754038,223.88197035586643,223.91723350323025,3979500
2018-07-10,225.7593994140625,225.9003982387925,225.1512243040744,225.41564417177912,1314500
2018-07-11,224.2169647216797,225.11598694159028,223.89966355282618,224.40206267390835,2335100
2018-07-12,226.1383514404297,226.21767335220926,224.76337105816273,225.33628291301164,2874000
2018-07-13,226.33224487304688,226.6583550123768,225.62712987408088,226.0678116183659,1814500
2018-07-16,226.19129943847656,226.52623220783676,225.7770447339378,226.4204696275987,993500
2018-07-17,227.16082763671875,227.45167472347435,225.45973664586134,225.50380886926362,1825900
2018-07-18,227.57505798339844,227.68082054908635,226.76416681661462,227.18724397727215,2606800
2018-07-19,226.71124267578125,227.310581699983,226.29698810654457,226.95803091503495,2050500
2018-07-20,226.49974060058594,227.0902571733527,226.32345174124762,226.51735872735838,2710700
2018-07-23,226.93165588378906,227.05503659013448,225.98856141553446,226.27943539818534,1447000
2018-07-24,227.9981231689453,228.78257374565052,227.24014013330023,228.1391488983948,2916000
2018-07-25,230.0869598388672,230.26324868314396,227.77772122750807,227.87468816123064,2608700
2018-07-26,229.40830993652344,230.05173466141224,229.24966610777906,229.28492925791195,2166500
2018-07-27,227.9187469482422,229.81373098386896,227.02853401097934,229.80493537018498,2666200
2018-07-30,226.60548400878906,228.08621346965634,226.20005194405425,227.92756964839938,1601400
2018-07-31,227.75131225585938,228.35947388589784,227.0462105765215,227.41637954390717,1992500
2018-08-01,227.46926879882812,228.4476263284532,226.82587089080207,227.96287226915365,1651700
2018-08-02,228.6239013671875,228.80898584616716,226.05905170970954,226.27939934112962,1767300
2018-08-03,229.74325561523438,229.74325561523438,228.62389934078737,228.80898381812656,2017600
2018-08-06,230.60702514648438,230.7744645967314,229.3378206646601,229.65510833616435,1843000
2018-08-07,231.2504425048828,231.6118158709534,230.99483170490004,231.10062116889375,2619200
2018-08-08,231.12705993652344,231.51487394097168,230.73924593207516,231.12705993652344,1560400
2018-08-09,230.83616638183594,231.5765311734827,230.71278569884652,231.21515784102948,1084400
2018-08-10,229.2672882080078,230.0076529862175,228.65912662271006,229.47881331666687,2395500
2018-08-13,228.403564453125,230.1046417920103,228.19201242646022,229.5229207900168,3684700
2018-08-14,229.87545776367188,230.1046279046004,228.7648971088999,229.1086523202927,1531800
2018-08-15,228.1831817626953,228.7648757774358,226.8610961152097,228.65911322930117,2587800
2018-08-16,230.0341033935547,230.82737638051964,229.4700274472085,229.47882306184087,1693100
2018-08-17,230.8009033203125,231.25924359477472,229.47002195645595,229.78730962532663,2278800
2018-08-20,231.31211853027344,231.5765249137489,230.83616014211492,231.27685537984246,1245500
2018-08-21,231.8145294189453,232.6606567872666,231.68229932253854,231.81452941894528,1937900
2018-08-22,231.7440185546875,232.20235887057305,231.26808700836833,231.48843465318842,1708100
2018-08-23,231.40904235839844,232.36095906802146,231.10937284548774,231.5236274158439,2308100
2018-08-24,232.8634033203125,232.94272524521517,231.90266391248807,231.94674958048248,2328900
2018-08-27,234.61732482910156,234.75835052812351,233.79763817031923,233.90340072011026,2371000
2018-08-28,234.74952697753906,235.18139968657528,234.35291741757771,235.11972279807128,3026900
2018-08-29,236.03640747070312,236.2567551352194,234.7495846413422,234.96993230585852,2116100
2018-08-30,235.07565307617188,235.95704357749386,234.55563590814032,235.60449275654577,2625500
2018-08-31,235.08447265625,235.5251679014141,234.3000222088644,234.7407174540285,3172400
2018-09-04,234.75839233398438,235.03162126890186,233.79767980509604,234.75839233398438,3623300
2018-09-05,234.0973358154297,234.56447173172356,233.1454189571559,234.3705647345126,4595500
2018-09-06,233.4098663330078,234.44107827741777,232.422713159659,234.17667185523743,1687900
2018-09-07,232.84573364257812,233.79765043644306,232.20233579829303,232.3609796313028,2634100
2018-09-10,233.28634643554688,234.07079660689942,233.1365251677361,233.81518592323587,2832700
2018-09-11,234.16787719726562,234.49398745604933,232.4050957786209,232.7135879064657,3420400
2018-09-12,234.1942901611328,234.67907113270545,233.4186621249419,234.10614572103717,3019800
2018-09-13,235.5251922607422,235.70148113620186,234.8641493246273,235.13737825305566,2087500
2018-09-14,235.64859008789062,235.87776026306867,234.86416640024777,235.74555704581513,1861000
2018-09-17,234.3176727294922,235.56043657775362,234.08850258930244,235.52517342590048,2515300
2018-09-18,235.59567260742188,236.1421573179621,234.52919762153763,234.53802013396844,1823600
2018-09-19,235.86009216308594,236.23908360488727,235.53398199698236,235.63974454837788,2077500
2018-09-20,237.75514221191406,238.06363433764676,236.90901466817238,236.9971591180831,3349700
2018-09-21,237.58761596679688,238.56597338786452,237.42014962353215,238.4601839358793,1352500
2018-09-24,236.79437255859375,237.1557458876808,236.23026973331548,237.0323383079375,2070900
2018-09-25,236.50352478027344,237.2439165447807,236.34488092983878,237.18221274808738,2360400
2018-09-26,235.81027221679688,237.758103877657,235.46499075204264,236.67794759653333,2568400
2018-09-27,236.46543884277344,237.49247489493266,236.0404770414959,236.2883804320555,3077500
2018-09-28,236.43890380859375,236.97013313597975,235.8899767440917,235.95195935316673,1774300
2018-10-01,237.3154296875,238.32474104113132,236.73994253662346,237.68727128430564,1968800
2018-10-02,237.2889404296875,237.87329013288928,236.88164919992548,237.25351792721847,3034100
2018-10-03,237.49244689941406,238.58146542570088,237.0320626624856,238.1830367645267,2505800
2018-10-04,235.5446319580078,236.97893184297143,234.06604721298365,236.89925151818886,5004400
2018-10-05,234.2165985107422,236.19096315603298,232.8708141576022,235.67745866616337,2564700
2018-10-08,234.1546630859375,234.4911092420054,232.30423624701135,233.53489100692332,3219600
2018-10-09,233.85360717773438,235.02230618414427,233.34007563577694,233.8270470648361,2078000
2018-10-10,226.30142211914062,233.40210629689764,226.09777653202744,233.40210629689764,5803900
2018-10-11,221.53805541992188,226.91227655505008,219.9709412696023,225.60191465627423,9037000
2018-10-12,224.53067016601562,225.4514524368498,221.60893562765511,225.23010911590922,7116700
2018-10-15,223.29994201660156,225.38056057017988,223.14941671013267,224.16760381950638,3306200
2018-10-16,228.05441284179688,228.51482418991307,224.61917407455405,225.00874043706224,3308500
2018-10-17,228.13406372070312,228.72724847621305,225.83208860841478,228.2048816693317,2845800
2018-10-18,224.92904663085938,227.8507806650825,223.72493863231927,227.31955138259764,3046800
2018-10-19,224.751953125,227.20442673535587,224.13218118504008,225.477951997646,2684200
2018-10-22,223.8223419189453,225.64620850259155,223.26455249414616,225.3717449791896,2102000
2018-10-23,222.4765167236328,223.62750427572684,218.54545861233407,220.4578674518393,5206500
2018-10-24,215.8362579345703,222.71561085401095,215.36701126213558,222.39687599068532,4065700
2018-10-25,219.705322265625,221.15733356234276,216.62422775985237,217.54502331955882,4443800
2018-10-26,215.81849670410156,218.6693985686322,213.41028129667544,216.33201461550905,5278700
2018-10-29,214.70298767089844,219.88242597323986,211.41824735854223,218.71372693712755,5126200
2018-10-30,217.98770141601562,218.13821321116123,214.08320307994012,214.534738465377,3619100
2018-10-31,220.2719268798828,222.29943846947154,219.81154268000006,220.20995779939506,4073400
2018-11-01,222.55621337890625,222.7067251722656,219.97978813882312,221.01567295880463,2870700
2018-11-02,221.17507934570312,223.9108793212449,219.35121269534193,223.50361521024234,3184500
2018-11-05,222.43228149414062,222.92808827162528,220.8031982224849,221.6266022355888,1912100
2018-11-06,223.8400421142578,223.98169154824063,222.33489697940846,222.38801720586724,2255200
2018-11-07,228.56790161132812,228.70956453656706,225.46023367135464,225.83210222753686,3090800
2018-11-08,228.17831420898438,228.81578380385588,227.23095868254072,227.9746687066512,2466900
2018-11-09,226.07119750976562,227.22219892147177,224.71657754742174,227.09823369982556,3078700
2018-11-12,221.70623779296875,225.73468731095576,221.29896030245516,225.49563283805173,2710200
2018-11-13,221.33445739746094,224.00827481015602,220.70583646338665,222.1932705065517,3097000
2018-11-14,219.8203887939453,223.41500070880153,218.3860889781917,223.07856818382496,3619900
2018-11-15,222.09585571289062,222.57395126020901,217.2971214457235,218.70487499392263,3911900
2018-11-16,222.66244506835938,223.53010676498425,220.6880536893802,221.13960253403556,2342800
2018-11-19,218.9705047607422,222.41460594400658,218.1116916820354,222.17555139897405,2973700
2018-11-20,214.9420166015625,217.19972055443566,214.10976378280202,215.8893587288585,5000900
2018-11-21,215.65921020507812,217.3060049320426,215.6060899735185,216.24355977168045,2425500
2018-11-23,214.2691650390625,215.45557540425554,214.02126162179184,214.08324423097102,830900
2018-11-26,217.62472534179688,217.66013432390474,215.89825038244064,216.2346829964932,2498500
2018-11-27,218.3064422607422,218.33300237180976,216.13726745227046,216.6773455601793,2849700
2018-11-28,223.40618896484375,223.40618896484375,218.4658056000173,219.32461856096523,3723300
2018-11-29,222.94580078125,224.2207402218557,221.66201247303957,222.70674625870606,3279400
2018-11-30,224.42440795898438,224.83168559886474,222.53857212030914,222.7953244189102,2992800
2018-12-03,227.19554138183594,228.19601714571928,225.82322410713473,228.11633682197262,3943500
2018-12-04,220.14801025390625,226.89454877942774,219.6256433806628,226.522707217871,3837400
2018-12-06,219.5902099609375,219.65217904439262,213.48999067805434,216.40286183371455,7712700
2018-12-07,214.490478515625,220.6703923703642,213.70249701107278,219.24494116440783,3928400
2018-12-10,214.7472686767578,215.69461095944496,210.38237185060603,214.2603107231697,5983700
2018-12-11,214.80923461914062,217.90804072044259,213.5431574681326,217.75752890240318,4543200
2018-12-12,215.9956512451172,218.82884277568076,215.89825965298581,217.62473468647588,4117000
2018-12-13,215.92478942871094,217.5892816198214,214.8800421772143,216.79245125777965,2610800
2018-12-14,211.94065856933594,214.8181217086969,211.40058033202078,213.95044617351908,5088500
2018-12-17,207.61349487304688,212.05542986789953,206.23373430822116,211.0228336377071,6127200
2018-12-18,207.53338623046875,209.79440282587845,206.05570680156578,209.18909621617505,4691400
2018-12-19,204.2219696044922,210.96943240589843,202.76209728221306,207.59570779662582,8215600
2018-12-20,200.8660125732422,204.6492192053146,198.98776120788716,203.26947235872856,12141900
2018-12-21,196.86923217773438,204.2576170611461,196.34403718720768,201.83636302345653,11811600
2018-12-24,191.44808959960938,196.54873914670102,191.44808959960938,195.60516495847358,8493500
2018-12-26,201.1331024169922,201.26663553139187,191.23445604837082,193.0592999489388,11598000
2018-12-27,203.00241088867188,203.06471546150752,195.48050898321227,198.47146805078998,9578400
2018-12-28,202.74429321289062,205.69075538961738,201.6404955762442,204.1329641985401,7436100
2018-12-31,204.56912231445312,204.71155218727216,202.46832923038332,204.12403914903885,6683900
2019-01-02,204.72940063476562,205.4949443770916,201.19543850153718,201.33785482023785,4891300
2019-01-03,199.84239196777344,203.33184323989514,199.3706047793784,203.04699700485648,3329600
2019-01-04,206.43844604492188,207.07045643850995,202.20124625337695,202.5484105269578,5100100
2019-01-07,207.9873809814453,209.39384557109364,205.91330515201403,206.77675409306838,3706000
2019-01-08,210.00804138183594,210.48873881201854,207.7915223045726,210.1237673525948,3546600
2019-01-09,210.9783172607422,211.8061790118175,209.5985703137171,210.71127822767946,4565000
2019-01-10,211.859619140625,212.01094581006768,209.05560020279108,209.76772251008313,2813500
2019-01-11,211.76168823242188,211.8596070815303,210.29291907865672,210.83592113591965,2551000
2019-01-14,210.59552001953125,211.31655246414343,209.803272649384,210.16824404917924,2653400
2019-01-15,213.0613555908203,213.27498685616644,210.94275499038628,210.94275499038628,5103700
2019-01-16,213.53317260742188,214.3254203538864,213.21271208172473,213.39074268869769,4066700
2019-01-17,215.1265106201172,215.90986139266852,212.70525694392333,212.7497679801567,3059000
2019-01-18,218.01954650878906,218.42011866018368,216.09678388266178,216.80891969784162,4943300
2019-01-22,215.11766052246094,216.8267787383508,213.61327681823457,216.65764491368193,5786300
2019-01-23,215.43807983398438,216.6130924401825,213.2660716053794,216.02557934565266,3076400
2019-01-24,215.65170288085938,216.1502074645384,214.4499864145006,215.3312424399248,2197100
2019-01-25,217.48545837402344,218.18868384388435,216.90684207227144,217.29851745613774,3677500
2019-01-28,215.8030242919922,215.85644568323406,214.20073570911535,215.50037098925864,2407800
2019-01-29,215.53599548339844,216.41725152924923,214.77045183358038,215.90986374267777,2436900
2019-01-30,218.94529724121094,219.67522650450695,216.20358355607416,216.8979121457607,6028400
2019-01-31,220.7701873779297,221.2330777582017,218.69609781611294,218.8563348481875,5308100
2019-02-01,220.95706176757812,221.90953256658418,220.28054032545364,221.03717346805496,3718500
2019-02-04,222.53273010253906,222.55943401113535,220.39632233479455,221.02834653158718,2541700
2019-02-05,223.52084350585938,223.72557802506554,222.47043983215323,222.93333027732194,3613300
2019-02-06,223.2448272705078,223.62760588866652,222.49709074839586,223.2092265906812,2052200
2019-02-07,221.0550537109375,222.16776186179015,219.53286298411126,221.68706433421843,3907800
2019-02-08,221.3398895263672,221.39331092470115,219.15898436982164,219.88001704441083,2512600
2019-02-11,221.45556640625,222.1053839884895,220.9570754619096,221.90064954696243,2986600
2019-02-12,224.3219451904297,224.64240565544478,222.84426562492328,222.87987988929277,5980500
2019-02-13,224.9984893798828,225.79964741424538,224.66913210715637,225.05191078179774,3569100
2019-02-14,224.50001525878906,225.53261178137052,223.28049135539987,224.0104209090423,3247800
2019-02-15,226.97462463378906,226.9924317649718,225.93313157681078,226.1289692712369,2806600
2019-02-19,227.3662872314453,227.96269705533152,226.2357721650153,226.2357721650153,2509300
2019-02-20,227.89149475097656,228.22085195221888,226.8944992079055,227.35738951065778,2156300
2019-02-21,227.0636444091797,227.5621354143615,226.1378637571039,227.28618600669736,2020000
2019-02-22,228.4255828857422,228.60362702893008,227.3930002027023,227.60664502481112,2119400
2019-02-25,228.76385498046875,230.20592020534139,228.66594971578562,229.74304345591398,2941300
2019-02-26,228.5947265625,229.34249026366436,228.2475757837025,228.37218495674767,4629600
2019-02-27,228.47903442382812,228.7905709484071,227.08146657908713,227.93601876374711,2136400
2019-02-28,227.9449462890625,228.6659789938187,227.7491085688987,228.25651000283122,2207000
2019-03-01,229.51162719726562,229.84989482919121,228.17637738643958,229.49383364611631,2867000
2019-03-04,228.6303253173828,230.64210998995202,226.5384425149244,230.43736194688793,3384200
2019-03-05,228.36328125,228.92409039263083,227.8469831410933,228.76383980493566,2475900
2019-03-06,226.90342712402344,228.43451453469453,226.63638805007344,228.43451453469453,2514900
2019-03-07,225.07862854003906,226.6364200782517,224.27747045638256,226.52959085071225,6441200
2019-03-08,224.62457275390625,224.72249159539584,222.84424005981262,223.3249374936198,4522300
2019-03-11,227.90036010742188,227.98938216812877,225.22987486338792,225.24766840924175,1884200
2019-03-12,228.71046447753906,229.1822516197217,228.21197342790174,228.34549296517517,2271900
2019-03-13,230.2682647705078,231.07831954916,229.38700862444398,229.52052816691943,1974300
2019-03-14,230.18812561035156,230.65991271468604,229.6985449577163,230.2682373262888,1557500
2019-03-15,231.30972290039062,231.95064373524502,230.437350130091,230.57086964449397,3151200
2019-03-18,232.1376190185547,232.32454637734088,231.2385421596116,231.4432902344803,1830000
2019-03-19,232.2087860107422,233.74878360899052,231.33644035506032,233.05445492770087,4061800
2019-03-20,231.3809814453125,233.01888461352422,230.4107031798585,231.92399715906674,3415200
2019-03-21,234.02626037597656,234.4111801660595,230.66934456296084,230.66934456296084,2968300
2019-03-22,229.57717895507812,233.29215954924445,229.4966162706142,232.80878344246085,4317400
2019-03-25,229.3712921142578,230.31121736286693,228.2254525901912,229.2459541778334,2893600
2019-03-26,231.02735900878906,231.95835110418966,229.81889143837498,230.96471735631235,3177600
2019-03-27,229.9531707763672,231.60925440052128,228.4761198971512,231.09003621935184,2714300
2019-03-28,230.8483428955078,231.15269992089355,229.40709313442036,230.46342318563572,1716700
2019-03-29,232.33432006835938,232.49544542309513,231.11686475574513,232.15527368400228,2831100
2019-04-01,235.01092529296875,235.23471964636238,233.81139083701652,234.05307890396884,3303900
2019-04-02,235.09149169921875,235.2973923423094,234.36640016824998,235.13626696179347,1512600
2019-04-03,235.5300750732422,236.55059025959022,234.89450686973038,236.21041853080754,1933900
2019-04-04,236.09408569335938,236.2910258199104,235.13626660929697,235.76287441657968,1738500
2019-04-05,237.23097229003906,237.27572023272657,236.4342512884892,236.7028209005533,1505000
2019-04-08,237.4368133544922,237.4994823206586,236.24623959054367,236.83705987444984,1720100
2019-04-09,236.17462158203125,236.81021715206356,235.69124549606238,236.5237538516527,2016900
2019-04-10,236.98916625976562,237.07868942954468,236.19247288159463,236.55053824207494,2990600
2019-04-11,236.9445343017578,237.4368709985527,236.40742233884114,237.4368709985527,1567700
2019-04-12,238.54690551757812,238.80648731823518,237.78599919325683,238.41260704020178,1903400
2019-04-15,238.3856964111328,238.69008072376909,237.64271129618325,238.62741175830618,1584500
2019-04-16,238.5557403564453,239.22712319191308,237.99177440367038,239.19133577677383,2447700
2019-04-17,237.97393798828125,239.5583920267327,237.58005777782256,239.54049831485514,1872400
2019-04-18,238.4215087890625,238.65426361925162,237.29357669647453,238.51103197903078,2788900
2019-04-22,238.65432739257812,238.75278380480339,237.64277244477654,237.72333514168338,1126500
2019-04-23,240.71316528320312,240.97277434379015,238.75272485324993,238.97651917339397,2618300
2019-04-24,240.2387237548828,240.99066939651647,240.11341314059857,240.7042334273056,1393400
2019-04-25,240.14920043945312,240.69527278905923,238.994441411095,240.15816095426982,1237400
2019-04-26,241.2502899169922,241.28610465933562,239.42412051849294,240.1581724839914,2172600
2019-04-29,241.55462646484375,242.06488405509168,241.21445473801177,241.30397792696363,1892500
2019-04-30,241.70680236816406,241.97534459832397,240.00594384835168,241.30396170428432,2024600
2019-05-01,239.94334411621094,242.47668399199887,239.90752937305416,242.30659811030998,2669400
2019-05-02,239.4689178466797,240.62367703690455,238.05452223951852,239.80012911761148,3009000
2019-05-03,241.74264526367188,241.98436064492668,240.53417763198252,240.73111775217532,1969000
2019-05-06,240.78480529785156,241.12494973169123,237.49949251420966,237.80384952468336,3966900
2019-05-07,236.88180541992188,239.0839338605124,234.9661402629353,238.54684935205788,4752500
2019-05-08,236.4163360595703,237.9560421452159,235.85236997607166,236.4521508016487,2662500
2019-05-09,235.69125366210938,236.18359028035042,232.92515891087422,234.4827587680283,3094800
2019-05-10,236.7922821044922,237.56214876394287,232.09260142748923,234.86765643382896,3131900
2019-05-13,230.98263549804688,233.0504932146003,230.1232727983663,232.18216999848474,5548200
2019-05-14,232.98776245117188,234.3753035168984,231.70766559822917,231.8419367159084,4702600
2019-05-15,234.3664093017578,234.93933599078255,231.31385087600265,231.51975152711745,2444100
2019-05-16,236.51480102539062,237.75911066026478,234.93930745920048,234.9572011715664,3221500
2019-05-17,235.08251953125,237.23990030338535,234.4111364937299,234.43801804113062,2719500
2019-05-20,233.48019409179688,234.63495335772996,232.7640357251909,233.55179626913332,2762600
2019-05-21,235.45851135253906,235.88820634093662,234.76027407054696,234.9840684214245,2760500
2019-05-22,234.81396484375,235.69124846782816,234.42008463037973,234.64387896440172,3421500
2019-05-23,232.0657501220703,232.8356167912079,230.66927574596667,232.8176957616151,3813200
2019-05-24,232.4685821533203,233.63230165043979,231.90461611504307,233.28319672876063,1833100
2019-05-28,230.38282775878906,233.60547165560104,230.32018610698225,232.71029431307795,2565900
2019-05-29,228.7983856201172,229.6308940355717,227.46458005221828,229.28178905949068,4593500
2019-05-30,229.4339599609375,230.2217204551429,228.39556454323062,229.41606624739524,2977200
2019-05-31,226.36346435546875,227.81366077291207,226.2739548270423,227.0438077999772,3698600
2019-06-03,225.69212341308594,227.33926022254968,224.48364210959812,226.32770538196448,3825600
2019-06-04,230.66033935546875,230.74090203159258,227.40188097725724,227.80470801719753,3536300
2019-06-05,232.61181640625,232.63867063129643,230.43654222156445,232.06574407211693,2646500
2019-06-06,234.12466430664062,234.76919301578664,232.30745559203535,232.89827585197264,2277500
2019-06-07,236.46107482910156,237.4815900489357,234.9392898328263,235.09145467313243,1877400
2019-06-10,237.5711212158203,239.1018667783108,237.49053121690278,237.9023324520496,2845900
2019-06-11,237.5262908935547,239.59414783046077,236.94443123626135,239.23608245048314,1894500
2019-06-12,237.0787353515625,237.848601978422,236.64904044457293,237.3293838843128,1711900
2019-06-13,238.13507080078125,238.43942782408536,237.3204561272416,237.95605172047323,1813700
2019-06-14,237.77696228027344,238.37674302141602,237.1413941207343,237.8575249496257,1203300
2019-06-17,237.9918212890625,238.61845631973716,237.77698748135364,238.06345077072737,1782500
2019-06-18,240.3640594482422,241.3935078533164,239.28087527338369,239.5941927841391,2340700
2019-06-19,240.99969482421875,241.4472835875563,239.69274328449512,240.56999977670066,1684500
2019-06-20,243.2465362548828,243.6583101614471,241.45618166451612,243.43451583765128,3288100
2019-06-21,242.9600830078125,244.19543209721718,242.74524919005313,243.06749991669219,2226000
2019-06-24,242.64671325683594,243.41657980252785,242.50348163627376,243.1211560480439,3518400
2019-06-25,240.24765014648438,242.70938733212648,240.14916645336646,242.68253311011958,2287100
2019-06-26,240.0149383544922,241.53675072396558,239.92541515888013,241.07124103424047,2988700
2019-06-27,240.85714721679688,241.32504822973908,240.40723289107092,240.69515718948625,2054600
2019-06-28,242.18896484375,242.54889094417794,241.31612963339654,241.784058278494,2883300
2019-07-01,244.24952697753906,245.33831211565993,243.22370898415605,245.1673424500961,4497900
2019-07-02,244.96047973632812,244.9784664320667,243.51174064154995,244.27660084980397,3040700
2019-07-03,246.8411102294922,246.88609069750356,245.4373791160577,245.57234798069504,2335800
2019-07-05,246.52610778808594,246.7780587642436,244.6274546608361,245.77926193538184,3362500
2019-07-08,245.2932891845703,245.70720266397817,244.78038027669663,245.4642588205282,3131800
2019-07-09,245.5992889404297,245.85123992044137,244.1595572858213,244.21354482006686,2532900
2019-07-10,246.7419891357422,247.62383103675512,246.0671176955375,246.57101950737652,2853200
2019-07-11,247.23695373535156,247.55187182631664,246.4181062855358,247.33592171580483,2249400
2019-07-12,248.4517364501953,248.52373813782734,247.5069271196583,247.8038860250942,2932300
2019-07-15,248.5146942138672,248.84762645315658,248.09177360867946,248.82963976421442,1466200
2019-07-16,247.70492553710938,248.5957474579745,247.44396743865124,248.46077860035885,1564000
2019-07-17,246.03118896484375,247.81283231547755,246.03118896484375,247.70485725914753,1758100
2019-07-18,246.93106079101562,247.26399309297642,245.17638343777492,245.57231035378206,3461100
2019-07-19,245.60826110839844,247.93881420741766,245.38330392748236,247.92080005816462,2319400
2019-07-22,246.20217895507812,246.65209341751765,245.4643401067329,245.94124833849483,1304100
2019-07-23,247.89382934570312,247.9028364211672,246.4541252224417,247.19196397440462,1753000
2019-07-24,249.03665161132812,249.06364537952047,247.15601253233334,247.2549805288391,1669900
2019-07-25,247.82188415527344,248.7217130680217,247.16499916315152,248.7217130680217,1874200
2019-07-26,249.59457397460938,249.7475295276289,248.44279394583046,248.53278233851358,1796900
2019-07-29,249.1445770263672,249.49549594292486,248.58668762118796,249.45952256623727,2925900
2019-07-30,248.54164123535156,248.85658672646827,247.488857188056,247.85779019643974,1751100
2019-07-31,245.72531127929688,248.90170680994743,243.91667351498916,248.703770775981,4910000
2019-08-01,243.6645965576172,248.60464683034476,242.89973674835917,245.90516100514458,6921000
2019-08-02,241.88304138183594,243.02581437368312,240.38932188426227,242.85487212030696,5310400
2019-08-05,234.74734497070312,238.16668347355693,232.7857247502301,238.06771548527988,7354000
2019-08-06,237.77076721191406,237.9777377338169,234.90931805133044,236.23206756301116,4366800
2019-08-07,237.93272399902344,238.66158307081017,233.0466331429432,234.9992735625626,4261200
2019-08-08,242.57582092285156,242.584827997689,238.81454336040412,239.3544460993636,3618800
2019-08-09,240.88414001464844,242.31486426946475,239.35442032906087,241.80195534964633,2616300
2019-08-12,238.05868530273438,240.06531324541248,237.16786365232343,239.5703909702782,2104500
2019-08-13,241.7480010986328,243.04375672672003,237.4738144330854,237.75275915546302,3402300
2019-08-14,234.4683837890625,238.5895873780794,234.4683837890625,238.05869171127858,4354800
2019-08-15,235.206298828125,235.99812522512332,233.3616330324475,235.41324190867917,2775200
2019-08-16,238.65255737304688,239.0664708660673,236.67292334452947,236.71793125370883,2432700
2019-08-19,241.58604431152344,242.17993461037418,240.83019142042124,241.47804178942698,1430800
2019-08-20,239.7144012451172,241.59504025495372,239.61543325225085,241.13614621255934,1865000
2019-08-21,241.65805053710938,241.9909828410288,241.0821743126377,241.67603722954314,2007400
2019-08-22,241.56805419921875,242.87281706358124,239.98437403862087,242.30592047369407,1883700
2019-08-23,235.3682403564453,241.90998625102597,234.25243390226376,240.42527413136375,4184200
2019-08-26,237.97769165039062,237.97769165039062,235.99805757387747,237.38380142743668,2260000
2019-08-27,237.04190063476562,239.58843158589792,236.39402278273656,239.28249308085591,2490400
2019-08-28,238.68858337402344,238.85955303363,235.75513285718887,236.41201773149803,3124000
2019-08-29,241.79296875,242.26089726128478,240.1642809563204,241.07311675499886,3128700
2019-08-30,241.6940155029297,243.1427266558627,240.84817425392214,243.08873912597667,4209200
2019-09-03,240.3532257080078,240.97410969450542,239.06647728521682,240.1012747758488,3368500
2019-09-04,242.92678833007812,243.00776962883867,241.58605217182625,242.27891047939738,1486100
2019-09-05,246.13914489746094,246.94898521761002,245.16731454480842,245.26630997914899,1755800
2019-09-06,246.31912231445312,246.9040329919824,245.82422746795396,246.49009198010089,1890800
2019-09-09,246.3821258544922,247.2999413607829,245.61726586895182,247.27294759473307,2158500
2019-09-10,246.43614196777344,246.44514904436673,244.6364841274735,245.75226320106765,1870400
2019-09-11,248.2086944580078,248.2086944580078,246.10309902668794,246.68798206973452,2080300
2019-09-12,248.93759155273438,249.9723890123659,248.29872089757612,248.9915790751088,2433700
2019-09-13,248.8746337890625,249.7384891960836,248.4877140012525,249.44153031848407,2292000
2019-09-16,248.0557861328125,248.44270587753195,247.48888966652515,247.79482812471676,1432400
2019-09-17,248.73069763183594,248.78468516486646,247.758867116093,247.86684218215407,1789200
2019-09-18,248.8836212158203,248.96460250497375,246.5080876855407,248.3527255687525,2028700
2019-09-19,248.82962036132812,250.13438291362843,248.55968274527575,249.25254093353794,2267900
2019-09-20,247.49789428710938,249.62150448169015,247.00299944368243,249.41453397703424,2052700
2019-09-23,247.6688232421875,248.26271343303864,246.84997589391955,247.08394012502197,1286400
2019-09-24,245.61724853515625,248.96461259208579,244.80740815021724,248.63168034743487,5124900
2019-09-25,247.1199951171875,247.52490161292138,244.39351487019323,245.72524395918003,2649200
2019-09-26,246.6326904296875,247.31979670464358,245.3307670995636,247.1299409331312,2355000
2019-09-27,245.2494659423828,247.35603507137014,243.85712553247453,247.328912811042,2836500
2019-09-30,246.46084594726562,247.06658531304032,245.72851770428522,245.75563995064383,2735200
2019-10-01,243.4954071044922,247.79896069610047,243.28745144865022,247.220343466611,3696000
2019-10-02,239.20089721679688,242.0578941940039,238.00746286088014,242.0578941940039,4463500
2019-10-03,241.09947204589844,241.15371653898958,236.50656929465836,239.00192634204546,2988800
2019-10-04,244.44473266601562,244.61651613620177,241.72334698798807,241.80474134022853,1907800
2019-10-07,243.39588928222656,245.15891803415445,243.11561687836283,243.71233387761077,1821900
2019-10-08,239.61676025390625,242.32004583082835,239.55346580308708,241.65101189732212,2153100
2019-10-09,241.84999084472656,242.69985844042048,240.84643964056517,241.43410699725254,1921200
2019-10-10,243.4954071044922,244.29102993743092,241.6238889758255,241.77760012863106,1559300
2019-10-11,246.03594970703125,248.04307901613362,245.86416625691825,246.00882745655565,2806500
2019-10-14,245.80996704101562,246.3253174862966,245.44832777094936,245.7286002745988,1215500
2019-10-15,248.18771362304688,248.85674745729474,246.6145404901159,246.7049571791142,1783800
2019-10-16,247.79896545410156,248.38666023378636,247.3830817257359,247.7899430976247,1150800
2019-10-17,248.46795654296875,249.28165146473913,247.89836182034054,248.8476679638566,3100600
2019-10-18,247.44635009765625,248.60361204818832,246.65072733329646,248.05208952645202,1152200
2019-10-21,249.1732177734375,249.2817067749054,248.24198372243492,248.67593972830642,3017500
2019-10-22,248.29623413085938,249.8332076737275,248.19676748294555,249.61622966562922,1601500
2019-10-23,249.02853393554688,249.06470612984864,247.88934434109132,248.09729996920146,1296500
2019-10-24,249.43539428710938,249.9959391357833,248.67591616619004,249.8784001982291,2220600
2019-10-25,250.4751434326172,250.9271993373729,248.88389781866016,248.9290923726146,5500900
2019-10-28,251.9307098388672,252.31044887819507,251.5419484449756,251.5419484449756,1795900
2019-10-29,251.76806640625,252.6360061891783,251.50586620415928,251.63245512630934,1599200
2019-10-30,252.6540985107422,252.87107655214044,250.78258012976013,251.96696459123788,1811300
2019-10-31,251.84033203125,252.56363802941416,250.57458102359104,252.56363802941416,2312100
2019-11-01,254.2362823486328,254.2453047057236,253.06997024898237,253.19653157000855,2361900
2019-11-04,255.24888610839844,255.77325888640922,254.92339146687286,255.6738198181666,3797500
2019-11-05,254.9233856201172,255.70093620776248,254.69735764332466,255.48393058795375,2995600
2019-11-06,255.0590362548828,255.2669919584988,254.16397415785437,254.9957693810084,1457200
2019-11-07,255.96307373046875,256.97570210447515,255.48389558896392,256.27951837288936,2689600
2019-11-08,256.5869445800781,256.5869445800781,254.95955420676984,255.6285881793713,2328700
2019-11-11,256.0897216796875,256.1982107040952,255.1765597387425,255.34834322449072,1123700
2019-11-12,256.59600830078125,257.4187534797567,255.890802088989,256.3880526210489,1737600
2019-11-13,256.70440673828125,257.057023515406,255.4929004732757,255.70987843378504,1721400
2019-11-14,257.0479736328125,257.1293403680234,255.85453966712518,256.4422342958102,2244000
2019-11-15,258.9647216796875,258.9647216796875,257.6718485003524,258.2504932636162,1892400
2019-11-18,259.12750244140625,259.34450806286577,258.31380723702443,258.7387409402791,2278500
2019-11-19,259.00091552734375,259.6970716994986,258.46749286172326,259.6970716994986,3212500
2019-11-20,258.08770751953125,258.9556745814942,256.6682731784198,258.4945688042825,2816300
2019-11-21,257.6899108886719,258.2504833282553,256.92143800452175,258.14196674584247,2307200
2019-11-22,258.2595520019531,258.4494077704513,257.3102455681574,258.34996870786335,1266500
2019-11-25,260.2215270996094,260.2395994070604,259.0913870794679,259.1185093362989,2040300
2019-11-26,260.74591064453125,260.9990609157942,259.99550978049444,260.3029045676487,1795700
2019-11-27,261.97540283203125,261.9934751323226,261.0712911740977,261.34251363495855,1631500
2019-11-29,260.97186279296875,261.72229103016525,260.8181792397228,261.5143353854947,1988500
2019-12-02,258.84710693359375,261.3153412187414,258.4312233763536,261.3153412187414,4416100
2019-12-03,257.02996826171875,257.15652957456996,255.0499610821179,256.333784471472,3236000
2019-12-04,258.6755065917969,259.2089570253901,257.7352498484437,258.04264465969135,3188800
2019-12-05,259.1546630859375,259.3264189727625,257.934106432849,259.3264189727625,1597200
2019-12-06,261.46014404296875,261.87602782556127,260.8814991356159,260.90862139119133,1609400
2019-12-09,260.6644592285156,261.7584267321745,260.6282870325637,261.17075960663715,1478900
2019-12-10,260.42041015625,261.23410538159237,259.7965707121826,260.6645104464607,1822700
2019-12-11,261.0984802246094,261.3606528067547,260.4565409174959,260.791085493218,1835400
2019-12-12,263.3949279785156,264.0911118535845,260.93574231741013,261.1527479522158,3276600
2019-12-13,263.4943542480469,264.68778848694353,262.46365351682607,263.17790958891925,3519600
2019-12-16,265.35687255859375,265.90836763592654,265.1037223017132,265.13989450735573,3141900
2019-12-17,265.4111022949219,265.9806972390187,265.3568577851324,265.7998638121823,3658200
2019-12-18,265.4290771484375,266.0077218288181,265.4200547943232,265.8268884683749,3294400
2019-12-19,266.5321350097656,266.60447940147674,265.5828287011416,265.609950950208,2331600
2019-12-20,267.8883056640625,268.30421694283456,267.418177477848,267.5176441197462,4985600
2019-12-23,268.1509094238281,268.4870475384955,267.99645335018806,268.450700040283,2325200
2019-12-24,268.1509094238281,268.36893896306805,267.8692786939707,268.33259146485545,1305900
2019-12-26,269.5226745605469,269.5408344425128,268.4778852597787,268.5142327487211,2390300
2019-12-27,269.5226745605469,270.2858054782744,269.05024037932697,270.2858054782744,2225400
2019-12-30,268.04193115234375,269.6772083693471,267.56043070428,269.5954472809991,2345400
2019-12-31,268.7322998046875,268.9049157450348,267.2514790546248,267.5785233258,2512700
2020-01-02,271.1125793457031,271.1398330353568,269.2228977796669,270.08597749372404,3142400
2020-01-03,269.13201904296875,270.14952699984,268.0418438284692,268.20536595189225,3247900
2020-01-06,270.14044189453125,270.20404306860934,267.41496246272163,267.4785636367997,2777100
2020-01-07,269.3954772949219,270.06775336548367,268.9684843980759,269.65894807595737,2251800
2020-01-08,270.7855529785156,271.92116978048716,269.34105173341015,269.5590812873824,3719500
2020-01-09,272.6569519042969,272.7205530769712,271.72120509569595,272.30265400298697,2168500
2020-01-10,271.87567138671875,273.32923825978605,271.4486784933772,273.2202235168071,3666800
2020-01-13,273.6744689941406,273.7471639725079,272.0755398952013,272.4661852976402,2728000
2020-01-14,273.31103515625,274.2831293357704,272.8386287697105,273.3564764419791,2620100
2020-01-15,273.91986083984375,274.63755068199777,273.1748895789816,273.28390435373825,2822300
2020-01-16,276.20916748046875,276.2182612838469,275.0099498849865,275.2189132876117,2582600
2020-01-17,277.14495849609375,277.27216086363,276.36366758127866,276.8814876812078,2218000
2020-01-21,276.5725402832031,277.2902575757538,276.1818949147928,276.2545621618193,2757900
2020-01-22,276.645263671875,277.9262423667389,276.47264775182174,277.37204711682796,2765300
2020-01-23,276.9179382324219,277.06330053869743,274.9646824934519,276.036698311581,2673100
2020-01-24,274.3922119140625,277.5628444467216,273.2838490532885,277.4720173028165,3448200
2020-01-27,270.0314636230469,271.394203523,269.32283998407183,269.67713794105225,4302000
2020-01-28,272.9568176269531,273.65634747298543,270.9308676273844,271.3669543836858,3562500
2020-01-29,272.68426513671875,274.3104759466007,272.475329416605,274.1651136880343,2739400
2020-01-30,273.5382080078125,273.71991773366346,270.09501109552184,270.76731490116106,4432700
2020-01-31,268.63232421875,273.0930286212818,267.75108481173237,272.9476663997624,6184700
2020-02-03,270.58563232421875,272.24819053502983,269.8497549932087,269.9315160605416,3205200
2020-02-04,274.7555847167969,275.4823958930088,273.60180836363804,273.9106927166488,2292800
2020-02-05,277.8625793457031,278.07151498399236,276.0637532910528,277.453746420781,3049900
2020-02-06,278.8074951171875,278.98008332044265,277.8263069222961,278.72570633010275,1925500
2020-02-07,277.3902587890625,278.5349692673461,276.85425104645793,277.84450545822057,2249000
2020-02-10,279.3798522949219,279.41619979027223,276.49994403251134,276.53629152786164,2246900
2020-02-11,279.8885803222656,281.3512688302852,279.46158739787626,280.6608051078651,2438800
2020-02-12,281.6874084472656,281.87818426240716,280.87886389022844,281.23316183263415,2115800
2020-02-13,281.4149169921875,282.2870628700509,280.14300408590714,280.36106134913615,2043400
2020-02-14,281.88726806640625,281.93268163625305,280.72439788320446,281.7328120239053,1637000
2020-02-18,281.1150817871094,281.4694074904634,279.84319668215113,280.9424658380419,3000300
2020-02-19,282.46868896484375,283.0773638203936,281.7418778443992,282.0144424114444,2257500
2020-02-20,281.3603515625,282.71399754133256,278.6076183104037,281.95086659001015,4617300
2020-02-21,278.444091796875,280.3428393928984,277.6537070926707,280.0884623878095,2678000
2020-02-24,269.13201904296875,271.9847010238515,268.1599523815011,269.7861352616735,7097000
2020-02-25,261.0464172363281,270.93992090395824,260.15608397227265,270.4856743309727,8465800
2020-02-26,259.8926696777344,265.5344049754408,259.3566619893062,262.20022256181215,10233700
2020-02-27,248.37303161621094,258.4482204068353,248.34575019734953,254.89600777596283,14897000
2020-02-28,246.87399291992188,247.94603622584637,238.25239924167624,241.0414806932859,23179600
2020-03-02,257.8940124511719,258.0484685254424,245.73836653861144,248.92718718809974,12428600
2020-03-03,250.78048706054688,261.93678317576683,248.34570405460863,258.3209700227424,9805900
2020-03-04,261.1737365722656,261.32816495024787,253.19716428669565,255.49565186656312,5253900
2020-03-05,252.42486572265625,257.4760861880733,250.38982190366468,254.6506576441895,6220000
2020-03-06,248.1912384033203,249.34501468812206,242.20427205185135,244.67537445454502,6669100
2020-03-09,229.04025268554688,237.1076639838191,228.1680929941755,230.65736969480122,16425900
2020-03-10,240.79476928710938,240.79476928710938,228.1895791625822,237.75529634894002,10879100
2020-03-11,228.85589599609375,235.23608184307966,226.01721698537088,234.2685602255654,11480100
2020-03-12,206.72149658203125,222.42093660950493,206.10995019027743,214.44343795423342,24669300
2020-03-13,226.03546142578125,226.1632470287392,208.20017064249302,219.66441248815866,19533600
2020-03-16,199.50157165527344,214.28825209487664,199.1090783767068,203.40817573881444,17271500
2020-03-17,212.56312561035156,213.53976960312568,197.70342382014667,204.22963911929372,15115500
2020-03-18,200.94371032714844,205.13328101192047,190.13665668028668,197.22879172935802,20177500
2020-03-19,201.11712646484375,206.283340911713,193.60513082605667,199.37375506407594,12441200
2020-03-20,192.3546142578125,204.96892180976894,191.72480904762924,203.36247284121143,11533200
2020-03-23,186.44915771484375,192.39120973981383,183.05369543555014,191.34154317648066,14128200
2020-03-24,204.2296600341797,204.73167986112162,196.08785805183686,197.5117587045553,13160800
2020-03-25,206.84930419921875,214.96372582000004,201.09893741995336,205.3706400477034,11876400
2020-03-26,219.28103637695312,220.37634343840426,208.8847209699172,209.26807774504587,12411100
2020-03-27,212.54489135742188,218.733391315216,210.53682594848445,212.3988466915682,11170600
2020-03-30,219.41793823242188,220.0660026680617,212.6452742112395,214.42514987590593,8727800
2020-03-31,216.159423828125,220.83274179242557,214.89981293747775,218.55996864790686,10386300
2020-04-01,206.42027282714844,210.89279661218131,204.57651118857484,208.03585883063002,13710100
2020-04-02,211.24884033203125,211.9242727431086,205.11510178239237,205.6718850531289,6547000
2020-04-03,208.1271209716797,212.40795899988038,205.68092184374316,210.32685756741648,5490200
2020-04-06,222.28404235839844,223.8996285557721,215.34707324943471,216.28722717387643,7624000
2020-04-07,222.40267944335938,230.74528932523137,222.22013057813305,229.94205760513282,12936600
2020-04-08,229.95118713378906,230.97348587965303,222.75866134755574,224.7576042121132,6958600
2020-04-09,233.36489868164062,235.8476161482776,231.0556214374442,232.86287886168802,8812600
2020-04-13,231.1012725830078,232.70772215189635,227.6236657429315,232.42476931174534,7666400
2020-04-14,238.15689086914062,238.80494141637047,234.77053776246825,235.7106776300614,6631100
2020-04-15,232.97242736816406,234.48759552128064,231.02824778355676,232.82638270139097,4888900
2020-04-16,234.1498565673828,234.85267034342328,231.29291898560592,234.13161143150606,6165700
2020-04-17,240.6121826171875,240.9681716958564,236.86075967831337,239.42560806529883,6738800
2020-04-20,236.27659606933594,240.14671013572686,236.0210248639757,236.99768291327717,6498700
2020-04-21,229.05667114257812,233.20060123584346,228.1895536243227,232.0687760359362,6526100
2020-04-22,234.09510803222656,235.70157145586575,232.27871411212016,233.510943312972,5626800
2020-04-23,234.04954528808594,238.13868551389731,233.8487373051985,235.26350182882902,7665400
2020-04-24,237.4449005126953,237.95604280953629,233.611305431222,235.49158484927972,4768200
2020-04-27,240.8768768310547,241.7987715015337,238.75016253940606,239.15177836485222,3892200
2020-04-28,239.76329040527344,244.42749876894788,239.41643787134007,244.1445459870899,5849500
2020-04-29,245.942626953125,247.35739055408231,243.62421409092224,244.60087172779495,6773100
2020-04-30,243.79769897460938,245.14856316241767,242.09084575017562,244.6921841032571,7386600
2020-05-01,237.1529083251953,239.91856532802714,236.16711359547017,239.27051462480432,4790700
2020-05-04,237.90133666992188,238.13863488639188,234.14988557243012,235.41863297984602,4128900
2020-05-05,240.0919952392578,242.6203261679337,239.690379284895,240.46622955378578,4437200
2020-05-06,238.476318359375,241.981306408828,238.3576831949644,241.61620870985416,3021400
2020-05-07,241.29673767089844,243.0674907580662,240.87687671002254,241.37891041916245,3410200
2020-05-08,245.33120727539062,245.6598147916333,243.1405926360865,244.1902592491722,3201100
2020-05-11,245.36766052246094,246.62727126712133,243.18615510276112,243.50562603665122,3469300
2020-05-12,240.42965698242188,246.80982831607048,240.35662072261246,246.42648544517147,5159900
2020-05-13,236.16702270507812,240.87685786014558,233.9946539626652,239.93671812806912,5617500
2020-05-14,239.01486206054688,239.14266158607506,231.8132139501438,233.96731005043696,7737600
2020-05-15,240.0919952392578,240.1558671620872,236.00282727446273,236.89734060103044,3385900
2020-05-18,247.43048095703125,248.90917264150912,245.58671941822982,245.82404546422683,6759200
2020-05-19,245.09388732910156,248.49848635272534,244.92959749444145,247.0015491342386,4921100
2020-05-20,249.09169006347656,249.90405817604105,247.9872605169442,248.1972049163544,4896200
2020-05-21,247.30271911621094,249.72152287474296,246.39909737466917,249.00043606761312,3581300
2020-05-22,247.85948181152344,248.0146629641419,245.98833861533015,247.13842287835496,2296400
2020-05-26,251.04501342773438,253.5094437594135,250.59774298550033,253.3177723442667,4911800
2020-05-27,254.70516967773438,254.70516967773438,249.05519407797306,253.54597676834015,5152400
2020-05-28,254.20321655273438,257.43438911554694,253.57341102298676,255.59973580235385,4630600
2020-05-29,255.3441619873047,255.8918225974547,251.3371392472966,253.77421642763505,7049300
2020-06-01,256.4576416015625,256.9322657803917,254.2670277571078,254.72340680200114,3888200
2020-06-02,258.5661315917969,258.5661315917969,255.99214688399596,257.2061308410483,4343900
2020-06-03,261.9798278808594,262.81044111999165,260.0721667358855,260.3186292577622,5568100
2020-06-04,261.31365966796875,262.64627938512024,259.40599759298874,261.04895188234366,3818600
2020-06-05,267.99493408203125,269.61053399779456,266.16941759790257,266.18769059005325,6015500
2020-06-08,271.244384765625,271.3812929337851,268.24140228651294,268.74340818815716,5559700
2020-06-09,269.31842041015625,270.5324043616206,268.013182926844,268.7981415738144,4686400
2020-06-10,267.6390075683594,270.53246382729515,267.0639653444415,269.7474771526086,5602600
2020-06-11,252.2133331298828,261.88857487749857,251.73868107504515,261.37740469801935,7748200
2020-06-12,255.25283813476562,259.3602502451754,250.55213873499753,258.6300547898377,6232200
2020-06-15,257.5804138183594,258.6300803347723,248.9730815313563,250.01363940591833,4431400
2020-06-16,262.6188049316406,264.8824554206007,258.15540371649263,264.7455193988973,5295000
2020-06-17,261.4139404296875,263.80536243417987,260.93931619805,263.5406826144123,2662800
2020-06-18,261.65130615234375,262.0711671845859,259.7253715918545,260.1087423466312,2756300
2020-06-19,260.1087646484375,264.94637306888745,258.9221898600784,264.73645646235485,3479500
2020-06-22,261.8338317871094,262.1350576241083,258.5479242010413,259.54282740245526,2518000
2020-06-23,263.0203552246094,265.09230590875785,262.6552575864779,264.2525841265719,2503600
2020-06-24,256.29339599609375,261.68780057893713,254.63216930117323,261.1218670674059,4532300
2020-06-25,259.0042724609375,259.31460690238146,253.9475842976194,255.8096188014524,3897400
2020-06-26,252.9344482421875,258.2375997827347,252.39592416843408,258.0550369740977,4479000
2020-06-29,256.62554931640625,256.6438892927737,252.05637520417122,254.0473686386088,3464600
2020-06-30,260.0478210449219,261.4424432700279,256.12091004258394,256.2493738790919,5215700
2020-07-01,261.82781982421875,262.8737866570159,260.52498127806683,260.91031684806774,3712600
2020-07-02,263.1490478515625,266.12174877719866,262.5710164493619,264.93819000123375,3661100
2020-07-06,267.23193359375,267.52551327471116,265.9841149497793,266.69061018201694,3573800
2020-07-07,264.4610290527344,267.61724129399374,264.13992543513746,265.7730794902104,3420300
2020-07-08,266.42449951171875,266.5804593264525,263.58941887953887,265.15834101580083,2434200
2020-07-09,265.0666198730469,267.2686215459337,261.86454325705637,267.01172181742976,3164600
2020-07-10,267.727294921875,267.91999066199037,263.6352404407421,264.90139873310125,2712400
2020-07-13,265.30511474609375,271.99371804190264,264.80047140280965,269.83758084778447,3657900
2020-07-14,268.8558044433594,269.1218880558401,262.9837929952487,264.04809944521236,4053100
2020-07-15,271.24139404296875,272.26899283838765,269.1494884951611,271.75519344067817,6601400
2020-07-16,270.4522399902344,270.7641875242377,268.9658902105888,269.5622613197115,3082900
2020-07-17,271.1679382324219,271.90195726398804,269.5164444113334,271.32392602661815,2246000
2020-07-20,273.425048828125,274.0397600925807,270.2963605718157,270.9661197704027,2539900
2020-07-21,273.99395751953125,275.57206398469975,273.1039783851053,275.12246842196646,3305500
2020-07-22,275.5536193847656,275.7646551208383,273.5167619321178,273.6177018058795,4121100
2020-07-23,272.25982666015625,275.8197427200063,271.01203604122315,275.18666342070463,3487100
2020-07-24,270.49822998046875,271.4065489528711,269.1036075582303,270.5349099389721,2851000
2020-07-27,272.47076416015625,272.60838395820474,270.42472316263877,271.1036941662762,2253300
2020-07-28,270.7825927734375,272.8010820360279,270.4706451964907,271.74595946695086,3135600
2020-07-29,274.05810546875,274.57190481158017,271.4890807546351,271.58083663727564,2370800
2020-07-30,273.05810546875,273.4709930959733,269.44316873250546,271.3423790177983,2951700
2020-07-31,275.3426513671875,275.3426513671875,270.8835723006106,274.7462800269991,4460300
2020-08-03,277.0767517089844,277.8382949605947,276.2877124843951,276.76480401554403,3767700
2020-08-04,278.241943359375,278.241943359375,276.37022957011715,276.37022957011715,2129200
2020-08-05,279.97589111328125,280.2052667455222,279.20519234894635,279.48043190765344,2615100
2020-08-06,281.85687255859375,281.9394444509493,279.1502280870983,279.4529916924019,4088200
2020-08-07,282.00372314453125,282.22394291583726,280.1320370882414,280.9669682211814,3319600
2020-08-10,282.90283203125,283.0496358506822,280.6824907622561,282.4807885503609,2118200
2020-08-11,280.6181640625,284.535889920508,279.9025131844575,283.98538278356233,3571200
2020-08-12,284.4625549316406,285.16902195544947,282.7743532643858,282.82021720101136,2947400
2020-08-13,283.9762878417969,285.1415062655096,283.10464902093474,283.7835921024723,4074200
2020-08-14,283.9762878417969,284.4441952088199,282.9027972939963,283.64597228864204,2097600
2020-08-17,284.893798828125,285.22408639085614,284.508435338309,284.82956691316184,2183400
2020-08-18,285.49017333984375,285.84798487027336,283.7652636035117,285.27913761679434,2415800
2020-08-19,284.2790832519531,286.51779247404806,283.79280785534854,285.8480053051543,2498300
2020-08-20,285.1781921386719,285.5910515482011,282.60916781288574,282.6917396947916,2409300
2020-08-21,286.1966247558594,286.3526125426168,284.5818389633469,284.86626257452656,2316200
2020-08-24,289.10516357421875,289.16939549591854,287.5178735091615,288.42619240190004,2349600
2020-08-25,290.11444091796875,290.1694888543884,288.5546747194979,289.646505458434,2890800
2020-08-26,293.0778503417969,293.26136206274646,290.1601987784179,290.6189500808344,2606000
2020-08-27,293.6650695800781,294.97709160345664,292.1970597917023,293.8026893727476,2295900
2020-08-28,295.57366943359375,295.69294933731936,293.5551790627781,294.64701018152834,3538700
2020-08-31,294.5367431640625,296.19742101680646,294.33489142505675,295.41756602515875,5068000
2020-09-01,297.28924560546875,297.3626615090604,294.4633493163815,295.2615722681704,3008000
2020-09-02,301.6199035644531,302.4732025673939,297.9865998098805,299.05090656626385,5273100
2020-09-03,291.1787109375,300.4913879014748,288.83908971007753,300.03263644512003,6892000
2020-09-04,288.8482971191406,293.2339602774848,281.581661141314,291.55491413110724,5133900
2020-09-08,280.9118347167969,284.9671812701978,280.6182271111313,283.82948679819685,4278300
2020-09-09,286.45361328125,288.70150690571865,283.77452011246487,284.56355927862325,3339800
2020-09-10,281.4440612792969,288.74737773525675,280.59079016069256,288.14182236077176,3589000
2020-09-11,281.6550598144531,284.04972902417546,279.0768788185594,283.0955181360256,3690100
2020-09-14,285.3158264160156,286.9489801631327,284.0680081373407,284.4992355424764,3056100
2020-09-15,286.78387451171875,288.3344565788523,285.82047971263125,287.6096214823901,2570900
2020-09-16,285.62786865234375,289.1786009310564,285.38015291195825,287.9216262484083,2313400
2020-09-17,283.13214111328125,284.6735388545993,280.719104649216,281.1962239500709,2848300
2020-09-18,279.8384704589844,283.948894793586,277.59057646350414,283.9121868263197,3420800
2020-09-21,276.8014221191406,276.8564700471728,272.3423439487893,275.68206758254706,4536800
2020-09-22,279.5998840332031,280.0586355804125,275.8656677188975,278.1043495093048,2741500
2020-09-23,273.12225341796875,280.3429966781171,272.6543459843151,280.09528097794754,2755800
2020-09-24,273.8746337890625,276.59043471294285,270.7000813847985,271.86530006498447,3130700
2020-09-25,278.26031494140625,278.9576261969871,272.24149736683376,273.03053652448995,2683800
2020-09-28,282.92120361328125,283.52675893609745,281.1504295935124,282.058776577721,2437900
2020-09-29,281.3077697753906,283.3441155898036,280.70885611440605,282.72675564675853,2303900
2020-09-30,283.47314453125,286.329534895832,281.8146098005053,281.9896807922251,4304500
2020-10-01,285.2698974609375,286.66121405256075,283.57449837731133,285.7858872638092,3005700
2020-10-02,282.6162414550781,284.33005883616846,280.3034821855382,280.7734125536025,3125100
2020-10-05,287.554931640625,287.7484488688636,284.4313521194937,284.4313521194937,2364500
2020-10-06,283.53765869140625,289.618999749889,283.040087009705,287.71166506948225,3389800
2020-10-07,288.4026794433594,289.1490227859824,286.1912907200565,286.2004857420231,1707800
2020-10-08,290.9549560546875,291.02868493858756,289.3701224827991,290.2086127913483,1731700
2020-10-09,293.5441589355469,294.0233123738192,291.95013017329455,292.5214025472347,2794100
2020-10-12,298.2802734375,299.66239505021804,295.46074759710206,295.90303663613287,2194300
2020-10-13,296.3728942871094,298.289451715312,295.5067626238637,298.2065278053415,2229700
2020-10-14,294.5209655761719,297.8933181450322,293.8667409879362,296.8982027855775,1902100
2020-10-15,294.1707763671875,294.576200961038,290.45747738390776,290.8997383085908,2481700
2020-10-16,293.9219665527344,296.88892200608853,293.8390426321564,295.4515178107329,1669600
2020-10-19,289.480712890625,295.6726174672929,288.7067002141278,295.1289583418335,2229600
2020-10-20,290.6233215332031,293.62714149869663,290.04282595760543,290.6878272903443,3066600
2020-10-21,290.0981140136719,292.5674979225073,289.86776040756405,290.6233269842386,2607700
2020-10-22,291.6921081542969,292.2357391730951,288.3934294797393,290.3007636754195,2362400
2020-10-23,292.687255859375,292.86232683135773,290.46664395310273,292.86232683135773,1429300
2020-10-26,287.29705810546875,290.31929683790645,284.1273896642119,289.60981772609733,3335800
2020-10-27,286.347900390625,287.91431588546357,286.15441126880717,287.6470978757797,2196100
2020-10-28,276.4887390136719,281.71314127578904,276.0740914160251,281.1510921654023,5650500
2020-10-29,279.4005126953125,282.18317420038426,275.21728323538457,276.7191932820594,5365200
2020-10-30,276.25848388671875,279.05956353573214,273.079592824007,277.8617360126062,5892100
2020-11-02,279.4741516113281,281.3169800961184,277.00476819034856,279.52943421632534,4080400
2020-11-03,284.4038391113281,286.32036914253985,282.0357967965481,282.478085935755,3378300
2020-11-04,290.80755615234375,294.5300778288193,287.4812639988675,288.5777492745637,5750200
2020-11-05,296.501953125,298.1236233777994,295.33173881901433,295.7187452466691,3950300
2020-11-06,296.465087890625,297.5431551281898,294.3273997001622,296.1794516716526,3640600
2020-11-09,300.1600036621094,308.8581589986759,299.7177145686207,308.08414605523575,8097300
2020-11-10,299.7729187011719,300.65746853720884,296.7506809853242,299.24770581254614,4120800
2020-11-11,301.8829650878906,302.6845910124835,300.53770811235927,301.6894759624829,2773500
2020-11-12,299.09112548828125,301.70793905917014,297.3680850269732,301.0629377193065,2532700
2020-11-13,303.15460205078125,303.8180216339539,300.2797932301465,300.7957831149096,1996100
2020-11-16,306.83099365234375,306.9415588806923,304.44453374270137,305.5870785947509,3018800
2020-11-17,305.3014831542969,306.3703273699685,303.3757301851492,304.7394337953522,3052100
2020-11-18,301.5973205566406,306.03854401233923,301.5696792537766,305.5686137443191,2647800
2020-11-19,302.8596496582031,303.2282097313872,299.83741206716394,301.0813269185749,2962200
2020-11-20,300.8324890136719,302.83197003968985,300.7495651166473,302.60161650817906,3516800
2020-11-23,302.6109313964844,303.69819364622475,300.4363787776676,302.481919882446,2222600
2020-11-24,307.5128173828125,307.9827477013516,304.1588837576475,305.00656921616127,2659700
2020-11-25,307.0060729980469,307.4483620428222,306.0477941273685,307.4483620428222,2256900
2020-11-27,307.8813781738281,308.3144158868709,306.99680022727614,308.01958469068563,984700
2020-11-30,306.499267578125,307.4114587408933,304.10358476387177,307.1995233280146,4175700
2020-12-01,309.8716125488281,311.2537339752178,308.9686445466263,309.5214987410487,3224200
2020-12-02,310.52587890625,310.61799785166056,308.3513262794386,308.8765392410925,2270300
2020-12-03,310.4337158203125,311.71446716038463,309.4846601530068,310.4337158203125,2851100
2020-12-04,313.1058349609375,313.13347626904215,310.93131040514027,310.97736987886907,2907000
2020-12-07,312.5252380371094,312.93988564356914,311.35505221432203,312.4238959800308,1943100
2020-12-08,313.4282531738281,313.92582470814034,311.29978865174684,311.3366530926331,1948200
2020-12-09,310.6456604003906,314.1378006864818,309.8348112395103,314.00881729416113,2545800
2020-12-10,310.49822998046875,311.43806253141935,308.52638969674615,309.3556570204479,2738600
2020-12-11,310.10205078125,310.33240441520405,307.5405194964542,308.95950575502656,2387900
2020-12-14,308.6830139160156,313.0873731491636,308.57244869901047,312.138317544092,2654600
2020-12-15,312.9491271972656,312.9491271972656,309.8162964737373,311.1062988278157,2757400
2020-12-16,313.4282531738281,314.23910215735043,312.3225449018742,313.12417074534255,2943200
2020-12-17,315.1329040527344,315.3540344797494,314.16540219587955,314.9117455063873,2627000
2020-12-18,313.87054443359375,315.58436133656664,312.08299864830155,315.4830192725397,6025700
2020-12-21,312.9031066894531,313.6310319248341,307.85374575183505,310.3599939962924,3918100
2020-12-22,312.2860412597656,313.2204561828638,311.29608942312353,313.1464540220105,2371900
2020-12-23,312.53582763671875,314.3306835409967,312.424810279229,313.2112208738783,3682200
2020-12-24,313.7847595214844,313.8032529988413,312.49874287010516,313.05385776829536,1447500
2020-12-28,316.5140380859375,316.83785747128695,315.57036249813257,316.1717252227431,2798800
2020-12-29,315.84796142578125,318.0498713213563,315.3668486169721,317.9203604965906,2555500
2020-12-30,316.2735595703125,317.25425050202705,316.014509668243,316.67138116379033,2009100
2020-12-31,317.975830078125,318.60494711380437,315.6998900759222,316.24574411284846,3507000
2021-01-04,313.66455078125,319.2711532022622,310.2783802103071,319.2063836656975,5402600
2021-01-05,315.7276306152344,316.77309083332165,313.07236268961594,313.0815953106409,3299700
2021-01-06,317.642822265625,320.5756625393758,313.91433877729605,314.36769729739825,4805000
2021-01-07,322.3889465332031,323.0736004862686,319.68743061348647,319.87245009282327,3638900
2021-01-08,324.202392578125,324.3874120967259,320.7052046287182,323.7027862326889,3758500
2021-01-11,322.0836486816406,323.64720868788663,321.22323610570174,321.37124039536087,2975000
2021-01-12,322.1114196777344,323.0273409682543,320.0852685171212,322.2409304964648,2298400
2021-01-13,322.9163513183594,323.8692878820822,321.3342976169852,322.0651712470563,3039900
2021-01-14,321.8246765136719,324.10987797951464,321.54710487634037,323.6750411585867,3497400
2021-01-15,319.5301818847656,321.09374211038687,317.8278499716705,320.36284024392984,3622100
2021-01-19,322.0558776855469,322.5092078556764,320.4460417170445,321.7783061295838,3433800
2021-01-20,326.431884765625,327.24604927383524,323.7858783482498,324.1096976277845,2920600
2021-01-21,326.7374572753906,327.3665746033631,325.941785638213,327.0150007335169,2580800
2021-01-22,325.5716247558594,326.6263460624089,324.7297055289614,325.09054015519825,1812200
2021-01-25,326.8946228027344,327.21844222801826,321.93565963426624,326.32101434131073,3549000
2021-01-26,326.40423583984375,328.1158283835244,326.2192163591565,327.7272677100592,2430200
2021-01-27,318.4848327636719,323.4068107180685,316.4031720210302,323.3883172313819,5010400
2021-01-28,321.1585388183594,324.803759367502,319.7244893015941,320.0853239538801,3432200
2021-01-29,314.728515625,320.31662475732435,313.2389856385666,319.47470545590926,5803600
2021-02-01,319.90020751953125,320.8994200080159,315.85716622252517,317.9203324890139,3334000
2021-02-02,324.49835205078125,325.97864901810186,322.888544274765,322.93479208480284,2955200
2021-02-03,324.8221740722656,326.40422752829437,323.7027116576513,325.38654982463584,3392800
2021-02-04,328.4582214355469,328.47674315215954,325.59017879299176,325.77519831884985,1988300
2021-02-05,329.7718811035156,330.41025895535614,328.7356817597498,330.19745692663776,2091800
2021-02-08,332.20513916015625,332.20513916015625,330.34551412803876,331.141185405673,3371100
2021-02-09,331.9368591308594,332.4456980326362,331.0024161004961,331.41875937236387,1891200
2021-02-10,331.8072814941406,333.6298629042706,329.64233079755564,333.55586076838097,2400000
2021-02-11,332.343994140625,333.1581590997679,330.14205570139507,332.79732444246986,2237200
2021-02-12,334.0370178222656,334.1665568811128,331.54827547676746,331.63156671992334,2144500
2021-02-16,333.7225036621094,335.2583096872563,333.0471386447086,335.0547684493616,4408500
2021-02-17,333.7965087890625,333.9630348162817,331.1412402736663,332.168179009173,3211800
2021-02-18,332.3717346191406,333.00085179430477,329.8182224872922,331.43729147986977,3010500
2021-02-19,331.7610778808594,333.7224596047309,331.34476283625634,333.5004249142759,2487100
2021-02-22,329.152099609375,331.39105321822205,328.95781923027215,329.21686914718373,3291000
2021-02-23,329.5683288574219,330.8080693330839,323.3788590996575,327.2276195574194,5251100
2021-02-24,333.2136535644531,333.6022143110792,327.6995750777629,328.57848130372736,3301200
2021-02-25,325.22003173828125,333.31537586279217,323.8877671321876,332.16815898755806,7049200
2021-02-26,323.4344177246094,327.94931104049294,321.6950708011803,327.02412890967474,7579500
2021-03-01,331.3262939453125,332.50129358304434,327.97713840350764,328.02338622661904,3721100
2021-03-02,328.76348876953125,331.7980851486497,328.5877018990134,331.56678960684394,5462600
2021-03-03,324.4244384765625,329.03185663367697,324.3319145969114,328.1621829867398,6317600
2021-03-04,320.4275207519531,326.60772954786,316.3382322474697,324.26702028838235,6604500
2021-03-05,326.30255126953125,327.2647487778275,316.9582042888921,323.6010065004268,8721300
2021-03-08,324.7018737792969,329.7348662260004,324.42433046706907,327.1721221953822,5663500
2021-03-09,329.24456787109375,331.6407862563378,327.7272838238606,328.20836837848213,6075100
2021-03-10,331.2798767089844,332.91743844337043,330.17890803244427,331.4926504676756,7231400
2021-03-11,334.77716064453125,336.5442619075853,333.21360058021423,333.6761916469514,3340700
2021-03-12,335.2490234375,335.33231468542783,332.7603091837373,333.5281980209894,4847300
2021-03-15,337.1919250488281,337.4602358149904,333.48196331432746,335.53586910033994,3154800
2021-03-16,336.81256103515625,338.4131363694851,336.07242658554355,337.80251274311087,3698400
2021-03-17,337.91351318359375,338.66290845249324,334.56435838000465,335.6838208551986,5011600
2021-03-18,332.9453430175781,337.46949792511583,332.3994888597894,335.59137902365484,5067500
2021-03-19,332.3531799316406,334.14803548590294,330.41955270757813,332.7417406070812,5382800
2021-03-22,334.9806823730469,336.30368597078126,332.84351402768624,332.87126836070456,3417600
2021-03-23,332.51983642578125,335.7857294301911,331.6871778459034,334.4812187535068,4954600
2021-03-24,330.6786193847656,335.1657302642796,330.6786193847656,333.72244835632995,4099000
2021-03-25,332.5382080078125,333.2876032784193,327.6440148423568,329.43884220868955,5487300
2021-03-26,337.963134765625,338.2973612281393,333.07950700375926,333.65513813401026,3322600
2021-03-29,337.7588806152344,338.58518160411177,335.2706274676767,336.6261770308174,3143300
2021-03-30,336.8953857421875,337.46175166799736,335.41916226424365,336.6168637025301,3696200
2021-03-31,338.23236083984375,339.64361478385854,337.38750117668457,337.38750117668457,7470300
2021-04-01,341.816162109375,341.93686443895024,339.8385706081933,339.99641865468715,5132000
2021-04-05,346.7462158203125,347.3032882630338,344.2765497135573,344.3508411506569,3764100
2021-04-06,346.55126953125,347.5446838028274,346.00349057136845,346.34701056876173,3583500
2021-04-07,346.9875793457031,347.31251225937,346.04984131721346,346.439800481043,2768900
2021-04-08,348.6773376464844,348.6866311587784,347.29396434085794,348.13885227712854,3949400
2021-04-09,351.18414306640625,351.32340407896953,348.4730725750347,348.5566575164511,2627500
2021-04-12,351.34197998046875,351.5555040816799,350.0978394172813,350.67349880744933,2747500
2021-04-13,352.29827880859375,352.92032076006547,350.877759849086,351.295542876072,2985500
2021-04-14,351.16558837890625,353.28244079563297,350.6735139063213,352.3075570288206,3691100
2021-04-15,354.9350891113281,355.167200258087,353.0689064245449,353.1153173203446,3573800
2021-04-16,356.17919921875,356.6619802007766,354.84223675511316,356.11420129793487,3252500
2021-04-19,354.4244079589844,355.6778137488409,353.1524434786119,355.2414436837465,3945700
2021-04-20,351.8247375488281,353.8858853342291,350.459923091821,353.2638150939586,4106700
2021-04-21,355.1300964355469,355.28794450087145,351.082091158794,351.21205868269345,3640100
2021-04-22,351.8712463378906,355.70572746652965,350.914949434182,354.9629830431402,3965000
2021-04-23,355.6221008300781,356.94976968409384,352.30754711714826,352.4096907472376,3781100
2021-04-26,356.39276123046875,356.94056852543343,355.8914215037125,356.27208722254204,3125200
2021-04-27,356.2813415527344,356.8755597300462,355.33433820826116,356.708446492883,3370600
2021-04-28,356.1142578125,357.60906855907103,355.81714869923456,356.61562589939984,3960400
2021-04-29,358.490966796875,359.0665978229306,355.4178179315451,358.7509301097348,4209900
2021-04-30,356.12353515625,357.228386599757,355.34364501975386,356.4392029495544,5219200
2021-05-03,356.9312438964844,358.3239107949462,356.48558028877954,357.971097313915,4180800
2021-05-04,354.75872802734375,355.55717687468507,351.3699105153294,355.1486589371064,5485600
2021-05-05,354.8236389160156,356.4391232422238,354.14586424632245,356.2627165245485,4410700
2021-05-06,357.7110900878906,357.79464669148484,353.059574150674,354.9071979430694,4737300
2021-05-07,360.26434326171875,360.8678265619217,357.7575316037933,358.3981606200658,3516600
2021-05-10,356.7362976074219,360.84930060146036,356.6063017563269,360.61718943926115,5942700
2021-05-11,353.6073913574219,354.42442712636955,349.97719796065684,352.5768314674175,7081500
2021-05-12,346.0592041015625,352.1312120544378,345.5021316133847,350.98924320425124,7707400
2021-05-13,350.1721496582031,351.92689512298426,347.3961095222874,347.4332269038712,7179100
2021-05-14,355.5478820800781,356.32777216852804,352.63255234417306,352.63255234417306,5167900
2021-05-17,354.6936950683594,355.3621763243889,352.80895363361924,354.57299273501116,3781600
2021-05-18,351.6298522949219,355.1022262171068,351.45344554481153,354.8979672608676,3128300
2021-05-19,350.701416015625,350.80353132924074,345.95704900996816,347.2940116038284,5086300
2021-05-20,354.44305419921875,355.585023035129,351.36990453961926,351.4813133690853,4776700
2021-05-21,354.17376708984375,356.94054223237015,353.74669050203124,355.80783867296066,3567500
2021-05-24,357.7482604980469,358.7509681442766,356.0027802121294,356.2348913494295,2962500
2021-05-25,356.9962158203125,359.08521601587387,356.46699563730607,358.75096125096724,4031800
2021-05-26,357.6461181640625,358.14748615593936,356.58770610774377,357.5347093511741,2642700
2021-05-27,357.803955078125,359.1037717445337,357.74825067341305,358.6395494826821,3015900
2021-05-28,358.50030517578125,359.5587172485044,358.3238984413474,359.3358996192742,3370100
2021-06-01,358.2218322753906,360.8122011109107,357.80404913023307,360.70079227220197,4389000
2021-06-02,358.8253173828125,359.53091608684076,357.88757917020683,358.7974651752046,3209200
2021-06-03,357.4604797363281,358.48174617271724,355.31577488570014,356.68058963917997,3391000
2021-06-04,360.70074462890625,360.9792666888893,359.08526001324066,359.13167091194384,2628100
2021-06-07,360.3943176269531,360.87709857157313,359.54013621152626,360.7192505380924,2500600
2021-06-08,360.449951171875,361.23910618250926,358.78802789351965,361.1648431032736,2386600
2021-06-09,359.8836669921875,361.2856273102636,359.68870157285284,361.2391880830743,2968100
2021-06-10,361.5455627441406,362.42756798612197,359.8464935051463,361.03490128774206,2611800
2021-06-11,362.1769714355469,362.27911508103705,360.9143003072184,362.0934148168089,2241500
2021-06-14,363.0868225097656,363.0868225097656,361.16493546180436,362.28834545096277,2252200
2021-06-15,362.32550048828125,363.20753418048514,361.54561043438105,363.16109495075426,2405000
2021-06-16,360.3385314941406,362.63179022555585,358.39808615738525,362.48326405989513,4194300
2021-06-17,360.2085876464844,361.0813276798319,357.9153287646245,359.8836264283017,4065300
2021-06-18,355.4272155761719,357.8040317997873,355.14866515900616,357.2562528134111,5211100
2021-06-21,360.4035949707031,360.589295212375,356.1977423351318,356.98692586141914,4389800
2021-06-22,362.3161926269531,363.10537616232193,359.7444114200878,360.4593035243814,2705400
2021-06-23,361.9262390136719,363.15179254440085,361.81483020794695,362.4183134615419,2404200
2021-06-24,363.99676513671875,364.4331353172392,363.64397992032633,363.8482389055462,2987800
2021-06-25,365.343017578125,365.7329768490572,364.45171853099043,364.7859450484587,2862800
2021-06-28,366.1043395996094,366.22504195019457,364.7209376589237,365.8350826893721,2418500
2021-06-29,366.26544189453125,366.99208396115887,365.799644969001,366.4424470006318,2927600
2021-06-30,366.60076904296875,367.16905602456757,365.85550540118425,365.85550540118425,3795900
2021-07-01,368.66900634765625,368.77149647288854,367.2436686421026,367.32750869184184,3414500
2021-07-02,371.4730224609375,371.7524892249638,369.4048831171844,369.70299995213657,4363100
2021-07-06,370.7742919921875,371.6965606560809,368.25897763431743,371.4916089052175,4331300
2021-07-07,372.0506896972656,372.3208599165497,369.5446995731982,371.39859095794975,4747800
2021-07-08,369.08819580078125,369.730997877127,366.1350305782949,367.23433300580757,5817100
2021-07-09,372.98223876953125,373.24308391983857,370.2340538698629,370.4296806250961,3332200
2021-07-12,374.3330383300781,374.52866507332124,372.5164189957159,372.9169975180666,2929200
2021-07-13,373.0660400390625,374.96649932523127,372.8051949158618,373.64362363829366,4313100
2021-07-14,373.57843017578125,375.0317141956942,372.46983130508045,374.55659227111215,3332200
2021-07-15,372.3766784667969,372.9915337923289,370.59733088002696,372.3953001081814,4483900
2021-07-16,369.4794006347656,373.4573243264914,369.0415788447958,373.42005261437123,4516600
2021-07-19,363.9550476074219,365.4269816862982,361.39316473733845,364.9798064414524,12336200
2021-07-20,369.09759521484375,370.308656177514,363.33102543921433,364.5793581264271,4043100
2021-07-21,372.1996765136719,372.283516545591,370.0942653899679,370.2899205610996,2996600
2021-07-22,372.9915771484375,373.15925723034985,371.4265061906086,372.3673967146658,2575700
2021-07-23,376.7179870605469,377.0626722924725,374.109506797069,374.6591722766178,3151900
2021-07-26,377.6774597167969,377.68678475273447,376.19622893208725,376.2893940015004,2374300
2021-07-27,376.00054931640625,376.78311310461794,373.3827730869884,376.78311310461794,3626100
2021-07-28,375.795654296875,377.0719333140829,374.5379969217474,376.5222963578395,3763700
2021-07-29,377.4165954589844,378.34818924594214,376.6899534423568,376.6992500478358,2274200
2021-07-30,375.5720520019531,376.85765605368897,374.9385750121084,375.0503617244354,5204500
2021-08-02,374.80816650390625,377.6308949230651,374.4448596614351,377.0905829627267,5814700
2021-08-03,377.83587646484375,377.9104199045455,373.49467350695846,375.5068914990291,4129600
2021-08-04,376.02862548828125,377.165142904751,375.74913022308925,376.65277756355584,3880200
2021-08-05,378.3761291503906,378.40407582629973,376.71789337648346,377.0160102061711,3052800
2021-08-06,379.0282287597656,379.32634559026195,378.38545521211245,378.6369752959767,2486900
2021-08-09,378.6649169921875,379.20522886411896,377.9382749961498,378.925762107945,1984400
2021-08-10,379.14007568359375,379.7828777151299,378.44138029540125,379.07485729083197,2400700
2021-08-11,380.0529479980469,380.1554380859703,379.07478601050383,380.090219705472,3554400
2021-08-12,381.16162109375,381.3293011648956,379.1307533076844,379.9226137725231,2319300
2021-08-13,381.9162292480469,381.9162292480469,381.1895871395089,381.61814080530576,2253800
2021-08-16,382.8291931152344,382.8944115103373,379.2984443330952,380.751728518305,3379100
2021-08-17,380.3045349121094,381.06842019662025,377.5842685948718,380.47221496749086,5186300
2021-08-18,376.2148132324219,380.7889419157171,375.9353464819088,379.36360462813104,4878300
2021-08-19,376.745849609375,377.8078517508469,373.5038929717505,373.65295139037545,5505700
2021-08-20,379.72698974609375,380.01581002119076,376.60617281155817,376.9974263429968,3263600
2021-08-23,383.09002685546875,383.89118392576546,381.2361641783961,381.25478582073265,3259400
2021-08-24,383.695556640625,384.1520285321341,383.2111380706559,383.723503319085,3006500
2021-08-25,384.4035949707031,384.94390692275556,383.50927278834513,383.8725796252448,3261400
2021-08-26,382.1584167480469,384.4315079359324,382.13979510650216,384.19860948168173,4707600
2021-08-27,385.5494384765625,385.9872887475218,382.9037152075707,382.9689336038814,3882200
2021-08-30,387.3194580078125,388.0647216962567,386.0431790156085,386.2946991137112,2811800
2021-08-31,386.657958984375,387.56160602266016,386.2201088023196,387.226245932567,6062900
2021-09-01,387.06793212890625,388.09269108297104,386.7605186576813,387.5896224273412,3256400
2021-09-02,388.22308349609375,388.88450711493493,387.0772129198034,388.28827345345474,2835500
2021-09-03,388.0740966796875,388.53056861536135,386.7605458050028,387.1517993412972,3740000
2021-09-07,386.63934326171875,387.81316045497584,386.0710847348145,387.79451038525156,3542500
2021-09-08,386.2667541503906,386.85366281188914,384.4408382046078,386.17358908142484,4012600
2021-09-09,384.5339050292969,387.6081811670922,384.3476033551768,385.9965138995518,3887800
2021-09-10,381.56219482421875,386.7046110478315,381.4131648272916,386.32265415948433,4035500
2021-09-13,382.4565124511719,384.4780550015277,380.379048119299,384.30104991168275,4738300
2021-09-14,380.47222900390625,383.98432741112026,379.6151501948053,383.83526899084245,3657700
2021-09-15,383.64898681640625,384.05889038553846,379.8108246963393,380.8262585830569,3891400
2021-09-16,382.987548828125,383.99368614580175,380.3045823176285,383.13660726148413,3351500
2021-09-17,379.23321533203125,382.68012397977714,378.94442351035394,382.27954544390064,5396100
2021-09-20,373.0380859375,375.0969286356967,368.5105538684947,373.6715628769518,10942700
2021-09-21,372.6747741699219,376.270712422261,372.1158122302359,375.1155452622325,6418100
2021-09-22,376.270751953125,378.0873713404614,373.81135896210316,374.65911278086094,6004800
2021-09-23,380.8169250488281,382.2515875087757,377.7333517430232,377.9569251648378,4098000
2021-09-24,381.4504699707031,382.0746504577581,379.11218837112165,379.3171401876181,3417700
2021-09-27,380.3697509765625,381.5528933407055,379.7083273149471,380.4815661178105,3546600
2021-09-28,372.76800537109375,378.10602034574686,372.0133881391369,377.8079034676886,8234300
2021-09-29,373.35491943359375,375.53266779755063,372.7941242720515,373.9531085454327,4724200
2021-09-30,368.6255798339844,375.2802765102152,368.56950317280916,374.65407761935,9511200
2021-10-01,373.037109375,374.6540624352879,367.10208243987097,370.3359885604468,8482200
2021-10-04,368.447998046875,372.8688983701255,366.3450376613569,372.1024792951625,8820400
2021-10-05,372.0276794433594,374.18671625572665,368.9900703281077,369.70973975782255,5523200
2021-10-06,373.68206787109375,373.87833620267133,367.3731862184777,368.8592749183066,6590000
2021-10-07,376.8972473144531,379.51425336946613,376.5233933813408,376.7290173230366,4409200
2021-10-08,376.18695068359375,377.96280699777026,375.67290502837227,377.6356740702519,3960900
2021-10-11,373.44830322265625,378.289777562671,373.44830322265625,375.6447337894877,3695700
2021-10-12,372.7006530761719,374.7194983861323,371.8688017555869,374.373654288543,6201300
2021-10-13,373.89703369140625,374.682135512075,370.82203016803356,373.5231797563107,6492400
2021-10-14,380.1778869628906,380.35547257838226,376.86922107605864,377.31786292412613,3785200
2021-10-15,383.14068603515625,383.4491362009534,381.59852077584856,382.19670987119696,3501600
2021-10-18,384.3089294433594,384.5706299955112,380.8974666489165,381.5236939647196,3402700
2021-10-19,387.2998962402344,387.2998962402344,385.2062913965404,385.76705803451074,2838300
2021-10-20,388.8047180175781,389.0196976055001,387.5522914916307,387.63640649823566,3208200
2021-10-21,389.7580261230469,389.97297715886793,387.823295661298,388.23454354272945,2579500
2021-10-22,389.365478515625,390.6833372146628,387.5990064880487,389.35612289687117,3648900
2021-10-25,391.3842468261719,391.74877360689993,388.7485299482408,390.34680018543304,2511500
2021-10-26,391.7580871582031,393.9825561404168,391.48703098625384,392.8048893796634,3085300
2021-10-27,390.05712890625,392.8237110098674,390.01040785664156,392.2348774640081,2873500
2021-10-28,393.8703918457031,393.8984301714521,391.38422237748597,391.4122607032349,3643600
2021-10-29,394.57147216796875,394.9079321568184,391.49646860592117,391.7581692161022,4637400
2021-11-01,395.4032897949219,395.8893255811101,393.748971158588,395.53415435988853,3937300
2021-11-02,396.9361572265625,397.1885022334245,395.3659534707409,395.49678952211156,2989200
2021-11-03,399.3288879394531,399.71209755078434,396.00153892566635,396.42214249311627,3562900
2021-11-04,401.1981201171875,401.31027344377776,399.5998781668234,399.8896171015904,4287300
2021-11-05,402.5627136230469,404.47876142886327,401.2448549438934,403.34781545937136,4942900
2021-11-08,403.0486755371094,404.0861221767567,402.36637153768663,403.65619164779474,3511600
2021-11-09,401.6374206542969,403.5347572253945,400.34760030604997,403.3571716108836,4696000
2021-11-10,398.4034729003906,401.64670591691697,397.0482205056214,400.11386793874425,6350700
2021-11-11,398.5342712402344,399.8614851817779,398.5249441473526,399.74933188143723,3634600
2021-11-12,401.4971923828125,402.05798750786005,398.8427925490272,399.71200930507723,3655500
2021-11-15,401.68414306640625,402.8431273739797,400.6373406130323,402.7870507084938,3122300
2021-11-16,403.2169189453125,404.3197978935698,401.40369764647846,401.4504186860803,3267000
2021-11-17,402.2449645996094,403.19832502178946,401.74960167320916,403.0581048256598,3764900
2021-11-18,403.63751220703125,403.92727964468463,400.777488486832,403.2449755915193,4732200
2021-11-19,402.8804931640625,404.6937147450097,402.254294224498,403.64691229069535,4886200
2021-11-22,401.8149108886719,406.95547982417554,401.637325316315,404.6375402903526,4868300
2021-11-23,402.3384094238281,403.10482855084393,399.1325697750818,401.49723091713577,6795200
2021-11-24,403.32904052734375,403.5346644272164,399.7586748673828,400.55313214067354,4569600
2021-11-26,394.552734375,398.64647295065913,393.3937502432249,397.40340235663723,7702500
2021-11-29,399.31951904296875,400.9458280629028,396.8053103881621,398.8241561029825,6300800
2021-11-30,391.6740417480469,398.74934213942936,391.27214948864133,397.03891834755484,8657600
2021-12-01,387.16900634765625,399.3007610657726,386.9166613770778,396.7304762247227,8337000
2021-12-02,393.0760192871094,394.47799292310293,386.9727618660131,387.33728870252025,10417700
2021-12-03,389.59906005859375,395.5340865220587,385.7950320337449,394.5340053124007,10228900
2021-12-06,394.253662109375,395.9734129080223,389.74864692287,392.00115451612254,7289500
2021-12-07,402.35711669921875,402.9272675315634,399.03912351680196,399.0765174705367,4731900
2021-12-08,403.4880065917969,403.89925445595816,401.18874939037926,402.78701980378,4476500
2021-12-09,400.74017333984375,403.13287285009244,400.59995315063003,402.3290597597279,5035400
2021-12-10,404.5628662109375,404.6656639201715,400.91774044746563,403.24500756506177,6238300
2021-12-13,400.9737548828125,404.38521784325076,400.73073702855356,404.10480604451607,5923900
2021-12-14,398.24456787109375,400.2540574098998,395.54344723639167,397.97351168896324,6522900
2021-12-15,404.4693908691406,404.68437042669893,395.98278974150514,398.26330726378956,6871300
2021-12-16,400.8148193359375,406.38531863336925,399.42220164238455,406.1610120312453,7159500
2021-12-17,396.6556396484375,400.7680888890376,395.0480424834588,398.02021898467615,8882700
2021-12-20,392.3656921386719,392.7582573222654,389.0944201938937,391.9825110970097,9903400
2021-12-21,399.3290710449219,399.47916645093915,393.5411368291753,395.5392407693583,6916700
2021-12-22,403.36273193359375,403.45654512934306,398.9819391070048,399.10389339870204,4992200
2021-12-23,405.8486328125,407.21821379414564,404.1882223500212,404.2257533520266,5032700
2021-12-27,411.63653564453125,411.645925551934,407.07750657835044,407.1056476727923,4986300
2021-12-28,411.3269958496094,412.93109553607763,410.5577677416122,412.0774441422419,4865800
2021-12-29,411.8241271972656,412.70591958555787,410.44515643070343,411.34570000444893,4596700
2021-12-30,410.660888671875,413.09049834011984,410.2387722977187,412.18059350212843,3751800
2021-12-31,409.5353088378906,411.2332218798281,409.36646225010867,410.1544416208611,5185600
2022-01-03,412.04931640625,412.06806759445516,408.6628804441603,410.81105091826913,6017300
2022-01-04,411.88043212890625,413.9348178461791,410.1449883485378,413.2969053446046,6262200
2022-01-05,403.99127197265625,412.1994259681552,403.8693176757086,411.6084343000362,7539600
2022-01-06,403.4471435546875,406.0268489104701,401.4021476342221,403.55973656299153,7971500
2022-01-07,402.0494384765625,404.6478951298882,400.7455295097681,403.56911493370154,6157500
2022-01-10,401.5240478515625,401.6741432146549,393.77554292002543,399.0381560235764,10481500
2022-01-11,405.0418701171875,405.2013554034658,398.475347585259,401.19575833721893,7282400
2022-01-12,406.25201416015625,408.1000224504405,404.44153687336626,406.71166159883154,8270300
2022-01-13,400.65167236328125,407.79979632364774,399.7042078446251,407.2088047378628,7521300
2022-01-14,400.7736511230469,401.10195435496706,396.62734849005443,397.69676735398974,9960800
2022-01-18,393.7475280761719,398.66305975328777,391.48676425407285,396.44918822254374,10681500
2022-01-19,389.61053466796875,396.3740735564512,389.36665472404735,395.08891585689497,8184100
2022-01-20,385.32354736328125,395.63297847127416,384.8826511384279,391.3366092265939,8907600
2022-01-21,377.7532653808594,386.421065579426,377.72512428779,384.33853880899267,16225900
2022-01-24,379.3292541503906,379.8076813985545,362.884806138661,372.65955691025096,22970700
2022-01-25,374.7232971191406,379.22607268124005,368.41007295466,373.5132014150459,16836300
2022-01-26,373.8790283203125,382.9220816418429,369.9203521722501,380.5393640271353,14377300
2022-01-27,371.98419189453125,380.8302304517591,370.3707020817666,377.97847502338567,12455200
2022-01-28,381.1022033691406,381.1678468352816,368.9447357110731,373.1848513050857,12096800
2022-01-31,388.07208251953125,388.3347422617136,379.3104692144493,380.54873455377947,9200400
2022-02-01,390.6049499511719,391.21469279915834,385.45490022469585,388.6818795810377,8154900
2022-02-02,394.32904052734375,395.0982686000732,390.7456171723841,393.0345215760689,6726500
2022-02-03,385.1640319824219,390.6423840034815,384.41358378196696,388.9163302402241,7658300
2022-02-04,386.9745788574219,390.4642180120544,382.79077356070604,384.929582808528,8210000
2022-02-07,385.6988220214844,388.94455267753506,384.5168386621873,387.640643646681,5620900
2022-02-08,388.82257080078125,389.73250439917865,384.0008817594949,385.2860395099828,5565700
2022-02-09,394.52606201171875,394.8074729553201,392.4435351457694,392.6311328989148,6284500
2022-02-10,387.5936279296875,394.7417512769735,385.67997649803294,389.2352583592838,9260500
2022-02-11,379.86395263671875,389.4886077465226,378.5787949413312,387.56553752938675,10458600
2022-02-14,378.6257019042969,380.848934339782,375.4550048707585,379.3855401131901,10167600
2022-02-15,384.7044372558594,384.88267373771885,382.227906325455,382.9033212494046,6815000
2022-02-16,385.1640319824219,386.38354609286586,381.158463898213,382.9220486598222,7743800
2022-02-17,376.9746398925781,382.715680413895,376.38367694993025,382.25600439926063,7541000
2022-02-18,374.5638427734375,378.3348926385596,372.41564376466255,377.246722586686,10570800
2022-02-22,370.46441650390625,375.57690566092816,367.2655788304372,372.46249126222494,10414700
2022-02-23,363.7947082519531,373.6538814565661,363.39134304470963,373.1097821571432,12154900
2022-02-24,369.38555908203125,369.7608117573432,354.1230983670146,354.36700688041543,21277200
2022-02-25,377.4530029296875,377.5937083683042,369.0384741672949,370.49250670702617,11665200
2022-02-28,376.5056457519531,377.903396514044,371.4775791293092,372.5845003984747,11855900
2022-03-01,370.8584289550781,377.03097618794493,368.4663500470115,375.23925016985964,9124400
2022-03-02,377.6688537597656,379.0759657122031,372.20925251364446,373.09104496072655,8185200
2022-03-03,375.77392578125,380.4267965963277,374.17921607378736,379.93897946294356,8745300
2022-03-04,372.7345275878906,373.75702538277835,369.0103705859266,372.349913598073,6317700
2022-03-07,361.7309265136719,372.4156097643591,361.6840342355882,372.1623399327312,8411500
2022-03-08,359.001220703125,368.41947064480274,358.0068637516242,361.8717271673094,9356100
2022-03-09,368.5695495605469,370.398806704726,364.6484041250369,366.67464894346404,5812600
2022-03-10,366.9278869628906,367.734646033688,362.59398673898545,364.38571272330097,6394800
2022-03-11,362.2468566894531,369.7795938694685,361.79657061807137,369.2448845274081,5872800
2022-03-14,359.6015625,366.10241348902105,358.5790644826544,363.1005915385548,6455000
2022-03-15,367.49072265625,368.07232432481055,360.81163611911103,361.96544954939566,5739400
2022-03-16,375.70831298828125,375.74581536486033,366.36506822178285,371.00854950871354,7407300
2022-03-17,380.3048095703125,380.445515028303,373.63508458392795,373.9540551257245,5177500
2022-03-18,384.50738525390625,384.8732194364634,378.2691666880821,378.96336131151344,5875000
2022-03-21,384.52618408203125,386.25223800658296,381.26167398669,384.4605119857195,4159500
2022-03-22,388.9913635253906,389.78870394411064,385.73624388189774,385.73624388189774,4231700
2022-03-23,383.9820861816406,388.0064344699509,383.94458380740843,386.63685348854557,3742600
2022-03-24,389.6897277832031,389.7650425959818,384.7859062147832,385.80245511800183,2977300
2022-03-25,391.6662902832031,391.8921772530792,387.98606187000024,390.41446169289696,3638000
2022-03-28,394.36761474609375,394.424086486767,389.37908615874653,391.0827173588131,3395300
2022-03-29,399.3562927246094,399.76101656311704,395.553698266614,398.1044350716754,5510600
2022-03-30,396.871337890625,399.0926652213184,394.93239801403337,398.3867396723403,4794300
2022-03-31,390.7720947265625,396.8901151364464,390.6591225291463,396.23123991032566,5876600
2022-04-01,391.8545837402344,392.325200785832,388.6073146359366,392.1934142254559,4663100
2022-04-04,395.1771545410156,395.28067650752706,391.2898529949774,391.97696424939454,5117200
2022-04-05,390.29217529296875,396.09018138920277,389.20034017833495,393.9629829137793,4112000
2022-04-06,386.33892822265625,388.40965466575767,383.6846699763699,386.62131567808876,5540700
2022-04-07,388.2873229980469,389.95329710390166,383.77880337390064,385.5295138305937,4954100
2022-04-08,387.3460388183594,389.87796065438874,385.8871375630338,387.6472406014534,4752800
2022-04-11,380.63507080078125,385.02122522864937,380.1926896172529,384.49413642157543,3342800
2022-04-12,379.2420654296875,385.63302444263286,377.7831353047111,383.39288263430734,6615800
2022-04-13,383.524658203125,384.21176943383466,378.8279092563504,378.91261687807867,4358700
2022-04-14,378.8655700683594,384.7577052000794,378.6961548105355,383.75999927175576,3735700
2022-04-18,378.9314270019531,380.4656431570557,376.9077794631391,377.95253551034557,4305900
2022-04-19,384.9836120605469,385.68953772873164,378.7149886801633,378.92206135846504,3841500
2022-04-20,384.6917724609375,387.2143016235336,383.71290969999797,386.6777913045938,5067100
2022-04-21,378.98785400390625,389.36966359138165,378.18779938092166,388.14607091447436,4670200
2022-04-22,368.6436767578125,378.2725100009595,368.11658806597484,378.0654373917248,6326400
2022-04-25,370.6579284667969,370.90265849243207,362.3750809630288,366.53534777791947,8141200
2022-04-26,360.0596923828125,368.5778493023962,359.9655632301385,368.39901252957094,8493000
2022-04-27,360.99151611328125,365.9047593035725,359.08081202395607,360.96328023902265,6415700
2022-04-28,370.0367431640625,371.693295447518,361.3114857275269,365.4152808443968,7030200
2022-04-29,356.44537353515625,368.4461085921404,355.7864981600004,366.53540447321154,8221900
2022-05-02,358.68548583984375,359.80555674066886,350.44968728918053,356.53008038628394,10737000
2022-05-03,360.23858642578125,362.4316495383941,357.66900664261436,359.19380149611527,5607700
2022-05-04,371.166259765625,371.721584450019,357.9325103245323,360.8221059693194,7367500
2022-05-05,358.1301574707031,367.3730833285413,354.2334631902633,367.2883757055085,10477300
2022-05-06,355.880615234375,358.8737327472798,351.0332654148874,355.7959076131628,7959600
2022-05-09,344.3975830078125,351.6074403214691,343.07986089188563,350.47794780828156,10793200
2022-05-10,345.28228759765625,351.28736529587064,341.58324475913787,350.0449294843402,7870800
2022-05-11,339.7196350097656,349.5367003046241,339.0984170235998,344.4634631705497,8026900
2022-05-12,339.4560852050781,342.3739167698093,333.21569829117715,336.81121958239953,7679200
2022-05-13,347.4659729003906,348.80250919491016,342.27037117212075,343.2963128620273,5377400
2022-05-16,346.2235107421875,349.52725127038644,343.9739764211721,346.10114572644943,4719800
2022-05-17,353.1510314941406,353.48986196879673,348.33188896917665,351.7015229961269,4513300
2022-05-18,339.164306640625,349.34846693162973,337.90305633963015,349.17905168019456,6883600
2022-05-19,336.8959045410156,340.9432282856531,334.93815030964186,336.18058617864784,6359500
2022-05-20,336.98065185546875,340.67972402502517,329.20607703637063,340.17144952343483,8755900
2022-05-23,343.37164306640625,344.08699024360976,337.76189532843966,339.8702507254337,5254900
2022-05-24,340.8961486816406,341.86561862506574,334.7969702896785,339.64432000680404,5567300
2022-05-25,343.7386779785156,345.58348862774363,339.09837239734253,339.35252396798273,5704600
2022-05-26,350.572021484375,352.1438949652815,344.7457804956466,344.91522445273716,4248300
2022-05-27,359.3630676269531,359.4195393592625,352.7744307652025,352.9062172900426,3911800
2022-05-31,357.3677062988281,360.3514306178846,354.7699200779747,357.88540221605894,5016500
2022-06-01,354.3746032714844,360.15379385613545,352.1156474018412,359.1842952547063,4245800
2022-06-02,361.1044616699219,361.1891692931807,352.2098165375116,354.28993588425254,3273700
2022-06-03,355.2593994140625,358.23370260367074,354.35582272487295,356.83124426849326,2749500
2022-06-06,356.2288513183594,360.4549830024115,355.2311455253501,358.9207669082038,2659500
2022-06-07,359.7114562988281,360.1255728854,352.6898290818281,353.11339592552577,2649900
2022-06-08,355.7771301269531,359.7679829372967,355.0900474979672,358.1396373204663,3436400
2022-06-09,347.40948486328125,356.20060722230255,347.3341700556324,354.12988087470313,3022000
2022-06-10,337.2159118652344,342.31741304144794,337.1782831847457,341.60206597359195,7629700
2022-06-13,324.2174987792969,330.2225770949739,322.89977674862774,328.59423171739127,10399700
2022-06-14,323.4079895019531,326.9093809290824,320.5560517953206,326.01519719095484,7584200
2022-06-15,328.03887939453125,332.1050173673443,321.87380788246645,326.43879875072764,7887600
2022-06-16,317.2618408203125,320.8102836611477,314.90875515615886,320.4714531131209,8821900
2022-06-17,318.0900573730469,320.8384447021496,314.59805838056116,317.48765379592743,7084000
2022-06-21,325.88348388671875,327.0788408203775,322.94680944657773,323.0221242580653,5628300
2022-06-22,325.1963195800781,328.9706767935699,321.5537489030817,321.9772869328606,4876100
2022-06-23,328.6130065917969,329.0647804947423,323.9162584726197,327.2011556967323,6708800
2022-06-24,338.84423828125,338.86305262044897,331.28613044855496,331.34260219033393,5458600
2022-06-27,337.5735778808594,339.92666294725905,336.5570577708152,339.7854835881117,4608600
2022-06-28,330.2790832519531,341.5174221774792,330.2790832519531,338.91960652910967,8797800
2022-06-29,330.4416198730469,332.0671486496839,328.7120872502681,331.1882209715569,3775900
2022-06-30,327.83319091796875,330.63065237480885,323.64644445175134,326.8880998596683,7159600
2022-07-01,331.1976318359375,331.56620226081594,324.7237539003687,327.1526442486519,7481500
2022-07-05,331.7836608886719,331.82147260630796,323.95830816761645,326.510065533089,6180600
2022-07-06,332.9838562011719,335.20482553182075,329.7705529858363,331.94427930936087,5450900
2022-07-07,337.8700256347656,338.6260868826477,334.5622072019777,334.57166734118977,3737500
2022-07-08,337.6715393066406,339.33487969574367,335.00637601841163,336.36730923615045,4791300
2022-07-11,333.8533630371094,336.0459808643172,333.15400499504085,335.3560541188404,3491700
2022-07-12,330.7723693847656,335.41276936853717,329.25078681306275,333.2390717398511,4080300
2022-07-13,329.2319030761719,331.7269572827475,325.4609990304821,325.8106781029439,5603500
2022-07-14,328.3623962402344,328.8444018457196,322.3232513311072,324.55368093193215,4624800
2022-07-15,334.5716857910156,334.6661718207954,330.59283177629055,332.416879389649,4520500
2022-07-18,331.8025207519531,337.98342369128295,330.7062406218386,337.36912033713116,3544900
2022-07-19,340.8092041015625,341.2628581013291,334.7984400245488,335.4600151689728,3620200
2022-07-20,342.9924011230469,344.23989918759366,339.71293455588864,340.89429817746026,4270600
2022-07-21,346.4609375,346.4892890788835,340.2422508491419,342.4631918260899,4604000
2022-07-22,343.3042907714844,347.6422548111905,341.1872962532541,346.5554059769879,4533900
2022-07-25,343.64447021484375,344.42891177200516,341.6030993591643,343.86185149347915,3902200
2022-07-26,339.5238952636719,342.32135616492536,338.76783410394427,342.2363014475973,2987200
2022-07-27,348.417236328125,349.9955220778456,342.3308482461738,342.58601242196744,4500300
2022-07-28,352.82135009765625,353.3789502808858,345.8843861877704,349.1355012684098,4345300
2022-07-29,357.99102783203125,358.81325238702203,353.39787057596465,354.1539606808153,5246400
2022-08-01,356.9136047363281,359.14403445883147,354.8249617350929,355.46761668287485,4421400
2022-08-02,354.6075744628906,358.78488923700945,353.4167794542322,355.45815056675735,4132600
2022-08-03,360.14581298828125,361.1192555070235,356.21423119982023,356.4788555104913,3854800
2022-08-04,359.86224365234375,360.58052194986385,358.3690127537929,359.9662186468249,3410600
2022-08-05,359.1156311035156,359.7960976683145,355.86451627635256,355.9684624256144,2852100
2022-08-08,358.7943420410156,362.8298700137492,357.78308780263495,360.8168216758901,3450800
2022-08-09,357.37664794921875,358.5769028787595,356.39374544426096,358.20830362369446,2360500
2022-08-10,364.86181640625,365.0224945610676,362.0643552197077,363.8505621495248,3651000
2022-08-11,364.86181640625,369.1997804836772,364.2380529070145,367.5175197161223,3575400
2022-08-12,371.10882568359375,371.1560686879302,365.8352027465385,366.647995851059,3664400
2022-08-15,372.6966552734375,373.08414605866125,369.0202373046325,369.0485888819957,3203900
2022-08-16,373.3487243652344,375.09714833211194,370.8914822097756,371.64754340750784,3864800
2022-08-17,370.79693603515625,373.16912326867634,368.8595113534074,370.05976633496243,3222300
2022-08-18,371.9405517578125,372.38474568178015,369.6912594035198,370.8726231542966,3258100
2022-08-19,366.8086853027344,369.4833087727167,365.9864608124476,369.24703604139813,2899000
2022-08-22,359.077880859375,362.4802142657674,358.2745477320216,362.3762392568237,4153700
2022-08-23,358.227294921875,360.90188971818606,357.73582915101525,358.71873185084684,2869200
2022-08-24,359.31414794921875,360.62780943541117,357.4145058185279,358.09497248908224,2241200
2022-08-25,364.5499572753906,364.5499572753906,359.7961507582386,360.79794489841777,2631300
2022-08-26,352.0558776855469,364.8523897880235,352.0558776855469,364.37984426111666,5153200
2022-08-29,349.73089599609375,352.5661688581355,348.5306408675754,349.46627168264536,4953200
2022-08-30,345.9316101074219,351.05401531495386,344.03196822868733,350.91222861089915,5044500
2022-08-31,343.20977783203125,348.540104713467,343.17196611774017,347.42487545603524,4062500
2022-09-01,344.2682189941406,344.6746299622933,338.824515540728,341.27229727773374,6126800
2022-09-02,340.6580505371094,348.86143320729684,339.07973593204275,347.74623278846923,4544200
2022-09-06,339.514404296875,342.3874883583493,337.3974101683581,341.51799214591875,5680300
2022-09-07,345.600830078125,346.2624052385394,338.99465397983397,339.1553032798387,4137000
2022-09-08,347.859619140625,348.2471098758372,342.3780745421316,343.4271404529522,3692000
2022-09-09,353.22772216796875,354.04048649393593,349.6647398752662,349.9104438955967,2621600
2022-09-12,357.112060546875,357.72639275168797,354.891119837982,355.18409573171397,2961400
2022-09-13,341.5370178222656,350.18459540340655,340.4974118697923,349.0599347150796,5549200
2022-09-14,342.8128662109375,344.17379954795837,339.7885634971383,342.67107948850304,3555500
2022-09-15,338.9851989746094,343.9847379391333,337.7754837695591,341.32903480271915,3807500
2022-09-16,336.320068359375,336.90604900472044,333.32414605024394,335.09146159998994,4452300
2022-09-19,338.900146484375,338.900146484375,333.3808190223941,333.4280620312135,3412600
2022-09-20,335.08203125,336.8115640797829,332.5113823558647,335.8664729987315,3624000
2022-09-21,329.18463134765625,339.57117181211277,329.18463134765625,336.8115223488224,5102400
2022-09-22,326.4060974121094,329.4020487869231,325.7445509699038,328.4663890174855,5555600
2022-09-23,320.98126220703125,323.29671786100425,316.8984621489215,323.29671786100425,10491500
2022-09-26,317.8719177246094,322.8998089919908,316.671662483899,319.65815363876715,5405700
2022-09-27,316.9740295410156,323.0698481321409,314.7908431738705,321.13242345380536,5795700
2022-09-28,323.2002258300781,324.7380041748387,316.27069255234574,317.8084708971063,8683900
2022-09-29,316.46051025390625,320.18154862983016,313.755145887311,320.0391671302765,7230100
2022-09-30,311.6382751464844,319.1278598170453,311.4674173666942,315.69158483591303,7736600
2022-10-03,319.8778076171875,321.4725383324276,313.3469725333258,314.95120500468937,5739000
2022-10-04,329.588623046875,329.70252825242636,324.7664525429877,324.7759542997071,5110000
2022-10-05,329.01910400390625,330.9461068272151,323.5609235475539,325.7062350491017,4755800
2022-10-06,325.5542907714844,330.31953726925013,325.1081427720674,327.6616238159351,3879600
2022-10-07,316.4129943847656,322.11798722317866,314.818263833954,321.8711733395653,5168100
2022-10-10,314.0494384765625,317.68507724374655,311.9800832495938,317.4952159150018,3933900
2022-10-11,311.98004150390625,316.63135374805057,310.26190389312296,312.49264384790916,4968100
2022-10-12,311.0118713378906,313.80263598454644,310.8220100022233,312.4452172377202,3235100
2022-10-13,319.1564025878906,320.5422975938987,303.636180378199,304.55695278609113,6396900
2022-10-14,311.9705810546875,322.9249192198946,311.38205149268487,321.43459180077735,4879400
2022-10-17,319.8967590332031,320.9409382243942,317.48565962241037,317.5900920259128,3889500
2022-10-18,323.66522216796875,327.4906919910265,320.6276157561995,327.18692555609726,4903300
2022-10-19,321.425048828125,324.3297761437645,318.8525932791018,321.83324773513374,4403200
2022-10-20,318.7861328125,325.04170634787084,318.0457200906092,321.00739994693964,3459100
2022-10-21,326.44659423828125,326.91174576029414,317.1724456606031,318.4729116334625,4362400
2022-10-24,330.4239501953125,331.5061075321513,325.4688712171312,327.9179488906248,5639400
2022-10-25,335.7967224121094,336.0625108852324,330.3670187736489,330.38599331859666,5203400
2022-10-26,333.2907409667969,338.09396667150446,332.65476047670205,332.9015744411554,4277700
2022-10-27,331.506103515625,335.83467487299714,330.90807225448816,334.18296258776945,4145300
2022-10-28,339.242431640625,339.8119865311472,331.2402737835215,331.32570267178505,4388100
2022-10-31,336.9358215332031,338.80584254149056,336.08147456905874,337.1351556394108,6431000
2022-11-01,335.578369140625,340.56192450592044,334.41081185219684,340.33411410208464,8014300
2022-11-02,327.01617431640625,339.0051899285249,326.930745410399,334.87595232555043,5022500
2022-11-03,323.5324401855469,326.36121190215187,321.7003970422322,324.0165663202528,4534800
2022-11-04,328.2691955566406,330.35752533554506,322.7445611167834,328.82924881879654,3655400
2022-11-07,331.420654296875,331.9617039567975,327.585682024587,329.44620108056625,3316600
2022-11-08,333.2242431640625,335.91060400827666,329.4651977771246,332.4363505881625,3237200
2022-11-09,326.41815185546875,332.4458870054173,325.9340257395312,331.3637295624444,3570800
2022-11-10,344.282958984375,344.5867254729385,336.42318214758757,338.42608268347146,4603600
2022-11-11,347.576904296875,348.3932442664163,343.3812123348981,345.2322588705173,4877400
2022-11-14,344.7861022949219,349.12417565949744,344.47286298079064,346.0675937902723,5274300
2022-11-15,347.6338195800781,350.97516418611787,344.18804256544166,349.9404866998905,4597800
2022-11-16,344.9949035644531,346.96932784932477,344.43485038283677,346.1909660360082,2755100
2022-11-17,343.9981689453125,344.5676948556073,340.3720328163583,340.5903414257165,3278500
2022-11-18,345.5169982910156,347.0358018871751,342.8970917806289,346.9123949307266,2574400
2022-11-21,344.30194091796875,345.2796657868989,342.5553270243833,344.3588935147012,2397900
2022-11-22,348.8868408203125,349.0197205614157,344.7765781331174,346.0106187023901,2316000
2022-11-23,351.0701904296875,351.5637894018342,348.3933017261139,348.5736613247163,2590900
2022-11-25,351.0321960449219,351.54479851021205,350.32976120014337,350.64302952789967,1423400
2022-11-28,345.4790954589844,349.6842604849117,344.7196790748433,348.24138383943017,3553600
2022-11-29,344.8715515136719,346.6466419921095,343.1344390954411,345.46008108740284,2507800
2022-11-30,355.48406982421875,355.5790004701961,343.2957222748896,345.00438699618394,4748800
2022-12-01,355.5316467285156,357.86679061971114,353.1679975638526,356.7941348616297,4608600
2022-12-02,355.0190124511719,355.85435593900155,350.8992765850766,350.8992765850766,3596000
2022-12-05,348.6969909667969,353.3008526516837,347.41549951262454,352.4370329154456,3707000
2022-12-06,343.656494140625,348.95328896216574,341.66306614393557,348.45969008352955,3911000
2022-12-07,342.99200439453125,345.1562901731535,342.0237811934111,342.72621592939413,3338000
2022-12-08,345.69732666015625,346.61809890354715,343.24827817097867,344.7006272797533,3604500
2022-12-09,343.17236328125,346.8934307546144,343.0015054758775,344.57726171922053,4271400
2022-12-12,348.0705261230469,348.0705261230469,343.22935168446486,343.8938373996955,2946200
2022-12-13,350.6429443359375,358.047071618896,348.1843650389983,357.97111551053524,6161800
2022-12-14,348.5261535644531,353.87990112869477,345.7638363918375,350.3676983461969,4707100
2022-12-15,339.9544677734375,344.80511509936855,338.36920957596897,344.07420397277957,5126800
2022-12-16,335.9011535644531,338.7204235509447,333.9362306401743,337.60031696246244,4533100
2022-12-19,333.0059509277344,336.3567978490145,331.52512519853695,336.15746372321524,5538500
2022-12-20,333.51336669921875,334.9440585825312,331.1670110531856,332.34973613649123,5068200
2022-12-21,338.5016784667969,339.5031802043389,335.449553384882,335.9264506577593,3832400
2022-12-22,333.7422180175781,335.9740935278158,328.4295759687557,335.7165795061525,6458200
2022-12-23,335.6116638183594,335.6879836780491,331.30052318582574,332.8075056784709,4572000
2022-12-27,334.2763671875,335.77383157238216,332.73122471953195,335.50677027060374,4303200
2022-12-28,330.175048828125,335.9264283935405,329.91750568904075,334.22867537891943,4464600
2022-12-29,336.0313415527344,336.81346003688117,332.36877412654496,332.7884460396238,4086600
2022-12-30,335.106201171875,335.2492645446016,331.6916292102914,333.6278311411968,5325400
2023-01-03,333.8185119628906,338.6351914247324,331.1478991321146,336.8611186026837,4957300
2023-01-04,336.2220764160156,338.1773433113804,333.06501925096586,335.8310172154436,3119100
2023-01-05,332.5500793457031,334.59118496447525,331.9777966770969,334.5244414540173,3216500
2023-01-06,340.11358642578125,341.1437008137346,332.62629357755145,335.3446137972908,3464800
2023-01-09,339.8655700683594,345.0160834829698,339.7606666484492,342.154700078185,3775300
2023-01-10,342.2882080078125,342.3645278636524,338.5588682329161,339.39821200217625,3495700
2023-01-11,346.6566162109375,346.71384155127174,343.0417269731714,343.7570728348469,5710500
2023-01-12,347.95379638671875,349.2318776236192,343.9383293782665,347.6390569844412,4743500
2023-01-13,349.3081359863281,349.7850331895988,344.7680652967929,344.9683539720679,3015200
2023-01-17,348.7740478515625,350.7293149348485,348.01099478656204,349.2700105131892,4942000
2023-01-18,343.1085205078125,350.6721042276276,342.96542804074835,349.72785694700104,3931800
2023-01-19,340.63818359375,342.7555794523133,339.40778053181594,341.22953152983507,3569900
2023-01-20,346.90460205078125,347.0953726007128,340.3901981863589,341.88766259157353,3265100
2023-01-23,351.12994384765625,352.90398776047374,346.8473864733548,347.66766493215755,3243300
2023-01-24,350.7579650878906,351.57821447448333,348.5356364712489,349.63249444268155,2702400
2023-01-25,350.8819885253906,351.14904986919936,344.9493845023862,346.97142454943855,3061700
2023-01-26,354.6302795410156,354.86872813160596,350.6243315760999,353.34265133032886,3460900
2023-01-27,355.6413879394531,357.7492658559138,353.6288953045181,353.7528932597513,5549500
2023-01-30,351.1966857910156,355.0881838849739,350.8628518744629,353.0470495607654,3280600
2023-01-31,356.18499755859375,356.2803828239742,351.3110928403658,351.5781541189333,4181700
2023-02-01,360.0860595703125,362.59454392378046,352.67508630756697,355.23124874610085,4941700
2023-02-02,365.24609375,366.64817292753827,361.8696528333262,363.6341786034594,5207900
2023-02-03,361.3450927734375,365.494105136421,360.3340728183658,360.75374477415045,6472500
2023-02-06,359.2562561035156,360.46756469457495,357.6920190812033,359.1799362398665,2880100
2023-02-07,363.8916320800781,365.06480968067643,357.3104564860405,358.42640875075557,4504600
2023-02-08,359.9048156738281,363.32893446006267,359.32301499632655,362.14623858612606,2921500
2023-02-09,356.8240966796875,363.39575568186086,355.7177205184602,363.36714300713084,3327700
2023-02-10,357.69195556640625,358.04488393499037,355.0022775541166,355.76530141012177,3256700
2023-02-13,361.8218994140625,361.90773741430496,357.8636586073575,358.29284860856984,2980600
2023-02-14,361.6884460449219,363.79635309122096,358.1021981030653,360.4962027819705,4718000
2023-02-15,362.8997802734375,362.9474583604878,358.94150939321827,359.72362795185205,2820200
2023-02-16,357.8541564941406,361.8982358112664,357.7587712237843,358.30244106806714,3077500
2023-02-17,356.92901611328125,357.14839934982,354.1630175968197,355.93706157991187,3285300
2023-02-21,349.8423156738281,354.1820692895128,349.5466416881002,353.2855000723054,3109200
2023-02-22,349.4035339355469,351.56866612617904,347.98238941420595,350.2142650995832,3872000
2023-02-23,351.1585693359375,352.49387594929095,347.3052310166879,352.0169786511289,2867200
2023-02-24,347.4006042480469,348.16362825563976,345.01611783994383,346.5231004425649,4055000
2023-02-27,348.60235595703125,351.73080087358244,347.7439466953707,350.509945030721,3300100
2023-02-28,347.28607177734375,349.90900642843707,347.22884644082865,348.14451004006173,3022200
2023-03-01,346.01763916015625,347.6677144653678,344.7491050199099,346.5517618621025,3764700
2023-03-02,348.60235595703125,349.4321525468864,343.8715432043805,344.1386045103971,2727200
2023-03-03,354.1249084472656,354.49690236593915,349.75654136332423,350.3192767647105,4913600
2023-03-06,354.5540771484375,357.1388523644227,354.143923348723,355.0595871221542,2638300
2023-03-07,349.0697326660156,354.7066618327967,348.50699738605766,354.45866594052745,3546100
2023-03-08,349.61334228515625,350.3286881191383,347.60084997715177,349.1936704006204,2906300
2023-03-09,343.21343994140625,351.8357511391002,342.26919261674476,350.37644658848666,4409600
2023-03-10,338.2918395996094,344.5487294374702,336.82301696915073,342.7269783778111,8360400
2023-03-13,337.71954345703125,342.0974858227968,333.5991733423372,334.55296784150215,6478700
2023-03-14,343.327880859375,344.8062798883951,339.19796323159596,342.2977955442996,4798800
2023-03-15,341.2104797363281,341.3440249553912,336.2793778266778,338.0820345315155,6610400
2023-03-16,347.0476989746094,347.4292401113736,338.5875452911488,339.1121498004486,5016700
2023-03-17,343.2516174316406,346.9809579422914,341.8590854165454,345.99855063388486,5189900
2023-03-20,346.3514404296875,346.78063053850093,343.1943826079092,343.81434328119616,3099800
2023-03-21,350.8819885253906,351.3874985371537,348.0206045099384,349.4894564546382,4117600
2023-03-22,345.0637512207031,354.0675730598187,344.94930054514174,350.78651785874285,4094800
2023-03-23,345.88409423828125,351.2730280084055,343.48051317215374,347.6390728424765,4787200
2023-03-24,348.1893615722656,348.2564091178944,342.5962693450417,344.76073012929845,3740400
2023-03-27,348.7639465332031,350.93796432492576,348.0360686701825,350.26757665450725,4144800
2023-03-28,348.15093994140625,348.80221283177025,346.38873573287435,348.17011307859957,2413700
2023-03-29,353.1024169921875,353.34184741792046,350.80389075062004,351.86694781174805,3636100
2023-03-30,355.2094421386719,355.7744944770171,353.4951119826879,355.53506403395477,3316700
2023-03-31,360.17041015625,360.4289844958624,355.93726734199,356.0617758405487,4159800
2023-04-03,361.5973815917969,361.9325900126857,359.356316451986,359.7202553531027,3525300
2023-04-04,359.55743408203125,362.4018685677404,358.3124076209156,362.20075520375764,2713300
2023-04-05,358.68585205078125,359.54782479801617,357.12479052892564,358.86782147721163,3227700
2023-04-06,360.05548095703125,360.2853248098233,356.9620293772547,357.87187667346734,3076200
2023-04-10,360.4481201171875,360.4768798260522,357.19187222661293,357.7569245147037,2671100
2023-04-11,360.4960632324219,361.7889934970861,359.8065023730909,360.96533755774794,3069000
2023-04-12,359.0594482421875,362.6125875871812,358.494395943026,362.4018876428035,3624200
2023-04-13,363.71392822265625,364.09704025160175,359.5670064781542,360.01713680755535,2680900
2023-04-14,362.9669189453125,365.20798410004716,360.79290132067115,363.2350798383403,2981700
2023-04-17,364.2024841308594,364.2408011906411,361.7124013374034,362.82336225224844,2721000
2023-04-18,364.4514465332031,365.77310723765055,363.2063907094801,365.69647312957756,3019300
2023-04-19,364.4322509765625,365.2080032158312,362.6604892123976,362.7179501762436,2671300
2023-04-20,362.37310791015625,364.00124627973366,361.00357307150944,361.8080556877917,2953200
2023-04-21,362.5838928222656,363.0723402931086,360.88873575779576,362.6700842769997,2762300
2023-04-24,363.0627136230469,363.4266525432946,361.2813653005881,362.4785174185889,2310400
2023-04-25,357.3259582519531,361.73148374649713,357.24932415161214,361.23344977631785,3795400
2023-04-26,355.7361755371094,358.83918470999987,355.29563170786724,357.8623190293285,3766900
2023-04-27,362.7945556640625,363.1010336233229,357.8718813130852,358.0825812566584,4302400
2023-04-28,365.8976135253906,365.9646610680667,362.01885180414365,362.0571688610087,3386900
2023-05-01,365.6485595703125,367.4203504810408,365.3899560174492,365.5910986090863,3069300
2023-05-02,361.54949951171875,364.99727397512487,358.82957360772235,364.94939958487817,4311600
2023-05-03,359.03070068359375,364.1257869308669,358.76253978780807,361.93259614516006,5513000
2023-05-04,356.40655517578125,358.2932388014625,355.2381335729826,358.0346644732248,4421500
2023-05-05,362.94775390625,364.0203974159204,359.55741127741464,359.854302633579,3139400
2023-05-08,363.14892578125,363.57032568900945,361.90389919845506,363.36921230537143,2957600
2023-05-09,361.5782470703125,362.5742565623075,361.3771044761489,361.7410433867164,2271000
2023-05-10,363.15850830078125,364.72915675344416,359.7586078205999,364.20242148829425,3512900
2023-05-11,362.6508483886719,362.8615483003682,360.74499184242507,362.4688789546004,2676600
2023-05-12,362.16241455078125,363.94379191199613,359.9500800091186,363.7905529498335,2531000
2023-05-15,363.41705322265625,363.78099213013473,360.97487467856024,362.72749245778806,3882600
2023-05-16,361.0131530761719,363.24463144688156,360.97483603018566,362.3922744582503,2275300
2023-05-17,365.322998046875,365.93592481029344,361.3292852180265,362.8329154822401,3222600
2023-05-18,368.8952941894531,369.26881973909053,364.8920238816414,365.141040914733,3340600
2023-05-19,368.31103515625,370.19774804346827,367.2288049765849,369.6997140621165,3649000
2023-05-22,368.51214599609375,369.90085411977174,367.2575329364271,368.39722407113896,2784000
2023-05-23,364.3939208984375,367.8704257173887,364.01080888075893,366.9893382223522,2887300
2023-05-24,361.6644287109375,363.2159330961728,360.6492461075774,362.8903112448446,3611600
2023-05-25,364.8153381347656,366.11782552949194,362.8998948643953,364.8823564364465,3315900
2023-05-26,369.5559997558594,370.2264165135349,365.4090784173472,365.50485641520675,3042800
2023-05-30,369.6709899902344,371.84503695685345,368.49301100358923,371.3661761063871,3968500
2023-05-31,367.6597595214844,368.87605543319006,366.2519075985972,368.06198622668427,4205300
2023-06-01,371.1842041015625,372.14192579593254,366.778678461991,367.9566866679109,3563600
2023-06-02,376.6336364746094,377.3040241128579,373.07091066305685,373.588059325531,7368900
2023-06-05,375.90576171875,378.0797794239156,375.22578750541254,376.9018004557509,3481200
2023-06-06,376.6815185546875,377.1412354913923,374.8618531746694,375.4747798629291,2894700
2023-06-07,375.446044921875,378.0702222167955,374.98635721797666,377.02630908606454,3942900
2023-06-08,377.6966857910156,378.04148078629964,374.7469159428306,375.38857308672016,3455400
2023-06-09,378.3287658691406,380.148431079978,377.4189186500499,378.3479097794684,3060100
2023-06-12,381.8053283691406,381.8340588504402,378.5873683268534,379.2386412818882,3792700
2023-06-13,384.32415771484375,384.86047954057096,382.5140496325037,383.1078324233198,3913100
2023-06-14,384.62103271484375,386.3832370995932,381.61377260909944,384.63059005705287,5161300
2023-06-15,389.5533142089844,390.6834188373628,383.9410788926543,384.0464142539711,5285000
2023-06-16,388.1167297363281,391.47834234971975,387.77196394385084,391.41129481428885,5141900
2023-06-20,386.3258056640625,387.2260664506822,384.2954402226984,386.4311410278369,4242900
2023-06-21,384.20928955078125,386.01936865907567,383.73042862313116,385.30107726760053,3423500
2023-06-22,385.60748291015625,385.6936743536758,383.04079583419815,383.3568311271032,3141000
2023-06-23,382.7151794433594,384.31458764660005,382.06393565949134,382.44701851898145,4215300
2023-06-26,381.1349182128906,383.91230528768966,380.9146609281643,382.1692740125806,3250700
2023-06-27,385.35845947265625,385.8947812638109,381.546745973189,381.9393861335362,4302400
2023-06-28,385.5308837890625,386.43114458396684,383.76867925341,384.38163521051456,4320700
2023-06-29,387.0077209472656,387.1615622210571,384.77706649062327,385.17127925304715,3914800
2023-06-30,391.5940246582031,392.49782386347243,389.6806768698387,389.7864262476645,5173700
2023-07-03,392.3439636230469,392.3439636230469,391.01710828613267,391.2478848722634,2372000
2023-07-05,391.468994140625,392.13242178581993,390.3729154282739,390.3729154282739,4230100
2023-07-06,388.2768249511719,388.7768163812788,386.09426259520666,388.2287623946862,6040300
2023-07-07,387.3730773925781,391.01708791238093,387.19998762644303,387.5076701637702,3673200
2023-07-10,388.41143798828125,388.5460307486306,386.5749965032179,387.1230504770146,3362300
2023-07-11,390.9017333984375,391.3247895723801,388.21917932780684,389.1806652972721,3177800
2023-07-12,393.978515625,395.29574675985805,393.04587302450403,394.39194756588364,4246400
2023-07-13,397.18988037109375,397.8725272288532,395.29575173971847,395.68996452862876,3273400
2023-07-14,396.87255859375,398.7378437479319,396.20913091817897,397.9975101043081,3680900
2023-07-17,398.2571105957031,399.25706425843447,396.7379756157861,396.75719477271826,2963700
2023-07-18,401.27618408203125,401.8338330460517,397.61292480488834,397.968669926687,3594000
2023-07-19,402.1415100097656,403.2183696095967,401.4107712774988,401.9684495759835,3494900
2023-07-20,399.5166931152344,402.0550304997322,398.8436704515706,401.2281371970026,4085000
2023-07-21,399.564697265625,401.22804907179193,399.4781670568262,401.0453644058098,3176700
2023-07-24,401.2569274902344,401.9972904671549,399.99738321521494,400.5358130117626,3471100
2023-07-25,402.4395751953125,403.4875914074297,401.0069704541413,401.0165653613665,3949300
2023-07-26,402.5357360839844,403.7183744383579,400.53582875344495,401.53578241871463,6138800
2023-07-27,399.8050842285156,405.89127722094844,398.9397527647784,405.54515637234226,4149400
2023-07-28,403.6990966796875,404.42021113423493,402.0549639391416,402.79529754927694,2701200
2023-07-31,404.4778747558594,404.75671387812173,402.9106480697313,404.1317539217853,3452100
2023-08-01,403.2279968261719,403.90101940990724,402.429947027487,403.11262320280144,3118000
2023-08-02,397.64178466796875,400.65124063812885,396.97835695955916,400.4204640381005,4973700
2023-08-03,396.5168151855469,398.2378833181655,395.2572708899065,395.8245441011914,3022300
2023-08-04,394.5745849609375,400.1031288386376,394.2380590303725,398.1993762097257,5717300
2023-08-07,398.132080078125,398.28592134764165,395.7860814091061,396.41104139373994,2598000
2023-08-08,396.4111022949219,396.8437534235733,393.37280277518886,395.90151584858154,3780100
2023-08-09,393.776611328125,396.8341593548604,393.10358867916835,396.76684828729674,3145900
2023-08-10,394.0073547363281,399.0647511253954,392.88240320980236,395.93992163665325,4588300
2023-08-11,393.6419677734375,394.6034537270106,391.65168480740766,392.2382064970431,2918900
2023-08-14,395.863037109375,395.8822562671461,392.58436616253147,392.82473767468514,2772900
2023-08-15,391.3247985839844,395.8533893886299,390.7575253700032,394.29578677698265,4686100
2023-08-16,388.43072509765625,392.3920427774322,388.3153514708239,390.9305946005145,3353700
2023-08-17,385.2866516113281,389.9594592507759,384.95012565990004,389.7190877629305,7102500
2023-08-18,385.6423645019531,386.5365393199051,382.52715966923273,382.83484219010444,4157700
2023-08-21,388.1903076171875,388.8152969255469,384.5847354945959,386.65195365199196,3292400
2023-08-22,387.1038818359375,389.78643611275606,386.5750762489755,389.73837354747786,2646100
2023-08-23,391.2767333984375,391.9690044814429,387.9307516068743,388.01728182447204,3250000
2023-08-24,386.0750732421875,393.32465611613304,385.9404511260841,392.86316164314394,3458800
2023-08-25,388.632568359375,390.1709221508061,384.31547720618454,387.5556796262684,4417800
2023-08-28,391.190185546875,391.74786386660526,389.49799011505536,390.7094425399056,3236700
2023-08-29,396.7475891113281,397.07449082365895,390.9113621670661,391.1132660071656,3482700
2023-08-30,398.4012756347656,399.04548408572236,396.5167715235063,397.1225123233948,3004500
2023-08-31,397.8917541503906,400.09356539298705,397.72831795559506,398.997486567747,4751100
2023-09-01,398.7378234863281,400.82426087375393,397.29559458528104,400.42042387088304,3588000
2023-09-05,396.9975280761719,398.5070680034904,396.8725302125794,398.24747736987484,4426700
2023-09-06,394.2572937011719,396.25720086641246,392.1227937637408,396.22835746221295,3744100
2023-09-07,393.08428955078125,393.66118699146074,391.19016104825425,391.48824868875386,2245800
2023-09-08,393.62274169921875,395.0168787020627,392.75738088243446,393.0746876731813,4124400
2023-09-11,396.20916748046875,396.49763090728896,394.4881285386811,396.0168878714815,3346600
2023-09-12,394.0842590332031,396.27644592231394,393.52661006815714,394.88230883858705,7595300
2023-09-13,394.5457458496094,395.55529431006516,393.23810976461795,394.2380633187618,2529700
2023-09-14,397.9590759277344,398.54559768459427,395.5746092685988,396.7764668483167,3660900
2023-09-15,392.9976806640625,396.77634200586215,392.74771431884477,396.45903527300806,4004000
2023-09-18,393.430419921875,394.53612284448303,392.4400906131431,392.8438982617096,3014600
2023-09-19,392.6420593261719,393.06511554178024,390.08450287443975,392.4978422849931,3623300
2023-09-20,388.9691162109375,394.0553849306379,388.757588135386,393.69001558721067,4009400
2023-09-21,382.594482421875,386.56539454331175,382.3733301015695,386.3250230681966,4633100
2023-09-22,381.6714782714844,384.91168143006945,381.2868897359719,383.44060900862144,7204200
2023-09-25,383.2579345703125,383.28680731991705,380.14272920444756,380.51772284260363,3227900
2023-09-26,377.6332092285156,381.0945349741615,376.86400290775583,380.4791992597746,5734700
2023-09-27,377.71978759765625,379.20048427946614,374.45074100872733,378.6716493648503,4837700
2023-09-28,379.9232482910156,381.4964246258047,376.7285613388855,377.24975276469837,4065800
2023-09-29,379.0159912109375,382.9151922012773,377.66475203466865,382.7993784328343,5766600
2023-10-02,378.9869689941406,380.0389831388059,376.38104186041954,378.2437816912262,5886200
2023-10-03,373.8909912109375,378.27276880079074,372.5783665635597,376.96980511794425,6886700
2023-10-04,376.64166259765625,377.2304218148397,372.9354750175382,374.21914624687884,4333700
2023-10-05,376.3232116699219,377.17255192966087,373.4663639860245,376.30391919280544,3329100
2023-10-06,380.8111572265625,382.2878416580924,372.9451580722799,374.18055400549343,4897200
2023-10-09,383.3495178222656,383.83209482000717,378.6395616116421,379.08352420239885,2959500
2023-10-10,385.3280944824219,387.6830727267795,383.5425830486854,383.90931684712575,3289600
2023-10-11,386.95916748046875,387.11359564751723,384.12161250104595,386.3221623367043,4181800
2023-10-12,384.6332092285156,387.79891356336964,382.3940740556917,387.49008663019254,3872900
2023-10-13,382.6063232421875,386.98810075544355,381.1971773366096,385.87817965766567,3769800
2023-10-16,386.61175537109375,387.60586283998305,384.4594512890177,384.6814473185581,5150900
2023-10-17,386.6213684082031,388.47447700992024,383.46532549661464,383.77418183926113,4214600
2023-10-18,381.44818115234375,385.8782346647584,380.4830271116217,384.99030944162587,7329300
2023-10-19,378.21490478515625,383.74524797707096,377.5103611943648,382.17204219649597,6708900
2023-10-20,373.5049743652344,378.16668514548775,373.36020714159787,377.7420149867104,7549600
2023-10-23,372.8486328125,376.35214648341935,370.4743622615102,372.0475679664497,5537100
2023-10-24,375.6379699707031,376.6610309126238,373.0802881617372,374.75001528031095,4451500
2023-10-25,370.3392028808594,374.1708651264419,369.7697656018131,374.09366577257134,5471200
2023-10-26,365.7933349609375,370.04000630975753,364.97294823971816,369.296848396316,6959400
2023-10-27,364.1719055175781,367.61751228301875,362.84964928230977,367.27004153528065,5638800
2023-10-30,368.55364990234375,369.460896914304,365.51342104293445,366.67161749135664,5795800
2023-10-31,370.7832336425781,371.0824290331062,367.29901230651393,369.0266462532973,4523200
2023-11-01,374.8657531738281,375.5220507293512,371.2174727627452,371.6710962549187,5549200
2023-11-02,381.9886474609375,382.11412219311705,378.2631671733785,378.27279868451063,4752200
2023-11-03,385.5211486816406,386.88201947109405,383.97689626036373,384.0541250812184,5981400
2023-11-06,386.2642822265625,386.76618116779525,384.5752626909961,386.17742189923297,4007100
2023-11-07,387.3548889160156,388.0305084734199,385.31842818714074,386.3125355932769,3358600
2023-11-08,387.67333984375,388.4744045379995,385.6368500093894,387.9821666746213,3731900
2023-11-09,384.7489929199219,388.8412363293166,384.33395432746363,388.773668482386,4145600
2023-11-10,390.7522277832031,390.9935162791778,385.23157527129854,386.6310308754543,3992800
2023-11-13,390.3565673828125,391.3603063880165,388.78336156832927,389.5265195834799,2872900
2023-11-14,397.8558044433594,399.1008614174481,395.6070084623156,395.7517756792645,6973100
2023-11-15,398.72442626953125,400.2686786010386,398.000560750465,399.1298039200402,4414800
2023-11-16,399.2842102050781,399.52549869820325,397.40214817703765,398.3576411844813,3798900
2023-11-17,399.8728942871094,400.336178744457,398.48307036922483,399.51579207076486,4696200
2023-11-20,402.8841857910156,403.6273731453843,399.5544225053458,399.5640540155265,3517600
2023-11-21,401.8321533203125,402.31473024885025,400.8283850617897,401.8900601954044,5248200
2023-11-22,403.5694885253906,404.6987021574133,402.52710576058064,403.50192067960154,3692800
2023-11-24,403.79150390625,403.9073176820849,403.2799734268694,403.6177832424977,1351300
2023-11-27,403.0869445800781,403.94591635349605,402.69122789195035,403.2317117942313,3632600
2023-11-28,403.48260498046875,404.64080152499565,402.18930219643863,402.7104935868919,3382400
2023-11-29,403.2220764160156,406.4456875570976,402.8263597027767,405.42262657327615,4092600
2023-11-30,404.78558349609375,405.07514736986957,402.0542106238677,403.9555651904277,4405700
2023-12-01,407.15985107421875,407.65208903806644,403.6756592827233,404.23543564120376,4973600
2023-12-04,405.1138000488281,405.23927480302456,402.95186414318994,404.0617855428107,5806100
2023-12-05,404.98828125,405.81832905832175,403.4343973503576,403.7625461964778,3419300
2023-12-06,403.2992248535156,406.97648858695845,402.9131691553071,406.91855225077353,4201800
2023-12-07,406.45526123046875,406.9764525767229,404.66972064831134,405.18125103036255,3248300
2023-12-08,408.18292236328125,408.6172239692097,405.5094270654235,405.7217621130422,5125300
2023-12-11,409.7657165527344,409.9104837395275,407.50726007628737,407.690641664278,5247100
2023-12-12,411.80224609375,411.80224609375,408.520699122037,409.4376071501617,5982600
2023-12-13,417.4098205566406,417.53526583755826,411.64784988758373,412.00495216179024,8659100
2023-12-14,418.6355895996094,420.1894735578759,416.21304339065676,419.089213203394,8349100
2023-12-15,417.99853515625,419.11811731154717,417.1781483794882,418.0950564454271,5326000
2023-12-18,420.3631896972656,421.1932080156366,419.31117535101805,419.4945569709676,4280500
2023-12-19,422.9208068847656,422.94976032476904,420.7588714867472,420.8457318067575,4061500
2023-12-20,416.8161926269531,423.8133640217771,416.6320542026905,422.06892898485796,5783200
2023-12-21,420.8769226074219,421.2258273958525,417.5624602080784,419.7624206880838,4621600
2023-12-22,421.85577392578125,423.3579248760502,420.1016378190584,422.02051070059906,4037800
2023-12-26,423.60992431640625,424.4046240091556,422.13681667604675,422.22406506062475,3835800
2023-12-27,424.38519287109375,424.5014846081593,422.9508886796568,423.416055627919,4271000
2023-12-28,424.4530334472656,425.29617810453743,424.15260327227736,424.72439068840737,4703700
2023-12-29,423.3191833496094,424.81166315227995,421.516602071977,424.35616741399787,4376900
2024-01-02,420.61529541015625,421.8363883151658,419.016195180349,420.51837576354313,9076000
2024-01-03,417.4946594238281,419.63644454318097,416.9713170085534,418.97743828733746,4805000
2024-01-04,416.17657470703125,419.4231901954408,415.9633633430716,417.0487922593318,3945300
2024-01-05,416.7096862792969,418.9580624423023,415.4110457859937,416.3317085183728,5724600
2024-01-08,422.6698913574219,422.80555521159306,417.08765057004797,417.16519812305364,7222400
2024-01-09,421.642578125,422.9605906751451,419.7915223069421,420.23731718999426,7939600
2024-01-10,424.4239501953125,425.1992481295204,422.0398809506888,422.32090944579994,4278800
2024-01-11,424.2786560058594,425.8001791938732,420.605617105235,425.3931580623065,4796600
2024-01-12,424.472412109375,426.2265481552633,423.25131929321265,425.5578410907289,5182700
2024-01-16,423.0284423828125,424.46277627114205,421.3227512264989,423.30950048827873,5730800
2024-01-17,420.6733703613281,421.0707201424458,418.4831109351686,420.2178747171901,6044600
2024-01-18,424.4142761230469,424.860100560265,420.7606392747163,422.1367976310754,4331300
2024-01-19,429.6088562011719,429.9189576410013,424.78254208972066,425.4512491526242,4836800
2024-01-22,430.587646484375,432.15767359327316,429.9867861519953,431.04314215177897,5870400
2024-01-23,431.8669128417969,432.06075211141615,430.08370394903596,431.1012861752369,3251600
2024-01-24,432.2254943847656,435.32674528390464,431.99291091883237,434.4836006441761,4568200
2024-01-25,434.6580505371094,434.910035682811,432.3417983457047,434.3091753283422,4167100
2024-01-26,434.3963623046875,435.63685669339986,433.3593784395126,434.2703697410675,6404000
2024-01-29,437.5557556152344,437.67204734995005,433.8924180930862,434.39638837781536,4543300
2024-01-30,437.24566650390625,437.8658989651098,436.5381856634861,436.9258346487036,3410000
2024-01-31,430.1225280761719,435.59814796321206,430.05468136628974,435.18142601803356,7108000
2024-02-01,435.7822570800781,435.7822570800781,430.92687001901794,431.60527792071986,6138400
2024-02-02,440.2596435546875,441.81026898110287,435.81130738081424,436.1214383812413,6253500
2024-02-05,438.6509094238281,440.1336882740691,436.6351169017204,439.726667180282,7101900
2024-02-06,440.01739501953125,440.26938017482394,438.25355808392715,439.5812714162512,4383600
2024-02-07,443.63226318359375,444.03928425349113,441.2190913948902,442.0719368803982,6763400
2024-02-08,443.9327087402344,444.18466431461457,442.9247977155482,443.6807235901324,4184600
2024-02-09,446.4525146484375,446.80138989700384,444.0296712809775,444.38824736724564,4002600
2024-02-12,446.24896240234375,448.4585943104812,445.56088318585864,446.394327085302,4564200
2024-02-13,439.95916748046875,441.63578529933415,437.0808291299986,440.45343686233963,8152200
2024-02-14,444.1458740234375,444.5141508736045,440.3759163028233,442.48862819768596,5624000
2024-02-15,447.1502380371094,447.2956027055845,444.2815705591692,444.73706623753856,5695700
2024-02-16,444.86309814453125,447.8868018190599,444.25253690722764,446.84981779937675,5527900
2024-02-20,442.4208984375,443.92304949062685,440.40507619928337,443.3221890693761,5306800
2024-02-21,442.86669921875,443.0120639071574,439.6007110577212,441.26762849481815,4208600
2024-02-22,452.1703186035156,452.9068427120673,448.05148579408143,448.92370329740623,4328500
2024-02-23,452.3739013671875,454.3993947466966,451.7051942735071,453.6434688463261,4050600
2024-02-26,450.7166748046875,453.15889006453915,450.59068222815745,452.77124107379285,3450800
2024-02-27,451.550048828125,451.7341872460056,449.59240250336796,451.3368374798273,3586900
2024-02-28,450.85235595703125,451.45321635212196,449.78629900974613,450.1545759166013,2800600
2024-02-29,452.5192565917969,454.031108360955,450.1351871982356,452.5580303636456,7332900
2024-03-01,456.8803405761719,457.20984367326685,453.00379179756766,453.39144076028407,4839400
2024-03-04,456.3376770019531,458.01429518292764,456.07602057747783,456.0856918390132,3970200
2024-03-05,451.7633361816406,454.8936602365434,449.73784281989975,454.47693830521644,4616500
2024-03-06,454.15704345703125,456.1340915109819,452.8971770007626,454.76760458955414,5325100
2024-03-07,458.65386962890625,459.55516010490663,456.25039878385235,457.07417129904695,7149800
2024-03-08,455.8724670410156,461.60004193343167,455.32005173237593,459.1481259717571,6285600
2024-03-11,455.4945068359375,455.94030168908546,452.9650728134716,454.7192088673565,5323900
2024-03-12,460.3692932128906,460.87323396467,455.07781180417527,457.35529038805754,4811000
2024-03-13,459.6714172363281,460.7956198255752,458.3049303711843,460.6405543399152,3544500
2024-03-14,458.6635437011719,460.6599639310062,455.9305993241483,460.49522717238904,5153000
2024-03-15,455.50421142578125,457.21957372265433,454.2540160836008,455.89186041326576,6807100
2024-03-18,458.35345458984375,460.6115312723292,457.91733101573107,459.32259179834267,3939100
2024-03-19,460.9216613769531,461.0573252065034,456.74468238253894,457.6266007896369,4550200
2024-03-20,464.943603515625,465.2052599302706,460.27235479380323,460.86354390563224,6179400
2024-03-21,466.49420166015625,468.3258556065489,466.3585082544943,467.7249952688357,5044700
2024-03-22,465.88458251953125,466.99296612625835,465.53458538319563,466.5554400350067,5881500
2024-03-25,464.6789855957031,465.50540726351534,464.29979237003124,464.47482060463517,6081300
2024-03-26,463.37615966796875,466.06929196977353,463.2108634694235,465.76789567021825,8073500
2024-03-27,467.4207458496094,467.5276795254884,464.2025881489459,466.20542860099533,4951400
2024-03-28,467.3624572753906,468.7819396484273,467.1679946288556,467.52772382119474,4065000
2024-04-01,466.7499084472656,468.58745277744003,465.5442935085762,468.08189146175255,5734000
2024-04-02,463.6969909667969,463.7553238202817,461.5385863753657,463.11363276111774,4817800
2024-04-03,464.1150817871094,465.51512969932537,462.58866579838497,462.63726662236263,6224800
2024-04-04,458.398193359375,468.12073053333523,458.1939987157251,467.8485006792975,6871200
2024-04-05,463.2691955566406,465.0581389568209,459.31214520975055,459.7302072154318,5588200
2024-04-08,463.45391845703125,464.8053654349395,462.7636265904062,463.91087891428,4736800
2024-04-09,464.0275573730469,465.3206715341531,459.62324887503274,465.1067745127357,5250400
2024-04-10,459.5357360839844,461.22747781121546,457.61069261865384,458.81627779256434,6933400
2024-04-11,462.8511657714844,464.18314879955517,457.61073294526057,460.82889081727825,5109900
2024-04-12,456.5411682128906,460.89684571544007,454.9272235415611,459.6523621903077,6959700
2024-04-15,450.7465515136719,460.44965472173743,450.0076588321018,460.332989017849,9530000
2024-04-16,449.9395751953125,452.5938385314703,448.78259089525625,451.17432673777654,6761400
2024-04-17,447.22705078125,452.3313836285914,446.0020310740549,452.2049858774191,7156200
2024-04-18,446.2062072753906,450.4452200377295,445.49645124683343,448.55904509791173,5637300
2024-04-19,442.4727478027344,447.1784530329262,441.3060312755516,446.25479997633704,9787500
2024-04-22,446.3131408691406,448.9188038706389,442.7158192421049,444.8547600193286,5818100
2024-04-23,451.9424743652344,452.2244362885018,447.88819244172527,448.3840217271848,4257400
2024-04-24,451.6119079589844,453.3716850329082,449.6090674254486,452.6522266871233,7687800
2024-04-25,449.7452087402344,450.6007969437917,444.5728403956259,446.0409236500236,4876200
2024-04-26,454.2466735839844,455.6272869865018,451.9132704803722,452.4188317570586,4907100
2024-04-29,455.83148193359375,456.395405770458,453.27444961427557,455.83148193359375,3253200
2024-04-30,448.6270751953125,455.3453526842646,448.55901030658606,454.45089578123645,4364800
2024-05-01,447.168701171875,454.1106078262224,446.6923062853018,447.98539083635717,6115400
2024-05-02,451.33966064453125,452.0494166006937,446.42005878560127,450.50350694691775,3972400
2024-05-03,456.93988037109375,457.9315686280239,454.4703472557972,456.7259833347951,4586900
2024-05-06,461.5483703613281,461.63586965140456,458.72883999913915,459.11773562309037,4782500
2024-05-07,462.2095031738281,463.4151181991625,461.5386456018346,462.50119714951444,3451300
2024-05-08,462.2289123535156,462.6566767262245,460.362172011629,460.44967129269435,3214900
2024-05-09,464.88311767578125,464.88311767578125,461.7621914927886,462.3941504866714,3486000
2024-05-10,465.4567565917969,467.06099903599045,464.338670699503,466.38040953416106,3347200
2024-05-13,465.4859313964844,467.090173869554,464.47480882865744,467.02210898397993,3108400
2024-05-14,467.6930236816406,468.1110857370306,465.20405607493785,465.69018302422876,3257700
2024-05-15,473.3903503417969,473.71121069862227,469.34577113515223,469.9291293259738,4399500
2024-05-16,472.4862060546875,475.0140720062552,472.3500762732892,473.53622716059533,3347400
2024-05-17,473.1861877441406,473.2250862026128,471.25141224448294,472.60282955037957,3274000
2024-05-20,473.65289306640625,475.0529112302023,472.9528691490927,473.2736998453972,2599600
2024-05-21,474.92657470703125,475.02377635605626,472.8556692444704,473.030667817715,2453600
2024-05-22,473.5459899902344,474.87797310792473,471.4848164354872,474.2557460304703,3250600
2024-05-23,470.0263977050781,476.39464847413706,468.90831172580937,476.3168812222817,3811300
2024-05-24,473.2251281738281,473.8765216391509,470.89169519182747,471.7181169003833,2555200
2024-05-28,473.604248046875,474.11954135417244,471.08611436247196,473.8764779135448,4034700
2024-05-29,470.26947021484375,471.2319920380931,469.5597142181129,469.7833432866034,5605000
2024-05-30,467.1096496582031,469.35555371453245,465.90406435927883,468.74302903174566,3386800
2024-05-31,471.17364501953125,471.45560693726975,463.2595142944655,467.8874223360585,5334000
2024-06-03,471.6889343261719,472.9139836327066,467.0707286861913,472.8070202837903,4211300
2024-06-04,472.2625427246094,472.91396581392263,469.17078281786286,470.5708306380558,2560300
2024-06-05,477.9114074707031,477.9114074707031,472.57374288913945,474.33352012894767,3026100
2024-06-06,477.804443359375,478.52390172717253,476.0543982649575,478.1933389724863,21344000
2024-06-07,477.18218994140625,479.8364537014324,475.9571702351764,476.9391264726767,3063600
2024-06-10,478.74749755859375,479.0197274359539,475.97656829245904,476.56965853971263,3461900
2024-06-11,479.83642578125,479.962823524968,475.53905084899657,477.36689277481935,4028400
2024-06-12,483.8323974609375,486.2727343338026,482.9281788730186,484.1143297012133,3698800
2024-06-13,484.7463073730469,485.59219313888354,482.29623837329365,485.4463313259524,8808900
2024-06-14,485.13519287109375,485.1935257231506,482.5198278775027,483.46291521352805,5812000
2024-06-17,488.9853820800781,490.19096742940036,484.0949461175035,484.6491379651763,4609500
2024-06-18,490.2881774902344,490.3659447442098,488.6839645483457,489.092294555675,3431700
2024-06-20,488.9269714355469,491.70760292360006,487.2838602213955,491.1242744092042,4810900
2024-06-21,487.8575439453125,489.2575918867385,486.9533549704679,488.16867230359236,4338100
2024-06-24,486.54498291015625,490.44373031027385,486.54498291015625,488.1005949911362,7022800
2024-06-25,488.5672607421875,488.87835940466863,486.4380225717567,487.78943990890747,6325200
2024-06-26,489.11175537109375,489.7923152690632,486.9922490820609,487.556143264426,3202700
2024-06-27,489.87005615234375,490.4825807600267,488.3825091068978,489.0436345335783,3619700
2024-06-28,487.98114013671875,493.4451141764416,486.8883512840268,490.75214894926285,5598600
2024-07-01,489.1031799316406,489.4934573957329,486.48828816833446,489.3080703894433,4368500
2024-07-02,492.2742614746094,492.35230506148275,487.47376203464927,487.5518353977862,4210100
2024-07-03,494.49884033203125,494.82084082334677,491.9717587990687,491.9717587990687,2131100
2024-07-05,497.4552917480469,497.70898552402633,494.18666183365764,494.81112965875644,3156900
2024-07-08,497.933349609375,498.7919779292873,496.9479041853391,498.09923317055654,3143400
2024-07-09,498.479736328125,499.57252509810826,498.13823239344003,498.7919404222197,3140600
2024-07-10,503.2802734375,503.6412808716909,499.2603585871606,499.5433224313636,3446900
2024-07-11,498.9676208496094,504.23641140606986,498.4211966552133,503.4656230732195,5537800
2024-07-12,502.05084228515625,505.446348668739,499.72865108040287,500.04088497501544,5238200
2024-07-15,503.57293701171875,506.50982934306404,501.8459733342777,504.03155100806254,7771500
2024-07-16,506.43170166015625,506.78300196845925,504.05097061675446,504.76327829392204,4164300
2024-07-17,499.35791015625,502.5972400615851,499.1334864599525,501.0849036498894,4984300
2024-07-18,495.6014404296875,501.69961932443374,493.5817164334441,500.78245083656276,5055900
2024-07-19,492.29376220703125,496.8308310179271,491.32782022146,495.3087279840667,4039400
2024-07-22,497.406494140625,497.9236185061286,494.13786438451126,495.9233980159631,4342900
2024-07-23,496.5771179199219,499.22127978555403,496.13803715652267,497.2796292756032,3116000
2024-07-24,485.21014404296875,492.44014843169805,484.4880994221637,492.1766880496253,6157400
2024-07-25,482.7610778808594,490.9180168881851,481.9219828157671,485.4637798600371,5646600
2024-07-26,488.17626953125,490.6741109352458,485.5809108647691,486.2541224029448,3636000
2024-07-29,488.53729248046875,490.55698658863554,486.654152312063,489.630081313707,3096200
2024-07-30,485.98089599609375,490.7911617232486,482.89768321601133,489.8544600869147,3817800
2024-07-31,493.6402587890625,496.29418744704367,491.083906949089,492.22549914487644,5367600
2024-08-01,486.9078369140625,497.5137840970433,483.707514058493,495.50382686449876,6939200
2024-08-02,478.0094299316406,481.5317238775959,473.9992518827496,480.4487015649941,8561200
2024-08-05,463.65673828125,469.4914566480464,457.5000194019887,458.74892521799745,15244300
2024-08-06,468.2815856933594,475.0334724993243,464.3787513114678,465.7935406854088,8255000
2024-08-07,465.032470703125,476.68243399844454,464.5446163935262,473.9016882547428,5976400
2024-08-08,475.88232421875,476.4091853773647,467.988845914204,469.7938828439667,4177200
2024-08-09,477.92156982421875,479.277789227097,474.01873561836425,475.10175781788314,7661300
2024-08-12,478.1655578613281,480.39017245094203,476.1263303022042,479.0144196450108,3578100
2024-08-13,486.1077880859375,486.2736716545498,480.94631087351763,481.1609679631112,3247900
2024-08-14,487.6591491699219,488.68366107156334,484.41981922927994,486.8005506090526,3700500
2024-08-15,496.0307312011719,496.2356216650138,492.2352105435636,492.8206416450889,4279000
2024-08-16,497.0747375488281,497.71867899498875,494.34273571646503,494.5281227248714,3449300
2024-08-19,501.8556823730469,501.8556823730469,496.69420544359485,497.47476039408957,3804300
2024-08-20,501.0263366699219,502.95822052763526,499.80670099156276,501.436117583144,3156000
2024-08-21,502.78265380859375,504.10960327569546,500.3921557133182,501.9727989570043,3344100
2024-08-22,498.7138977050781,505.05600304836787,497.70891912634573,504.49007543533753,3677100
2024-08-23,504.10955810546875,504.9779530159561,499.80670956154887,501.83620003984385,5102800
2024-08-26,502.87042236328125,505.69994130571433,501.39709298740945,505.0657665068599,3398600
2024-08-27,503.5437316894531,504.04135262434033,500.69461958235934,501.767934818055,3031800
2024-08-28,500.66534423828125,503.69001699001035,497.76748858883224,503.2704694504173,3940400
2024-08-29,500.7433776855469,505.5048399008574,499.68959583723506,502.4801078376981,3487100
2024-08-30,505.4560546875,505.9829754378016,499.67987653040217,502.89970295519373,5637700
2024-09-03,495.23065185546875,502.9094737301855,492.8304170502887,502.6070064479835,5866400
2024-09-04,494.001220703125,497.1527699991978,492.75231496597985,493.39628617398205,3601400
2024-09-05,492.7816162109375,496.57713695516736,490.62530854364144,494.0597920940361,3425600
2024-09-06,484.5759582519531,494.6257454369313,483.7563367828005,493.0646056416031,7411400
2024-09-09,490.0301513671875,491.1424437112952,486.63467464718667,488.4397415510055,3656800
2024-09-10,492.0498046875,492.4498487619506,487.3664156071849,491.70833051959534,2975400
2024-09-11,497.08447265625,498.0406777606879,484.1953709674473,492.05957954755814,5956900
2024-09-12,501.3581237792969,501.6508244432757,495.71849959235954,497.6991868219841,4092900
2024-09-13,504.02178955078125,504.9584912287836,501.73860526488056,501.9337588918635,4416600
2024-09-16,504.7828369140625,505.01705700985275,502.14847124984277,503.7974212199255,4256300
2024-09-17,505.01702880859375,508.09047509606506,502.97777167859937,506.82206585587727,8150000
2024-09-18,503.3778076171875,510.0321475476091,502.9484934425626,505.59268523997133,6921300
2024-09-19,512.1591796875,513.8081296186193,509.5052808565419,512.1299393965477,5558400
2024-09-20,511.15423583984375,512.1689513642052,508.46127052429574,510.7932284151898,5612700
2024-09-23,512.412841796875,513.0568427883685,511.1054256911558,512.2469880183186,29289200
2024-09-24,513.8861694335938,514.0423161502371,510.6663431449763,513.232461383024,4650600
2024-09-25,512.8421020507812,514.4910517067548,511.9054600561569,513.8178104968598,35418000
2024-09-26,514.8814086914062,517.0474530659328,512.7250713781644,516.8035259308273,5273900
2024-09-27,514.2147827148438,516.5540054711528,513.1773119142713,515.8884638007906,5598600
2024-09-30,516.4562377929688,516.7401131087591,511.092714780989,513.1774540003607,8013000
2024-10-01,511.63092041015625,515.8982490248937,509.1742524095898,515.8395265114087,9198700
2024-10-02,511.7191162109375,512.7173991004664,508.5381834539727,510.75990201925737,3270600
2024-10-03,510.75018310546875,512.6293636444374,508.7730918660719,510.4761048299565,4008000
2024-10-04,515.4580078125,515.820140039149,511.20041528107447,514.9783707871346,5354400
2024-10-07,510.81854248046875,514.5475714315903,509.7419431539848,513.9799403806386,3970500
2024-10-08,515.6536254882812,516.1723908697253,512.3748418947835,513.1774228367111,2626700
2024-10-09,519.1771240234375,519.7448148475673,515.1250911284853,515.6731878675563,2941800
2024-10-10,518.3060913085938,519.6176406795972,516.8673595822787,518.022275728469,3637600
2024-10-11,521.38916015625,522.093830436057,518.1397078105311,518.247355813601,5429200
2024-10-14,525.6564331054688,526.5470679032658,522.6222770913223,522.8963553294531,2638900
2024-10-15,521.6533203125,526.1849303329327,520.5179984158203,525.959837309692,4811300
2024-10-16,523.8457641601562,524.3449354729381,520.9095185443285,521.6044515124463,3237200
2024-10-17,523.9241333007812,527.3106250896186,523.7773568481155,527.1735859433363,3225300
2024-10-18,525.9403076171875,526.6645719876473,524.1785721710288,525.4901215155886,5070400
2024-10-21,525.1278686523438,526.1848738342894,522.3677912011493,525.3137734859719,3671400
2024-10-22,524.7658081054688,525.8620614651908,522.132972057132,522.7593854803811,3366600
2024-10-23,519.9797973632812,523.3564323046762,516.7988643550123,522.9258402613393,5227800
2024-10-24,521.1541748046875,521.849107731636,518.7758231653341,521.839310688739,4477800
2024-10-25,520.94873046875,525.8424733849062,520.1167583301598,523.2879539198101,4327200
2024-10-28,522.5733032226562,524.1882618982145,522.3286161347268,524.1491334698469,3408000
2024-10-29,523.4053344726562,524.4330084107964,520.4494949993563,521.7903756141035,3027600
2024-10-30,521.8295288085938,524.8049625085164,521.2716947279265,522.9942419239044,3067000
2024-10-31,511.56256103515625,517.983150051525,511.4059875295235,517.8461706358761,7972800
2024-11-01,513.7842407226562,517.8362738556533,513.3927174268629,513.9995367186953,6106900
2024-11-04,512.6685180664062,515.0958552794291,510.93617362123973,513.9017508925732,3681500
2024-11-05,518.8345947265625,518.903114295251,513.3340325245586,513.5689226240207,3300300
2024-11-06,531.7540893554688,532.5762644440022,526.7331043818991,530.1391900480266,7483300
2024-11-07,535.8941650390625,536.8239282718364,533.5647389597266,533.633198781415,6051300
2024-11-08,538.2627563476562,539.5253204229609,536.4129073220644,536.4227043652794,6798000
2024-11-11,538.7032470703125,540.0049396817612,537.1861389674968,539.7113270527906,4893100
2024-11-12,537.0881958007812,539.2316572314039,534.8174922964364,538.69335754769,4818600
2024-11-13,537.3622436523438,539.172904232849,535.3459646713735,537.4894259808128,3701600
2024-11-14,533.9464721679688,537.8908575704481,533.300524397977,537.4308146797882,3940300
2024-11-15,527.0560913085938,531.0396050539978,525.3432813554089,530.6089533048171,7360100
2024-11-18,529.2387084960938,530.4132187573488,526.7135801331799,527.4671759292091,4494500
2024-11-19,531.166748046875,531.8224927228101,525.4900194944395,526.077244616462,6978400
2024-11-20,531.3626098632812,531.5289803895495,526.0186212929497,531.2451648167307,3949100
2024-11-21,534.0443725585938,535.4439758149514,528.5633448419148,533.9856500351826,4530600
2024-11-22,535.8353271484375,536.4030179145428,533.7799795215176,534.2204282238741,5574600
2024-11-25,537.5580444335938,540.641126246601,535.5712159503772,539.486210131684,4305000
2024-11-26,540.5726318359375,541.0718031753748,538.1648887966818,538.801099275979,4438600
2024-11-27,538.85009765625,540.641224546522,537.4406971051982,540.3084236958498,3312200
2024-11-29,541.6884155273438,542.9118512568128,539.3589891193889,539.5742851335004,3988700
2024-12-02,543.2152709960938,543.7633678235313,542.1190773412185,542.5790605097493,5441000
2024-12-03,543.342529296875,543.6263448941298,542.02118280231,543.0097284776145,4202900
2024-12-04,546.7680053710938,547.0028954224989,544.3504658262524,544.9964732056766,5490300
2024-12-05,545.8578491210938,547.5216737857617,545.6131619953405,546.7582810172067,3021600
2024-12-06,546.9442138671875,548.060001432977,546.2199495750989,546.6016160681833,5134900
2024-12-09,544.0960693359375,546.9931864920845,543.5773636785397,546.8366130119464,4412300
2024-12-10,542.5497436523438,545.0455407059743,541.8058851370176,544.7519280652075,4110100
2024-12-11,546.6604614257812,547.5021708495277,544.8301466611135,545.0846308445883,3514400
2024-12-12,543.8416137695312,546.3374104319773,543.8122226410235,545.8186450662031,4048600
2024-12-13,543.802490234375,546.2982871934707,542.422481006005,545.6621364522512,4666900
2024-12-16,545.9360961914062,546.9246417197977,544.5952155453901,545.290148475761,22846800
2024-12-17,543.6458740234375,544.5659000160771,542.5104922939323,543.66540837183,6110900
2024-12-18,527.6824951171875,545.6816948635781,527.0854728529297,543.4990450267569,24584900
2024-12-19,527.4866943359375,533.5157585295167,527.2028787899014,532.1357494937389,16792100
2024-12-20,533.4571533203125,537.8615223330769,524.4624506580551,525.2063092049699,9389400
2024-12-23,537.275634765625,537.4425378076141,530.5301149809887,533.4659305001856,7063400
2024-12-24,542.8036499023438,542.8822171897905,537.6192876579177,538.1298851323999,3439300
2024-12-26,542.7938232421875,543.9327792320557,539.9561717757177,541.2130086617748,4492000
2024-12-27,537.1675415039062,539.6614979815711,533.3578379526591,539.4160277008426,7077100
2024-12-30,531.1878662109375,534.231733690299,527.6629464928558,530.7656645139419,6505100
2024-12-31,529.0474853515625,533.2303094719184,527.663059023344,532.621547832074,6040800
2025-01-02,527.721923828125,533.6917187427194,524.1183764531119,532.1992999787088,7142700
2025-01-03,534.5362548828125,535.0075387745769,529.4304596479885,530.4025126393948,6416300
2025-01-06,537.648681640625,541.4387285892536,535.9303895861188,538.3458388487051,5983400
2025-01-07,531.6004028320312,539.6420142042042,529.7839461439472,539.3671185648692,5383200
2025-01-08,532.3170776367188,533.1614810690147,528.3306424406296,531.5119278771093,4317000
2025-01-10,524.2166137695312,528.9885424328595,522.3608437573665,528.9492887559891,7935200
2025-01-13,524.8941650390625,525.2181427454639,519.4349069619938,519.8080266808348,5621000
2025-01-14,525.5618286132812,528.1637782709552,522.174325920787,527.58450182645,8820000
2025-01-15,535.1743774414062,536.2348259995719,531.9440096182473,533.0044581764129,5307300
2025-01-16,534.3790893554688,536.607979168226,533.5445141905823,536.4508445938807,3632800
2025-01-17,539.5045166015625,541.1344131783811,537.7567391346971,538.9742623488254,6558700
2025-01-21,544.413818359375,544.413818359375,540.5255476139918,542.3125784143275,5301700
2025-01-22,547.5068359375,548.8029264891096,546.6427755697603,547.0944625576681,4780000
2025-01-23,550.5408325195312,550.5408325195312,546.7114716473726,546.9471135602546,6217900
2025-01-24,548.8814086914062,551.483357864024,547.9093559107015,550.5997007585066,3612100
2025-01-27,541.2423706054688,541.3995051624794,536.9221291560625,537.0202933072385,7617400
2025-01-28,545.7786254882812,546.5641783693032,539.2687485235344,542.2929593135112,4164700
2025-01-29,543.3828735351562,545.4350317064974,540.9870808997065,545.1109941153857,4174500
2025-01-30,546.2205200195312,547.6737450018317,542.3715623516586,545.3073776608644,4296500
2025-01-31,543.304443359375,550.7274642303051,542.6956816952226,548.4985743097345,6233900
2025-02-03,539.7401123046875,541.9591734246075,533.1418394202675,535.1154302380595,7824000
2025-02-04,543.3240356445312,543.7953794571031,539.2786891682154,539.7402045783381,4181400
2025-02-05,545.5528564453125,545.660849000007,540.4372335478213,542.3323171019557,3424200
2025-02-06,547.5166015625,547.5460867651761,544.1487561665806,547.1925639794309,3606300
2025-02-07,542.1949462890625,549.0681164088062,541.7923413359337,547.9880108609882,10161600
2025-02-10,546.0733642578125,546.6919543337884,544.1979372245255,545.3762068896835,3517600
2025-02-11,546.5642700195312,547.0257254817033,543.9524321036374,544.0604246676418,2752900
2025-02-12,544.7575073242188,545.8473810754929,540.4176091912583,541.0165423414966,3579500
2025-02-13,550.5113525390625,550.7175691794287,544.6495501480424,545.7983344488794,3388500
2025-02-14,550.531005859375,551.6797901529453,549.9222442727462,550.7372224984367,3380600
2025-02-18,552.1216430664062,552.1216430664062,549.3527307510161,551.6208740404252,3844900
2025-02-19,553.4569702148438,553.7024405197185,550.3739087318646,550.8550209407354,3857600
2025-02-20,551.1299438476562,552.2885565526041,548.105732761442,552.2002207988621,4446800
2025-02-21,541.7529296875,551.0317186294878,541.2816459083643,550.933494555988,6148700
2025-02-24,539.1903076171875,544.4630053662175,538.5717176082597,543.5792882308126,4772300
2025-02-25,536.509765625,539.808932529025,532.3465982622126,539.229596159818,5491500
2025-02-26,536.8435668945312,541.3601966177731,534.3888637994488,538.0807468431368,4180800
2025-02-27,528.2227172851562,539.9169585252966,527.8594259551076,538.8859950230155,5521400
2025-02-28,536.4312133789062,536.9810644953538,525.8759896799768,528.6644989386477,7328100
2025-03-03,527.191650390625,539.3375163459349,523.5881630761393,538.2672993713954,7290000
2025-03-04,520.8389282226562,528.5270752962539,516.6266192473975,523.40162393743,10477400
2025-03-05,526.68115234375,528.0459218020419,517.3827052862612,520.6425583879073,6221700
2025-03-06,517.12744140625,523.7649690182523,514.7218200776233,519.6018016218984,7228900
2025-03-07,519.9158935546875,521.2610659260906,510.7058436401384,515.3894358690386,7308300
2025-03-10,506.16961669921875,514.2112265962157,501.57438964047907,512.4438523183729,11176900
2025-03-11,502.0162353515625,508.1530230192948,498.3341807297055,505.0109910894552,11208900
2025-03-12,504.4513244628906,508.35919269053505,499.8757542069935,507.5246175933357,8590600
2025-03-13,497.86285400390625,504.7458508533891,496.26241280685383,504.2058281754149,21650000
2025-03-14,508.0843505859375,509.02691833766096,501.5842708064799,502.0163010024472,7412300
2025-03-17,511.96270751953125,514.3487318407895,507.71120459596915,508.07449588635615,6269800
2025-03-18,506.56231689453125,510.10695366634394,504.7556889992354,509.9105654353055,6010600
2025-03-19,511.8841247558594,515.4483581807261,507.0630546731874,508.1627567841318,5373900
2025-03-20,510.7059020996094,515.1145393471021,507.94681816946263,508.5752365558637,6029700
2025-03-21,510.8335876464844,511.51108815779054,505.3350162698495,506.44454696125365,5059000
2025-03-24,519.798095703125,520.7799768896228,516.351683149834,516.9407878900241,22376300
2025-03-25,521.035400390625,521.9681397978002,519.523264646482,520.9764899024951,6260200
2025-03-26,514.9574584960938,521.7814851944096,513.6220544588,520.9469101092167,4410200
2025-03-27,513.5405883789062,516.959499607428,511.5896825327711,513.6193679066162,5534900
2025-03-28,503.2838134765625,512.8017049339867,502.6532464020896,512.1119930673967,5831800
2025-03-31,506.3480224609375,507.74717110776555,495.2438962600065,497.87459159033807,8196700
2025-04-01,508.2101745605469,509.73735483482704,501.39201673589395,504.82079053067076,7697000
2025-04-02,511.2743835449219,513.8164365317853,502.42654053550103,502.6334721039001,6308600
2025-04-03,486.88861083984375,496.2488216393832,486.2383189023899,493.62795900728946,16226000
2025-04-04,458.67010498046875,476.18848034375134,457.4089407161395,474.19821441570105,30966500
2025-04-07,456.7389221191406,473.68584393562577,436.28438649598024,442.9252308948083,31285300
2025-04-08,450.019287109375,475.3903885912489,442.9843643146953,472.6217387573499,19002700
2025-04-09,491.7559509277344,494.6723873030688,446.49193708296065,446.81706803598297,29286600
2025-04-10,474.9666748046875,483.0854168323715,461.438695515314,481.9523446425504,16651300
2025-04-11,483.3317565917969,485.7457179273652,470.966436448845,473.61685666614164,11541200
2025-04-14,488.1892395019531,492.898902691473,483.46971383612805,492.69197110021537,7701500
2025-04-15,486.8196716308594,491.92344291172856,486.1595472350246,488.73112775927405,8200600
2025-04-16,476.1194763183594,484.5337920142118,471.1930493012693,481.45970636651145,6374900
2025-04-17,476.77960205078125,480.97692750315895,474.41492308958476,477.6565204951989,5638900
2025-04-21,465.41925048828125,472.43447758817257,460.45340375017474,471.97139225648476,7762500
2025-04-22,477.16387939453125,479.321656846857,470.16834697325044,471.0354029445899,6236300
2025-04-23,484.82940673828125,493.8053425353239,483.4795705157644,489.38142059496795,8047600
2025-04-24,495.01727294921875,495.598587764019,484.97721167829854,486.0019169787475,6184300
2025-04-25,498.66278076171875,499.0667513850763,492.39638003300973,495.046800171936,6933400
2025-04-28,498.9682312011719,501.2540704115972,493.5885514219789,499.35247686052946,4210000
2025-04-29,501.9930419921875,503.0374420964918,496.84001866417316,497.1158973696776,6525500
2025-04-30,502.2393493652344,503.97346121931423,490.43565000614205,495.8547194816186,7873700
2025-05-01,505.7962646484375,510.81139407844825,505.22484238278656,507.5501016254365,5784500
2025-05-02,513.0479736328125,514.7229106749327,509.2841762518283,511.48134341292626,6285400
2025-05-05,510.36798095703125,513.1858828025538,508.6733189141181,509.4713976923829,4793500
2025-05-06,506.0228576660156,510.2103203271735,504.4069752885841,505.3430083814282,4694300
2025-05-07,508.3088073730469,510.55522701467976,503.57941898898156,507.3431867014982,5460000
2025-05-08,511.6981506347656,516.5161505793418,508.7520967475153,511.89515960687436,5088200
2025-05-09,511.0183410644531,513.9544725671277,509.74728430055563,513.028301805357,4739500
2025-05-12,528.0341186523438,528.0341186523438,522.5855218275047,526.635030265316,7793600
2025-05-13,531.5023803710938,533.5123410201572,527.8962621195577,528.4381570843636,7356800
2025-05-14,532.1625366210938,533.4532582197603,530.3200575482734,532.4187204728535,5031300
2025-05-15,534.7735595703125,535.2563398361331,529.9259718214923,530.3397748869023,7362200
2025-05-16,538.2220458984375,538.428917357669,533.7291465988325,535.4730609727433,7255300
2025-05-19,538.7738037109375,539.3945383631502,532.6256320481183,532.6748842938229,7766100
2025-05-20,536.8623657226562,538.0249953911675,534.0148762071125,537.197329114453,7158200
2025-05-21,527.8864135742188,536.675143096086,526.9503803537332,532.9507351673284,6339500
2025-05-22,528.1327514648438,531.2954794232119,526.5759835408576,527.7188882573314,5816600
2025-05-23,524.56591796875,526.9404290823293,521.3242908428446,521.6395893554062,6455900
2025-05-27,535.3450317382812,535.5223759057751,529.2756395889138,530.7929575577294,6118100
2025-05-28,532.2905883789062,536.8820521361441,531.6698537501936,535.7883396102386,4910500
2025-05-29,534.3400268554688,537.2564935153763,530.8126880110685,537.1284015924614,4659500
2025-05-30,533.7882690429688,535.3942891796423,528.2706342957232,533.384268321102,6171500
2025-06-02,536.891845703125,536.891845703125,529.8864808787413,532.3004421579548,5933500
2025-06-03,539.9364013671875,540.7935948576643,536.0839618980259,536.5174898812479,4993600
2025-06-04,539.591552734375,541.5621234590333,539.3846211589492,540.6753425781186,4543400
2025-06-05,537.0692138671875,542.5276730159474,535.3449645176084,541.3945708171203,6372100
2025-06-06,542.5573120117188,544.1929196939616,540.6261908303017,542.202623648241,4736000
2025-06-09,543.1385498046875,544.56722559122,542.1040122134209,543.1878020448344,4516400
2025-06-10,546.2324829101562,546.5773088056692,542.6361665161094,543.6609019991126,5984100
2025-06-11,544.724853515625,548.0452603911398,542.803535022746,547.23731917383,20800600
2025-06-12,546.7841796875,546.8334319332367,543.0203820026123,543.4834373044105,8422900
2025-06-13,540.6951293945312,545.1091890789594,539.3550954442844,542.1434701770894,7100600
2025-06-16,545.9170532226562,547.5132106556873,543.7494134564894,543.8183906464407,7421300
2025-06-17,541.2664794921875,545.0204142461015,540.5669653858881,543.6705781362325,4753300
2025-06-18,541.1581420898438,544.5771136903635,540.3206735568052,542.0645878171516,4602300
2025-06-20,539.6604614257812,544.58688816108,538.5766715988335,543.6016028140202,9978500
2025-06-23,545.217529296875,545.5525528022619,537.719521632428,540.5866757638811,9820200
2025-06-24,551.2080688476562,552.1834917757387,548.1832354407744,548.9813142125737,6770000
2025-06-25,551.4839477539062,552.7648669591056,550.1243091477866,552.2722242300449,16472300
2025-06-26,555.8488159179688,556.2428940194569,552.705752897325,553.25751034905,6081400
2025-06-27,558.6076049804688,559.9673037296553,554.9226469727217,556.7946532692025,6056500
2025-06-30,561.3995971679688,562.5065189418008,558.7805056379285,560.8757547328757,5750600
2025-07-01,561.1426391601562,562.160584963475,559.1956029116394,559.9467413497388,7412700
2025-07-02,563.6331787109375,563.6826433362575,560.1938188606414,560.7472797598007,6164000
2025-07-03,568.5056762695312,568.9504356783103,565.4517782865054,565.5011825935431,4837000
2025-07-07,563.9494018554688,566.8946581018994,561.3500963427458,566.3115184780542,6417800
2025-07-08,563.5739135742188,565.1552736066579,562.832668024777,564.4832182138903,6944600
2025-07-09,566.9144287109375,567.5568656084064,564.0977199324952,565.7778884681948,7156500
2025-07-10,568.5748291015625,569.5335380151221,566.0150950023999,567.0825054488504,4961700
2025-07-11,566.529052734375,567.6755463991923,564.7006710138336,565.7680815893856,4428900
2025-07-14,567.6458129882812,567.9719779177274,564.9081871341931,566.1633219015291,4747000
2025-07-15,565.1848754882812,570.4229984861981,565.174982562944,570.1166194143213,5399000
2025-07-16,567.0429077148438,567.5568572252275,561.5379172960519,566.7069102062948,6141200
2025-07-17,570.4427490234375,570.9072942265212,567.102197892887,567.3196612686976,6495300
2025-07-18,570.185791015625,571.7473651002083,569.1184409228133,571.7176863251624,4262400
2025-07-21,571.203857421875,573.7537591137279,570.8480740200499,571.2334758773338,5913800
2025-07-22,571.203857421875,572.083483323098,568.9208234427508,571.5300223682412,4767700
2025-07-23,576.0564575195312,576.15532644692,572.1130410941179,573.7932096325906,4257300
2025-07-24,576.4518432617188,577.9244414214872,575.9181078644702,576.5309263432957,3840900
2025-07-25,578.7447509765625,579.199342954539,576.7779891864955,576.995392250273,4210100
2025-07-28,578.6064453125,579.654070033838,577.420440265789,579.1994176744942,4193100
2025-07-29,577.1041259765625,580.2272743816501,576.313476110887,579.970299602694,5053400
2025-07-30,576.4024047851562,579.3080895530018,573.773420302351,577.8354311578221,6974700
2025-07-31,574.2379760742188,581.294587506407,573.0717570402004,580.9684829133328,7046800
2025-08-01,564.7796630859375,569.0195656026452,562.6448422788709,569.009672677741,8781300
2025-08-04,573.3682250976562,573.4374152486846,568.3672912783825,568.4562069563387,6640100
2025-08-05,570.6107177734375,574.7123000195998,569.6718551373333,574.0105659508642,4647400
2025-08-06,574.8507690429688,575.4734201368838,570.6701030805797,571.5003246467056,4545000
2025-08-07,574.5048217773438,578.685487765358,571.5596253817185,578.0430508160418,4594300
2025-08-08,578.9028930664062,579.3278666180797,575.799530491616,576.1256954304235,4342300
2025-08-11,577.716796875,580.5038869967221,576.6296610142621,579.189455168652,5373900
2025-08-12,583.884033203125,584.0619248789951,578.596445936801,579.9010452158929,5851900
2025-08-13,585.9200439453125,587.0961559674074,583.9137103629729,585.9397694739182,5393000
2025-08-14,585.9298706054688,586.5822004653414,583.60732536182,584.0224059763738,6236700
2025-08-15,584.6648559570312,587.0170800298517,583.7654442289255,586.928104020532,7196300
2025-08-18,584.4573364257812,585.109666357068,583.459115998286,584.08176714964,5311700
2025-08-19,581.2649536132812,585.2083699825303,580.0888416853725,584.3485300368766,6739300
2025-08-20,579.7330932617188,581.1365012553422,575.0582637202687,580.9487166396469,7113600
2025-08-21,577.4500732421875,579.6145126758679,575.848987669078,578.1023427886435,4807300
2025-08-22,586.28564453125,587.3826733290728,579.0016773401636,579.4266508296975,6389300
2025-08-25,583.8049926757812,586.3054295675703,583.6567194403945,585.1392105033991,6483000
2025-08-26,586.1373901367188,586.5030664144047,582.9055405403318,583.4886801933159,4776600
2025-08-27,587.4815673828125,588.19319449215,585.5246983968915,585.6037814807553,6171400
2025-08-28,589.55712890625,590.1006969568427,586.3450645895302,588.1240419927075,5058700
2025-08-29,586.1571655273438,588.5983049765928,584.3485096978776,588.2919259298711,7512000
2025-09-02,581.8381958007812,581.9271114784844,576.8569875226136,579.2191042848265,11116700
2025-09-03,584.8130493164062,585.3171059326835,581.9074247241559,583.9136979410978,8205900
2025-09-04,589.626220703125,589.8041123814933,584.694416719279,585.5542566594155,8045600
2025-09-05,588.0153198242188,592.6011133349103,584.5462808321922,591.9191649832921,6641500
2025-09-08,589.5372924804688,590.4366438700025,588.0844801613641,589.3495078620759,9472200
2025-09-09,590.9703369140625,591.3854175008111,588.0646521613971,589.6459517546286,7844800
2025-09-10,592.6801147460938,594.7259595190184,591.1778379297908,593.9056309603569,21641100
2025-09-11,597.5131225585938,598.1653921214505,593.8760848490475,594.4097599459304,9109700
2025-09-12,597.3845825195312,598.9065849138767,596.9003117723629,597.5328557502911,8130500
2025-09-15,600.4978637695312,600.6757554605127,599.1240742237828,599.3908815988967,7710700
2025-09-16,599.7071533203125,601.3181317866141,598.9856936312176,601.0611570144115,6393200
2025-09-17,599.0153198242188,601.2291633246782,594.5282752754946,599.7565652992499,11613600
2025-09-18,601.8319702148438,604.1743008632786,599.9838031685716,601.4465081277075,11057500
2025-09-19,604.6389770507812,605.5185426079889,601.7431246305556,603.4924834645876,6065700
2025-09-22,607.5841064453125,608.038698401151,603.3837153798997,603.3936083046287,11583800
2025-09-23,604.4016723632812,608.0782813907309,603.2157278280197,607.5347134249505,10753000
2025-09-24,602.385498046875,605.5876688934721,601.0907916780913,605.4789673663535,23787300
2025-09-25,599.509521484375,600.8338463696774,596.3072901581347,599.5391399374444,6965700
2025-09-26,603.0377807617188,603.5715161296687,599.489719406375,600.93269903304,6438600
2025-09-29,604.7327270507812,606.2690034794704,603.0972989360665,605.3868619995277,5658800
2025-09-30,606.9628295898438,607.4385641029523,602.8892015832687,604.0389134883588,6515700
2025-10-01,609.1334228515625,609.9461762599813,604.1776536503963,604.3065084892451,10020000
2025-10-02,609.8074340820312,611.0265340147731,607.5971802539915,610.9571459826743,7139500
2025-10-03,609.85693359375,612.9493286737832,608.8558585559084,610.501207775102,7210700
2025-10-06,611.9384155273438,612.8106357611471,610.0353565652835,611.9978823389563,6056400
2025-10-07,609.7578735351562,613.2665364601952,608.3900763535647,612.8304263371481,7466300
2025-10-08,613.2963256835938,613.4251805318138,610.0156086536299,610.7688348109953,5035200
2025-10-09,611.6410522460938,614.1090762922731,609.8372053698779,613.7522149091221,5898500
2025-10-10,595.1978149414062,614.1189082767044,594.9202628225255,612.5231650788321,13664200
2025-10-13,604.2173461914062,605.6248283598899,601.2141811742124,601.9971710180481,6968400
2025-10-14,603.3648681640625,606.7248940226723,595.1977706339815,598.8551305298075,7493500
2025-10-15,606.021240234375,610.7589850580655,600.4608812052533,607.6467471986296,6504900
2025-10-16,602.0169677734375,609.3613913829289,598.7957176737036,607.686338911258,7594800
2025-10-17,605.3571166992188,606.6059801914836,599.7471522014621,600.9762337540849,6911000
2025-10-20,611.7103881835938,612.5429840130611,608.0827918082388,608.0827918082388,4086200
2025-10-21,611.6311645507812,613.266532129235,610.530937785371,611.8690317989032,4216200
2025-10-22,608.5387573242188,612.364657520441,604.4354259767248,612.364657520441,6961600
2025-10-23,611.97802734375,612.9988843380182,608.5585345081345,608.8162441849097,5851800
2025-10-24,617.0428466796875,618.2718678331313,615.7147343346045,616.4184148847551,5694900
2025-10-27,624.4269409179688,624.7143537632826,621.6120372965637,622.1869234824228,7804300
2025-10-28,626.1019897460938,627.7869634219493,624.0701364142817,626.121832181942,5625600
2025-10-29,626.3596801757812,628.5203882837203,622.3157555770916,627.6085436912023,6104500
2025-10-30,619.7090454101562,625.0513793694379,619.5702693473934,623.2474720392169,6243300
2025-10-31,621.4930419921875,624.3674121409896,618.9755331791556,624.268320961469,7058600
2025-11-03,622.7122802734375,624.9621584902641,619.6297456672586,624.8432248618518,5568100
2025-11-04,615.4966430664062,619.639659057718,614.7136532733779,616.1508385096427,8390500
2025-11-05,617.35009765625,620.4623353909647,614.3469328258561,615.1002194617981,10323100
2025-11-06,610.7886352539062,617.2806808341932,609.3812137338449,616.458066700095,7099400
2025-11-07,611.432861328125,611.5617161573444,602.5421805881117,608.6576428819092,7571300
2025-11-10,620.9281005859375,621.6616052240138,615.1694993485669,617.1815706279415,8425000
2025-11-11,622.3553466796875,622.930232813797,618.5493500216464,619.6296737702445,5639200
2025-11-12,622.6626586914062,624.1989955947708,620.5614173147538,624.0800619693174,6090200
2025-11-13,612.5231323242188,620.4821264427347,611.0562440463785,620.1351863126863,13065800
2025-11-14,612.3646240234375,615.7245897299143,604.4353929134587,606.3383914411886,9681700
2025-11-17,606.6257934570312,613.9702775188156,603.424385812025,610.2930748789496,8902500
2025-11-18,601.63037109375,606.1004845186749,597.6657557982393,603.3351266331099,8542600
2025-11-19,603.8109130859375,608.1422503955523,600.3121110993055,602.1457819447444,7449400
2025-11-20,594.6526489257812,615.6353576966861,594.0579203553464,613.2466431882749,13985000
2025-11-21,600.56982421875,605.604902540592,593.0866250101194,596.9223854368199,9821400
2025-11-24,609.5001831054688,610.640034291217,602.9288278935439,603.8902786363046,6242700
2025-11-25,615.1694946289062,616.2498788953724,605.5850542633186,609.3415659050949,7389500
2025-11-26,619.421630859375,621.2651625616477,616.7554244961058,617.5483355029211,5323200
2025-11-28,622.8510131835938,623.0690985052433,620.1749459745811,620.4921224909219,2953200
2025-12-01,619.986572265625,622.4545356595735,618.5790902496527,618.648478278206,9191600
2025-12-02,621.0371704101562,623.2077996710751,619.0944871667715,621.463359288481,5280600
2025-12-03,623.2078247070312,624.2088997732967,619.4216097461683,620.2343631614013,6338400
2025-12-04,623.733154296875,624.6053745924423,620.9380929627026,624.5558289951285,5147700
2025-12-05,624.9027099609375,627.3805947840858,623.9115560316782,624.724309513099,5693100
2025-12-08,623.0491943359375,625.8838797698747,621.1561171392112,625.7748673674685,6876700
2025-12-09,622.543701171875,624.6350817454959,622.1075910635404,622.6230104175438,12849000
2025-12-10,626.5677490234375,627.9058429280077,620.9280815767378,622.0778538426748,22457400
2025-12-11,628.1041259765625,628.2626839741348,621.7210927839441,624.4269234269875,33921000
2025-12-12,621.3245849609375,627.8265515444172,618.9557128326529,627.2021198035685,8534700
2025-12-15,620.4227294921875,624.9820133257315,619.0450110246408,624.9820133257315,11337200
2025-12-16,618.6881713867188,620.6803398250032,615.1596660725826,619.0251298210586,15819600
2025-12-17,611.8888549804688,620.1055597837402,611.7005333138076,619.6595284158337,21356900
2025-12-18,616.507568359375,620.4027954299635,615.0803045056672,617.5383465055763,37062400
2025-12-19,622.0084838867188,622.5734488190295,618.3412026829914,618.4601363008222,10487000
2025-12-22,625.9256591796875,626.462435761178,624.0073259650276,625.170240780872,9850100
2025-12-23,628.8479614257812,629.0567146350801,625.1206155439686,625.1405141352647,13798500
2025-12-24,630.9451904296875,631.4819063368776,628.7186717781915,628.8478912743275,3275200
2025-12-26,631.0048828125,632.2373821185158,630.0506604466641,631.3030583435626,3852100
2025-12-29,628.7783813476562,629.9611948756115,627.1383855482403,628.4802058083476,6579400
2025-12-30,627.9036865234375,629.3847362426766,627.5955616914212,628.3808280481095,4180400
2025-12-31,623.3414306640625,628.321174306737,623.1525760522057,628.122370399556,5556800
2026-01-02,624.5043334960938,627.8440206730822,621.433034621939,626.830223898974,11337000
2026-01-05,628.6392822265625,630.2096936449323,627.4166714981994,627.5657896032119,16175600
2026-01-06,632.3665771484375,632.8337086846144,628.7088158873062,628.8181368000583,8672000
2026-01-07,630.3388671875,634.364388398435,630.1003267700273,632.7343419902274,8820100
2026-01-08,630.2295532226562,631.2632485985795,628.4205408149647,629.6530400964517,9017400
2026-01-09,634.453857421875,635.5770357514454,629.9710933985081,631.3129742169032,7864100
2026-01-12,635.4776611328125,636.2926539819083,631.3228598626637,631.3527077472665,7929800
2026-01-13,634.1755981445312,636.2827860663717,631.9789272324014,635.8155938574095,8860000
2026-01-14,631.104248046875,632.2771122348082,627.1880476680589,631.6509132926965,8683400
2026-01-15,632.7740478515625,635.7161877462142,631.8596227400693,634.911083543028,6937000
2026-01-16,632.247314453125,634.6526778944173,630.8457984950747,634.1060126577282,6733700
2026-01-20,619.385498046875,625.9555516594215,618.4610629054321,622.9736750304544,14877600
2026-01-21,626.4822998046875,629.5735579251939,619.8824591674239,621.2441779344317,10403800
2026-01-22,629.7424926757812,631.7800961099325,627.9334803554502,630.5972826953481,6085500
2026-01-23,630.0009765625,631.6310230261056,628.1521669313868,629.0567034892177,5850400
2026-01-26,633.2412719726562,634.5334063474975,630.6867904420004,631.193719163357,9007400
2026-01-27,635.83544921875,636.7299757286575,634.01648764896,634.5631528494195,4339600
2026-01-28,635.736083984375,637.9327549788177,634.3644158580984,637.1773365131655,5568700
2026-01-29,634.4141235351562,637.1673482484503,626.0151592658927,636.5610479204715,8697200
2026-01-30,632.37646484375,634.5930343128545,628.1323018448974,632.4063127288746,6562300
2026-02-02,635.8155517578125,637.0878481294003,630.2394575036581,630.3487784106579,9490300
2026-02-03,630.3190307617188,637.127624636739,625.3094393171525,636.461689191973,9702800
2026-02-04,627.0985717773438,632.0783154846036,623.2122192405427,631.0943058976957,11322000
2026-02-05,619.335693359375,624.9515847493406,617.7453835733044,622.456738497629,11714700
2026-02-06,631.4024047851562,632.873444457358,622.4170386976657,622.9338560420853,12987900
2026-02-09,634.3743286132812,636.1237058716187,629.285264225263,630.2394865479288,8908500
2026-02-10,632.59521484375,636.7499558321192,632.2374041939814,635.2789160498899,13645300
2026-02-11,632.5056762695312,637.276727179629,630.0108905697201,636.620680379596,5345000
2026-02-12,622.705322265625,635.656636283277,621.9797516577522,634.652728054257,8951100
2026-02-13,623.1029052734375,627.3570177908472,619.3556608318796,623.1426417892584,9312800
2026-02-17,624.1961669921875,626.1244494596028,617.7553334857993,621.7609558383565,8718600
2026-02-18,627.337158203125,629.9711127799449,624.2061635303085,625.3094433039927,9509200
2026-02-19,625.7269287109375,627.2675527576046,623.0233291582808,625.1504156053861,5212400
2026-02-20,630.1898193359375,630.7464338739763,623.2420565725196,623.6892895288598,7482000
2026-02-23,623.8384399414062,630.7762537689327,621.9697923240972,628.7883359348965,10868700
2026-02-24,628.3907470703125,629.2654357125624,621.6218897212324,623.3613177105922,6930300
2026-02-25,633.6785888671875,634.1457203877115,630.9054049624871,630.9352528466555,12135200
2026-02-26,630.1202392578125,633.9171694301511,625.6275257415438,633.7978992187842,9497700
2026-02-27,627.227783203125,627.8738807349088,623.1525761045295,624.4447105016621,10471100
2026-03-02,627.4663696289062,629.5139224256816,619.8327123026569,620.4191747152204,9211400
2026-03-03,621.9398803710938,623.9973823973519,612.1593596083252,617.0595692844848,18493400
2026-03-04,626.3729858398438,628.1422617269309,621.2938706355266,623.13267025621,13489800
2026-03-05,623.0233154296875,626.6910258426402,617.646024993958,623.5003962422892,12198800
2026-03-06,614.6939697265625,618.0635048176132,612.2786569798124,615.5985062612132,9739200
2026-03-09,620.031494140625,621.542330946535,605.5197197672502,609.1575823221168,13929200
2026-03-10,618.9580078125,624.703118917018,616.8806678500829,619.5544195048814,15570400
2026-03-11,618.272216796875,621.6516402913978,615.5586680402731,619.4351315974586,6433300
2026-03-12,608.7998046875,613.9783522130032,608.7202709917146,613.491261409448,15487600
2026-03-13,605.4104614257812,614.5946320815423,604.5755092450586,611.8214478858587,25527500
2026-03-16,611.4735717773438,614.3461275285033,609.8335153427746,611.006379552641,8303200
2026-03-17,613.1632690429688,616.5228546969976,612.5470194298802,614.6343086785441,9941800
2026-03-18,604.7046508789062,612.1692910659127,604.4561611824888,610.9765283898234,14276900
2026-03-19,603.0845336914062,606.0067751441085,598.8999450829019,600.4903156465963,10271900
2026-03-20,594.3277587890625,601.9414569072442,590.9781223088967,601.7725008888926,17685700
2026-03-23,600.778564453125,607.3387295253531,599.416845627479,603.1938772752512,24014300
2026-03-24,598.7409057617188,602.2495487731062,595.6993942656367,597.0014778647273,18363300
2026-03-25,602.0010375976562,605.7582308410098,599.7149445764509,603.7305768047668,23288300
2026-03-26,591.3259887695312,600.2616692258608,591.0874483494522,597.6674511578492,7712600
2026-03-27,581.267333984375,589.1144777126154,580.340041643732,588.9648889107974,11707700
2026-03-30,579.2431640625,586.9606799244748,576.780365337597,586.681524598016,11839200
2026-03-31,595.81494140625,597.1111545541363,584.797038362315,585.6445459587967,12447300
2026-04-01,600.5511474609375,603.5922792987799,598.5270734220991,599.3147576665046,11332500
2026-04-02,601.2391357421875,603.033897052521,591.3080947579734,592.5045617262401,12780100
2026-04-06,603.9113159179688,604.679099565039,600.860203588715,601.1693010160667,6316800
2026-04-07,604.2802734375,604.5495089369605,596.762188576322,601.8274552706249,6690000
2026-04-08,619.535888671875,620.6825129888314,615.50758036616,619.9945140554843,9805100
2026-04-09,623.2052001953125,624.3518245199318,617.6015233967194,618.5387964301815,5498300
2026-04-10,622.786376953125,625.1694519162147,621.9089272667818,624.5113950804241,4609400
2026-04-13,628.8886108398438,629.068141746439,620.1739980599084,620.9417817607915,5158400
2026-04-14,636.4964599609375,636.6660101659483,630.3842541856149,630.394234886843,5042900
2026-04-15,641.5816650390625,641.9206437210339,636.3767903935311,637.3340248080247,5165600
2026-04-16,642.987548828125,644.1940573414455,640.2854566217476,642.6385894427339,5882400
2026-04-17,650.8845825195312,652.978460504779,646.9759210221027,647.2949991560519,7815300
2026-04-20,649.6481323242188,650.7050520182237,647.2850188493404,649.7279170722375,6384100
2026-04-21,645.37060546875,651.9613976641574,644.064411698874,651.0440860724256,8514900
2026-04-22,652.0013427734375,652.2904788128074,649.1995043990852,650.086873919197,4537200
2026-04-23,649.3689575195312,652.9984027213983,643.7851816263676,650.3361117357704,6519500
2026-04-24,654.5139770507812,654.9128399388437,649.9273581277243,651.5027874202591,4793800
2026-04-27,655.5908813476562,655.9897442498248,652.9386317078322,653.7661779000335,5319200
2026-04-28,652.3602905273438,653.4870143109248,650.1168236613001,652.5098184703198,5527100
2026-04-29,652.34033203125,652.8189188235992,649.3690042655251,651.7221371384875,6302000
2026-04-30,658.6619262695312,659.8484733645753,651.2535076655925,655.0923042835946,5948400
2026-05-01,660.5963134765625,664.4849528457122,660.4567053773899,661.1646657163936,5426500
2026-05-04,658.2032470703125,661.9223970342584,655.4811934705715,660.0678124027411,5962400
2026-05-05,663.3682250976562,664.6145956020702,661.4039743945087,661.6532484953915,5052600
2026-05-06,672.7009887695312,673.3790678345035,667.2070390665722,667.5061557964536,6441500
2026-05-07,670.587158203125,674.7949364517899,668.9718669826326,673.8576634472385,6260300
2026-05-08,676.0711669921875,676.5597953097122,673.4089368576604,673.7379956835236,4348100
2026-05-11,677.5469360351562,679.0824425161985,675.1140184895723,675.1140184895723,5693400
2026-05-12,676.6993408203125,677.2876544251811,670.8463903046786,675.5028130676155,6073400
2026-05-13,680.4285278320312,681.9241724326588,674.236598134511,676.9287705872277,4918000
2026-05-14,685.7330322265625,687.0990493154267,681.6748429038888,681.7546276496565,5370000
2026-05-15,677.4671630859375,681.5353333338866,676.4700667114944,680.0595893163164,6448500
2026-05-18,676.9386596679688,679.6308319983431,672.2922174306617,678.2049915134924,7585400
2026-05-19,672.6312866210938,676.1809473674391,670.5971710179281,673.5984409163759,5664200
2026-05-20,679.5910034179688,680.0197475687622,672.7808179380188,674.3562472966549,5506800
2026-05-21,680.8572998046875,682.8415118079786,675.6524252009126,677.1082077837469,7335400
2026-05-22,683.5593872070312,686.5806183444705,682.4924868148298,684.1077780252463,4319800
2026-05-26,688.0064697265625,689.5021142679227,686.0820810529642,687.6475296425398,6633800
2026-05-27,687.9566040039062,688.7742302953759,685.9224885468103,688.3554060201326,7386500
2026-05-28,691.8950805664062,692.2739820366038,686.8497756220142,687.7571673535666,8477100
2026-05-29,693.4705200195312,694.9761452220588,691.87519022733,692.981952552842,5080400
2026-06-01,695.2752685546875,697.0301678575355,691.9250394444856,692.5232729077605,10051200
2026-06-02,696.2325439453125,697.1199743496946,693.759764340947,694.0389196876005,4750700
2026-06-03,691.3467407226562,695.6243231994247,690.8382118247522,695.055970952234,5970400
2026-06-04,694.0388793945312,695.1755838336171,688.8938890323536,689.4821417954013,6630000
2026-06-05,676.0313110351562,690.1701296768632,674.2863924594756,689.7015236140584,10846500
2026-06-08,677.7064208984375,683.3001166594861,676.7292859773222,681.485394050322,8867200
2026-06-09,675.7322387695312,684.7659296699894,662.3910841415923,681.7247978381474,16197200
2026-06-10,665.1130981445312,676.908764828766,664.943608807788,672.3620079751116,16472700
2026-06-11,676.2606201171875,678.4044015562152,664.066151553439,668.1542221372476,19974200
2026-06-12,679.9698486328125,682.452608736131,673.8476626127706,679.1023797017236,6328000
2026-06-15,691.8153686523438,693.7297765794715,689.2528237628894,689.2926857075207,14068900
2026-06-16,687.7471923828125,692.5532039877361,687.4380949553847,691.8153624421296,13324100
2026-06-17,679.431396484375,689.5220675268852,677.6665773298051,688.7542838635158,15029600
2026-06-18,686.1119384765625,687.6973484128507,683.7089631076961,687.2984855391632,17747900
2026-06-22,684.1077880859375,689.4921327717968,683.0110064333779,687.1688812133426,13367200
2026-06-23,674.3761596679688,679.7504626430755,673.0599852073517,674.3960602112073,17581700
2026-06-24,673.72802734375,680.089506851527,671.7238539662496,675.712239319944,9677000
2026-06-25,673.7479858398438,679.5610136500771,670.6270694454009,679.1622116311859,26266500
2026-06-26,670.260009765625,676.9600219726562,668.0999755859375,669.9600219726562,6007600
2026-06-29,681.010009765625,681.5700073242188,672.9299926757812,677.010009765625,5703800
2026-06-30,686.8099975585938,687.530029296875,680.989990234375,681.3200073242188,9892400
2026-07-01,685.4600219726562,688.8300170898438,682.2999877929688,684.72998046875,8659300
2026-07-02,684.8400268554688,690.5,680.219970703125,686.97998046875,6994700
2026-07-06,690.6199951171875,691.5800170898438,687.0,688.1099853515625,5610000
2026-07-07,687.0800170898438,690.239990234375,684.989990234375,689.5800170898438,4847400
2026-07-08,685.260009765625,685.8400268554688,679.72998046875,683.0999755859375,4839800
2026-07-09,690.6900024414062,691.1900024414062,685.2899780273438,686.9500122070312,6423900
2026-07-10,693.8599853515625,694.3300170898438,687.6300048828125,691.25,5326400
2026-07-13,688.5,692.9600219726562,687.5399780273438,691.5999755859375,6637600
2026-07-14,691.0999755859375,692.4000244140625,688.2000122070312,690.2100219726562,4610200
2026-07-15,693.7999877929688,694.5,689.5800170898438,693.27001953125,4132800
2026-07-16,690.1400146484375,693.5499877929688,687.4299926757812,691.97998046875,4764000
2026-07-17,683.1699829101562,686.8699951171875,680.9199829101562,682.1199951171875,5679300
2026-07-20,682.2100219726562,688.2000122070312,681.5700073242188,686.6699829101562,5360300
2026-07-21,687.8699951171875,688.489990234375,684.030029296875,685.9500122070312,4075500
2026-07-22,687.030029296875,689.4000244140625,686.02001953125,686.2899780273438,3418300
2026-07-23,678.6099853515625,682.5499877929688,675.760009765625,679.5499877929688,4983100
2026-07-24,679.1400146484375,683.5499877929688,677.7000122070312,678.7999877929688,6311600
2026-07-27,679.3099975585938,685.239990234375,676.4000244140625,684.6900024414062,5232200
2026-07-28,680.9600219726562,682.760009765625,676.47998046875,679.4500122070312,5090000
2026-07-29,670.6300048828125,682.6300048828125,670.1599731445312,680.1199951171875,7970700
2026-07-30,681.7899780273438,682.4400024414062,675.2100219726562,676.5399780273438,6094800
2026-07-31,686.6500244140625,688.3499755859375,678.0599975585938,684.5,7715400
2026-08-03,696.4000244140625,697.3099975585938,688.6099853515625,688.8300170898438,7283200
2026-08-04,708.97998046875,710.9099731445312,699.0700073242188,699.1599731445312,6566400
2026-08-05,707.5999755859375,714.1599731445312,707.3200073242188,713.1400146484375,5225700
2026-08-06,706.4000244140625,709.4600219726562,705.4299926757812,707.9299926757812,4668700
2026-08-07,710.7100219726562,711.3699951171875,707.4400024414062,708.72998046875,4653100
2026-08-10,710.6500244140625,712.4400024414062,709.5,710.3099975585938,6689300
2026-08-11,708.4199829101562,712.0,707.0,711.9600219726562,5169300
2026-08-12,710.1699829101562,712.260009765625,708.9299926757812,712.1199951171875,4919100
2026-08-13,714.9500122070312,716.3900146484375,711.6099853515625,712.2999877929688,4590000
2026-08-14,713.6099853515625,715.8900146484375,712.7999877929688,715.6300048828125,4236400
2026-08-17,710.27001953125,714.0499877929688,710.0999755859375,713.5,5745000
2026-08-18,705.4000244140625,707.3499755859375,704.9600219726562,706.6099853515625,5278600
2026-08-19,706.9099731445312,710.0999755859375,706.0999755859375,708.1900024414062,7021800
2026-08-20,701.010009765625,706.0800170898438,700.469970703125,704.0499877929688,8458600
2026-08-21,703.7100219726562,705.7999877929688,702.4400024414062,704.0700073242188,10712800
2026-08-24,701.8300170898438,703.3900146484375,700.530029296875,702.969970703125,7727600
2026-08-25,704.02001953125,704.8400268554688,701.4500122070312,704.2899780273438,4315600
2026-08-26,704.2000122070312,705.3200073242188,702.22998046875,702.9000244140625,7157800
2026-08-27,708.75,709.9600219726562,705.2100219726562,706.3900146484375,6745700
2026-08-28,707.239990234375,712.6699829101562,706.260009765625,709.3900146484375,8084500
2026-08-31,704.8900146484375,705.9400024414062,702.9600219726562,705.3599853515625,5733400
2026-09-01,700.280029296875,702.9099731445312,698.1400146484375,700.4500122070312,6486900
2026-09-02,703.4099731445312,704.530029296875,700.1799926757812,700.8499755859375,7742300
2026-09-03,710.719970703125,711.52001953125,705.510009765625,705.8200073242188,8585400
2026-09-04,708.010009765625,710.4500122070312,706.9000244140625,709.719970703125,6806600
2026-09-08,704.0700073242188,707.510009765625,703.3699951171875,706.97998046875,7827600
2026-09-09,700.8699951171875,702.7100219726562,699.489990234375,702.3499755859375,4293300
2026-09-10,696.6500244140625,698.6400146484375,695.5399780273438,696.780029296875,18313400
2026-09-11,702.5599975585938,704.5,701.9299926757812,703.0,5792000
2026-09-14,699.2999877929688,701.8499755859375,696.719970703125,697.780029296875,6801300
2026-09-15,696.2000122070312,698.9400024414062,695.0900268554688,698.77001953125,9657900
2026-09-16,693.239990234375,700.0999755859375,689.0399780273438,698.1699829101562,14168400
2026-09-17,701.030029296875,701.8800048828125,698.6099853515625,701.5999755859375,9903400
2026-09-18,701.780029296875,702.1900024414062,698.5,701.5800170898438,9586400
2026-09-21,712.780029296875,714.0800170898438,705.9600219726562,706.1900024414062,8859800
