Price,Close,High,Low,Open,Volume
Ticker,VT,VT,VT,VT,VT
Date,,,,,
2008-06-26,33.7874755859375,34.066879767524235,33.62392071396688,34.01917420516975,15800
2008-06-27,33.73297119140625,35.06184633402154,33.569416247858584,35.06184633402154,26800
2008-06-30,33.760215759277344,35.24582898692985,33.637550256104824,35.24582898692985,23900
2008-07-01,33.46036911010742,33.80110607701123,32.53356674380713,33.48081509586104,55100
2008-07-02,32.96971130371094,33.86244053814385,32.96971130371094,33.76022100270165,74700
2008-07-03,33.05830764770508,33.26275195863918,32.75164638053874,33.235492370565645,17600
2008-07-07,32.99015808105469,33.25593253997992,32.57445850186715,33.24230274726361,55500
2008-07-08,33.051483154296875,33.092372522927036,32.14512164678578,32.79252235220563,54300
2008-07-09,32.66986083984375,33.65799860579911,32.64260385704134,33.65799860579911,28900
2008-07-10,32.61533737182617,32.922001110097725,32.43815272321758,32.922001110097725,20800
2008-07-11,32.47222900390625,32.88111226161345,32.15874906673995,32.88111226161345,22500
2008-07-14,32.36320495605469,33.25593433028683,32.220093424637675,33.25593433028683,37900
2008-07-15,31.8657169342041,32.329119372564016,31.57949915736701,32.076974769214694,24800
2008-07-16,32.51993942260742,32.51993942260742,31.74987309103645,31.92705518344954,23700
2008-07-17,32.935638427734375,33.06511754699714,32.60171503647567,32.92200863629352,26000
2008-07-18,32.901554107666016,33.085552344923954,32.4790410811568,33.0378493870737,18300
2008-07-21,33.00379943847656,33.31727698194451,32.90157725709359,33.31727698194451,18200
2008-07-22,33.187774658203125,33.187774658203125,32.697112689168605,32.91518409771367,29300
2008-07-23,33.44674301147461,33.71251743840117,33.3513344739474,33.65799827409991,47200
2008-07-24,32.710758209228516,33.37860254404616,32.697128414687235,33.37860254404616,39900
2008-07-25,32.85384750366211,32.85384750366211,32.65621950043474,32.710738645993715,9000
2008-07-28,32.329132080078125,33.051495600192055,31.688547328019187,33.051495600192055,71800
2008-07-29,32.64261245727539,32.64261245727539,32.32913237609597,32.39728135009913,19700
2008-07-30,33.187774658203125,33.20140444618922,32.91518409771367,33.01740620780128,33400
2008-07-31,32.85384750366211,33.28317667628324,32.84703391027521,33.28317667628324,14800
2008-08-01,32.663047790527344,34.08732850055304,32.540382267205175,32.840229879983305,46500
2008-08-04,32.186031341552734,33.09920702071636,32.186031341552734,33.09920702071636,27300
2008-08-05,32.97652053833008,33.20140816587134,32.281416870861435,33.18096218179343,35000
2008-08-06,33.194583892822266,33.34450894136289,32.86747682296483,33.08554820286979,22100
2008-08-07,32.43815612792969,33.11963001800902,32.43815612792969,33.11963001800902,45400
2008-08-08,32.867488861083984,32.887932248057744,32.07697916949072,32.47223531509578,40600
2008-08-11,33.06510925292969,33.14688538144516,32.6971127751857,33.01740629466098,34300
2008-08-12,32.6085319519043,33.092380498650826,32.49268261228903,33.092380498650826,34300
2008-08-13,32.247352600097656,32.50631347311022,31.96113474015003,32.50631347311022,44100
2008-08-14,32.39045333862305,32.39045333862305,31.83846114843058,31.83846114843058,87500
2008-08-15,32.36320495605469,32.465424507504224,31.443213395305136,32.438164920604095,21800
2008-08-18,31.824838638305664,32.67668120036087,31.818022442023594,32.67668120036087,23500
2008-08-19,31.55223846435547,31.845272425310526,31.49772190862377,31.845272425310526,25500
2008-08-20,31.83847427368164,31.89299085585614,31.593143154852196,31.89299085585614,20400
2008-08-21,32.08378601074219,32.15193234719763,31.48408837139311,31.48408837139311,20600
2008-08-22,32.25415802001953,32.47222944034317,32.13830611568838,32.3359341527368,22300
2008-08-25,31.66126251220703,32.13148095521015,31.484080521827977,31.484080521827977,50500
2008-08-26,31.824838638305664,31.824838638305664,31.477285417201514,31.51136119937748,37900
2008-08-27,31.8657169342041,32.063344979896286,31.702164661616195,31.797570587228556,26200
2008-08-28,32.54037094116211,32.54037094116211,32.288226386369146,32.485851794387415,34100
2008-08-29,32.247352600097656,32.79934752950455,32.226909209992044,32.79934752950455,20000
2008-09-02,31.347801208496094,32.49949123007663,31.347801208496094,32.24734660042272,28800
2008-09-03,31.45684051513672,31.927056650920886,31.45684051513672,31.620395423019122,30700
2008-09-04,30.298320770263672,31.65445460807581,30.298320770263672,31.65445460807581,114200
2008-09-05,30.100709915161133,30.666334669096376,29.76678906010561,30.666334669096376,75600
2008-09-08,30.952531814575195,31.8248198509149,30.63224096806189,31.8248198509149,54800
2008-09-09,30.182476043701172,31.20468677139794,30.08025393108497,31.20468677139794,42400
2008-09-10,30.427812576293945,30.66632741635219,30.121148782207065,30.632254239146267,50300
2008-09-11,30.40736961364746,30.40736961364746,29.725895603303666,29.841747536862975,71600
2008-09-12,30.748106002807617,30.82988475413478,30.25063029717719,30.632256671186298,19100
2008-09-15,29.487377166748047,30.564104620830744,29.37834144228883,30.257443433025692,123900
2008-09-16,29.978044509887695,29.984858106534894,28.621910010783306,29.133015546690153,128500
2008-09-17,28.356136322021484,29.91671255816057,28.335692931904717,29.569159328471944,118100
2008-09-18,29.848554611206055,29.848554611206055,24.430836892824352,27.947241913876848,129000
2008-09-19,31.627208709716797,31.627208709716797,30.686773847738525,31.627208709716797,78100
2008-09-22,30.482324600219727,32.01564074268319,30.284696562394277,31.62038726664869,58000
2008-09-23,30.679954528808594,31.48409391882786,29.98485085609957,30.918469348044578,94700
2008-09-24,29.712257385253906,32.029269403204594,29.541888930981543,32.029269403204594,44300
2008-09-25,30.557289123535156,30.90483966123756,29.89625862285848,30.564102718557468,58500
2008-09-26,30.85032081604004,31.041132657923438,29.814480275099754,29.814480275099754,92100
2008-09-29,28.894500732421875,30.42781734346654,27.095407058451027,30.42781734346654,100000
2008-09-30,29.31019401550293,31.347802309448504,28.328872444286613,29.23523406322372,98100
2008-10-01,28.880863189697266,29.187526949540626,28.34249821126298,28.34249821126298,90200
2008-10-02,27.327110290527344,28.928575980631425,27.327110290527344,28.75139125936197,152700
2008-10-03,27.08858299255371,28.362938244436663,27.08858299255371,28.349308456763197,111800
2008-10-06,25.793785095214844,26.98636437490725,24.757947094230268,26.98636437490725,192200
2008-10-07,24.608022689819336,26.727406912785654,24.533060145657835,26.727406912785654,154600
2008-10-08,24.226394653320312,24.873795325552496,23.722105464149095,24.84653574786313,117200
2008-10-09,23.067895889282227,24.64210190361676,22.16835033812456,24.567139341084083,141600
2008-10-10,22.33871841430664,23.91973799435274,21.037104389173386,22.147906513147788,387600
2008-10-13,25.344013214111328,26.066376478528607,23.354110688925896,26.066376478528607,368800
2008-10-14,25.88237953186035,26.897776830701808,24.32180360931266,26.897776830701808,235800
2008-10-15,22.740774154663086,24.53305051759053,22.291001665825213,24.32179275782745,140800
2008-10-16,23.279146194458008,23.28595978900456,21.125688971069163,22.5567829905531,196000
2008-10-17,23.054264068603516,23.9197336633647,22.52271264079279,22.98611511651665,84500
2008-10-20,24.669368743896484,24.669368743896484,22.999756286162565,23.306420223234998,113500
2008-10-21,23.142847061157227,24.39675881827849,23.054257348691714,24.39675881827849,160200
2008-10-22,21.445985794067383,22.54316062331369,21.1188785939223,22.54316062331369,207600
2008-10-23,21.398279190063477,22.038864989774872,20.750879795504993,21.807163770726245,134600
2008-10-24,21.24154281616211,21.418726196992637,19.762744310584647,20.430588461540047,157600
2008-10-27,20.055770874023438,20.95531593547964,19.96717856656638,20.355619661111472,129700
2008-10-28,21.261985778808594,22.209234065108742,20.083034967304567,21.11887558674271,51700
2008-10-29,22.82937240600586,22.91114853449303,21.255168284642476,21.255168284642476,92400
2008-10-30,23.027002334594727,23.544921323942585,22.28419572381372,23.544921323942585,70600
2008-10-31,23.027002334594727,23.340479686032022,22.24330635638502,22.29782551295662,89800
2008-11-03,23.04063606262207,23.64033128973104,22.461381623297175,23.613074306402023,83700
2008-11-04,24.28091812133789,24.349064478048664,23.544924990700554,23.640330929942383,112300
2008-11-05,23.006555557250977,24.526244499042928,22.999741962722858,24.526244499042928,145500
2008-11-06,21.650426864624023,23.020188307222217,21.616352388559168,21.90938768348348,160000
2008-11-07,22.706710815429688,22.706710815429688,21.923014767272416,21.923014767272416,179800
2008-11-10,22.495450973510742,23.36092308761632,22.147900448761426,23.36092308761632,144500
2008-11-11,21.60272216796875,22.624932971504023,21.364206053848868,21.807163808752502,125700
2008-11-12,20.61458969116211,21.343766705326406,20.519183741588037,21.200657780965297,115300
2008-11-13,22.15471076965332,22.168340556792415,19.98762530705097,20.44421277774629,210700
2008-11-14,20.83265495300293,22.14789966410199,20.83265495300293,22.14789966410199,77700
2008-11-17,20.655467987060547,21.466422073794572,19.762737782223574,21.261980478729235,110800
2008-11-18,20.805397033691406,21.05754162939302,20.04214575251763,20.675916638710238,177700
2008-11-19,19.42881965637207,20.723619713869237,19.422004761882143,20.63502868511662,254500
2008-11-20,18.140832901000977,19.69459231368858,18.12720311321752,19.319782248300143,275300
2008-11-21,19.565105438232422,19.565105438232422,18.16127025749001,19.08807472234907,246100
2008-11-24,20.580516815185547,21.146140224288153,19.762747435847718,20.08303977118726,273900
2008-11-25,20.791770935058594,21.493689590549582,20.321553532843915,21.445985320915153,157600
2008-11-26,21.296056747436523,21.439165624871386,20.198883487869985,20.198883487869985,76300
2008-11-28,21.459619522094727,21.555025481352192,21.227918221204842,21.452804625032236,41300
2008-12-01,19.694595336914062,21.0711729189611,19.674151951908808,21.0711729189611,132500
2008-12-02,20.63503074645996,20.63503074645996,19.899038965532505,20.525995023345402,115600
2008-12-03,21.05073356628418,21.05073356628418,19.967189693062373,20.382889290909716,121900
2008-12-04,20.26703643798828,20.982584912011358,19.92629944077972,20.798586621564695,137100
2008-12-05,20.914438247680664,20.914438247680664,19.59237827166374,20.144371869458134,512600
2008-12-08,21.7799015045166,21.99797290734505,21.33694380504531,21.69812537835998,253300
2008-12-09,21.4664249420166,21.92982733921039,21.30968627820345,21.677681458452074,230100
2008-12-10,21.90256690979004,22.059305567497507,21.377833086169044,21.377833086169044,325500
2008-12-11,21.575462341308594,22.18878985622669,21.425538559777635,21.90938567712322,220300
2008-12-12,21.773094177246094,21.82079714786868,20.98939806053168,21.473245262150364,266300
2008-12-15,21.60272216796875,22.154714338123235,21.241540549455316,22.154714338123235,208100
2008-12-16,22.78167152404785,22.78167152404785,21.58227736519027,22.400045223633,183800
2008-12-17,22.672643661499023,22.883901568757704,22.31827681687997,22.577237703258774,275200
2008-12-18,21.970726013183594,23.61989207876154,21.752653210482244,23.163305681960455,261700
2008-12-19,21.888938903808594,22.420490264098383,21.7049419557799,22.420490264098383,181500
2008-12-22,21.650426864624023,22.931598568878666,21.302875007612656,22.931598568878666,384500
2008-12-23,21.452791213989258,22.44774216657057,21.330125743165173,22.44774216657057,334300
2008-12-24,21.592041015625,22.06530908631338,21.201079866688975,21.201079866688975,158700
2008-12-26,21.7772274017334,21.94870163324311,21.598894043973953,21.94870163324311,123700
2008-12-29,21.763511657714844,22.428832589934505,21.509730498446395,21.640049987478424,244700
2008-12-30,22.332805633544922,22.339663451789544,21.65376650180156,21.9212658936586,245300
2008-12-31,22.620874404907227,22.806066840598977,22.127027909729232,22.42882415299954,305700
2009-01-02,23.231327056884766,23.299918316147824,22.538572345506427,22.62087924013309,205300
2009-01-05,23.2999210357666,23.834919838019673,22.80607437738573,23.834919838019673,236900
2009-01-06,23.217615127563477,23.389089397682824,22.97069437644298,23.039283037894833,110200
2009-01-07,22.70319175720215,23.21761455487129,22.49056534205228,23.21761455487129,82600
2009-01-08,22.62773895263672,22.778634485224917,22.428828231851227,22.64145458756289,183100
2009-01-09,22.079021453857422,22.504279438549506,22.079021453857422,22.504279438549506,131300
2009-01-12,21.516590118408203,22.154473248835053,21.37941019094849,22.154473248835053,65300
2009-01-13,21.33139991760254,21.530309394878753,21.242232562629326,21.516592447243934,115900
2009-01-14,20.583768844604492,21.249088454509003,20.47402543076962,21.249088454509003,202900
2009-01-15,20.823822021484375,21.132474718793606,20.09677065467989,20.775809466896984,136700
2009-01-16,21.07761573791504,21.77723103311512,20.57005208499874,21.77723103311512,79200
2009-01-20,19.527481079101562,21.941838086309723,19.458892446912074,21.941838086309723,146400
2009-01-21,20.576904296875,20.576904296875,19.527481706766412,19.726392409593487,64300
2009-01-22,20.179094314575195,20.775825413933568,19.73326142631055,20.775825413933568,166300
2009-01-23,20.206525802612305,20.329987476884032,19.54806528415611,20.062488054791796,103800
2009-01-26,20.34370994567871,20.768966766458572,20.117363932040487,20.247684760573108,127700
2009-01-27,20.734657287597656,20.954144026095474,20.343696371117897,20.659209538891627,198500
2009-01-28,21.372549057006836,21.468574212265647,21.187356564798026,21.310818226270566,34900
2009-01-29,20.460304260253906,21.269662803091254,20.460304260253906,20.878701783507502,100200
2009-01-30,20.165369033813477,21.015881051190572,20.0967790806834,20.858125074762583,39300
2009-02-02,20.131074905395508,20.3025491357511,19.815561641254046,19.891010721248765,199900
2009-02-03,20.528892517089844,20.65235415692678,20.137931529769144,20.515174266386985,29300
2009-02-04,20.384855270385742,20.871842746647353,20.343701822949882,20.576906872160595,26600
2009-02-05,21.276527404785156,21.276527404785156,20.20652703468453,20.227104417732754,56500
2009-02-06,21.39998435974121,21.406842177664355,21.029599396153078,21.029599396153078,54900
2009-02-09,21.338254928588867,21.598895198791546,20.72094661555293,21.585176945558608,63400
2009-02-10,20.34370994567871,21.194222278993404,20.227107374516894,21.194222278993404,50600
2009-02-11,20.487743377685547,20.700371075275196,20.131076633942175,20.700371075275196,50300
2009-02-12,20.439727783203125,20.439727783203125,19.891010768071393,20.19966490673584,50500
2009-02-13,20.36427879333496,20.61120078125413,20.220239767824673,20.377995736709458,69800
2009-02-17,19.273700714111328,19.67152081346939,19.21196989625884,19.657802563225648,137200
2009-02-18,19.157102584838867,19.479473689828342,19.033640920897685,19.479473689828342,192500
2009-02-19,19.10223388671875,19.61665669529334,19.026784789489454,19.37659245630956,141600
2009-02-20,18.519222259521484,19.067939432801925,18.46435054219344,18.594671361439396,169500
2009-02-23,18.22428321838379,18.99248843981603,18.210564964301405,18.96505193165126,154500
2009-02-24,18.9376163482666,19.026782381507164,18.27915455633709,18.443769677258295,137500
2009-02-25,18.663257598876953,18.923899203460103,18.36146384695772,18.896462694243027,59300
2009-02-26,18.532941818237305,18.999352102423117,18.423198375869468,18.875890402698047,78900
2009-02-27,18.244857788085938,18.580947111846754,18.039087933292198,18.361460313329037,352600
2009-03-02,17.312044143676758,17.991082174391774,17.222878088595902,17.991082174391774,97300
2009-03-03,17.168004989624023,17.531529617584503,17.05826155760823,17.36005534152921,118600
2009-03-04,17.895051956176758,18.12139790273546,17.524666966401803,17.895051956176758,63000
2009-03-05,17.1611385345459,17.901907038499605,16.96908695639333,17.901907038499605,107400
2009-03-06,17.099416732788086,17.654993076628283,16.708455553484054,17.408069675701512,113100
2009-03-09,16.804475784301758,17.1337060163012,16.735885825574044,16.989668280393186,103200
2009-03-10,17.997934341430664,18.018511719218527,17.29146006964814,17.401204776272227,163300
2009-03-11,18.011655807495117,18.24486089772865,17.86075893485655,18.018514934648426,60600
2009-03-12,18.676971435546875,18.759279635483765,17.860755103082024,17.991074566302455,64900
2009-03-13,19.205116271972656,19.205116271972656,18.47806580798507,18.98562943818355,123900
2009-03-16,18.78672218322754,19.548068424723585,18.78672218322754,19.225697240968262,123900
2009-03-17,19.3422908782959,19.3422908782959,18.64267580679604,18.779854386069267,138800
2009-03-18,19.794984817504883,19.94588166350674,18.992485397653482,19.19139481700845,84900
2009-03-19,19.692102432250977,20.384858565931758,18.51921917887941,19.129667096137496,54700
2009-03-20,19.335439682006836,19.75383602484358,19.266849710121253,19.561785673457827,102700
2009-03-23,20.8306884765625,20.8306884765625,19.760688419530723,19.760688419530723,524700
2009-03-24,20.23395538330078,20.61805722087876,20.22023713346906,20.61805722087876,102000
2009-03-25,20.515180587768555,20.77582219845728,19.993898674635904,20.501462332838667,72700
2009-03-26,20.8649845123291,20.88556189104862,20.501458671084936,20.82383106313462,140000
2009-03-27,20.28883171081543,20.631780185513623,20.227100880710186,20.631780185513623,46900
2009-03-30,19.452041625976562,19.760694527323803,18.862169717976048,19.7401184521809,135600
2009-03-31,19.856712341308594,20.165365107937323,19.609789081410185,19.904724906679,370600
2009-04-01,20.275110244750977,20.384853634603246,19.40402225132912,19.40402225132912,132300
2009-04-02,21.132484436035156,21.49601028659562,20.871844173464446,20.871844173464446,54300
2009-04-03,21.22850799560547,21.4960073480238,20.624918035989214,21.4960073480238,63000
2009-04-06,21.009023666381836,21.39998603915473,20.686652560668733,21.39998603915473,63300
2009-04-07,20.528892517089844,20.775815796763716,20.46030257181995,20.64549503157535,66700
2009-04-08,20.85126304626465,21.578313308455844,20.563186329812382,20.597481955725964,98800
2009-04-09,21.578325271606445,21.59204352957736,21.283390574702295,21.59204352957736,54600
2009-04-13,21.708637237548828,21.818380639994214,21.153061099138498,21.605752961286846,58100
2009-04-14,21.4137020111084,21.948702095658117,21.262805155168802,21.55774104889834,154400
2009-04-15,21.674341201782227,21.681200327423504,21.214790249772406,21.61946950489648,85200
2009-04-16,21.92812728881836,22.031011580311983,21.571461832190124,21.852679506120236,77500
2009-04-17,21.886972427368164,22.065304490099926,21.73607556342411,22.051588853073063,49000
2009-04-20,20.885562896728516,22.08588257336246,20.885562896728516,22.08588257336246,54600
2009-04-21,21.351978302001953,21.413709151890806,20.611209411580703,20.686658518832648,64700
2009-04-22,21.22850799560547,21.70863500486287,21.105046353491034,21.640045058327694,110800
2009-04-23,21.674341201782227,21.694917270461605,21.235366318451785,21.55087955672818,100500
2009-04-24,21.914405822753906,22.133892614869094,21.790944175127997,21.886969319617272,121300
2009-04-27,21.66748809814453,21.907552329331946,21.331398697780074,21.598898130913152,114600
2009-04-28,21.489151000976562,21.982996325041405,21.159920784933334,21.427420171937886,57800
2009-04-29,22.05158805847168,22.401394352816943,21.749791724969107,21.749791724969107,66100
2009-04-30,22.250492095947266,22.62773744347969,22.051584004916872,22.511133622472734,100400
2009-05-01,22.511140823364258,22.531716897452018,22.16133448142441,22.456270420300367,41800
2009-05-04,23.375370025634766,23.375370025634766,22.73748563333911,23.101010190662052,85300
2009-05-05,23.238189697265625,23.38908524899221,23.046136769584763,23.38908524899221,77400
2009-05-06,23.608570098876953,23.745750002504753,23.29305815207534,23.416519803691457,146000
2009-05-07,23.341075897216797,24.12299811969872,23.08729471999661,24.12299811969872,110600
2009-05-08,24.17101287841797,24.24645935508398,23.663447916773787,23.814346103084947,212900
2009-05-11,23.471389770507812,24.479656306077793,23.42337720293251,24.479656306077793,113100
2009-05-12,23.601713180541992,23.72517483686305,23.29305903973935,23.649725756168056,39900
2009-05-13,22.915821075439453,23.539987306424585,22.840371978866028,23.539987306424585,43500
2009-05-14,23.087289810180664,23.25876403711798,22.812930000485338,22.874660826842334,25900
2009-05-15,22.96382713317871,23.272481251196357,22.854083737493433,23.03927620830402,37400
2009-05-18,23.855499267578125,23.855499267578125,23.258769549038718,23.44396207199709,678800
2009-05-19,23.951519012451172,24.143571927836216,23.711456138831227,23.711456138831227,64600
2009-05-20,23.93779754638672,24.438501858334973,23.93779754638672,23.951513178833785,76300
2009-05-21,23.71832847595215,23.752622815609588,23.38223766773229,23.73890455644853,81100
2009-05-22,23.800621032714844,23.985813494749483,23.656583323295283,23.732029778356374,64400
2009-05-26,24.29447364807129,24.33562841536726,23.245051938676664,23.581142663702714,85800
2009-05-27,23.882936477661133,24.390501475796736,23.786911303646498,24.376783220010395,49200
2009-05-28,24.267038345336914,24.301332674515987,23.780049451631527,23.97210240471561,31800
2009-05-29,24.6099796295166,24.6099796295166,24.280749456580214,24.568824876716242,36100
2009-06-01,25.3370304107666,25.501646817155734,24.664851766281597,24.664851766281597,109800
2009-06-02,25.295883178710938,25.412484417802364,24.939216409418506,25.261588850536373,49500
2009-06-03,24.76774787902832,25.007810848248845,24.513966652068035,24.911785660560636,33800
2009-06-04,25.0078067779541,25.0695376194906,24.685436931254362,24.93235768091064,82000
2009-06-05,24.88434600830078,25.29588583914688,24.68543783737279,25.29588583914688,80900
2009-06-08,24.76774787902832,24.843196988351952,24.36306843342078,24.664862254225167,34000
2009-06-09,24.98722267150879,25.000940922606414,24.76087545313126,24.86376102811902,62500
2009-06-10,24.911781311035156,25.206717259719756,24.692294458500985,25.069537322763484,35700
2009-06-11,25.289018630981445,25.549660192406837,24.987224929034056,25.309597317731537,104800
2009-06-12,25.22043228149414,25.220432281494144,24.987227203515143,25.151841013565416,101900
2009-06-15,24.452232360839844,25.131269016253587,24.260179395988985,25.131269016253587,54000
2009-06-16,24.122997283935547,24.946074243054337,24.074984701165157,24.946074243054337,109800
2009-06-17,24.020116806030273,24.260179744934586,23.759475174870026,24.260179744934586,79700
2009-06-18,24.074981689453125,24.253316360139287,23.937804393835087,24.006393041644106,78400
2009-06-19,24.14356803894043,24.40420955723749,24.081837221882935,24.081837221882935,174400
2009-06-22,23.40281105041504,24.08185040991224,23.40281105041504,24.08185040991224,79700
2009-06-23,23.656587600708008,23.76633101103575,23.4713951051882,23.76633101103575,25500
2009-06-24,23.87607765197754,24.205307927508112,23.759473790951702,24.020115406930355,44600
2009-06-25,24.383638381958008,24.383638381958008,23.68402311204788,23.814345219568754,42500
2009-06-26,24.397356033325195,25.096971285945962,24.24645785634148,24.452229049133603,22300
2009-06-29,24.596267700195312,24.64428028255794,24.349344352907785,24.541394682358305,36000
2009-06-30,24.184717178344727,24.657987589352846,24.095552488681225,24.657987589352846,119600
2009-07-01,24.61683464050293,24.76087233415113,24.568822075953527,24.5756825088826,102500
2009-07-02,23.88979148864746,24.39735375503059,23.88979148864746,24.39735375503059,53800
2009-07-06,23.855499267578125,23.855499267578125,23.51941116836787,23.574281573416826,103900
2009-07-07,23.375370025634766,23.88979275384163,23.33421526544207,23.88979275384163,95800
2009-07-08,23.313640594482422,23.512548739476056,22.936395144604337,23.341074486436728,66500
2009-07-09,23.519412994384766,23.636014249472616,23.416527379256763,23.533131250834494,29600
2009-07-10,23.409664154052734,23.409664154052734,23.14902257466909,23.327354634359406,153000
2009-07-13,23.862354278564453,23.88979078309626,23.128444789517683,23.457674994432104,190100
2009-07-14,24.020116806030273,24.555115707868335,23.793769506643528,24.020116806030273,117500
2009-07-15,24.843191146850586,24.898061548417562,24.452230050911407,24.507100452478383,280500
2009-07-16,24.959787368774414,25.04895469694955,24.69228800073799,24.74030057364253,156700
2009-07-17,25.01466178894043,25.062674364557314,24.822608869983757,24.93921270825986,72600
2009-07-20,25.48792839050293,25.494786208164662,25.2272868390442,25.391903244304714,99300
2009-07-21,25.48792839050293,25.748569941961662,25.261583776819844,25.721133438336743,97000
2009-07-22,25.563385009765625,25.714283207736557,25.282167305858735,25.40562899210954,222900
2009-07-23,26.13266944885254,26.235555024957733,25.563376412806765,25.590812915300003,897600
2009-07-24,26.20125961303711,26.20125961303711,25.83087469428244,26.050361472102512,82400
2009-07-27,26.297286987304688,26.297286987304688,25.99549329626306,26.235556162263332,39800
2009-07-28,26.187541961669922,26.201260212658717,25.858311787405302,26.091516821237178,32700
2009-07-29,25.906335830688477,26.11896489044802,25.789731953888086,26.11896489044802,50200
2009-07-30,26.434465408325195,26.660810009803956,26.338440267304577,26.386452837814883,69100
2009-07-31,26.633378982543945,26.797992780106604,26.41388955831184,26.551069467273482,77100
2009-08-03,27.20953369140625,27.2506884547904,26.96261296056987,27.1340872166029,81300
2009-08-04,27.120361328125,27.243822967035154,26.880295867360253,26.93516886975977,100200
2009-08-05,27.09293556213379,27.188960737892856,26.784281342558355,27.12722989397777,116800
2009-08-06,26.914594650268555,27.298695227485442,26.749978248254926,27.27125872440168,55700
2009-08-07,27.10664939880371,27.236968885159964,26.94203296970532,27.10664939880371,157800
2009-08-10,26.9351749420166,27.106649188439047,26.756840260503218,27.106649188439047,70500
2009-08-11,26.6470947265625,26.85972371713898,26.503056998989308,26.825429393881908,76900
2009-08-12,26.94203758239746,27.120372295827163,26.612807284323196,26.647101616447422,54500
2009-08-13,27.278127670288086,27.44960194333504,26.962615635839235,27.44960194333504,252900
2009-08-14,26.996906280517578,27.319278707100164,26.777419450309257,27.319278707100164,56400
2009-08-17,26.194406509399414,26.352162511571684,26.084663089780026,26.33158643804602,70800
2009-08-18,26.551074981689453,26.6265240781129,26.317869872966835,26.42075548017875,116900
2009-08-19,26.660810470581055,26.811708618500763,25.940619283990543,26.24927339724045,66800
2009-08-20,26.969463348388672,27.05177023598862,26.79798913960365,26.80484957318877,72500
2009-08-21,27.51818084716797,27.60049035291366,27.223244992801316,27.271257562908556,132900
2009-08-24,27.552474975585938,27.840553010723983,27.490746771437234,27.552474975585938,185800
2009-08-25,27.6279296875,27.909147346374645,27.614211433836683,27.861134766797708,785500
2009-08-26,27.53876495361328,27.600495786831548,27.37414852620145,27.552480590782363,457200
2009-08-27,27.621068954467773,27.765106678000404,27.195813601733253,27.435876474287642,181200
2009-08-28,27.614215850830078,27.984600909516043,27.47703852523359,27.984600909516043,97500
2009-08-31,27.34671974182129,27.82684828950122,27.16838762687793,27.82684828950122,220000
2009-09-01,26.749984741210938,27.55248302753227,26.674535647661497,27.3055622893108,312300
2009-09-02,26.797998428344727,26.921460110783418,26.56479331890383,26.688255001342522,45600
2009-09-03,27.09293556213379,27.09293556213379,26.81171785462946,27.079217306098236,76000
2009-09-04,27.435874938964844,27.504463579716685,27.003759176059248,27.18209382839632,80900
2009-09-08,27.93657684326172,28.11491147964399,27.778820890455062,28.03260197831893,86500
2009-09-09,28.190359115600586,28.29324468833551,27.82683462718445,27.82683462718445,105000
2009-09-10,28.485294342041016,28.485294342041016,28.01202647411111,28.217794998581123,100700
2009-09-11,28.450998306274414,28.649909001731032,28.341254925417072,28.56760212021017,68100
2009-09-14,28.54016876220703,28.81452593630379,28.176644263696605,28.81452593630379,48400
2009-09-15,28.663633346557617,28.73222199299522,28.31382444685406,28.540171689778614,85400
2009-09-16,29.157474517822266,29.20548970543983,28.79395001742261,28.999718553186774,140400
2009-09-17,29.109474182128906,29.49357752909538,28.965436408200222,29.13691069616008,174500
2009-09-18,29.12318229675293,29.232925698168582,28.99286282522468,29.19177355794339,54700
2009-09-21,28.883132934570312,28.94486379027324,28.64306733284103,28.80768382021226,113300
2009-09-22,29.294658660888672,29.342671238978085,29.082032276918223,29.164339179858743,803400
2009-09-23,28.92427635192871,29.49357213984534,28.883124204891516,29.424983483790342,116000
2009-09-24,28.4990291595459,29.1369137877591,28.361849191324406,29.1369137877591,54600
2009-09-25,28.430423736572266,28.629334442499395,28.300101666108212,28.48529412164498,75800
2009-09-28,28.855690002441406,28.958575611237535,28.471586694957544,28.50588364221607,122300
2009-09-29,28.814537048339844,28.972295689482387,28.643062767218712,28.972295689482387,168400
2009-09-30,28.78023338317871,29.040874938584768,28.471579253946413,28.999720182524115,63600
2009-10-01,28.0325984954834,28.677343093314988,27.970867685403533,28.677343093314988,92800
2009-10-02,27.89542007446289,28.018881701029766,27.435870499510568,27.614202506502444,1112100
2009-10-05,28.279529571533203,28.34812083312084,27.8474137812429,27.93658111306228,99600
2009-10-06,28.62933349609375,28.88997239542842,28.46471711333992,28.622473062880996,198000
2009-10-07,28.76652717590332,28.773387613030458,28.53332202689308,28.684220245808568,1039800
2009-10-08,29.164352416992188,29.294671957171627,28.938005060559494,29.14377633604029,102700
2009-10-09,29.205490112304688,29.205490112304688,28.958566819352217,29.13689885510182,57900
2009-10-12,29.356399536132812,29.63075946178898,29.246656089168376,29.246656089168376,67000
2009-10-13,29.294658660888672,29.335813420603568,29.075171842054438,29.294658660888675,73200
2009-10-14,29.980562210083008,29.980562210083008,29.66505016575737,29.877679212928047,109600
2009-10-15,30.01485824584961,30.028576502880103,29.747358774979986,29.850244394463687,103900
2009-10-16,29.671894073486328,29.761061389071617,29.452407309344547,29.678754506640605,74200
2009-10-19,30.090290069580078,30.145163066186957,29.761059939404277,29.857085066977824,123200
2009-10-20,29.781644821166992,30.220621074506976,29.63074926880535,30.104017230443294,236300
2009-10-21,29.665056228637695,30.145184829624707,29.6650562286377,29.795375764931013,140900
2009-10-22,29.96685028076172,30.03544157650329,29.39755691680389,29.706211206414952,84900
2009-10-23,29.55530548095703,29.994279196475794,29.39068902939263,29.93254835420036,110300
2009-10-26,29.157474517822266,29.884526135110466,29.04773112431545,29.6787575993463,144700
2009-10-27,28.91054916381836,29.23291885827393,28.835100102406905,29.102599417237716,63000
2009-10-28,28.101205825805664,28.7802425089395,28.060051056695485,28.73909035631919,200000
2009-10-29,29.08203125,29.08203125,28.40984994750518,28.437286453012963,135200
2009-10-30,28.05317497253418,28.944840124144143,27.91599511463538,28.944840124144143,163200
2009-11-02,28.238384246826172,28.588193256544354,27.916014367397416,28.21095034951668,90200
2009-11-03,28.30010986328125,28.334406807435677,27.867996625021878,27.970879608016713,186600
2009-11-04,28.485294342041016,28.80766668748691,28.46471827454064,28.52644909353052,226200
2009-11-05,28.95170783996582,28.97914434422542,28.677350646837002,28.773375795256545,448400
2009-11-06,28.95170783996582,28.97914434422542,28.622477638317807,28.643053708267978,92500
2009-11-09,29.815935134887695,29.829653385051113,29.349525095286207,29.51413886426986,215200
2009-11-10,29.761075973510742,29.836525076249988,29.51415258872408,29.562165178378166,92300
2009-11-11,29.939403533935547,30.097159521722887,29.76792929288549,30.035428690285297,158800
2009-11-12,29.50729751586914,29.90511652668191,29.43870622677029,29.788515259949076,90400
2009-11-13,29.809080123901367,29.891389639854165,29.493568162216448,29.671900213802527,67400
2009-11-16,30.275497436523438,30.419535198905358,30.04915275513611,30.090304906393925,130200
2009-11-17,30.206905364990234,30.22062361935818,29.92568769167108,29.93254551061031,53100
2009-11-18,30.46068572998047,32.53209498835489,29.95998123289666,32.53209498835489,71700
2009-11-19,29.713054656982422,29.92568364620737,29.424979203667135,29.870810636153525,210800
2009-11-20,29.514150619506836,29.555305386388685,29.322100273704315,29.47299846911471,94200
2009-11-23,30.007991790771484,30.206902535742017,29.918824453976207,30.007991790771484,81000
2009-11-24,29.843381881713867,30.042292670084226,29.65819196590953,30.042292670084226,689500
2009-11-25,30.200037002563477,30.21375525333061,29.953113721732617,30.069717545008878,75500
2009-11-27,29.41811752319336,29.617028251480196,28.855682276408448,28.855682276408448,86400
2009-11-30,29.548433303833008,29.65817667938858,29.274073556699847,29.637597997636092,76800
2009-12-01,30.17262077331543,30.28236422718115,29.97370994553058,30.097171658190806,426800
2009-12-02,30.22748565673828,30.385241679251287,30.131460479251217,30.220627836841995,77700
2009-12-03,30.021718978881836,30.52928141156902,30.021718978881836,30.52928141156902,83300
2009-12-04,30.07659149169922,30.522425723013473,29.898259369067635,30.426400532635682,84500
2009-12-07,29.91881561279297,30.15202061331311,29.905097363763733,30.06285591935575,69400
2009-12-08,29.521005630493164,29.891390614895034,29.424980475238435,29.740492447215182,126800
2009-12-09,29.575878143310547,29.58273857859934,29.26722396755052,29.58273857859934,52600
2009-12-10,29.713054656982422,29.815940242588812,29.617029505877326,29.802221990075353,38100
2009-12-11,29.761075973510742,29.85710115281891,29.63761428111741,29.85710115281891,84400
2009-12-14,29.99427032470703,30.042282897110027,29.809077852657346,29.980552073093467,674600
2009-12-15,29.76793098449707,29.891392654388167,29.699339714285674,29.83651963821905,138500
2009-12-16,29.94626235961914,30.09716053409549,29.877673707487723,30.04228751919887,86700
2009-12-17,29.356399536132812,29.5964651252045,29.301529120895676,29.57588643006168,252200
2009-12-18,29.493572235107422,29.548445253320264,29.184918048883976,29.514148308692477,102100
2009-12-21,29.651325225830078,29.802223394098032,29.569018323360854,29.692479985309316,68000
2009-12-22,29.822790145874023,29.85022664361952,29.69932852250772,29.829650578554617,117300
2009-12-23,29.98741340637207,30.028565545957825,29.809078746537,30.028565545957825,140400
2009-12-24,30.169879913330078,30.176845824019733,30.086307582069793,30.121129165368536,68000
2009-12-28,30.239532470703125,30.337036653622285,30.15596011348975,30.337036653622285,93300
2009-12-29,30.225605010986328,30.44846639438111,30.190780761248128,30.32310653413189,96300
2009-12-30,30.16293716430664,30.267401985218694,30.023648079705584,30.06543294538308,109600
2009-12-31,30.00969886779785,30.98471915225613,29.967911373303966,30.357920018430587,135400
2010-01-04,30.713106155395508,30.747930397796168,30.330063399438504,30.455423233274136,367700
2010-01-05,30.803646087646484,30.866326007991137,30.615606326612514,30.78971692126802,994000
2010-01-06,30.956865310668945,30.956865310668945,30.720074787640524,30.76185963147576,135600
2010-01-07,30.83847427368164,30.91508337679666,30.608649621054,30.83847427368164,874300
2010-01-08,31.040424346923828,31.040424346923828,30.643452560383395,30.838455499254966,92300
2010-01-11,31.137935638427734,31.291153799709434,31.012575807691185,31.235437138619133,172300
2010-01-12,30.789710998535156,30.94292914250823,30.6573879284688,30.94292914250823,100100
2010-01-13,31.026491165161133,31.08220780145571,30.67130690728726,30.901131390213777,770200
2010-01-14,31.110076904296875,31.12400606938875,30.93596632572333,31.02650457046222,94400
2010-01-15,30.768815994262695,31.061320437199324,30.573813032304944,30.991677281276157,301700
2010-01-19,31.13096809387207,31.13096809387207,30.643458003384072,30.796676143550197,288500
2010-01-20,30.511138916015625,30.713105169184075,30.211668506659603,30.713105169184075,170500
2010-01-21,29.835590362548828,30.545961877932935,29.75201802447915,30.538995966675706,970700
2010-01-22,29.22272300720215,29.772913150996377,29.13218740636282,29.66148247120285,137900
2010-01-25,29.44559669494629,29.647565716855645,29.362024314290654,29.522205817513154,140000
2010-01-26,29.299327850341797,29.501296758413368,29.083429777225646,29.292364596177798,148800
2010-01-27,29.194849014282227,29.24360240121495,28.818772332137637,29.153064192219244,279800
2010-01-28,28.763065338134766,29.37593528213984,28.58199151614413,29.37593528213984,250200
2010-01-29,28.477521896362305,29.06253346631418,28.34519883123275,28.95806872754334,151000
2010-02-01,29.05556869506836,29.05556869506836,28.728240019245387,28.763061597016407,146500
2010-02-02,29.50128746032715,29.5082507122965,29.05556494624771,29.201817148045823,133400
2010-02-03,29.250595092773438,29.438634951461736,29.11827192853421,29.438634951461736,82600
2010-02-04,28.212875366210938,28.909317640591738,28.08751820100152,28.909317640591738,182000
2010-02-05,27.969125747680664,28.08752233323645,27.32143412468085,28.017876501522217,373900
2010-02-08,27.788043975830078,28.1571574801663,27.70446900160159,27.850723878143405,119600
2010-02-09,28.386999130249023,28.575038950546443,27.96217137704116,28.24771273599998,103900
2010-02-10,28.233779907226562,28.36610302730627,27.969131010349816,28.36610302730627,118500
2010-02-11,28.602882385253906,28.644669875781037,28.05965829198269,28.219839687262244,95400
2010-02-12,28.42877960205078,28.44967202467051,28.038770887274758,28.1850258157639,52800
2010-02-16,29.013776779174805,29.02074003097973,28.554125115294784,28.70734322216002,207700
2010-02-17,29.125213623046875,29.22968101943346,28.985924646770176,29.15307194964546,86300
2010-02-18,29.292375564575195,29.32023124837821,28.999868302544108,29.041655813325,129200
2010-02-19,29.22272300720215,29.299332097694634,28.94414763607681,29.090399905171385,148500
2010-02-22,29.250595092773438,29.37595499856564,29.14612761904053,29.29934587205727,200200
2010-02-23,28.721281051635742,29.194859362069153,28.66556439351623,29.194859362069153,137300
2010-02-24,28.965028762817383,29.11128097487796,28.776989065861237,28.853598126478474,145900
2010-02-25,28.902368545532227,28.902368545532227,28.366107412748754,28.561110494954473,169900
2010-02-26,29.069496154785156,29.125210144612144,28.804847397138154,28.93717044760369,94700
2010-03-01,29.327192306518555,29.424693825480908,29.16701086012081,29.180940028075025,91600
2010-03-02,29.57791519165039,29.73113074216119,29.445589410237865,29.57094927856688,71700
2010-03-03,29.67540740966797,29.933090321837536,29.63361991443104,29.82165965792232,163400
2010-03-04,29.73111915588379,29.82165739366457,29.53611617301723,29.752014230274053,73500
2010-03-05,30.26041030883789,30.3091610441585,29.8704017695572,29.981832401249424,82400
2010-03-08,30.295228958129883,30.385767167862124,30.22558581631466,30.337016437248355,90900
2010-03-09,30.295228958129883,30.42755199026503,30.08629687596865,30.121118446876263,70800
2010-03-10,30.434534072875977,30.5389988411165,30.267386724287377,30.337032559831368,62600
2010-03-11,30.490238189697266,30.490238189697266,30.232555323601918,30.385773455358343,2037000
2010-03-12,30.545955657958984,30.68524463085664,30.455417427068078,30.68524463085664,72900
2010-03-15,30.42059326171875,30.448451585273055,30.183802824939086,30.399700847411005,68800
2010-03-16,30.76185417175293,30.761854171752933,30.427562196817703,30.55292201950797,43600
2010-03-17,30.894180297851562,31.033469286691602,30.83846363962895,30.908109462407218,114300
2010-03-18,30.775787353515625,30.956863857357202,30.65042751446124,30.901147192570008,44700
2010-03-19,30.545955657958984,30.85238927296088,30.413629938183924,30.54595565795898,70700
2010-03-22,30.629531860351562,30.69221177326243,30.15595088651758,30.23255996415492,76400
2010-03-23,30.901134490966797,30.922029560031685,30.643451664035982,30.733989878741944,99000
2010-03-24,30.650419235229492,30.922033917623835,30.4902378523094,30.60863440464274,803100
2010-03-25,30.552915573120117,30.94292412328118,30.50416483643947,30.915065800401983,68100
2010-03-26,30.67131996154785,30.845430538999803,30.52506771410019,30.740963129842,203000
2010-03-29,30.956865310668945,31.019545233138732,30.852397887646994,30.977757732586564,80000
2010-03-30,31.03347396850586,31.130975478388347,30.866326625338107,31.0822247234471,134000
2010-03-31,31.005624771118164,31.110089566751686,30.85240654946113,30.991695600356827,71700
2010-04-01,31.388662338256836,31.451342267679983,31.22151763093992,31.32598240883369,121100
2010-04-05,31.625444412231445,31.65330274155757,31.388653926392426,31.520977005616743,96400
2010-04-06,31.632394790649414,31.653289857497196,31.374711991060494,31.486142606292088,92800
2010-04-07,31.388662338256836,31.57670212652628,31.27026839196712,31.57670212652628,92500
2010-04-08,31.437400817871094,31.472222396898864,31.061321388252328,31.235431940107365,57300
2010-04-09,31.74385643005371,31.74385643005371,31.541887429236077,31.562779858038656,97900
2010-04-12,31.806528091430664,31.890103105296234,31.73688490326002,31.73688490326002,178700
2010-04-13,31.778669357299805,31.820454203501097,31.493128062483635,31.764740189660348,120200
2010-04-14,32.16169738769531,32.168660639956265,31.904014546586396,32.02240843203357,213200
2010-04-15,32.12687301635742,32.41937740674069,31.96669166114054,32.41937740674069,84200
2010-04-16,31.500093460083008,31.959745396575027,31.305090413303745,31.959745396575027,136200
2010-04-19,31.465267181396484,31.486159602806755,31.054366067787683,31.179725909683036,120400
2010-04-20,31.702051162719727,31.75080190710408,31.555798929566663,31.75080190710408,73300
2010-04-21,31.590627670288086,31.71598751475089,31.409551158634297,31.71598751475089,138800
2010-04-22,31.493122100830078,31.534906939121495,31.06132595589724,31.270260774220613,129100
2010-04-23,31.750795364379883,31.750795364379883,31.33989442015807,31.541863266255316,95000
2010-04-26,31.695104598999023,31.86225200799687,31.66028299700054,31.72992885771545,115400
2010-04-27,30.713106155395508,31.53490832977722,30.64346298402758,31.409548495941593,182300
2010-04-28,30.76185417175293,30.963823070166857,30.504171272541363,30.908109069369214,169500
2010-04-29,31.277231216430664,31.305089552838336,31.026511502195998,31.026511502195998,107000
2010-04-30,30.8663330078125,31.34687740162079,30.845440581865276,31.34687740162079,187100
2010-05-03,31.151865005493164,31.24240325199307,30.935966927444664,30.99168358889588,81500
2010-05-04,30.107206344604492,30.504178322632566,29.947024902305188,30.45542756439874,177800
2010-05-05,29.717195510864258,30.023631862812437,29.466478482066037,29.515229236836543,319900
2010-05-06,28.575029373168945,29.779874345280323,27.857694587685415,29.591837244724218,367700
2010-05-07,28.3660888671875,29.243607476832864,27.836793994370996,28.67948837063227,250600
2010-05-10,29.981836318969727,30.413629741109965,29.661473543082327,29.73111670072179,214700
2010-05-11,29.619691848754883,30.016663769732137,29.41075967824844,29.41075967824844,213600
2010-05-12,29.981836318969727,30.051482133325358,29.626651964262596,29.626651964262596,81700
2010-05-13,29.64755630493164,30.016669970973307,29.598805543632448,29.91220519249671,173800
2010-05-14,28.95110321044922,29.403791721414322,28.72824190998783,29.36200423130921,164000
2010-05-17,29.006820678710938,29.139143749352954,28.352163265589844,29.006820678710938,92700
2010-05-18,28.519319534301758,29.32719268916693,28.38003050965938,29.229691168932423,140300
2010-05-19,28.331274032592773,28.55413536436266,27.941265373637147,28.28948653661718,144800
2010-05-20,27.25875473022461,27.753228189706643,27.161253220661038,27.753228189706643,330600
2010-05-21,27.857690811157227,27.86465406490479,26.813027405738833,27.008030391267678,394800
2010-05-24,27.4328556060791,27.822864162838197,27.384104868573708,27.74625510198231,97200
2010-05-25,27.24483299255371,27.314478844601744,26.416067278564142,26.792146909470713,292700
2010-05-26,27.077680587768555,27.704477138272885,27.042858999971124,27.467686621846756,69500
2010-05-27,28.345199584960938,28.345199584960938,27.718400508803757,27.850726234168214,66400
2010-05-28,27.81590461730957,28.282522341676422,27.718403119992583,28.23377159301793,62400
2010-06-01,27.474660873413086,28.11538678487312,27.474660873413086,27.57216241152938,136900
2010-06-02,28.247713088989258,28.247713088989258,27.551270482170448,27.58609208116785,27700
2010-06-03,28.275556564331055,28.4148455568912,27.97608616017753,28.28252247515317,71500
2010-06-04,27.210006713867188,27.76716015081461,27.091612770829613,27.530369608022312,125200
2010-06-07,26.875707626342773,27.439826828193713,26.854815208142668,27.356251841960383,67400
2010-06-08,27.25875473022461,27.279647151783408,26.77124452568988,26.875711946917637,89800
2010-06-09,27.189109802246094,27.70447565008487,27.049820801821635,27.481614312092418,137800
2010-06-10,28.052701950073242,28.101452710624635,27.620908360882108,27.80894814731628,69000
2010-06-11,28.17108726501465,28.17108726501465,27.75322035478712,27.80893700550391,33800
2010-06-14,28.157163619995117,28.60288628620843,28.157163619995117,28.421812449328016,226400
2010-06-15,29.006820678710938,29.006820678710938,28.47752308271021,28.505381410229475,61100
2010-06-16,28.930219650268555,29.02075525480456,28.686463201774426,28.735213960129837,41400
2010-06-17,28.944156646728516,29.048621447152758,28.70736604636198,29.048621447152758,34400
2010-06-18,28.97896957397461,29.06254192064583,28.8884313153292,29.013791163694535,46200
2010-06-21,29.04163932800293,29.48736189645023,28.909313614002837,29.389860416691892,63000
2010-06-22,28.575029373168945,29.16700697718733,28.55413695237755,29.027717972905545,74000
2010-06-23,28.61680793762207,28.811810888708763,28.414839077301735,28.70038025141409,39000
2010-06-24,28.108409881591797,28.463594263251654,28.066622389807428,28.463594263251654,77200
2010-06-25,28.296449661254883,28.414843569785727,27.983050114090332,28.21287467753342,36300
2010-06-28,28.157163619995117,28.40091737285657,28.12930528917762,28.28948670630324,49200
2010-06-29,27.237865447998047,27.704480628037377,27.091613166796215,27.704480628037377,179400
2010-06-30,27.035892486572266,27.46072275570818,26.987141733397664,27.230895499270666,41200
2010-07-01,27.11249542236328,27.237855232582795,26.680701996449518,27.168209417618517,92900
2010-07-02,27.077680587768555,27.30750519260509,26.882674914012604,27.26572034993491,75400
2010-07-06,27.4258975982666,27.843761901568637,27.203036282276656,27.655722168067786,149500
2010-07-07,28.240737915039062,28.254667081414198,27.516437203832997,27.537332281754118,54700
2010-07-08,28.477521896362305,28.50538022272102,28.150193203437976,28.428771153592667,107900
2010-07-09,28.67253303527832,28.67253303527832,28.393957662483132,28.428779251992907,46000
2010-07-12,28.54717445373535,28.658605128768578,28.38002711282709,28.505386954329076,54400
2010-07-13,29.013776779174805,29.08341992408681,28.86752458083018,28.93716772574219,93000
2010-07-14,29.02074432373047,29.125211713266985,28.832707273310458,28.992888655674662,55700
2010-07-15,29.06254005432129,29.132185886005658,28.693426444903036,29.055576799511265,98900
2010-07-16,28.212875366210938,28.846637729628807,28.1850196943402,28.846637729628807,66800
2010-07-19,28.400922775268555,28.533248543464286,28.205919735885992,28.498424294959833,212800
2010-07-20,28.73521614074707,28.742182053450506,27.996988797219544,28.038773646571048,33100
2010-07-21,28.324304580688477,28.8466362598607,28.21287392873372,28.8466362598607,51600
2010-07-22,29.10432243347168,29.222716341432704,28.77699372392895,28.77699372392895,59500
2010-07-23,29.36200714111328,29.389865470610808,28.958071990265232,29.048607576057407,56800
2010-07-26,29.584867477416992,29.584867477416996,29.257538758524213,29.292362997593482,142200
2010-07-27,29.60576057434082,29.81469538668153,29.466474241735682,29.81469538668153,106900
2010-07-28,29.47344207763672,29.626660255381555,29.368974655225802,29.577909500047635,53900
2010-07-29,29.466468811035156,29.87040388323411,29.25057078454102,29.73111491958357,37700
2010-07-30,29.522192001342773,29.58487192168027,29.167007557241494,29.180936723618366,38000
2010-08-02,30.330055236816406,30.35095030797672,29.953975836522453,30.072372384044318,119200
2010-08-03,30.17685317993164,30.28131795529221,30.00970581995071,30.197745603660323,64100
2010-08-04,30.316133499145508,30.35095774070224,30.114167244386245,30.246490329465296,23800
2010-08-05,30.295228958129883,30.295228958129883,30.093260127463946,30.114155195380967,65700
2010-08-06,30.2186222076416,30.267372941965142,29.870401158635886,30.058440843904865,111400
2010-08-09,30.343994140625,30.42060322713756,30.20470513394006,30.30917255313297,48200
2010-08-10,30.135059356689453,30.246490021071615,29.82862569381765,29.995770362032594,62900
2010-08-11,29.06254005432129,29.46647790794014,29.013789300500644,29.46647790794014,43400
2010-08-12,28.965028762817383,29.055566985066474,28.707345914417896,28.770025813403276,71800
2010-08-13,28.874500274658203,29.09736162246641,28.874500274658203,28.9580752726239,44800
2010-08-16,28.99289321899414,29.09039471432584,28.728244405439174,28.874496648436722,119200
2010-08-17,29.4038028717041,29.56398432610877,29.222726335965067,29.348086197102162,54600
2010-08-18,29.44559669494629,29.557027421393162,29.222735242052543,29.403811832977514,45600
2010-08-19,28.99289321899414,29.41772344012497,28.832711811418275,29.362006781811715,31200
2010-08-20,28.811817169189453,28.846638752800303,28.588955846020166,28.846638752800303,29000
2010-08-23,28.69342041015625,29.020746451721273,28.686454500094452,28.87449422101884,26100
2010-08-24,28.247713088989258,28.42182374069396,28.087531608227057,28.37307297075406,157200
2010-08-25,28.296449661254883,28.35216366035282,27.913406951038823,28.12930235052833,112800
2010-08-26,28.17108726501465,28.50537919916699,28.087514945655595,28.380019391770343,44500
2010-08-27,28.73521614074707,28.749145309436663,28.066631983950234,28.470569905796623,63500
2010-08-30,28.310380935668945,28.67252859859356,28.310380935668945,28.554134681236775,39700
2010-08-31,28.345199584960938,28.51234423412532,28.185018189213277,28.275553767212195,89100
2010-09-01,29.257553100585938,29.285411442810947,28.867546936306777,28.930226877954176,119100
2010-09-02,29.44559669494629,29.44559669494629,29.229701156859395,29.229701156859395,30000
2010-09-03,29.779878616333008,29.814702864935562,29.55701724020592,29.661484672579252,67400
2010-09-07,29.438615798950195,29.668440372235185,29.41772338048333,29.626655535301456,40600
2010-09-08,29.66844940185547,29.800775176996392,29.557018708257335,29.557018708257335,48700
2010-09-09,29.863447189331055,30.051486933050096,29.779872198755974,29.98184110757086,46400
2010-09-10,29.988807678222656,30.02362926337004,29.835589515514176,29.863447846318746,76600
2010-09-13,30.455415725708008,30.469344887891253,30.316126760591583,30.323092670041223,68300
2010-09-14,30.545955657958984,30.664349558056472,30.302199291209035,30.33702352697059,69000
2010-09-15,30.573816299438477,30.59470871710478,30.260416750861978,30.371847406276245,46000
2010-09-16,30.49721336364746,30.504176618698875,30.3579243521669,30.420604274497308,176000
2010-09-17,30.413619995117188,30.580767239292488,30.31611854297965,30.566838080884935,61300
2010-09-20,30.880260467529297,30.935974485876194,30.462396031417015,30.511146793739538,106100
2010-09-21,30.859357833862305,31.05436081864161,30.699176431119813,30.90114266961992,121900
2010-09-22,30.824535369873047,31.040433441678193,30.692212287827896,30.866322864753045,80300
2010-09-23,30.504159927368164,30.775771889939747,30.420587628895863,30.483267516928954,41000
2010-09-24,31.22848129272461,31.228481292724606,30.72704185082111,30.873296792521135,134600
2010-09-27,31.110076904296875,31.263295063590903,31.08918448501736,31.22151022503187,188700
2010-09-28,31.305084228515625,31.339905814744213,30.8802539690633,31.1588319723255,64500
2010-09-29,31.277231216430664,31.38866190534416,31.137942191109495,31.172763783260493,61000
2010-09-30,31.193649291992188,31.569728747942253,30.99168040008755,31.45829543650546,130100
2010-10-01,31.451322555541992,31.507039194205337,31.27721204479238,31.47221496668297,114400
2010-10-04,31.165796279907227,31.416515959971115,31.005614852470146,31.305085286244587,81700
2010-10-05,31.897058486938477,31.966704314632853,31.486157402050022,31.486157402050022,60900
2010-10-06,31.96670150756836,32.029381418630905,31.841341685443272,31.952772343252633,72600
2010-10-07,31.890094757080078,32.147777673915805,31.70205501018375,32.147777673915805,42500
2010-10-08,32.07813262939453,32.1686682136817,31.827412981517647,31.89009289348687,82600
2010-10-11,32.0502815246582,32.1686754646664,31.980635686373606,32.16171220919648,182600
2010-10-12,32.09207534790039,32.14778937278341,31.702066546848837,31.897069619015813,86700
2010-10-13,32.4402961730957,32.593511731867636,32.25921961720491,32.294041214347736,82600
2010-10-14,32.4542121887207,32.55867960307501,32.252245927934666,32.55171634858585,89600
2010-10-15,32.426353454589844,32.57260569551346,32.21045539176227,32.57260569551346,46600
2010-10-18,32.50295639038086,32.60046053059722,32.294024260492435,32.37759923782074,91000
2010-10-19,31.813478469848633,32.14777039192514,31.667226252074418,32.001518174150924,179700
2010-10-20,32.342769622802734,32.43330783815813,32.01544364788292,32.02937280845419,35400
2010-10-21,32.30101013183594,32.58655150571086,32.07118278722749,32.46119161896403,48700
2010-10-22,32.37063980102539,32.433319718197346,32.273138298028286,32.433319718197346,76400
2010-10-25,32.51689910888672,32.75368966326429,32.46814834681345,32.62136654573931,111200
2010-10-26,32.384578704833984,32.39850787469593,32.17564647033985,32.259218832794005,142200
2010-10-27,32.13383865356445,32.189555297801725,31.82740508040692,32.189555297801725,98400
2010-10-28,32.342769622802734,32.4472369987294,32.17562500937894,32.37759385258878,47200
2010-10-29,32.37761688232422,32.398509309683746,32.21046949329515,32.21743275017579,111400
2010-11-01,32.35670471191406,32.59349517158002,32.168664994822024,32.41938461761141,68300
2010-11-02,32.7467155456543,32.8024295452368,32.649214053847615,32.7467155456543,113000
2010-11-03,32.92082214355469,32.92082214355469,32.530813566619464,32.89992972831897,91100
2010-11-04,33.617279052734375,33.617279052734375,33.33870099618853,33.33870099618853,107900
2010-11-05,33.61030960083008,33.67298952411659,33.45709407690957,33.61030960083008,198900
2010-11-08,33.498878479003906,33.50584439078653,33.303875456561364,33.42923530147927,68900
2010-11-09,33.199405670166016,33.67995259371455,33.08101174545893,33.67995259371455,102000
2010-11-10,33.27600860595703,33.33172525908976,32.906895077459595,33.28993776924021,91700
2010-11-11,33.1297607421875,33.1297607421875,32.90689941372184,33.04618840819202,73300
2010-11-12,32.69100570678711,33.039226911124615,32.51689510461836,32.94172539898483,97600
2010-11-15,32.663143157958984,32.92082605107735,32.65617724757621,32.78850297768498,86000
2010-11-16,32.00151062011719,32.4402698265857,31.81347096020211,32.384553191033646,179300
2010-11-17,32.09207534790039,32.224398481625464,32.00153706865818,32.12689694554198,57500
2010-11-18,32.7467155456543,32.781537127482906,32.53081748757065,32.621355725698166,79400
2010-11-19,32.7467155456543,32.75367879933346,32.40545766761453,32.52385423389149,68100
2010-11-22,32.62831497192383,32.6701024590156,32.25920146778602,32.4820627521767,104500
2010-11-23,31.855283737182617,32.09903756953014,31.757779547526088,32.09903756953014,84200
2010-11-24,32.34974670410156,32.34974670410156,32.15474104547025,32.16867021085225,40100
2010-11-26,31.987586975097656,32.09205435640765,31.86919043249861,31.980621066095196,32100
2010-11-29,31.813478469848633,31.8691924618367,31.44436497069008,31.71597699133249,92700
2010-11-30,31.520963668823242,31.702040076111526,31.36078232804692,31.36078232804692,93800
2010-12-01,32.328834533691406,32.384551165759035,32.11990247686827,32.14079754225125,71600
2010-12-02,32.92082214355469,32.92082214355469,32.38456134653728,32.39152459937716,209900
2010-12-03,33.08100509643555,33.094934259492625,32.8302854748406,32.84421463789768,53500
2010-12-06,32.99046325683594,33.05314315537953,32.86510345974876,32.9626075904845,78700
2010-12-07,32.955650329589844,33.42923131914844,32.94868707535366,33.42923131914844,167400
2010-12-08,33.01137161254883,33.13673146008566,32.80940267410426,33.032264034899306,69200
2010-12-09,33.101898193359375,33.248153080108096,32.941716799983396,33.16457810004704,85300
2010-12-10,33.24119186401367,33.28994261424184,33.018330532480135,33.10190286762605,232700
2010-12-13,33.457096099853516,33.610311633038016,33.41530859623022,33.58245595400628,155500
2010-12-14,33.498878479003906,33.63816749077012,33.38744780093432,33.51977355763484,169800
2010-12-15,33.17850875854492,33.457086724536424,33.108865595405234,33.29690532394204,119300
2010-12-16,33.36655044555664,33.37351369959277,33.081009209177665,33.25511978396281,136300
2010-12-17,33.26906204223633,33.303883639554556,33.150665423293255,33.282991212507135,59300
2010-12-20,33.31084060668945,33.44316370364747,33.185480764637916,33.44316370364747,73900
2010-12-21,33.59638214111328,33.62423781767359,33.47798555304366,33.47798555304366,48200
2010-12-22,33.687255859375,33.71565461710551,33.545264778977085,33.71565461710551,189900
2010-12-23,33.623348236083984,33.66594364951123,33.552351366615824,33.66594364951123,45300
2010-12-27,33.644649505615234,33.644649505615234,33.44586366656116,33.580753670454435,62000
2010-12-28,33.623348236083984,33.82213405408753,33.566550740509456,33.82213405408753,59000
2010-12-29,33.857643127441406,33.928640022057444,33.765351226822474,33.871842506364615,171500
2010-12-30,33.82925033569336,33.97123872209006,33.70855695735032,33.921542245200236,81200
2010-12-31,33.93572998046875,33.97832810672316,33.758241850122936,33.80793830995945,68100
2011-01-03,34.24102020263672,34.36881191203965,34.15582663245303,34.219722487154485,200500
2011-01-04,34.184226989746094,34.38301289888447,33.942842939397394,34.361715182406755,123200
2011-01-05,34.19842529296875,34.21972571871727,33.91444579612038,33.94994289469455,95600
2011-01-06,33.95702362060547,34.2694016926985,33.86472905293462,34.2694016926985,458000
2011-01-07,33.84343719482422,34.03512471078581,33.63755301094318,34.03512471078581,103600
2011-01-10,33.70145797729492,33.736955073215746,33.47427331349588,33.69435693315787,68600
2011-01-11,33.9996337890625,34.03513088180539,33.84344333108831,33.9428389823248,61400
2011-01-12,34.51789474487305,34.51789474487305,34.2197159520474,34.25521304049032,55000
2011-01-13,34.49659729003906,34.6456866875608,34.41140373549154,34.59599022172022,65600
2011-01-14,34.70248031616211,34.70248031616211,34.3972005125567,34.432697597294876,115300
2011-01-18,34.80897903442383,34.83737779160546,34.71668713596534,34.78058298549674,155100
2011-01-19,34.50368118286133,34.88705608024389,34.4397853666309,34.88705608024389,66900
2011-01-20,34.319114685058594,34.36881115893134,34.049331892424625,34.340412400074136,74300
2011-01-21,34.404296875,34.63858249570561,34.340401042830635,34.63858249570561,60200
2011-01-24,34.63147735595703,34.63857839660986,34.33329864662204,34.4113938442822,122400
2011-01-25,34.5321044921875,34.546303873479715,34.290720426729976,34.5321044921875,187200
2011-01-26,34.74506378173828,34.83026000570591,34.6385725641583,34.716667748668776,86000
2011-01-27,34.8515739440918,34.89417207592107,34.69538350230543,34.80187747775146,194000
2011-01-28,34.091922760009766,34.816074706901965,34.056425673136,34.787675954101296,104000
2011-01-31,34.41140365600586,34.47529949883248,34.233915504626836,34.24811488172767,150300
2011-02-01,35.078758239746094,35.11425532848188,34.6811838044442,34.70958255873454,69800
2011-02-02,35.00065994262695,35.10715390772657,34.95806452319033,34.99356160880553,51100
2011-02-03,35.04325866699219,35.050357000934476,34.68828238828806,34.94386574227568,78600
2011-02-04,35.08585739135742,35.08585739135742,34.82317567868951,35.03616092431901,52200
2011-02-07,35.17815399169922,35.29884735298185,35.078761051969096,35.085859386983614,76600
2011-02-08,35.355648040771484,35.355648040771484,35.10716565010061,35.242055703856956,43900
2011-02-09,35.128456115722656,35.26334614163498,35.05036089241654,35.20655133902878,73500
2011-02-10,34.936771392822266,35.0432653801359,34.695387368732014,34.79478031248895,69100
2011-02-11,35.142662048339844,35.19945956979445,34.787685664013175,34.79478400006756,45600
2011-02-14,35.22783660888672,35.24913702206325,35.071648925694866,35.13554474871762,46500
2011-02-15,35.149749755859375,35.2207466362097,35.07875558376312,35.19944892623163,54500
2011-02-16,35.41242980957031,35.45502522430467,35.23494169283384,35.26333773323884,85400
2011-02-17,35.61122512817383,35.66092159744958,35.3769421599102,35.40533820788602,80500
2011-02-18,35.724822998046875,35.753221758691566,35.56153418672223,35.660927140723764,96500
2011-02-22,34.81607437133789,35.35563712807948,34.73087811375703,35.29884233127967,215500
2011-02-23,34.716697692871094,34.97227846046102,34.468212554352455,34.92258197440837,78800
2011-02-24,34.766380310058594,34.9012703314981,34.475299847185966,34.78767802179791,65900
2011-02-25,35.13557815551758,35.17817360586342,34.972286568338504,35.007786387968046,60100
2011-02-28,35.4195442199707,35.53313655791283,35.263353739704655,35.455041317779816,85500
2011-03-01,34.94386672973633,35.58992346690426,34.94386672973633,35.57572409036435,90600
2011-03-02,35.13557815551758,35.256268875838806,34.9651882293662,34.9651882293662,60500
2011-03-03,35.668033599853516,35.68933131944285,35.36985198432644,35.440846188461066,99200
2011-03-04,35.39823532104492,35.660917011760205,35.14975029836475,35.660917011760205,139800
2011-03-07,35.149749755859375,35.58992228926917,34.98646099343473,35.49762769894078,65100
2011-03-08,35.34143829345703,35.419533509975984,34.92966720852184,35.15685181571108,39100
2011-03-09,35.28464889526367,35.36984245893295,35.142657816978506,35.32724432297103,41000
2011-03-10,34.4824104309082,34.83028852633522,34.43271394702652,34.83028852633522,140600
2011-03-11,34.610191345214844,34.68118552621096,34.297813157275776,34.297813157275776,101600
2011-03-14,34.31201171875,34.31201171875,33.97123207496439,34.18422002939398,101800
2011-03-15,33.687255859375,33.829246939772915,32.8566097994127,33.05539839527162,309900
2011-03-16,32.906307220458984,33.665956408006245,32.62942609523676,33.64465869322136,269500
2011-03-17,33.63755798339844,33.7653496795969,33.467168152382314,33.609159226853336,165900
2011-03-18,33.90734100341797,34.326213220104094,33.85054619362826,34.17712379761955,131800
2011-03-21,34.58177947998047,34.666975714784236,34.39719305441241,34.53918407083197,164000
2011-03-22,34.51079559326172,34.70958145043818,34.432700375584055,34.70958145043818,96700
2011-03-23,34.56050109863281,34.66699509755301,34.23392347405139,34.42561104715481,84700
2011-03-24,35.00776672363281,35.12845737616047,34.64568934954088,34.78768042353273,127300
2011-03-25,34.94386672973633,35.12845320824682,34.844473802211134,34.92966735319642,86800
2011-03-28,34.84447479248047,35.1071564952987,34.80897499599473,34.94386772283038,82700
2011-03-29,35.092952728271484,35.092952728271484,34.67408063972991,34.82317001660388,108500
2011-03-30,35.440826416015625,35.49762391424022,35.21364183962479,35.21364183962479,67900
2011-03-31,35.39823532104492,35.511827623104566,35.2988423952745,35.36273823444893,71500
2011-04-01,35.68932342529297,35.80291575173597,35.45503772861101,35.58993047818718,86700
2011-04-04,35.74611282348633,35.84550846380126,35.65382093414674,35.73191615455276,78900
2011-04-05,35.74611282348633,35.82420804389235,35.582824048207506,35.63252051423783,48800
2011-04-06,35.923606872558594,35.98750272626482,35.795815165146145,35.9804043906329,65700
2011-04-07,35.802913665771484,35.95910412112609,35.625425496779265,35.85261013642894,49100
2011-04-08,35.838417053222656,36.15079531054907,35.75322347545273,36.15079531054907,161800
2011-04-11,35.73191833496094,35.9946000583296,35.62542435368082,35.930704211212415,70100
2011-04-12,35.36984634399414,35.59703101090279,35.220756914133126,35.59703101090279,66800
2011-04-13,35.426631927490234,35.724810686737946,35.29884025688295,35.724810686737946,108000
2011-04-14,35.547325134277344,35.58282222129731,35.206548224028175,35.320140527444565,29100
2011-04-15,35.561519622802734,35.63251378708453,35.3840315038445,35.49052545852095,31400
2011-04-18,34.94386672973633,35.19945009094635,34.61018815168389,35.029060280721616,119100
2011-04-19,35.256248474121094,35.263346808985816,35.03616217775281,35.13555782363987,89800
2011-04-20,35.93070983886719,36.023004456548655,35.73192393148083,35.81711750489571,66500
2011-04-21,36.1791877746582,36.26438404585258,36.03009836244985,36.26438404585258,102500
2011-04-25,36.1436882019043,36.264381557019185,35.9662000448122,36.264381557019185,60000
2011-04-26,36.39216613769531,36.448963641058455,36.15078216491,36.250177795795494,67500
2011-04-27,36.697452545166016,36.732952345277205,36.25018431291374,36.519964377628106,65200
2011-04-28,36.78263473510742,36.81103077277003,36.569646848990246,36.569646848990246,100800
2011-04-29,36.938838958740234,37.00983585531592,36.775550158998186,36.84654705557387,164000
2011-05-02,36.83234405517578,37.166019957385565,36.7897459214183,37.09502577604419,131000
2011-05-03,36.55546569824219,36.73295387316261,36.32118000738501,36.67615635722586,84000
2011-05-04,36.20050048828125,36.54837590155343,36.01591121293828,36.54837590155343,59000
2011-05-05,35.68932342529297,36.093996257512096,35.51183524595986,36.00170164594756,142000
2011-05-06,35.85259246826172,36.29986319201826,35.69640208987777,36.12237511049221,87100
2011-05-09,36.0443000793457,36.10819593275944,35.731921856131144,35.89521065746521,60000
2011-05-10,36.43477249145508,36.463171249548516,36.15789137068063,36.21468617861288,84300
2011-05-11,35.795806884765625,36.23597942325541,35.5615239475409,36.23597942325541,79100
2011-05-12,35.8242073059082,35.96619836660736,35.45503163139208,35.71061499899972,163000
2011-05-13,35.40532302856445,35.880992512597224,35.22783494060137,35.880992512597224,83400
2011-05-16,35.28464889526367,35.67512232935697,35.24915180275602,35.419538930094575,93900
2011-05-17,35.39112854003906,35.39822958115928,35.00065523429085,35.18524438786513,63300
2011-05-18,35.696414947509766,35.696414947509766,35.28464385834355,35.34853969903795,35900
2011-05-19,35.77450942993164,35.81710755893756,35.540226491034396,35.74611067726103,35200
2011-05-20,35.39823532104492,35.689315764338644,35.291741353002834,35.689315764338644,24000
2011-05-23,34.78766632080078,34.89416026018622,34.63147593190305,34.844463810673915,109100
2011-05-24,34.90126419067383,35.10005002060952,34.823168983698,35.03615418837965,60300
2011-05-25,35.100059509277344,35.2207528731183,34.78768130518204,34.80897901893152,28500
2011-05-26,35.355648040771484,35.426644944002405,35.014871030027884,35.17815984507659,67700
2011-05-27,35.58992385864258,35.668019076344585,35.45503113415577,35.54732572855398,60700
2011-05-31,36.10108184814453,36.11528122246888,35.83130186074308,36.10818288943357,63200
2011-06-01,35.34143829345703,36.03719149150584,35.29174182990027,36.01589378091126,62900
2011-06-02,35.384033203125,35.54022362195034,35.163946950076024,35.47632778772669,161500
2011-06-03,35.27044677734375,35.45503326900044,34.99356568573155,35.03616111013075,46300
2011-06-06,34.78766632080078,35.1710412526843,34.78766632080078,35.14264250774773,52600
2011-06-07,34.94386672973633,35.256244888851825,34.94386672973633,35.1497509189296,33300
2011-06-08,34.73088073730469,34.91546993441953,34.617288426870296,34.80897595852602,144500
2011-06-09,35.01487350463867,35.10006708628173,34.65989708816159,34.75929005145436,29000
2011-06-10,34.31201171875,34.752181588612764,34.162919608998415,34.752181588612764,73000
2011-06-13,34.38300323486328,34.54629200122498,34.18421738159759,34.496595537908554,118300
2011-06-14,34.90836715698242,34.95096528687393,34.70248296647557,34.80897422882308,199000
2011-06-15,34.03512191772461,34.517889834990534,33.964127750937095,34.45399400158023,94200
2011-06-16,33.914459228515625,34.106146886643295,33.644676297640814,33.94285800192478,190800
2011-06-17,34.127437591552734,34.37592003712247,34.013845229541495,34.17713408066668,50400
2011-06-20,34.155818939208984,34.23391415606005,33.96413141828022,33.99962850550685,213800
2011-06-21,34.77348709106445,34.85868066696962,34.361715883977034,34.361715883977034,74400
2011-06-22,34.53920364379883,34.80188541266904,34.52500426328491,34.63149555475693,161000
2011-06-23,34.354610443115234,34.354610443115234,33.73695235739885,34.02093181015996,68600
2011-06-24,34.006736755371094,34.383010834579196,33.9570402810702,34.383010834579196,30300
2011-06-27,34.283607482910156,34.39719977659426,33.93572956010976,34.013824769815194,85400
2011-06-28,34.752174377441406,34.76637375200726,34.36170105576868,34.36170105576868,34500
2011-06-29,35.1994514465332,35.234948535122946,34.85867181295977,34.99356454115674,314100
2011-06-30,35.618324279785156,35.68222012864109,35.305946078853076,35.36984192770902,64600
2011-07-01,36.02299118041992,36.10108368078755,35.47632742832329,35.60411909547595,89200
2011-07-05,35.94490051269531,36.02299573118253,35.859704251661505,35.98039760066563,53600
2011-07-06,35.84550857543945,35.91650275334552,35.61832124798062,35.81000877823214,126700
2011-07-07,36.186302185058594,36.22179929037474,36.00881395022233,36.03721000952193,533700
2011-07-08,35.83131790161133,35.8384162378244,35.561535085180495,35.81001747646222,70800
2011-07-11,34.993560791015625,35.298840595029255,34.84447140996356,35.26334080198965,115000
2011-07-12,34.73088073730469,35.10005642328005,34.71668406822291,34.787678246649044,63900
2011-07-13,35.078758239746094,35.44083287805793,34.98646364242964,35.05746052815548,50100
2011-07-14,34.81607437133789,35.35563712807948,34.78057728480625,35.291741289020884,59800
2011-07-15,35.02906799316406,35.107163227200914,34.79478229105352,35.0858628035742,40400
2011-07-18,34.588890075683594,34.78767592863447,34.32620567485093,34.76637821817663,48200
2011-07-19,35.163963317871094,35.19946312649471,34.91548090703668,34.91548090703668,114600
2011-07-20,35.384033203125,35.45502737081621,35.22784278429967,35.37693486965744,41000
2011-07-21,35.9591064453125,36.001701875340856,35.51893380781834,35.540234231087226,97900
2011-07-22,35.9661979675293,35.98749567850887,35.73901335623316,35.85260566188123,87800
2011-07-25,35.68932342529297,35.866811604626086,35.568630055054015,35.61122819306565,107700
2011-07-26,35.74611282348633,35.90230326429837,35.660919268613526,35.76031220067418,68300
2011-07-27,34.97227096557617,35.62542889812022,34.88707739463731,35.62542889812022,142400
2011-07-28,34.91547775268555,35.27045414081106,34.85158189449276,34.98647194700868,105000
2011-07-29,34.8515739440918,35.15685378489916,34.581791192348334,34.75927934592219,175500
2011-08-01,34.588890075683594,35.40533390619907,34.33330671717297,35.40533390619907,227600
2011-08-02,33.722747802734375,34.4681974756703,33.722747802734375,34.34040579365223,132900
2011-08-03,33.857643127441406,33.88604188528782,33.204487946501544,33.82214603426069,187900
2011-08-04,31.855575561523438,33.161888583348066,31.812980134583675,33.161888583348066,728500
2011-08-05,31.99046516418457,32.56552503749889,31.046226905242207,32.26734624515135,282000
2011-08-08,29.633419036865234,31.259208230762482,29.60502028640971,30.897133641343192,812400
2011-08-09,31.301809310913086,31.422499949359775,29.59792203831228,30.45696671702376,424600
2011-08-10,29.77541160583496,30.76224801255972,29.76121222858846,30.698352169077605,225800
2011-08-11,31.216623306274414,31.55740030152545,29.981304328766445,30.052301228769668,118200
2011-08-12,31.50059700012207,31.70648390996215,31.216617576993226,31.550293466875978,186600
2011-08-15,32.20344543457031,32.267341267109295,31.75617460679744,31.777472314892492,108400
2011-08-16,31.869775772094727,32.13955855219389,31.557397563943567,31.784582207736154,113200
2011-08-17,32.01176452636719,32.38803855752041,31.79167823381762,32.11825850527119,155600
2011-08-18,30.584762573242188,31.067527901189116,30.25818228410271,31.067527901189116,516500
2011-08-19,30.12328338623047,30.91842939082111,30.059387555881433,30.18007817528865,82200
2011-08-22,30.144594192504883,30.91844282599546,30.12329647588516,30.84034758738326,91200
2011-08-23,31.188215255737305,31.188215255737305,30.180081242039133,30.40016750410627,118500
2011-08-24,31.33020782470703,31.379904288188275,30.826139439283622,30.968130495624663,524500
2011-08-25,30.662857055664062,31.436705630152918,30.591862866841293,31.337312682499164,127300
2011-08-26,31.145605087280273,31.266298380544473,30.18717061344565,30.55634611599943,80000
2011-08-29,31.99046516418457,32.01886120994082,31.56449197878977,31.56449197878977,72200
2011-08-30,32.025970458984375,32.14666113207372,31.557401730760862,31.81298516583822,98500
2011-08-31,32.32413864135742,32.58682303404049,32.18215029837138,32.29574259771264,87200
2011-09-01,32.096954345703125,32.65071917994216,32.05435892570679,32.373835408695605,335700
2011-09-02,31.31601905822754,31.6283973214094,31.20952505282767,31.49350726172395,58800
2011-09-06,30.748058319091797,30.804853137710452,29.88901332878406,30.094900301318855,136100
2011-09-07,31.599994659423828,31.599994659423828,31.131425968344963,31.22372058108534,73000
2011-09-08,31.103017807006836,31.607083396486015,31.06041968503889,31.259205504381963,76300
2011-09-09,30.201385498046875,30.71254954949004,30.038096718311138,30.71254954949004,153600
2011-09-12,30.165882110595703,30.165882110595707,29.47722733735541,29.633417749823217,165300
2011-09-13,30.449874877929688,30.51377073767076,30.10199952575992,30.19429143896538,75900
2011-09-14,30.790645599365234,31.074627741995357,30.101993372106993,30.53506221264901,137100
2011-09-15,31.308910369873047,31.358606838059007,30.918436959160072,31.166922008344255,660000
2011-09-16,31.379901885986328,31.48639313889936,31.08882146148441,31.379901885986328,534000
2011-09-19,30.77644157409668,30.939733041817,30.393069260166847,30.591855105038167,76100
2011-09-20,30.769357681274414,31.188229985452278,30.669964712190737,30.94684589985393,38600
2011-09-21,29.825122833251953,30.776459913573255,29.825122833251953,30.698367362449016,227600
2011-09-22,28.58270263671875,28.95187847066972,28.19933012799559,28.937679087642138,2043600
2011-09-23,28.84538459777832,28.902179416587717,28.412312932804166,28.469107751613564,202500
2011-09-26,29.455936431884766,29.455936431884762,28.54009686987849,28.966067373565195,130600
2011-09-27,30.023902893066406,30.520870367092872,29.853513038905533,30.172992322797892,107800
2011-09-28,29.3707332611084,30.251075525596722,29.3707332611084,30.038090323814416,91700
2011-09-29,29.782508850097656,30.180080529275923,29.335238002768158,30.080687609481355,286100
2011-09-30,28.859575271606445,29.47723329666116,28.859575271606445,29.264248050944467,305700
2011-10-03,28.13542366027832,29.029962788012497,28.092825527241693,28.753081693910357,461100
2011-10-04,28.689191818237305,28.689191818237305,27.45387278566904,27.744956026274124,257000
2011-10-05,29.221643447875977,29.2855392782678,28.44069681709033,28.696277430403892,179000
2011-10-06,29.931596755981445,29.94579613071778,29.058355521600383,29.221644268687527,158000
2011-10-07,29.676008224487305,30.137478343625713,29.541118250521514,30.023886073903643,79200
2011-10-10,30.77644157409668,30.77644157409668,30.265277586105565,30.265277586105565,71800
2011-10-11,30.65576171875,30.73385695904694,30.393079944505274,30.42857704238889,375500
2011-10-12,31.259214401245117,31.557395923380543,31.0320297692631,31.13142270722343,907400
2011-10-13,31.088823318481445,31.145618115110075,30.712546619268632,30.9681299747327,115300
2011-10-14,31.61419105529785,31.61419105529785,31.245015347432663,31.528997494484184,121800
2011-10-17,30.847431182861328,31.42249087234972,30.826130770035306,31.42249087234972,89100
2011-10-18,31.45090103149414,31.599990434117167,30.520864817580094,30.7764454899677,107400
2011-10-19,30.98233985900879,31.46510798123253,30.89714628104431,31.337316260158303,164000
2011-10-20,30.93973731994629,31.074627346438614,30.520865154438724,30.9894337880358,74000
2011-10-21,31.67808723449707,31.67808723449707,31.308911522768287,31.308911522768287,88500
2011-10-24,32.160858154296875,32.23185505230921,31.74908697884431,31.777483029794503,209800
2011-10-25,31.585792541503906,32.05436115178276,31.528995033225616,32.05436115178276,98200
2011-10-26,32.033058166503906,32.104055046165584,31.379903123140718,32.01885879057157,175400
2011-10-27,33.44586181640625,33.715644517522925,32.9204957887847,33.04118911885813,311900
2011-10-28,33.33938217163086,33.360682596818506,33.11219749683223,33.218691498005626,136400
2011-10-31,32.111167907714844,32.77142429188391,32.111167907714844,32.72172780776411,99800
2011-11-01,31.188215255737305,31.585789652559033,30.90423315682835,31.145617128424757,210500
2011-11-02,31.74198341369629,31.869775111713437,31.429605212017993,31.599992337204508,129800
2011-11-03,32.388038635253906,32.43773510332721,31.621291193369725,32.16085400741753,116400
2011-11-04,32.1182746887207,32.153771796823186,31.791694252712897,32.08277487236247,121900
2011-11-07,32.267333984375,32.324128762561166,31.84846200077078,32.1111436049199,51700
2011-11-08,32.66490936279297,32.72170685585081,32.15374546654,32.33123356996548,164300
2011-11-09,31.159818649291992,31.692283090211554,31.095922808051476,31.621288914723955,389200
2011-11-10,31.486398696899414,31.656788523193097,31.18821988620348,31.607092054743774,51000
2011-11-11,32.18215560913086,32.24604874906592,31.926572216372666,31.926572216372666,32600
2011-11-14,31.699399948120117,31.997578883839953,31.550307772004654,31.976281162218694,99100
2011-11-15,31.713584899902344,31.93367120556478,31.493501302494455,31.628391336655888,66500
2011-11-16,31.23082160949707,31.805881584294763,31.195321806592013,31.42250646225982,643200
2011-11-17,30.719650268554688,31.35150766860058,30.50666502367749,31.209516602597674,89200
2011-11-18,30.748058319091797,31.010740110245248,30.60606721016245,31.010740110245248,50700
2011-11-21,30.045207977294922,30.2155978732409,29.77542510382026,30.20139848955744,167000
2011-11-22,30.002609252929688,30.201397912443955,29.818022685083005,30.03810906558773,126700
2011-11-23,29.214561462402344,29.668930862438106,29.179061652567157,29.605034996292122,247100
2011-11-25,29.12224769592285,29.48432222733315,28.930560223439706,29.12224769592285,107900
2011-11-28,30.215587615966797,30.307879516195698,29.960004212938397,30.215587615966797,120200
2011-11-29,30.322072982788086,30.4782634115743,30.130385467892477,30.25817714448955,219700
2011-11-30,31.713584899902344,31.76328407907187,31.25921561824852,31.33021251116602,238200
2011-12-01,31.571577072143555,31.86975571385771,31.47218419157217,31.621273512429248,176900
2011-12-02,31.557392120361328,31.99756195324929,31.543192744041832,31.926567779905916,136800
2011-12-05,31.933658599853516,32.18214356459429,31.74197112702611,32.040152543064345,182000
2011-12-06,31.855575561523438,31.983367258851732,31.66388801553099,31.862676604849735,124300
2011-12-07,31.962053298950195,32.10404430250202,31.493484883006364,31.670972960382862,115500
2011-12-08,31.095924377441406,31.649689265558735,31.02493019837078,31.543195288698463,234800
2011-12-09,31.67808723449707,31.763283504456822,31.22371796106303,31.22371796106303,95800
2011-12-12,30.93973731994629,31.174020282617633,30.705451649020556,31.174020282617633,122000
2011-12-13,30.613143920898438,31.294700220637523,30.492453323933606,31.15270921201466,142500
2011-12-14,30.23687744140625,30.563454945292772,30.10198743978022,30.47826140259496,412100
2011-12-15,30.35048484802246,30.61316664862955,30.272389599887997,30.535071400495088,299100
2011-12-16,30.400177001953125,30.698358569793005,30.265286952367738,30.52796871556238,500600
2011-12-19,30.03099822998047,30.52086731911271,29.967102379582986,30.464069803979577,198400
2011-12-20,30.996538162231445,31.067532356690727,30.47827295956491,30.527969437337394,436400
2011-12-21,30.922391891479492,30.995080935644364,30.60982401033382,30.92965968673226,343700
2011-12-22,31.278579711914062,31.307656445829135,31.009626855474547,31.045971386413406,242700
2011-12-23,31.46755599975586,31.532977223633225,31.271292328123767,31.35125190985257,283100
2011-12-27,31.4239501953125,31.518448162766774,31.380335108893053,31.387605676417486,266900
2011-12-28,30.95148277282715,31.39489058166392,30.89332929257347,31.380352211600503,406900
2011-12-29,31.314918518066406,31.365801402155093,30.944197193524023,30.944197193524023,310000
2011-12-30,31.387619018554688,31.45304028953837,31.242238108267586,31.242238108267586,198000
2012-01-03,31.976409912109375,32.158135353641704,31.976409912109375,31.990945507271,233500
2012-01-04,31.976409912109375,32.01275444583381,31.729263200708996,31.82375843381048,143000
2012-01-05,31.809219360351562,31.89644956684803,31.50392195634427,31.7074535590158,86800
2012-01-06,31.569339752197266,31.78014190201074,31.5184568571264,31.78014190201074,57200
2012-01-09,31.67837142944336,31.751060476540378,31.482107674790132,31.700177588990584,204400
2012-01-10,32.1653938293457,32.22354728477944,32.09270478296291,32.15812603387118,130400
2012-01-11,32.12177658081055,32.15085330657492,31.903706683396063,31.98366629279352,94200
2012-01-12,32.223548889160156,32.2671612099975,31.983670032916713,32.216278320414254,200100
2012-01-13,31.9400691986084,31.961878141673044,31.642039523891896,31.874647915235958,86600
2012-01-17,32.20900344848633,32.41980275634456,32.13631164154478,32.28896027675867,233500
2012-01-18,32.63787841796875,32.65241400779034,32.27442766842749,32.27442766842749,318600
2012-01-19,32.92864227294922,32.97225736765697,32.7105723452296,32.79053196573903,220100
2012-01-20,33.0013313293457,33.0013313293457,32.81960594267069,32.90683335186008,99500
2012-01-23,33.03765869140625,33.21938398368802,32.928622406874034,33.08127098689282,445200
2012-01-24,32.91409683227539,32.95771191760691,32.6742207952245,32.768718760321626,227500
2012-01-25,33.31389236450195,33.35750467367212,32.7251012345258,32.8922882231319,136600
2012-01-26,33.190311431884766,33.59010657043804,33.095813491638566,33.488340837669014,186100
2012-01-27,33.23393630981445,33.32116371036181,33.11763218478161,33.12489997944845,109300
2012-01-30,33.030391693115234,33.08854512391991,32.739632857816474,32.89954924671292,186300
2012-01-31,33.10309600830078,33.31389811537591,32.89229390122564,33.27755082091456,264600
2012-02-01,33.561038970947266,33.750034902777934,33.43746705413483,33.48834993434101,269600
2012-02-02,33.69187927246094,33.7936477991893,33.58284572461521,33.67734368440856,302100
2012-02-03,34.164371490478516,34.1934482168197,33.917224862396985,33.95356938386883,144400
2012-02-06,34.0771484375,34.08441623355909,33.909961399045024,33.95357372121874,89100
2012-02-07,34.19345474243164,34.21526090489447,33.85908064442256,34.00445875805449,121800
2012-02-08,34.32429504394531,34.38244573105666,34.09895454572856,34.27341215288179,129000
2012-02-09,34.367897033691406,34.39697375496026,34.17890389126141,34.35335867305698,85100
2012-02-10,33.90995407104492,33.946298589305435,33.77911158697986,33.90995407104492,121600
2012-02-13,34.207984924316406,34.30248012098779,34.1062163870479,34.26613560127502,162700
2012-02-14,34.069862365722656,34.128015799372186,33.8372541769412,34.12074523371183,68300
2012-02-15,34.004451751708984,34.287942896953844,33.97537779871892,34.27340730691341,64500
2012-02-16,34.469661712646484,34.469661712646484,33.95356240427307,34.01898363863792,72200
2012-02-17,34.56416320800781,34.62231665469301,34.41878236420377,34.58597213696924,35400
2012-02-21,34.57869338989258,34.731341991967895,34.49146601340787,34.65138240814512,94500
2012-02-22,34.47693634033203,34.54962537689582,34.404247303768244,34.54962537689582,96600
2012-02-23,34.60050964355469,34.65139252577007,34.28067398778524,34.48420551664679,201600
2012-02-24,34.79677963256836,34.884009823111285,34.71682001102548,34.72409058002553,84200
2012-02-27,34.70954895019531,34.825853087070165,34.353365971254554,34.4769406764456,203700
2012-02-28,34.90581130981445,34.93488803610157,34.68774140847961,34.76770101931454,149700
2012-02-29,34.68047332763672,35.12388373013292,34.615052075253516,35.03665631792513,370000
2012-03-01,35.01484680175781,35.058461893589694,34.78950909289992,34.81131525236116,204000
2012-03-02,34.76042938232422,34.88400407878961,34.64412525366164,34.818582833110085,446800
2012-03-05,34.54235076904297,34.66592266140908,34.38970215862303,34.66592266140908,951100
2012-03-06,33.69187927246094,33.9390258629836,33.58284572461521,33.9390258629836,425100
2012-03-07,34.06260299682617,34.11348587739894,33.79365023195454,33.84453311252731,266300
2012-03-08,34.62958526611328,34.70227707618485,34.360632501121046,34.42605374373095,179400
2012-03-09,34.60050964355469,34.74589049541684,34.527820604078165,34.60050964355469,87900
2012-03-12,34.54235076904297,34.65138430238216,34.44058502876301,34.57869528015603,142500
2012-03-13,35.1529541015625,35.167492463119636,34.68046705613686,34.687737623369905,120100
2012-03-14,35.022117614746094,35.1674984822915,34.88400731567813,35.1311539586325,356300
2012-03-15,35.2329216003418,35.26926612592598,34.993042740248995,35.07300236027993,226600
2012-03-16,35.34923553466797,35.436462974806446,35.3274265949506,35.40738623712351,95600
2012-03-19,35.450984954833984,35.58909523561474,35.26925958769186,35.31287467405323,99100
2012-03-20,35.17477035522461,35.21111488309656,34.963968211493615,35.10934909589119,98500
2012-03-21,35.10935592651367,35.182047769309726,34.97124558456659,35.16750940075052,96300
2012-03-22,34.69500732421875,34.82584981251396,34.615047717715115,34.73135184365429,237700
2012-03-23,34.96395492553711,34.9712254920946,34.6077748056632,34.731346708053714,319700
2012-03-26,35.480064392089844,35.49460275532199,35.19657046842692,35.19657046842692,190600
2012-03-27,35.26926040649414,35.48733029754553,35.26926040649414,35.4800625027711,137000
2012-03-28,35.00758743286133,35.291078665733785,34.83312979644979,35.27654029829032,110300
2012-03-29,34.949424743652344,34.949424743652344,34.56416507087141,34.7676993723303,357000
2012-03-30,35.087528228759766,35.1747556136779,34.927609045652716,35.1747556136779,478900
2012-04-02,35.450984954833984,35.596365803129494,34.97849789110086,35.05845749630883,272400
2012-04-03,35.11661148071289,35.44371492823347,34.9712306301987,35.44371492823347,67400
2012-04-04,34.57869338989258,34.74588035020007,34.4551215042816,34.70226804841186,176800
2012-04-05,34.50600814819336,34.6586567669755,34.41151019579597,34.41151019579597,143400
2012-04-09,34.207984924316406,34.33155684592165,33.924491015574944,34.15710204213671,563500
2012-04-10,33.524688720703125,34.20797774877504,33.451999696525,34.13528595168839,320300
2012-04-11,33.90995407104492,34.048064349598484,33.8663389853869,34.026258193223974,115400
2012-04-12,34.49874496459961,34.52782169046874,34.02626064731766,34.05533460027759,145800
2012-04-13,33.931766510009766,34.28067894114933,33.931766510009766,34.25160221199366,116100
2012-04-16,34.048065185546875,34.21525219197723,33.873607611540514,34.17890767282438,64100
2012-04-17,34.571434020996094,34.60050797163636,34.22978945156488,34.258866175114136,48800
2012-04-18,34.36063766479492,34.491480169677565,34.2952164123536,34.35336709624064,104000
2012-04-19,34.207984924316406,34.513282217394604,34.040797915310385,34.40424865825629,126600
2012-04-20,34.317012786865234,34.5423532083327,34.317012786865234,34.44785525443877,124000
2012-04-23,33.87361145019531,33.91722654186676,33.62646480987589,33.91722654186676,698600
2012-04-24,33.99717712402344,34.12801959136456,33.88087301671006,33.88087301671006,63500
2012-04-25,34.45512390136719,34.549619077087975,34.30247251576343,34.36789374590547,210500
2012-04-26,34.745887756347656,34.760426117678705,34.36063088625606,34.418781558671355,488300
2012-04-27,34.8185920715332,34.91308729476894,34.64413444579589,34.83312766517725,300600
2012-04-30,34.67320251464844,34.74589155634444,34.57143674711036,34.74589155634444,106000
2012-05-01,34.8476448059082,35.0366406830814,34.60049827084893,34.60049827084893,71600
2012-05-02,34.716819763183594,34.72409033213174,34.49874983420229,34.59324782016104,158000
2012-05-03,34.42605209350586,34.70954320692316,34.324286337192866,34.68046648428834,259000
2012-05-04,33.815460205078125,34.23706165925192,33.800921841429464,34.22252606851259,495200
2012-05-07,33.96084213256836,34.02626338458215,33.7282338527214,33.750040012422865,164000
2012-05-08,33.619205474853516,33.69916510991878,33.2557546048551,33.69916510991878,151200
2012-05-09,33.29936218261719,33.50289373649165,32.986794283218856,33.16124910856569,108100
2012-05-10,33.386573791503906,33.58283745679831,33.32842036197602,33.54649294979745,523000
2012-05-11,33.27754592895508,33.55376924338154,33.09582057499983,33.13943565819627,202000
2012-05-14,32.73237609863281,32.93591041938929,32.696031575504314,32.85595080476096,291100
2012-05-15,32.4561653137207,32.79053946421544,32.37620567492626,32.666964720739436,269000
2012-05-16,32.20173645019531,32.623340658455184,32.179930292150566,32.507036527367845,118900
2012-05-17,31.758331298828125,32.2017417379438,31.751063502589524,32.2017417379438,174800
2012-05-18,31.4893798828125,31.903713609725045,31.42395862209421,31.80921561692979,158500
2012-05-21,32.078163146972656,32.0927015093481,31.598408280219218,31.598408280219218,144200
2012-05-22,32.020023345947266,32.339861908719556,31.845568468898996,32.12905972378514,79600
2012-05-23,31.910972595214844,31.92550818306698,31.329449256413074,31.758321193679546,233000
2012-05-24,31.81648826599121,31.98367532699677,31.59114773703069,31.96913696000803,106300
2012-05-25,31.751047134399414,31.87461901711995,31.66381975995502,31.801930000567666,95200
2012-05-29,32.18720626831055,32.28170426537197,31.932791783425856,32.092711044159046,191500
2012-05-30,31.55478858947754,31.852818042421166,31.55478858947754,31.838279682166757,343600
2012-05-31,31.57659339904785,31.72197422249372,31.30764067806356,31.64928519722507,93400
2012-06-01,30.856969833374023,31.154999343289337,30.842431470340447,31.147728775317937,517400
2012-06-04,30.936927795410156,31.08230587218235,30.66797225298164,31.031422990730267,297500
2012-06-05,31.096853256225586,31.140468355656246,30.886053874585397,30.893321671368902,76400
2012-06-06,31.947317123413086,31.954584917342054,31.358525990450257,31.438485588212853,69800
2012-06-07,31.947317123413086,32.41980137024211,31.889163680346183,32.41980137024211,97400
2012-06-08,31.990921020507812,32.02726829932118,31.57658755278956,31.70016220035728,188500
2012-06-11,31.57659339904785,32.33257146263952,31.540248886413526,32.252611871098864,89000
2012-06-12,32.04180908203125,32.04180908203125,31.554783792723452,31.75831525952824,252500
2012-06-13,31.780136108398438,32.085433423167025,31.692905927399433,31.8964402434878,80300
2012-06-14,32.00547409057617,32.114510431324874,31.736521295747867,31.845557636496565,144500
2012-06-15,32.4052619934082,32.4343359386334,32.114500357888495,32.2235366644355,118000
2012-06-18,32.434349060058594,32.528847045768245,32.2235497005811,32.325315482310145,103100
2012-06-19,32.89956283569336,33.0667526318595,32.68876349422743,32.696031289625836,140000
2012-06-20,32.95044708251953,33.1467080518655,32.70330045592882,32.99405939885898,296700
2012-06-21,32.092708587646484,32.95772054295266,32.07089965281863,32.92864381178866,64600
2012-06-22,32.39799880981445,32.441613896953335,32.15812276282335,32.3689220850552,48000
2012-06-25,31.758331298828125,31.998210168346965,31.663836083177976,31.983671802960096,73200
2012-06-26,31.9400691986084,32.04910559519938,31.692922436191488,31.860112317073863,82500
2012-06-27,32.25261688232422,32.31803812439421,32.03454699972726,32.08542987990292,61200
2012-06-28,32.158119201660156,32.17992535636025,31.787397934305783,32.01273836687234,65900
2012-06-29,33.197593688964844,33.204864257563784,32.90683472192478,33.06675395618796,116300
2012-07-02,33.32115936279297,33.35023608348467,33.05220662866652,33.24847033397243,128300
2012-07-03,33.677337646484375,33.699143797562186,33.393843817931206,33.393843817931206,73300
2012-07-05,33.35750198364258,33.488344446419156,33.21212116134543,33.401117062204285,81100
2012-07-06,32.99406051635742,33.08855849314222,32.79779676745483,33.07402012956692,206600
2012-07-09,32.906829833984375,32.921368196113285,32.717833899217574,32.914097628594305,82100
2012-07-10,32.64514923095703,33.07402126598174,32.565189615000136,33.06675347039903,81500
2012-07-11,32.7105712890625,32.82687543161834,32.53611368877399,32.688765128867495,78100
2012-07-12,32.38346862792969,32.51431114948979,32.165398682966114,32.419813156605315,124700
2012-07-13,32.89956283569336,32.9867930179303,32.485229175250566,32.485229175250566,135700
2012-07-16,32.89229965209961,32.957720911495315,32.688768077495084,32.84141675844848,56700
2012-07-17,33.095821380615234,33.117630309198745,32.681487785344295,33.044938502101886,47900
2012-07-18,33.2702751159668,33.33569634837079,32.96497510711198,32.96497510711198,89100
2012-07-19,33.473812103271484,33.553771708551785,33.328431254844496,33.379314135857584,244800
2012-07-20,32.99406051635742,33.14670917453411,32.95044819854083,33.110364652050514,159800
2012-07-23,32.52885055541992,32.58700402148781,32.16539971122529,32.39074023287352,67000
2012-07-24,32.1653938293457,32.528844607078426,31.94732391728795,32.528844607078426,88300
2012-07-25,32.27442169189453,32.39799359285929,32.099964144340504,32.37618743925577,119900
2012-07-26,32.97224426269531,33.03039492628384,32.76144221475639,32.870478521734036,88600
2012-07-27,33.640995025634766,33.750031341949175,33.13216627725741,33.13216627725741,97600
2012-07-30,33.561038970947266,33.6846136606687,33.51742665814711,33.531965020050166,50600
2012-07-31,33.43747329711914,33.74277063535714,33.43747329711914,33.61193089961908,218100
2012-08-01,33.33570861816406,33.63373817038646,33.30663188796929,33.604661440191684,102400
2012-08-02,33.0013313293457,33.29936085257634,32.77599085162132,33.103097102218214,74500
2012-08-03,33.83000564575195,33.939039236562046,33.56105002135192,33.56105002135192,70400
2012-08-06,33.99717712402344,34.14255795139231,33.924485323884674,33.946294250380625,128100
2012-08-07,34.2370491027832,34.38970047865443,34.13528336747459,34.186166235128894,102100
2012-08-08,34.207984924316406,34.31701848345472,34.091680797490085,34.091680797490085,188800
2012-08-09,34.28068542480469,34.389721793306244,34.14257509455809,34.14257509455809,55000
2012-08-10,34.346092224121094,34.36063058532481,34.033524390513314,34.077139474124465,53400
2012-08-13,34.26612854003906,34.34608813067531,34.091673772204096,34.309743618452075,43400
2012-08-14,34.28068542480469,34.426066325170076,34.21526415828577,34.426066325170076,48400
2012-08-15,34.30246353149414,34.34607859780164,34.21523617178692,34.22977452722275,130100
2012-08-16,34.64412307739258,34.70227652452537,34.30974907510596,34.40424704024226,206700
2012-08-17,34.67320251464844,34.709547035496435,34.55689838418932,34.6586641517274,189100
2012-08-20,34.62958526611328,34.665929784694555,34.4478599002979,34.600508542084654,107900
2012-08-21,34.63685607910156,34.94942393235241,34.571434836027926,34.716812911383535,98100
2012-08-22,34.6077766418457,34.658659518813096,34.37516841202082,34.476934165955605,118600
2012-08-23,34.37517166137695,34.56416482613368,34.331556574321205,34.56416482613368,52000
2012-08-24,34.43332290649414,34.53508867172898,34.171637925656476,34.28794205348331,185200
2012-08-27,34.41877365112305,34.564154458124065,34.382429142599854,34.48419487562809,126700
2012-08-28,34.42605209350586,34.498741127184026,34.30974797587545,34.30974797587545,98900
2012-08-29,34.367897033691406,34.46239499136079,34.287937436656456,34.46239499136079,114500
2012-08-30,34.02625274658203,34.222516441263345,33.96809930834673,34.222516441263345,84800
2012-08-31,34.26612854003906,34.411509361840565,34.091673772204096,34.309743618452075,79300
2012-09-04,34.22978973388672,34.30974933785215,34.05533216406131,34.287940408555855,138300
2012-09-05,34.17890548706055,34.30974796597059,34.06260136946372,34.207982209686975,540100
2012-09-06,34.96395492553711,34.96395492553711,34.418778895890014,34.418778895890014,417700
2012-09-07,35.2983512878418,35.305619085530985,35.09481690471164,35.09481690471164,405100
2012-09-10,35.04391098022461,35.28378974003393,35.02937262148692,35.21836851216852,221700
2012-09-11,35.26199722290039,35.35649521221115,35.12388690999211,35.12388690999211,111600
2012-09-12,35.4073600769043,35.5236641687961,35.312864908616646,35.458242943800194,70400
2012-09-13,36.02524185180664,36.1051986931417,35.32014646027967,35.41464443828757,288200
2012-09-14,36.30145263671875,36.592214287611995,36.17788073747972,36.185148530943174,318200
2012-09-17,36.119728088378906,36.279647277159825,36.02523290674352,36.272379483537364,111800
2012-09-18,36.00343704223633,36.068858300208255,35.91620962257698,36.03251377309267,100300
2012-09-19,36.076114654541016,36.15607424643516,35.95253998354772,36.08338244793658,58800
2012-09-20,35.89440155029297,35.92347550669208,35.618178167679964,35.84351866045762,251900
2012-09-21,35.89440155029297,36.18516052465076,35.85805702511194,36.18516052465076,156900
2012-09-24,35.8090705871582,35.87527481469869,35.67666213207723,35.76493350009915,75300
2012-09-25,35.51482391357422,36.0150329382242,35.500111553308535,35.978253440607894,212800
2012-09-26,35.242637634277344,35.43389262614748,35.13965396126307,35.42653785211559,175900
2012-09-27,35.684017181396484,35.73551185307149,35.33828648480975,35.50011685973044,342200
2012-09-28,35.3309211730957,35.514821454539835,35.227937464462286,35.514821454539835,251200
2012-10-01,35.5074577331543,35.823766362043415,35.47803302207277,35.5074577331543,606700
2012-10-02,35.64722442626953,35.80905754712426,35.507461243955554,35.764920476137924,230200
2012-10-03,35.60309982299805,35.69137118282976,35.45597901921456,35.65459168340787,67800
2012-10-04,35.91939926147461,35.926754037014824,35.69136193439501,35.77963327135364,110000
2012-10-05,35.93411636352539,36.23571273376355,35.83849023093227,36.154798961437635,93800
2012-10-08,35.77229309082031,35.78700545399856,35.684018911750826,35.684018911750826,48000
2012-10-09,35.36771774291992,35.67666899346265,35.353005377737404,35.67666899346265,316300
2012-10-10,35.18379592895508,35.367696172432126,35.11023414790724,35.30884674759386,70800
2012-10-11,35.352996826171875,35.59574377772337,35.34563924231198,35.45598055144197,102200
2012-10-12,35.20586395263672,35.41918891394037,35.139659751063,35.37505184419285,52600
2012-10-15,35.522178649902344,35.53689100898893,35.22058230386619,35.338278370463335,119800
2012-10-16,35.978240966796875,35.985595741331885,35.75020367088401,35.75756125151385,210000
2012-10-17,36.191585540771484,36.22836504558835,35.956193342627955,36.022397573736846,207700
2012-10-18,36.11802673339844,36.30192707889659,36.000330624523485,36.0738924463807,62600
2012-10-19,35.5589599609375,36.015031891535834,35.4927557447139,36.015031891535834,60300
2012-10-22,35.706077575683594,35.75021184517461,35.45597309288446,35.69136521715477,91300
2012-10-23,35.0808219909668,35.1838085212928,34.874854542506846,35.17645093750721,153800
2012-10-24,35.044036865234375,35.33092085271042,35.02932450612079,35.30885371708783,91400
2012-10-25,35.264713287353516,35.46332590736276,35.07345824924942,35.352987433643385,252200
2012-10-26,35.154380798339844,35.28678923422064,35.01461477930135,35.21322743312254,45600
2012-10-31,35.11760711669922,35.30886221903665,35.02933294076232,35.27943749372435,210300
2012-11-01,35.63988494873047,35.647239727337535,35.2132348310146,35.31621856809184,366600
2012-11-02,35.264713287353516,35.750209867566554,35.264713287353516,35.73550031594689,146000
2012-11-05,35.316219329833984,35.3824235631111,35.16174372088621,35.294152187440424,203700
2012-11-06,35.610450744628906,35.661942599463316,35.38977096589633,35.44861759738039,85700
2012-11-07,34.94841384887695,35.31621447067825,34.77187112182612,35.31621447067825,175000
2012-11-08,34.59532165527344,35.07346353168995,34.55854215849426,34.948409875325865,225100
2012-11-09,34.61003112792969,34.85278083739366,34.448200794382544,34.492335064397444,305600
2012-11-12,34.63945770263672,34.7571537724796,34.580608264667454,34.7571537724796,163100
2012-11-13,34.42612838745117,34.71301234638151,34.345211823425636,34.39670367215183,319300
2012-11-14,34.02156448364258,34.55855316470686,33.948005466657136,34.470281783105,1250500
2012-11-15,33.97005081176758,34.183375752668866,33.859709550999376,34.109813976791784,273500
2012-11-16,34.08039855957031,34.139245185378314,33.7125980284604,34.04361626158303,120900
2012-11-19,34.801307678222656,34.801307678222656,34.448219297967334,34.51442073854926,273700
2012-11-20,34.75715255737305,34.80864441074818,34.53647278489455,34.683593568578736,122500
2012-11-21,34.87485122680664,34.87485122680664,34.735088015224704,34.779222289358074,86500
2012-11-23,35.43391418457031,35.43391418457031,35.198521987009464,35.198521987009464,65700
2012-11-26,35.345638275146484,35.35299585880506,35.16173796902596,35.264721691478094,601100
2012-11-27,35.132320404052734,35.382424983574026,35.12496562499176,35.25737409686165,188500
2012-11-28,35.43391418457031,35.50747600011829,34.845433690668195,34.99255451566781,457200
2012-11-29,35.62517166137695,35.7060882544378,35.455983696838956,35.61045929844804,511200
2012-11-30,35.65459442138672,35.72815342587922,35.53689833054103,35.68401633952603,102200
2012-12-03,35.56631088256836,35.88997715173112,35.55895610649439,35.88997715173112,176800
2012-12-04,35.610450744628906,35.72814681369265,35.51482181160973,35.647230240068396,141000
2012-12-05,35.71342086791992,35.9046786611985,35.536878234533845,35.61043719742895,158500
2012-12-06,35.85320281982422,35.86055759695682,35.70608202230985,35.77228624088652,278300
2012-12-07,35.92676544189453,35.963544943461606,35.764932267684095,35.83849407691434,91200
2012-12-10,35.94146728515625,35.978246775959484,35.83848358846909,35.86790549745451,192500
2012-12-11,36.221004486083984,36.28720870662649,36.044458962605354,36.044458962605354,305900
2012-12-12,36.287208557128906,36.50053077257952,36.24307147491711,36.2504262522378,209500
2012-12-13,36.05917739868164,36.3239943254682,35.992973166985,36.27250245704818,189900
2012-12-14,36.081241607666016,36.19893769821568,35.9929702412778,36.11066633182747,140800
2012-12-17,36.38283157348633,36.39754393296223,36.05181050051776,36.05181050051776,222400
2012-12-18,36.74326705932617,36.78004654465185,36.33868710855397,36.353396657808354,1412000
2012-12-19,36.669708251953125,36.87567843742636,36.647641120189775,36.802116654723385,211100
2012-12-20,36.90403747558594,36.94123105945072,36.71806671857346,36.78501630460549,346000
2012-12-21,36.59159469604492,36.62879110699367,36.30148085184628,36.346114842372124,547000
2012-12-24,36.53209686279297,36.628802453377936,36.450269273658655,36.59904645047662,229900
2012-12-26,36.47257614135742,36.68830285430812,36.3684329937779,36.56184412872954,358600
2012-12-27,36.5097770690918,36.613920229547816,36.18990716901213,36.613920229547816,453200
2012-12-28,36.286624908447266,36.45028013548354,36.18248170494763,36.33869651019709,411400
2012-12-31,36.762699127197266,36.82221113354405,36.24942084205517,36.28661442717759,293000
2013-01-02,37.56608963012695,37.56608963012695,37.31316930920867,37.35780330855483,722400
2013-01-03,37.35780715942383,37.580971503781946,37.290857572347534,37.34292915810814,348200
2013-01-04,37.53632736206055,37.566083356655454,37.290847500872154,37.35779706986678,379800
2013-01-07,37.34292221069336,37.387553368648476,37.223901059999584,37.372678207788816,892500
2013-01-08,37.201602935791016,37.350380164734155,37.0751441356876,37.33550215807088,1737600
2013-01-09,37.365257263183594,37.42476928839017,37.268551641067674,37.28342964736932,673900
2013-01-10,37.7595100402832,37.78182846594548,37.484274050421675,37.64792926272869,433100
2013-01-11,37.73719024658203,37.75950583206807,37.57353505251404,37.72231224369504,411000
2013-01-14,37.7595100402832,37.78182846594548,37.595857665665406,37.74463487342731,226300
2013-01-15,37.722320556640625,37.73719856280631,37.47684054913059,37.47684054913059,201900
2013-01-16,37.64791488647461,37.67767088420219,37.52889373325242,37.6107213081592,438000
2013-01-17,37.89340591430664,37.997551936972485,37.77438472609178,37.86365274551965,296400
2013-01-18,37.930606842041016,37.96036001435848,37.73719561468635,37.90085083203425,384600
2013-01-22,38.079376220703125,38.079376220703125,37.826455844207246,37.87852743604267,1124000
2013-01-23,38.04962921142578,38.08682280623037,37.94548317320777,38.03475120596606,241900
2013-01-24,38.1240119934082,38.25791118937579,37.96035678996137,38.08681840290367,507400
2013-01-25,38.33229446411133,38.33229446411133,38.15376411280716,38.295100877397026,154900
2013-01-28,38.18352508544922,38.33229945166401,38.0868194772583,38.30998386426962,183800
2013-01-29,38.391815185546875,38.4290087807018,38.183528782527766,38.23560038328254,221200
2013-01-30,38.33973693847656,38.495951713660574,38.302543349769266,38.48107371063987,180800
2013-01-31,38.235595703125,38.369494899444575,38.16864610496521,38.257911289948574,236800
2013-02-01,38.592655181884766,38.64472677073538,38.38436598879355,38.48851200418354,257100
2013-02-04,38.04962921142578,38.36205881301165,38.019873200506346,38.32486521820705,717300
2013-02-05,38.30998992919922,38.41413313711234,38.15377511732954,38.15377511732954,189700
2013-02-06,38.347171783447266,38.347171783447266,38.09425142552973,38.13888543140531,263800
2013-02-07,38.14633560180664,38.33230643112542,37.90085558270447,38.33230643112542,250100
2013-02-08,38.37692642211914,38.391804423548386,38.26534283024409,38.30253925266152,230600
2013-02-11,38.32486343383789,38.38437261521668,38.235598242925086,38.38437261521668,287900
2013-02-12,38.44388198852539,38.53314717329484,38.309982792526675,38.36949480749902,191800
2013-02-13,38.518272399902344,38.65217160713057,38.45132279628823,38.6001000085073,185300
2013-02-14,38.458763122558594,38.495956716099094,38.30254832707493,38.36949793052354,276600
2013-02-15,38.36205291748047,38.51826769426611,38.265347315698854,38.51826769426611,295000
2013-02-19,38.696800231933594,38.73399382038525,38.53314503751962,38.58521662888972,399100
2013-02-20,38.25790786743164,38.778626602348204,38.243029864983875,38.76374859990044,249300
2013-02-21,37.86365509033203,38.06450105226027,37.71487788642777,38.06450105226027,201500
2013-02-22,38.25047302246094,38.25047302246094,37.982677452435745,38.116576656292956,132100
2013-02-25,37.53632736206055,38.577764471379595,37.52888978225574,38.577764471379595,304700
2013-02-26,37.774383544921875,37.87108914410035,37.46195399976062,37.80413955046739,269400
2013-02-27,38.19096374511719,38.29510693947853,37.66280735217657,37.71487894935724,179800
2013-02-28,38.1165771484375,38.391813143169166,38.1165771484375,38.24303593277474,453500
2013-03-01,38.21327590942383,38.22071632989114,37.82645633810365,37.93803994360159,365700
2013-03-04,38.30254364013672,38.309981222858994,38.019867255978255,38.09425443395677,352700
2013-03-05,38.659603118896484,38.73399028901794,38.51082594096493,38.51082594096493,301100
2013-03-06,38.7191276550293,38.853026884543276,38.63730003280523,38.763761677430544,424800
2013-03-07,38.860450744628906,38.89764432859966,38.80093874012485,38.82325432296959,155500
2013-03-08,39.01667022705078,39.03898581259921,38.815821444048254,38.99435180381345,412400
2013-03-11,39.12825393676758,39.13569435763619,38.91252997229278,39.02411074611992,78000
2013-03-12,38.927406311035156,39.113377097147065,38.84557871111568,39.061302666361854,191100
2013-03-13,38.90508270263672,38.98691029165197,38.77862394702306,38.94971670692375,123100
2013-03-14,39.18032455444336,39.20264297880318,38.97947859902828,39.016672189375925,188000
2013-03-15,39.06874084472656,39.19519960993438,39.03154725717655,39.165446442507665,296600
2013-03-18,38.81582260131836,39.0017933869369,38.60753622948606,38.68192340865788,195100
2013-03-19,38.54802703857422,38.905090632584184,38.33230023041532,38.853019035813304,2029100
2013-03-20,38.88276672363281,38.97203189360982,38.79350155365581,38.92740072746561,244700
2013-03-21,38.57778549194336,38.778634308367295,38.51827347032618,38.6744911082266,402100
2013-03-22,38.841957092285156,38.84942111825998,38.677785527832775,38.73748350217223,137400
2013-03-25,38.61061096191406,38.97626840830816,38.44643660419946,38.93895683065236,185400
2013-03-26,38.901649475097656,38.91657467711803,38.74493627722935,38.77478668127009,122500
2013-03-27,38.856876373291016,38.90165198223784,38.543455650737435,38.640465200085124,166800
2013-03-28,39.01359176635742,39.058367381079194,38.8195697959466,38.87926776888387,273700
2013-04-01,38.67778396606445,38.98374354476591,38.580771559151785,38.97627951909247,467300
2013-04-02,38.90911102294922,39.05089902014614,38.819562656666214,38.819562656666214,276800
2013-04-03,38.48375701904297,39.013588944819205,38.43152022899132,38.99866374099137,188700
2013-04-04,38.700172424316406,38.77479560490083,38.52107280554516,38.5807736273662,127500
2013-04-05,38.57331085205078,38.62554764949206,38.14049126658135,38.14049126658135,221200
2013-04-08,38.75986862182617,38.76733264755742,38.47629827125706,38.60315824177086,182400
2013-04-09,38.879249572753906,39.043423903205685,38.69268886876432,38.804626429834244,139800
2013-04-10,39.409080505371094,39.43892805177527,39.080731874713635,39.080731874713635,309000
2013-04-11,39.60313034057617,39.72252915060013,39.47627035035354,39.53596833201943,225600
2013-04-12,39.431488037109375,39.4389492160418,39.207615662144676,39.431488037109375,164100
2013-04-15,38.45390319824219,39.185221040745574,38.45390319824219,39.17775986283968,208200
2013-04-16,39.08075714111328,39.11060755350644,38.759872324616786,38.9091215398906,312200
2013-04-17,38.386749267578125,38.78972127967005,38.20765249333187,38.78972127967005,451200
2013-04-18,38.207637786865234,38.52852246779457,38.11062541091918,38.52852246779457,182000
2013-04-19,38.63300704956055,38.64046822829071,38.39420947651267,38.438982242276886,177500
2013-04-22,38.75986862182617,38.81956944090919,38.39421106836378,38.69270662370365,150800
2013-04-23,39.19268035888672,39.20760555959751,38.90910723876359,38.99865559633738,250600
2013-04-24,39.35685729980469,39.46133086493737,39.21506930710363,39.252380887980856,259100
2013-04-25,39.580718994140625,39.74489047521631,39.50609300575133,39.53594340110705,186400
2013-04-26,39.476253509521484,39.55833784345784,39.379241128171834,39.50610106427517,65600
2013-04-29,39.86429977416992,39.93146175817333,39.64789146721773,39.70758942705902,185600
2013-04-30,40.05831527709961,40.05831527709961,39.75235583116396,39.91653016443837,202000
2013-05-01,39.670265197753906,40.04338657954116,39.62548960713095,39.93144902632889,250600
2013-05-02,39.97623825073242,40.035939058590486,39.7523659146471,39.76729111661162,297100
2013-05-03,40.409053802490234,40.52845255152584,40.267265830910574,40.267265830910574,159000
2013-05-06,40.453834533691406,40.49861014092074,40.334435761104466,40.394136570743576,263000
2013-05-07,40.62546920776367,40.64039440984883,40.409060894256974,40.565771246114274,146800
2013-05-08,40.9090461730957,40.93143255496772,40.670248610822526,40.707560196173056,259000
2013-05-09,40.70754623413086,40.95380773702526,40.625459066499396,40.886645767753194,188700
2013-05-10,40.72248077392578,40.7448671532549,40.49860844056109,40.62546838568099,165800
2013-05-13,40.6926155090332,40.737391098030145,40.55829158873252,40.70754070536552,386300
2013-05-14,40.953819274902344,40.983666833339555,40.67024611956393,40.67024611956393,189900
2013-05-15,41.110538482666016,41.185161664861994,40.894127268928976,40.92397768048414,143000
2013-05-16,40.89411926269531,41.14784201785661,40.85680767890217,41.05082962264134,167100
2013-05-17,41.22993469238281,41.22993469238281,40.94636149380495,41.02844869707947,256800
2013-05-20,41.27470397949219,41.37917755066515,41.19261678880164,41.252314752318476,273800
2013-05-21,41.334388732910156,41.43886227069431,41.11797763510561,41.28961598625432,344000
2013-05-22,40.91649627685547,41.73736226204372,40.782172337942406,41.45378918581719,486200
2013-05-23,40.729942321777344,40.729942321777344,39.99862171232396,40.30458121354793,396600
2013-05-24,40.48367691040039,40.48367691040039,40.17025626202174,40.34935296204076,705000
2013-05-28,40.640380859375,41.020966268922145,40.543371348203614,40.77470478666337,284300
2013-05-29,40.33443832397461,40.50607389255594,40.18518913708474,40.50607389255594,461500
2013-05-30,40.528446197509766,40.640380905918086,40.3642718758159,40.423969817628944,220800
2013-05-31,39.834449768066406,40.37174276036292,39.834449768066406,40.27473322574982,185600
2013-06-03,40.08071517944336,40.088179204397235,39.707593639109625,39.88669323101405,532400
2013-06-04,39.93146514892578,40.2299635135524,39.7299820264979,40.06578912833862,174100
2013-06-05,39.259830474853516,39.80458732606861,39.252366453408186,39.77473693366748,226800
2013-06-06,39.58819580078125,39.58819580078125,39.11806185171564,39.304622626315634,214300
2013-06-07,39.946380615234375,39.96130581449695,39.5583339744794,39.6702715456034,96600
2013-06-10,39.96876525878906,40.1553259581635,39.84936652505703,40.1553259581635,265000
2013-06-11,39.43894577026367,39.70013255714569,39.312085812654374,39.50610776155431,385500
2013-06-12,39.2225341796875,39.84191440638199,39.17029739599126,39.737440838989514,210300
2013-06-13,39.80461502075195,39.85685182045344,39.15538419111053,39.27478299709851,132300
2013-06-14,39.46132278442383,39.83444421017412,39.37923561528827,39.729970666434525,113600
2013-06-17,39.87177276611328,40.08071994258995,39.67028676878573,39.90162317609332,200900
2013-06-18,40.170265197753906,40.21503795937284,39.89415321654415,39.92400362208434,330400
2013-06-19,39.46132278442383,40.12547846678885,39.424011211186915,40.12547846678885,256200
2013-06-20,38.259883880615234,38.916578602290585,38.170335506152256,38.90911457718197,368300
2013-06-21,38.33449935913086,38.625533652753546,37.991228286995934,38.506134895198315,356700
2013-06-24,37.731597900390625,38.0401945301963,37.445580601401126,37.7918104063095,415400
2013-06-25,38.235897064208984,38.29611245442741,37.85955948902735,38.22084321665438,324900
2013-06-26,38.52944564819336,38.604714897169494,38.34880519310716,38.37891289269761,196100
2013-06-27,38.928348541259766,39.033722572720855,38.83802548181282,38.86813316829514,258800
2013-06-28,38.77029037475586,39.03372836371895,38.67997017313613,38.77029037475586,311800
2013-07-01,39.093955993652344,39.297178679312005,39.01868960839849,39.078902142355865,343800
2013-07-02,38.87567901611328,39.274595992186434,38.732668876594,39.10900651326023,626700
2013-07-03,38.9359016418457,38.99611705751702,38.58967161542278,38.687520230274146,209000
2013-07-05,39.2143669128418,39.2143669128418,38.860611610212516,39.093939025967025,338200
2013-07-08,39.36490249633789,39.47780489646528,39.28963614373783,39.36490249633789,187100
2013-07-09,39.628353118896484,39.68856564594579,39.43265594572273,39.65093245763645,111200
2013-07-10,39.68102264404297,39.88424521669752,39.58317410064035,39.6057534294152,147900
2013-07-11,40.55413818359375,40.591771367124394,40.215433789362244,40.30575400408136,362100
2013-07-12,40.456298828125,40.516514232477476,40.35092474173668,40.365978592824796,112600
2013-07-15,40.66704559326172,40.69715329439582,40.501458979481015,40.59930470132421,139700
2013-07-16,40.546607971191406,40.65198202875281,40.42618006666013,40.65198202875281,122900
2013-07-17,40.712196350097656,40.840149739148025,40.65950932269719,40.779937224073635,193600
2013-07-18,40.92295455932617,40.97564159972959,40.73478573753442,40.764893438115905,275400
2013-07-19,40.92295455932617,40.945536770376464,40.719731887243675,40.855213668632004,127600
2013-07-22,41.111114501953125,41.118642861086705,40.93799956784142,40.975632749826104,113600
2013-07-23,41.133705139160156,41.23907921880651,41.08101809933698,41.16380996818174,288500
2013-07-24,40.99821472167969,41.30681140615468,40.87778681728037,41.30681140615468,171300
2013-07-25,41.081016540527344,41.10359587924385,40.779945291908994,40.87026551800321,264600
2013-07-26,40.97563934326172,40.983167703606696,40.63693777967105,40.90037296718117,458500
2013-07-29,40.75735855102539,40.855204248512074,40.667035470107024,40.84767876071606,211000
2013-07-30,40.72724914550781,40.93047176219059,40.62940058090628,40.900364069816646,159700
2013-07-31,40.77239990234375,41.073471025215454,40.734766729791545,40.82508978938927,134300
2013-08-01,41.31435012817383,41.3519833219984,41.17134284314901,41.193922185198026,694900
2013-08-02,41.43477249145508,41.43477249145508,41.20897048768602,41.32187292518468,205900
2013-08-05,41.344451904296875,41.382085092726086,41.23154946778101,41.382085092726086,102200
2013-08-06,41.14876174926758,41.32187961378158,41.05844150738585,41.32187961378158,118500
2013-08-07,40.9154167175293,41.02079076652397,40.85520133454521,41.02079076652397,232300
2013-08-08,41.28424072265625,41.321876786157894,40.99822616439774,41.22402818926497,186400
2013-08-09,41.2541389465332,41.35198467944329,41.12618263785493,41.24661058478397,72100
2013-08-12,41.2315559387207,41.291771346640324,41.073494799774735,41.13371020769435,303900
2013-08-13,41.42724609375,41.472404770776585,41.13370320816439,41.336922997240436,125000
2013-08-14,41.33692169189453,41.4874573100953,41.321870714179745,41.44982412335214,153000
2013-08-15,40.85520935058594,40.95305793151983,40.606828025111355,40.91542474538466,241300
2013-08-16,40.802520751953125,40.96058185039983,40.749833719137555,40.89284384068948,115000
2013-08-19,40.471351623535156,40.78747387445421,40.471351623535156,40.78747387445421,126000
2013-08-20,40.59929275512695,40.71972065299945,40.38101916420201,40.47133936979949,112500
2013-08-21,40.17780303955078,40.59177382591933,40.04232127365154,40.4412382114504,141400
2013-08-22,40.53908920288086,40.606830089859834,40.31328720336034,40.31328720336034,111300
2013-08-23,40.802520751953125,40.825102959751185,40.59177262069085,40.667038990076534,119600
2013-08-26,40.614341735839844,40.87025134706546,40.606816249286396,40.83261817184377,659800
2013-08-27,39.89931106567383,40.27564866545702,39.86920623982447,40.26812317680169,343300
2013-08-28,39.95953369140625,40.11759482282518,39.733731664917975,39.88426730631967,113400
2013-08-29,39.98209762573242,40.19284859097411,39.921885115111536,39.921885115111536,492600
2013-08-30,39.7713737487793,40.01975517207617,39.70363283856575,40.00470418867688,177700
2013-09-03,40.13264083862305,40.456291399517426,40.03479226013154,40.283176450634286,1107200
2013-09-04,40.546607971191406,40.58424115300224,40.17027041062769,40.245539645477066,121100
2013-09-05,40.62940979003906,40.66704297842271,40.39607942809527,40.39607942809527,196100
2013-09-06,40.73478317260742,40.922951982550835,40.411132589806485,40.77994472063598,50300
2013-09-09,41.29176330566406,41.30681715471245,40.96811272919412,40.97563821810425,143900
2013-09-10,41.690670013427734,41.690670013427734,41.51755509874503,41.668090681016594,245700
2013-09-11,41.81110763549805,41.81863599553874,41.54014409859466,41.63799268052713,270200
2013-09-12,41.59282684326172,41.78852398693858,41.57777586718915,41.75841629233786,118700
2013-09-13,41.72831344604492,41.75089565523312,41.56272684895748,41.7132595969955,159500
2013-09-16,42.0218620300293,42.31540492822219,41.999279819317934,42.14981544873766,265700
2013-09-17,42.11970520019531,42.14981289850328,42.02185948753662,42.02185948753662,128000
2013-09-18,42.94765090942383,43.01539179694769,42.05196552202739,42.20250114666133,210800
2013-09-19,42.81217956542969,43.053035475036495,42.71433095489288,43.03045325954097,216700
2013-09-20,42.42829513549805,42.84979423062817,42.42076964774023,42.84979423062817,238900
2013-09-23,42.36405944824219,42.485013105214705,42.2355445655924,42.34137865497302,220200
2013-09-24,42.288448333740234,42.53035557173801,42.22041174281825,42.40184361319746,207900
2013-09-25,42.250648498535156,42.409399573861016,42.19017313430884,42.220409374541205,440800
2013-09-26,42.38672637939453,42.53791913239124,42.26577275374955,42.40940428302737,246500
2013-09-27,42.250648498535156,42.31112674652306,42.10701698520627,42.31112674652306,245200
2013-09-30,41.99361038208008,42.07676650874682,41.721464107083754,41.721464107083754,298300
2013-10-01,42.32624816894531,42.36404563371832,42.054101808560894,42.07677971067236,333600
2013-10-02,42.26576232910156,42.29600144899495,41.99361601758346,42.19016741312929,369700
2013-10-03,42.01630783081055,42.28089298994181,41.82731760749908,42.28089298994181,752700
2013-10-04,42.19017028808594,42.243087309624684,41.93314351900001,42.091894583616245,366200
2013-10-07,41.8499870300293,42.03897721503936,41.75171132637089,41.84242580772253,228000
2013-10-08,41.403961181640625,41.955812057243165,41.396399960958526,41.91801460511492,336200
2013-10-09,41.48713302612305,41.645884115469194,41.23766455678324,41.63076455213692,246200
2013-10-10,42.34136962890625,42.34893085297167,41.955830830668916,42.016309088144126,293000
2013-10-11,42.63618087768555,42.63618087768555,42.30355635337925,42.356473367016896,844300
2013-10-14,42.74203109741211,42.7873869069922,42.333811508618965,42.37917020196111,160500
2013-10-15,42.447208404541016,42.704235242337674,42.41696927450325,42.68911567731879,237500
2013-10-16,42.915897369384766,42.915897369384766,42.636192665148194,42.643751004717075,500400
2013-10-17,43.33924102783203,43.369477273042655,42.92346021386277,42.9688189073218,379100
2013-10-18,43.59625244140625,43.63405278363772,43.39214558891473,43.39214558891473,381100
2013-10-21,43.64163589477539,43.671875032221166,43.53580179747806,43.65675546349828,377500
2013-10-22,43.95156478881836,44.10275754049409,43.815491600686386,43.86840863120861,365600
2013-10-23,43.56602478027344,43.709656304236766,43.467749061897585,43.709656304236766,448700
2013-10-24,43.80036163330078,43.83816197506246,43.64161057944203,43.78524207334835,129500
2013-10-25,43.845733642578125,43.845733642578125,43.67942131630241,43.845733642578125,298200
2013-10-28,43.838172912597656,43.913767847459404,43.73989719026785,43.845731252579064,299400
2013-10-29,43.944007873535156,43.95912743756907,43.838173809059704,43.93644664963721,166600
2013-10-30,43.77768325805664,44.04226834493713,43.60381264614073,44.01203210912305,308700
2013-10-31,43.55089569091797,43.83060033798525,43.54333446913279,43.81548077817605,285000
2013-11-01,43.52821731567383,43.63405134941629,43.30142680478439,43.54333399155606,519600
2013-11-04,43.77768325805664,43.77768325805664,43.505536949401765,43.505536949401765,263700
2013-11-05,43.45262145996094,43.54333593811533,43.31654830084872,43.4904189188785,167300
2013-11-06,43.656742095947266,43.78525406509755,43.57358593531497,43.74745659674523,199900
2013-11-07,43.044410705566406,43.71721829919281,43.036852365755706,43.71721829919281,201500
2013-11-08,43.42239761352539,43.43751717916311,42.99150008601855,43.014180876356264,358900
2013-11-11,43.45262145996094,43.49798014091876,43.36946532008556,43.46018268200121,171000
2013-11-12,43.33167266845703,43.42994837955456,43.210719056245296,43.422387156675434,126000
2013-11-13,43.573570251464844,43.58113147267092,43.051958454922776,43.067078013573976,93200
2013-11-14,43.77768325805664,43.82304193741951,43.550895628764636,43.62649054394158,160600
2013-11-15,44.09520721435547,44.11788512191159,43.84573869618844,43.84573869618844,338400
2013-11-18,44.072513580322266,44.34465992674207,43.98935743183159,44.25394543918932,346000
2013-11-19,43.92888259887695,44.110311576174794,43.86840435060327,43.99691918630404,218000
2013-11-20,43.717227935791016,44.095208452405096,43.61139096877858,44.019610618824785,225300
2013-11-21,44.012046813964844,44.012046813964844,43.70210294416631,43.70210294416631,203500
2013-11-22,44.1783332824707,44.18589450283877,43.90618990819334,43.90618990819334,175900
2013-11-25,44.012046813964844,44.185917483972595,43.98180768428642,44.17835625967193,153800
2013-11-26,44.02716827392578,44.117882783103674,43.92133131549561,44.04228495565355,379000
2013-11-27,44.1934814453125,44.216162237337066,43.9666937114043,43.9666937114043,286400
2013-11-29,44.223697662353516,44.40512948572057,44.216139324770346,44.246375558864024,203100
2013-12-02,43.92134094238281,44.18592907080854,43.89866303105825,44.18592907080854,498700
2013-12-03,43.686973571777344,43.830605079861975,43.528222502247786,43.830605079861975,289500
2013-12-04,43.52821731567383,43.64917090905966,43.240951449972044,43.482858636743714,292200
2013-12-05,43.36947250366211,43.54334315049124,43.32411669895296,43.4526286573112,347600
2013-12-06,43.891090393066406,43.944007424763726,43.68698060633591,43.72477807415372,207900
2013-12-09,43.92888259887695,43.99691918630404,43.86840435060327,43.98935796338903,293100
2013-12-10,43.86084747314453,43.95912318798357,43.80793044602236,43.853286249977536,193400
2013-12-11,43.35435104370117,43.898643746487245,43.31655358017694,43.898643746487245,221300
2013-12-12,43.15024948120117,43.34679804600426,43.014176288736735,43.27876144977204,269300
2013-12-13,43.1351432800293,43.23341615099385,43.014189614119736,43.22585780852075,176500
2013-12-16,43.460182189941406,43.55089666706871,43.28630869011898,43.29386991207364,331500
2013-12-17,43.28632354736328,43.46775544765234,43.17293113297457,43.46019710686465,273600
2013-12-18,43.88353729248047,43.95913512587186,43.05953965297038,43.45263973531819,442200
2013-12-19,43.891090393066406,43.9137682970047,43.641621914697375,43.86840960536616,1034200
2013-12-20,44.13759994506836,44.183252706438815,43.97781963395872,44.015862150538446,446000
2013-12-23,44.487613677978516,44.502831270244585,44.327830410414315,44.49522102288208,346200
2013-12-24,44.594120025634766,44.60933761315896,44.472382227899296,44.51042474548075,149200
2013-12-26,44.753902435302734,44.79194495466446,44.70064232770468,44.77672736642813,264700
2013-12-27,44.890872955322266,44.96695801968661,44.81478789095793,44.890872955322266,262100
2013-12-30,45.012596130371094,45.020203473344665,44.89846566856005,44.95933602218146,255100
2013-12-31,45.195213317871094,45.225645598303345,45.05064765036803,45.11912536064348,593400
2014-01-02,44.52565002441406,44.928906004860806,44.41912979580236,44.89086348070785,584300
2014-01-03,44.57130432128906,44.761519851026634,44.510433958592884,44.647389372200635,323700
2014-01-06,44.44955825805664,44.7919467509594,44.396298148322686,44.723469052378846,253000
2014-01-07,44.654991149902344,44.70825125939311,44.57129876531563,44.64738380674292,231700
2014-01-08,44.66260528564453,44.75390792380143,44.525649877179916,44.70825515349371,443300
2014-01-09,44.654991149902344,44.76151427134216,44.396297945607934,44.75390402572445,297200
2014-01-10,44.95933151245117,44.95933151245117,44.670203166667434,44.85281130675662,282900
2014-01-13,44.457157135009766,44.92128331753948,44.381072112691726,44.76150302919706,397800
2014-01-14,44.860416412353516,44.87563399847373,44.5104206389618,44.67020093953744,233900
2014-01-15,44.997371673583984,45.0886742876215,44.890851473463925,44.93650423171157,423400
2014-01-16,45.012596130371094,45.126726592182145,44.837598217396845,45.126726592182145,195700
2014-01-17,44.84519958496094,45.01259013265763,44.791939483867964,44.890852344093986,246300
2014-01-21,44.966949462890625,45.18760017100224,44.76151924770655,44.99738464382849,385700
2014-01-22,45.08107376098633,45.13433386909801,44.93651102503436,44.97455354476296,743700
2014-01-23,44.67020797729492,44.890858657114784,44.472385131480785,44.87564106859705,481500
2014-01-24,43.51368713378906,44.27454896590436,43.51368713378906,44.25933138096715,792900
2014-01-27,43.28543472290039,43.62782317180966,43.03435179533887,43.521302966028536,340600
2014-01-28,43.64305114746094,43.703918607057034,43.43761802921423,43.46805321024158,337400
2014-01-29,43.201751708984375,43.50609772828257,43.1028417198024,43.36914230984426,403200
2014-01-30,43.63542938232422,43.71151731480731,43.376736216797404,43.52130183728635,341500
2014-01-31,43.1865119934082,43.41477284217364,42.91260419931275,43.10281963831244,1016000
2014-02-03,42.326751708984375,43.30826143294229,42.250663771399005,43.30826143294229,971600
2014-02-04,42.676753997802734,42.75283904448863,42.395235842114744,42.53219124811614,352100
2014-02-05,42.64632034301758,42.75284057316999,42.33436699651755,42.60827781831438,204200
2014-02-06,43.308265686035156,43.34631110979312,42.75283674817719,42.75283674817719,193400
2014-02-07,43.795223236083984,43.840873104213635,43.39957459836186,43.605007712320955,303500
2014-02-10,43.76478958129883,43.87891715805991,43.65065910207909,43.87891715805991,340100
2014-02-11,44.3430290222168,44.45715946413074,43.88651305947644,43.88651305947644,215600
2014-02-12,44.42673873901367,44.548476562160836,44.3126111624462,44.4419563297144,417100
2014-02-13,44.586517333984375,44.62456276046909,44.091958716726914,44.12239389693128,312100
2014-02-14,44.80716323852539,44.89846586690264,44.58651255936034,44.60934039329832,241500
2014-02-18,45.004981994628906,45.103891950647544,44.89085155004399,45.01258933645427,303300
2014-02-19,44.715858459472656,45.149549551478344,44.6930335290907,44.99737657652977,452100
2014-02-20,44.966949462890625,45.027819824766354,44.61695358948099,44.73108406676869,167700
2014-02-21,44.974544525146484,45.17997757343131,44.96693428125207,45.119107232106494,492600
2014-02-24,45.256072998046875,45.52237644885641,45.027814970537484,45.027814970537484,291300
2014-02-25,45.14194869995117,45.39303167763102,45.073470996500575,45.33216422037411,171700
2014-02-26,45.1495475769043,45.29411030043118,45.04302736983628,45.225632609822036,144000
2014-02-27,45.31694793701172,45.34738021528834,45.050644459266515,45.20281746048398,199700
2014-02-28,45.438682556152344,45.67454793408607,45.20281427576024,45.46911483228489,370700
2014-03-03,44.82238006591797,45.043030741336395,44.61694697871373,44.83759765413215,407500
2014-03-04,45.58323669433594,45.621279209162715,45.36258604489969,45.55280152149139,785400
2014-03-05,45.60607147216797,45.65172424129431,45.49955124666497,45.52998642608253,145900
2014-03-06,45.811500549316406,45.94084859923251,45.750633098294514,45.8038932063605,1073100
2014-03-07,45.66693878173828,45.978892093792425,45.51476579726981,45.902807052787324,285200
2014-03-10,45.461517333984375,45.568037579662196,45.26369443521971,45.568037579662196,461000
2014-03-11,45.22563171386719,45.628890507224604,45.157154024614634,45.59084508906149,305700
2014-03-12,45.17998123168945,45.195198818252834,44.822375203594575,45.05063319712961,186800
2014-03-13,44.57130432128906,45.33216644023937,44.45717384246306,45.31694884956532,235800
2014-03-14,44.52565002441406,44.723472891484576,44.37347702534368,44.434347385955256,332800
2014-03-17,44.90607452392578,45.035419667680095,44.73868395910667,44.78433672290956,380700
2014-03-18,45.24846267700195,45.30172278316709,44.989769488860695,45.04302959502583,248100
2014-03-19,44.80716323852539,45.27128952833525,44.58651255936034,45.27128952833525,306800
2014-03-20,44.890872955322266,44.96695801968661,44.51804917403502,44.76913511086383,109400
2014-03-21,44.81478500366211,45.23325863562317,44.76152488154664,45.14195598377651,169900
2014-03-24,44.776729583740234,45.06585796963154,44.563689142798395,45.035422791651754,486700
2014-03-25,45.05525588989258,45.15473040435384,44.84099657784458,45.06290665291866,269300
2014-03-26,44.871620178222656,45.36135090512421,44.871620178222656,45.223613773304976,345900
2014-03-27,44.986392974853516,45.1011719487515,44.8103962129901,44.87161108193074,245000
2014-03-28,45.269527435302734,45.468479449841915,45.20065886891891,45.2542229851035,399500
2014-03-31,45.6597785949707,45.720996392946944,45.54499960230315,45.56030405179721,381700
2014-04-01,45.99647521972656,46.02708412175846,45.78986950954956,45.828129177576656,422800
2014-04-02,46.065338134765625,46.10359779809593,45.912296562419186,45.9888158890798,382900
2014-04-03,45.965850830078125,46.080632714510664,45.79750484465029,46.02706861351537,440900
2014-04-04,45.567970275878906,46.24135168693459,45.5144061439908,46.195438322876385,312400
2014-04-07,45.254215240478516,45.659772884763676,45.12413181458513,45.60620877774583,143200
2014-04-08,45.42256164550781,45.491430200713246,45.14708742468608,45.22360674423659,193300
2014-04-09,45.958213806152344,45.958213806152344,45.46848014931925,45.52204718535332,331300
2014-04-10,45.10882568359375,45.9352453889031,45.02465268455696,45.9352453889031,214000
2014-04-11,44.756832122802734,45.10882564664572,44.69561433481711,44.96343485969225,485100
2014-04-14,45.00170135498047,45.11648033891011,44.72622712310927,44.90222390035475,689800
2014-04-15,44.994049072265625,45.10883097879423,44.41249461278271,45.00170275618094,237100
2014-04-16,45.46847152709961,45.46847152709961,45.200650992843514,45.35369254914338,1145400
2014-04-17,45.65212631225586,45.736299322162644,45.422565415526115,45.437869864511455,169200
2014-04-21,45.72100067138672,45.751609573239136,45.57561276612606,45.70569622046051,159400
2014-04-22,45.88934326171875,45.99647149112072,45.76691058254144,45.82047469724243,182900
2014-04-23,45.79751205444336,45.919944721567546,45.74394794501559,45.90464319232393,154400
2014-04-24,45.82046890258789,45.965856778529144,45.575603575200006,45.82811966699534,310100
2014-04-25,45.4608268737793,45.659778880395216,45.37665386054842,45.652128115112994,118900
2014-04-28,45.59856414794922,45.7363012756752,45.2236124293562,45.621519362895114,200400
2014-04-29,45.828121185302734,45.904643427037264,45.60621106281018,45.64447364318997,99100
2014-04-30,45.99647521972656,46.03473488775366,45.69039203745866,45.797520275544755,1324700
2014-05-01,46.08829879760742,46.172471818300316,45.942910892154124,46.08064803164695,145700
2014-05-02,46.10358810424805,46.25662964441561,46.027068793676555,46.027068793676555,152200
2014-05-05,46.11124801635742,46.126552465313104,45.73629923353131,45.9122960179839,301500
2014-05-06,45.9046516418457,46.12655888502433,45.87404273967431,46.12655888502433,266300
2014-05-07,46.095947265625,46.10359803071958,45.72099555743561,46.065338367196226,140800
2014-05-08,46.02708435058594,46.317860164257944,45.935257644033705,46.13421258920463,106800
2014-05-09,46.04236602783203,46.05767047232435,45.797500754003664,46.027064502364034,94600
2014-05-12,46.44793701171875,46.48619667208831,46.25663579084596,46.310199899168346,239600
2014-05-13,46.42498016357422,46.524457618504854,46.386720502147064,46.524457618504854,244900
2014-05-14,46.31020736694336,46.47855340254613,46.25664324998347,46.40968483516549,115600
2014-05-15,45.98115539550781,46.348453340012654,45.78985420030584,46.264280347079854,189500
2014-05-16,46.18776321411133,46.19541397790928,45.91228901298943,46.13419911045148,174800
2014-05-19,46.23366928100586,46.256627408287144,46.042368094800395,46.10358587551788,89300
2014-05-20,45.92759704589844,46.218375716346614,45.82046883021357,46.18011313729492,142900
2014-05-21,46.241329193115234,46.27193808759786,46.08828763972697,46.09594132286005,255600
2014-05-22,46.42498016357422,46.49384872175311,46.287245966241485,46.29489673091689,165100
2014-05-23,46.623939514160156,46.639243963993714,46.46324716944585,46.501506834517066,212300
2014-05-27,46.83819580078125,46.93767326481926,46.67750345666047,46.67750345666047,196600
2014-05-28,46.75401306152344,46.876445715247904,46.67749374757991,46.861144187678974,138300
2014-05-29,47.03715133666992,47.03715133666992,46.81524119057351,46.884109755947385,271900
2014-05-30,46.93766784667969,47.029491615717056,46.85349484213502,47.029491615717056,317600
2014-06-02,47.121307373046875,47.12895813576483,46.922352514088324,47.05243883248804,222000
2014-06-03,47.05244827270508,47.06009903695802,46.914711163952965,47.02183937764352,110500
2014-06-04,47.09836196899414,47.10601565280381,46.87645184291534,46.983582983075,132300
2014-06-05,47.45036315917969,47.473321295275056,47.06010987386522,47.236106682460026,337300
2014-06-06,47.710533142089844,47.72583759319399,47.54984078403469,47.618709354490555,159500
2014-06-09,47.76408004760742,47.81764706667954,47.6339966386417,47.695214420995825,191200
2014-06-10,47.7258186340332,47.73347231605762,47.54982189478891,47.73347231605762,165700
2014-06-11,47.5574836730957,47.61869854459034,47.48096143494626,47.61869854459034,212700
2014-06-12,47.37384033203125,47.58809679296271,47.282016551492816,47.44270889719141,268400
2014-06-13,47.503910064697266,47.51156082746953,47.297304441554125,47.44269228642182,134600
2014-06-16,47.473304748535156,47.54217329476611,47.36617654751468,47.4503466204418,93600
2014-06-17,47.565128326416016,47.58808353539919,47.343218242830154,47.41208678880423,211200
2014-06-18,47.840614318847656,47.886527667171386,47.45035815565916,47.565140066955834,387600
2014-06-19,47.92477798461914,48.03955695450552,47.84060498862098,47.98599285142027,127500
2014-06-20,48.001312255859375,48.03192115831052,47.917139233631545,48.03192115831052,127000
2014-06-23,47.92477798461914,47.970688404963816,47.83295130588041,47.95538395850736,568600
2014-06-24,47.688114166259766,48.073566103664696,47.657277305483795,47.99647395172477,339900
2014-06-25,47.77290725708008,47.79603342898495,47.56476288764276,47.611015231452505,381100
2014-06-26,47.76520538330078,47.85771596951361,47.47997176105713,47.85771596951361,378100
2014-06-27,47.927101135253906,47.94251956842461,47.703541206192234,47.703541206192234,190700
2014-06-30,47.97335433959961,48.027317382957605,47.8654282528836,47.919391296241606,1468100
2014-07-01,48.381927490234375,48.466727389792126,48.150656908290955,48.166075339189184,268600
2014-07-02,48.42046356201172,48.505260500707244,48.374208280279724,48.39733445076357,228100
2014-07-03,48.636322021484375,48.65944819499215,48.42046989337265,48.543814386688595,97600
2014-07-07,48.327964782714844,48.497564582989284,48.25858331358121,48.497564582989284,496300
2014-07-08,47.9425163269043,48.29713438432303,47.82688249709045,48.2123344780004,275800
2014-07-09,48.1429557800293,48.18150039218997,47.94251909156916,48.03502968967326,238900
2014-07-10,47.826873779296875,47.88854455580331,47.44912961292292,47.59560322105951,314900
2014-07-11,47.84229278564453,47.86541895951778,47.68040074623756,47.85000053001404,124500
2014-07-14,48.12753677368164,48.181499818216814,48.088992161980144,48.166081385383144,113400
2014-07-15,47.9810791015625,48.20463908644222,47.81918698323186,48.18922064942186,180400
2014-07-16,48.18919372558594,48.28941203984208,48.08126766750911,48.28941203984208,266700
2014-07-17,47.595611572265625,48.15066042127215,47.54164558980207,48.05044502426964,234600
2014-07-18,48.096675872802734,48.15063889037113,47.64955330712693,47.749768659317425,153400
2014-07-21,47.988773345947266,48.01189952458715,47.76521048321057,47.95793648058386,186600
2014-07-22,48.22775650024414,48.32026415913462,48.18150120041618,48.24317493352013,639500
2014-07-23,48.3510856628418,48.38963026340206,48.25857509257974,48.37421183502505,120000
2014-07-24,48.3896369934082,48.49756306629305,48.35109238748717,48.49756306629305,195600
2014-07-25,48.18919372558594,48.3587934972864,48.05043375146182,48.3356673250598,377200
2014-07-28,48.18919372558594,48.24315969538888,47.95792318102637,48.212322838577066,919000
2014-07-29,47.97335433959961,48.3433878972396,47.957935907102275,48.3433878972396,400400
2014-07-30,47.996482849121094,48.166082674063766,47.819175277938044,48.13524580757138,122600
2014-07-31,47.13307189941406,47.726668355100344,47.11765346593014,47.718960608741135,227600
2014-08-01,46.97118377685547,47.187035968776954,46.73991315111595,47.12536517427034,323100
2014-08-04,47.27183151245117,47.35663142022489,46.88637952494536,47.10223169690372,345600
2014-08-05,46.79386901855469,47.094521079957424,46.62426921334695,47.07910264850535,259600
2014-08-06,46.739906311035156,46.86325082276327,46.48550660141553,46.53176189610049,206800
2014-08-07,46.45466613769531,46.909499540833096,46.3236138907265,46.909499540833096,348500
2014-08-08,46.801570892333984,46.816989321851715,46.362155943755155,46.40841123230835,298600
2014-08-11,47.025142669677734,47.16390562101342,46.94034276155423,47.025142669677734,237400
2014-08-12,46.97118377685547,47.08682056010801,46.85554699360293,46.994309957199754,246900
2014-08-13,47.248695373535156,47.29494772019541,47.10222176707193,47.10993245202508,148600
2014-08-14,47.47224426269531,47.47224426269531,47.348896865736464,47.348896865736464,98800
2014-08-15,47.449134826660156,47.72666070334556,47.10993816669189,47.51080855070803,157700
2014-08-18,47.85770797729492,47.86541572114295,47.626434491150455,47.742071234222685,135200
2014-08-19,47.9810791015625,48.011913034837036,47.85773454616583,47.873150042420015,209000
2014-08-20,48.019615173339844,48.07357822291932,47.86543377135607,47.888559952385656,114000
2014-08-21,48.119815826416016,48.17378180020953,48.00418201596782,48.06585279338724,694100
2014-08-22,48.07357406616211,48.14295554401735,47.94251885653982,48.10441093204564,151700
2014-08-25,48.2971305847168,48.38192754360309,48.22003843014062,48.28941989887668,292900
2014-08-26,48.34337615966797,48.466720648933766,48.31253930216037,48.31253930216037,426500
2014-08-27,48.428192138671875,48.459029006425645,48.3433922227318,48.41277370479499,101000
2014-08-28,48.266292572021484,48.29712943311668,48.14294806840564,48.250874141473886,178400
2014-08-29,48.381927490234375,48.3973459211326,48.189201515154025,48.289419845610006,202500
2014-09-02,48.459014892578125,48.51297792504752,48.28941511009447,48.47443332196434,324800
2014-09-03,48.55923843383789,48.836761370332276,48.50527245480187,48.68258294142374,285900
2014-09-04,48.40507125854492,48.728849583116165,48.32797908071899,48.65176034605613,174000
2014-09-05,48.51298904418945,48.54382591002967,48.21233695416079,48.36651834259649,207000
2014-09-08,48.22004699707031,48.4204836938136,48.10441315580967,48.297139165342934,413100
2014-09-09,47.96564865112305,48.181500833813594,47.842304126619105,48.181500833813594,213300
2014-09-10,48.12753677368164,48.14295520651532,47.81917399853891,47.90397390874143,264000
2014-09-11,48.02730941772461,48.02730941772461,47.796038850151035,48.0118909877844,233800
2014-09-12,47.78833770751953,48.042734484765916,47.657282505304856,48.042734484765916,176600
2014-09-15,47.688114166259766,47.788332493399224,47.595606524696755,47.772914063011235,173700
2014-09-16,48.004188537597656,48.07357000959832,47.50309980195229,47.56477352851516,382700
2014-09-17,47.826873779296875,48.0889811961698,47.7574923177492,47.996470620263096,398100
2014-09-18,48.065860748291016,48.104408298918116,47.95022691870541,48.00418996066507,842200
2014-09-19,47.873138427734375,48.18920895805314,47.83459381491803,48.166082778516426,121700
2014-09-22,47.518497467041016,47.86540467543882,47.433697600458906,47.83456782563371,308200
2014-09-23,47.194740295410156,47.472266185200326,47.179321863670125,47.34121098579268,277300
2014-09-24,47.573490142822266,47.61222051991163,47.155229844558676,47.21719312941838,159700
2014-09-25,46.79893112182617,47.33337961086734,46.775695258724554,47.27141336964569,288700
2014-09-26,47.07002639770508,47.162972799695616,46.822167355921756,46.8686390795606,116800
2014-09-29,46.837677001953125,46.89964030896994,46.52010729736771,46.651781171474695,343000
2014-09-30,46.76795959472656,46.915125012742294,46.574319487209976,46.86865032324143,294600
2014-10-01,46.07084655761719,46.58980349808888,46.016627572678615,46.535584513150305,378600
2014-10-02,45.931427001953125,46.05535653662907,45.47443628882685,46.02437341428179,290600
2014-10-03,46.26449203491211,46.310966722305054,45.99339707857017,46.10957936498239,988300
2014-10-06,46.31095886230469,46.52783479056957,46.14830191610603,46.5200904880085,430300
2014-10-07,45.66033172607422,46.132813996833924,45.62934860395909,46.11732243577636,318700
2014-10-08,46.3729362487793,46.41166368278734,45.41248288463896,45.66034200794704,346100
2014-10-09,45.31177520751953,46.210264990881825,45.30403090499363,46.210264990881825,889100
2014-10-10,44.66115188598633,45.3427658552359,44.66115188598633,45.26530804355221,585800
2014-10-13,44.35132598876953,45.07941463583765,44.32809012291446,44.90126610328425,307400
2014-10-14,44.413291931152344,44.831555241940336,44.304853951625084,44.51398560701908,524800
2014-10-15,44.11896514892578,44.242894710113795,43.197239222259554,43.97179971836308,1341800
2014-10-16,44.064727783203125,44.382297336045426,43.22045707617663,43.328895027677035,754400
2014-10-17,44.61466979980469,44.82380142459691,44.43652129454752,44.56819807521502,432300
2014-10-20,45.00197219848633,45.01746376591965,44.54498130070361,44.61469187679638,369600
2014-10-21,45.6525764465332,45.69905112153979,45.1955858171293,45.24206049213589,380400
2014-10-22,45.249820709228516,45.768777754502274,45.249820709228516,45.65259250347741,375500
2014-10-23,45.73004913330078,45.993399801357505,45.62161114434453,45.73004913330078,279000
2014-10-24,45.97015380859375,45.99339262739792,45.62160402837579,45.807496850530285,463700
2014-10-27,45.9081916809082,45.95466636497919,45.60611362122983,45.79200644808735,171600
2014-10-28,46.50459671020508,46.50459671020508,46.0863334787459,46.09407778093761,527000
2014-10-29,46.34196853637695,46.67502692218106,46.11734522212673,46.613063602048186,342200
2014-10-30,46.59755325317383,46.71373849432955,46.14830976044612,46.225764618074315,306100
2014-10-31,47.209449768066406,47.24043288847045,46.961590714260026,47.18621095040688,637500
2014-11-03,47.03904342651367,47.186208809686875,46.961588583730475,47.162972947794486,366100
2014-11-04,46.8686408996582,46.93060713986686,46.59754598552775,46.92286283719725,336000
2014-11-05,46.977088928222656,47.046799481648954,46.77570157178516,47.046799481648954,361400
2014-11-06,47.0080680847168,47.031306905166765,46.77570056321056,46.9925765226546,1266600
2014-11-07,47.03904342651367,47.046790683619705,46.78344008155885,46.93834976712524,428800
2014-11-10,47.17848587036133,47.23270487580325,47.046811987063585,47.0700478594775,236500
2014-11-11,47.30240249633789,47.31014975483079,47.14748982832721,47.26367506801357,317600
2014-11-12,47.186214447021484,47.217197569721456,47.02355748491645,47.12425115633475,254000
2014-11-13,47.170738220214844,47.37212266119103,47.039061391538354,47.248193092579385,353200
2014-11-14,47.294654846191406,47.294654846191406,47.101014763557544,47.17072531149426,367000
2014-11-17,47.209449768066406,47.24817719121497,47.06228142350369,47.155230784715826,199400
2014-11-18,47.519283294677734,47.619976982339104,47.27142418252182,47.27142418252182,191800
2014-11-19,47.47280502319336,47.57349574228092,47.24818181037351,47.527024011844595,162300
2014-11-20,47.41084289550781,47.434081717458305,47.17073105482315,47.248185915422034,284200
2014-11-21,47.81361389160156,48.02274555746582,47.67419278102538,47.99176243184589,367300
2014-11-24,47.906558990478516,47.96077798145901,47.798121008517526,47.94528937379036,303000
2014-11-25,47.95302963256836,48.022740180050505,47.85233596293566,47.95302963256836,211200
2014-11-26,48.07695007324219,48.11567749124893,47.953020562793036,48.01498679537391,202100
2014-11-28,47.805877685546875,47.98402625596838,47.76714729460456,47.93755155966599,221200
2014-12-01,47.44956970214844,47.67419293153179,47.34887897563604,47.666448627459104,330700
2014-12-02,47.61997604370117,47.674195038746966,47.44957179943519,47.48830218565101,424000
2014-12-03,47.805877685546875,47.82911355634108,47.58125441882299,47.65096498591957,193700
2014-12-04,47.68193817138672,47.80586771429679,47.50378963812307,47.75164872394322,628200
2014-12-05,47.75164031982422,47.844586721970195,47.658690962965395,47.712909943776616,333400
2014-12-08,47.3488655090332,47.70516248931143,47.21718873954007,47.674179372405675,620800
2014-12-09,47.20171356201172,47.27142412188575,46.760214334380706,47.039056573876856,434200
2014-12-10,46.520103454589844,47.24818924149961,46.45813719797774,47.16298711601484,525400
2014-12-11,46.527835845947266,46.95384340957897,46.45038099972804,46.589802086693034,945400
2014-12-12,45.75328826904297,46.419410768454725,45.737796704555045,46.38842763947888,299500
2014-12-15,45.25756072998047,46.00113794441355,45.11813963293511,45.88495566668456,444600
2014-12-16,45.18012619018555,45.90821217064411,45.03295776896655,45.11041561032248,411000
2014-12-17,46.04762268066406,46.372936674978085,45.257570609840776,46.33420924061411,712100
2014-12-18,46.85315704345703,46.86090134691161,46.365183193847166,46.60529501221155,2592800
2014-12-19,47.0080680847168,47.1629807506254,46.78344782159833,46.86864698087039,494500
2014-12-22,47.2793083190918,47.2793083190918,46.9597483249385,46.9597483249385,470800
2014-12-23,47.25593185424805,47.36504947754201,47.21696169924767,47.29490200924843,371000
2014-12-24,47.388423919677734,47.47416003185166,47.31048362128242,47.38063107913092,300800
2014-12-26,47.598854064941406,47.67679434331364,47.4663549970624,47.48194067415202,451100
2014-12-29,47.47416687011719,47.54431433806986,47.396226560495215,47.46637402844788,385100
2014-12-30,47.22474670410156,48.32372154284011,47.19356939598217,47.34945296334737,851400
2014-12-31,46.85842514038086,47.35725022392266,46.81166214706883,47.35725022392266,389800
2015-01-02,46.73371887207031,47.100044843605524,46.53886513797406,46.889602453993724,527300
2015-01-05,45.82958984375,46.499887050368756,45.7438537396618,46.492094210556886,790700
2015-01-06,45.3697395324707,46.00106665676471,45.21385596154519,45.91533054409409,691500
2015-01-07,45.954315185546875,45.985492504210335,45.587992097565845,45.73607990136816,334800
2015-01-08,46.647972106933594,46.70253090217009,46.078999690016346,46.273853379641345,370500
2015-01-09,46.33621597290039,46.686953269316554,46.18033239968966,46.686953269316554,652400
2015-01-12,46.0945930480957,46.44533031987622,45.88415068502739,46.44533031987622,379800
2015-01-13,46.12576675415039,46.71812067662106,45.79061816208428,46.499885490431566,637600
2015-01-14,45.91533660888672,45.954306763457566,45.463277464046854,45.79063033032066,358200
2015-01-15,45.76723861694336,46.273856459751386,45.751649963947976,46.21929766088331,281700
2015-01-16,46.32841873168945,46.35180319955135,45.68929877712398,45.69709459082187,252900
2015-01-20,46.41416549682617,46.61681507424244,46.11019410393422,46.57004910101581,771800
2015-01-21,46.75709915161133,46.7648919920547,46.31282994231359,46.51547947262228,424300
2015-01-22,47.29489517211914,47.333865321485845,46.58562775001056,46.90518773198845,373100
2015-01-23,46.94416046142578,47.20136881319958,46.94416046142578,47.20136881319958,459100
2015-01-26,47.26371383666992,47.32606844892976,46.88180224288887,47.11562609240015,346800
2015-01-27,46.9675407409668,47.177983121539576,46.772687015239995,46.92077774966078,735000
2015-01-28,46.37519073486328,47.28710482300244,46.33622058099302,47.28710482300244,792400
2015-01-29,46.76488494873047,46.82723955581314,46.18811672614101,46.49988381509174,668300
2015-01-30,46.0945930480957,46.640184029395215,46.063415740997065,46.437537479717385,244000
2015-02-02,46.7103271484375,46.764885944180534,46.05561862628972,46.390767213414854,588200
2015-02-03,47.388423919677734,47.41960122832858,46.87401021986599,46.97533498636533,471300
2015-02-04,47.1779899597168,47.50534581246676,47.13901980356932,47.31828490043359,401000
2015-02-05,47.73916244506836,47.73916244506836,47.318277687079046,47.35724783728579,528000
2015-02-06,47.29489517211914,47.66122111727617,47.17798175078721,47.591073659123374,485900
2015-02-09,47.17020034790039,47.333876798867436,47.06108271392236,47.17799319037059,217200
2015-02-10,47.56770324707031,47.60667638118531,47.18579150789797,47.442996948307325,187000
2015-02-11,47.45858383178711,47.544319966460236,47.193582585175896,47.41182082977092,187200
2015-02-12,48.058712005615234,48.07430065696171,47.739152086090655,47.754740737437125,451100
2015-02-13,48.362674713134766,48.362674713134766,48.11326228220209,48.17561687655061,274100
2015-02-17,48.41725540161133,48.495198679810244,48.1912273279146,48.36269659348812,372500
2015-02-18,48.57312774658203,48.58871639861513,48.34709675194926,48.41724419948249,171600
2015-02-19,48.51080322265625,48.643302379139584,48.362712432194854,48.41727125818599,480900
2015-02-20,48.90049743652344,48.93946759110261,48.30034754166111,48.47181681645591,420900
2015-02-23,48.77578353881836,48.80695787367273,48.612104157982145,48.736810417094844,277600
2015-02-24,48.94724655151367,49.01739399915558,48.64327526947588,48.791363004172624,320700
2015-02-25,48.93946838378906,49.02520450919126,48.838143601656256,48.947261225538234,340700
2015-02-26,48.86153030395508,49.025209730442384,48.752412668451925,48.95506225429999,278200
2015-02-27,48.838134765625,49.017399825745066,48.81475327137551,48.93166371585466,550500
2015-03-02,49.009605407714844,49.02519406112325,48.81475169995717,48.87710334035918,307200
2015-03-03,48.75239562988281,48.95504514490651,48.58871923383167,48.94724933181938,497800
2015-03-04,48.47182083129883,48.55755696241372,48.2457927267252,48.55755696241372,181700
2015-03-05,48.541969299316406,48.690060064543,48.46402898210532,48.66667559079366,545300
2015-03-06,47.941810607910156,48.5107861181728,47.87166314590736,48.47960880767557,396300
2015-03-09,48.035335540771484,48.113275832426886,47.863863331251736,48.035335540771484,236700
2015-03-10,47.16238784790039,47.59886120263703,47.15459500818701,47.55989105760714,466800
2015-03-11,47.1857795715332,47.29489718369376,47.06886614522864,47.29489718369376,258300
2015-03-12,47.76253890991211,47.770334723071485,47.5287150600675,47.53651087322687,311400
2015-03-13,47.45858383178711,47.59108594170901,47.162405268343385,47.552112809052076,256300
2015-03-16,48.035335540771484,48.05092419374887,47.64562813603137,47.64562813603137,202700
2015-03-17,47.957393646240234,48.01974825993154,47.70018829784266,47.8560718588393,217400
2015-03-18,48.76020050048828,48.86931811812501,47.801520465667224,47.895049427465544,215000
2015-03-19,48.386070251464844,48.541950826566314,48.26915684690736,48.4718033784781,378100
2015-03-20,49.056373596191406,49.157698367473785,48.64328464337913,48.78357956569876,430400
2015-03-23,49.11092758178711,49.23563383680486,49.071957434575,49.149900702230866,564700
2015-03-24,48.95504379272461,49.188867633943765,48.92386648770034,49.11092437138308,274100
2015-03-25,48.31584167480469,49.09917243738172,48.28450772714088,49.0443395230549,885700
2015-03-26,48.104347229003906,48.28451296536182,47.83018262762666,48.19834609402324,333400
2015-03-27,48.253177642822266,48.26884461790853,48.05734493649884,48.13567981193019,148900
2015-03-30,48.59001159667969,48.707512419272135,48.37851190891532,48.4411798111433,359700
2015-03-31,48.245357513427734,48.42552328896963,47.986856843191084,48.37069035676865,508800
2015-04-01,48.27668762207031,48.40202045541809,47.96335404461565,48.40202045541809,381900
2015-04-02,48.59785079956055,48.66835070160535,48.41768504726168,48.44118401855318,226800
2015-04-06,49.020851135253906,49.19318190825499,48.60568370953817,48.60568370953817,276600
2015-04-07,48.926841735839844,49.24800724880953,48.91900974252493,49.02867557795313,442600
2015-04-08,49.20884704589844,49.357678841601604,49.01301432031362,49.1383471451611,528800
2015-04-09,49.33418273925781,49.37334868901801,49.07568508030417,49.27151781727558,418600
2015-04-10,49.569183349609375,49.569183349609375,49.33418465375822,49.404684561330626,480300
2015-04-13,49.318519592285156,49.608354216996986,49.318519592285156,49.537854306684736,363800
2015-04-14,49.53001403808594,49.56917998670892,49.310682335260964,49.381182238050464,231000
2015-04-15,49.81201171875,49.890343612960166,49.60834700090143,49.624010989207285,278200
2015-04-16,49.85902404785156,50.000023880203976,49.678855271268326,49.77285715161721,183800
2015-04-17,49.255836486816406,49.53000104341794,49.06783579931139,49.4830001244993,413900
2015-04-20,49.51435470581055,49.600521598987115,49.34985590329389,49.35768789895958,333400
2015-04-21,49.639671325683594,49.866837971944676,49.600505383817506,49.83550402318388,272500
2015-04-22,49.84334182739258,49.87467278975802,49.514341323110486,49.78850890804056,248300
2015-04-23,50.05485153198242,50.16451739264102,49.60835310606069,49.7101839834319,373600
2015-04-24,50.1879997253418,50.24283263749016,49.91383516459999,50.211498691071206,192200
2015-04-27,50.18016815185547,50.47783767487747,50.11750324293226,50.39167081045948,322300
2015-04-28,50.30552673339844,50.33686069613858,49.937360141629696,50.21152484517802,200400
2015-04-29,49.99217224121094,50.14100700809362,49.83550548099387,50.078339108738824,397900
2015-04-30,49.475181579589844,49.874679040389395,49.349848749910535,49.866847045858975,380500
2015-05-01,49.96868133544922,49.96868133544922,49.639680787092374,49.780680595220964,200800
2015-05-04,50.007850646972656,50.11751650774134,49.968684695008214,50.000018651848,384600
2015-05-05,49.42036056518555,49.96085796317203,49.349860644737646,49.945190982164604,382200
2015-05-06,49.31068420410156,49.71801665919295,49.09134950479362,49.69451469859218,359100
2015-05-07,49.36551284790039,49.39684680053526,49.03651232157467,49.201014078822624,247200
2015-05-08,50.101844787597656,50.16451269534625,49.67884537480561,49.79634620774906,259200
2015-05-11,49.80418014526367,50.44651124535715,49.772846192046856,50.44651124535715,174900
2015-05-12,49.75718688964844,49.851185775626384,49.46735524811685,49.63185404562094,329700
2015-05-13,49.88249588012695,50.11749447678208,49.8276629738464,49.96082774962223,204000
2015-05-14,50.376014709472656,50.399513683263606,50.148848002258035,50.23501489038569,397900
2015-05-15,50.47001647949219,50.477851462853835,50.24284977273435,50.47001647949219,218900
2015-05-18,50.44651794433594,50.50135087566171,50.2898481574471,50.36818603906216,477700
2015-05-19,50.383846282958984,50.477848148102154,50.31334936635724,50.43867921020729,253500
2015-05-20,50.36817932128906,50.517008128557045,50.26634247930832,50.39950729814722,430900
2015-05-21,50.55617904663086,50.59534200740953,50.368181296407364,50.41517923987806,182400
2015-05-22,50.36034393310547,50.49350875087134,50.36034393310547,50.454345791943965,273500
2015-05-26,49.73367691040039,50.195842230768385,49.60834409410585,50.18017226704026,324400
2015-05-27,50.16451644897461,50.19585040519351,49.71801803145215,49.81984890690777,241700
2015-05-28,49.99217224121094,50.00000722271524,49.70234067711979,49.94517131669485,327700
2015-05-29,49.639671325683594,49.96867181133238,49.52217350008532,49.94516985567686,334100
2015-06-01,49.639671325683594,49.85900597883939,49.42817165380291,49.85900597883939,342600
2015-06-02,49.718013763427734,49.92951346749339,49.50651405936207,49.60834791424634,513100
2015-06-03,49.906005859375,50.086171589518564,49.74150710422261,49.92950781594673,697100
2015-06-04,49.42036056518555,49.827693106865496,49.32636166731204,49.6866932659697,248500
2015-06-05,49.1148567199707,49.30285449586717,48.93469093966543,49.09918974061753,218500
2015-06-08,48.90334701538086,49.12267870528801,48.872013063059796,49.12267870528801,188000
2015-06-09,48.78585433959961,48.919022165129284,48.62919052815857,48.84852225471255,319200
2015-06-10,49.57701110839844,49.655342999544104,49.18534567632988,49.232343615749244,684400
2015-06-11,49.66317367553711,49.7493375530585,49.52217389316415,49.71017161088154,191500
2015-06-12,49.342010498046875,49.42034238609885,49.193175727310134,49.31850854109529,212400
2015-06-15,49.0678596496582,49.0678596496582,48.73102703744138,48.934694796915785,202400
2015-06-16,49.201011657714844,49.232342620637766,48.87984612943701,48.98167698823409,185700
2015-06-17,49.201011657714844,49.349843443151386,48.87984612943701,49.15401073107539,352100
2015-06-18,49.71017837524414,49.91384608335042,49.3498468771118,49.3498468771118,928600
2015-06-19,49.475181579589844,49.74151421617967,49.467349585059424,49.74151421617967,391800
2015-06-22,50.031349182128906,50.23501392346181,49.968684257168995,49.968684257168995,254600
2015-06-23,50.10968017578125,50.18801207293075,50.05484725014252,50.172348084037125,513700
2015-06-24,49.7728385925293,50.07050213812983,49.74150464409668,50.047003170890264,259500
2015-06-25,49.6318473815918,50.007845863189274,49.6318473815918,49.937345961129104,571900
2015-06-26,49.67367172241211,49.815686909820855,49.531656535003364,49.70523132176717,158000
2015-06-29,48.411312103271484,49.14505614796119,48.395532305465515,49.01092937145481,720100
2015-06-30,48.537540435791016,48.97936568120648,48.31662931792741,48.89257831070628,1504600
2015-07-01,48.797908782958984,49.17661792774514,48.62433701876155,49.17661792774514,1051300
2015-07-02,48.80579376220703,48.96358871681416,48.66377860402947,48.9478089203846,280900
2015-07-06,48.28506851196289,48.54542760722419,48.0957139802098,48.1982811436464,448400
2015-07-07,48.2929573059082,48.32451689641062,47.38564165162525,48.04837800373498,518600
2015-07-08,47.27518081665039,47.8590211741802,47.227844442856124,47.811681790697875,450700
2015-07-09,47.64599609375,48.17460864910815,47.62232790802982,47.74067184631866,681200
2015-07-10,48.62433624267578,48.695343829978746,48.12728313155506,48.12728313155506,2195200
2015-07-13,48.96358871459961,49.0030367008275,48.8768013390852,48.91624932531309,432600
2015-07-14,49.25550842285156,49.29495640987917,48.98725789749997,49.01881749099745,610100
2015-07-15,49.11349868774414,49.26340225888542,48.98726330949653,49.23973406599175,1100700
2015-07-16,49.50797653198242,49.53953612381008,49.35807298533354,49.405409363386696,386200
2015-07-17,49.4290885925293,49.555323970660254,49.34230120574761,49.555323970660254,224200
2015-07-20,49.41329574584961,49.55531088495716,49.3107285876746,49.500083109714005,207700
2015-07-21,49.27128601074219,49.45274915068487,49.19238703053557,49.38962996651958,675000
2015-07-22,49.03459548950195,49.08982327125293,48.916248523070784,49.01092429040269,456700
2015-07-23,48.82157516479492,49.16083327497038,48.75056758337009,49.129273681073,319000
2015-07-24,48.237735748291016,48.81368480563974,48.14305997426223,48.81368480563974,567700
2015-07-27,47.843238830566406,48.11148930329758,47.75645147031692,48.10360091131486,422700
2015-07-28,48.37186050415039,48.3955286942489,47.84324785100532,47.95370341771635,541300
2015-07-29,48.6795539855957,48.78212114824154,48.3797439000015,48.41919188265354,351500
2015-07-30,48.73478698730469,48.75056678399463,48.40341727619286,48.616440016974366,196800
2015-07-31,48.782127380371094,48.97147892516665,48.71111979865063,48.87680315276887,514400
2015-08-03,48.576995849609375,48.86102619298413,48.387644293818674,48.79790700126142,194200
2015-08-04,48.584877014160156,48.73478054837636,48.45863865731946,48.616433593682245,194900
2015-08-05,48.70322799682617,48.947810334015266,48.66378000945723,48.89258254976104,149400
2015-08-06,48.39553451538086,48.726901255371516,48.19829154833247,48.67956486948076,412800
2015-08-07,48.34819030761719,48.34819030761719,48.12727916961111,48.32452211702755,512200
2015-08-10,48.95568084716797,49.003020220533706,48.52174712522136,48.52174712522136,147800
2015-08-11,48.33241653442383,48.49021151396098,48.15095336134722,48.46654332042152,253500
2015-08-12,48.21406555175781,48.237733741858385,47.53554934511555,47.90636704169643,247200
2015-08-13,48.150962829589844,48.316649246012766,48.008947621049906,48.2377502358853,196600
2015-08-14,48.2929573059082,48.30084870837791,47.993150225199855,48.11149417505161,187300
2015-08-17,48.36397171020508,48.371863113789296,47.89847821846086,48.07994137494574,246900
2015-08-18,48.11939239501953,48.26140455302411,48.06416159897117,48.214068170252126,191200
2015-08-19,47.6933479309082,47.985266666553,47.42509738716499,47.85903129359671,212200
2015-08-20,46.651893615722656,47.33829809539324,46.63611382186164,47.3304097033067,638600
2015-08-21,45.365875244140625,46.454657092712736,45.365875244140625,46.3678697193912,1260100
2015-08-24,43.57493209838867,44.77417014447847,41.894420552455415,43.15677781608728,2556100
2015-08-25,43.57493209838867,46.162759823814575,43.57493209838867,45.98129658791604,5114000
2015-08-26,44.85304641723633,44.87671761824206,43.6617003024865,44.00884681712154,3697600
2015-08-27,45.83927536010742,45.91817437171114,45.176538711083936,45.29488572364474,1172300
2015-08-28,45.83927536010742,45.894503163385245,45.58680454235462,45.63414394931685,1272200
2015-08-31,45.547340393066406,45.79192272778951,45.373765638766876,45.7130237441586,1016700
2015-09-01,44.119300842285156,45.09762718149446,43.945729095899,45.09762718149446,1135200
2015-09-02,44.86094284057617,44.86094284057617,44.29288210789254,44.553244280268856,304900
2015-09-03,44.9240608215332,45.38955438280525,44.821496637128014,45.01084821579073,417500
2015-09-04,44.05617904663086,44.34020933501205,43.851047732626746,44.22186237829051,367700
2015-09-08,45.2396354675293,45.2633036544189,44.821481447476614,44.93193699921218,215500
2015-09-09,44.813602447509766,45.76036931105559,44.750486261774114,45.68147332646381,440700
2015-09-10,45.097633361816406,45.310656134459045,44.726815608361925,44.766266610831586,1908400
2015-09-11,45.19230270385742,45.208082500657945,44.774148622553284,44.900383987268974,280000
2015-09-14,44.971397399902344,45.13708077326086,44.82149382539067,45.13708077326086,262000
2015-09-15,45.4368896484375,45.49211743799689,44.93194813835805,45.04240371747683,178700
2015-09-16,46.01283264160156,46.03650083121855,45.6262381659783,45.697242734829246,145300
2015-09-17,46.01283264160156,46.62034125584082,45.83136949859842,45.886597280830316,407300
2015-09-18,45.121280670166016,45.57099420102212,45.01871653834799,45.342194744923205,677800
2015-09-21,45.17652893066406,45.460559291567655,44.97139756428308,45.27120772409119,677300
2015-09-22,44.39543533325195,44.52167067750872,44.08773686973157,44.50589088326563,546100
2015-09-23,44.19819259643555,44.49800266887693,44.07195725167413,44.387544108733664,695800
2015-09-24,44.0640754699707,44.127194660975924,43.55124558665231,43.906283511835,293900
2015-09-25,44.09498977661133,44.5628202101848,43.92847462859322,44.50731516084544,613500
2015-09-28,43.07211685180664,43.99984996004339,43.01661178825733,43.85712178954543,974700
2015-09-29,43.10383224487305,43.37342954759252,42.85802196084094,43.15933730500951,373500
2015-09-30,43.857120513916016,43.93641259530899,43.428936014876314,43.59545120068097,730800
2015-10-01,44.04741668701172,44.22979086907915,43.5716582142096,44.20600385287863,3251800
2015-10-02,44.77691650390625,44.77691650390625,43.57165827631778,43.73024544241074,712300
2015-10-05,45.672935485839844,45.704653528941456,45.149599873859565,45.18924894013612,687300
2015-10-06,45.609493255615234,45.783939432806314,45.45090609678683,45.65707031070329,422200
2015-10-07,46.18041229248047,46.26763236850675,45.783945852219745,46.0059660908301,428200
2015-10-08,46.57687759399414,46.600664611892576,45.93460088754704,45.998033943542474,348600
2015-10-09,46.64824676513672,46.751325870482425,46.497587569202125,46.61652872127689,748400
2015-10-12,46.56895446777344,46.64031855836813,46.481731354291114,46.64031855836813,280100
2015-10-13,46.10111999511719,46.545163524159875,46.06940195201433,46.22798914272951,231800
2015-10-14,46.07732009887695,46.35484533647475,45.99802501327885,46.19625819007677,327000
2015-10-15,46.806827545166016,46.8147585679562,46.25177694181066,46.37864608326316,169800
2015-10-16,46.87027359008789,46.88613261423999,46.64032227708178,46.83855554178369,323500
2015-10-19,46.75925064086914,46.78303765818347,46.56101743045311,46.695814561632616,196700
2015-10-20,46.70375061035156,46.88612482058619,46.64031452428783,46.711678608709995,316500
2015-10-21,46.41828536987305,46.878184806432465,46.37863933608665,46.870256809594586,426300
2015-10-22,47.04470443725586,47.1477835233162,46.65616603466367,46.68788407258927,348500
2015-10-23,47.48081588745117,47.56010795582253,47.21121862027065,47.472884865734926,558700
2015-10-26,47.33809280395508,47.464961941787905,47.282587745203145,47.457030919224,351400
2015-10-27,47.04470443725586,47.139855526234086,46.89404526950853,47.08435047226357,390900
2015-10-28,47.441162109375,47.55217219689396,46.94954168636527,47.211210913915416,322300
2015-10-29,47.219154357910156,47.29844946407902,47.09228521283899,47.16364929599146,206900
2015-10-30,47.052642822265625,47.36188619831623,47.052642822265625,47.26673508833125,303700
2015-11-02,47.647335052490234,47.66319407245776,47.23500960773074,47.23500960773074,636600
2015-11-03,47.80592346191406,47.940720597920944,47.47289008359315,47.48874910397023,224900
2015-11-04,47.583892822265625,47.89313913446336,47.43323668924498,47.89313913446336,963400
2015-11-05,47.52047348022461,47.82971685680927,47.31430921263533,47.64734263535676,654800
2015-11-06,47.36188507080078,47.38567209153093,47.02885468138199,47.32223902798414,320600
2015-11-09,46.909908294677734,47.22708265142398,46.703747080151864,47.21915162886596,421800
2015-11-10,46.88612365722656,46.90991067651072,46.63238536886564,46.7592545130461,452700
2015-11-11,46.85440444946289,47.13986077296785,46.84647645149838,47.09228371078405,285300
2015-11-12,46.299354553222656,46.695821028965,46.28349553121706,46.6006699217306,274300
2015-11-13,45.78395080566406,46.109053200859286,45.728442715207066,46.08526315500651,690200
2015-11-16,46.386573791503906,46.394501789445634,45.783946129568534,45.81566114613436,580200
2015-11-17,46.370723724365234,46.71961317234628,46.27557260669759,46.48173386577741,652500
2015-11-18,46.97334289550781,47.02091693016119,46.48172235556545,46.53722741252689,594300
2015-11-19,47.13192367553711,47.21914676589941,47.076418622542654,47.084349644283876,370400
2015-11-20,47.219154357910156,47.40945958791641,47.16364929599146,47.27465941982885,503500
2015-11-23,47.02884292602539,47.26672214826397,46.941619838751606,47.14778102474547,272500
2015-11-24,47.139869689941406,47.19537476058905,46.695826099960776,46.79097721752824,575800
2015-11-25,47.15571975708008,47.24294285861652,47.02885061615404,47.13986073636446,229600
2015-11-27,47.12399673461914,47.20328880501711,47.020914623262904,47.12399673461914,902200
2015-11-30,47.01298522949219,47.17950038726028,46.99712621092401,47.131923331555754,1045700
2015-12-01,47.512535095214844,47.520466117631386,47.1953637689251,47.1953637689251,538700
2015-12-02,47.005069732666016,47.45704132434169,46.925777638435,47.35396220680128,869800
2015-12-03,46.47380447387695,47.26673748854867,46.29935824271337,47.155727350462534,784100
2015-12-04,47.15571975708008,47.195365796469666,46.442078948871796,46.46586596754577,447400
2015-12-07,46.74338150024414,47.09227078610776,46.56893534491329,47.02883774540442,943700
2015-12-08,46.267642974853516,46.410371168050155,45.99804561268205,46.212137902477004,2240400
2015-12-09,46.029747009277344,46.64030560934123,45.791867781605326,46.140757113871054,2109900
2015-12-10,45.9742546081543,46.27556999268054,45.94253656245694,46.11698278899308,526600
2015-12-11,45.04651641845703,45.56192095746253,44.967221318364714,45.48262888216901,796500
2015-12-14,45.18924331665039,45.308181426281806,44.68176376457413,45.19717131403967,771600
2015-12-15,45.657066345214844,45.83150948245642,45.52226621323914,45.57777126028849,1208200
2015-12-16,46.37864685058594,46.426220888918394,45.78394717303839,45.942531333878556,831500
2015-12-17,45.72844314575195,46.43415603324386,45.71258714809977,46.43415603324386,4017000
2015-12-18,45.11788558959961,45.67293622891279,45.11788558959961,45.56985712435413,1325500
2015-12-21,45.467445373535156,45.61110262941433,45.196093117373266,45.60311997937163,1384100
2015-12-22,45.866493225097656,45.922359598165656,45.48340821927898,45.619082826875825,822000
2015-12-23,46.504974365234375,46.504974365234375,46.058040277285095,46.058040277285095,1275000
2015-12-24,46.40919494628906,46.568811405722926,46.361308181765615,46.39323269144791,1155600
2015-12-28,46.30544662475586,46.31342623076137,46.058036215737026,46.29746397426121,2851200
2015-12-29,46.728416442871094,46.77630319256915,46.56879698836543,46.56879698836543,1586800
2015-12-30,46.38524627685547,46.60871478200458,46.34534216523588,46.60871478200458,1886400
2015-12-31,45.9862060546875,46.3293869468074,45.9862060546875,46.12986331392323,1238100
2016-01-04,45.21205139160156,45.21205139160156,44.725213294491816,45.16416462902909,1618600
2016-01-05,45.22003173828125,45.29186036107396,44.97262136099776,45.24397359771591,2385100
2016-01-06,44.54962921142578,44.7571354605582,44.28625964228205,44.477800593570485,976500
2016-01-07,43.51211929321289,44.134632126088206,43.44827026189779,43.783471587323305,1267700
2016-01-08,43.00133514404297,43.85529606774437,42.92152386246536,43.85529606774437,1641800
2016-01-11,43.02527618408203,43.42432345087726,42.61824931152607,43.31259070329284,1530300
2016-01-12,43.264705657958984,43.51211606923937,42.78585013653343,43.352496547267805,1907300
2016-01-13,42.29901123046875,43.52009492005521,42.17929582994537,43.464228545008055,944400
2016-01-14,42.985374450683594,43.21682260894054,42.099488982140194,42.49055666486707,2166200
2016-01-15,41.78024673461914,42.0356367364234,41.36524026505395,41.740342617678905,1759300
2016-01-19,41.90793991088867,42.482568912173925,41.54879982957422,42.42670254199218,1543300
2016-01-20,41.237545013427734,41.540821802800075,40.23992679989032,41.21360315053937,2048100
2016-01-21,41.47697067260742,41.86803525886556,40.9023416786899,41.23753989548259,1331600
2016-01-22,42.514488220214844,42.554392330535165,42.171307391380815,42.25909826077861,1272700
2016-01-25,41.85207748413086,42.3868024205966,41.82813562165105,42.34689830163388,1461700
2016-01-26,42.55438995361328,42.58631445788175,42.0116855590025,42.08351417136241,892100
2016-01-27,42.17131423950195,42.857676008627024,41.97179061101159,42.4426664960284,675200
2016-01-28,42.314964294433594,42.65814512059378,41.97976307247991,42.65814512059378,744400
2016-01-29,43.28864288330078,43.28864288330078,42.546414825662325,42.55439443032474,1468100
2016-02-01,43.34450912475586,43.48816636417526,42.88959554809065,43.02527013838196,1486100
2016-02-02,42.314964294433594,43.25671590420036,42.2191938215133,42.71401148350465,1313200
2016-02-03,42.69805908203125,42.79382957704801,41.788231768149224,42.66613456886262,1592800
2016-02-04,42.785865783691406,43.041255894448604,42.498551147966985,42.57835941589476,1194000
2016-02-05,42.05159378051758,42.71401360868787,41.91591919083755,42.602280877307,606900
2016-02-08,41.37322235107422,41.62063276211889,40.88638417954488,41.58870824885716,1730200
2016-02-09,41.07794189453125,41.38121573804742,40.758702744578244,40.85447327176808,1217200
2016-02-10,41.10187530517578,41.69246669767992,41.038026270531205,41.27745710595882,1191600
2016-02-11,40.55118942260742,40.726768171717936,40.176083970640086,40.65493953292609,2963800
2016-02-12,41.26946258544922,41.301387093590144,40.67089175800589,40.782624492010456,322100
2016-02-16,42.02765655517578,42.2990088089372,41.58870518586762,41.84409518417378,640700
2016-02-17,42.849693298339844,42.9055596706795,42.299009180496576,42.346895947282974,1091100
2016-02-18,42.666133880615234,43.08114341164551,42.60228789979701,43.057201549399814,739100
2016-02-19,42.610260009765625,42.6342018677995,42.251116916814766,42.35487004244247,359100
2016-02-22,43.25672149658203,43.3125878667155,42.88959876585096,42.9853692511528,5952000
2016-02-23,42.650184631347656,43.1130810725283,42.634222370152806,43.09711881133345,986800
2016-02-24,42.68209457397461,42.76190585268616,41.89198270390863,42.187276823918914,2221000
2016-02-25,43.144996643066406,43.144996643066406,42.64219617546617,42.81777796768929,390900
2016-02-26,43.08912658691406,43.45624935343571,43.00931530430775,43.30460943872828,530500
2016-02-29,42.80978775024414,43.280663618855236,42.80180814495769,43.097102252378214,656000
2016-03-01,43.895206451416016,43.895206451416016,43.17692003714249,43.256731330111506,765400
2016-03-02,44.18251037597656,44.18251037597656,43.743559026079666,43.87923362471612,727500
2016-03-03,44.54962921142578,44.54962921142578,44.142602406571456,44.25433513557113,682400
2016-03-04,44.85291290283203,45.02849162803619,44.56559838678467,44.677331133138864,595600
2016-03-07,44.85291290283203,44.964645649186224,44.485790152099966,44.53367387511519,685700
2016-03-08,44.27030563354492,44.58954162664096,44.20645660823225,44.57357937031279,1267600
2016-03-09,44.50973892211914,44.58156756227975,44.35011938348561,44.47781440549454,427100
2016-03-10,44.461849212646484,44.924745539683045,44.03886005100149,44.677335118905994,732400
2016-03-11,45.41956329345703,45.41956329345703,44.988591481348784,45.00455373859234,363900
2016-03-14,45.31581115722656,45.41158470283013,45.164174276754906,45.371677536583974,455400
2016-03-15,44.9728889465332,45.08506027885869,44.82866778884627,45.004935715455076,231700
2016-03-16,45.44560623168945,45.49367790594956,44.820646958356164,44.820646958356164,325900
2016-03-17,45.862247467041016,45.934358039176274,45.349459478279584,45.42958403422948,567200
2016-03-18,45.9423713684082,46.054542696163054,45.83821096844751,45.950382296202356,348100
2016-03-21,45.9423713684082,45.982432120257876,45.758089464748174,45.91032154435269,333600
2016-03-22,45.862247467041016,45.966404805116944,45.60585194444066,45.718026322770505,2995100
2016-03-23,45.40554428100586,45.77411111853042,45.36548353200776,45.77411111853042,744100
2016-03-24,45.30938720703125,45.30938720703125,44.97287332692997,45.06901971318198,311400
2016-03-28,45.469642639160156,45.61386377662769,45.31741057469515,45.61386377662769,956700
2016-03-29,45.966407775878906,45.966407775878906,45.197230327684544,45.32542656905027,738800
2016-03-30,46.246829986572266,46.44713676502216,46.126644696926775,46.294901657279354,630200
2016-03-31,46.22279357910156,46.359003785116556,46.15068301272634,46.21478265236612,5020200
2016-04-01,46.142677307128906,46.1587022188521,45.50169612039808,45.66995310883254,1185600
2016-04-04,45.9583854675293,46.262852611543956,45.89428583449938,46.166703161999074,280600
2016-04-05,45.34946823120117,45.509714317590834,45.309407473713726,45.461642631181846,329000
2016-04-06,45.87826156616211,45.89428647464311,45.30939106906113,45.39752653748724,450500
2016-04-07,45.197227478027344,45.71001241115948,45.04499540614102,45.62989091152232,4588900
2016-04-08,45.62187576293945,45.88628220658235,45.501693516552045,45.75808597657225,1302400
2016-04-11,45.669952392578125,46.12665167198875,45.65392748110625,45.966405613709384,468800
2016-04-12,46.214786529541016,46.286897101965934,45.66995177265039,45.90230840117949,404600
2016-04-13,46.84775161743164,46.87178745344986,46.591359178440705,46.67148066946076,642000
2016-04-14,46.807701110839844,46.93590042318827,46.759629425149015,46.847764924168644,376900
2016-04-15,46.743595123291016,46.82371662097764,46.68750946362253,46.78365587213433,244400
2016-04-18,47.05606460571289,47.08010043931903,46.5833405206805,46.647440152215104,256800
2016-04-19,47.544830322265625,47.67302657398851,47.304462732340184,47.51278049522497,396100
2016-04-20,47.56084442138672,47.72109046371346,47.36053763258804,47.52078367491479,1308900
2016-04-21,47.288421630859375,47.58487478840307,47.200286164888325,47.58487478840307,363200
2016-04-22,47.26439666748047,47.36855400900284,47.08812569499737,47.27240759512088,367800
2016-04-25,47.11215591430664,47.12818082411524,46.9358880192901,47.11215591430664,321700
2016-04-26,47.280418395996094,47.35252897032407,47.09613649636667,47.21632180572643,432000
2016-04-27,47.33650207519531,47.43264847858284,47.0720956453308,47.200291868660514,211500
2016-04-28,46.975948333740234,47.416622651889,46.8717879491614,47.05606982560765,248300
2016-04-29,46.6875,46.927867500776266,46.45514342479289,46.871781852476424,379600
2016-05-02,47.016014099121094,47.06408883323741,46.767632557512414,46.83173220300085,300700
2016-05-03,46.407081604003906,46.6875129799063,46.262863508593995,46.671488067874215,780800
2016-05-04,46.00646209716797,46.23881870730051,45.90230476692019,46.1266473938404,276000
2016-05-05,45.998443603515625,46.21477526807537,45.87024740115857,46.10260397306777,702300
2016-05-06,46.15068054199219,46.166705451044216,45.76609189406012,45.81416662121621,214400
2016-05-09,45.97440719604492,46.19073885790059,45.8942826602992,46.15067506180847,194700
2016-05-10,46.63943862915039,46.63943862915039,46.23882499435658,46.23882499435658,223600
2016-05-11,46.310935974121094,46.61540319501854,46.286900133884814,46.46317111278957,156100
2016-05-12,46.230804443359375,46.61539308593497,46.02248368502332,46.59135725091113,371200
2016-05-13,45.78213119506836,46.1747339491635,45.693995695795586,46.03051277879711,255600
2016-05-16,46.29490280151367,46.38303827524022,45.85422848931988,45.85422848931988,290000
2016-05-17,45.91031265258789,46.29490129744979,45.79013042031541,46.25484055335896,498600
2016-05-18,45.88628387451172,46.278883505996184,45.66194122794917,45.78212347870511,297400
2016-05-19,45.63791275024414,45.72604825478046,45.3815202223785,45.66996258033735,718900
2016-05-20,46.02248764038086,46.094598208088684,45.84621974099215,45.84621974099215,303100
2016-05-23,45.87826156616211,46.03850759453333,45.85422573166,45.990435925529106,372400
2016-05-24,46.54330062866211,46.607397232470674,46.118651077055254,46.18274768086383,224500
2016-05-25,46.89581298828125,46.97593751814003,46.69550624829175,46.69550624829175,369200
2016-05-26,46.95191192626953,47.11215797492543,46.895826267705836,46.97595082025337,282600
2016-05-27,47.02402114868164,47.04806004197706,46.88781399791024,46.88781399791024,352700
2016-05-31,46.99197006225586,47.22432359551766,46.847748941506445,47.13619118300527,722700
2016-06-01,47.08011245727539,47.10415135345651,46.74359847513409,46.83974489054026,212500
2016-06-02,47.19227600097656,47.19227600097656,46.8237092231075,46.91184469050143,289900
2016-06-03,47.328487396240234,47.368548142359536,46.97594855137574,47.200291174795055,415600
2016-06-06,47.600914001464844,47.68103550927736,47.38458226264353,47.38458226264353,512100
2016-06-07,47.89736557006836,47.98550105943816,47.793208224849046,47.81724406506281,254400
2016-06-08,48.02555465698242,48.07362938668716,47.91338334411039,47.9935078936183,300000
2016-06-09,47.71307373046875,47.76114845732756,47.55282769737827,47.71307373046875,454500
2016-06-10,46.82371520996094,47.184268051564054,46.72756880434648,47.184268051564054,337700
2016-06-13,46.36702346801758,46.76763712210278,46.318951785648714,46.543294453875745,677300
2016-06-14,46.03260803222656,46.25069277120261,45.78221022057763,46.16992087389669,648600
2016-06-15,46.234554290771484,46.51725909473599,46.15377928874501,46.169934289150305,2451600
2016-06-16,46.25878143310547,46.27493643217752,45.491435924063445,45.73375474764224,944800
2016-06-17,46.347625732421875,46.436476673934756,46.05684195337993,46.355701690172786,553300
2016-06-20,46.98573303222656,47.30882681766634,46.9695811160802,47.17151396166739,611700
2016-06-21,47.187660217285156,47.365362086085376,47.001882391380526,47.17958426018075,443200
2016-06-22,47.10689926147461,47.46230000036396,47.098823302494615,47.27652213131377,909600
2016-06-23,48.05195236206055,48.05195236206055,47.583466573366486,47.71270350106633,706000
2016-06-24,45.49951934814453,46.38802281395855,45.44297530531876,45.61260127129344,3163600
2016-06-27,44.522159576416016,45.095651285217116,44.223299783097914,45.095651285217116,1737200
2016-06-28,45.49143600463867,45.49143600463867,45.02295335572335,45.19257622440385,696600
2016-06-29,46.3153190612793,46.379935971673504,45.91952931558067,45.94376335307294,460500
2016-06-30,46.904972076416016,46.93728207875287,46.29109743827278,46.396100323990446,1304600
2016-07-01,47.1230583190918,47.21190928177906,46.945356393717276,46.945356393717276,848700
2016-07-05,46.484947204589844,46.77573103756401,46.339555288102765,46.77573103756401,506500
2016-07-06,46.606109619140625,46.61418557864188,45.98415597500182,46.23455385705809,607100
2016-07-07,46.46879577636719,46.840354636642296,46.32340384870549,46.662652706999914,598400
2016-07-08,47.21190643310547,47.25229239154888,46.84842664461256,46.84842664461256,423800
2016-07-11,47.64000701904297,47.75308894439526,47.5026941329013,47.5026941329013,527000
2016-07-12,48.076175689697266,48.197333556974804,47.93885974261495,48.0277106940357,530800
2016-07-13,48.05195236206055,48.19734120962789,47.91463639317555,48.15695524745633,602500
2016-07-14,48.41542053222656,48.51235052178119,48.3184936239228,48.3346486221819,331300
2016-07-15,48.310420989990234,48.455812903076726,48.205415034705304,48.44773386276577,218400
2016-07-18,48.42351531982422,48.45582532684999,48.189272390765204,48.23773740130385,698600
2016-07-19,48.1650276184082,48.24579953156546,48.076176665184626,48.24579953156546,370300
2016-07-20,48.431583404541016,48.512358408969014,48.245805516233645,48.278115518004846,1218000
2016-07-21,48.27004623413086,48.496213210994775,48.18119833317759,48.39928318608796,682500
2016-07-22,48.455810546875,48.463886505542185,48.26195364510243,48.37503555394854,268000
2016-07-25,48.310420989990234,48.439657903705886,48.18926003533446,48.423502904335045,335900
2016-07-26,48.504276275634766,48.576972234359744,48.28618839945983,48.34272935832913,344000
2016-07-27,48.52042007446289,48.633501966096325,48.26194629894348,48.54465102802707,457800
2016-07-28,48.56889724731445,48.6254382073156,48.342730326058664,48.49620128713424,262100
2016-07-29,48.85160827636719,48.908149243577846,48.55274843807493,48.617365365779264,320100
2016-08-01,48.66581726074219,48.883905110332954,48.601197269196426,48.79505416258292,311700
2016-08-02,48.358882904052734,48.665821729578795,48.165029074116006,48.58504981398034,551000
2016-08-03,48.46388244628906,48.46388244628906,48.148867703388284,48.18117769785264,547200
2016-08-04,48.54465866088867,48.61735461426192,48.391190795434454,48.53658270218095,340500
2016-08-05,48.92429733276367,48.94045233271994,48.64159253665687,48.673899455318235,241200
2016-08-08,48.98892593383789,49.069697866549625,48.94853688623029,48.997001894608374,535300
2016-08-09,49.18277359008789,49.295855514095926,49.07776762582986,49.07776762582986,901600
2016-08-10,49.15853500366211,49.34431286160593,49.11814904867447,49.27161691012784,2468700
2016-08-11,49.52202224731445,49.56240820840725,49.2958553189424,49.320089360599134,761700
2016-08-12,49.41700744628906,49.52201339135331,49.31200150122481,49.47354839795809,297500
2016-08-15,49.6512451171875,49.74009605519214,49.5704701366149,49.5704701366149,179900
2016-08-16,49.457393646240234,49.58663054801974,49.44123864836145,49.58663054801974,936700
2016-08-17,49.44124984741211,49.46548389034499,49.118159060404714,49.36047792097313,517000
2016-08-18,49.64316940307617,49.64316940307617,49.41700560482774,49.44123655999703,216300
2016-08-19,49.465476989746094,49.48162890777946,49.23123412199864,49.328161036454084,212100
2016-08-22,49.39278030395508,49.433166260944006,49.19892339665682,49.35239126571514,548500
2016-08-23,49.54624557495117,49.73202343235939,49.53009057675252,49.594710569547125,515800
2016-08-24,49.27970504760742,49.52202699992239,49.20700907816325,49.52202699992239,395100
2016-08-25,49.26354217529297,49.368545044618834,49.18276718206045,49.24738717664646,246100
2016-08-26,49.029300689697266,49.651254289374144,48.82736782283793,49.27161951367826,574700
2016-08-29,49.312007904052734,49.368548863063225,49.077765027437174,49.08584406801077,279200
2016-08-30,49.21507263183594,49.36046452496918,49.09391169380802,49.31199953350788,297000
2016-08-31,49.02121353149414,49.15852946046918,48.82735973691239,49.142374464045616,293600
2016-09-01,49.190853118896484,49.20700503855666,48.90814522482155,49.110078114338776,601900
2016-09-02,49.63509750366211,49.69163845784745,49.48162655837254,49.489705598256684,464800
2016-09-06,49.942047119140625,49.95012307952128,49.68357016818596,49.71588017221174,302700
2016-09-07,50.01472091674805,50.071264942837274,49.84509808223155,49.982414006304715,727800
2016-09-08,49.80473327636719,49.98243522487042,49.780502312935546,49.93397021675544,747300
2016-09-09,48.593116760253906,49.42507904536427,48.593116760253906,49.42507904536427,559200
2016-09-12,49.16660690307617,49.223147851641144,48.22963865096299,48.37503054191595,906700
2016-09-13,48.24188995361328,48.72901962848795,48.05515799555433,48.72901962848795,757400
2016-09-14,48.22564697265625,48.5828728631451,48.128219195825416,48.241881838386654,637800
2016-09-15,48.785850524902344,48.85891982062912,48.201296159088166,48.29872395144068,378800
2016-09-16,48.38802719116211,48.501692946735425,48.24188860250015,48.501692946735425,358500
2016-09-19,48.55852508544922,48.86703713592274,48.47733525868628,48.72089854482467,306300
2016-09-20,48.68030548095703,48.91575133441242,48.647829550051064,48.875157969317584,451600
2016-09-21,49.41099166870117,49.459702461308595,48.81019941758627,48.98069648293666,626300
2016-09-22,49.74386978149414,49.95495714159087,49.64644508430144,49.760107747205474,930100
2016-09-23,49.378517150878906,49.57336961809161,49.354161753880405,49.55713165440098,334800
2016-09-26,48.931983947753906,49.14307128140377,48.915745984077006,49.12683331772688,499900
2016-09-27,49.240509033203125,49.26486443511227,48.826448618294584,48.89140048615299,844300
2016-09-28,49.565250396728516,49.581488360848,49.03753049968287,49.26485580320561,316100
2016-09-29,49.06188201904297,49.597722404328316,48.89950548775882,49.52465312010419,388300
2016-09-30,49.402862548828125,49.540883663725836,49.11058855277714,49.14306137651106,410000
2016-10-03,49.321685791015625,49.36227915167556,49.15119181799898,49.27297189997877,350300
2016-10-04,49.126834869384766,49.45970539258754,48.9482234574473,49.41099459709323,1339500
2016-10-05,49.43534851074219,49.50841779886504,49.28920993449649,49.28920993449649,938800
2016-10-06,49.28920364379883,49.32167956705856,49.06187837512973,49.26484824989129,520400
2016-10-07,49.102481842041016,49.33792768854622,48.826442631639246,49.28109635967602,362300
2016-10-10,49.31357955932617,49.45159763633581,49.224272287343176,49.23238972248909,662100
2016-10-11,48.56664276123047,49.10248323223107,48.420504169405284,49.094365798051996,654500
2016-10-12,48.63158416748047,48.75336423643602,48.47732507756571,48.54227692533499,592500
2016-10-13,48.39613342285156,48.55850992861877,47.96583831508158,48.225639485479405,1295300
2016-10-14,48.42861557006836,48.8020794133986,48.420495040345074,48.72901013126228,558900
2016-10-17,48.28248596191406,48.444859421603304,48.22565463160778,48.404266056680996,283100
2016-10-18,48.70465850830078,48.810200626280285,48.60723072652371,48.79396266265077,321400
2016-10-19,48.91574478149414,48.9806966346049,48.737130282514364,48.834558062180506,847100
2016-10-20,48.89138412475586,48.99692622909305,48.70465221276566,48.883263595453315,583300
2016-10-21,48.785850524902344,48.8345644210786,48.53416670693786,48.6397119334488,320700
2016-10-24,48.94822311401367,49.07812372954541,48.826439931982364,49.02129240381746,908300
2016-10-25,48.81832504272461,48.94822566502632,48.737135218114084,48.94822566502632,273800
2016-10-26,48.60722732543945,48.77772438308208,48.49356468506081,48.615347855223455,697600
2016-10-27,48.51793670654297,48.82645190548986,48.49358130299412,48.77774109839217,319400
2016-10-28,48.371788024902344,48.61535128533785,48.24188431579019,48.45297474602255,426000
2016-10-31,48.42861557006836,48.52604024722524,48.33930832556012,48.48544688983276,631000
2016-11-01,48.1363525390625,48.59100323032979,47.868430727072365,48.526054458895416,526200
2016-11-02,47.80348205566406,48.12823210766657,47.7060542526953,48.087638738300704,978100
2016-11-03,47.673561096191406,47.93336226589211,47.576133334747965,47.86841042492981,425100
2016-11-04,47.4218864440918,47.72228102341231,47.41376901095333,47.55990758404436,871100
2016-11-07,48.371788024902344,48.371788024902344,48.07951087354978,48.087628306831846,486100
2016-11-08,48.58287048339844,48.70465364993427,48.16881329191084,48.30683132338184,916700
2016-11-09,48.68030548095703,48.858920003864604,48.04704031366688,48.09575421002583,897400
2016-11-10,48.54227828979492,48.94009752880297,48.26623912316551,48.777724098964796,773800
2016-11-11,48.27436065673828,48.54228241346562,48.03079739421564,48.31495401764624,834600
2016-11-14,48.25811004638672,48.31494135617956,48.07137815748536,48.26623057468518,380900
2016-11-15,48.7127685546875,48.7127685546875,48.30682881673177,48.30682881673177,590000
2016-11-16,48.45297622680664,48.501690119212455,48.33931357493472,48.371789503205264,528800
2016-11-17,48.720890045166016,48.78584189524512,48.54227865159783,48.58287200935994,348500
2016-11-18,48.47732925415039,48.704657643853885,48.42049793099323,48.6153503940141,510200
2016-11-21,48.92385482788086,48.92385482788086,48.62346029528538,48.62346029528538,590500
2016-11-22,49.03752899169922,49.07000182186461,48.842676525332486,48.996932534111444,675200
2016-11-23,48.99694061279297,49.005061144479406,48.68030801268074,48.68030801268074,335700
2016-11-25,49.17554473876953,49.17554473876953,49.06188209581519,49.06188209581519,175800
2016-11-28,48.980690002441406,49.15118394815942,48.94009355120668,49.07811467184107,673500
2016-11-29,49.0781135559082,49.19177618380243,48.85078520304541,48.899499085174796,794100
2016-11-30,49.00505065917969,49.28920726589779,49.00505065917969,49.272969303074646,1054500
2016-12-01,48.785850524902344,49.0131758462411,48.68842582962506,49.00505841208266,1138300
2016-12-02,48.89138412475586,48.99692622909305,48.74524556805492,48.82643227863345,855100
2016-12-05,49.248619079589844,49.27297447784505,49.03753173486958,49.10248049590849,807900
2016-12-06,49.49216842651367,49.516526914989576,49.232367261314714,49.321674492553264,543300
2016-12-07,50.17414855957031,50.230979872363086,49.51652819808978,49.51652819808978,681600
2016-12-08,50.31218719482422,50.37713596188741,50.076741332935036,50.133572665518585,909100
2016-12-09,50.45832443237305,50.45832443237305,50.295947873477566,50.33654123893262,1237800
2016-12-12,50.30405807495117,50.507027970118415,50.214750825545615,50.39336532435673,791700
2016-12-13,50.709991455078125,50.831774615613895,50.53138007591995,50.53138007591995,791800
2016-12-14,50.0523796081543,50.661289320676495,50.01990368018846,50.60445799527375,1121100
2016-12-15,50.14168930053711,50.26347249531748,49.96307787115461,50.06862000308395,1041400
2016-12-16,50.09297180175781,50.23098984678259,50.01990251407562,50.22287241351785,943000
2016-12-19,50.13356399536133,50.31217849377716,50.06049470937984,50.14980195858775,371300
2016-12-20,50.3274040222168,50.3274040222168,50.17199791398091,50.25378994564906,616100
2016-12-21,50.2456169128418,50.32740895252267,50.23743583677392,50.31923099662111,1806500
2016-12-22,50.049320220947266,50.17201142164729,49.96752816725847,50.147474429574025,481800
2016-12-23,50.1311149597168,50.147473994345944,50.0411418293399,50.0983968904585,446800
2016-12-27,50.22926330566406,50.29469944060896,50.1474712571496,50.21290427192784,1314000
2016-12-28,49.9348030090332,50.311051394856825,49.910266020443174,50.311051394856825,518900
2016-12-29,49.9920654296875,50.11475663105104,49.90209229804315,50.0084244645471,6364800
2016-12-30,49.89390182495117,50.171999107470654,49.76303269906942,50.171999107470654,4117900
2017-01-03,50.30287170410156,50.39284481938429,50.090210529933,50.26197568447295,911900
2017-01-04,50.76091384887695,50.76091384887695,50.45009849189599,50.474635478969205,735800
2017-01-05,50.924503326416016,50.96540246943272,50.79363418119559,50.81817429103892,485200
2017-01-06,50.93268966674805,51.022662798416626,50.77728351579032,50.93268966674805,657300
2017-01-09,50.79364776611328,50.883620912547144,50.71185569853743,50.883620912547144,528500
2017-01-10,50.84270477294922,50.9899329324981,50.79362767971088,50.79362767971088,330800
2017-01-11,51.120819091796875,51.120819091796875,50.728211575591935,50.85908074766025,485000
2017-01-12,51.02265930175781,51.12898834083665,50.75273992525005,51.12898834083665,541000
2017-01-13,51.19441604614258,51.2107750771918,51.055365842307296,51.10444293545495,386500
2017-01-17,51.03901290893555,51.12080494878708,50.94085871691413,51.096267960864886,646400
2017-01-18,50.98176574707031,51.05537672222912,50.891792617209376,50.998121661438844,533900
2017-01-19,50.859073638916016,51.03083881821613,50.711845450896845,50.99812074973037,545700
2017-01-20,51.03084182739258,51.07173785532795,50.85907663796385,50.973586764249674,414700
2017-01-23,51.03084182739258,51.079918933015186,50.83453964523601,51.047200862600114,526800
2017-01-24,51.382545471191406,51.431622569351816,51.079911166285044,51.112629231725315,502400
2017-01-25,51.84059143066406,51.84059143066406,51.57067205851556,51.57067205851556,486500
2017-01-26,51.734256744384766,51.84876685297179,51.709719755449385,51.84058889671548,437600
2017-01-27,51.668819427490234,51.78333265361479,51.603386418442575,51.73425555670427,470500
2017-01-30,51.300758361816406,51.390731490347456,51.09627511339739,51.382550413117315,2216000
2017-01-31,51.39072799682617,51.415264986515076,51.15352669594494,51.23531874168565,794000
2017-02-01,51.46434783935547,51.660653151213225,51.317122755671,51.587039049287455,2460000
2017-02-02,51.562496185302734,51.603392210568614,51.42344595519867,51.48070101460425,2033200
2017-02-03,51.824222564697266,51.88147761092652,51.63609839563457,51.726071502613685,747000
2017-02-06,51.644287109375,51.66882409996598,51.51341795927865,51.61156904180925,633000
2017-02-07,51.611572265625,51.68518636216277,51.5297802117683,51.66064937003913,345400
2017-02-08,51.677001953125,51.70153894218527,51.45615969108318,51.57066980025306,1000800
2017-02-09,51.9387321472168,52.01234622309823,51.69335293433401,51.73424894978681,602000
2017-02-10,52.200477600097656,52.233195665045216,52.0123534068988,52.05324942800004,701500
2017-02-13,52.46221923828125,52.52765537236597,52.36406503715417,52.38042719084196,822400
2017-02-14,52.568538665771484,52.568538665771484,52.2250083851279,52.40495460079799,1023400
2017-02-15,52.871185302734375,52.879366379514344,52.48675581840666,52.51129280841342,2042400
2017-02-16,52.88753890991211,52.93661288199551,52.71576752695591,52.84663977295451,399100
2017-02-17,52.862998962402344,52.862998962402344,52.61762284643358,52.61762284643358,844600
2017-02-21,53.14110565185547,53.165642642313976,52.90390434353438,52.93662241092349,482900
2017-02-22,53.132911682128906,53.15744866663348,52.97750245982428,53.07565663817432,565200
2017-02-23,53.132911682128906,53.321038963883545,53.002045684660615,53.21470371058806,861200
2017-02-24,53.01841735839844,53.01841735839844,52.74032313088409,52.838471098085094,393400
2017-02-27,52.97751235961914,53.01841150165733,52.83846526122197,52.952975370529394,4439500
2017-02-28,52.77302551269531,52.961152816709465,52.707595626385285,52.920253677474754,1435600
2017-03-01,53.41920471191406,53.53371483800102,53.12474831902367,53.19836553741319,757700
2017-03-02,53.02659225463867,53.32922343867653,53.01841117821435,53.32922343867653,843100
2017-03-03,53.222896575927734,53.25561464262574,52.96115828267687,53.010232262557295,944500
2017-03-06,53.07566833496094,53.124742314784974,52.92844015515569,53.04295026830054,347700
2017-03-07,52.903900146484375,53.0265913293767,52.86300100540934,52.98569218830166,553600
2017-03-08,52.74847412109375,52.985675335150255,52.71575606670691,52.9447824474148,3978700
2017-03-09,52.77302551269531,52.846642715251285,52.54400530977896,52.723951537879664,1562300
2017-03-10,53.06748962402344,53.108388769255555,52.854831541749974,53.075670701136545,1438000
2017-03-13,53.27197265625,53.28015373333035,53.14928770171162,53.15746253845859,668800
2017-03-14,52.98569869995117,53.06749075182025,52.84665158774038,53.06749075182025,752200
2017-03-15,53.631874084472656,53.71366614788066,53.067498238388886,53.067498238388886,732500
2017-03-16,53.713653564453125,53.82816367446508,53.615505607490284,53.795445608699815,901100
2017-03-17,53.730010986328125,53.860876997532884,53.672755936363714,53.787266036292536,368300
2017-03-20,53.65639877319336,53.81998910282383,53.5827878051094,53.754552970971645,638500
2017-03-21,53.12474822998047,53.95086234422352,53.08385532235158,53.86907028863192,523200
2017-03-22,53.20653533935547,53.24742823838672,52.93661599635263,53.018408034747644,1195700
2017-03-23,53.173828125,53.38648622014924,53.07567391470003,53.15746596978311,602300
2017-03-24,53.27197265625,53.43556299619016,53.12474447047055,53.24743566534232,1583300
2017-03-27,53.329219818115234,53.378300032996144,52.87117941477654,53.07566262917167,2342700
2017-03-28,53.631874084472656,53.6891291528917,53.28016259551725,53.32106174738846,759600
2017-03-29,53.70821762084961,53.72463688391898,53.461884823286084,53.5686256944952,423800
2017-03-30,53.683589935302734,53.79854359300859,53.61790660554546,53.65074513817184,508100
2017-03-31,53.552207946777344,53.691793612578294,53.4865183636345,53.54399518275863,659300
2017-04-03,53.50294876098633,53.634321674724845,53.17450707988403,53.60968964493037,662000
2017-04-04,53.53578567504883,53.53578567504883,53.297671884553814,53.38798723623933,295600
2017-04-05,53.33052062988281,53.839605630972585,53.29768209452672,53.64254309631091,851400
2017-04-06,53.41262435913086,53.49473320900234,53.25661315922246,53.371566801943274,528800
2017-04-07,53.34694290161133,53.47831582852153,53.2812533059039,53.34694290161133,589600
2017-04-10,53.3715705871582,53.478311473111035,53.25661693628466,53.379783352078924,448000
2017-04-11,53.420841217041016,53.43726674890237,53.04313542279369,53.43726674890237,323700
2017-04-12,53.29767990112305,53.41263356365366,53.166300707085334,53.41263356365366,474200
2017-04-13,52.96101760864258,53.297672045364784,52.944598344060346,53.16629287069158,546300
2017-04-17,53.41262435913086,53.41262435913086,53.05955066663016,53.182710809185544,510300
2017-04-18,53.125244140625,53.21556577209616,52.93639437627976,53.11703763922208,741400
2017-04-19,53.018497467041016,53.31409436247646,52.94460137543426,53.231985505856436,492100
2017-04-20,53.46189880371094,53.544007669536036,53.264836272829726,53.30588757348982,409300
2017-04-21,53.379791259765625,53.43726809371702,53.26483759186283,53.42905532757966,570600
2017-04-24,54.21731185913086,54.26657592705757,54.118783723277446,54.176260557360294,589600
2017-04-25,54.545753479003906,54.611443079102216,54.348690943214024,54.41437427880727,1547100
2017-04-26,54.51290512084961,54.7017611426792,54.48827308854676,54.52111788645211,1404000
2017-04-27,54.537532806396484,54.56216483673611,54.381527859410824,54.56216483673611,1460600
2017-04-28,54.422584533691406,54.57038299484013,54.38973973515783,54.57038299484013,583400
2017-05-01,54.537532806396484,54.685331252938376,54.48826874571724,54.57859036663196,508400
2017-05-02,54.751014709472656,54.751014709472656,54.619635543041554,54.72638268189269,444400
2017-05-03,54.56216812133789,54.59501291860267,54.4307951967833,54.56216812133789,491800
2017-05-04,54.685333251953125,54.685333251953125,54.48827073752839,54.64428195472118,493800
2017-05-05,55.07947540283203,55.07947540283203,54.718188834747856,54.74282087084349,489500
2017-05-08,54.88239669799805,54.9645118228646,54.808500603023546,54.94808629208949,702200
2017-05-09,54.9234504699707,55.0137720894869,54.82491608563374,54.97271452988715,649200
2017-05-10,55.0219841003418,55.03019060054605,54.87418565811367,54.923449717355055,557700
2017-05-11,54.93988800048828,54.93988800048828,54.668923082751064,54.890617665305335,582300
2017-05-12,54.90703201293945,54.97271533896008,54.841342422414684,54.89881924799782,306300
2017-05-15,55.27653121948242,55.30116325257612,55.079468690228055,55.079468690228055,525600
2017-05-16,55.38325500488281,55.43252532035104,55.284726902952194,55.42431255702251,424800
2017-05-17,54.529327392578125,55.17799175279489,54.51290186235496,55.17799175279489,1233500
2017-05-18,54.56216812133789,54.74281137404192,54.27478397590172,54.397950399518514,501100
2017-05-19,55.11231994628906,55.22727362386445,54.84135502150182,55.00557277103649,1340400
2017-05-22,55.334007263183594,55.342220028932765,55.20263433372065,55.21905360071423,806400
2017-05-23,55.32579040527344,55.42432479346114,55.284739108573454,55.42432479346114,822400
2017-05-24,55.43252944946289,55.473580740157544,55.2847310210547,55.37505263088767,662200
2017-05-25,55.62138366699219,55.71170528413,55.55570034366787,55.59675163768259,719400
2017-05-26,55.56391525268555,55.57212801853294,55.48180638772606,55.52286395245822,756000
2017-05-30,55.50643539428711,55.547492956780616,55.40790726750989,55.4653840962981,2372100
2017-05-31,55.48179244995117,55.687067693034386,55.350419551919614,55.687067693034386,3181900
2017-06-01,55.89238357543945,55.89238357543945,55.490045560517515,55.490045560517515,704200
2017-06-02,56.229007720947266,56.26184625313931,55.98267487797596,56.12226056555764,647900
2017-06-05,56.10586166381836,56.22902813000889,56.048384814863674,56.22902813000889,595300
2017-06-06,55.9826774597168,56.06478632299235,55.9087750976155,55.925200628973435,814800
2017-06-07,55.9826774597168,56.10584388688248,55.80203420180774,56.05657355731338,712700
2017-06-08,55.96625518798828,56.01551925040764,55.826663236959455,55.98267445395994,996600
2017-06-09,55.86772537231445,56.17153506594909,55.60497324372675,55.99089180295038,1530200
2017-06-12,55.785614013671875,55.84309084346602,55.61318352428943,55.7691884825852,846300
2017-06-13,56.14688491821289,56.16331044656695,55.949822429489096,56.056563305776244,624900
2017-06-14,56.0073127746582,56.34396727767435,55.826669506162226,56.32754174535376,3131100
2017-06-15,55.66242980957031,55.6952745967482,55.42430980090758,55.44072906224522,3273000
2017-06-16,55.90877914428711,55.90877914428711,55.63782050231629,55.81846377330028,577300
2017-06-19,56.2618522644043,56.278277796759724,56.06478972767488,56.10584729405834,699900
2017-06-20,55.76919174194336,56.16332307249816,55.74455970837837,56.1140527408632,605500
2017-06-21,55.76919174194336,55.89235817427329,55.66245084166007,55.80203654153167,567800
2017-06-22,55.79380798339844,55.91697438086685,55.72812466731806,55.80202074709719,410900
2017-06-23,55.89238357543945,55.95807320446976,55.736372272619434,55.81027467140548,951300
2017-06-26,56.06477355957031,56.302893594013526,56.00729674191184,56.163307931771975,3075100
2017-06-27,55.76919174194336,56.09763347332153,55.76919174194336,56.04836940619155,615200
2017-06-28,56.23713302612305,56.28674372747109,55.931230855420566,55.939500356942155,421300
2017-06-29,55.699737548828125,56.204069929947565,55.41036175379304,56.204069929947565,1462400
2017-06-30,55.83202362060547,55.98084313003764,55.68320411117329,55.98084313003764,1128700
2017-07-03,55.92296600341797,56.10485720532674,55.90643330678172,56.0304443010086,813100
2017-07-05,55.92296600341797,55.939505007836225,55.65012920055482,55.8981638045726,677100
2017-07-06,55.45170593261719,55.732812240886254,55.410364728883415,55.708003733976746,1029700
2017-07-07,55.699737548828125,55.741072442560466,55.45170295530712,55.5591812483493,320200
2017-07-10,55.82375717163086,55.88990058117058,55.69147666033414,55.74108106359757,301400
2017-07-11,55.87337112426758,55.947777733479555,55.59226477130627,55.79895820727253,453600
2017-07-12,56.361141204833984,56.4520867835221,56.17925004745776,56.17925004745776,426200
2017-07-13,56.52652359008789,56.57612799662518,56.36943455900896,56.460380176182746,658500
2017-07-14,56.86549377441406,56.956439385553146,56.63399814889011,56.6505308473778,379200
2017-07-17,56.82416915893555,56.89857577727111,56.78282794355989,56.85723456189545,1120700
2017-07-18,56.8737678527832,56.8737678527832,56.68360711207227,56.79109173812841,471200
2017-07-19,57.17967987060547,57.17967987060547,56.9812496141041,56.9812496141041,400800
2017-07-20,57.27886962890625,57.33674352417973,57.146589143044665,57.25406743204355,475600
2017-07-21,57.17967987060547,57.21274527223876,57.03086033212124,57.13833865688845,516400
2017-07-24,57.17967987060547,57.196212571422116,57.014321323520996,57.1548713577051,352500
2017-07-25,57.29541778564453,57.40289609181439,57.27060927703687,57.35329169016408,714700
2017-07-26,57.46902847290039,57.49383066896687,57.311939487437606,57.41115457948483,606200
2017-07-27,57.32847595214844,57.55170834698916,57.03910646604168,57.535169343336364,442900
2017-07-28,57.303672790527344,57.32847498780762,57.130051101783835,57.15485329906411,592600
2017-07-31,57.31195068359375,57.40289629212503,57.22100507506247,57.3863635941114,724000
2017-08-01,57.560001373291016,57.60960578895904,57.46905573937678,57.60960578895904,639600
2017-08-02,57.5103645324707,57.58477742996366,57.311940652125195,57.58477742996366,460900
2017-08-03,57.43597412109375,57.518650235543795,57.36983070642042,57.50211753576707,1125100
2017-08-04,57.543453216552734,57.5930639321196,57.378100985418605,57.58479442822791,461500
2017-08-07,57.68398666381836,57.68398666381837,57.54343667697399,57.56823887373694,265700
2017-08-08,57.50211715698242,57.79975621326852,57.41943473529382,57.617864978006665,569100
2017-08-09,57.36982345581055,57.38636246128022,57.11352564107229,57.17966904738617,351800
2017-08-10,56.493465423583984,57.088743675841314,56.476926412252034,57.088743675841314,1008500
2017-08-11,56.51825714111328,56.65880717242084,56.44384421950233,56.53478984159157,480800
2017-08-14,57.03911209106445,57.13832719942037,56.82415548463348,56.82415548463348,436200
2017-08-15,56.98124313354492,57.080458250511725,56.87376482100138,57.080458250511725,911200
2017-08-16,57.26234817504883,57.30368307534083,57.1631330603391,57.19620476524234,513500
2017-08-17,56.45209503173828,57.11351637196839,56.43556233673415,57.07217517278599,767300
2017-08-18,56.51825714111328,56.7414832903792,56.35290490519657,56.50171813285153,671000
2017-08-21,56.56783676147461,56.617447456736265,56.3694129037701,56.551304068241194,500100
2017-08-22,57.02256774902344,57.04736994410199,56.72492879251868,56.72492879251868,397000
2017-08-23,56.95643615722656,57.014310060327226,56.76628175037398,56.83241884835876,337900
2017-08-24,56.86549377441406,57.08045670145032,56.84896107592637,57.05565449982743,717400
2017-08-25,57.08872604370117,57.27061095768405,57.06391753436548,57.07218703747738,2146000
2017-08-28,57.08045959472656,57.23754862334432,56.98951397897766,57.23754862334432,1760400
2017-08-29,57.03083419799805,57.0804385855006,56.6918540626487,56.708386755889315,821200
2017-08-30,57.196197509765625,57.24580190693668,56.97297141471392,57.030845314007465,821900
2017-08-31,57.55171203613281,57.617855439420445,57.33674912933907,57.33674912933907,813600
2017-09-01,57.725341796875,57.79148520939567,57.6509351886265,57.73361130038583,473700
2017-09-05,57.33674621582031,57.65918740573528,57.063909421959394,57.57651130971792,552800
2017-09-06,57.55171203613281,57.642657638707774,57.45249693120137,57.469035935914334,417500
2017-09-07,57.774932861328125,57.816274061553024,57.6509218762165,57.816274061553024,274900
2017-09-08,57.708797454833984,57.7997430517558,57.65918675156099,57.75840185032526,494500
2017-09-11,58.26272964477539,58.28753184056894,57.973360180882004,57.973360180882004,548600
2017-09-12,58.419837951660156,58.43637065173053,58.31235332396117,58.361957731955584,606600
2017-09-13,58.27101135253906,58.33714845258246,58.19659844178924,58.32061575451725,322000
2017-09-14,58.28755187988281,58.29582138391747,58.15526504646194,58.196606258851816,1801200
2017-09-15,58.3950309753418,58.411569983630365,58.295822156744336,58.328893865537985,1632600
2017-09-18,58.59344482421875,58.684390420994184,58.46942752790845,58.519031923319886,519000
2017-09-19,58.684391021728516,58.684391021728516,58.5438347203211,58.65958251598713,544400
2017-09-20,58.684391021728516,58.78359981356695,58.36194352490827,58.709193219688125,722000
2017-09-21,58.52729415893555,58.64304193904651,58.47768976968254,58.61823974442001,665900
2017-09-22,58.56864929199219,58.61826000617437,58.50251218605447,58.535583892914886,2034100
2017-09-25,58.31234359741211,58.51076750407581,58.14699139315608,58.436360904495274,1380500
2017-09-26,58.25446319580078,58.38674999067243,58.171787102896786,58.370210987422695,1186600
2017-09-27,58.36581039428711,58.45721522006013,58.15807330655439,58.27440556851409,744800
2017-09-28,58.44060134887695,58.46552878604741,58.2411691722472,58.33257400162757,851600
2017-09-29,58.76466369628906,58.79790238842613,58.5153766750772,58.581854059351336,594700
2017-10-02,58.89762496948242,58.90593622923726,58.70651037255676,58.756365251818465,1171000
2017-10-03,59.155216217041016,59.155216217041016,58.97240656214014,59.00564525754329,839000
2017-10-04,59.18014907836914,59.238315215748166,59.072121723498455,59.09705550206104,377500
2017-10-05,59.354652404785156,59.37126858556912,59.16353145778247,59.18846523840945,628400
2017-10-06,59.27985763549805,59.28816889485086,59.105359226889185,59.17183662244496,711800
2017-10-09,59.19675827026367,59.32971304836962,59.13028722084345,59.28816309530332,248400
2017-10-10,59.520835876464844,59.56238583529661,59.37126490015756,59.4543648178211,403000
2017-10-11,59.687034606933594,59.687034606933594,59.53746361750839,59.55407979871821,722500
2017-10-12,59.653804779052734,59.74520963838976,59.587327365055785,59.62056607205426,858900
2017-10-13,59.81999206542969,59.911396924905794,59.80337588172274,59.85323077247874,686400
2017-10-16,59.84489822387695,59.91137561432893,59.77842717305786,59.861520741306386,380400
2017-10-17,59.81999206542969,59.81999206542969,59.687043576868625,59.79506462005168,671300
2017-10-18,59.86152267456055,59.911377549193176,59.7618065856622,59.86983393354369,619300
2017-10-19,59.78675079345703,59.78675079345703,59.495920043798755,59.587324899353476,513500
2017-10-20,59.92799758911133,59.93630250811796,59.81997024569682,59.83659276297575,532300
2017-10-23,59.695343017578125,59.94463012773848,59.6787268353969,59.94463012773848,613600
2017-10-24,59.7950439453125,59.84489881883068,59.71195037623788,59.78673268651515,497500
2017-10-25,59.5540771484375,59.80336423293045,59.26324644295166,59.80336423293045,750800
2017-10-26,59.57070541381836,59.72858133223187,59.56239415296464,59.65379900345197,632200
2017-10-27,59.88645553588867,59.9113829754627,59.52914744284899,59.65379098035282,612200
2017-10-30,59.81166458129883,59.91137432519843,59.65378236728079,59.65378236728079,637800
2017-10-31,60.0027961730957,60.06927358097703,59.87815261822685,59.96125254789578,836100
2017-11-01,60.13574981689453,60.36010313957849,60.077583671040586,60.24377084787059,865300
2017-11-02,60.20222473144531,60.235463436862524,59.95294395026845,60.11913113771969,555400
2017-11-03,60.25206756591797,60.25206756591797,60.027707957751936,60.210517611921915,716500
2017-11-06,60.40997314453125,60.42659567015531,60.19393102850658,60.21054721449463,498800
2017-11-07,60.28532028198242,60.45981871801041,60.15236546997956,60.41826875435092,2142600
2017-11-08,60.41826248168945,60.42657374148535,60.18559792447419,60.28531402312375,354300
2017-11-09,60.08589172363281,60.11081916749301,59.70365612529528,60.011109392052205,1046200
2017-11-10,60.03602600097656,60.06926470000304,59.91969372420073,60.019409821280135,378300
2017-11-13,59.944610595703125,59.98616054706962,59.662091213234945,59.72025734136854,598200
2017-11-14,59.85321044921875,59.85321044921875,59.63716209657708,59.80335557539105,340300
2017-11-15,59.50421142578125,59.612232428242116,59.271546903783836,59.4128066007633,1192000
2017-11-16,60.07758331298828,60.160676900908065,59.81168002786435,59.81168002786435,415700
2017-11-17,59.99447250366211,60.06926115696885,59.93630636870497,59.97785632494574,334700
2017-11-20,60.08589172363281,60.16068039484817,60.02772557474742,60.07758680210258,501200
2017-11-21,60.55952072143555,60.60938193935977,60.43488352570886,60.451499705261234,369200
2017-11-22,60.64262390136719,60.742333663314064,60.526285279706,60.69247878234063,505100
2017-11-24,60.86697769165039,60.891905132336255,60.817122810278654,60.817122810278654,266700
2017-11-27,60.626014709472656,60.82544061684263,60.626014709472656,60.82544061684263,600600
2017-11-28,61.091312408447266,61.12455109912579,60.717388232669926,60.80879304712786,1300800
2017-11-29,60.90019989013672,61.17441434264444,60.80048381477967,61.09962570121859,1300100
2017-11-30,61.14118576049805,61.34892286378354,61.083019625163445,61.083019625163445,818300
2017-12-01,61.00825119018555,61.157822207705934,60.38503967378983,61.07472860678025,1276900
2017-12-04,60.90019989013672,61.42369502158872,60.90019989013672,61.33229020408615,2396100
2017-12-05,60.70907974243164,61.074699016929614,60.69246356615096,60.94174424815496,1357700
2017-12-06,60.517982482910156,60.62600350868776,60.434888898493995,60.49305504154872,484600
2017-12-07,60.70907974243164,60.78386838477545,60.42656036823398,60.47641523670831,766600
2017-12-08,61.06638717651367,61.07469843439089,60.88357754100835,60.99991613239267,745400
2017-12-11,61.21597671508789,61.22428797548974,61.09133316759692,61.18273801311469,805600
2017-12-12,61.23259353637695,61.29075967450743,61.116261260116005,61.191043577869365,477300
2017-12-13,61.36553955078125,61.54003795823011,61.332300853224325,61.373850810078814,849000
2017-12-14,61.09962844848633,61.4403202998842,61.09962844848633,61.432009041656016,1207500
2017-12-15,61.38216018676758,61.4818699367469,61.18272800754267,61.2575166596603,886200
2017-12-18,61.955501556396484,62.07183380810347,61.81424187069976,61.81424187069976,642500
2017-12-19,61.739681243896484,62.23320052417966,61.73132116143271,61.99062411614113,947000
2017-12-20,61.69788360595703,61.92372716581951,61.63933109919679,61.92372716581951,579500
2017-12-21,61.87356948852539,62.007401116005475,61.781557452618294,61.80665048391159,846600
2017-12-22,61.982269287109375,61.982269287109375,61.81497826203768,61.91535032438328,781100
2017-12-26,61.99064636230469,62.01573938218564,61.91536092091718,61.965553342423725,866500
2017-12-27,62.0324592590332,62.09937183738274,61.982266848091946,62.04081934273734,599100
2017-12-28,62.216487884521484,62.26668030438353,62.132842360410635,62.24994737051471,515900
2017-12-29,62.11610412597656,62.450692541237615,62.09937119525474,62.4423260758767,1031100
2018-01-02,62.65983200073242,62.65983200073242,62.325243465339156,62.35870295705303,1267700
2018-01-03,63.08642578125,63.10315871787893,62.73511069298818,62.73511069298818,768500
2018-01-04,63.46282958984375,63.5464751136694,63.36245113220633,63.37917768427371,819400
2018-01-05,63.83088684082031,63.84761977873983,63.53812424468828,63.646862814181326,925100
2018-01-08,63.89779281616211,63.91452575067396,63.71376882699978,63.77232133430192,723200
2018-01-09,64.00655364990234,64.06510617759184,63.839262537002895,63.98146062114211,871700
2018-01-10,63.797401428222656,63.872686854782934,63.64683695684549,63.83922737428318,862900
2018-01-11,64.26585388183594,64.26585388183594,63.906172297520236,63.956358347786534,777600
2018-01-12,64.77610778808594,64.79283434627077,64.36623372247023,64.41642616051817,747600
2018-01-16,64.62551879882812,65.194317288218,64.5000473237763,65.06047934636423,1433900
2018-01-17,65.13577270507812,65.2612378136431,64.69243925508317,64.82627721321262,2392900
2018-01-18,65.00192260742188,65.12739407429935,64.88481760680128,65.03538209070547,1275200
2018-01-19,65.34490203857422,65.34490203857422,65.1023254800748,65.24452355106699,910500
2018-01-22,65.82168579101562,65.82168579101562,65.33653269535621,65.34489916438372,964200
2018-01-23,66.00569915771484,66.03079217899827,65.74638971371452,65.84676818059319,813100
2018-01-24,66.11444091796875,66.39883701530457,65.8216783525509,66.26500543471869,1131300
2018-01-25,66.0140609741211,66.3486494907425,65.88022939651962,66.3486494907425,2001700
2018-01-26,66.69160461425781,66.69996470042554,66.19808511531998,66.28173064921339,1938500
2018-01-29,66.13951873779297,66.41555468534307,66.08096623816814,66.36536227013335,3850500
2018-01-30,65.46199035644531,65.78821238030552,65.38670491461507,65.7380199585038,1254400
2018-01-31,65.52053833007812,65.83002739800783,65.24450236537523,65.8049343797156,1408900
2018-02-01,65.4703598022461,65.70457624673581,65.16087066865373,65.31143519209576,1380600
2018-02-02,64.03997039794922,64.96845013273783,64.03161031510797,64.9517235853127,1170000
2018-02-05,61.580772399902344,63.98979778374491,61.52221989903011,63.53810432769744,2453600
2018-02-06,62.868934631347656,62.977673168191416,60.719205858119196,60.98688173049283,9365600
2018-02-07,62.0659294128418,63.05296200934256,62.05756932684034,62.39215145575989,5577000
2018-02-08,60.1002311706543,62.16630838023871,60.0835046167719,62.16630838023871,8214100
2018-02-09,60.73592758178711,61.170888030631275,59.02116603589264,60.79448007262658,5756300
2018-02-12,61.63933563232422,61.92373171986222,60.92833264998908,61.31311358756237,2352500
2018-02-13,61.68114471435547,61.78152316556889,61.212724705514134,61.34655625872138,1280500
2018-02-14,62.65983200073242,62.71001804743048,61.2880183674455,61.3047513041752,1913600
2018-02-15,63.35409927368164,63.36246574251669,62.55945704149033,63.12825566910224,1547000
2018-02-16,63.404293060302734,63.83088725382131,63.178443069149594,63.22026903247307,1019900
2018-02-20,62.927486419677734,63.33735392655172,62.726729517673185,63.00276547162146,1143000
2018-02-21,62.69327163696289,63.69703702741822,62.684911552140264,63.1616980385397,909400
2018-02-22,62.80201721191406,63.31226318815658,62.65981918751708,62.885662733221444,1569900
2018-02-23,63.64685821533203,63.64685821533203,63.02787357370005,63.1533450720466,1521500
2018-02-26,64.24075317382812,64.25747972800116,63.65522166984883,63.889431718742465,1194200
2018-02-27,63.345726013183594,64.19055411920259,63.345726013183594,64.1152750605798,3953600
2018-02-28,62.60960388183594,63.57154297958594,62.60123741824037,63.412612079979574,919900
2018-03-01,61.86515808105469,62.852190346049916,61.44692417862862,62.59288736870349,1471400
2018-03-02,62.15793991088867,62.24995190864176,61.24619278264699,61.46367626658565,985800
2018-03-05,62.65983200073242,62.76857056249339,61.68115941790167,61.764804956313604,861800
2018-03-06,63.027870178222656,63.09478915796844,62.684921575079514,63.08642269006393,772600
2018-03-07,62.952606201171875,63.02788528512035,62.44236002636543,62.55946507811641,869300
2018-03-08,63.19516372680664,63.236983300257535,62.88566825089513,63.12824475119149,1198800
2018-03-09,63.989810943603516,63.998177411661295,63.36245985592113,63.42101236883501,1349600
2018-03-12,64.05669403076172,64.28253748780934,63.93122260718341,64.09015350249872,1698100
2018-03-13,63.6133918762207,64.39130734609766,63.47118747073683,64.26583587384444,939700
2018-03-14,63.546478271484375,64.03163126822402,63.395913768418445,63.99817178068217,1131600
2018-03-15,63.44609451293945,63.780682978684666,63.32898950719026,63.63848495480981,844900
2018-03-16,63.4544792175293,63.646863332950154,63.4210197231635,63.46284568655725,480300
2018-03-19,62.78530502319336,63.262091672096844,62.41726333148915,63.262091672096844,791100
2018-03-20,62.93585968017578,63.044604620297115,62.80202809923185,62.86894708057647,1402600
2018-03-21,62.98603439331055,63.404268336475305,62.81037052124705,62.88565594952333,1276700
2018-03-22,61.51384353637695,62.49250934282724,61.48875052314637,62.32521833346141,1352300
2018-03-23,60.476646423339844,61.72298211041048,60.434820465475354,61.63097010850474,1765100
2018-03-26,61.90118408203125,61.93476292807464,60.8182903140443,61.439489359082096,1628500
2018-03-27,61.078521728515625,62.22856672681601,60.80989737805389,62.11944028599114,1693600
2018-03-28,61.05333709716797,61.55700693640234,60.80149897529605,61.17924975359445,1169200
2018-03-29,61.808837890625,62.11104107133628,61.24640668383266,61.363929431386005,1384400
2018-04-02,60.583255767822266,61.69133226988588,60.10476833294277,61.60738834183024,967800
2018-04-03,61.221229553222656,61.32196609051559,60.60003691785784,60.99458034995102,998200
2018-04-04,61.708106994628906,61.775258274883896,60.25585248301994,60.35658901016641,2300100
2018-04-05,62.03551483154297,62.27056040755426,61.90119941410131,62.03551483154297,3805100
2018-04-06,61.03656768798828,62.001938982987895,60.717578162867405,61.6997356836052,1041200
2018-04-09,61.40592575073242,62.102672568880955,61.36395058163466,61.506655909348474,768800
2018-04-10,62.31254196166992,62.47203353058515,61.94318093036932,62.094282588218455,1007800
2018-04-11,62.02710723876953,62.42165070012717,61.94316332038738,61.993528390514584,1704400
2018-04-12,62.396446228027344,62.57273031600592,62.22016214004877,62.320892244888995,883200
2018-04-13,62.228572845458984,62.698670308371774,62.01031994234946,62.63151261302561,567300
2018-04-16,62.54756164550781,62.79100346031324,62.346088582180116,62.55595155309759,589100
2018-04-17,63.05122375488281,63.17714280287788,62.74062429042947,62.82456818758992,382900
2018-04-18,63.294677734375,63.42059680663008,63.12678350319822,63.25270257545329,1300900
2018-04-19,62.88337707519531,63.18557402165461,62.69030022143016,63.168787793050825,1406100
2018-04-20,62.472007751464844,62.874947474293236,62.30411993625029,62.78260725457235,409700
2018-04-23,62.396446228027344,62.63149167866544,62.169790683120475,62.53915147955645,733400
2018-04-24,61.8844108581543,62.698680433316014,61.573811270403645,62.64830895141695,1062200
2018-04-25,61.85921859741211,61.934766201620285,61.37233491081379,61.741695832303606,722300
2018-04-26,62.37965774536133,62.497180478475975,62.05227207389785,62.12782606204791,398500
2018-04-27,62.48879623413086,62.55594751306033,62.22856181193332,62.480399922573724,572400
2018-04-30,62.06908416748047,62.648301703966474,62.06908416748047,62.53077893398319,1020800
2018-05-01,62.03551483154297,62.06069737118538,61.53184482515998,62.02711851682496,382400
2018-05-02,61.80046463012695,62.278952061055534,61.724910612342896,62.136240339577014,685100
2018-05-03,61.775272369384766,61.90119145591993,61.06173941836659,61.7081210738087,1272200
2018-05-04,62.304141998291016,62.45524364729341,61.389135789189915,61.431110960111866,472800
2018-05-07,62.396446228027344,62.564334005766504,62.24534466625883,62.40483613375857,1104800
2018-05-08,62.404869079589844,62.413265394261984,62.127854740524974,62.3125352362426,1030000
2018-05-09,62.78260040283203,62.849758083392494,62.42163587545573,62.54755492537936,851800
2018-05-10,63.36183547973633,63.4373830804464,63.01765710891916,63.01765710891916,421800
2018-05-11,63.49613571166992,63.63045107821726,63.34503412655876,63.48773940013342,1183100
2018-05-14,63.5885124206543,63.84874058705709,63.521354698836525,63.680852687025514,363100
2018-05-15,63.01765441894531,63.11839095343543,62.807791442139916,63.05962957611031,1254400
2018-05-16,63.336631774902344,63.42058207324307,63.12676883806766,63.151957770275025,2033000
2018-05-17,63.31986618041992,63.53812549907469,63.15197833807665,63.319866180419915,737600
2018-05-18,63.10999298095703,63.202333200683135,63.017652761230934,63.185540576454954,918500
2018-05-21,63.470977783203125,63.53813549250742,63.32827245431525,63.462581468412175,414000
2018-05-22,63.412208557128906,63.73119803016085,63.35344716987274,63.6388577923996,463000
2018-05-23,63.22749710083008,63.244283315602125,62.782588757532,62.91689768923154,1098800
2018-05-24,63.11839294433594,63.19394054420413,62.67348444419661,63.12678285242575,612300
2018-05-25,62.90853500366211,63.0008752361319,62.7910122358843,62.925321225697296,559200
2018-05-29,61.93476486206055,62.40485591232719,61.69132302402668,62.312522088462146,1379500
2018-05-30,62.740638732910156,62.807796427901295,62.22018260800457,62.27054767699278,506100
2018-05-31,62.42166519165039,62.690289635542165,62.278959856819874,62.665107094632305,642100
2018-06-01,63.02605438232422,63.06802313741064,62.791008859407754,62.832977614494176,459000
2018-06-04,63.34503173828125,63.44576825939372,63.22750899923784,63.31984920913037,387400
2018-06-05,63.32826232910156,63.42060256350327,63.14358186029815,63.37023108732284,288600
2018-06-06,63.882320404052734,63.882320404052734,63.395436520356306,63.52975196600206,446500
2018-06-07,63.66402816772461,64.02499273606233,63.46256150769019,63.92426260829995,607400
2018-06-08,63.806739807128906,63.8235260269065,63.437378926925376,63.58008421081868,1229600
2018-06-11,63.96623992919922,64.10055532355535,63.840327252628484,63.89069232325678,1797400
2018-06-12,63.89909744262695,64.04180276541403,63.73959949097586,63.9662487445488,1631800
2018-06-13,63.706016540527344,64.03340233269442,63.605279987356326,64.0166161094214,582800
2018-06-14,63.77316665649414,63.94945080019027,63.68922274109268,63.857110571895596,1306300
2018-06-15,63.504554748535156,63.538133602188296,63.19395515562716,63.47097589488201,573400
2018-06-18,63.20234298706055,63.235921836206685,62.88335352693809,62.98408366986591,880500
2018-06-19,62.77423095703125,62.858174891402726,62.32932234080194,62.48042398447526,6193700
2018-06-20,62.99246597290039,63.13517124664896,62.84136438760509,63.06801356329345,1204000
2018-06-21,62.472007751464844,62.916916225842066,62.40485006357517,62.916916225842066,584600
2018-06-22,62.844974517822266,63.03949148162795,62.76886339216957,63.00566216391032,553500
2018-06-25,61.948516845703125,62.498231937520764,61.66097733900968,62.48977299547617,1421600
2018-06-26,62.01618194580078,62.210692467138024,61.83858285803433,62.09229307529372,1586400
2018-06-27,61.4326286315918,62.37983008224244,61.41571720045608,62.16840170549487,1274600
2018-06-28,61.74557113647461,61.855511616184344,61.221226216959906,61.424195738071994,1088700
2018-06-29,62.05000686645508,62.430575391506856,62.04154792412788,62.13457693287965,853100
2018-07-02,61.830108642578125,61.84702007197165,61.35651119218325,61.44108124371357,672300
2018-07-03,61.76247024536133,62.16841565883283,61.72018843189111,62.151497771617976,552600
2018-07-05,62.252967834472656,62.2783382057151,61.88085185016575,62.193768150813064,1056600
2018-07-06,62.65046310424805,62.76886248841369,62.193777000059484,62.261435634520566,2287800
2018-07-09,63.276283264160156,63.31011257814115,62.99719626302839,63.03948451857511,642400
2018-07-10,63.38624954223633,63.42007887001182,63.2086504106284,63.32704983170035,679500
2018-07-11,62.684295654296875,63.04795276792697,62.54897837839598,62.904176549211556,552200
2018-07-12,63.1748161315918,63.200192964647925,62.84498827698634,63.02258739467512,672600
2018-07-13,63.25090408325195,63.31856270179161,63.047934679913965,63.17478652432459,347200
2018-07-16,63.16633224487305,63.293184085686256,63.06484431994167,63.284731597819246,457700
2018-07-17,63.4116096496582,63.47080934457764,62.9464645808035,63.00566427572293,791600
2018-07-18,63.45387649536133,63.47079437693893,63.217077771525304,63.38621787361352,380700
2018-07-19,63.217063903808594,63.34392217868693,62.988724170851505,63.14095281024953,653400
2018-07-20,63.33550262451172,63.48773135857216,63.259391483623446,63.31013224421562,3056200
2018-07-23,63.33550262451172,63.36087300480781,63.14099207405242,63.31859118840896,485300
2018-07-24,63.61457824707031,63.919035660318784,63.47926097350088,63.741436577970966,1965900
2018-07-25,64.27423095703125,64.31651921620544,63.62303435081297,63.66531615770471,1224500
2018-07-26,64.00361633300781,64.17275650070665,63.969787009011284,64.00361633300781,593400
2018-07-27,63.80908203125,64.20656841507592,63.62303047814273,64.14736872720496,949200
2018-07-30,63.58919906616211,63.961308612386624,63.50462255575114,63.90210892646805,591600
2018-07-31,63.834434509277344,63.97820420323085,63.66528799967356,63.76677590543583,558600
2018-08-01,63.60611343383789,63.85983007222227,63.48771405653375,63.79217144168215,743900
2018-08-02,63.61457824707031,63.639948622793895,63.04795168163449,63.124062808805235,481400
2018-08-03,63.834434509277344,63.834434509277344,63.54688866909071,63.606088334382136,432700
2018-08-06,63.834434509277344,63.89363417456877,63.53842973054063,63.59762939583205,1084900
2018-08-07,64.07972717285156,64.2150444682043,63.59767059965404,63.59767059965404,1200500
2018-08-08,64.03744506835938,64.12201515143141,63.910586717609455,64.0628154480526,1449900
2018-08-09,63.89366912841797,64.16429723955498,63.876751242062646,64.03743890102258,2344300
2018-08-10,63.1748161315918,63.32704486850847,63.031046339027164,63.276304106964254,1607900
2018-08-13,62.83652114868164,63.25091899343159,62.726574254566586,63.13251960921732,4443700
2018-08-14,63.132511138916016,63.18325188183368,62.878794519764405,62.997193888093385,523700
2018-08-15,62.43058776855469,62.55744611948281,61.982360520587896,62.54052823147439,5321300
2018-08-16,62.90418243408203,63.13252874545655,62.78578303273356,62.78578303273356,3981500
2018-08-17,63.183258056640625,63.32702781047884,62.751942342843684,62.819600974867186,868000
2018-08-20,63.42851257324219,63.462341887555084,63.25937245395966,63.36931288626511,562200
2018-08-21,63.68223190307617,63.87674240326555,63.606114329576066,63.61457327158324,2397900
2018-08-22,63.851375579833984,63.961316022911305,63.724517251801636,63.724517251801636,980600
2018-08-23,63.55538558959961,63.868295527878495,63.504638380251144,63.67378499094029,892400
2018-08-24,64.01207733154297,64.08818847376509,63.809101381049295,63.851389650473145,907500
2018-08-27,64.68862915039062,64.72245846745811,64.3334309996058,64.40954857607825,1572300
2018-08-28,64.63789367675781,64.83241065270194,64.57869398012839,64.7732045037895,480900
2018-08-29,64.94234466552734,64.97617398200269,64.55331720448443,64.64634621172104,427100
2018-08-30,64.40109252929688,64.64635024985135,64.24886382179005,64.60406198854504,1676100
2018-08-31,64.3841781616211,64.51949544336838,64.09663861633277,64.31652597303056,1095100
2018-09-04,63.97822952270508,63.99514095421838,63.69068356872174,63.97822952270508,1106000
2018-09-05,63.55538558959961,63.716066804399986,63.32703927824013,63.66532604733497,770300
2018-09-06,63.420066833496094,63.67378351751704,63.15789765834888,63.555384118916145,2861100
2018-09-07,63.132511138916016,63.34393950411515,62.954912086422546,63.073311454751526,1308400
2018-09-10,63.284759521484375,63.45389968538699,63.2255598188901,63.394699982792716,1501400
2018-09-11,63.4116096496582,63.43698002572613,62.887264885884065,63.031034651790854,1023600
2018-09-12,63.529991149902344,63.623020137476985,63.20016344933081,63.35239211515467,1282900
2018-09-13,63.9274787902832,64.06279604403915,63.76679761680027,63.97822598658257,1026700
2018-09-14,63.96976852416992,64.08816789780293,63.79216946372041,64.0374271526122,1346500
2018-09-17,63.741432189941406,64.07971244601192,63.68223249990084,64.07971244601192,1616900
2018-09-18,64.18964385986328,64.29112533130386,63.919015848887184,63.93592727670037,2291100
2018-09-19,64.350341796875,64.4349183148502,64.20657203996903,64.20657203996903,844500
2018-09-20,64.95082092285156,65.00156168495029,64.67173382674036,64.7816742953823,781800
2018-09-21,64.93389892578125,65.09458659863976,64.90006960242769,65.02692795193263,1614400
2018-09-24,64.64634704589844,64.8239461204739,64.55331803746141,64.79857574586062,1491200
2018-09-25,64.73091888427734,64.90851796371521,64.69708956643927,64.90851796371521,786900
2018-09-26,64.6221694946289,65.09801769575778,64.57968026969432,64.75812334511764,489800
2018-09-27,64.6731185913086,64.91954170852162,64.62213673358943,64.63062938791447,3203500
2018-09-28,64.43521118164062,64.60515507303575,64.2992508821694,64.37573017135794,3139600
2018-10-01,64.63916015625,64.85159331128999,64.49470716672971,64.80061142862293,1335600
2018-10-02,64.33324432373047,64.48619642716794,64.21428229693957,64.34174346362818,908100
2018-10-03,64.33324432373047,64.64764767050312,64.22278143683727,64.57966751720997,733500
2018-10-04,63.62796401977539,64.0868203243174,63.29656888031907,64.0868203243174,7408800
2018-10-05,63.24559783935547,63.69595508123806,62.91420264314205,63.59398483511652,1482800
2018-10-08,63.10962677001953,63.16910778273052,62.591295935220394,62.905692795431,937200
2018-10-09,62.95668029785156,63.1691134312355,62.68476614643791,62.82922560417699,8102900
2018-10-10,61.172245025634766,62.81222912163625,61.07877392563378,62.78673818217142,2131600
2018-10-11,60.10157775878906,61.28270532045538,59.73619255376642,60.90032183634668,4100600
2018-10-12,60.78134536743164,61.01077669995223,60.04208247650234,60.99377842490649,2400400
2018-10-15,60.52643966674805,60.934307574567846,60.381980236574336,60.63690254116934,1724000
2018-10-16,61.72454833984375,61.80102761126651,60.968287177806694,61.027768174272225,2057100
2018-10-17,61.478145599365234,61.65658864792399,61.002297469875224,61.639596850275574,1384500
2018-10-18,60.52643966674805,61.30819189252225,60.263018223214935,61.21472081303365,1319500
2018-10-19,60.585933685302734,61.22323310071779,60.50945438432158,60.80685948159296,817600
2018-10-22,60.41598892211914,60.88334446354333,60.28003507194288,60.79837249681498,1248800
2018-10-23,59.99961853027344,60.25454089973661,59.005432958668365,59.48978027429226,2163700
2018-10-24,58.16416549682617,59.846638076394555,58.0876927119532,59.79565621981257,2745400
2018-10-25,59.132877349853516,59.4387815466928,58.43609700881826,58.640037462007136,1506200
2018-10-26,58.41060256958008,58.979928196905554,57.61185853280112,58.283141414717846,6324900
2018-10-29,58.01123046875,59.277336464266,57.339947550278225,58.97143226911593,3846700
2018-10-30,58.8609619140625,58.89495198883492,57.98573855824049,58.07920964312866,2275700
2018-10-31,59.39630889892578,59.829674331849866,59.33682787738287,59.39630889892578,2022600
2018-11-01,60.331016540527344,60.34800834057797,59.574755020838055,59.82967740221565,1574700
2018-11-02,60.20353698730469,60.81534532964837,59.73618807458466,60.67939152187394,1379400
2018-11-05,60.36498260498047,60.46695281354772,60.06757760033791,60.31400074216828,1388000
2018-11-06,60.67090606689453,60.71338880511797,60.35650268590531,60.37350096755065,1134200
2018-11-07,61.716064453125,61.73306273228271,61.01928411537092,61.172236213070306,663700
2018-11-08,61.22320556640625,61.61408158744954,61.104243580999245,61.50361225604162,2301700
2018-11-09,60.73886489868164,60.92580055052184,60.39047155968762,60.874818689378394,8658700
2018-11-12,59.66819763183594,60.54342078272241,59.57472656883424,60.54342078272241,1997300
2018-11-13,59.76166915893555,60.33948733336856,59.600217961052934,59.838141947653156,2990600
2018-11-14,59.5577392578125,60.28001696541405,59.19236055892527,60.118565739064024,2821200
2018-11-15,60.08457565307617,60.19503852832459,58.97992745176129,59.2773324873867,3535600
2018-11-16,60.20353698730469,60.35648907289061,59.668207929225694,59.7616790083584,1069300
2018-11-19,59.37930679321289,60.09308548871079,59.17537280147551,60.076087207681596,1191400
2018-11-20,58.2916374206543,58.84396474007397,58.104695267963635,58.572050649690276,2534400
2018-11-21,58.835472106933594,59.20935645365577,58.7505001598451,58.835472106933594,1527200
2018-11-23,58.46159744262695,58.74200423507061,58.41910822528536,58.453098302569764,708300
2018-11-26,59.31132125854492,59.35380398673401,58.98841881300212,59.0394071629498,1846400
2018-11-27,59.31982421875,59.31982421875,58.877966167757386,59.04791007592119,1696100
2018-11-28,60.45846939086914,60.4839603289013,59.26884258012714,59.498267505361056,6203200
2018-11-29,60.305503845214844,60.59440972247783,59.999599691087504,60.28001291286142,1799300
2018-11-30,60.42447280883789,60.48395381882563,60.04209581362293,60.14405955477686,1663800
2018-12-03,61.24870300292969,61.50361879177267,60.942798869963966,61.486626999026875,2607100
2018-12-04,59.447269439697266,61.09575213491137,59.396287577517136,61.010780203630226,2166000
2018-12-06,59.14137649536133,59.209356646431054,57.798797684982326,58.50407716570669,4867600
2018-12-07,58.05373001098633,59.46428921543326,57.90077788620226,59.16687762400387,2638600
2018-12-10,57.9262580871582,58.11320025867412,57.02554378761124,57.97724644126323,4363400
2018-12-11,57.951759338378906,58.65703893538826,57.61187149287834,58.52108509377705,3221100
2018-12-12,58.5805549621582,59.14137498681833,58.54656488749034,58.70800963848287,4430000
2018-12-13,58.470088958740234,58.88646253514062,58.29164591868759,58.69952035519665,5085600
2018-12-14,57.5523796081543,58.12169877314385,57.458908523401526,57.866776454191935,3496400
2018-12-17,56.60068130493164,57.57787495858763,56.328767169239434,57.36544183748608,4734800
2018-12-18,56.677146911621094,57.19548417985068,56.38824101546351,56.95756015173419,6226200
2018-12-19,55.94637680053711,57.41641667077781,55.6149816908947,56.838598392924254,4827600
2018-12-20,55.35157012939453,56.133322411317074,54.9352030527316,55.8614082922595,7203700
2018-12-21,54.39137268066406,55.84441430514641,54.246916487254225,55.30058608836742,8540700
2018-12-24,53.371551513671875,54.536081224972605,53.36298694583313,54.28776428688362,4146800
2018-12-26,55.35810852050781,55.35810852050781,53.20885921865695,53.65412203524129,11454600
2018-12-27,55.66636276245117,55.66636276245117,54.04800250190491,54.57889462113032,8538700
2018-12-28,55.726314544677734,56.25720025372005,55.469429726665304,56.00032196855992,8670500
2018-12-31,56.05167770385742,56.18868463672368,55.6663571376588,56.085929437073986,7320500
2019-01-02,55.98318862915039,56.12019559723734,55.15260838331752,55.24679250781254,2531200
2019-01-03,55.10978698730469,55.751992392036,54.97278003186009,55.751992392036,2947000
2019-01-04,56.89939880371094,57.044970333627134,55.820498378918074,55.90612446349427,2777900
2019-01-07,57.25048065185547,57.53305264215467,56.75384015972696,56.93365691732131,2345600
2019-01-08,57.712860107421875,57.79848618779653,57.22478426315009,57.652921197874505,1405400
2019-01-09,58.2523078918457,58.440689180614456,57.90123901692742,58.11530747546447,3081300
2019-01-10,58.517757415771484,58.517757415771484,57.8241776209058,57.892681103395454,1817200
2019-01-11,58.29511260986328,58.397861268514,58.0125407328746,58.09816679270006,5274500
2019-01-14,57.97829055786133,58.166671814241155,57.79847386754871,57.87553536360421,2259900
2019-01-15,58.50063705444336,58.50920162329584,58.11531638315656,58.12387441915713,2395100
2019-01-16,58.697574615478516,58.81745243100255,58.560567664679056,58.58625483474121,3137600
2019-01-17,59.03152084350586,59.23702473668528,58.41500263111661,58.449254368788345,2908600
2019-01-18,59.673736572265625,59.80217244473932,59.31409653078293,59.43398089984524,7013800
2019-01-22,58.826011657714844,59.22846141777891,58.53488168064363,59.20277424719629,4551800
2019-01-23,58.96302795410156,59.25415797730292,58.534890955615694,59.168531884176176,2361800
2019-01-24,59.14283752441406,59.245592743393985,58.87739470811347,59.031524270157675,2315600
2019-01-25,59.74222183227539,59.88779334733725,59.58809228262523,59.630908586970044,1552000
2019-01-28,59.35689926147461,59.37402186293574,58.98870126797941,59.22845688553896,4018600
2019-01-29,59.39116668701172,59.62235779849071,59.27128884656301,59.52816713344496,2179000
2019-01-30,60.230316162109375,60.427262076634456,59.51104906458021,59.72511758639525,2841500
2019-01-31,60.530006408691406,60.684135977931234,60.13612118348998,60.204618133156394,4554800
2019-02-01,60.538578033447266,60.7012722077347,60.38444842961,60.59851696089214,2453500
2019-02-04,60.85540008544922,60.86396465565645,60.34163693151526,60.48720196077351,1979500
2019-02-05,61.27495574951172,61.30064292023095,61.04376468018748,61.06088728304992,2158300
2019-02-06,61.018070220947266,61.22357409500512,60.93244415116069,61.18075779368665,1363500
2019-02-07,60.42724609375,60.73550520625797,60.06761264010774,60.632749991138276,2867600
2019-02-08,60.315940856933594,60.315940856933594,59.84498755779718,60.07618518931941,2493900
2019-02-11,60.315940856933594,60.47862846975637,60.187498454182574,60.42725412179676,1177700
2019-02-12,61.05234146118164,61.12083841918493,60.744082285183254,60.744082285183254,888300
2019-02-13,61.0780143737793,61.36058630793221,61.043762636350074,61.223579358215304,1181800
2019-02-14,61.069454193115234,61.30920983949166,60.79544680684913,60.90676006185206,1617500
2019-02-15,61.73735046386719,61.73735046386719,61.446220456751874,61.47190762998537,1658900
2019-02-19,61.8914680480957,62.01991042223641,61.54895722800401,61.566086362076376,3320900
2019-02-20,62.1226806640625,62.2425585001818,61.91717020255617,61.98567368972495,3021800
2019-02-21,61.8914680480957,62.03703302345826,61.70308677040274,62.03703302345826,817200
2019-02-22,62.28535842895508,62.362426473043875,62.071289965048855,62.105541703215984,7442800
2019-02-25,62.44805145263672,62.7819977278232,62.43092885028014,62.66211991277426,5360400
2019-02-26,62.51655197143555,62.696368685505654,62.37954502765795,62.37954502765795,2517700
2019-02-27,62.43949508666992,62.54225031285953,62.13123594095292,62.38812074000102,6202200
2019-02-28,62.233978271484375,62.41379498041705,62.17403936850681,62.37097867849717,4534700
2019-03-01,62.55080795288086,62.71349554359551,62.276800579578655,62.593617726078996,3100700
2019-03-04,62.3624267578125,62.81625085810983,61.90860265751517,62.80768629031618,1990600
2019-03-05,62.44805145263672,62.56792926768566,62.268234730063305,62.39667711271602,5713500
2019-03-06,62.0712776184082,62.4480401304534,62.02846785385292,62.439475564402436,2981800
2019-03-07,61.4119873046875,61.97712488545107,61.274980295500114,61.925750523432676,2713300
2019-03-08,61.24927520751953,61.29209151858616,60.863954539327274,61.00095497560715,1890300
2019-03-11,62.0712776184082,62.08840675051013,61.437636920482,61.45475951973416,1327200
2019-03-12,62.22542953491211,62.319620196817944,62.13980344213921,62.18261975495172,7052700
2019-03-13,62.58506774902344,62.73919734074201,62.379563804349544,62.439502727081624,2184900
2019-03-14,62.507999420166016,62.610754647751875,62.405244192580156,62.57650290522326,1487800
2019-03-15,62.99607849121094,63.07314654899448,62.74775824501187,62.77344541998898,5173200
2019-03-18,63.27865219116211,63.31290393634099,63.03033193825458,63.10739346526774,1979900
2019-03-19,63.28720474243164,63.62970906347401,63.1245106169407,63.492708641627296,2505000
2019-03-20,63.18444061279297,63.56120315220998,62.78199090620667,63.16731147944661,5408600
2019-03-21,63.56123352050781,63.62117245015722,62.86764701130369,62.86764701130369,1791000
2019-03-22,62.26823806762695,63.141634557347544,62.24255089628978,63.06457304333601,2787700
2019-03-25,62.251888275146484,62.44959807410749,61.9596290294206,62.208912446288174,1830600
2019-03-26,62.62154006958008,62.845036768731234,62.37225655094882,62.638735654696255,1246600
2019-03-27,62.389427185058594,62.802029248119226,62.04558776038037,62.65589962404323,4485800
2019-03-28,62.56135177612305,62.62152319142355,62.21751230660914,62.46679575805191,2197800
2019-03-29,62.896610260009766,62.930994871967215,62.638735507620076,62.88801902566601,5722400
2019-04-01,63.70463180541992,63.756205443902736,63.403774650613364,63.403774650613364,1496000
2019-04-02,63.69601821899414,63.739000612534724,63.48971715802283,63.704616009340754,2192600
2019-04-03,63.962486267089844,64.22895869832936,63.83354566680927,64.08282907850068,1667600
2019-04-04,64.04845428466797,64.07424109703283,63.842146669364425,63.97108728938105,924800
2019-04-05,64.30632019042969,64.33210699927534,64.1086169504854,64.18597737702235,4255100
2019-04-08,64.38369750976562,64.39229530015808,64.08284042795493,64.26335467704135,2056000
2019-04-09,64.03986358642578,64.21178006002485,63.96250314076412,64.21178006002485,1918400
2019-04-10,64.30632019042969,64.33210699927534,64.07423235262739,64.17738614620144,547400
2019-04-11,64.19458770751953,64.35791293970557,64.06564707990911,64.35791293970557,4428800
2019-04-12,64.65017700195312,64.71034842484313,64.49544954906553,64.60720116171355,1231300
2019-04-15,64.5470199584961,64.65017377466955,64.40089030422837,64.65017377466955,1106200
2019-04-16,64.69316101074219,64.8478884674813,64.59860497839087,64.8478884674813,2298400
2019-04-17,64.61578369140625,64.96822094814266,64.52122767414488,64.93383634566649,2417400
2019-04-18,64.66736602783203,64.7103418637142,64.38369796660096,64.66736602783203,1334200
2019-04-22,64.60718536376953,64.6243743840236,64.44386015949348,64.47824475819326,940900
2019-04-23,65.01980590820312,65.0455927250078,64.56422132280474,64.64158177321873,828700
2019-04-24,64.66736602783203,64.86506930091365,64.59859682058949,64.84788027819928,1478500
2019-04-25,64.6243896484375,64.70175009514098,64.32353253649089,64.61579185718382,1323200
2019-04-26,64.93384552001953,64.93384552001953,64.53843237296518,64.71894664282522,860800
2019-04-29,65.01980590820312,65.13155096708783,64.89946305765237,64.9682322745938,661300
2019-04-30,65.07998657226562,65.1229689785042,64.69317114889617,64.99402831798291,2146700
2019-05-01,64.65875244140625,65.32063786438923,64.6329656345381,65.25187523213778,1759900
2019-05-02,64.56421661376953,64.82209787939442,64.25476171829688,64.66737043165809,1587700
2019-05-03,65.1831283569336,65.20891517262979,64.8306910539037,64.88227124348931,946600
2019-05-06,64.72754669189453,64.78771811727998,63.910926995156565,64.03126984592747,2121800
2019-05-07,63.65303421020508,64.20317467428215,63.274810181830226,64.16019228626077,2874100
2019-05-08,63.64444351196289,63.96249616745891,63.463929266905915,63.61005890935313,3207800
2019-05-09,63.274810791015625,63.39515360880412,62.56134511541833,62.956758167893625,2215500
2019-05-10,63.58428192138672,63.721813794883516,62.5269765418969,63.12009955172241,4345900
2019-05-13,61.98544692993164,62.50120304227224,61.7963348251613,62.38086016799926,2660400
2019-05-14,62.630130767822266,62.87941425821638,62.29488903616652,62.34646266928481,2339900
2019-05-15,62.922386169433594,63.01694219637316,62.15734672106291,62.2175181420069,2164600
2019-05-16,63.386566162109375,63.67883202313524,63.06852004528428,63.07711127781977,1075100
2019-05-17,62.87941360473633,63.360784997353484,62.80204659766951,62.836431205455504,1197600
2019-05-20,62.52696228027344,62.76764792264047,62.337850258930224,62.57854245948915,1432800
2019-05-21,63.07709884643555,63.11148344437921,62.80202862107769,62.887993395032595,858100
2019-05-22,62.79344940185547,63.008348261467304,62.741869215977566,62.845023029540634,1143600
2019-05-23,62.088565826416016,62.25188445917273,61.78770225189299,62.25188445917273,1797600
2019-05-24,62.37223815917969,62.578545770574685,62.20032170787609,62.44100736297802,1167000
2019-05-28,61.88227462768555,62.65591184455514,61.87368339508182,62.45820856358408,7004400
2019-05-29,61.572818756103516,61.67597256943383,61.22038803739554,61.62439894186503,2104700
2019-05-30,61.787715911865234,61.91665653542531,61.54703024558912,61.72754449529621,1950500
2019-05-31,61.194583892822266,61.40088490286409,60.96248951810819,61.143003721668656,5620600
2019-06-03,61.28917694091797,61.55564951324189,61.03989339724293,61.32355499821572,6752800
2019-06-04,62.337867736816406,62.37225234653678,61.54704138782884,61.7447512541726,5617700
2019-06-05,62.55276107788086,62.66451268910349,62.183134753930226,62.66451268910349,1297700
2019-06-06,62.84502029418945,63.00834551900734,62.49258303183348,62.71607967239599,1528600
2019-06-07,63.481109619140625,63.72179524634479,63.145867987221756,63.18025258513542,1492300
2019-06-10,63.74761199951172,64.08285375441548,63.74761199951172,63.79918563620649,1249700
2019-06-11,63.92812728881836,64.34072950523574,63.78199105223464,64.28055807541679,1165600
2019-06-12,63.6186637878418,63.8421538924176,63.567083599083986,63.7819824706944,1197000
2019-06-13,63.79917526245117,63.92811589141621,63.62725223776685,63.85074889076006,863400
2019-06-14,63.49830627441406,63.627240321038265,63.4295370774201,63.618649090057716,920100
2019-06-17,63.58576202392578,63.75031460257639,63.51647603212807,63.568443829714276,712300
2019-06-18,64.36524200439453,64.53845045469873,64.00150029426841,64.00150029426841,2964600
2019-06-19,64.66838073730469,64.7463291900567,64.26999588846374,64.51249043928163,2419000
2019-06-20,65.3005599975586,65.44778778808958,64.9281560166719,65.36984599574134,1185300
2019-06-21,65.06673431396484,65.2919105489926,65.01477310875758,65.11870212664988,1372300
2019-06-24,65.04074096679688,65.19663115935016,64.98877977177126,65.09270876929895,1266800
2019-06-25,64.47782897949219,65.09273419571196,64.44319257426316,65.04942877795708,1174700
2019-06-26,64.5124740600586,64.82425457694603,64.48649345156453,64.77229335995789,2807300
2019-06-27,64.79825592041016,64.85887952583747,64.65102810829775,64.70298931081332,1396200
2019-06-28,65.09271240234375,65.17065419923235,64.94547799575942,65.0320821947946,2162300
2019-07-01,65.65567016601562,65.95879489927727,65.42183807112077,65.83754104148485,1929100
2019-07-02,65.75093841552734,65.75093841552734,65.51710631491066,65.60371055189907,1356800
2019-07-03,66.17530059814453,66.19261879998267,65.89815650890422,65.92414372287958,614900
2019-07-05,65.91547393798828,65.95877934895307,65.43914084728765,65.77690190888336,1645700
2019-07-08,65.60371398925781,65.68165582438728,65.49112913602188,65.57773337754799,1202700
2019-07-09,65.4997787475586,65.56040237164812,65.17934242343374,65.24862184562215,1009700
2019-07-10,65.8202133178711,66.0280647729914,65.65566067018325,65.79423271191588,830700
2019-07-11,65.85484313964844,65.9847527508863,65.65564752142006,65.96742794540003,1243600
2019-07-12,66.08002471923828,66.08002471923828,65.84618607854496,65.98475810376735,1012300
2019-07-15,66.09735107421875,66.16663709537895,66.01074685150783,66.15797469086426,922900
2019-07-16,65.87215423583984,66.10599283235283,65.8028748437958,66.06268743078328,1135800
2019-07-17,65.56038665771484,65.94145312207223,65.56038665771484,65.90681011554176,844000
2019-07-18,65.828857421875,65.87215621727039,65.35252442018833,65.48243402132803,2275700
2019-07-19,65.56905364990234,66.00208135062087,65.53441064094746,65.95878254503602,1258500
2019-07-22,65.63834381103516,65.73361043980492,65.52575898043396,65.64700621569025,837400
2019-07-23,66.06269836425781,66.08867896650874,65.77689852454235,65.95877595525414,2255100
2019-07-24,66.27920532226562,66.28786772461052,65.8548401120438,65.8548401120438,917500
2019-07-25,65.80288696289062,66.20992741821775,65.69895794446879,66.20992741821775,1666700
2019-07-26,66.1319808959961,66.18394209776422,65.9760906832144,65.9760906832144,3182700
2019-07-29,66.07136535644531,66.20993078056674,65.93279332484575,66.16663197630048,1470100
2019-07-30,65.69029235839844,65.7682407703077,65.47377853611796,65.61235055396666,1640900
2019-07-31,65.09271240234375,65.81153320106483,64.59039879747216,65.74225380632281,2355500
2019-08-01,64.57308959960938,65.74226969532796,64.36523815019474,65.21397536381201,2228300
2019-08-02,63.97550964355469,64.34791369997362,63.66372919597243,64.34791369997362,4096800
2019-08-05,62.19142150878906,63.022833704030745,61.75839391080005,63.01417790945425,3968800
2019-08-06,62.88428497314453,62.9016031743637,62.26938641394682,62.6504463080753,5379400
2019-08-07,63.0661506652832,63.17007968653982,61.96626327209879,62.40794674561394,2830100
2019-08-08,64.04478454589844,64.06210935147828,63.25667768642642,63.39524309367847,1530300
2019-08-09,63.5511474609375,63.9148957768793,63.27400997723064,63.84560975408288,2156600
2019-08-12,62.88428497314453,63.299987877189885,62.69375172234102,63.22204606048583,1542000
2019-08-13,63.68104934692383,63.975511604210475,62.66776616496633,62.78035098269116,1021700
2019-08-14,61.81903076171875,62.7197291515064,61.78438775355635,62.58981952276697,2370900
2019-08-15,62.044219970703125,62.21742844021633,61.65449761055864,62.113506001500234,2286200
2019-08-16,62.90159225463867,62.970878262444344,62.44258401601149,62.485889422759385,559500
2019-08-19,63.43856430053711,63.59445455219595,63.377940680863055,63.58579214724852,1595700
2019-08-20,63.09214401245117,63.44722995119181,63.06616340375879,63.369281517635365,1418500
2019-08-21,63.620445251464844,63.74169251004601,63.48187978772067,63.6550882692709,803500
2019-08-22,63.49051284790039,63.78497509005231,63.17007661104637,63.71568907925449,1239000
2019-08-23,62.18278121948242,63.66373518098333,62.02689098103609,63.23936327175374,2166600
2019-08-26,62.789031982421875,62.84965561107122,62.442608415505624,62.72840835377253,1345400
2019-08-27,62.589813232421875,63.17873109703928,62.47722842281764,63.10945169515534,2222300
2019-08-28,62.9102668762207,62.95357229137958,62.29536830434086,62.48590155907407,2509600
2019-08-29,63.61177444458008,63.70704107909581,63.25669512204985,63.49052720201082,1025900
2019-08-30,63.724342346191406,63.97549914371643,63.45586074471198,63.949511937784834,1302300
2019-09-03,63.38660430908203,63.44722792992603,63.06616139463282,63.274012865029526,2041200
2019-09-04,64.16602325439453,64.1833480576792,63.871567673319795,63.97549667059842,712200
2019-09-05,64.89352416992188,65.08405739393048,64.70299094591327,64.70299094591327,1038700
2019-09-06,65.00611877441406,65.12736600659959,64.91085214805706,64.98880057302124,1003700
2019-09-09,65.0580825805664,65.19664800559761,64.85888693570371,65.19664800559761,981200
2019-09-10,65.08406066894531,65.08406066894531,64.65969539887611,64.93683284570386,1245000
2019-09-11,65.54306030273438,65.56037850010578,65.13601328599702,65.29190349224798,896100
2019-09-12,65.83753204345703,66.01940950154862,65.56905696981111,65.77690842658606,1226400
2019-09-13,65.96743774414062,66.20127640059842,65.90681413088828,66.04538616545265,1006300
2019-09-16,65.72493743896484,65.8375222514151,65.61235262651459,65.67297623436899,2051300
2019-09-17,65.85484313964844,65.87216133765742,65.50841971217322,65.58636812190686,651400
2019-09-18,65.80288696289062,65.82886756562664,65.26593027892785,65.78556215608143,638200
2019-09-19,65.84619140625,66.16663428489585,65.8115483971414,65.94145802942909,4272100
2019-09-20,65.62966918945312,66.08867743854762,65.49975957372435,66.01073563359687,1045300
2019-09-23,65.61237335205078,65.71629579406935,65.38719704854424,65.46513888005816,1033200
2019-09-24,65.18118286132812,65.84318125383811,65.03310479818532,65.84318125383811,3594000
2019-09-25,65.32054138183594,65.43378300831287,64.74564740404018,65.059228353978,1501300
2019-09-26,65.34669494628906,65.4599366124957,65.07666939574284,65.4599366124957,4895900
2019-09-27,64.93729400634766,65.45992681281865,64.65855606652067,65.45992681281865,1898200
2019-09-30,65.17247772216797,65.31185001763471,64.98955656859549,64.98955656859549,943100
2019-10-01,64.47561645507812,65.32925497753081,64.42335517769945,65.27699370015213,3799800
2019-10-02,63.41294479370117,64.048812607294,63.151625066207004,63.96170824667485,2382600
2019-10-03,63.900718688964844,63.909431116558004,62.93384524081161,63.43905971105358,2867100
2019-10-04,64.58016967773438,64.61501275749276,63.99656304446671,64.06624920398349,3743000
2019-10-07,64.37110900878906,64.73695132757715,64.32755350366033,64.4582133734095,2932500
2019-10-08,63.52616882324219,64.05751397055222,63.50003818413441,63.97040962498111,1967800
2019-10-09,64.05752563476562,64.22302857343202,63.865892052233335,64.04881320493139,4600900
2019-10-10,64.50176239013672,64.65855288893636,64.02267846446104,64.07493974884879,2487000
2019-10-11,65.36412048339844,65.79093656833018,65.25088546165999,65.2770161093198,2290900
2019-10-14,65.19860076904297,65.32054819054831,65.13762705829029,65.21602562676433,751400
2019-10-15,65.8780288696289,66.02611358862617,65.39023914767048,65.45121286291528,1263700
2019-10-16,65.84318542480469,65.95642707078771,65.69510735228158,65.81705478208137,1224100
2019-10-17,66.0261001586914,66.25257011460074,65.88672789754548,66.10449207135959,1265200
2019-10-18,65.82577514648438,66.06967003548421,65.60801090335777,65.95643502148779,2231000
2019-10-21,66.28742980957031,66.28742980957031,66.12193351498507,66.1916130174035,853800
2019-10-22,66.10449981689453,66.46163629370062,66.08708160502798,66.40066258371372,1015800
2019-10-23,66.29613494873047,66.31355316101033,66.0086846038417,66.1045013854713,877400
2019-10-24,66.43550109863281,66.59229159291097,66.27000482096533,66.57487338049614,1254100
2019-10-25,66.68811798095703,66.74038591700248,66.29614501162042,66.33970051738544,1559200
2019-10-28,67.04524993896484,67.106223655487,66.91459007623546,66.93200828996893,1248500
2019-10-29,66.9842758178711,67.12364146380713,66.87103416955914,66.88845902882404,1058300
2019-10-30,67.19331359863281,67.26299972988839,66.65325604985495,67.00168006049759,1530300
2019-10-31,66.99296569824219,67.13233129726895,66.66195993998913,67.13233129726895,2494800
2019-11-01,67.65498352050781,67.66369594973139,67.35882738326949,67.35882738326949,595200
2019-11-04,67.9772720336914,68.16019316035151,67.9162983248047,68.10793188005887,1222400
2019-11-05,67.98599243164062,68.13407050691814,67.87275078355118,68.0905150044781,1460800
2019-11-06,67.9772720336914,68.05566395413037,67.78563847843725,67.93371653635697,995500
2019-11-07,68.19506072998047,68.41282500361856,68.11666213573888,68.29958997375653,1312000
2019-11-08,68.24729919433594,68.24729919433594,67.85532629119203,68.0121167815768,898400
2019-11-11,68.0730972290039,68.09051544271006,67.76822864687139,67.87275122038159,777400
2019-11-12,68.12535095214844,68.30827208111914,67.97727289235823,68.07308967119565,1553600
2019-11-13,68.0033950805664,68.073081210266,67.63755286809621,67.76821269987417,1057900
2019-11-14,68.02082061767578,68.02082061767578,67.74208271448563,67.88145498889862,923100
2019-11-15,68.49991607666016,68.49991607666016,68.21246569634688,68.31699491981632,649000
2019-11-18,68.5260238647461,68.56957935473997,68.264710861687,68.45633773900978,1002500
2019-11-19,68.54347229003906,68.74381166338118,68.38668177603188,68.74381166338118,981000
2019-11-20,68.2037582397461,68.4476531095581,67.90759543666239,68.34312388865148,3309700
2019-11-21,68.12535095214844,68.22988015968996,67.90758675399722,68.22988015968996,780800
2019-11-22,68.2734146118164,68.34310073547933,68.0469446783637,68.34310073547933,1035600
2019-11-25,68.79605865478516,68.81347686408907,68.49118350406917,68.5434514232509,1387100
2019-11-26,68.85706329345703,68.90061215910094,68.6654296768375,68.78737713366121,1275500
2019-11-27,69.13578033447266,69.15319854632381,68.93543434718671,69.02253869771435,4083700
2019-11-29,68.70895385742188,68.8657443378134,68.67411079004204,68.82219548781528,698500
2019-12-02,68.22117614746094,68.75252138815306,68.09051628332347,68.72639074445291,1349300
2019-12-03,67.86404418945312,67.87274997332791,67.34140474895815,67.65498575500051,3234400
2019-12-04,68.37796783447266,68.46507219685417,68.16891603562966,68.23859553815275,1299600
2019-12-05,68.43894958496094,68.53476638851708,68.20376711436526,68.51734817225126,1227500
2019-12-06,69.04867553710938,69.11836168204191,68.90059746335517,68.95286539487284,1497500
2019-12-09,68.81349182128906,69.08351732081958,68.78736117883598,68.96156989228086,1074900
2019-12-10,68.75251770019531,68.92672641260937,68.60443963007972,68.78736077180541,1684500
2019-12-11,69.04867553710938,69.13578654109331,68.83091131842265,68.85704860699975,1081300
2019-12-12,69.68453216552734,69.78906135620419,69.02252724917707,69.10092580359341,2525600
2019-12-13,69.8064956665039,70.19846859209225,69.57131324027819,69.76294016560014,2941100
2019-12-16,70.3988265991211,70.51206161689257,70.27687915055566,70.36398352158275,2190200
2019-12-17,70.37269592285156,70.4510878630518,70.31172219859442,70.39882656958498,5313900
2019-12-18,70.3988265991211,70.47722518499175,70.34656530563234,70.47722518499175,1062400
2019-12-19,70.58173370361328,70.58173370361328,70.32912642603814,70.35525706757416,866900
2019-12-20,70.7907943725586,70.877905382801,70.7211148682565,70.82563744752815,1877600
2019-12-23,70.8882064819336,70.92331349291813,70.80922072920166,70.92331349291813,3628500
2019-12-24,70.86189270019531,71.01987093463731,70.78290693096386,70.91455657566203,1185700
2019-12-26,71.18660736083984,71.19538578691862,70.96719358071051,71.01107901512725,750100
2019-12-27,71.2743911743164,71.44992626437724,71.14274153076553,71.44114783587945,1034800
2019-12-30,70.85310363769531,71.4060239750144,70.78288961823267,71.36213853885589,1041500
2019-12-31,71.08131408691406,71.11642110895826,70.74780742146383,70.86190022112264,1034700
2020-01-02,71.80096435546875,71.80096435546875,71.37091521476839,71.46745781516726,946100
2020-01-03,71.1515121459961,71.44113999080768,70.91454817040915,71.00231235781253,2310500
2020-01-06,71.41480255126953,71.41480255126953,70.79166819318047,70.80043992364863,2641500
2020-01-07,71.19539642333984,71.34459620908336,71.08129695520101,71.34459620908336,1339100
2020-01-08,71.48502349853516,71.73077261400492,71.1602953139129,71.16906704605276,3532800
2020-01-09,71.83609008789062,71.84486851639053,71.61667624724589,71.8097614983699,2239700
2020-01-10,71.68687438964844,72.00283078580475,71.59033178549082,71.96772377556765,2477100
2020-01-13,72.1959228515625,72.1959228515625,71.704431357537,71.82730255704882,1698100
2020-01-14,72.16961669921875,72.32759496140963,71.97653141254321,72.06429562576474,1731100
2020-01-15,72.1783676147461,72.34512425895511,72.02916782570556,72.05549641247997,1667500
2020-01-16,72.69618225097656,72.69618225097656,72.4153328531624,72.49431860755801,2916400
2020-01-17,72.91559600830078,72.91559600830078,72.7049539380838,72.90681758138062,3340500
2020-01-21,72.4504623413086,72.65231935137173,72.39779845939569,72.50311952724161,1517600
2020-01-22,72.54698944091797,72.87171761259233,72.48554714251637,72.70496096488164,1433800
2020-01-23,72.4679946899414,72.51188013141723,71.99406004511117,72.29246631599462,3729800
2020-01-24,71.89749908447266,72.6698398031072,71.64297832001142,72.6698398031072,1141800
2020-01-27,70.5634765625,70.87943295738702,70.34406277138277,70.52836955240394,1518300
2020-01-28,71.2568130493164,71.35335563696799,70.74777153187648,70.87942112376287,909600
2020-01-29,71.18660736083984,71.51134216598304,71.11639334416394,71.49378531382548,2018100
2020-01-30,71.18660736083984,71.23049279525658,70.3967164131788,70.61613019330814,2065300
2020-01-31,69.9754638671875,70.80923376969282,69.69461442356665,70.75657659150733,3320800
2020-02-03,70.36161804199219,70.71268147248891,70.21241826022393,70.21241826022393,5620700
2020-02-04,71.52013397216797,71.6605620449387,71.27439154079825,71.36215573829043,2612700
2020-02-05,72.16961669921875,72.26615264657627,71.86243190897297,72.24860248232406,1321100
2020-02-06,72.39778900146484,72.4680030375228,72.22226060729896,72.4680030375228,1473100
2020-02-07,71.80974578857422,72.090595175319,71.72198161071228,72.02915958121787,1224200
2020-02-10,72.1871337890625,72.1871337890625,71.616656620531,71.68687063732997,1236700
2020-02-11,72.54698944091797,72.81906043793778,72.41533980830313,72.6084250433411,863100
2020-02-12,72.99458312988281,73.04724699641238,72.80149790988955,72.90681894697076,1581500
2020-02-13,72.73128509521484,72.92436360466675,72.43287886064837,72.56452847307543,1397200
2020-02-14,72.78394317626953,72.83660034351097,72.52064394810728,72.83660034351097,1184300
2020-02-18,72.4679946899414,72.582087463409,72.23980244702797,72.45921626245058,838200
2020-02-19,72.85416412353516,72.9594784680313,72.70495764220202,72.71373606956942,933200
2020-02-20,72.4504623413086,72.80151917550185,71.89753510509239,72.63476918805402,1752800
2020-02-21,71.86239624023438,72.22223804061036,71.7131964822147,72.20468118909221,1559700
2020-02-24,69.39618682861328,69.94910711783099,69.22065849120422,69.44007226095398,4228900
2020-02-25,67.74622344970703,69.861369512426,67.58824520758027,69.75605514832776,4673800
2020-02-26,67.63211059570312,68.82572225679334,67.49168923932797,68.16748082733821,3064200
2020-02-27,65.13079071044922,67.21083591695997,65.13079071044922,66.39461632412437,3975100
2020-02-28,64.92015075683594,64.92015075683594,62.74356309761435,63.3491472774094,5141500
2020-03-02,66.70181274414062,66.70181274414062,64.30581047170563,64.9991590655899,5925800
2020-03-03,65.41162872314453,67.7374159063681,64.90258719553039,66.97385361494689,3966100
2020-03-04,67.59699249267578,67.6584280815067,66.04354592024994,66.64913007870972,2844800
2020-03-05,65.6661605834961,66.71934412565571,65.23611141831164,66.13131675954955,3932900
2020-03-06,64.50765228271484,64.7709515010352,63.38425478370556,63.99861069848336,4001100
2020-03-09,59.4172477722168,61.29542915624764,59.26804801179777,60.11937453274182,6982500
2020-03-10,62.11164855957031,62.164312418901496,59.496240107999306,61.76059187590654,4453900
2020-03-11,59.03986358642578,60.65475266994107,58.43428603908823,60.400231853126996,8103600
2020-03-12,53.00159454345703,56.03828059163386,53.00159454345703,55.39759272699461,8389500
2020-03-13,57.22310256958008,57.22310256958008,53.185890961832605,56.77550334656536,4975000
2020-03-16,50.56172561645508,53.5282016584404,50.35108685780965,50.904010669763096,5240200
2020-03-17,53.46675109863281,53.57207212909083,50.14921564294682,51.59734800585131,6849400
2020-03-18,50.061458587646484,51.325281001044026,48.025298580955834,49.73672371951836,6248500
2020-03-19,50.55293655395508,51.60612342966014,48.66597994347276,49.68405980879027,4913100
2020-03-20,49.175018310546875,52.08005814073985,49.06092554851898,51.6675591377487,6390600
2020-03-23,48.00400161743164,49.3433207262069,47.3167207257728,49.01730329827218,5791400
2020-03-24,52.39204025268555,52.42728629386822,50.75313631141377,51.10559000074549,5687800
2020-03-25,53.59037399291992,55.05305095933522,51.88979131156845,52.86784701922364,5777600
2020-03-26,56.30425262451172,56.48047607410584,53.9868779608832,54.11023572009781,3795000
2020-03-27,54.42744827270508,55.76676745153507,53.942827019616225,54.41863508267325,4055400
2020-03-30,55.87250900268555,55.94300108653022,54.33933979153956,54.79752825278724,4027900
2020-03-31,55.33501052856445,56.21614128016977,54.841579458863606,55.520047179702274,5273400
2020-04-01,52.89426803588867,53.995681269094725,52.59468350200677,53.48462727673527,3587000
2020-04-02,53.97807693481445,54.26885174241085,52.72687268227233,52.91190936278953,2834800
2020-04-03,53.035255432128906,53.96925518081722,52.54182439310228,53.5727456949945,1618400
2020-04-06,56.28662872314453,56.61264613326873,54.8856308088986,55.10591347867785,2734700
2020-04-07,56.49810791015625,58.3572943896904,56.45404868225485,58.2868023140459,6051000
2020-04-08,57.855045318603516,58.066514805510764,56.47166365812347,56.96510142423209,2127600
2020-04-09,58.930023193359375,59.40583461356447,58.357293573616325,58.69212084450395,2124300
2020-04-13,58.401344299316406,58.81547682220287,57.64357132605479,58.806663632515445,1975800
2020-04-14,59.80234909057617,60.00500540752062,59.29129161937764,59.520387506896704,2635700
2020-04-15,58.242733001708984,58.630432628131175,57.93433862727913,58.3837171285873,2544600
2020-04-16,58.47184371948242,58.69212643189081,57.89910732272163,58.54233580085188,1694700
2020-04-17,60.01382064819336,60.13717842511196,59.28248045467973,59.84640364130611,2116700
2020-04-20,59.11505889892578,60.01381603016786,59.053380015212625,59.167931315318576,1943400
2020-04-21,57.4409065246582,58.41896203798366,57.291109212104544,58.07532163843613,2132200
2020-04-22,58.700927734375,58.93883005769753,58.339660932392675,58.59518963373525,3702300
2020-04-23,58.65687942504883,59.6966140793904,58.57758087668551,59.01814629424559,2181800
2020-04-24,59.300106048583984,59.42346382386528,58.533519825769154,59.00051807826186,5313200
2020-04-27,60.30459976196289,60.463203589745476,59.71423696146957,59.81997508748967,1913700
2020-04-28,60.30459976196289,61.3090884304209,60.26935371995619,61.18573064464501,1752700
2020-04-29,62.022789001464844,62.260698053397604,61.40600020477565,61.546977620093024,3462200
2020-04-30,61.0711784362793,61.60866880467133,60.77159716733687,61.56461629467717,2688700
2020-05-01,59.48512268066406,60.10191134937498,59.20316118604017,59.9785536156328,2026500
2020-05-04,59.661338806152344,59.70539801531793,58.8418872621094,59.088602699457134,1491800
2020-05-05,60.08430099487305,60.63941088261406,59.96974970832013,60.23409159152634,1702000
2020-05-06,59.73185729980469,60.560122396917045,59.70542445159803,60.48963032003632,1449400
2020-05-07,60.54249572753906,60.87732300738301,60.357459068481006,60.47200365099473,1956200
2020-05-08,61.6086540222168,61.67033289940535,61.07997697167302,61.220961103814524,2241500
2020-05-11,61.599849700927734,61.864184874157885,61.12403832212106,61.15047116719471,1860100
2020-05-12,60.54249572753906,61.952303645953606,60.54249572753906,61.80251302516771,1998300
2020-05-13,59.696598052978516,60.75395208226287,59.21197353476896,60.59534830562092,4021400
2020-05-14,59.96974563598633,59.96974563598633,58.295602897676645,58.81546671752183,2938000
2020-05-15,60.08430099487305,60.08430099487305,59.35296094416345,59.50275154081674,2069600
2020-05-18,62.19900131225586,62.4633431620648,61.59102581368326,61.59102581368326,2254800
2020-05-19,61.57341384887695,62.36643286140778,61.5646073816501,62.13733698612241,2272400
2020-05-20,62.63957977294922,62.895108488917394,62.42811028205946,62.45454312810894,1865500
2020-05-21,62.10210037231445,62.701269572000314,61.84657163925047,62.472173686754275,2811900
2020-05-22,62.04041290283203,62.05803255810807,61.617467228779596,61.899428770650076,1387900
2020-05-26,63.221126556396484,63.75861681126081,63.15944767743633,63.68812474316531,2384400
2020-05-27,64.0758285522461,64.11107458858051,62.9039230534798,63.96127725353576,3038100
2020-05-28,64.11106872558594,64.8864612865506,64.00533062625253,64.50757483372269,2453300
2020-05-29,64.2520523071289,64.35779041661876,63.3797347519434,64.03176962089562,3597400
2020-06-01,65.08032989501953,65.14200879014633,64.34017643100262,64.44591456086086,1849700
2020-06-02,65.80286407470703,65.82929692939922,65.29180647567101,65.39754461693587,1445300
2020-06-03,66.97474670410156,67.19502938013696,66.36676436704585,66.41963005809633,2180000
2020-06-04,66.64872741699219,67.05404674328081,66.31390016201304,66.65754060652935,2087900
2020-06-05,68.25237274169922,68.70175121203853,68.03209010050249,68.03209010050249,3076700
2020-06-08,69.10710144042969,69.11591463232578,68.26121652578952,68.48149926572172,2550400
2020-06-09,68.38455963134766,68.65770801898469,68.09378486370511,68.28763470880014,3963700
2020-06-10,68.18189239501953,68.78106155089628,67.97042290544358,68.57840525078004,2512800
2020-06-11,64.2961196899414,66.4813204499923,64.19038156703768,66.41083509055142,2674200
2020-06-12,65.26532745361328,66.1552710262003,64.15510128441998,66.00548047390593,2519800
2020-06-15,65.66187286376953,65.91740163595856,63.67932830393657,63.89080456384877,1668800
2020-06-16,66.78089904785156,67.42412071822051,65.82927624299708,67.41531425108789,1642000
2020-06-17,66.6839828491211,67.15098112298699,66.54299868663598,67.09811542330252,1784300
2020-06-18,66.62229919433594,66.76327662424454,66.2345994977221,66.32271123172677,1032100
2020-06-19,66.31389617919922,67.38006348436885,66.09361351145772,67.36243710635316,5600000
2020-06-22,66.89823150634766,66.95135804270717,66.16338309388536,66.40242886568791,1910300
2020-06-23,67.17269897460938,67.65964606313425,67.13728353556687,67.54455095234931,1509600
2020-06-24,65.56132507324219,66.78312716376038,65.18946638934236,66.62376108631858,2140700
2020-06-25,66.29618072509766,66.34045171171272,65.10093838933685,65.51706134622343,3250300
2020-06-26,65.02128601074219,66.10143369140278,64.9238952031543,66.10143369140278,2432400
2020-06-29,65.8003921508789,65.8003921508789,64.81763548041656,65.26917397206819,1407100
2020-06-30,66.2253646850586,66.53524136476736,65.51706934160572,65.58790022691201,1530800
2020-07-01,66.66802978515625,66.87166008253477,66.33158654718672,66.42897729977756,2043200
2020-07-02,67.27011108398438,67.93413557837634,67.17272028442237,67.57113227913497,2156400
2020-07-06,68.50960540771484,68.64241163300926,68.20858426819902,68.37680593722563,1159200
2020-07-07,67.70392608642578,68.44763014116063,67.65080629817479,68.06692256414964,984900
2020-07-08,68.37681579589844,68.39452014291457,67.65966477783074,67.90756616489368,1029300
2020-07-09,67.9429702758789,68.56273039492115,67.24353047635121,68.53617050142599,1400500
2020-07-10,68.49188995361328,68.50074550181124,67.65079525451932,67.93411200361663,1143700
2020-07-13,67.9429702758789,69.45694499834835,67.81016405359807,68.9611423069586,1939000
2020-07-14,68.73979949951172,68.80177483471356,67.5179971391877,67.71277869405202,2276100
2020-07-15,69.46578979492188,69.73140219836846,69.01425141098429,69.50120523236835,1977000
2020-07-16,69.07623291015625,69.15591934023226,68.77521179716932,68.89030691305175,1258800
2020-07-17,69.32413482666016,69.4480854803686,68.94342731746879,69.32413482666016,872400
2020-07-20,69.88191223144531,70.00586288420143,69.22674353047663,69.3772540724228,1103800
2020-07-21,70.14753723144531,70.56365349483022,69.98817111287902,70.40428737626391,1923300
2020-07-22,70.43085479736328,70.48397458586615,70.00587622492449,70.1121225567355,4607500
2020-07-23,69.68714141845703,70.55480287595368,69.40382463219782,70.28919043360848,2197400
2020-07-24,69.3153076171875,69.50123367376342,68.97887095597488,69.24447671330901,987300
2020-07-27,70.05900573730469,70.08557239004871,69.51893196321475,69.66944930953946,1042800
2020-07-28,69.5809097290039,70.0501593765086,69.53664548250406,69.85537777845126,1152700
2020-07-29,70.46627044677734,70.59022789020334,69.87307690055187,69.91734789854728,1215200
2020-07-30,70.00585174560547,70.06782706212267,69.00539113474122,69.49233812028984,1177300
2020-07-31,69.73140716552734,70.12096349557974,68.91686555584434,70.06784371302815,1005300
2020-08-03,70.54593658447266,70.62561625216028,70.10325375117522,70.20064451488497,759500
2020-08-04,70.90010070800781,70.90010070800781,70.3423158851231,70.38658688068097,908400
2020-08-05,71.37818908691406,71.5552595347198,71.2365273248258,71.36047798925073,817000
2020-08-06,71.68807983398438,71.71463973089354,71.08603073642168,71.27195676959172,937800
2020-08-07,71.44015502929688,71.44900382216089,70.97091232496307,71.23651796176144,1119200
2020-08-10,71.63492584228516,71.67919006440043,71.1745319996279,71.55523943479334,809900
2020-08-11,71.41361236572266,72.2812671119301,71.27195058808574,72.21043622311164,1119400
2020-08-12,72.4848861694336,72.62654115697273,72.18385834435698,72.21041823234533,756400
2020-08-13,72.29010009765625,72.58227235673199,72.07761425232992,72.33436432324748,618300
2020-08-14,72.15730285644531,72.2635491696812,71.95366577811087,72.05105654320943,645900
2020-08-17,72.59996795654297,72.63538338563464,72.44060190303163,72.48487287809684,1953700
2020-08-18,72.6619644165039,72.87445029809406,72.30781677731738,72.77705952844767,1114300
2020-08-19,72.29896545410156,72.84788785857177,72.2015746878625,72.80362362697484,795100
2020-08-20,72.31665802001953,72.42290431719891,71.6437783141562,71.7323135177375,1014900
2020-08-21,72.38750457763672,72.4140644689887,71.9713816003103,72.00679704038112,747900
2020-08-24,73.14006805419922,73.18433904538023,72.82133583114961,73.15777239778869,1014900
2020-08-25,73.3968276977539,73.4233875915376,72.98956023185858,73.38797214822429,902900
2020-08-26,73.97232055664062,74.02544034688364,73.41453573986706,73.52078207515856,1137600
2020-08-27,73.80409240722656,74.17594441592072,73.44994474212527,74.17594441592072,1193800
2020-08-28,74.34414672851562,74.36185106750092,73.91916829003428,74.1228053397823,670600
2020-08-31,73.91917419433594,74.23790635995493,73.8040790947305,74.1670754887499,703500
2020-09-01,74.47697448730469,74.4858232819591,73.90148535892898,74.08741136874788,788300
2020-09-02,75.31804656982422,75.42429286685015,74.50351189036786,74.91077923009604,975100
2020-09-03,73.0604019165039,74.94623588588124,72.62657445259745,74.90196488240217,1936100
2020-09-04,72.7859115600586,73.56503092477918,71.2630815135012,73.28171417808042,1680800
2020-09-08,71.10372924804688,71.90941541380909,71.03290511370285,71.51985227829282,5736900
2020-09-09,72.40522766113281,72.82135074616562,71.90056933040938,72.05107992356406,1165400
2020-09-10,71.38703155517578,72.94527702604407,71.23652101239752,72.76820659392895,1690800
2020-09-11,71.67034149169922,72.12187983194777,71.12141915140037,71.92709832224043,1383700
2020-09-14,72.57343292236328,72.79477436387114,72.28126059841978,72.36094702986107,964300
2020-09-15,72.99842071533203,73.3348641032783,72.82135022521751,73.22861775632587,1527100
2020-09-16,72.87447357177734,73.61818452706602,72.83020932449524,73.31715657343761,850200
2020-09-17,72.4848861694336,72.70622757574147,71.87398172648668,71.96251693804909,1495100
2020-09-18,71.84742736816406,72.63540229488153,71.39588897319877,72.59998685657011,1102200
2020-09-21,70.80015563964844,70.80015563964844,69.74130986377489,70.63109440457154,1526500
2020-09-22,71.1293716430664,71.17385679279275,70.31076478360508,70.89802578353277,782500
2020-09-23,69.75909423828125,71.28062465868216,69.69680960546422,71.2361327258775,1298000
2020-09-24,69.79469299316406,70.3997466782459,69.08286273241491,69.40318567090038,2157300
2020-09-25,70.55989074707031,70.62217537038744,69.25190686889601,69.44766048175404,1632200
2020-09-28,71.6721420288086,71.75221937290533,71.33401958435533,71.52977325461421,853200
2020-09-29,71.41410064697266,71.77001577864151,71.23613968687998,71.60095456368259,653800
2020-09-30,71.75224304199219,72.30391204120063,71.43191998290587,71.45861243974322,2826100
2020-10-01,72.3305892944336,72.43736588785802,71.92128920241635,72.30389684320689,1120000
2020-10-02,71.86788940429688,72.19711210549562,71.21835053599372,71.25394272978684,1544400
2020-10-05,73.05130767822266,73.08689987361738,72.34837709334016,72.34837709334016,671000
2020-10-06,72.30389404296875,73.53179427146546,72.18821770744287,73.17587909568577,1662700
2020-10-07,73.32715606689453,73.46951808048051,72.95344135563035,72.98013380889533,1301300
2020-10-08,73.93219757080078,73.94109731739499,73.56738942264955,73.73645066535147,771200
2020-10-09,74.49276733398438,74.57284468899687,74.18134408362846,74.33260583544165,1570100
2020-10-12,75.31134033203125,75.53378640030604,74.83085600993587,74.90204038102746,1123400
2020-10-13,74.82198333740234,75.10672092478826,74.62623642885112,75.08892143131779,1542600
2020-10-14,74.49276733398438,75.16900552655558,74.38599073878332,74.98214478782431,1262200
2020-10-15,74.13685607910156,74.2169402268885,73.25597118455374,73.38944023851992,1095000
2020-10-16,74.17245483398438,74.70632430850883,74.17245483398438,74.43939296550595,808500
2020-10-19,73.46953582763672,74.66185107345842,73.33606674055312,74.51948223696398,1024900
2020-10-20,73.8165283203125,74.40378940460927,73.71865147292971,73.84322077168642,724200
2020-10-21,73.62967681884766,74.24363037491965,73.60298436658677,73.80763102626551,1557000
2020-10-22,73.91441345214844,74.01229031050144,73.2025829893118,73.67417457433915,813700
2020-10-23,74.25251007080078,74.25251007080078,73.71864075538579,74.25251007080078,629900
2020-10-26,72.93563842773438,73.56738462436662,72.24160758604027,73.39832339269138,1766400
2020-10-27,72.62420654296875,73.02460681512159,72.5708148617697,72.9712219224389,1093100
2020-10-28,70.37305450439453,71.39630806120424,70.30187690199062,71.27173877135094,3092300
2020-10-29,70.98701477050781,71.45859952545847,70.12392261664667,70.435352659517,2031400
2020-10-30,70.28407287597656,70.76455730092204,69.65232672146956,70.58660312361633,2499300
2020-11-02,71.15605926513672,71.3518129185042,70.53320611455692,71.05818243845299,1582000
2020-11-03,72.49964904785156,72.80217254023096,71.88569552817664,72.01026482368786,1643400
2020-11-04,73.86102294921875,74.57284656962382,72.99793078466797,73.24706939123564,2079700
2020-11-05,75.42704772949219,75.65839365748369,75.05333977632657,75.20460154948617,1110600
2020-11-06,75.51602172851562,75.74736083764871,75.10672162560579,75.48932248806076,1452200
2020-11-09,76.72612762451172,78.9505890833301,76.64604348196508,78.93278959008968,2239200
2020-11-10,76.77952575683594,77.02866439698907,76.1388796601457,76.77062600868224,1293400
2020-11-11,77.2688980102539,77.40236706936605,76.95747473133781,77.17102794132457,2748100
2020-11-12,76.4502944946289,77.20661007949155,76.16556368190939,77.00196341424962,1582600
2020-11-13,77.52691650390625,77.61590037951211,76.91296985102876,76.9930471928541,813400
2020-11-16,78.51457214355469,78.52347188817923,77.98960261548123,78.3277182375362,916500
2020-11-17,78.35443115234375,78.59467680035551,77.85615393945695,78.14088474518053,1684700
2020-11-18,77.67821502685547,78.61248498498128,77.67821502685547,78.47012294834654,1112100
2020-11-19,78.15866088867188,78.18536012386284,77.34896058930704,77.60699888802141,1064700
2020-11-20,78.03409576416016,78.3188265247,77.99851035904489,78.17646453868848,1330900
2020-11-23,78.41671752929688,78.71034808843051,77.99852445271878,78.4968016765688,684900
2020-11-24,79.60901641845703,79.64460861134316,78.85270098804759,79.0484478661463,1575200
2020-11-25,79.48446655273438,79.57344366242519,79.0573669222928,79.35099749393899,1076700
2020-11-27,79.87594604492188,79.95603017440317,79.7068916178241,79.71578457447583,530300
2020-11-30,78.97726440429688,79.65349565336864,78.75481830666418,79.63570295250513,1392400
2020-12-01,80.15180206298828,80.35644872877785,79.83147904925688,79.99164055612258,1401800
2020-12-02,80.20518493652344,80.27636933521934,79.66241577637345,79.76919237441732,1337900
2020-12-03,80.47212219238281,80.76574595401394,80.29416119751171,80.4632224455098,1197200
2020-12-04,81.24622344970703,81.24622344970703,80.76573898777472,80.80133118367904,938800
2020-12-07,80.98818969726562,81.1483511936268,80.76574355168165,80.98818969726562,896500
2020-12-08,81.24622344970703,81.34410029131458,80.7123540881769,80.7479462840812,1458700
2020-12-09,80.7479248046875,81.57542447092078,80.40980921631304,81.57542447092078,795800
2020-12-10,80.97928619384766,81.11275522152089,80.27635565071758,80.40092493294146,765000
2020-12-11,80.76573944091797,80.81913112933262,80.24076982254782,80.55219305281123,1008600
2020-12-14,80.5877685546875,81.45976020730417,80.56997585458001,81.2906990079615,1032200
2020-12-15,81.62882232666016,81.63772207181228,80.97038374424979,81.13944495955757,1446700
2020-12-16,81.8245849609375,81.9847464486548,81.50426198550291,81.7356078652095,1264800
2020-12-17,82.34954833984375,82.3851337416921,82.16268764330086,82.24277176875012,1117100
2020-12-18,82.09152221679688,82.42073814655433,81.70891459932203,82.37625299339324,1537200
2020-12-21,81.50252532958984,81.66365085337026,80.32988691731856,80.65213796487939,3064100
2020-12-22,81.42196655273438,81.54728565713292,81.11762210758906,81.43987318443644,940900
2020-12-23,81.79792022705078,82.06646505560339,81.77106711007126,81.83372665948305,898800
2020-12-24,81.98588562011719,82.01274556213278,81.69049455172146,81.86951985555993,769300
2020-12-28,82.3618392944336,82.64828384206395,82.31707955943206,82.50505815356041,1175300
2020-12-29,82.52299499511719,83.03322474582245,82.36186945124292,82.97951167827823,849800
2020-12-30,82.80940246582031,83.15850651590198,82.79149584155265,82.8720619920048,1304000
2020-12-31,82.87210083007812,82.96161350523815,82.54089641966875,82.87210083007812,3220900
2021-01-04,82.39765167236328,83.70455544222742,81.7083899480286,83.64189590632219,6892800
2021-01-05,83.3017349243164,83.46286041433814,82.47820767726178,82.47820767726178,1267400
2021-01-06,83.89256286621094,84.56391819410395,83.04217535325206,83.13169486047478,1569100
2021-01-07,84.74292755126953,84.88615327228281,84.19689144131839,84.22374455666382,1538600
2021-01-08,85.51273345947266,85.51273345947266,84.59969355386556,85.39636770396085,3344100
2021-01-11,84.74292755126953,85.09203170951656,84.4117300228383,84.46543625352915,1083300
2021-01-12,85.06517028808594,85.14573645563368,84.48332780469478,84.77872570340719,1844300
2021-01-13,85.13680267333984,85.36058776987804,84.82350490406222,85.06518980339662,785600
2021-01-14,85.28001403808594,85.70968439034793,85.21735448977466,85.42323976529946,1882400
2021-01-15,84.39381408691406,84.82348437319587,83.93729068824794,84.64445224167115,1439500
2021-01-19,85.12782287597656,85.26209525800631,84.83242500138653,85.17258261311217,5679400
2021-01-20,86.15725708007812,86.228869945793,85.57541449755769,85.66492716501189,1916800
2021-01-21,86.18408966064453,86.30940873109398,85.85289218704688,86.2825556201944,1099200
2021-01-22,85.78130340576172,85.94242894574276,85.47695212829572,85.52171187860452,1246700
2021-01-25,85.96926879882812,86.0408816565205,84.78768396441599,85.78129016941915,1162500
2021-01-26,85.71863555908203,86.14829907120586,85.557510034691,86.06773972369953,1649200
2021-01-27,83.65982055664062,84.67132674513309,83.27490991334186,84.572867584642,3260300
2021-01-28,84.3401107788086,85.02041924337402,83.86568756527217,84.00890644606724,5314400
2021-01-29,82.68412017822266,83.86570521835195,82.2275966676743,83.59716036994017,3117200
2021-02-01,84.09842681884766,84.21479942638828,83.20328653624416,83.62400356176835,2581600
2021-02-02,85.26211547851562,85.39638789238901,84.84139843542236,84.84139843542236,1328100
2021-02-03,85.39639282226562,85.63807771768711,85.02043550521928,85.40534613820837,1290900
2021-02-04,85.98715209960938,85.98715209960938,85.38740989761297,85.4679760544026,957000
2021-02-05,86.51531982421875,86.55112625924693,86.09460274936163,86.41685383523605,975700
2021-02-08,87.11503601074219,87.15084243498751,86.75697859766612,86.87335118380769,1048700
2021-02-09,87.38359069824219,87.51785626768343,87.00762661567303,87.07028615787156,847600
2021-02-10,87.37464904785156,87.92068520106506,86.88231912958405,87.84907233488455,1397000
2021-02-11,87.82220458984375,87.92067055709687,87.24931541457704,87.81325127571773,856400
2021-02-12,88.24293518066406,88.24293518066406,87.55367330359438,87.58052642073604,1006100
2021-02-16,88.35929870605469,88.78896905747379,88.14446694503441,88.68154976227437,1096400
2021-02-17,88.0728530883789,88.17131906719,87.48206404489078,87.85802132978127,763800
2021-02-18,87.59842681884766,87.71479259464125,86.90021850532962,87.44625461295337,1212700
2021-02-19,87.82220458984375,88.21606845885623,87.69688550959026,87.93857035597122,1006300
2021-02-22,86.88230895996094,87.51785770681933,86.87336247476966,87.05238778988712,812700
2021-02-23,87.0434341430664,87.28512582986824,85.36952628203578,86.4615916270886,2447600
2021-02-24,87.59842681884766,87.66108636417933,86.26466973714325,86.52426123333963,1553900
2021-02-25,85.60227966308594,87.73271832699318,85.32478830610832,87.45522014063584,2147600
2021-02-26,84.8951187133789,85.76340606010473,84.42964867491114,85.67389337917399,3535500
2021-03-01,86.90916442871094,87.12400300792561,86.0319307997414,86.0587839147987,5662400
2021-03-02,86.3452377319336,86.9002272100197,86.23781843087144,86.85546746056573,1937400
2021-03-03,85.43219757080078,86.4616035143933,85.39639113711546,86.24677174166031,2358900
2021-03-04,84.18795013427734,85.80815193397528,83.34651604501254,85.35162845688707,3340100
2021-03-05,85.3426742553711,85.53960621714408,83.20328945134379,84.98462359328778,5813600
2021-03-08,84.7339859008789,85.79919823684125,84.67131952232599,85.20840917739523,2303200
2021-03-09,86.04983520507812,86.49740535832713,85.57541193533474,85.7454907789705,3154600
2021-03-10,86.4526596069336,86.73015093954888,86.09460208877829,86.5332189630945,2126700
2021-03-11,87.5626220703125,87.82221357149413,87.01658595220259,87.08819881377926,1134300
2021-03-12,87.57156372070312,87.58051020517475,86.84649554523163,87.04342747364667,1809700
2021-03-15,87.93859100341797,88.0012505582568,87.043450603218,87.50892743577438,1152100
2021-03-16,87.86697387695312,88.21607804263985,87.65213529085482,88.16236498142607,2499700
2021-03-17,88.24293518066406,88.42196051452753,87.18666932036065,87.41045440237934,1325900
2021-03-18,86.95391082763672,88.09968909008053,86.83754507045566,87.64317254541682,1429200
2021-03-19,87.0434341430664,87.35673185801508,86.38998559894173,86.91811505708694,1042500
2021-03-22,87.43206024169922,87.70130562649685,87.0371756837758,87.05512218073818,1902500
2021-03-23,86.34608459472656,87.18073677005113,86.1576156321942,87.03714430453736,2397200
2021-03-24,85.65505981445312,86.67818128774442,85.62813664629194,86.417912583529,2231200
2021-03-25,86.14864349365234,86.25634298384534,84.93705332954912,85.38579093456457,5577300
2021-03-26,87.49486541748047,87.54871859177966,86.27429845699412,86.46276744905836,2400000
2021-03-29,87.16281127929688,87.34230361623138,86.62432057410587,87.06408843982477,2314400
2021-03-30,87.14485168457031,87.19870485954165,86.63329102909877,86.88458302165417,2491800
2021-03-31,87.31536865234375,87.67436012489951,87.0909998378955,87.0909998378955,3108400
2021-04-01,88.46414947509766,88.48209597024531,87.87181927451105,87.8897657696587,2552200
2021-04-05,89.47828674316406,89.54110974173112,89.00262591870013,89.02057925954404,2396300
2021-04-06,89.2898178100586,89.51418664041157,89.03852581561418,89.05647915647067,1418300
2021-04-07,89.15518188476562,89.2808347104962,88.92184326587586,89.11928890277666,1481400
2021-04-08,89.7206039428711,89.7385504355273,89.36161246501071,89.57700461284976,1327600
2021-04-09,90.05265808105469,90.05265808105469,89.47827450210761,89.55007416127408,851200
2021-04-12,89.86420440673828,89.94498074884743,89.60393573335428,89.8372812417664,1347000
2021-04-13,90.20525360107422,90.33089960822599,89.82830873242507,89.90908507827626,1460700
2021-04-14,90.16934967041016,90.60911067547805,90.03472699823203,90.29499567185812,1588300
2021-04-15,91.03988647460938,91.06680963505727,90.67191835597518,90.73474134608439,1537700
2021-04-16,91.3899154663086,91.4437617955777,91.0040007964287,91.34503896045538,1856200
2021-04-19,90.97706604003906,91.33605065235129,90.66294423347699,91.26425783820439,1489000
2021-04-20,89.95397186279297,90.61810181177643,89.63984996183554,90.50142561523978,2455600
2021-04-21,90.86936950683594,90.88731599915887,89.68470244493082,89.79240194044685,1256300
2021-04-22,90.29500579833984,91.11170489934352,90.06166026354124,90.86938954000235,1949100
2021-04-23,91.34504699707031,91.57839252308875,90.60014075640757,90.60911742780668,1260500
2021-04-26,91.61428833007812,91.69505782753374,91.38094281432787,91.44376581696905,1371700
2021-04-27,91.51557159423828,91.57839460106943,91.30017940613065,91.45274858740713,1776700
2021-04-28,91.68606567382812,91.95530411363497,91.43476687727282,91.59631268003376,1102200
2021-04-29,91.89250946044922,92.24252433315623,91.1924797150352,92.23354766157051,1835400
2021-04-30,90.92322540283203,91.44376274850259,90.7168099070205,91.29119358252127,1458400
2021-05-03,91.34504699707031,91.56043918029054,91.25530082466139,91.49761617488488,2103400
2021-05-04,90.45654296875,90.78861131918889,89.71163677157809,90.68988848114472,2336800
2021-05-05,90.86039733886719,91.16554250101832,90.57320551712131,91.02194316654882,2042100
2021-05-06,91.46172332763672,91.4706931518559,90.39372538686558,90.91426277372832,1754900
2021-05-07,92.32327270507812,92.43096534269446,91.56041333693777,91.70401265001571,1461800
2021-05-10,91.3899154663086,92.39508346436345,91.34503896045538,92.35919047631302,1627700
2021-05-11,90.59117126464844,90.7437404430229,89.67574250001351,90.0885803723648,2563200
2021-05-12,88.63468170166016,90.10654096399486,88.46415916670364,89.7834492383902,3037200
2021-05-13,89.4603271484375,89.74751893514227,88.82312058566107,88.88594357502798,2045500
2021-05-14,90.9052963256836,91.04888884847374,90.1603900000749,90.1603900000749,2134200
2021-05-17,90.72579193115234,90.72579193115234,90.25013102783673,90.51937640758247,1834700
2021-05-18,90.56421661376953,91.23732294609871,90.50138678278145,91.12962346793704,1608100
2021-05-19,90.08858489990234,90.12448474024066,89.03854024698549,89.40650847505748,2229100
2021-05-20,91.12067413330078,91.30914314122542,90.40269793842505,90.40269793842505,1684000
2021-05-21,90.99502563476562,91.54248614872466,90.779633466924,91.38991698180324,1424800
2021-05-24,91.72197723388672,91.91942290472151,91.3270927394106,91.43478539827069,820700
2021-05-25,91.73992919921875,92.19764353408962,91.58736003665958,92.1437903582738,1441400
2021-05-26,91.96427154541016,92.00914119060847,91.67707979681362,91.76682593440165,1037400
2021-05-27,92.09893798828125,92.30535351820966,92.02713830517804,92.15278432701133,3351900
2021-05-28,92.35918426513672,92.60149957774534,92.26046143665354,92.39507725077334,2042200
2021-06-01,92.70919799804688,93.20280528752923,92.57457533829972,93.17588212501838,1777700
2021-06-02,92.84381866455078,92.96946466096556,92.61048001246235,92.79894900708452,1945500
2021-06-03,92.33226013183594,92.5476591425232,91.90147580484827,92.25149063822329,1320100
2021-06-04,93.2117919921875,93.23871515759677,92.80793081666108,92.80793081666108,1089300
2021-06-07,93.27461242675781,93.2835890973784,92.98742059164027,93.20281275618007,2347800
2021-06-08,93.24768829345703,93.43615729137076,92.89767346201819,93.39128078592748,1691000
2021-06-09,93.00535583496094,93.37332396676422,92.9784326735495,93.36434729722953,1159100
2021-06-10,93.46307373046875,93.57974305015544,93.04125925955036,93.29255123868654,1129800
2021-06-11,93.63360595703125,93.63360595703125,93.2835911143884,93.52590644883591,682500
2021-06-14,93.79515838623047,93.79515838623047,93.40026700896085,93.60668936904108,776300
2021-06-15,93.60668182373047,93.78617415500618,93.36435964459538,93.78617415500618,808400
2021-06-16,92.99639892578125,93.64257543095943,92.54766124743348,93.63360560737185,1342800
2021-06-17,92.75406646728516,92.99638862117047,92.18865952020747,92.78996629923827,2006200
2021-06-18,91.38094329833984,91.90148066423453,91.34504346132707,91.7578813161834,1880300
2021-06-21,92.63914489746094,92.65718772397827,91.60190257502084,91.79131096552037,1690300
2021-06-22,92.8736572265625,93.05404421109395,92.23327448575674,92.44974024345896,1175200
2021-06-23,92.73836517333984,93.1532607500938,92.69326498575512,92.96385234861846,1217400
2021-06-24,93.41483306884766,93.48699062137442,93.27953937819072,93.32463956885069,1791200
2021-06-25,93.78463745117188,93.83875217610947,93.58620761796989,93.69443706784507,1420700
2021-06-28,93.6854248046875,93.79365425718522,93.41483741079665,93.78463972369259,1475400
2021-06-29,93.70345306396484,93.80266797482865,93.55012343129268,93.74855325302029,2118200
2021-06-30,93.4509048461914,93.53207692571249,93.27953239210588,93.36972588534789,1358200
2021-07-01,93.79364776611328,93.79364776611328,93.38777358468916,93.56816058058371,1770500
2021-07-02,94.19051361083984,94.19953502562487,93.71248184708224,93.87483290659645,1671300
2021-07-06,93.71247863769531,94.15443160850043,93.2164040613568,94.15443160850043,2211600
2021-07-07,93.94699096679688,94.09129919751608,93.38778022961715,93.98306286348421,1579000
2021-07-08,92.8736572265625,93.08110157064144,92.23327448575674,92.54895514934798,1888700
2021-07-09,94.2446517944336,94.25367321146405,93.45996054590766,93.55917548926783,19201700
2021-07-12,94.47010803222656,94.4791294462949,94.01913366732778,94.08226980316071,5587400
2021-07-13,94.0281753540039,94.48817123214678,93.96503920455875,94.28974136779793,2079100
2021-07-14,94.10031127929688,94.5512856377162,93.91090287451946,94.50618544934524,2474300
2021-07-15,93.69444274902344,93.91992995836667,93.25248974548128,93.7395429434215,2629900
2021-07-16,92.9728775024414,93.87482623983881,92.83758381556724,93.84776887872853,1249700
2021-07-19,91.56583404541016,91.78230669989924,90.98858739608498,91.77328528563147,2989100
2021-07-20,92.66622161865234,92.89170882798031,91.35839855707952,91.52977103819231,4600700
2021-07-21,93.6132583618164,93.62227977577588,92.87366068756005,92.92777540867162,2103300
2021-07-22,93.71247863769531,93.80267213848694,93.36071916768182,93.80267213848694,1329400
2021-07-23,94.32579803466797,94.37089134151373,93.79364471583655,94.05521066830318,1372900
2021-07-26,94.21756744384766,94.21756744384766,93.91992269900284,93.94698694234391,1308800
2021-07-27,93.604248046875,93.7575776957538,92.9097504787441,93.7575776957538,7796300
2021-07-28,94.10031127929688,94.33481299112265,93.61325814644528,93.80266655122269,945800
2021-07-29,94.56031036376953,94.79481898219754,94.4791382735387,94.5242384667714,1013200
2021-07-30,94.0281753540039,94.4340496173908,93.82072407364168,93.99209657127464,1685000
2021-08-02,94.10031127929688,94.69559385412265,94.01913231649364,94.56932158427104,1941400
2021-08-03,94.79481506347656,94.79481506347656,93.84777297664978,94.35286208962407,1381900
2021-08-04,94.48815155029297,94.82186817870826,94.41599399986484,94.68658137330895,1415100
2021-08-05,94.95716857910156,95.00226877163851,94.65952382353348,94.74070279383534,2093800
2021-08-06,94.87599182128906,95.06540023424165,94.73167671733114,94.9481424919451,1431500
2021-08-09,94.83087921142578,94.98420882830804,94.64147082327909,94.89401534080801,819100
2021-08-10,94.90303039550781,95.05636000211709,94.78577267642416,94.93008775181279,4168900
2021-08-11,95.28185272216797,95.28185272216797,94.93009330697566,95.28185272216797,918100
2021-08-12,95.28185272216797,95.28185272216797,94.8669571781289,95.11950169351599,872400
2021-08-13,95.49833679199219,95.49833679199219,95.2187348650633,95.3810859248692,1706000
2021-08-16,95.28185272216797,95.28185272216797,94.59636983660161,94.99322943582244,938100
2021-08-17,94.38894653320312,94.59639091077612,93.79365700175335,94.47914004003154,1048900
2021-08-18,93.75756072998047,94.65049486055635,93.69442459884782,94.34382873696767,1076600
2021-08-19,93.27052307128906,93.53208215190904,92.74739114740346,92.82856323146011,1493200
2021-08-20,93.8387451171875,93.86580247762093,93.00895395105675,93.09914744627574,983600
2021-08-23,94.82186889648438,94.9210838087434,94.31677980230958,94.31677980230958,817800
2021-08-24,95.33599090576172,95.43520582998957,95.04736754836894,95.09246774349928,849600
2021-08-25,95.50733184814453,95.57948938399343,95.18262981814581,95.29086612191918,1210200
2021-08-26,94.87599182128906,95.34500214650649,94.8038342693101,95.25480864719424,1956000
2021-08-27,95.88617706298828,95.94029867160718,95.0834431619293,95.11050052557704,1229500
2021-08-30,96.1116714477539,96.25598657308636,95.8320694940772,95.98539915374998,1968200
2021-08-31,96.15676879882812,96.31009845396285,96.06657528882674,96.25598372422677,973700
2021-09-01,96.62577056884766,96.86027917901207,96.48146234197017,96.571655843934,2074400
2021-09-02,96.92340087890625,97.06771596560682,96.70693513017746,96.86026474880526,1171900
2021-09-03,97.09479522705078,97.1759673206394,96.78812903929415,96.85126518363762,1002600
2021-09-07,96.83320617675781,97.09477210713281,96.77007004744812,97.06771474904609,1865800
2021-09-08,96.3461685180664,96.64381326733528,95.98538762937595,96.57165571333256,1694600
2021-09-09,96.0936050415039,96.64379424013809,96.00341155741933,96.25595606538484,2416000
2021-09-10,95.60655975341797,96.70693824027076,95.55244503482596,96.61674474884332,4446400
2021-09-13,95.94930267333984,96.2830261781186,95.53440708652775,96.2830261781186,2947900
2021-09-14,95.3810806274414,96.21989324296402,95.22775099095261,96.21989324296402,1213900
2021-09-15,95.95832061767578,96.0394995780965,95.20970155315351,95.40813136604592,1187400
2021-09-16,95.7418441772461,95.9222311426656,95.20067639966597,95.63360786920141,1328200
2021-09-17,94.79481506347656,95.58853439109109,94.63246400840296,95.47127664606273,2404300
2021-09-20,93.08523559570312,93.45648633661361,92.08013184805121,93.14862020553683,2573100
2021-09-21,93.37499237060547,94.02694537976646,93.15766779248096,93.80962771004613,2169400
2021-09-22,94.27143859863281,94.79662932654382,93.86396708362864,93.91829477672132,2765200
2021-09-23,95.33088684082031,95.6025391708985,94.71514754659472,94.7694821576538,1641000
2021-09-24,94.98677062988281,95.08637599301557,94.61551302031464,94.66984761464388,1506400
2021-09-27,94.92340087890625,95.08639087058882,94.60647781408036,94.81473858164965,1803100
2021-09-28,92.94942474365234,94.07224097752915,92.78643473321817,94.03602020760984,2896900
2021-09-29,92.84073638916016,93.42931164552562,92.72302410124847,93.20293707833918,2192500
2021-09-30,92.20692443847656,93.32974077229304,92.14353981257739,93.17580766773878,2984100
2021-10-01,92.94942474365234,93.23918399460138,91.7270031195988,92.43329086201172,4217900
2021-10-04,91.8628158569336,92.7230435376028,91.36479584977192,92.65965892184023,2211800
2021-10-05,92.57815551757812,92.96752011027122,91.9171455468881,92.08013553704811,1784800
2021-10-06,92.57815551757812,92.60531936453735,91.18368713696576,91.51872403574039,2895800
2021-10-07,93.49271392822266,93.99979084392346,93.27539623698014,93.31161700358804,1723500
2021-10-08,93.40216064453125,93.80963215812808,93.29349835031667,93.72814061877051,1050600
2021-10-11,92.91319274902344,93.91829654054143,92.90413583053639,93.44743349688012,1126600
2021-10-12,92.84073638916016,93.26632168081524,92.69586025853067,93.1123886331453,2157800
2021-10-13,93.50177764892578,93.63760380648507,92.74115531163692,93.21201840338844,2559800
2021-10-14,94.79662322998047,94.82378707477984,94.21710484624677,94.33481714317878,2171600
2021-10-15,95.4666976928711,95.54818923377975,95.1769384778548,95.27654385567959,1207600
2021-10-18,95.55724334716797,95.57535718355236,94.86001263126623,94.97772493414708,2182500
2021-10-19,96.24543762207031,96.29070840260476,95.87417991629863,95.96473529417834,1219100
2021-10-20,96.59855651855469,96.67099803877045,96.31785426322315,96.34501810620316,867100
2021-10-21,96.55329132080078,96.57140515739773,96.17298365311883,96.25448210099611,1136700
2021-10-22,96.60762786865234,96.96982170703488,96.18204250930778,96.6619555627288,917400
2021-10-25,96.92455291748047,97.02415829759802,96.36314140303647,96.67101446205568,1475300
2021-10-26,96.8792724609375,97.45879088773037,96.77966708366955,97.2958008984196,1441300
2021-10-27,96.308837890625,97.01512573905585,96.29072404874361,96.8702495460373,891800
2021-10-28,97.17809295654297,97.19619988576633,96.5442468076517,96.5714106556892,1574000
2021-10-29,96.95172119140625,97.00604888907624,96.44464425740608,96.55329965274606,1216100
2021-11-01,97.54933166503906,97.58554551644329,97.06036177023945,97.2686225036297,856100
2021-11-02,97.56745147705078,97.6398930062341,97.3320199614072,97.40446149059052,1453400
2021-11-03,98.21941375732422,98.27374145130072,97.34107919321282,97.44974148957044,1325100
2021-11-04,98.38240051269531,98.50916973340853,98.04736362457929,98.27373821991067,1453100
2021-11-05,98.69933319091797,98.98003550581718,98.32807550233053,98.81704550494553,1287600
2021-11-08,98.90760040283203,99.05247656490708,98.79893809997196,98.90760040283203,1950000
2021-11-09,98.63593292236328,99.00718364363382,98.31900988996064,98.92569211033198,1157000
2021-11-10,97.6851577758789,98.61782686287222,97.3953985853618,98.34617459933567,1606700
2021-11-11,97.99303436279297,98.23751588213695,97.965870517133,98.09263973581571,2232300
2021-11-12,98.64498901367188,98.6902597845479,98.1016844959281,98.23751062536404,1331300
2021-11-15,98.59066772460938,98.92570463465408,98.44579156648521,98.89854078678111,1201200
2021-11-16,98.76271057128906,98.98002825372711,98.50011520532432,98.55444289883269,2741000
2021-11-17,98.40052032470703,98.64500878838349,98.21942338809174,98.64500878838349,2227400
2021-11-18,98.43672943115234,98.50011404229855,97.80288331969017,98.44578634943166,1547600
2021-11-19,97.99303436279297,98.40050586450104,97.92964975345161,98.2194089544984,1379800
2021-11-22,97.4316177368164,98.52726987373156,97.42256081927385,98.19223991710037,2155500
2021-11-23,97.41352081298828,97.73044387548136,96.75250393258445,97.32297235347663,1823800
2021-11-24,97.46784973144531,97.46784973144531,96.56235130814433,96.73439821926102,2264400
2021-11-26,95.01394653320312,95.89228107864278,94.73324424241892,95.75645493818432,2741300
2021-11-29,95.85606384277344,96.21826459452845,95.30370925073811,96.01905383564296,2551500
2021-11-30,94.41631317138672,95.74739689714279,94.03600550928623,95.38519616296902,4756700
2021-12-01,93.42025756835938,96.17297321803453,93.37498679858803,95.62061870463634,5115600
2021-12-02,94.8600082397461,95.17693127775682,93.69191454958872,93.75529915719086,3838000
2021-12-03,93.98169708251953,95.27656030945332,93.20296776235483,95.14073414274445,3064700
2021-12-06,95.01394653320312,95.3037057422591,93.93640123621167,94.43442811509121,4751200
2021-12-07,96.9788818359375,97.07848721731146,96.2454303080064,96.28165107472466,2283100
2021-12-08,97.341064453125,97.40444905596763,96.806823787509,97.05130528178672,1987900
2021-12-09,96.47178649902344,97.06036175610784,96.42650882216942,96.90642179984633,3240900
2021-12-10,96.96076965332031,97.03321118283182,96.33597355099135,96.87927120551873,1997800
2021-12-13,95.9828109741211,96.73437615202955,95.91942637528564,96.6800415613112,1996400
2021-12-14,95.38519287109375,95.81077820093006,94.87811600579303,95.36708594379193,3442300
2021-12-15,96.5895004272461,96.61666427045834,94.79661769120085,95.43046372749893,2172200
2021-12-16,96.04620361328125,97.1871333962335,95.71116675801646,97.06036418795033,3196000
2021-12-17,95.1678695678711,95.98281941629396,94.84188962850195,95.32180262023881,3214700
2021-12-20,94.29662322998047,94.36048482837515,93.56677042513358,94.18714322113577,5029900
2021-12-21,95.89318084716797,95.92054911233404,94.74366498744237,94.92613168920444,3430800
2021-12-22,96.77809143066406,96.7872095422749,95.74717406661561,95.79279246623194,3575600
2021-12-23,97.39849853515625,97.6356948079785,96.92409206872576,96.9697104844801,2463700
2021-12-27,98.42941284179688,98.42941284179688,97.54446844333769,97.61745512701114,1446500
2021-12-28,98.31991577148438,98.6939672401701,98.21044272534576,98.50238244903548,4291800
2021-12-29,98.35640716552734,98.48413035709595,98.00060585181596,98.29254556974304,2018900
2021-12-30,98.27430725097656,98.68484510701454,98.18307738967839,98.4476488597177,2003100
2021-12-31,98.00973510742188,98.50238470751734,98.00973510742188,98.23781323929613,1916200
2022-01-03,98.57537841796875,98.61186479652842,97.90026208793884,98.44765521183179,2673100
2022-01-04,98.61186218261719,99.0589003526396,98.24694272355178,99.01328194006017,2012100
2022-01-05,96.93321990966797,98.75784522561466,96.91497671908151,98.61187185935019,2950400
2022-01-06,96.84195709228516,97.38021803639528,96.27632093101805,96.787213618362,4125800
2022-01-07,96.70511627197266,97.15214740771653,96.23983499005641,96.86020771248094,2552000
2022-01-10,96.38580322265625,96.38580322265625,94.88048642101388,95.9935086253845,4144400
2022-01-11,97.49882507324219,97.535318403134,96.03000160695383,96.44966446012322,2876400
2022-01-12,98.037109375,98.30168085942795,97.56270989421404,98.02798430025625,2019700
2022-01-13,96.82373046875,98.34729774929565,96.67776407707413,98.23781773524435,1416900
2022-01-14,96.81461334228516,96.86022479497748,95.91141887803035,96.31283863992138,2047900
2022-01-18,95.1541976928711,95.82018192816142,94.97173101441395,95.71982699510801,3048900
2022-01-19,94.61593627929688,95.8384387487009,94.5338314885689,95.56474219215583,2741700
2022-01-20,93.84046936035156,95.97527738432761,93.7309893487147,95.09034005840103,3274500
2022-01-21,92.24391174316406,93.91344518569828,92.16180000382404,93.57588707577432,4396700
2022-01-24,92.12532806396484,92.18918966661566,88.67678063964279,90.78422744790504,8305400
2022-01-25,91.2130126953125,92.11620017965339,89.8262937080572,90.88457961729901,6116800
2022-01-26,90.80245971679688,92.9098993112173,90.0634888377958,92.32601988280305,3391100
2022-01-27,90.11822509765625,91.94285004625554,89.88102190542864,91.4319572879731,4984000
2022-01-28,91.60530090332031,91.65091235180495,89.32451966732957,90.20945694016474,4595000
2022-01-31,93.52114868164062,93.54851694074145,91.55055050168387,91.68739875757944,3353600
2022-02-01,94.2601318359375,94.33311851000452,93.05587955540095,93.84046890064062,3514300
2022-02-02,94.81663513183594,94.98085165458544,94.12327570685004,94.77101672425317,2607700
2022-02-03,92.98287200927734,94.05027577643399,92.836905654301,93.69447452071512,2906600
2022-02-04,93.39344024658203,94.0229311864777,92.48112767707103,92.84604713656141,3111900
2022-02-07,93.28394317626953,93.92255907400435,93.09235840694909,93.4664028726534,3123500
2022-02-08,93.99553680419922,94.15062822742611,92.93725813703803,93.18357939978716,2120100
2022-02-09,95.52824401855469,95.53736909274899,94.97173281936996,94.97173281936996,4037800
2022-02-10,94.15064239501953,95.74718918827107,93.75834776169063,94.25099732171239,5798800
2022-02-11,92.51762390136719,94.56120217191534,92.18006573437602,94.15065732659212,3682300
2022-02-14,92.05233764648438,92.5084939212832,91.34985308547442,92.27129070947795,4316400
2022-02-15,93.66712188720703,93.7583517443326,93.04674911420446,93.0558741880346,3022100
2022-02-16,93.94995880126953,94.1597868108091,93.08325761637413,93.3113357765477,9601400
2022-02-17,92.13443756103516,93.33868978438328,92.0249645155257,93.26571007417431,5645400
2022-02-18,91.4866943359375,92.39900681549075,91.12176795203783,92.16180362189719,8950900
2022-02-22,90.40103149414062,91.47756039406653,89.70767908837837,90.85718768969582,7864100
2022-02-23,89.14207458496094,91.15828485071319,88.977858017776,91.07618004731755,6629800
2022-02-24,89.51609802246094,89.57083454086542,86.23176771036269,86.48722103716368,7176400
2022-02-25,91.49581909179688,91.52318735242571,89.62557573105298,89.99962718735848,6323800
2022-02-28,90.93018341064453,91.39546472537526,89.93576614625044,90.18208745381857,4139900
2022-03-01,89.4157485961914,90.96667703640338,88.90484887156818,90.66561224588482,5798900
2022-03-02,90.74772644042969,90.97580456782178,89.61646087747467,89.86278219248562,4138800
2022-03-03,89.7989273071289,90.98493644237125,89.46136914761713,90.93931802932632,5791200
2022-03-04,88.48519897460938,88.65854059955825,87.66411622536853,88.49432404971007,6832800
2022-03-07,85.6661605834961,88.23888201881623,85.5931738998461,88.14765214445035,3412800
2022-03-08,85.5749282836914,87.41779675106578,85.01841701732141,85.96722299669987,6877300
2022-03-09,88.1567611694336,88.51256251504779,87.10760728181829,87.64586835735014,4848000
2022-03-10,87.47251892089844,87.67322878209829,86.67881151028877,87.14408586809724,2413500
2022-03-11,86.3595199584961,88.21151354939201,86.28653327501418,88.1385268659101,3038700
2022-03-14,85.82122802734375,87.26268330390867,85.62051818372188,86.73354043624946,2549800
2022-03-15,87.18060302734375,87.29008306165983,85.83038407274789,86.14969213901084,2482200
2022-03-16,89.94487762451172,89.99049602940337,87.72796513876082,88.46693596734445,2872800
2022-03-17,90.88456726074219,90.91193552012362,89.39749353736394,89.54346686792023,2959900
2022-03-18,91.85163116455078,91.97935436938066,90.29157748236354,90.3828073486145,1901300
2022-03-21,91.62020874023438,92.02265574297728,90.93422333730683,91.75740721646076,2027400
2022-03-22,92.66291809082031,92.80926501208737,92.04095763184594,92.05010605897645,1196600
2022-03-23,91.52875518798828,92.40681576010134,91.51960676107524,91.98607883876832,2022600
2022-03-24,92.56231689453125,92.58976217905612,91.65681789498078,91.96780164907459,1814900
2022-03-25,92.77266693115234,92.82754353081076,91.98606977109434,92.62632002779065,1184200
2022-03-28,93.07451629638672,93.10195460037576,92.07754705615037,92.56230903517128,1671000
2022-03-29,94.58367156982422,94.64769659555456,93.79707440902027,94.30012618884317,2112000
2022-03-30,94.06233215332031,94.52880426577933,93.6598920558197,94.39160576467896,2530600
2022-03-31,92.64461517333984,93.94341251483162,92.58973857469223,93.74218901551795,1777100
2022-04-01,93.23914337158203,93.29401997383523,92.50742277658378,93.22084651869446,2991200
2022-04-04,93.998291015625,94.02573629370849,93.22084228016605,93.36718918379357,3128100
2022-04-05,92.64461517333984,93.96170936651703,92.4525400998689,93.62328739238002,4085000
2022-04-06,91.61107635498047,92.06840000217218,91.02569566662643,91.82144132489383,3349800
2022-04-07,91.82144927978516,92.14157446491217,90.87021517383226,91.4830272393905,2232500
2022-04-08,91.60194396972656,92.15073104682071,91.25437347094211,91.58364711283986,1625600
2022-04-11,90.32141876220703,91.1628925837541,90.23910385667098,91.01655264784392,2063700
2022-04-12,89.9464111328125,91.30924061897393,89.68116955958085,90.86105842264726,3146800
2022-04-13,91.05313873291016,91.17204036613471,90.00129297430712,90.02873127595856,2380600
2022-04-14,90.1842041015625,91.29092627281513,90.13847593275591,91.05312304733201,1673700
2022-04-18,89.9281234741211,90.36715725447401,89.58970145638644,89.88238831721999,2241400
2022-04-19,90.95252990722656,91.0348448148349,89.66287386238818,89.72689889437416,2125600
2022-04-20,91.02570343017578,91.46473723933508,90.79704158707744,91.46473723933508,2254400
2022-04-21,89.63542175292969,91.9586263786044,89.43419826105333,91.75740288672803,2220000
2022-04-22,87.60491180419922,89.48908289145632,87.53173835000165,89.48908289145632,3355800
2022-04-25,87.70552062988281,87.77869408163646,86.07744970848867,86.90063359520606,4484800
2022-04-26,85.30915069580078,87.26650233993402,85.30000924709826,87.14759372475005,5045800
2022-04-27,85.62926483154297,86.47988692179088,85.13535455544383,85.58352968482497,4433000
2022-04-28,87.40369415283203,87.7055294379752,85.52867136622008,86.46160854605652,2143700
2022-04-29,85.14452362060547,87.65980398549856,85.05306027570509,87.10187548814443,3356400
2022-05-02,85.41890716552734,85.72074243649362,83.77253930407933,85.03475699059108,12751600
2022-05-03,85.87622833251953,86.20550189536297,85.32744138718202,85.65671495002545,2985000
2022-05-04,87.93418884277344,88.05309047688691,85.06219694503613,85.88538089175812,2831500
2022-05-05,84.93415069580078,86.86405709931047,84.0652385330589,86.83661879622255,10992400
2022-05-06,84.0926742553711,84.7329245684576,83.19631683884495,84.33962595378874,7149300
2022-05-09,81.30300903320312,82.94022876099974,81.03776044262318,82.81217867978268,4630200
2022-05-10,81.5865249633789,82.89447069866362,80.7633480910185,82.69325418248485,3956400
2022-05-11,80.54383850097656,82.72984497604136,80.43408529171461,81.6322710141914,6832400
2022-05-12,80.42494201660156,81.17495256682315,79.24504609402027,80.00420507166804,8348900
2022-05-13,82.64753723144531,82.80302561017797,81.3578810852134,81.42190612223307,8078100
2022-05-16,82.38227844238281,82.97680055711983,81.86092978322677,82.27251825901135,5884900
2022-05-17,84.08352661132812,84.10181648692728,83.07741597645223,83.82742648370937,2364300
2022-05-18,81.2846908569336,83.37008514298768,81.06517052709366,83.2511765531068,2656500
2022-05-19,81.49507904052734,82.22679972573704,80.77250678288932,80.90970528364184,2181700
2022-05-20,81.72372436523438,82.47373477579751,80.12309179577123,82.34568472849679,5711300
2022-05-23,83.00423431396484,83.16887109090584,81.91580190095466,82.42800908377356,2737100
2022-05-24,82.29996490478516,82.52862672361816,81.1932355608131,82.22679144798941,2387000
2022-05-25,82.88534545898438,83.24205736761454,81.91581452175387,81.91581452175387,1486400
2022-05-26,84.28475189208984,84.57743875521734,83.02253412506073,83.11400443957984,2216400
2022-05-27,85.98600006103516,85.98600006103516,84.82439400882919,84.85183231305041,2749400
2022-05-31,85.56525421142578,86.23294280535963,85.20854233725186,85.9494043869662,2848000
2022-06-01,84.92500305175781,86.25124586494626,84.43109265700544,86.11404737003637,2453600
2022-06-02,86.6445541381836,86.6445541381836,84.80611084947934,85.10794617623198,1599300
2022-06-03,85.2542724609375,85.84879459087642,85.08963567077295,85.62928119672534,1837700
2022-06-06,85.58353424072266,86.47989152540467,85.36402087683882,86.29695790699813,1749300
2022-06-07,86.21465301513672,86.28781949278422,84.74207036258164,84.86097199468804,1357600
2022-06-08,85.36402893066406,86.13232926584618,85.21768202213146,85.8304940006512,1966000
2022-06-09,83.43412017822266,85.21767945852972,83.43412017822266,84.9615793545066,3874400
2022-06-10,81.24810791015625,82.26336680367407,81.15664459090861,82.20848322956233,4031100
2022-06-13,78.22062683105469,79.51028275497386,77.93708842715947,79.21759592502265,4235500
2022-06-14,77.97367858886719,78.77856566214693,77.34256974908132,78.54990384810334,3667400
2022-06-15,79.20845794677734,80.01335206896422,77.74502360399036,78.6596709405079,4300400
2022-06-16,76.72059631347656,77.4248784889832,76.2907180377326,77.4248784889832,3180300
2022-06-17,76.80294036865234,77.47977746497013,76.13524472167808,76.8578169775359,2705500
2022-06-21,78.41321563720703,78.79090720542023,78.06315215203679,78.06315215203679,3180600
2022-06-22,77.97102355957031,78.72641363500784,77.28011774563632,77.44593542211076,4948900
2022-06-23,78.44083404541016,78.53295340621771,77.47356318628894,78.27501638465385,2457100
2022-06-24,80.79913330078125,80.81756139215085,79.16859862745031,79.16859862745031,2559700
2022-06-27,80.59644317626953,81.08468203261978,80.34772024071101,80.97414162937402,2551600
2022-06-28,79.45417785644531,81.52689553965693,79.42654274519047,81.04787054530385,1914900
2022-06-29,79.21465301513672,79.61077263157009,78.9014457514839,79.47259006244079,2355600
2022-06-30,78.61585235595703,79.0764561509507,77.51040605927467,78.21973983938838,2315000
2022-07-01,79.10411071777344,79.17780199508223,77.67623591752468,78.15526084718945,2439400
2022-07-05,78.68955993652344,78.70798802632143,77.10508157023125,77.61174861582131,2940800
2022-07-06,78.73562622070312,79.11331773729091,78.03550637431796,78.66192791513474,5767900
2022-07-07,79.98844146728516,80.08977484511453,79.24225868251841,79.24225868251841,3005500
2022-07-08,79.96084594726562,80.32932347275099,79.32521026776429,79.6752667282787,1277800
2022-07-11,78.77246856689453,79.30676366545468,78.65270707362997,79.24227941071862,4303400
2022-07-12,78.32107543945312,79.05804440960688,77.98023308906902,78.68035290788939,2733600
2022-07-13,78.04471588134766,78.47768461606361,77.08665904944056,77.2156275625572,1885700
2022-07-14,77.44591522216797,77.56566966850875,76.22992158793774,76.88397807780913,2355100
2022-07-15,78.7448501586914,78.76327122326911,77.73151590046389,78.27503218699121,2465100
2022-07-18,78.60665893554688,79.82265288350798,78.40399210617713,79.63840711669124,1336500
2022-07-19,80.6148910522461,80.70701042031689,79.50023053359784,79.58313585638437,2123900
2022-07-20,80.88204193115234,81.15840003465306,80.31089060537259,80.6701610597036,2523200
2022-07-21,81.73876190185547,81.73876190185547,80.4674907841722,80.79912611676289,1853900
2022-07-22,81.03863525390625,82.11644647983793,80.64251569716346,81.84929542731312,1526500
2022-07-25,81.3426513671875,81.46240585074365,80.94653173295379,81.3610724307124,2375200
2022-07-26,80.35694885253906,80.98337035477299,80.23718735630253,80.9649422653873,2244200
2022-07-27,82.30070495605469,82.55864905469063,81.02944066851018,81.10313898240615,1881000
2022-07-28,83.10215759277344,83.19427697022367,81.68349668961423,82.4204657657321,2164800
2022-07-29,84.10625457763672,84.16152478320573,83.0192293558244,83.24031720635651,2078200
2022-08-01,83.90361022949219,84.37342115901014,83.38772906925003,83.78384871438304,1371100
2022-08-02,83.24954223632812,84.15232184495517,83.06529647969008,83.47984416093297,1933500
2022-08-03,84.2352294921875,84.41946821028807,83.4337763091112,83.63644311597577,1435500
2022-08-04,84.37342071533203,84.55766649597035,84.06021343063372,84.35499965139714,1233100
2022-08-05,84.17996215820312,84.29972366448976,83.40615101723138,83.51669847805195,1555300
2022-08-08,84.29969787597656,85.12878600785709,84.11545216430575,84.72345247043656,1989600
2022-08-09,83.84832000732422,84.29050278650611,83.67329532720078,84.22601852998551,585600
2022-08-10,85.69994354248047,85.75521375049551,85.1011571853775,85.38673632605341,1291900
2022-08-11,85.75523376464844,86.72250480019831,85.61705821236247,86.31717110480477,1755200
2022-08-12,86.91593170166016,86.91593170166016,85.84733458895015,86.05920839149124,1168700
2022-08-15,86.93437194824219,86.99885620519885,86.28952235041861,86.35400660737528,2013900
2022-08-16,87.03571319580078,87.33049940104937,86.5198320654226,86.62116548237594,1019800
2022-08-17,86.34480285644531,86.84224884134929,85.90262005754971,86.3079537041826,1748500
2022-08-18,86.35401153564453,86.47377303986812,86.01316917010304,86.35401153564453,921100
2022-08-19,85.147216796875,85.75521014424169,84.95376404870123,85.7275750413963,882100
2022-08-22,83.57195281982422,84.19837425563706,83.3969211305033,84.19837425563706,1092600
2022-08-23,83.53511047363281,84.1431038715094,83.42456302481132,83.5074753684916,922100
2022-08-24,83.81147003173828,84.07861404925137,83.27716794019973,83.38770835344482,1027300
2022-08-25,85.02748107910156,85.06432320551018,84.02336094215516,84.20760671548632,993500
2022-08-26,82.50335693359375,85.11037633461008,82.48493587256925,85.11037633461008,1455100
2022-08-29,82.05196380615234,82.60468698175589,81.83087594156223,81.98747955280287,1711400
2022-08-30,81.2228775024414,82.42045026889878,80.85439303366554,82.4112362244088,1357900
2022-08-31,80.69780731201172,81.76641180558126,80.67938624720387,81.48083258912278,1327600
2022-09-01,80.40301513671875,80.44907833772236,79.28835454935691,80.08980786031886,1704700
2022-09-02,79.72132873535156,81.3887127063742,79.40811440948482,81.04787029759528,2090200
2022-09-06,79.33440399169922,80.03451673338381,78.97513357660262,79.85949206209091,1739300
2022-09-07,80.48591613769531,80.58724954300068,79.0304063417242,79.07646250797238,1672000
2022-09-08,80.86363220214844,80.92811647709995,79.68448715831559,79.90557509696953,1853800
2022-09-09,82.40203094482422,82.5217924511627,81.61900575804744,81.61900575804744,1434700
2022-09-12,83.3785171508789,83.55354184779642,82.94554837487175,83.01003263757978,1137200
2022-09-13,80.10822296142578,81.83088393818308,79.90555613730643,81.60978902373078,1888700
2022-09-14,80.43984985351562,80.72542196935835,79.82264242909456,80.38457964483806,1737400
2022-09-15,79.61998748779297,80.64252867020161,79.38968554631819,80.0161071082599,2277800
2022-09-16,78.95671081542969,79.09489337554174,78.33950334562041,78.7632580425756,1604700
2022-09-19,79.44078063964844,79.45003115122034,78.20978470049982,78.22829278510287,1398200
2022-09-20,78.40415954589844,78.80215049025162,77.8951059594206,78.68183027412995,1462700
2022-09-21,77.16390991210938,79.23716153342248,77.14539476484802,78.63554635370235,2100600
2022-09-22,76.56230163574219,77.33051790278357,76.36793494073056,77.17316738271295,2794100
2022-09-23,74.81297302246094,75.52565070129504,74.0447569741046,75.52565070129504,3769800
2022-09-26,73.9151840209961,75.08139099638461,73.65602848456726,74.46126074969132,2990000
2022-09-27,73.66529846191406,74.97034112281226,73.23029130307529,74.57235014056607,2181100
2022-09-28,75.20172119140625,75.49789999548632,73.5079453455141,73.8318898091236,2461000
2022-09-29,73.78560638427734,74.56307299494941,73.14696805304047,74.28540937462029,3127200
2022-09-30,73.00814056396484,74.44276080506032,72.99889005198014,73.61901330501232,2909600
2022-10-03,74.81297302246094,75.15542550413285,73.45239948322843,73.86889841662445,2982400
2022-10-04,77.34900665283203,77.35826422498302,76.1457764857109,76.2383380843037,3802400
2022-10-05,76.9787826538086,77.423054325084,75.85885649551145,76.44195644394293,2027200
2022-10-06,76.11802673339844,77.08060965590778,76.00696409021737,76.56229849050276,2150600
2022-10-07,74.27615356445312,75.4516110807988,73.96146670832209,75.40533734037544,2295800
2022-10-10,73.64678192138672,74.48904460214669,73.22102532482864,74.39648298690639,3247900
2022-10-11,72.99888610839844,74.08178911470745,72.62866086668465,73.23027600178716,3635300
2022-10-12,72.81377410888672,73.28581149552535,72.64717309368835,72.89707814721568,1546300
2022-10-13,74.37796020507812,74.6833965275192,71.08297072359282,71.37914947404703,4345500
2022-10-14,72.82303619384766,75.1461929770756,72.7397321503579,74.89628790806631,4493700
2022-10-17,74.73894500732422,74.97959250406126,74.22988435296895,74.28542273619138,2812000
2022-10-18,75.46088409423828,76.26612360612904,74.81299510406896,76.20133470711211,3304400
2022-10-19,74.66488647460938,75.32203290131693,74.13731781871971,74.88702584869053,2876700
2022-10-20,74.31317901611328,75.64598706184302,74.11881235302089,74.74819314556446,2741600
2022-10-21,75.8588638305664,75.91439514679834,73.73008099131627,74.04476786524307,2900400
2022-10-24,76.00695037841797,76.22908268616702,75.03511005714539,75.72002212522258,2528600
2022-10-25,77.40455627441406,77.46009465900018,76.14579449951884,76.14579449951884,2033000
2022-10-26,77.4230728149414,78.32086688273763,77.01582427413642,77.08987074727557,2176900
2022-10-27,76.98805236816406,77.96914334257782,76.88624024122002,77.47859785537095,3830400
2022-10-28,78.21905517578125,78.2653289256513,76.7936923366204,76.84922366104863,2605300
2022-10-31,77.6637191772461,78.00617175291173,77.4323292481919,77.5526494691744,2317600
2022-11-01,77.82105255126953,78.83916669490263,77.5804050790241,78.79288589050414,2126400
2022-11-02,76.18282318115234,78.70960448590418,76.17357266761024,77.80255279506845,1957600
2022-11-03,75.59972381591797,76.09026937404622,75.04438935504564,75.4238651964151,2439600
2022-11-04,77.3675308227539,77.72850559711479,76.21983878843984,77.25646817968287,3300700
2022-11-07,77.8765869140625,78.03393035683807,77.22869799589277,77.67296266507785,1861000
2022-11-08,78.4319076538086,79.0150146403067,77.67294916948107,78.17275213156871,1609200
2022-11-09,76.92326354980469,78.20979090630523,76.84921708259867,77.93212018501255,2153300
2022-11-10,81.08827209472656,81.12529532380682,79.42226209340909,79.6258863226211,2400300
2022-11-11,82.27299499511719,82.43959601107547,81.25488081379861,81.48627072143735,2377600
2022-11-14,81.47699737548828,82.34702551945574,81.44923172178008,81.88424579376381,3559200
2022-11-15,82.30077362060547,83.06898992974814,81.5973532748114,82.83759998565414,2212400
2022-11-16,81.60658264160156,82.11564321127973,81.47700487140328,81.93978463967112,1663600
2022-11-17,81.41222381591797,81.47701270724802,80.47740661690477,80.55145308169898,1479900
2022-11-18,81.60658264160156,81.93978463967112,81.11603721707107,81.81020686947284,2106800
2022-11-21,81.12529754638672,81.29189855108282,80.71804907680536,81.16232077648131,2224400
2022-11-22,82.17118072509766,82.18043829837015,81.28264435034242,81.5880807152,2080100
2022-11-23,82.8005599975586,82.89311454418126,82.15267110974062,82.17117919448145,1824900
2022-11-25,82.89311218261719,83.00418187227567,82.68023743759562,82.82832329568117,2003900
2022-11-28,81.69913482666016,82.66171756427026,81.56955706019905,82.3377731481175,2998900
2022-11-29,81.8657455444336,82.31927484237373,81.58808189537707,81.9490495821722,1688800
2022-11-30,84.09635162353516,84.10560919738255,81.72692114371229,82.30076361597322,2422800
2022-12-01,84.29071044921875,84.78125589551122,83.8279306604207,84.4758195401543,3522900
2022-12-02,84.24443054199219,84.44805478106306,83.3003628698427,83.3003628698427,3153200
2022-12-05,82.79131317138672,83.92975472085563,82.5321575826192,83.82794258791694,3027000
2022-12-06,81.91201782226562,82.91162380230439,81.50476937229602,82.83757734568105,2238900
2022-12-07,81.773193359375,82.1896994371931,81.569569107303,81.7824509330491,2577300
2022-12-08,82.39329528808594,82.55989626377188,81.82871054646691,82.06935090799047,4675000
2022-12-09,81.96757507324219,82.79132274484618,81.96757507324219,82.36556607671633,3572200
2022-12-12,82.72651672363281,82.72651672363281,81.85649547810137,82.1156510432154,3013400
2022-12-13,83.49473571777344,85.0496762222632,83.03195588978792,85.04041864849475,3391500
2022-12-14,83.15227508544922,84.22592766273863,82.48587807293062,83.47622661024289,2987500
2022-12-15,81.09754943847656,82.31003047525083,80.81062110851774,82.20821833582362,4212600
2022-12-16,80.33858489990234,80.89391930840745,79.9683596070789,80.59774048644073,3897900
2022-12-19,79.85185241699219,80.57913345218304,79.57212565865095,80.46724843984413,2675800
2022-12-20,80.03832244873047,80.37399167242938,79.60009434743931,79.80521921636989,3481700
2022-12-21,81.08262634277344,81.28775832254608,80.40196889761438,80.54182514405392,3473200
2022-12-22,80.10360717773438,80.5977849476301,79.08727327137125,80.5977849476301,3193100
2022-12-23,80.4765625,80.4858886217038,79.65604163373023,79.97305863419359,3026900
2022-12-27,80.46725463867188,80.7656265508058,80.13158534830275,80.54184228139472,7572000
2022-12-28,79.46024322509766,80.79359420413552,79.42294584852526,80.38333017558627,3893800
2022-12-29,80.83088684082031,80.98939534664775,80.06630845028856,80.19684570376373,3993200
2022-12-30,80.36466217041016,80.51384452049159,79.83318715458188,80.21547270658353,3547900
2023-01-03,80.41130065917969,81.47425098319417,79.91712287338751,81.00804445112651,3647800
2023-01-04,81.39967346191406,81.698045394973,80.60711656789213,81.13859179595798,2534400
2023-01-05,80.56047821044922,80.92411868240512,80.37399135704486,80.85885006215011,2486400
2023-01-06,82.40666198730469,82.56517761069288,80.56981427242376,81.12926067417031,1828000
2023-01-09,82.60246276855469,83.59082536811184,82.56517250932296,82.9847555062718,4752300
2023-01-10,83.05003356933594,83.05003356933594,82.25748386627646,82.52788451579036,4671700
2023-01-11,83.88921356201172,83.89853968550766,83.2085488217661,83.39503572294541,2731900
2023-01-12,84.4859390258789,84.72836838776169,83.40433657574525,84.2155384133455,2880000
2023-01-13,84.9241714477539,84.98944006836251,83.917163775153,83.9637872671932,1711900
2023-01-17,84.90553283691406,85.29715173718573,84.71905306630642,84.8868877053522,2714800
2023-01-18,83.99178314208984,85.53958536192116,83.9638118841634,85.43701934035875,4146400
2023-01-19,83.61880493164062,83.99177158475176,83.24583827852949,83.61880493164062,4035100
2023-01-20,84.91486358642578,84.93350871900358,83.55354126832164,83.8612393089627,2333300
2023-01-23,85.71672821044922,86.01510008880904,84.82161257536976,84.89620732339638,4305300
2023-01-24,85.6328125,85.80064713629888,85.11066345984665,85.39039022492717,1460700
2023-01-25,85.79131317138672,85.84725566915141,84.56984743147245,84.9987636268214,1616400
2023-01-26,86.51861572265625,86.54658697853002,85.67011635449776,86.32280981779222,1645800
2023-01-27,86.57454681396484,86.93818731984969,86.09901418559745,86.19226117787294,1597900
2023-01-30,85.52092742919922,86.36941961889512,85.49295617545883,85.98713396153131,2152500
2023-01-31,86.50927734375,86.51860346563593,85.39970359296521,85.53024795812813,1352900
2023-02-01,87.4510269165039,87.92655959704129,85.77268046387047,86.41604778967121,1830600
2023-02-02,88.15966796875,88.4580398982608,87.50697448224344,88.0757470843965,2264700
2023-02-03,87.1806411743164,88.01981454419861,86.9475378556685,87.11537252964494,2661400
2023-02-06,86.39739990234375,86.62117705097647,86.01510712275503,86.45334241106511,2325800
2023-02-07,87.32049560546875,87.49764927206796,85.9405209709837,86.21092164644861,1681200
2023-02-08,86.60250854492188,87.25520185035839,86.45332617842658,86.93817776171872,1799500
2023-02-09,86.1736068725586,87.57222635827367,85.92185849517837,87.52560997699777,1382400
2023-02-10,86.01509857177734,86.12699069184387,85.5675372052578,85.8659090783553,2240200
2023-02-13,86.96617126464844,87.0034686442528,86.08970774206324,86.18294763420025,4380300
2023-02-14,87.0220947265625,87.46032991296767,86.20156684946494,86.59318566069133,1670500
2023-02-15,87.06873321533203,87.08738546113732,86.2015887428196,86.313480876409,1488400
2023-02-16,86.23887634277344,87.03142596969899,86.05239658834859,86.16428870925148,1981300
2023-02-17,86.04307556152344,86.07104681496881,85.3997082772916,85.75402979092516,1873200
2023-02-21,84.58850860595703,85.51159548528389,84.52323998042375,85.33443473865928,2738200
2023-02-22,84.30876922607422,84.80294690444966,84.0570208835276,84.5791698095476,2321000
2023-02-23,84.75635528564453,85.02675594809777,83.9171820424703,84.91486381109198,1295000
2023-02-24,83.6561050415039,83.75867105230414,83.16192723332864,83.5069155298863,1595300
2023-02-27,84.12230682373047,84.6631081020518,83.9637983119371,84.32743883369697,1872900
2023-02-28,83.75867462158203,84.2808237069995,83.72137724208825,83.99177790810737,1831400
2023-03-01,83.92650604248047,84.30879171852074,83.65610538686785,84.07568844096649,1859500
2023-03-02,84.36473846435547,84.5325731030187,83.37637576389544,83.47894177162004,1962700
2023-03-03,85.57686614990234,85.67010602949347,84.58851062149213,84.7563452502549,2100900
2023-03-06,85.44633483886719,86.01510739180438,85.35309495279084,85.66079297921536,2046400
2023-03-07,84.14095306396484,85.4090354025228,84.0010896813487,85.4090354025228,2838800
2023-03-08,84.36473846435547,84.58851561132403,83.95447443345707,84.2062228345783,1344300
2023-03-09,82.9754409790039,84.7097299392239,82.81693245700737,84.44865540564197,1623400
2023-03-10,81.82858276367188,83.18990515440294,81.57682722108063,82.90085934466664,5013800
2023-03-13,81.56748962402344,82.39733659698635,80.73763553731413,81.05465964578956,5639200
2023-03-14,82.64909362792969,82.94746552459651,81.84721782181,82.49058511395762,3097800
2023-03-15,81.38102722167969,81.43696974021132,80.30875056274917,80.84955195438349,4639700
2023-03-16,82.73300170898438,82.75164683737835,80.85884974369176,81.00803211208162,2350800
2023-03-17,81.75396728515625,82.49057436520269,81.43694318477412,82.35071100073252,1881500
2023-03-20,82.63797760009766,82.7595911504613,81.95510038613669,82.132838875471,1584200
2023-03-21,83.72310638427734,83.82600686252091,83.15247905472496,83.46118048945567,1361200
2023-03-22,82.75959014892578,84.64920348650602,82.7408770781984,83.84471273191716,2729600
2023-03-23,82.95603942871094,84.21890057285273,82.46025007957678,83.52666679124725,1875600
2023-03-24,83.16183471679688,83.19925372094208,82.06735560909448,82.5350824554916,2086500
2023-03-27,83.4798812866211,83.74180716532612,83.17118700783014,83.63891383035907,2146800
2023-03-28,83.56407928466797,83.65762322565662,83.19925291895055,83.45182227331445,1051300
2023-03-29,84.59307861328125,84.63049761781944,84.12535176197193,84.2937337139211,1488100
2023-03-30,85.24789428710938,85.39757030690689,84.93919998593151,85.24789428710938,1246700
2023-03-31,86.14592742919922,86.17399703511012,85.43498775891996,85.44433715727828,1232300
2023-04-03,86.54817962646484,86.57624923458846,85.98690879207243,86.15529075608474,1769900
2023-04-04,86.183349609375,86.69785201585486,85.87465530243266,86.66043301020673,1881200
2023-04-05,85.76239776611328,86.04303673830195,85.42563385426509,85.95884219186713,1166200
2023-04-06,86.04303741455078,86.15528729475204,85.40692859127647,85.63143548862459,924200
2023-04-10,86.14592742919922,86.15528396450286,85.41627468831268,85.59401317435515,1189200
2023-04-11,86.35173034667969,86.61365624557158,86.23012393275,86.36108688219596,1155500
2023-04-12,86.23014068603516,86.98785606032077,86.14594612392183,86.9036686351543,1877300
2023-04-13,87.36203002929688,87.4462245827192,86.64173374175368,86.7165646218616,964500
2023-04-14,87.0907211303711,87.64264241740449,86.65105683483873,87.27781611620613,2387100
2023-04-17,87.29653930664062,87.31524524045071,86.79139345042424,87.05331934543747,1028800
2023-04-18,87.44622039794922,87.72685224305292,87.19364388671553,87.65201422958029,1249900
2023-04-19,87.24041748046875,87.39944290283621,86.9317160344997,86.98784097487749,1263100
2023-04-20,86.92235565185547,87.24976301781179,86.651073223793,86.84751764336679,943300
2023-04-21,86.95040893554688,87.02524693612982,86.5013952059383,86.9223464695644,1003900
2023-04-24,87.04397583007812,87.12816324333151,86.70721190317288,86.90365633770996,1969200
2023-04-25,85.6220703125,86.58558641737177,85.6220703125,86.58558641737177,972900
2023-04-26,85.43498992919922,86.08044814264005,85.34144598462255,85.95884172838494,990600
2023-04-27,86.85687255859375,86.90364809726303,85.85593740879959,85.94013195101526,1184600
2023-04-28,87.3713607788086,87.38071731241538,86.54815710806754,86.5762267088879,1692600
2023-05-01,87.26847839355469,87.6145988392484,87.21235345417833,87.27783492909924,924500
2023-05-02,86.28624725341797,86.90365012089245,85.66885152288883,86.90365012089245,1226800
2023-05-03,85.98689270019531,87.01589022683565,85.95883023426927,86.4172004972651,1462200
2023-05-04,85.68756103515625,86.04303802349762,85.45369760048773,85.92142446982477,1409900
2023-05-05,87.14688110351562,87.34332554884607,86.34239024914545,86.38915865787389,972200
2023-05-08,87.19364166259766,87.31524807867943,86.95977822917037,87.2778362098432,1048000
2023-05-09,86.83817291259766,87.01590427112974,86.63237194666458,86.74462896543145,785000
2023-05-10,87.01590728759766,87.35267121862672,86.33303002636077,87.30590281189521,4078400
2023-05-11,86.81011199951172,86.81011199951172,86.29560957544888,86.69785497873097,1016100
2023-05-12,86.56689453125,86.96913994618723,86.13658664454093,86.96913994618723,1531500
2023-05-15,87.15623474121094,87.23107276315106,86.57625791354144,86.83818385338529,1307300
2023-05-16,86.40786743164062,86.96913826707926,86.40786743164062,86.84752470915453,772600
2023-05-17,87.22171020507812,87.34332376657224,86.39851343140347,86.7726963783269,1301300
2023-05-18,87.68942260742188,87.73619814440902,86.98783237428421,87.11879531351431,1607500
2023-05-19,87.69878387451172,87.97006630239697,87.45556391555506,87.8484598913913,1290100
2023-05-22,87.83910369873047,88.09167305701831,87.62394620786314,87.7268466856329,1281700
2023-05-23,86.73526763916016,87.53040185157546,86.71655456859304,87.36201990119791,897700
2023-05-24,85.95885467529297,86.3143245730025,85.78111615796493,86.3143245730025,1324700
2023-05-25,86.22076416015625,86.4733406509946,85.83723186173404,86.3610836398503,1442200
2023-05-26,87.26847839355469,87.41814727754014,86.4920500931027,86.52011256279089,1419600
2023-05-30,86.95978546142578,87.53041285740184,86.66979706368083,87.4742879125341,1797100
2023-05-31,86.31432342529297,86.53883748744197,85.85595303806174,86.43593699319362,1351800
2023-06-01,87.39008331298828,87.57717833595159,86.37979159982248,86.57624315817031,1499700
2023-06-02,88.75584411621094,88.90552013331991,88.13844838799967,88.21328639655417,1462200
2023-06-05,88.45648956298828,88.88679735978604,88.35358909669485,88.75583442758432,1162900
2023-06-06,88.98035430908203,89.0458357795103,88.35359493561722,88.41907640604549,1371900
2023-06-07,88.5968246459961,89.23293348750447,88.50328069749841,88.97100757693264,1567700
2023-06-08,89.13938903808594,89.22357645017703,88.5219861349683,88.69972463197716,995700
2023-06-09,89.2422866821289,89.59775652788933,89.06454819077594,89.31712469290338,961700
2023-06-12,89.84098052978516,89.85968646484622,89.28905909671495,89.43873512498682,902300
2023-06-13,90.54257202148438,90.70159745086406,90.28064610557763,90.36483351985653,1824500
2023-06-14,90.68289184570312,91.09448665636393,90.06548892429296,90.73901678876005,1505700
2023-06-15,91.73059844970703,91.89898042121419,90.57999425852985,90.64547573984119,997100
2023-06-16,91.46866607666016,92.13283737941246,91.37512212951609,92.12348798056003,935000
2023-06-20,90.56462860107422,90.91306534812202,90.25386127408895,90.90364619692957,3171800
2023-06-21,90.28209686279297,90.63994548966078,90.13141921903464,90.4045170598175,1024800
2023-06-22,90.24442291259766,90.28209232164248,89.82064744937217,89.9713250855515,915500
2023-06-23,89.2556381225586,89.58523653521888,89.14263705805024,89.27447642311435,1602800
2023-06-26,89.19912719726562,89.6511457720452,89.16145778524971,89.26504687211705,1251600
2023-06-27,90.11259460449219,90.23501481034518,89.31213213753436,89.44397867768393,931800
2023-06-28,90.15969848632812,90.31979533050247,89.75476116933714,89.90543886156998,1138900
2023-06-29,90.3292007446289,90.3292007446289,89.84893180107136,89.92426345701489,775200
2023-06-30,91.32740020751953,91.46865151849852,91.01663295395466,91.02605210292178,1184100
2023-07-03,91.61934661865234,91.61934661865234,91.34624872421922,91.40274925937541,971700
2023-07-05,91.10140228271484,91.26149910891864,90.96014375827949,91.14849085242896,793200
2023-07-06,89.98076629638672,90.13143678480381,89.43457050837257,90.13143678480381,995700
2023-07-07,90.21617889404297,90.88479478526361,89.8865733382716,89.8865733382716,1168000
2023-07-10,90.49868774414062,90.49868774414062,90.01841173156613,90.06550029180688,975500
2023-07-11,91.28032684326172,91.33682737705922,90.62112999993496,90.78121963549907,883100
2023-07-12,92.3444595336914,92.52338746759492,92.11845021724415,92.2032082013535,996000
2023-07-13,93.4085922241211,93.5215932796143,92.91889703463062,92.96598559755677,1457500
2023-07-14,93.06957244873047,93.49334076604497,92.97540250985011,93.45567135355166,1127900
2023-07-17,93.33326721191406,93.49335685402886,92.86241025178322,92.93774908973384,1168200
2023-07-18,93.89830017089844,93.96421986217139,93.19201468524206,93.24851522498817,901300
2023-07-19,93.98303985595703,94.24671856968041,93.85120049909533,94.02070208531228,927200
2023-07-20,93.3426742553711,93.91712024699599,93.22966601310344,93.8229431194199,1294300
2023-07-21,93.3803482055664,93.71935857942516,93.33325963949095,93.68169634821254,1073300
2023-07-24,93.71935272216797,93.85119926199782,93.3615040703612,93.50276257505277,633200
2023-07-25,94.00186920166016,94.19962823323117,93.74760964241341,93.75702160722206,1126400
2023-07-26,94.17138671875,94.41623433593661,93.69111063476653,93.70052978515625,895600
2023-07-27,93.54985809326172,94.82117764293592,93.38035648365938,94.82117764293592,1179300
2023-07-28,94.51981353759766,94.67990315392468,94.19962712023771,94.35971673656474,869900
2023-07-31,94.72698974609375,94.85883629088052,94.51039959083563,94.64223895091612,3081800
2023-08-01,94.15255737304688,94.36914754313688,93.92654086768327,94.246727324595,1442000
2023-08-02,92.57987213134766,93.3049957083525,92.42920167444488,93.26732629795046,1514000
2023-08-03,92.38212585449219,92.70231229470961,92.01485803330887,92.13727824546784,1065200
2023-08-04,92.21261596679688,93.3144194170856,92.1278651712545,92.82473138963717,1384000
2023-08-07,92.89065551757812,92.90007466799149,92.31620948237645,92.66464620060412,1102100
2023-08-08,92.31619262695312,92.36328118571565,91.59107624106537,92.03368282849394,1376900
2023-08-09,91.93952178955078,92.4480481373559,91.76060104131486,92.36329733840834,928100
2023-08-10,92.08077239990234,93.21083324845702,91.8547631040738,92.57046758968782,1107400
2023-08-11,91.75119018554688,91.9677875547271,91.4121725896953,91.544011967559,1153200
2023-08-14,91.82650756835938,91.83591953264515,91.08255286156599,91.30856214441918,926400
2023-08-15,90.7435531616211,91.44041944498684,90.61171378867911,91.4215883280124,1750800
2023-08-16,90.05610656738281,90.90365059805526,90.03727544879347,90.57405213743476,1272800
2023-08-17,89.46281433105469,90.4610286971162,89.3403941189907,90.41394731618684,930000
2023-08-18,89.40632629394531,89.60408536477934,88.73771023978057,88.80362993005858,1858300
2023-08-21,89.84891510009766,89.98075445437685,89.17088002968697,89.59464835634067,1138900
2023-08-22,89.66056823730469,90.24443336808694,89.56639829613489,90.20676395467784,1653200
2023-08-23,90.68704223632812,90.82829355922122,89.94308746869784,89.95249943375327,1423600
2023-08-24,89.55699157714844,90.93189302624093,89.5193221585108,90.82830392116415,1294400
2023-08-25,90.0749282836914,90.33860700363229,89.16146472910602,89.90541950877137,1979800
2023-08-28,90.81889343261719,90.90364423740051,90.48928781035205,90.61171521909296,1336900
2023-08-29,92.04309844970703,92.0996061594084,90.67761640780182,90.72469778372974,1683900
2023-08-30,92.26911926269531,92.45745914468438,91.94893284166675,92.11844160933929,1273400
2023-08-31,92.03369903564453,92.48571766666191,91.96777935259172,92.35387830055629,988600
2023-09-01,92.35387420654297,92.89065079752262,92.0901954860205,92.78706170235934,2062000
2023-09-05,91.77001190185547,92.19378744560991,91.72293052013153,92.19378744560991,1512600
2023-09-06,91.24264526367188,91.7229212910527,90.8565463596759,91.60991305381434,1659600
2023-09-07,90.865966796875,90.9695558944927,90.50811812264526,90.69645801756482,895400
2023-09-08,90.90364074707031,91.19556975416897,90.77180137710918,90.88480963052164,1840400
2023-09-11,91.63816833496094,91.67583774943647,91.31798908897822,91.56283669071607,1027800
2023-09-12,91.25208282470703,91.67585122661872,91.17674398468048,91.2991642111932,973700
2023-09-13,91.14849090576172,91.39333853594579,90.93189354353984,91.21441059257585,1335100
2023-09-14,92.07133483886719,92.16551194594362,91.53455837817233,91.73232455526923,1228900
2023-09-15,91.30856323242188,91.94892886205761,91.24264355810816,91.89242833684746,3056000
2023-09-18,91.20077514648438,91.39936576032841,90.96435671834845,91.18185763187951,902200
2023-09-19,91.03054809570312,91.21022118409856,90.61444937852282,91.08728620625774,1238100
2023-09-20,90.40638732910156,91.51282361910467,90.37801827780656,91.26695369793714,1155700
2023-09-21,88.92167663574219,89.73495640999505,88.84602102536608,89.70658735983304,1579700
2023-09-22,88.90278625488281,89.54584465729295,88.84604092693168,89.29050871880722,1231300
2023-09-25,88.99734497070312,89.00680372708155,88.39211443099238,88.50559064786492,1341200
2023-09-26,87.74906158447266,88.5339724700189,87.62612660351097,88.3542921621446,1608800
2023-09-27,87.7585220336914,88.15570325515043,87.12491517288652,88.07058887059907,1206200
2023-09-28,88.36375427246094,88.64745205811965,87.58830211445851,87.72069585741616,1443300
2023-09-29,88.11786651611328,89.10136792790695,87.89090687182767,89.08245041551488,3009700
2023-10-02,87.64505004882812,88.04223132220338,87.2384100170624,87.93820662466433,4101600
2023-10-03,86.45347595214844,87.30458360728838,86.16977821037963,87.06816521502266,1386000
2023-10-04,86.8128433227539,86.91686800068854,86.03739122400675,86.48185177573426,1378300
2023-10-05,87.02088165283203,87.17219289226239,86.39674082747432,86.91686419436991,2353200
2023-10-06,87.98546600341797,88.31645029558267,86.34944762369462,86.63315256835948,5399400
2023-10-09,88.25025177001953,88.38264548438437,87.3329473098372,87.39914416701961,3441700
2023-10-10,89.03518676757812,89.45127831966866,88.60962924270504,88.66637457497242,2297000
2023-10-11,89.44181823730469,89.5552944611688,88.86495671627017,89.41344918133866,2578700
2023-10-12,88.6474380493164,89.56474256264707,88.22188783061837,89.56474256264707,1729700
2023-10-13,88.0611343383789,89.00680800398251,87.7963396514792,88.80821739999585,2543700
2023-10-16,88.95951080322266,89.06353547120051,88.35428030676057,88.46776373044095,2152000
2023-10-17,88.95951080322266,89.37560947513407,88.25971439448524,88.26916593527113,2157700
2023-10-18,87.60721588134766,88.5812586923353,87.43699431724859,88.48669276003984,1916800
2023-10-19,86.85066223144531,87.98547491006381,86.70881695967053,87.59774526076693,3510200
2023-10-20,85.85770416259766,86.74663962589243,85.82933510992514,86.63315620028563,2854300
2023-10-23,85.69696044921875,86.40621578345939,85.1200988668429,85.46999354752053,3476000
2023-10-24,86.34945678710938,86.54804738348265,85.83879216147069,86.0468415143143,2110300
2023-10-25,85.22410583496094,85.95227131877463,85.13899146079646,85.94281256277483,1711000
2023-10-26,84.50538635253906,85.18627244155246,84.23114016585775,84.99713340853964,2204100
2023-10-27,84.13658905029297,85.02552462446116,83.91908092781351,84.98769681120743,1840200
2023-10-30,85.1295394897461,85.2997610367251,84.55268519628564,84.85530047814638,2087300
2023-10-31,85.5456314086914,85.57400046178022,84.82691746580181,85.20518834179197,3000700
2023-11-01,86.38728332519531,86.48184924375342,85.60237249282059,85.72531468037151,2539700
2023-11-02,88.14623260498047,88.18406041357524,87.4180671305524,87.47480523598615,2402200
2023-11-03,89.22431182861328,89.5269271229197,88.84604090700081,88.87441717842887,2401700
2023-11-06,89.21483612060547,89.52691011276036,88.90276934336693,89.38505764224301,1818400
2023-11-07,89.15811920166016,89.30943046347343,88.71365138873124,88.98789763957926,935700
2023-11-08,89.10136413574219,89.36615157862552,88.71363451229395,89.23375785718385,1358400
2023-11-09,88.53397369384766,89.49855768568429,88.47722836615065,89.41345051651533,2179300
2023-11-10,89.5741958618164,89.5836546170761,88.40156273168456,88.8176541691993,1700600
2023-11-13,89.56474304199219,89.75388208513881,89.1013650123873,89.24321749101809,1527100
2023-11-14,91.63578033447266,91.8249121830598,90.8508694544927,90.8508694544927,1550900
2023-11-15,91.81546020507812,92.25047647579827,91.70198397351469,91.9005745936688,3912500
2023-11-16,91.64522552490234,91.84381610099624,91.3047824759081,91.6263080138935,1471800
2023-11-17,92.15589904785156,92.22209591816063,91.82491469630627,91.91948062318811,966400
2023-11-20,92.7611312866211,92.94081160133281,92.09916257176403,92.1369903861727,1103300
2023-11-21,92.51525115966797,92.73275204999477,92.38285743122981,92.58144802388705,1564100
2023-11-22,92.7422103881836,92.91243192611056,92.43013636616466,92.68547228051362,1036900
2023-11-24,92.98809051513672,93.01645956987744,92.75167210574091,92.76112364737631,789600
2023-11-27,92.80840301513672,92.94079673693386,92.71383710169829,92.86514112021644,1820700
2023-11-28,92.95973205566406,93.21506079234952,92.61928893013805,92.7422239196654,1134400
2023-11-29,92.9786376953125,93.5271301717124,92.93135112444716,93.30962204661667,1342100
2023-11-30,93.25286865234375,93.31906551175703,92.80840093274747,93.14884398542051,1614900
2023-12-01,94.05670166015625,94.11343977116505,93.03537237249299,93.11102799711637,2776100
2023-12-04,93.47984313964844,93.62169563662687,93.07320316293305,93.18668660349934,1918000
2023-12-05,93.27178955078125,93.46092860983033,92.9880917845837,93.18668238539719,1347200
2023-12-06,93.1015625,93.91484236852835,93.06374190534389,93.8391939642992,1159900
2023-12-07,93.72571563720703,93.82028155882855,93.27178911253941,93.46092817069982,1189800
2023-12-08,93.9905014038086,94.0945260801861,93.44200896743943,93.48929553485365,1528200
2023-12-11,94.34040069580078,94.34985223709457,93.86756389409858,93.9243020015294,1875300
2023-12-12,94.57683563232422,94.61466344886419,93.94322872392745,94.20802343970729,1149200
2023-12-13,95.9764175415039,96.01424535361843,94.36877520868225,94.62410392180854,1670000
2023-12-14,96.72349548339844,96.99774169554122,96.250658679342,96.50599459388603,1897600
2023-12-15,96.2790298461914,96.68566979520097,96.18446392628813,96.5154482534082,2783100
2023-12-18,96.66126251220703,96.78517236512813,96.4039017695063,96.6136009607049,2144600
2023-12-19,97.38566589355469,97.40473342246962,96.90907948052315,96.90907948052315,1991900
2023-12-20,96.05122375488281,97.55723858532193,96.02262973326323,97.26175733241068,2707600
2023-12-21,97.29035186767578,97.30941212481225,96.55641197774887,96.89955478325881,1732600
2023-12-22,97.4333267211914,97.70974771135567,97.08065016019599,97.4619207422202,1975400
2023-12-26,97.91944122314453,98.10053910321413,97.54769715490866,97.56676468257771,1221900
2023-12-27,98.20539093017578,98.2816464983301,97.94803747781896,97.98616526189612,1414500
2023-12-28,98.2721176147461,98.55807237346053,98.20539580733026,98.34837318668748,2707800
2023-12-29,98.06241607666016,98.45322041939052,97.82412287415572,98.31977680775854,2336200
2024-01-02,97.233154296875,97.53816928609383,96.92813930765615,97.30940259008149,4661400
2024-01-03,96.39436340332031,96.83282202210914,96.22279200708716,96.65172413373573,1802200
2024-01-04,96.27999877929688,96.89002886692124,96.22280345899115,96.29905903797727,2845100
2024-01-05,96.39436340332031,97.02346094688563,96.19419798640354,96.27045355631414,1830100
2024-01-08,97.55724334716797,97.57631087726615,96.32764945258681,96.32764945258681,3880100
2024-01-09,97.08065032958984,97.31894353475434,96.71844727570715,96.86142465323215,2271000
2024-01-10,97.55724334716797,97.70975449942547,97.09019066961035,97.1855065037053,2166200
2024-01-11,97.51910400390625,97.83365276406697,96.68984834619489,97.7192694134273,2938900
2024-01-12,97.67162322998047,98.19586393488277,97.49051806116294,97.95757072207307,1635500
2024-01-16,96.72798156738281,97.17596668694361,96.44202681077405,97.0234628163154,2729500
2024-01-17,95.96543884277344,95.97497260707432,95.45072465249729,95.79386744601472,1998300
2024-01-18,96.78516387939453,96.85188568236858,96.05121677454899,96.33717151422694,2753800
2024-01-19,97.66209411621094,97.71928216292656,96.63266564253718,96.90908665521617,2425400
2024-01-22,97.8908462524414,98.17680100889274,97.72880861744703,97.78599665988469,1953700
2024-01-23,98.0433578491211,98.09101939946086,97.6334932414464,97.88132021337638,1194700
2024-01-24,98.30071258544922,98.98699819528584,98.28165232834561,98.89168236550445,1687000
2024-01-25,98.7296371459961,98.77729142116148,98.30070503672103,98.72010338211058,1418400
2024-01-26,98.79634857177734,99.09182977201236,98.66290497992087,98.80588233466148,1327400
2024-01-29,99.501708984375,99.51124274866513,98.70104731515939,98.80589690595639,2771600
2024-01-30,99.27294921875,99.4063928298456,99.08231029423386,99.24435519810542,2215100
2024-01-31,98.06241607666016,99.29200987423884,98.02428829160367,99.10137822108786,3121100
2024-02-01,99.20622253417969,99.22528278962821,98.20538822805295,98.42462116243165,6569300
2024-02-02,99.57797241210938,99.77813784520829,98.82496496066183,99.0060701358079,1901300
2024-02-05,99.10137176513672,99.35872520733842,98.59619137227827,99.23481536807553,2035100
2024-02-06,99.65422058105469,99.67328083759082,99.23482221594517,99.3587320637587,2627000
2024-02-07,100.15939331054688,100.28330314883671,99.80671677861766,99.94016038050852,1599300
2024-02-08,100.19752502441406,100.23565280818337,99.93063053802892,100.12126945687545,882500
2024-02-09,100.75035858154297,100.81708038435998,100.25471194234966,100.32143374516667,1119300
2024-02-12,100.88381958007812,101.35087955245186,100.75037595143773,100.75037595143773,1407900
2024-02-13,99.29199981689453,99.73045839243521,98.74869166110166,99.66373659337752,2514800
2024-02-14,100.39768981933594,100.4453440946569,99.65421622072236,99.9401636890416,1541600
2024-02-15,101.25554656982422,101.29366708115371,100.64550930658534,100.64550930658534,1470300
2024-02-16,101.01726531982422,101.59869408797623,100.8361601450083,101.31274658641274,1279500
2024-02-20,100.74083709716797,101.10304014873071,100.36910028126289,101.01725808604405,1831900
2024-02-21,100.7694320678711,100.78849232460396,100.17846229931081,100.49301107638958,1121300
2024-02-22,102.40889739990234,102.55186751537732,101.78933356836004,101.9132434258157,1266900
2024-02-23,102.48514556884766,102.74250632062699,102.27545364238377,102.63765672132904,1053600
2024-02-26,102.21825408935547,102.56139689609056,102.12293825906944,102.49467508767717,1057000
2024-02-27,102.43748474121094,102.46607876244082,102.14200349232692,102.34216891306754,1109700
2024-02-28,102.04667663574219,102.1896540087601,101.8846390066498,101.9990223594904,1042600
2024-02-29,102.46607208251953,102.628109707013,101.91323013434425,102.5232601212511,1678800
2024-03-01,103.38113403320312,103.4669233775141,102.48514916129776,102.73297615670117,3584600
2024-03-04,103.2190933227539,103.53364212235068,103.16190527632979,103.24768734596597,1721800
2024-03-05,102.42794799804688,103.12376734030852,102.06574495278257,102.95219594578725,1369600
2024-03-06,103.2476806640625,103.66707903638257,103.00938745654094,103.38112427850406,2003400
2024-03-07,104.30570983886719,104.43915346194646,103.74333405120565,103.89584520451456,1322100
2024-03-08,103.81005096435547,104.86806605983485,103.64800606492962,104.45820147353407,1541100
2024-03-11,103.57176971435547,103.68614580698691,103.10470976233694,103.49551413784648,1825100
2024-03-12,104.57258605957031,104.63930786407523,103.51456367946993,103.99115007511402,1568300
2024-03-13,104.40099334716797,104.63928649632965,104.1531664358435,104.53443692892812,1537700
2024-03-14,103.9339599609375,104.53445618950018,103.40018553554847,104.53445618950018,2614900
2024-03-15,103.47562408447266,103.83923101224904,103.23640727138661,103.62872634900026,1822500
2024-03-18,103.85836029052734,104.24110860673404,103.80095059820727,104.14541605244467,1242300
2024-03-19,104.22197723388672,104.26025279923293,103.4851926768455,103.69570463609088,1720200
2024-03-20,105.25538635253906,105.31279604535719,104.12628282510823,104.2793850730459,2196400
2024-03-21,105.57115936279297,105.90606142093625,105.54245451499744,105.70512018605028,2301700
2024-03-22,105.24581909179688,105.51374073416568,105.16927526563238,105.49460660270387,1649300
2024-03-25,105.03531646728516,105.24582843363677,104.9396312008484,104.94920191758743,2037100
2024-03-26,104.91091918945312,105.40849422146714,104.88221434151336,105.37021865744164,1369700
2024-03-27,105.69556427001953,105.71470570477504,105.08316976357354,105.3989377341743,1884700
2024-03-28,105.73381805419922,105.92518856041492,105.66683764699204,105.7146839237044,1294800
2024-04-01,105.45633697509766,105.95391202491777,105.24582501558281,105.86779017769913,3399000
2024-04-02,104.84393310546875,104.86306723628766,104.49946034819257,104.8152282590819,1929900
2024-04-03,105.11186218261719,105.341508270292,104.60472372635645,104.61429444260219,1207600
2024-04-04,104.03060913085938,105.96347777380484,103.98276284798261,105.86779250836912,3486100
2024-04-05,104.88221740722656,105.19798534442874,104.08801585619717,104.21241326799552,1544200
2024-04-08,105.11186218261719,105.341508270292,104.99704278893853,105.2075474441219,1005800
2024-04-09,105.27452850341797,105.6285720035079,104.50903910636394,105.53288674141584,1802900
2024-04-10,104.06887817382812,104.4707606436579,103.65742498795935,104.07844158954977,1517100
2024-04-11,104.6621322631836,104.86307350021163,103.59044566570076,104.39421061381289,2141000
2024-04-12,102.96847534179688,104.06887403233549,102.72925855256312,103.80095239644443,2353000
2024-04-15,102.00204467773438,103.92534984318327,101.78196930426405,103.90620841051428,2497400
2024-04-16,101.41837310791016,101.94465309505911,101.13131726972615,101.64802653883999,2299300
2024-04-17,101.03559875488281,101.94462692658814,100.69113329754767,101.868075802595,3519300
2024-04-18,100.88250732421875,101.71498440095307,100.69113680788125,101.2939605046299,1587600
2024-04-19,100.41364288330078,101.1217225430897,100.12657981295324,100.90163988244763,2264500
2024-04-22,101.35137176513672,101.80110051582619,100.58588238764426,100.92078444656705,1847400
2024-04-23,102.50918579101562,102.6718587716407,101.60973554087548,101.70542080574344,1763900
2024-04-24,102.48048400878906,102.86323238003418,102.03075522009989,102.7675471123024,1737400
2024-04-25,102.15513610839844,102.29866763692982,100.9303473588553,101.23654454624109,1332800
2024-04-26,103.07373046875,103.26510097844255,102.58572617862191,102.72925771104981,1168900
2024-04-29,103.52346801757812,103.62872399697244,103.07373925113286,103.43734617065658,920300
2024-04-30,101.94463348388672,103.33208801900078,101.90635791942817,103.12157606463755,3625900
2024-05-01,101.75326538085938,103.15986148271664,101.52361927249028,101.82981651708846,1521300
2024-05-02,102.9971694946289,103.1981107006842,101.88720750399257,102.62399192619532,1100100
2024-05-03,104.09760284423828,104.35595382394851,103.60959843776479,104.13587841536548,1376100
2024-05-06,105.02574920654297,105.03531262261407,104.52817415877621,104.58559115679091,744900
2024-05-07,105.05445098876953,105.32237263729189,104.9300608806177,105.207545944932,1336300
2024-05-08,104.98746490478516,105.0353038821126,104.58558245371296,104.652562862225,868400
2024-05-09,105.63814544677734,105.64771616332888,104.920495012085,105.04488512598395,1275000
2024-05-10,105.81038665771484,106.13571803209281,105.59030396892183,106.04003276317682,1168900
2024-05-13,105.7912368774414,106.09743409400625,105.61900048685384,106.00174883263927,708900
2024-05-14,106.44190979003906,106.47061463920348,105.81038120746886,106.0208931684315,716000
2024-05-15,107.67626190185547,107.7049667490193,106.8150799853545,107.03516264747253,1322800
2024-05-16,107.33177947998047,107.78150817927,107.28394050578326,107.65711808597744,1547800
2024-05-17,107.62842559814453,107.63798901389202,107.29351623873077,107.38920879874462,1779100
2024-05-20,107.69540405273438,107.96332569514234,107.56144323153039,107.64755777359699,961500
2024-05-21,107.68583679199219,107.71454164026873,107.37006886031527,107.46575412134291,879900
2024-05-22,107.14042663574219,107.52317499396663,106.80552455991494,107.45619457880119,1763500
2024-05-23,106.37493133544922,108.04944903719581,106.16441937060736,107.91548820508152,716500
2024-05-24,107.15955352783203,107.26480950173963,106.64284437419028,106.79594662726215,1187300
2024-05-28,107.0734634399414,107.54232642150126,106.64286873007227,107.37966071569953,1612200
2024-05-29,105.90607452392578,106.23140590628233,105.87736967257881,106.04003536375708,821000
2024-05-30,105.8390884399414,106.23140022121872,105.57116677461684,105.90606885627255,1088000
2024-05-31,106.63329315185547,106.63329315185547,105.14057521498505,106.10701322213865,1604700
2024-06-03,106.7385482788086,107.08302108452051,105.94434668228848,107.08302108452051,1738400
2024-06-04,106.52803802490234,106.65242814551203,105.94434838917094,106.41321132104238,1039000
2024-06-05,107.62842559814453,107.64755972995688,106.64284625235034,107.06387015539572,1506300
2024-06-06,107.7049789428711,107.81023492793321,107.41792313841646,107.81023492793321,929200
2024-06-07,107.17870330810547,107.71454663496108,107.08301804264093,107.45619568817507,820800
2024-06-10,107.42747497558594,107.54230166518163,106.76724158628308,107.0351632283558,737500
2024-06-11,107.24567413330078,107.26480826455546,106.43233849910975,107.03516218791358,2672800
2024-06-12,108.28866577148438,108.91063094887863,108.08772452346183,108.41306318715392,1069600
2024-06-13,107.90591430664062,108.3269382239098,107.38921242675997,108.30780409145103,838300
2024-06-14,107.56144714355469,107.5805812757152,106.99689169053302,107.37006932036196,1380300
2024-06-17,108.25994110107422,108.43217746789081,107.3030740188301,107.41790069681332,893600
2024-06-18,108.61400604248047,108.6905498759662,108.25996252387704,108.25996252387704,965500
2024-06-20,108.42262268066406,108.86278072711923,108.07814989642654,108.75753204890212,1390900
2024-06-21,108.13215637207031,108.29565604775709,107.83400904137716,108.14177615821274,1059500
2024-06-24,108.2475814819336,108.94005205348752,108.2475814819336,108.42070095925895,951700
2024-06-25,108.45915985107422,108.51687123237818,108.0552168706822,108.42069538053443,1968600
2024-06-26,108.29566192626953,108.39183777967374,107.89171893932351,108.06483841054998,846500
2024-06-27,108.49763488769531,108.6322825518324,108.19948753678422,108.39183924619512,1094600
2024-06-28,108.32452392578125,109.14203709938246,107.99752452653911,108.69000247522591,1192500
2024-07-01,108.46878051757812,108.80539967063575,108.07445732049551,108.77654764862328,2528300
2024-07-02,108.97852325439453,109.00737527749618,108.19948927966017,108.20910906660988,1245300
2024-07-03,109.81526184082031,109.84411386214268,109.19010780709688,109.19010780709688,1510200
2024-07-05,110.32501220703125,110.37310380619085,109.63253427052064,110.11342091112547,1308500
2024-07-08,110.29615783691406,110.61354477402271,110.16151016742815,110.50774912831983,1283700
2024-07-09,110.27692413330078,110.53659968164126,110.16150870195636,110.46927584779391,885400
2024-07-10,111.440673828125,111.46952585280457,110.61354821115418,110.65202002330956,1064400
2024-07-11,111.21946716308594,112.05621260078902,111.08481948406451,111.66188201383468,1379900
2024-07-12,111.96964263916016,112.61402897076646,111.59455164985215,111.66187548542672,1007900
2024-07-15,111.94078063964844,112.54669510582477,111.69071755647771,112.19084372281917,1740800
2024-07-16,112.76791381835938,112.77753360545051,112.05620366631389,112.14275973689145,853800
2024-07-17,111.37334442138672,112.10428680253993,111.32525282416064,111.76766763519996,2856300
2024-07-18,110.4308090209961,111.83499714585895,110.06533781186671,111.70034947208771,1007600
2024-07-19,109.6998519897461,110.45003393321925,109.54597208896186,110.21921041316922,1043000
2024-07-22,110.79627227783203,110.86359610988555,110.10380172145899,110.45965311756444,1057700
2024-07-23,110.45004272460938,110.90207735159196,110.39233867444071,110.60392997538982,1038200
2024-07-24,108.32452392578125,109.86336707297323,108.24758763862,109.79604323561468,1035100
2024-07-25,107.95905303955078,109.40171299108152,107.58396203917263,108.18987657722627,1196000
2024-07-26,109.19973754882812,109.58444832294204,108.64190729325033,108.77655496352804,730200
2024-07-29,109.05548095703125,109.64216329501568,108.70924195960606,109.36324813943715,761000
2024-07-30,108.77655029296875,109.54597180815978,108.19948782544917,109.35361276048833,1087500
2024-07-31,110.46926879882812,111.04633124323314,110.04608624864915,110.25767752373864,1307700
2024-08-01,108.46878051757812,110.69047426550573,107.87248582866094,110.35385511244809,2407600
2024-08-02,106.47791290283203,107.09344718006435,105.65078734197346,107.09344718006435,1864700
2024-08-05,103.60221099853516,104.65054027170704,101.8517840558718,102.303818637055,3283700
2024-08-06,104.38124084472656,105.54498549854418,103.41946767584454,103.64067873329607,1539600
2024-08-07,104.11194610595703,106.33363979025452,104.02539004239857,105.94893639077654,1847900
2024-08-08,106.3336410522461,106.43943668968224,104.77557318772652,105.18913595104591,668500
2024-08-09,106.77606201171875,106.9588012756299,105.9393239880151,106.23747134471434,1519500
2024-08-12,106.7953109741211,107.22810603561871,106.42021996409034,106.93957844053635,852600
2024-08-13,108.45915985107422,108.48801921059977,107.36273899701179,107.39159835653734,761900
2024-08-14,108.72846221923828,108.84387030604427,108.10330817729974,108.55534275128218,587600
2024-08-15,110.33462524414062,110.42118131203505,109.65176713678875,109.67099937262728,762400
2024-08-16,110.76744079589844,110.87323645699374,110.19999801161333,110.19999801161333,548200
2024-08-19,111.90231323242188,111.93116525512487,110.95015979448601,111.0271034135256,693400
2024-08-20,111.59454345703125,112.02734580059125,111.32524813450354,111.88307835273793,721800
2024-08-21,112.23892974853516,112.37357740980765,111.70995889003524,111.96963442599015,794200
2024-08-22,111.29638671875,112.53707492517552,111.12326726348722,112.47936354825686,828300
2024-08-23,112.91217803955078,112.96026229813404,111.98887662443207,112.04658066983093,1114400
2024-08-26,112.39282989501953,113.03721625338804,112.27741445592073,112.94104038967973,985000
2024-08-27,112.71981811523438,112.83523354288178,112.19084724844862,112.40243853026185,1046400
2024-08-28,112.06580352783203,112.6621055187943,111.5464524872078,112.60440147822422,1126900
2024-08-29,112.22932434082031,113.10453419400113,112.08505688390655,112.556323727927,1026600
2024-08-30,113.04684448242188,113.09492874899252,111.96004319964403,112.72945750451157,548000
2024-09-03,110.82513427734375,112.47937809544459,110.39233191433829,112.44091362285292,1386400
2024-09-04,110.58468627929688,111.18098096991397,110.26729936076036,110.36347521365855,1048900
2024-09-05,110.39234161376953,111.04634777150416,109.97877878847046,110.68087654779147,1570100
2024-09-06,108.51688385009766,110.74819762595376,108.36299659905683,110.46928248675324,1151000
2024-09-09,109.63253021240234,109.94991714451274,109.0843197559151,109.4017066880255,1132400
2024-09-10,109.74794006347656,109.91143974585776,108.71884303650789,109.78641187187458,2004300
2024-09-11,110.64239501953125,110.7962749231501,108.18987030892411,109.70947379755326,1010400
2024-09-12,111.59454345703125,111.64263505223143,110.35385514588812,110.77703770285864,1140900
2024-09-13,112.18122863769531,112.38320013488502,111.78690543015752,111.78690543015752,1053100
2024-09-16,112.61402893066406,112.63326850524865,112.00811441070869,112.39282518717542,1080700
2024-09-17,112.54670715332031,113.14300923463605,112.13314434516137,112.93141793682247,498600
2024-09-18,112.22932434082031,113.61427284904843,112.13314114437935,112.67173916100754,1042100
2024-09-19,114.2201919555664,114.53757154785212,113.56618585932262,114.17210035850168,780100
2024-09-20,113.79263305664062,114.06287731394747,113.28109823193786,113.85054043646245,1072900
2024-09-23,114.15939331054688,114.33312281550674,113.91810274052506,114.09183224548492,1003800
2024-09-24,114.93152618408203,114.94117250509689,114.2076544733614,114.68058192922315,1018400
2024-09-25,114.36206817626953,114.97977140144721,114.28486079582478,114.90256402100246,1654400
2024-09-26,115.7808609008789,115.99319777089102,115.28862609890571,115.94493671366882,1672600
2024-09-27,115.44304656982422,116.23447924663871,115.22105603299444,116.23447924663871,1873800
2024-09-30,115.52991485595703,115.57817591242653,114.57440631940854,115.34653904130033,891300
2024-10-01,114.79639434814453,115.55887336927073,114.15938376203788,115.54921968546824,1128000
2024-10-02,114.9701156616211,115.10523777083293,114.24624406358514,114.82533986929337,4538800
2024-10-03,114.33312225341797,114.70953495171317,114.0049706143314,114.29451487877182,2657900
2024-10-04,115.3465347290039,115.38514210001547,114.48754097390503,115.09559049923025,1791600
2024-10-07,114.651611328125,115.22105345537067,114.30415236914017,115.16314608340744,1825700
2024-10-08,114.84465026855469,114.91221132927676,114.3524228391239,114.59371339364606,1076300
2024-10-09,115.29827880859375,115.37549355405528,114.41033132659649,114.58406082208322,1305600
2024-10-10,115.11489868164062,115.29828186607385,114.65162492379324,115.0762986714897,877800
2024-10-11,115.90634155273438,116.03181736929109,115.00874764809843,115.09560872392608,1081600
2024-10-14,116.48542785644531,116.61089629109802,115.83876358842687,115.97389307045702,775200
2024-10-15,115.28863525390625,116.34066600334276,115.10525942182778,116.31171231215164,985000
2024-10-16,115.85807800292969,115.9545927557332,115.41410424915063,115.56852638091551,984000
2024-10-17,115.8001708984375,116.39856678539978,115.79051721405318,116.35995941146615,1100800
2024-10-18,116.36961364746094,116.51438945949744,116.09936939224811,116.35031364220445,737800
2024-10-21,115.77120971679688,116.20553715036553,115.33688964683185,116.05110765480237,877600
2024-10-22,115.4913101196289,115.71329329765395,115.12454377812186,115.19210483625162,825300
2024-10-23,114.48754119873047,115.16315178375191,113.8505306211933,115.16315178375191,1073200
2024-10-24,114.78675842285156,114.94118056956583,114.27522355622877,114.94118056956583,760700
2024-10-25,114.59371185302734,115.56852037839693,114.41032867770288,115.14385401539751,1119900
2024-10-28,115.19210052490234,115.41409105822191,115.08593209987161,115.22105421107385,1504600
2024-10-29,115.0956039428711,115.30794082643499,114.6709301757433,114.94117444078682,763900
2024-10-30,114.6709213256836,115.26932455467073,114.49719183104884,114.74813607076646,966200
2024-10-31,113.0108413696289,114.02426465113113,112.9529339924928,114.02426465113113,976100
2024-11-01,113.46446990966797,114.21729527425677,113.35830147480509,113.65750677469296,1508700
2024-11-04,113.40655517578125,114.0146046930607,113.16526463285406,113.71540677618394,1424400
2024-11-05,114.777099609375,114.777099609375,113.6961225398596,113.74437623697496,782800
2024-11-06,116.28276062011719,116.38892170177509,115.14386877752725,115.8870405307577,1850600
2024-11-07,117.50849151611328,117.72082836684451,117.00661043915085,117.05486412838798,2380800
2024-11-08,117.18034362792969,117.32511206382438,116.87148466174624,117.07417519920489,2177400
2024-11-11,117.31547546386719,117.54711234409372,117.06453121485298,117.32512178465737,1076700
2024-11-12,116.3792724609375,116.99697574681974,115.8580839327986,116.86185361325825,1352600
2024-11-13,116.13797760009766,116.52404398043191,115.77121122515842,116.31170710306787,1305900
2024-11-14,115.53958129882812,116.41788255105958,115.42375916867329,116.27310672926707,1021200
2024-11-15,114.39102935791016,115.17281580630394,114.14973878965607,115.12455474721162,1803700
2024-11-18,115.06664276123047,115.26932594681833,114.4392858361613,114.63231533759637,1916000
2024-11-19,115.3658447265625,115.50096685500672,114.30416770438478,114.35242876323075,1369100
2024-11-20,115.33687591552734,115.38513696804608,114.36206009075052,115.25001485731694,1529200
2024-11-21,115.88702392578125,116.09936078588056,114.99907647773244,115.71329443693665,996100
2024-11-22,116.38890075683594,116.47576917987429,115.78085124997892,115.86771967301728,1168700
2024-11-25,116.88114929199219,117.421645169831,116.47578290631589,117.19965460799659,1214400
2024-11-26,116.9583511352539,117.07417324564003,116.54333111087396,116.91974376512519,1368900
2024-11-27,116.8135757446289,117.26720314071596,116.60123888998365,117.10312733980025,1715500
2024-11-29,117.69187927246094,117.81734770569612,116.94870026590566,117.00661500429376,616500
2024-12-02,117.94282531738281,118.07794744479857,117.54711261955198,117.84631056402922,1477900
2024-12-03,118.13585662841797,118.20341768894653,117.79805132577512,118.0682955678894,985900
2024-12-04,118.61843872070312,118.6763460977502,118.26132604717162,118.40610185339268,2169000
2024-12-05,118.63774108886719,118.98520008527899,118.60878739976678,118.84042427617348,1037200
2024-12-06,118.78252410888672,119.06242205985481,118.62810196977561,118.90799255713974,1037500
2024-12-09,118.54122924804688,119.33266201183952,118.4833218684242,119.21683988899045,1629000
2024-12-10,117.78840637207031,118.4736707121087,117.74014531228575,118.4736707121087,1122400
2024-12-11,118.68599700927734,118.81146544448283,118.29993065624085,118.43505277526315,1061700
2024-12-12,117.88492584228516,118.425414388188,117.87527215722142,118.36750700501389,1173400
2024-12-13,117.7497787475586,118.21305980556691,117.4698808488706,118.17445243709933,1158600
2024-12-16,117.90422821044922,118.15516510262742,117.71119133538463,117.82701346042339,1635000
2024-12-17,117.41197967529297,117.60500916421688,117.19964281931489,117.60500916421688,1776400
2024-12-18,113.9470443725586,117.66292464855292,113.90843700180818,117.36371936613799,1985500
2024-12-19,113.92774963378906,115.15350241644589,113.91809594975459,114.90256554037654,2015800
2024-12-20,114.84860229492188,115.68485551278022,113.1760958592052,113.34139983003894,2673700
2024-12-23,115.48065185546875,115.5681631014882,114.28461289548146,114.83887304310431,1931500
2024-12-24,116.39469146728516,116.42386930162702,115.5292678498644,115.65568287584593,1222600
2024-12-26,116.53083038330078,116.7253121942544,115.99602209530401,116.24884474018245,944000
2024-12-27,115.61679077148438,116.07381374960896,114.97501192933773,115.93768019255769,1588000
2024-12-30,114.49853515625,115.06252122880801,113.8762082550556,114.51797962622152,2054500
2024-12-31,114.23599243164062,114.99445286833065,113.97344386895762,114.8777637939469,1821400
2025-01-02,114.00261688232422,115.05279631955862,113.39974186439929,114.72218839601553,2520300
2025-01-03,115.17920684814453,115.29589592815317,114.25544240892293,114.56660587022388,1595800
2025-01-06,115.8890609741211,116.68641786612405,115.64596427023334,115.78209783091268,1640800
2025-01-07,114.75135803222656,116.45303477929225,114.57632812720807,116.40441247617306,6187500
2025-01-08,114.7902603149414,114.98473470001066,114.08041471386633,114.64440081677833,5568500
2025-01-10,112.95245361328125,114.05124802035702,112.6801790790867,114.05124802035702,5313800
2025-01-13,112.99132537841797,113.03022173453232,111.96059790691258,112.04811656285021,4232900
2025-01-14,113.38028717041016,113.75951738801979,112.74823433482017,113.61365790000337,1523000
2025-01-15,115.11112976074219,115.39312278145954,114.67355873267267,114.99444810990842,4747500
2025-01-16,115.21810150146484,115.61678362154727,114.95556034873695,115.40285735406128,4770300
2025-01-17,116.18077087402344,116.49193433384579,115.96684460438517,116.0932522097523,1390800
2025-01-21,117.59072875976562,117.61989917496881,116.74474962526295,117.07536497458386,2170800
2025-01-22,117.89215850830078,118.193603422559,117.86298809501938,118.02829204942839,1517000
2025-01-23,118.52421569824219,118.54366758696085,117.7754811944542,117.872718381882,1362900
2025-01-24,118.533935546875,118.97150657715842,118.37835012001419,118.72840991172953,1365700
2025-01-27,117.18232727050781,117.33790529005161,116.52110399532212,116.66696348901581,2418600
2025-01-28,117.94078826904297,118.08664776339683,116.85171245241918,117.40597259598619,1776400
2025-01-29,117.58099365234375,118.04774251538838,117.15314856483448,117.892157088133,1473400
2025-01-30,118.57283782958984,118.99096441177342,118.0380221714288,118.22277802037932,1476500
2025-01-31,117.72685241699219,119.27295106133714,117.63934117873642,118.86454302664586,6053000
2025-02-03,116.80309295654297,117.24066400361147,115.53898728033346,115.92794344368421,2300300
2025-02-04,117.89215850830078,117.98939569214599,117.0364609042527,117.12397214409692,2286000
2025-02-05,118.51448822021484,118.52421416444832,117.58099787928886,117.98939851243364,3403700
2025-02-06,118.90345001220703,118.92290190159478,118.31029350415648,118.86455365215363,1263200
2025-02-07,117.94078826904297,119.32157565565241,117.84355107904776,119.11737533104584,1671300
2025-02-10,118.71868896484375,118.84510398416944,118.40752551674647,118.63117772259223,1750600
2025-02-11,118.7867660522461,118.92289960043773,118.32001715935908,118.33946162964847,1484700
2025-02-12,118.67007446289062,118.91317113933408,117.62962098446144,117.83382130242734,1819600
2025-02-13,119.95362854003906,119.97307301055274,118.77704147782693,118.903449082971,1604800
2025-02-14,120.08004760742188,120.32314431501896,119.92446957229556,120.16756627989267,1448800
2025-02-18,120.54678344726562,120.5565093917547,120.10920496992031,120.42036842507339,2276400
2025-02-19,120.40093231201172,120.45927314555183,119.92446486108172,120.09949478042452,1587700
2025-02-20,120.2356185913086,120.43009296649281,119.63273615828251,120.3814780820577,1296300
2025-02-21,118.54366302490234,120.31340647537952,118.35890718279443,120.29395458740943,1779300
2025-02-24,117.9602279663086,118.92289613885657,117.74630170574238,118.81593300857347,1688600
2025-02-25,117.82410430908203,118.48532761598948,117.00730297516704,118.31029769890449,1682200
2025-02-26,117.99913024902344,118.95207252519454,117.60045554054193,118.08664891397731,1445600
2025-02-27,116.21966552734375,118.20333546322989,116.18077658433637,118.08665379676287,2786500
2025-02-28,117.24067687988281,117.30874365954067,115.4709331900557,116.02519337261906,2975200
2025-03-03,115.99600219726562,118.37834647767885,115.30560857893657,118.1352498197297,3613000
2025-03-04,115.15003967285156,116.69613849690045,113.91511173758128,115.32506958842836,2562300
2025-03-05,117.055908203125,117.33790123619784,115.35423147917365,115.76263953115051,3412400
2025-03-06,115.31533813476562,116.74474780723847,114.94583385007601,115.90849463040023,1798900
2025-03-07,116.04463195800781,116.27801012104435,114.25544388706092,115.15003792253437,2314700
2025-03-10,113.08858489990234,114.70274308866549,112.2037093736663,114.2068237561736,2893800
2025-03-11,112.63156127929688,113.64284440971238,111.7564117030986,113.07885830297103,2010900
2025-03-12,113.24417114257812,113.81788323918889,112.28151024272543,113.61367547314713,1426300
2025-03-13,111.90227508544922,113.09830669882257,111.61055607701923,112.88438041513692,1691000
2025-03-14,114.22627258300781,114.37213207909072,112.89410006624301,112.97189278665019,2054900
2025-03-17,115.36396026611328,115.77236090943185,114.27488446520847,114.27488446520847,1370800
2025-03-18,114.53742980957031,115.11113439921128,114.15819959163639,115.02362315755964,1689900
2025-03-19,115.48065185546875,116.14187513848569,114.5082651109569,114.77080626773737,1170400
2025-03-20,114.98473358154297,115.56816414979791,114.29433987692371,114.43047342889245,1589300
2025-03-21,114.72620391845703,114.83351644071975,113.80917978678683,114.08233622783561,905300
2025-03-24,116.17979431152344,116.28710683715764,115.37983294776714,115.37983294776714,1425800
2025-03-25,116.40416717529297,116.62854992152036,116.17003415880458,116.48221399510723,1325100
2025-03-26,115.13593292236328,116.4139254129776,114.8432685111729,116.17978495247998,1208200
2025-03-27,115.00910949707031,115.55542233842957,114.51157033485856,114.92131240883225,1073900
2025-03-28,112.98970031738281,114.609138383362,112.83361411606997,114.57011497229513,2363400
2025-03-31,113.11651611328125,113.38967997938038,111.04832751349662,111.70195287501518,3541500
2025-04-01,113.48724365234375,113.77990808160915,112.17998538416927,112.73605598702393,1659100
2025-04-02,114.16036987304688,114.5018228501568,112.4238690625237,112.45313475931498,1239200
2025-04-03,109.65327453613281,111.49708787361331,109.54596201867483,111.08735323038529,4738200
2025-04-04,103.11699676513672,106.6387794709777,103.00968424943873,106.34611506330947,6540300
2025-04-07,101.87804412841797,105.70224929237538,98.4245502240532,99.5952228438916,5704300
2025-04-08,100.63907623291016,105.65346913760854,99.33181802596279,105.39982068976123,4175700
2025-04-09,109.24353790283203,109.88740555289615,99.96593254758108,100.40493287976324,5328500
2025-04-10,106.19978332519531,107.55581523016647,103.4682040881997,107.3119244926831,3325400
2025-04-11,108.39480590820312,108.59967324577195,105.7412733479601,106.35587536066659,3186900
2025-04-14,109.41914367675781,110.20934728185571,108.4435807300376,109.88740972312894,4323200
2025-04-15,109.52645111083984,110.39470899962757,109.35084947893235,109.76059158201969,1895400
2025-04-16,107.89726257324219,109.38012244992241,107.02901212875966,108.70698162149819,2762100
2025-04-17,108.46310424804688,109.24355769438064,108.00458840654746,108.51188537955112,1728700
2025-04-21,106.78511047363281,108.19968109582621,105.77052419932122,108.00456405675436,1751700
2025-04-22,109.11670684814453,109.64351169750677,107.83872185464512,107.86798755022843,1868700
2025-04-23,110.51177978515625,112.11170257249425,110.16057649594006,111.37028002233149,3889200
2025-04-24,112.43362426757812,112.52142135599333,110.49225617987013,110.49225617987013,3142600
2025-04-25,112.97020721435547,113.03849633197923,111.8190424865866,112.25804289374571,2300000
2025-04-28,113.29212951660156,113.5067545693803,112.24827739505007,113.16530900493917,5356400
2025-04-29,113.8091812133789,114.02379881763974,112.98970443700568,113.03848556335649,2407600
2025-04-30,113.7506332397461,114.11159419407657,111.68244464453981,112.70678122906529,2252900
2025-05-01,114.16036987304688,115.07740140159686,114.01404138909054,114.79448726102389,1487600
2025-05-02,116.15052032470703,116.31637167982463,115.44811382265804,115.72127769575282,1592700
2025-05-05,115.89688110351562,116.3944128476559,115.6822560642608,115.85785769247342,1761900
2025-05-06,115.24324798583984,115.94565449694468,114.89204473028742,115.09691949848849,5454600
2025-05-07,115.32129669189453,115.71152336476784,114.57011648705104,115.25300758236331,2984500
2025-05-08,115.72128295898438,116.62855682490317,115.3310562797695,115.9846816877554,1578200
2025-05-09,115.88713073730469,116.49198248237482,115.63348227092622,116.33588882830959,3546500
2025-05-12,118.75528717041016,118.75528717041016,117.69191963091964,118.53090440568849,2741900
2025-05-13,119.34061431884766,119.73084097716809,118.57967642874775,118.71625464271673,2485200
2025-05-14,119.34061431884766,119.74059124748413,119.0577001776392,119.65279415691312,1765700
2025-05-15,120.01374816894531,120.04302130887713,119.07720865089767,119.35036507995892,1986500
2025-05-16,120.59909057617188,120.61859855962767,119.73084017477868,120.01374687113676,1314200
2025-05-19,120.9307861328125,120.96980954517521,119.69182442285481,119.72109012138812,2304000
2025-05-20,120.80396270751953,120.9405409260133,120.30642351560384,120.7454238689117,1891100
2025-05-21,119.29183959960938,120.92102798438384,119.11623796608576,120.36495738538487,1696600
2025-05-22,119.20404052734375,119.77961910143065,118.85283726612118,119.26257192322927,1431200
2025-05-23,118.93087005615234,119.30158125794352,118.04310429421439,118.18944020961617,1955900
2025-05-27,120.86248779296875,120.90151120235167,119.88692488725881,120.24788584183503,2606700
2025-05-28,120.03326416015625,120.88200659126399,119.90644365833973,120.88200659126399,1893800
2025-05-29,120.52105712890625,121.0673700417374,119.79914257367147,121.0673700417374,1700100
2025-05-30,120.3552017211914,120.60884272483894,119.21378743295952,120.2381314897702,1695200
2025-06-02,121.15516662597656,121.18443232396223,119.70157245374773,120.19911164836816,1822900
2025-06-03,121.46734619140625,121.63319010823948,120.65762714857857,120.9015178884938,1556700
2025-06-04,121.7502670288086,122.1014703090093,121.65270477312107,121.808798427857,1517300
2025-06-05,121.41856384277344,122.32583768383417,121.0966262830202,122.26730628858981,1882400
2025-06-06,122.36485290527344,122.57947793074437,122.00389195853103,122.2672981054105,2745700
2025-06-09,122.56974029541016,122.9209435868089,122.31609181985432,122.63802941079572,2784400
2025-06-10,123.15505981445312,123.18432551091372,122.5307001467793,122.85263769375452,1676100
2025-06-11,122.92092895507812,123.62333545426557,122.6770382230244,123.51602293672558,1978300
2025-06-12,123.4477310180664,123.48675442746081,122.80385592749005,123.02823867076934,1527800
2025-06-13,121.89659881591797,122.84289615516464,121.65270805602782,122.31609122064725,3691800
2025-06-16,122.95994567871094,123.55503962799676,122.72581267269894,122.90141428794647,2468200
2025-06-17,121.76001739501953,122.66729129575346,121.59417346894955,122.50144736968346,2368400
2025-06-18,121.82830047607422,122.50144130414678,121.65269884453159,122.07219121749706,2208700
2025-06-20,121.2940673828125,122.57817810114805,121.16663974512159,122.57817810114805,2992100
2025-06-23,122.45075225830078,122.45075225830078,120.75495269581354,121.13724311642451,3919800
2025-06-24,123.9897232055664,124.17596994852006,123.28395394657093,123.39178022106121,4473800
2025-06-25,123.77405548095703,124.18575915061808,123.52899715599557,123.98970800349697,3086100
2025-06-26,124.93073272705078,124.99934875980448,124.23476797238133,124.38180446502118,2036700
2025-06-27,125.4698715209961,125.84236498836981,124.80331252939732,125.27382783817939,2292900
2025-06-30,125.9795913696289,126.13641733449148,125.46006142432424,125.70512723465242,4038900
2025-07-01,125.98938751220703,126.20504003933355,125.58748826100091,125.74432918203357,2137600
2025-07-02,126.55791473388672,126.55791473388672,125.6855077449946,125.78353705226564,2313700
2025-07-03,127.2244873046875,127.38132823951875,126.80299411915018,126.80299411915018,1389800
2025-07-07,126.06781005859375,126.88140552309191,125.62670804841791,126.63634718886381,2520500
2025-07-08,126.33246612548828,126.61672718701062,126.10700170868283,126.34226307341237,4461700
2025-07-09,127.08724212646484,127.08724212646484,126.42069065789914,126.82258990303782,3199200
2025-07-10,127.32250213623047,127.47934305320987,126.76377693560437,127.05783495847439,2039700
2025-07-11,126.68535614013672,126.89119675559819,126.46970361915695,126.65595033792793,2440700
2025-07-14,126.91082000732422,126.97942856787057,126.3912974997992,126.53832652752335,1767300
2025-07-15,126.26385498046875,127.47934971481678,126.23444917664511,127.42053810716949,1771300
2025-07-16,126.76378631591797,126.83239487394019,125.66591477299458,126.72456860518453,3184000
2025-07-17,127.41071319580078,127.49894555543935,126.69514711384303,126.75395871548719,1775700
2025-07-18,127.30289459228516,127.91064941254096,127.14606863086509,127.91064941254096,2014300
2025-07-21,127.6165771484375,128.25372281769918,127.58717134568225,127.69499760817597,3618100
2025-07-22,127.9694595336914,128.03806808654707,127.21467570924068,127.71458930463962,2568300
2025-07-23,129.43980407714844,129.43980407714844,128.5183824259882,128.85165814235648,2981300
2025-07-24,129.09671020507812,129.45940666208026,129.06730440547955,129.35158041116154,2582000
2025-07-25,129.37120056152344,129.4300121726562,128.80266339194867,128.8908957658226,1400400
2025-07-28,128.72425842285156,129.0967369473161,128.49879396966207,129.0673311416261,1876800
2025-07-29,128.48899841308594,129.08694139722218,128.33215747625596,129.02812978520467,2040400
2025-07-30,128.03807067871094,128.7830575698856,127.54795402174797,128.48898458427317,2920000
2025-07-31,127.3617172241211,128.70464713973067,127.16567353749309,128.70464713973067,3032900
2025-08-01,125.87177276611328,126.52852734029045,125.26402537411498,126.52852734029045,7426700
2025-08-04,127.63619232177734,127.65578621980204,126.79319103431955,126.94022005537506,2642400
2025-08-05,127.38131713867188,128.04788357502827,127.04804139908042,127.94005731137533,1751900
2025-08-06,128.21453857421875,128.33216180221874,127.48916043480943,127.78323346198486,2104900
2025-08-07,128.4497833251953,129.2731907817918,127.90085499224783,129.1653645051646,2398700
2025-08-08,129.20455932617188,129.3417914009803,128.7732542461527,128.81247195734048,1731200
2025-08-11,128.86148071289062,129.37119127757998,128.6654220802846,129.30258272190682,2595000
2025-08-12,130.4004364013672,130.4004364013672,129.19475361466726,129.39079728578682,1918900
2025-08-13,131.05718994140625,131.10620459811122,130.63569679952465,130.91995787693628,3866700
2025-08-14,130.7435302734375,130.84154463508082,130.27300749172286,130.45925422317148,2047500
2025-08-15,130.7435302734375,131.2238350469902,130.56708049100098,131.2238350469902,1812000
2025-08-18,130.81214904785156,130.87096066086582,130.5474818321122,130.73372857810747,3237800
2025-08-19,130.2141876220703,131.02778305368045,130.00834700565667,130.743521978623,2295900
2025-08-20,130.04754638671875,130.29260470469112,129.2535598296359,130.2828077565544,3283300
2025-08-21,129.57704162597656,129.9691289610068,129.31237444838595,129.64565017887895,1920300
2025-08-22,131.7923583984375,131.99821396354187,130.03774744974683,130.11616790515933,2948400
2025-08-25,130.9297637939453,131.60611217971453,130.9101549407256,131.42967737225453,1977600
2025-08-26,131.27284240722656,131.31206011544253,130.704305295481,130.73371109805635,2130600
2025-08-27,131.33164978027344,131.42967909048116,130.74351879054538,130.81212734195256,1827600
2025-08-28,131.85118103027344,131.92960149224595,131.29245580483325,131.54731108836359,2474300
2025-08-29,131.12579345703125,131.44927219334934,130.79250281656445,131.38064869299203,4013100
2025-09-02,130.18478393554688,130.23379859264253,129.28297108224564,129.6946672789371,2749600
2025-09-03,130.6651153564453,130.79253552770794,130.1455928504427,130.53768022800799,4118400
2025-09-04,131.59632873535156,131.60612568438046,130.5768926209047,130.80234210596208,2359400
2025-09-05,131.7237548828125,132.6255677187658,131.0179857142972,132.39030634353634,9392700
2025-09-08,132.43934631347656,132.53737564451893,132.03744699624914,132.22369375092407,1983600
2025-09-09,132.5667724609375,132.64519292901727,132.0864527028895,132.41972847434732,2166800
2025-09-10,132.85101318359375,133.3509267640665,132.5765490660198,133.1744919558429,2100300
2025-09-11,134.16453552246094,134.24295598631213,133.2333168196361,133.3313461387436,2223400
2025-09-12,133.89987182617188,134.2037417493597,133.81163946365538,134.0665096886564,1549200
2025-09-15,134.65464782714844,134.67425668176745,134.35077788783522,134.44880720375662,2017000
2025-09-16,134.6056365966797,134.88989765702544,134.31156363127806,134.88989765702544,2512200
2025-09-17,134.4095916748047,135.1839843944938,133.61560505735238,134.66446191746513,4474400
2025-09-18,135.03695678710938,135.38004448281424,134.48802843972214,134.82130422818216,2821500
2025-09-19,135.22186279296875,135.35957267941697,134.71036249648168,135.24153992224763,2449500
2025-09-22,135.77268981933594,135.8415522608363,134.9956158908708,135.1136486371565,2562800
2025-09-23,135.26123046875,136.08750497034097,135.08418129578735,135.94979505495166,3087500
2025-09-24,134.65135192871094,135.33007033022835,134.4546256551884,135.26120787940656,2253500
2025-09-25,133.89395141601562,134.13003196989473,133.26441828159187,133.98249100450394,2857200
2025-09-26,134.62184143066406,134.6415185604548,133.903783790451,134.05132474075086,2719700
2025-09-29,135.1333465576172,135.3497499652727,134.85792676773792,135.1923629398409,2553600
2025-09-30,135.54647827148438,135.66451103769867,134.76938920256526,134.99563868348014,2948900
2025-10-01,136.244873046875,136.33341264003602,135.40878251677927,135.40878251677927,2029800
2025-10-02,136.44161987304688,136.76621002715993,135.86125700015825,136.69736257331195,2271200
2025-10-03,136.80555725097656,137.3662279521063,136.53996849293907,136.8547425779101,1941100
2025-10-06,137.29737854003906,137.51378196805095,136.9432652041336,137.3367177954711,2161800
2025-10-07,136.45143127441406,137.39572342337541,136.27436711570064,137.29736778787068,2614700
2025-10-08,137.1891632080078,137.21867139896628,136.58913830976408,136.7268482039879,1640000
2025-10-09,136.47109985351562,137.34654450369092,136.1366486878487,137.31703631396326,2443800
2025-10-10,132.94964599609375,136.7957068767994,132.90046067610407,136.55962634640042,3920700
2025-10-13,135.07432556152344,135.32023715189098,134.36609898052473,134.5923334410722,2499800
2025-10-14,135.00547790527344,135.65468817720281,133.26441945210064,133.84478227599425,3824500
2025-10-15,135.7628936767578,136.6088302642877,134.70055365921417,136.07765275088866,4691400
2025-10-16,135.39892578125,136.66783808764941,134.7792387334594,136.39241828657507,3535600
2025-10-17,135.82191467285156,136.028472038983,134.71038929091355,135.0546715801392,7243900
2025-10-20,137.16949462890625,137.34655879494827,136.4022515976495,136.5202843688417,2800400
2025-10-21,136.8153839111328,137.15966617933708,136.5596412322623,136.99244808054627,1680700
2025-10-22,136.22518920898438,136.992432165717,135.43826912254642,136.9038925866692,2137400
2025-10-23,137.1203155517578,137.34656505252252,136.36291855642884,136.36291855642884,1688100
2025-10-24,137.9859161376953,138.26133592964658,137.8088669896922,137.87771443305354,1490100
2025-10-27,139.36302185058594,139.4220532453671,138.93023002029994,138.95973821306367,2165600
2025-10-28,139.4613800048828,139.7663079756252,139.1072667141895,139.48105713471367,2213600
2025-10-29,139.27450561523438,139.88437665714315,138.53677073344122,139.8450223915983,3234400
2025-10-30,138.044921875,138.96955182349888,138.02525975512899,138.49740578931394,5374300
2025-10-31,138.29086303710938,138.6843306574695,137.68100698711996,138.6843306574695,2426700
2025-11-03,138.45806884765625,138.8711985553936,137.7990275275095,138.79252004756583,2903100
2025-11-04,136.71702575683594,137.6318097526874,136.62848616912956,136.97276843100593,2352300
2025-11-05,137.46458435058594,137.95640755040915,136.68751029893656,136.7661888027657,2283500
2025-11-06,136.2350311279297,137.49409736288436,135.92025706456428,137.3170482091814,3046900
2025-11-07,136.55963134765625,136.58913953888026,134.66118599314487,135.8514047397741,2999400
2025-11-10,138.4678955078125,138.6056053910876,137.31703112417375,137.74982289357297,4168700
2025-11-11,138.84169006347656,139.01875422884171,138.20232587629127,138.35971291011504,2296900
2025-11-12,139.17613220214844,139.31384209546576,138.80234177346455,139.2351485836769,2500000
2025-11-13,137.01210021972656,138.85152919090118,136.7858657507008,138.77283567792418,3749900
2025-11-14,136.96292114257812,137.67114770479674,135.47760557022292,135.88090416995195,3513600
2025-11-17,135.45794677734375,137.02194088680355,134.8284137076035,136.38256174754636,5049700
2025-11-18,134.44479370117188,135.19237463200136,133.49067042394933,134.5136561592237,6751900
2025-11-19,134.58251953125,135.44811823335934,133.84478466613447,134.40545535881006,3084100
2025-11-20,132.52667236328125,136.60881383931724,132.46765598205587,136.24485447300637,8104200
2025-11-21,133.92344665527344,134.7693831299492,132.28075902604596,133.0676791202738,4733900
2025-11-24,135.54647827148438,135.64483390691194,134.1693642922207,134.36610558158202,4783000
2025-11-25,136.80555725097656,136.96294429346207,134.86777244198026,135.59567625653492,2834700
2025-11-26,137.92691040039062,138.23183840721043,137.2186837352105,137.35639364181475,4283700
2025-11-28,138.5859375,138.63512282071642,137.9760815490235,138.0350979301822,1657600
2025-12-01,137.92691040039062,138.54661248473678,137.779369432334,137.87772507462037,2803700
2025-12-02,138.18263244628906,138.4974064768094,137.7596717281857,138.35969659076972,1996100
2025-12-03,138.75315856933594,138.89086846475425,137.9465763273867,138.0547780315906,2790200
2025-12-04,138.96957397460938,139.23516272771968,138.53676712043085,139.18597740169864,3958100
2025-12-05,139.24497985839844,139.83517369309646,139.07776177405964,139.38268975192761,3904200
2025-12-08,138.822021484375,139.46138564182255,138.50724743136806,139.46138564182255,3191700
2025-12-09,138.66464233398438,139.15646556280342,138.6154570092517,138.71382765871704,2519300
2025-12-10,139.8450164794922,140.1499444829281,138.51710275395632,138.70398297500284,4262300
2025-12-11,140.22862243652344,140.32699307605347,139.09743512818937,139.58925830733503,3182500
2025-12-12,138.91055297851562,140.30732913749893,138.39905262152405,140.28765200589248,3720700
2025-12-15,138.91055297851562,139.87452229767942,138.69414955860586,139.79582878050738,3988200
2025-12-16,138.3793487548828,138.8613408259702,137.74981574838642,138.60559820151101,3710000
2025-12-17,137.1104736328125,138.6941449664879,137.0514572492009,138.54660400745888,2635000
2025-12-18,138.143310546875,138.95973890566614,137.88755286264296,138.31052864312082,2186900
2025-12-19,139.308349609375,139.56613897346622,138.67377837291286,138.71343245609162,3108300
2025-12-22,140.14120483398438,140.28001680263938,139.77434787311824,140.03213720651473,3065500
2025-12-23,140.80552673339844,140.84519594302785,140.1808804107558,140.2502788335514,2762600
2025-12-24,141.15255737304688,141.25171526292903,140.80551988782918,140.83526422891984,1430100
2025-12-26,141.2913818359375,141.400449472705,141.02366761307707,141.34096078526292,1699000
2025-12-29,140.80552673339844,141.0930755504146,140.46841409840138,140.91459436582343,2760400
2025-12-30,140.77578735351562,141.14265947335304,140.7460430099303,140.94434367695612,2538600
2025-12-31,139.86358642578125,140.84519511181313,139.83384208342002,140.76587182239302,3672600
2026-01-02,140.894775390625,141.26163236946132,140.18088090846683,141.0534068415941,4387700
2026-01-05,142.0845947265625,142.2828953876398,141.46984300904109,141.51942195665305,7382400
2026-01-06,142.91746520996094,142.9967884995052,142.27298428529843,142.332472970114,4700600
2026-01-07,142.32254028320312,143.04635958701036,142.24323212738693,142.89762275377328,7542300
2026-01-08,142.42172241210938,142.501045710796,141.90612853533247,142.10444434673514,3070000
2026-01-09,143.3636474609375,143.53220378003945,142.50103126042433,142.699331922346,3998700
2026-01-12,144.0081329345703,144.08745621938024,143.14550166811813,143.15542653457538,3400800
2026-01-13,143.47271728515625,144.02796519876358,143.15543924711105,143.94864190690956,4232100
2026-01-14,143.37356567382812,143.45287383141934,142.62000201238138,143.26449804542767,4545100
2026-01-15,143.7007598876953,144.31551160692987,143.6016171215657,144.10728607812754,4058600
2026-01-16,143.7007598876953,144.00814331199794,143.2545796166854,143.99821844482548,3127300
2026-01-20,141.24179077148438,142.52085795926033,141.07323446173285,141.94577548102995,7591400
2026-01-21,142.8976287841797,143.52229022552348,141.51941879582444,141.88629089646253,6825900
2026-01-22,143.6908416748047,144.09736784125943,143.33389445317587,143.77016496065218,5293000
2026-01-23,143.9684600830078,144.0874525718953,143.28431000703927,143.51237011860826,3791700
2026-01-26,144.60304260253906,144.91041089174388,144.29567431333425,144.43448628682577,4678600
2026-01-27,145.8027801513672,145.90192291130094,145.23760741520286,145.26735175611995,4936900
2026-01-28,145.55490112304688,146.01099110512772,145.07897653715432,145.90192347821798,4430300
2026-01-29,145.47560119628906,146.22914983906426,143.6214663704737,146.22914983906426,8850000
2026-01-30,144.2163543701172,145.15829386418935,143.3735727719982,144.86085043507134,13316000
2026-02-02,144.910400390625,145.18802431748972,143.8395738895007,143.94862638349747,4177400
2026-02-03,144.37498474121094,145.31692412952046,143.16533116738387,145.20785650796657,5718700
2026-02-04,143.89907836914062,145.15829591518758,143.08602597307475,145.02940880387226,7009800
2026-02-05,142.15399169921875,143.48263788655774,141.9061120930588,142.78856288581343,8561300
2026-02-06,145.21780395507812,145.41610462618343,143.3933984445436,143.41323305046558,2636500
2026-02-09,146.4175262451172,146.67531559298922,145.0789854285034,145.22770714278136,3890200
2026-02-10,146.3282928466797,147.04218733215086,146.28862363672536,146.96286404161287,3727000
2026-02-11,146.72488403320312,147.45861307296025,145.87217763054417,147.27022216211927,4919800
2026-02-12,144.72203063964844,147.4090369999855,144.55345919976108,147.25039042677972,6120400
2026-02-13,145.0988006591797,145.75320644159902,143.8594026452205,144.6427106624901,5372200
2026-02-17,145.0492401123047,145.44585660470477,143.5322179611334,144.39484937624593,5586700
2026-02-18,145.7631072998047,146.4076033054254,145.10871668661864,145.37641574818002,3300900
2026-02-19,145.4359130859375,145.51523637424515,144.78152243379733,145.07898098260847,3861100
2026-02-20,146.6951446533203,146.78437767851432,145.0194761320612,145.0888896823477,5087100
2026-02-23,145.40615844726562,146.84387214314808,144.95997822032967,146.39767678684294,6073200
2026-02-24,146.447265625,146.6257468054557,145.09879998688552,145.3566044553915,6002800
2026-02-25,147.64700317382812,147.7461459325792,146.96285308215647,147.23056727658658,5340100
2026-02-26,147.14132690429688,147.8056575569605,146.00108677747727,147.8056575569605,6394100
2026-02-27,146.58609008789062,146.77448102189229,145.86228582563774,146.33821046512458,5198300
2026-03-02,145.70362854003906,146.20931261615777,144.06762920162896,144.23618551721174,7713300
2026-03-03,142.8183135986328,143.383486387985,140.07181833301937,141.66816367306956,13870600
2026-03-04,144.0279541015625,144.35515698173566,142.69932310646158,143.25457097728764,5318000
2026-03-05,142.352294921875,143.6313469198325,141.09306239751402,142.78855028153606,10527800
2026-03-06,140.7261962890625,141.42027125795545,139.83383579958556,140.48824156086587,7498700
2026-03-09,142.0251007080078,142.40186741109554,138.16809474681162,139.11994393598806,9180700
2026-03-10,142.00526428222656,143.7800755341061,141.55908403493797,142.1242416470049,8055000
2026-03-11,141.8267822265625,142.51093232853688,141.07323370535426,141.89619577516618,8392100
2026-03-12,139.35791015625,140.75595469127475,139.26867713385343,140.5675637799689,9415600
2026-03-13,138.33665466308594,140.67663874738486,138.1581734796089,140.05197729927096,8763500
2026-03-16,140.28994750976562,140.86503001224077,139.70494014023558,140.05197764100575,4340800
2026-03-17,140.81544494628906,141.519414525554,140.597309691747,141.06332454196232,2818300
2026-03-18,138.6341094970703,140.4783191908485,138.6142748929115,140.1015524880514,3503300
2026-03-19,138.3664093017578,139.00098053475253,136.7303947038539,137.07743222960153,5703700
2026-03-20,135.48126220703125,137.96588029182945,134.74580979456508,137.8167941077984,5287200
2026-03-23,137.74722290039062,139.24792665761953,137.02170355244505,137.74722290039062,6783800
2026-03-24,137.05152893066406,137.84660975912956,136.10737708150742,136.45522968299403,4429000
2026-03-25,138.313720703125,139.06903915780234,137.66772605312912,138.79076313950512,4334000
2026-03-26,135.6005096435547,137.78697037397,135.50111886107499,136.9918896088451,4334400
2026-03-27,133.79171752929688,135.27255545300184,133.4637461033123,135.03402664367502,5289200
2026-03-30,133.36436462402344,135.1035973078737,132.82767861780255,135.00420651712005,4883100
2026-03-31,137.4689483642578,137.62795238674437,134.5967154735613,134.90482083597038,8261900
2026-04-01,138.8305206298828,139.62560143910264,138.37334423598725,138.4826680368163,3990700
2026-04-02,138.51248168945312,139.0491676786271,136.137187448981,136.39559743077032,2973800
2026-04-06,139.20819091796875,139.4467045512835,138.57211412271482,138.99947632391286,2548900
2026-04-07,139.26780700683594,139.39699682515163,137.43911671205555,138.66155963427974,3542000
2026-04-08,143.6904296875,144.3960527056394,142.84565350335055,143.81963467599232,6111500
2026-04-09,144.0581512451172,144.45569923134025,142.68665239613657,142.96492840404017,3965000
2026-04-10,144.0879669189453,144.76379091996904,143.8295720989421,144.48551490922551,2317400
2026-04-13,145.49923706054688,145.55888063641495,143.28296185199304,143.54135668779685,4455900
2026-04-14,147.1788330078125,147.268275619152,146.03591475650472,146.03591475650472,3059500
2026-04-15,147.70558166503906,147.79503944784742,146.82105816989363,146.98007737832359,2622700
2026-04-16,147.87452697753906,148.18263236631543,147.43724692214866,148.0136649871873,2329000
2026-04-17,149.9119110107422,150.50822540864664,149.2062879769572,149.33547780340928,3111100
2026-04-20,149.5541229248047,149.65351371110884,148.8484999027216,149.32554231419093,3183300
2026-04-21,147.84471130371094,149.76284438005564,147.6061976694875,149.5938921675122,2473100
2026-04-22,149.1764678955078,149.20628209773776,148.73917270959612,148.93793911276384,1863900
2026-04-23,148.23231506347656,149.22616233890022,146.79123954709345,148.7888822762348,3382900
2026-04-24,149.4149932861328,149.49450288664556,148.3615176179238,148.7988128382911,4861300
2026-04-27,149.39512634277344,149.62370696477862,148.9975783426496,149.4249405471695,2892900
2026-04-28,148.54042053222656,148.91807218494182,147.97392030579476,148.68949155765284,1857100
2026-04-29,148.0236053466797,148.5900903685736,147.38754374118383,148.5900903685736,2203600
2026-04-30,150.2696990966797,150.44859948496577,148.48077103834552,148.91806624870557,4025100
2026-05-01,150.5082244873047,151.46230932022522,150.39890068718827,150.6672436810931,2817700
2026-05-04,149.63363647460938,150.7865029006183,149.08701746530298,150.3591407061041,2609800
2026-05-05,151.1840362548828,151.49212647077624,150.61755121773479,150.73680803294377,2451800
2026-05-06,154.10594177246094,154.21526556918914,152.9630235779515,153.1816711714079,2151100
2026-05-07,152.77420043945312,154.35441392692337,152.5058574358564,154.3146667094932,2744800
2026-05-08,154.22520446777344,154.31466224298674,153.74816204789116,153.98669084028484,2360700
2026-05-11,154.36436462402344,154.67245485007805,154.04632621976978,154.3742976373167,2164600
2026-05-12,153.4003143310547,153.55931835041443,152.03873341753877,153.29099053748632,2307800
2026-05-13,154.44384765625,154.61281502409955,153.0624006652022,153.46988165372468,1550500
2026-05-14,155.06004333496094,155.45757614629375,154.39416753528093,154.602866953514,2520100
2026-05-15,152.575439453125,153.35063912230237,152.2772822346169,153.24131531434628,3071500
2026-05-18,152.76426696777344,153.45995700750493,151.67102893040575,153.07235718787555,2650000
2026-05-19,151.69090270996094,152.5555449196022,151.09458832509506,151.7803453182194,2543900
2026-05-20,153.6785888671875,153.817726860876,151.78033718086968,151.9989847659379,2038400
2026-05-21,154.25503540039062,154.75195901590453,152.77419756679322,153.16179738029788,2375200
2026-05-22,154.61282348632812,155.32837955241519,154.36436167459198,154.74201331629519,2565600
2026-05-26,156.41168212890625,156.6601439367537,155.93462453910732,156.41168212890625,2407900
2026-05-27,156.1930389404297,156.62038598285403,155.76567673309967,156.53094336907765,4252100
2026-05-28,156.89865112304688,157.03778912313095,155.50727112220602,155.75573291984938,3263200
2026-05-29,157.14710998535156,157.55459096545243,156.82908677605883,157.16699117496498,5118100
2026-06-01,157.62417602539062,158.19066105815742,156.53093801141233,157.06760884060748,3407100
2026-06-02,158.36956787109375,158.42919628065678,157.4452820281493,157.67386265310955,2967600
2026-06-03,156.97816467285156,158.0217072822246,156.83902666926215,158.0217072822246,3336600
2026-06-04,157.5645294189453,157.7732440048327,156.4911877812256,156.60051158051803,2216100
2026-06-05,152.73443603515625,156.12345875139803,152.287207811686,156.12345875139803,3986400
2026-06-08,153.52952575683594,154.64264503843987,153.26119790614317,154.20534980262113,5059000
2026-06-09,153.3506317138672,155.5967210102939,150.26969921296825,154.78177416164203,5115600
2026-06-10,150.9852752685547,153.61897963003182,150.94552805035804,152.42635077545043,5763500
2026-06-11,154.65257263183594,154.92091563803018,151.3033122206442,151.9791210778378,4852900
2026-06-12,155.32838439941406,155.87500343527185,153.96681848138223,154.9407845676069,8980200
2026-06-15,157.74343872070312,158.22048116054015,157.5247911097558,157.7831859386455,4689200
2026-06-16,157.01792907714844,158.19066152752734,156.94835249200466,157.91238551676267,6737700
2026-06-17,155.44766235351562,157.8825852450222,155.16938631819525,157.48505238453782,3620600
2026-06-18,157.25601196289062,157.54526216341068,156.7173871485573,157.38566849844602,1976600
2026-06-22,157.15625,158.02401575434163,156.86699982178226,157.48540620122677,2718900
2026-06-23,153.93453979492188,155.2012897521523,153.81485215854048,154.02430552220792,3432200
2026-06-24,153.86471557617188,154.94194998868582,153.27623105683332,154.18390290714916,3436800
2026-06-25,154.4532012939453,156.28848262138914,153.60537334023107,155.4406546676749,3836700
2026-06-26,153.55551147460938,154.74246462282935,152.86727711339344,153.22635524882395,4824200
2026-06-29,155.43069458007812,155.51049141010057,153.4856944098098,154.7624132507905,2903400
2026-06-30,156.54782104492188,156.79718043340364,155.46061776386674,155.59028951617782,3835400
2026-07-01,155.71994018554688,156.58772117417797,155.30101825503368,155.7897681171434,3083300
2026-07-02,155.7698211669922,157.38566513609248,154.58286804117088,156.37825868444304,2264400
2026-07-06,157.40560913085938,157.63501549389628,156.65753100732786,156.8570154629986,2578500
2026-07-07,155.9393768310547,157.0365641811289,155.5503768105172,156.87697052662926,1929500
2026-07-08,155.41073608398438,155.52045481893265,153.86470489869077,154.75242367429468,1900400
2026-07-09,156.59768676757812,156.8370772455463,155.65012419094765,155.92940547206635,1660600
2026-07-10,157.22608947753906,157.32582410300964,155.88951156296542,156.80716752330775,1760500
2026-07-13,155.41073608398438,156.53784534120868,155.17136082205255,156.30843897529448,2388400
2026-07-14,156.3782501220703,156.857015860832,155.92940629075068,156.2386094807778,1744200
2026-07-15,156.88694763183594,157.10638511333295,155.8097284568189,156.84705682596802,1960600
2026-07-16,155.7299346923828,156.5478255961427,155.26113781083288,156.04910680468018,1890000
2026-07-17,154.3833770751953,155.0317053708985,153.4557674933718,153.84476751473144,2361300
2026-07-20,153.89463806152344,155.29105981023702,153.7849193185509,154.99182549124913,2124200
2026-07-21,155.73989868164062,155.89949234260524,154.70257032474908,155.151414178984,1458800
2026-07-22,155.62020874023438,156.08900560006688,155.38081825233405,155.46061508163416,1448600
2026-07-23,153.91458129882812,154.70256546277042,153.1665031587174,153.87469049468527,2084500
2026-07-24,153.80487060546875,154.89207390655554,153.48569849656974,154.0043550759918,2944200
2026-07-27,154.05422973632812,155.3409327254374,153.2861985454476,155.08158921647828,4989400
2026-07-28,153.95448303222656,154.42327987120652,152.8473268069296,153.4856861932466,2579800
2026-07-29,151.82994079589844,154.58286287715848,151.74017507165587,153.58542535529327,4036100
2026-07-30,155.05166625976562,155.17136911681888,153.3759784579137,153.5854318233005,2716700
2026-07-31,155.4606170654297,155.84961710092603,153.85474200203416,155.58030470106266,3216800
2026-08-03,157.2061309814453,157.3158497194188,155.78977150377162,155.99922486373706,2439300
2026-08-04,160.03884887695312,160.36800508869376,158.10381763079306,158.18361445967162,2839000
2026-08-05,159.7595672607422,161.58487976594236,159.70969234033345,160.92656734380023,2386000
2026-08-06,159.5102081298828,160.26825517434875,159.36059858810955,159.68975479969959,4295900
2026-08-07,160.8866729736328,160.96646980058054,160.1186418314885,160.59740757348627,2952700
2026-08-10,160.55752563476562,160.9365567787727,160.43783799757998,160.58744754406206,2425900
2026-08-11,160.4079132080078,161.12605423791624,160.12861669344068,161.03628851163882,1646000
2026-08-12,161.1160888671875,161.5848857409246,160.91660439786497,161.48513589641863,3041600
2026-08-13,161.973876953125,162.263127134921,161.40534548556437,161.50508010494397,2324400
2026-08-14,161.83424377441406,162.29307174772592,161.59485328142233,162.1434469822226,1925400
2026-08-17,161.41531372070312,162.14343883991623,161.35546990538268,161.85418865930453,3566300
2026-08-18,159.6498565673828,160.61737223724123,159.59001274775275,160.3979347521379,1975500
2026-08-19,160.2882080078125,160.95648932646958,160.12861435030635,160.59741120692516,2481500
2026-08-20,159.52017211914062,160.41787500123274,159.4004844894037,159.9191562510777,2072600
2026-08-21,160.3580322265625,160.75700114139917,160.0488290346108,160.48768875305572,1548400
2026-08-24,159.68975830078125,160.0887272340496,159.37057097841517,160.06877422147943,1824900
2026-08-25,160.5774688720703,160.63731268702003,159.90918757231765,160.46775013809966,2568700
2026-08-26,160.45777893066406,160.87670088870115,160.16852872857524,160.517622750428,1373000
2026-08-27,161.15599060058594,161.345490948597,160.50764706794416,160.74703755656884,2014900
2026-08-28,160.597412109375,161.78436521175254,160.34805272550372,161.35547437694464,1592800
2026-08-31,160.1385955810547,160.58743941747636,159.75956445622862,160.55751750969418,2024700
2026-09-01,158.90176391601562,159.73960775393746,158.50279500834472,159.19102931081204,1965200
2026-09-02,159.69972229003906,159.78948801431278,159.03144097652014,159.09128479270262,1621900
2026-09-03,161.34548950195312,161.5050831596053,160.20841132563692,160.48769261668377,1588400
2026-09-04,161.31556701660156,161.55495750222357,160.9465200018287,160.9465200018287,1529500
2026-09-08,160.5076446533203,161.3255507290502,160.39792591681237,161.28564470503525,1620100
2026-09-09,159.48028564453125,160.28820760656154,159.2907700791782,160.2383326862546,1676400
2026-09-10,158.12376403808594,158.80202944537783,158.00407640961194,158.6524046900971,1593200
2026-09-11,159.53016662597656,159.92913556421266,159.35061994998773,159.60996345756166,2083900
2026-09-14,158.32325744628906,158.99153877587815,157.67492912913684,158.22352282348285,2604100
2026-09-15,157.6250457763672,158.29332707020924,157.25599877431563,158.14371753415816,2692000
2026-09-16,157.00665283203125,158.61252794166808,156.07902797009712,158.26341870143372,1969700
2026-09-17,158.81201171875,159.09129302184013,158.53273041565987,158.9616212669449,1452800
2026-09-18,158.5500030517578,158.6300048828125,157.88999938964844,158.55999755859375,3030900
2026-09-21,160.88999938964844,161.1999969482422,159.77000427246094,159.97999572753906,2519400
